"","baseMean","log2FoldChange","lfcSE","stat","pvalue","padj","sgd","systematic","genename"
"S000029717",3167.77256776416,-1.66322565414399,0.53122783854019,-3.13090830991561,0.00174266560091515,0.00700053946989326,"S000029717","S000029717","ETS1-1"
"S000029707",3152.33400645373,-1.66322499806517,0.529672868597803,-3.14009853377652,0.00168891018375841,0.00681716838646117,"S000029707","S000029707","ETS1-2"
"S000178119",3025.55250290627,-3.20676941202398,0.334451812129001,-9.58813585613673,8.96907994041625e-22,1.25555725738989e-19,"S000178119","S000178119","IRT1"
"S000029715",136.064072812925,-2.54785318992358,0.549361397677761,-4.63784532494232,3.5206008742196e-06,3.31706976237448e-05,"S000029715","S000029715","ITS1-1"
"S000029709",136.064072812925,-2.54785318992358,0.549361397677761,-4.63784532494232,3.5206008742196e-06,3.31706976237448e-05,"S000029709","S000029709","ITS1-2"
"S000029716",46.674871461895,-2.43986671985642,0.774512540886042,-3.15019653144056,0.00163160664630139,0.00661200844785534,"S000029716","S000029716","ITS2-1"
"S000029712",46.674871461895,-2.43986671985642,0.774512540886042,-3.15019653144056,0.00163160664630139,0.00661200844785534,"S000029712","S000029712","ITS2-2"
"S000007261",39.5887650716159,2.30236202119319,0.611052311778548,3.76786402213563,0.000164650342500056,0.000911443588440472,"S000007261","S000007261","AI1"
"S000007262",23.7633256472654,1.66841675714653,0.674807146574482,2.47243492546856,0.0134196142845878,0.0386550880632031,"S000007262","S000007262","AI2"
"S000007273",73.645069656284,-2.91364429324175,0.639503203637389,-4.55610585946939,5.21106812181287e-06,4.67772714450313e-05,"S000007273","S000007273","BI4"
"S000144910",245.510051773083,-1.06605139407626,0.202590484185176,-5.26210003576399,1.42419237030703e-07,2.08138870642111e-06,"S000144910","S000144910","RME3"
"S000007497",41.5313712389374,1.75154417706441,0.627567215359184,2.79100649969729,0.00525444171220795,0.0178643519011865,"S000007497","S000007497","SNR30"
"S000002136",2758.65528425381,1.34736970051793,0.200382701198414,6.72398212250764,1.76824137141312e-11,6.51378193855868e-10,"S000002136","S000002136",NA
"S000000004",22322.3563124837,1.33359042945607,0.185344300635906,7.19520602943061,6.23665190415087e-13,2.9812864771247e-11,"S000000004","S000000004","SSA1"
"S000000005",190.761599810697,1.27838299611188,0.33040130176904,3.86918268562244,0.000109200799642177,0.000641251860840443,"S000000005","S000000005","ERP2"
"S000000006",1089.42625253936,-1.18264580264704,0.151084327620828,-7.82771993144843,4.96797091702782e-15,3.19852289716571e-13,"S000000006","S000000006","FUN14"
"S000000010",721.050383307748,2.61000333481761,0.339767433306851,7.68173485438334,1.56948423440809e-14,9.42547821949361e-13,"S000000010","S000000010","CYS3"
"S000000016",31.6286602827745,-4.90841611819652,0.879023477766684,-5.58394200194427,2.35127145204458e-08,4.06861051623162e-07,"S000000016","S000000016","LDS1"
"S000000021",941.021914504677,1.53063634142792,0.259983733883455,5.88743118103715,3.92244414834556e-09,8.43060063342903e-08,"S000000021","S000000021","PMT2"
"S000028730",43.1514822294376,1.30937776303549,0.395410402332619,3.31143984910656,0.0009281719175649,0.00407944686892839,"S000028730","S000028730",NA
"S000000027",456.224366269496,1.35093177051507,0.321094712772371,4.207268811283,2.58475612700142e-05,0.000185368385967041,"S000000027","S000000027","MYO4"
"S000000032",49.8920799486859,1.80057860394032,0.408516134853614,4.40760706938916,1.04518936757845e-05,8.45916853386116e-05,"S000000032","S000000032","MTW1"
"S000000034",379.884279258632,1.24761018980942,0.454595694110681,2.74443908284284,0.0060614403160713,0.020218475247983,"S000000034","S000000034","RBG1"
"S000000038",381.988597851087,2.29845204785983,0.383421927242811,5.99457643016926,2.04016497241723e-09,4.72610663707609e-08,"S000000038","S000000038","CLN3"
"S000000044",106.210696821778,1.08521343841927,0.349804346894671,3.10234406191082,0.00191994669845321,0.00759739705453814,"S000000044","S000000044","BOL3"
"S000000050",15410.2467153861,-3.18389675101437,0.688887745525363,-4.62179327719968,3.8043701887658e-06,3.55630236154542e-05,"S000000050","S000000050","ACS1"
"S000000056",2480.23599896234,-1.13913657752843,0.325162124791131,-3.50328802365946,0.000459552260626913,0.00223566387377143,"S000000056","S000000056","BDH1"
"S000000057",7774.6496138456,-1.07784931901113,0.345426381090966,-3.12034453074182,0.00180639624607215,0.00721196132544952,"S000000057","S000000057","BDH2"
"S000000058",9307.39733513693,-2.13502885913048,0.309256355907524,-6.90375094431016,5.06470642071012e-12,2.08616279167751e-10,"S000000058","S000000058","GDH3"
"S000000070",744.464359868919,1.73689212341185,0.256090071259506,6.78234854974832,1.18237787443364e-11,4.5674937727784e-10,"S000000070","S000000070","ADE1"
"S000000071",67.1075730299033,3.16029524735607,0.315341209069692,10.0218276471999,1.22221596552419e-23,2.10471479460691e-21,"S000000071","S000000071","KIN3"
"S000000076",240.786997665136,1.33672789585821,0.398288023833293,3.35618400722415,0.000790259708205031,0.00355753764074788,"S000000076","S000000076",NA
"S000000080",7746.94113847539,-1.82847678901132,0.468312505671473,-3.90439453755271,9.4461572676928e-05,0.000566096125061355,"S000000080","S000000080","YAT1"
"S000000081",1264.92406783202,-1.20452275159786,0.36466464383947,-3.30309716597617,0.00095623248057282,0.00419503709172109,"S000000081","S000000081","SWH1"
"S000002144",17.9648413380698,-2.68557710017591,0.606756789115812,-4.42611792459616,9.59440874347992e-06,7.87667341588503e-05,"S000002144","S000002144",NA
"S000000098",448.690794026491,1.78849346816661,0.456703203408139,3.91609573749432,8.99945222738834e-05,0.000542281495303801,"S000000098","S000000098","HTB2"
"S000000099",362.75963214449,1.09813645397608,0.445703915989148,2.46382500709915,0.0137463206248845,0.0394292917301774,"S000000099","S000000099","HTA2"
"S000000105",148.847437304234,2.59918134907328,0.35168597116577,7.39063130797485,1.46133306310611e-13,7.59521217126385e-12,"S000000105","S000000105","ALK2"
"S000000106",68.0390750993184,1.17790224197877,0.480355845680922,2.4521451181864,0.0142007378463767,0.0404647420331462,"S000000106","S000000106",NA
"S000000119",259.947975891905,1.01071579518727,0.361347328108231,2.79707560168964,0.00515674652191227,0.0175929598969347,"S000000119","S000000119","MCM2"
"S000000125",879.13511879584,-1.13941019839714,0.244848867428761,-4.65352447966151,3.26308843617232e-06,3.10514800387557e-05,"S000000125","S000000125",NA
"S000000126",3313.03729385913,1.551288714518,0.211798627249483,7.32435679429924,2.40047244602333e-13,1.20809692503562e-11,"S000000126","S000000126","PET9"
"S000000127",64.3732977956819,2.82403654060061,0.567103031318772,4.97975920536598,6.3663433795112e-07,7.59550466805957e-06,"S000000127","S000000127","SHE1"
"S000000135",354.347930117764,2.72975797897208,0.481798276129006,5.66576950192565,1.46366173490365e-08,2.68550926533734e-07,"S000000135","S000000135","URA7"
"S000000144",53.4183971118887,-1.0629869072951,0.370441177718692,-2.86951605607495,0.00411100460123858,0.0145478060820755,"S000000144","S000000144","RRT1"
"S000000145",1257.76394894312,-1.72474559330649,0.21993019880806,-7.84224086848452,4.42576376307528e-15,2.88846764683265e-13,"S000000145","S000000145","MOH1"
"S000000151",308.784184327271,1.34627644914135,0.258955334622834,5.19887513073321,2.00498153161825e-07,2.78766546998245e-06,"S000000151","S000000151",NA
"S000000163",1366.39911412102,-1.54642742643744,0.324126352367466,-4.77106355327826,1.83255702820896e-06,1.90973256170589e-05,"S000000163","S000000163","UBP13"
"S000000165",462.992508403384,2.07063808743399,0.31648442890573,6.5426223166599,6.04493573935899e-11,1.96811541053891e-09,"S000000165","S000000165","AST1"
"S000000171",30395.2312477929,-2.50613527605817,0.240928068017655,-10.4020062779673,2.42767101587006e-25,4.62649357731076e-23,"S000000171","S000000171","SSA3"
"S000000172",2416.53775730308,1.39332672880433,0.356971157523924,3.90319133475357,9.49325959103738e-05,0.000568680466616502,"S000000172","S000000172","ILS1"
"S000000173",287.825021310851,1.50245038068345,0.365360966439375,4.1122356209137,3.91846078367256e-05,0.000264556258767274,"S000000173","S000000173",NA
"S000000177",108.524120181963,3.38314667921114,0.401858996452163,8.41874067540969,3.80552716971853e-17,3.27665059257753e-15,"S000000177","S000000177",NA
"S000000178",163.68020569211,1.06710183957137,0.33444468019721,3.19066770307766,0.00141944434722552,0.00587550479435109,"S000000178","S000000178","ALG3"
"S000000179",24.8701013539245,2.10240418101262,0.701530792549798,2.99688082595944,0.00272757319121741,0.0103053670690115,"S000000179","S000000179",NA
"S000000180",846.298157060979,-1.12291816403004,0.195467981850835,-5.74476777934382,9.2047221591166e-09,1.78754203560127e-07,"S000000180","S000000180","CDC27"
"S000000181",455.366229940646,1.47238486161634,0.266912371577108,5.51636049283308,3.4609198065109e-08,5.82649314422382e-07,"S000000181","S000000181","BOI1"
"S000000182",868.936518246352,-1.26016357033526,0.215344379790152,-5.85185260726686,4.86127353135995e-09,1.02179680270188e-07,"S000000182","S000000182",NA
"S000000188",3093.87535293521,1.10132552160903,0.420714792235804,2.61774851261172,0.00885120112692573,0.0275544769485141,"S000000188","S000000188","RPL32"
"S000000193",68.5122937749176,1.34442562776866,0.474817650934304,2.83145671843333,0.00463365042664707,0.0160804237269841,"S000000193","S000000193","BRN1"
"S000000202",464.783867875497,-1.18295478377822,0.200250712064629,-5.90736867590477,3.476152324911e-09,7.60775156132322e-08,"S000000202","S000000202","SRO77"
"S000000208",535.4409221813,1.55903216884502,0.542518019852676,2.87369656268447,0.00405698536323136,0.0143851381286693,"S000000208","S000000208","GPI18"
"S000000216",13.114076139075,2.72110264730503,0.841900036624477,3.23209707676822,0.00122885301397345,0.00521496322111716,"S000000216","S000000216",NA
"S000000218",325.130479187778,1.04596689532288,0.263985027586017,3.96222052776104,7.42559036257646e-05,0.000459653369650521,"S000000218","S000000218","GRX7"
"S000000222",70.1154024963135,-3.5005173225318,0.423511306126168,-8.26546368868122,1.39152795456124e-16,1.09884580411844e-14,"S000000222","S000000222","GAL7"
"S000000223",262.491368469554,-1.54658296305509,0.285453200425127,-5.41799132310221,6.02723404795977e-08,9.73415324830384e-07,"S000000223","S000000223","GAL10"
"S000000224",219.586672916342,-1.94367178548182,0.36547046771184,-5.31827317717591,1.04756706806344e-07,1.58610975676173e-06,"S000000224","S000000224","GAL1"
"S000000230",3683.91374121375,-1.49964381953862,0.415624811730037,-3.60816721527369,0.000308367727263603,0.00159172983957337,"S000000230","S000000230","ETR1"
"S000000233",424.84506435772,2.47889020517537,0.278590364018246,8.8979753980759,5.68746211769362e-19,6.11209744723271e-17,"S000000233","S000000233","CDS1"
"S000000234",167.369180835342,1.70451178452016,0.472222065851326,3.6095555624815,0.000306722072050973,0.00158380728895396,"S000000234","S000000234","RKM3"
"S000000235",6509.29279494483,1.68731345477663,0.370237217879875,4.55738476115086,5.17944911918174e-06,4.65889655509532e-05,"S000000235","S000000235","RPL4A"
"S000000242",276.412079865418,1.11670164919911,0.240574283981123,4.64181636839762,3.45359726776657e-06,3.2625423495167e-05,"S000000242","S000000242","CHS2"
"S000000244",18.4224897188328,-2.36251890456101,0.526500844449039,-4.48720819628179,7.21625488381693e-06,6.14671817964215e-05,"S000000244","S000000244","FIG1"
"S000000247",1037.35398481005,-1.03868345094576,0.288034806299226,-3.60610394379463,0.000310828672041038,0.00160269632376715,"S000000247","S000000247","QDR3"
"S000000249",613.6444976106,-1.25667869291734,0.496861833514183,-2.5292316860588,0.0114312539965832,0.0340318503172596,"S000000249","S000000249","GIP1"
"S000000252",1305.7480962646,1.74077755504359,0.427403870878767,4.07291012939226,4.64293432153061e-05,0.000306598481393082,"S000000252","S000000252","RPS11B"
"S000000254",917.386200249053,-1.74047178076353,0.219900078946431,-7.91483017697107,2.47590812541051e-15,1.68515023030916e-13,"S000000254","S000000254","REG2"
"S000000255",72.9902188218211,-1.55463335536815,0.266564764355824,-5.8321037258058,5.47328754981070e-09,1.13048697903821e-07,"S000000255","S000000255",NA
"S000028736",19.0323943075171,7.18465811575317,1.35407977931965,5.30593412993959,1.12097435101289e-07,1.67419920574998e-06,"S000028736","S000028736",NA
"S000000270",161.018338358451,2.89831579755178,0.446027682422315,6.4980625906702,8.13609564420072e-11,2.58937140539312e-09,"S000000270","S000000270","NRG2"
"S000000271",6300.84460960389,-4.76662352394532,1.13732523073755,-4.19108219454008,2.77627052808313e-05,0.000196247451324887,"S000000271","S000000271","TIP1"
"S000000277",826.646151191248,1.05537091102253,0.214412244004126,4.92215785495078,8.55951261595337e-07,9.76385585154202e-06,"S000000277","S000000277","RDH54"
"S000000282",2938.11788530029,3.09987486762984,0.376056773092385,8.24310340733658,1.6780043240398e-16,1.31058556303283e-14,"S000000282","S000000282","ECM33"
"S000000286",835.614678115741,1.53309073623699,0.517778359008772,2.96090153163588,0.00306739991257865,0.0113640090592241,"S000000286","S000000286","UBC4"
"S000000288",450.445828304473,2.62509679433436,0.447160861668044,5.87058711834028,4.34254514878264e-09,9.25007418950078e-08,"S000000288","S000000288","MIS1"
"S000000292",501.85720144241,1.19580118270964,0.299444807203958,3.99339428816729,6.51341244221967e-05,0.000410839382332947,"S000000292","S000000292","POL30"
"S000000293",371.322132900237,1.19157573964143,0.298312423150931,3.99438859118032,6.48614108308442e-05,0.000409661575344788,"S000000293","S000000293",NA
"S000000296",240.497793857219,2.41144688352468,0.367436327267273,6.5628973091999,5.27721923314759e-11,1.72602504575237e-09,"S000000296","S000000296","PHO3"
"S000000297",2663.0428211795,5.0652999694058,0.267515849814513,18.9345789152976,5.91870008054535e-80,1.40993300418725e-76,"S000000297","S000000297","PHO5"
"S000000300",250.22477744808,1.88495097260367,0.237847557040804,7.9250381885583,2.2807622889205e-15,1.567256509401e-13,"S000000300","S000000300",NA
"S000000310",1075.03978283571,1.13067250870944,0.465710597661244,2.42784363161923,0.0151888903681294,0.042827936482871,"S000000310","S000000310","PHO88"
"S000000325",1656.96656771809,1.49547187147799,0.472571380664298,3.1645417658932,0.00155327367132635,0.00634131407719724,"S000000325","S000000325","GRS1"
"S000000332",365.18441093343,-1.13608517433906,0.2833851397256,-4.00897935381907,6.09817473352121e-05,0.000388073069751641,"S000000332","S000000332","ATG14"
"S000000334",225.426304455624,1.54180861429265,0.38134038473104,4.04312964487117,5.2742437944397e-05,0.00034188102745545,"S000000334","S000000334","SHE3"
"S000000342",118.174247017727,1.2606490654097,0.269195452390826,4.68302511878785,2.82671858170068e-06,2.75407557520435e-05,"S000000342","S000000342",NA
"S000000344",2471.97729984625,-1.37594619998001,0.194566869809696,-7.07184219659701,1.52890230727991e-12,6.82893771185994e-11,"S000000344","S000000344","IRA1"
"S000000351",1124.55432160733,-1.12859798242095,0.179725510470152,-6.27956476222324,3.39522148018568e-10,9.6862077078431e-09,"S000000351","S000000351","RTC2"
"S000000357",130.059304410173,1.14312243878085,0.32550260791978,3.51186875609479,0.000444967680758412,0.00217656504485968,"S000000357","S000000357","RIB7"
"S000000361",1162.5055278145,-2.6127001464721,0.384907926625695,-6.78785747380264,1.13810998757678e-11,4.4084027242371e-10,"S000000361","S000000361","ICS2"
"S000000362",566.575458409986,1.27155389163894,0.264646464199815,4.80472654521802,1.54963151059979e-06,1.65166914101438e-05,"S000000362","S000000362","AMN1"
"S000000364",274.221324792687,1.29050481625271,0.302860551132075,4.26105285560924,2.03466101566618e-05,0.000151940490579502,"S000000364","S000000364","CDC28"
"S000000366",1861.84962739883,3.79234593968802,0.246838055190017,15.3637004503566,2.8673052376288e-53,3.15249182780219e-50,"S000000366","S000000366","TOS1"
"S000002158",22.9700205824171,2.43521440630138,0.577815610227371,4.21451820130495,2.50311966343914e-05,0.000180328071318224,"S000002158","S000002158","YSY6"
"S000000368",194.769544065105,1.01138565118149,0.333152675005343,3.03580228243783,0.00239896619648641,0.00923967228412293,"S000000368","S000000368","ARL1"
"S000000372",242.476733999593,-1.22679627684593,0.230719519594951,-5.31726261826343,1.05339977560861e-07,1.59325322674855e-06,"S000000372","S000000372","PEX32"
"S000000379",85.2408706911502,1.3832832590096,0.459311801426457,3.01164319034177,0.00259837821752199,0.00987992015510557,"S000000379","S000000379","SWD3"
"S000000381",1067.78282339522,3.4971817433893,0.275729285589475,12.6833888388488,7.31016029270267e-37,3.37045551818062e-34,"S000000381","S000000381","EHT1"
"S000000386",264.067263375857,2.49758172615677,0.269496076632959,9.26759957829873,1.90382119063171e-20,2.38695756821921e-18,"S000000386","S000000386","SMP1"
"S000000393",3063.63881883585,1.31218592458155,0.485591111685289,2.70224452838004,0.00688730894060584,0.022413548881621,"S000000393","S000000393","RPS9B"
"S000000401",337.979656790074,-1.5612037239882,0.218921778801752,-7.13133125691423,9.94027658370962e-13,4.66582841224933e-11,"S000000401","S000000401",NA
"S000087085",20.7553352014251,-2.57734167630166,0.615890340469281,-4.18474119002716,2.85491181538511e-05,0.000200517221510071,"S000087085","S000087085",NA
"S000000416",6374.81063982964,-1.90450868784841,0.364057398224908,-5.23134180800754,1.68284011201248e-07,2.41008413683231e-06,"S000000416","S000000416","NGR1"
"S000000417",123.649388667984,1.01468220378634,0.302494257474528,3.3543850129842,0.000795416042870283,0.00357624457399967,"S000000417","S000000417","MET8"
"S000000421",168.250954785124,-1.02083732550755,0.202899588287759,-5.0312439474237,4.87307615741789e-07,5.96326006147037e-06,"S000000421","S000000421","ATG12"
"S000000430",87.2904399404965,-1.17056289497664,0.278561968425458,-4.20216335199355,2.64376241296825e-05,0.00018884205981287,"S000000430","S000000430",NA
"S000000437",102.020869085571,1.19983259912637,0.403718850917953,2.97195089205833,0.00295914011044421,0.0110315570158005,"S000000437","S000000437","PBP2"
"S000000445",2473.30781460771,-1.45906022142232,0.281065627927951,-5.19117272424483,2.08973651510153e-07,2.88585545993683e-06,"S000000445","S000000445",NA
"S000000452",622.72558347679,1.90837414392147,0.45557679763062,4.18891864960333,2.80286846421589e-05,0.00019763887004952,"S000000452","S000000452","HIS7"
"S000000453",2272.04917931468,1.39598390135728,0.417842993114669,3.34092930684656,0.000834984804477808,0.00372718232679616,"S000000453","S000000453","ARO4"
"S000000456",121.507216710241,1.55780829828175,0.350326016749291,4.44673881984788,8.71837315423211e-06,7.25330078541557e-05,"S000000456","S000000456","DUT1"
"S000000458",84.6427591702266,1.36154357488236,0.389756968048657,3.49331426118952,0.000477064726380138,0.00231455741145666,"S000000458","S000000458","TRS20"
"S000007649",405.735840152233,-1.30891461480877,0.273509444775402,-4.78562857631336,1.70453023140134e-06,1.79799635405309e-05,"S000007649","S000007649","RCF3"
"S000000461",282.972784922197,-1.03002238373199,0.180036645679175,-5.7211818174367,1.05785616990308e-08,2.03325346095677e-07,"S000000461","S000000461","POP4"
"S000000465",159.953036044581,1.69478137092623,0.316871895194042,5.34847487780005,8.86984849388338e-08,1.36465817570587e-06,"S000000465","S000000465","TAE1"
"S000000484",2230.20487274858,-1.75408266634767,0.355109786488539,-4.93955033932664,7.83029278573837e-07,9.07691604108341e-06,"S000000484","S000000484","SAF1"
"S000000500",3812.18127887185,1.82540473165138,0.718962146342557,2.5389441446082,0.0111187572987098,0.0332608618816365,"S000000500","S000000500","PHO89"
"S000000502",1090.14124203975,-1.19934370360901,0.233012693284365,-5.14711746688128,2.64519694871518e-07,3.553364660525e-06,"S000000502","S000000502","MAL31"
"S000000503",37.6932831183668,1.95058818264185,0.39219552583485,4.97350952306177,6.57515422792971e-07,7.81202654861174e-06,"S000000503","S000000503","MAL32"
"S000029705",574.880005812332,-1.32997946025314,0.175659079593753,-7.57136757934169,3.69315411197279e-14,2.08641311155838e-12,"S000029705","S000029705",NA
"S000000530",2425.27720924924,1.91447941684595,0.436014998537984,4.39085678993947,1.12904887053802e-05,9.06091830802918e-05,"S000000530","S000000530","AGP1"
"S000007548",74.545205573672,4.99203197690584,0.470824630502832,10.6027417715476,2.89370066381529e-26,6.36302516737106e-24,"S000007548","S000007548","HBN1"
"S000000535",3419.54622221486,2.66452432587739,0.305347583466918,8.72620079590728,2.63370889140579e-18,2.68882865606164e-16,"S000000535","S000000535","HIS4"
"S000000541",183.353274415634,1.4510551927977,0.551975351634671,2.62884056054389,0.00856765199471676,0.0268488160404487,"S000000541","S000000541","GFD2"
"S000000542",16.301429590998,2.65424472470645,0.791711088308555,3.3525420622529,0.000800730731744026,0.00359470988514112,"S000000542","S000000542","SRO9"
"S000000552",134.921068998819,1.61792653707365,0.333138634159393,4.8566163487947,1.19408630592214e-06,1.3066809442796e-05,"S000000552","S000000552","POF1"
"S000087203",147.485850783005,-2.2753745426254,0.338711540134378,-6.71773551536712,1.84570304727596e-11,6.76426503967059e-10,"S000087203","S000087203",NA
"S000000568",77.940404113112,1.52446647343566,0.363719694531658,4.19132231868455,2.77333335743492e-05,0.000196181590509301,"S000000568","S000000568","VAC17"
"S000000595",391.92470565886,2.12127059514191,0.279301520626566,7.59491244581551,3.08000613185727e-14,1.76797299769623e-12,"S000000595","S000000595","CDC10"
"S000000596",64.4955657736338,1.62070888433834,0.479671169009322,3.37879153271945,0.000728051932323352,0.0033108642280298,"S000000596","S000000596","MRPL32"
"S000000599",69.0250298243717,-1.27715755323881,0.365568166716654,-3.49362354143028,0.000476512449628289,0.00231266296860344,"S000000599","S000000599",NA
"S000000600",321.891973591263,-1.09483069274586,0.322767105434302,-3.39201447208414,0.000693807755077741,0.00317941463396158,"S000000600","S000000600",NA
"S000000603",19026.9626491417,-7.34837651955475,0.856028752884962,-8.58426366496391,9.14200806958343e-18,8.94977543414767e-16,"S000000603","S000000603","ADY2"
"S000000609",106.116455481478,2.15363890834174,0.621201088529868,3.46689493645049,0.000526507641000387,0.00252106322037472,"S000000609","S000000609",NA
"S000000627",2675.15524299968,1.41904434083399,0.367189053269656,3.86461504829197,0.000111264537242029,0.000650697230278361,"S000000627","S000000627","RPS14A"
"S000000630",375.572201104742,2.37174390271432,0.389786016491972,6.08473316734072,1.16685475904991e-09,2.86561083695882e-08,"S000000630","S000000630","ELO2"
"S000000637",35.2406215700307,2.26851909333197,0.644924214378337,3.51749716130393,0.0004356370100732,0.00213971126631486,"S000000637","S000000637",NA
"S000000639",49.3739013532462,1.86188617295904,0.505542107535733,3.68294973891456,0.000230550629071084,0.00123371776162973,"S000000639","S000000639",NA
"S000000649",2202.27282821978,1.11439702497816,0.279368676693659,3.98898343997295,6.63570533718665e-05,0.000416714131741691,"S000000649","S000000649","THR4"
"S000000653",376.773291883772,1.329836142913,0.529426254019994,2.51184396847607,0.012010217800085,0.0354161425658377,"S000000653","S000000653","PWP2"
"S000000656",238.057008322793,-1.02009512833722,0.230318945093188,-4.42905436165699,9.46471662475111e-06,7.79446458631582e-05,"S000000656","S000000656","TAH1"
"S000000661",300.559945393807,1.19065362909407,0.406609845097076,2.92824594251969,0.00340880287361794,0.0124259167234433,"S000000661","S000000661","HCM1"
"S000000663",466.61722134852,1.38112278406704,0.28931469979415,4.77377328234521,1.80805916874826e-06,1.88907819436541e-05,"S000000663","S000000663","SED4"
"S000000668",120.023531524869,2.14195076097364,0.657980167884257,3.25534243358901,0.00113255720786244,0.0048588122225726,"S000000668","S000000668","RSA4"
"S000000672",1042.37696288095,-1.28003750928773,0.18899884038832,-6.77272678846995,1.26377475109256e-11,4.86876887260538e-10,"S000000672","S000000672","FUB1"
"S000007223",120.394073086649,2.45937432390198,0.494616422187904,4.97228602524578,6.61679848448034e-07,7.84845649283631e-06,"S000007223","S000007223",NA
"S000000683",158.490659011399,2.40319644434373,0.422364968923878,5.68985740097412,1.27145505254822e-08,2.38489594042935e-07,"S000000683","S000000683",NA
"S000000684",947.322538735041,1.56746663052438,0.199380716599718,7.86167618040651,3.7902684403782e-15,2.49651183494588e-13,"S000000684","S000000684","ABP1"
"S000000695",558.461679940919,3.87295592391962,0.36906236745519,10.4940418353271,9.20064194152085e-26,1.77709155770483e-23,"S000000695","S000000695","GIT1"
"S000000697",99.7092777617138,-1.08764971100319,0.289889659651591,-3.75194379927315,0.000175468804550813,0.00096497715407648,"S000000697","S000000697",NA
"S000000698",35.940831722736,-1.25286386125997,0.46292600181881,-2.70640200882546,0.00680166525222349,0.022195479783112,"S000000698","S000000698",NA
"S000000699",29.7281654079916,-1.37700815059664,0.541143190838066,-2.54462806501191,0.010939418959965,0.0328481334442813,"S000000699","S000000699",NA
"S000002161",388.249179450888,3.1512159641743,0.378863889484921,8.31754107908909,8.98069733592525e-17,7.41971716892368e-15,"S000002161","S000002161","MCD1"
"S000002172",751.015709051367,2.97503644735437,0.53009282288767,5.61229339259475,1.99662533041157e-08,3.50586804024232e-07,"S000002172","S000002172","NOP1"
"S000002182",341.762418113939,-2.51027826450122,0.254522593966916,-9.86269323039946,6.04069439404127e-23,9.81132329250363e-21,"S000002182","S000002182","DIA3"
"S000002206",5399.83921144317,1.63182807826563,0.36160439952753,4.51274398319756,6.39942519038153e-06,5.5569249238228e-05,"S000002206","S000002206","STP4"
"S000002207",391.72121155553,-1.90075943763597,0.309313779832077,-6.14508489944375,7.99207556107469e-10,2.07692247262619e-08,"S000002207","S000002207","KNH1"
"S000002210",252.091293478222,1.71572408412659,0.442919746892956,3.87366807680679,0.000107209407181046,0.000632051807447978,"S000002210","S000002210","SLC1"
"S000002213",5518.42374805716,1.85939457232233,0.297106270934063,6.25834845719222,3.89075712757244e-10,1.08191812498819e-08,"S000002213","S000002213","PSA1"
"S000002217",81.9445385054875,1.84426759988264,0.344147198789656,5.35894990971542,8.37070572128467e-08,1.30187700624942e-06,"S000002217","S000002217","RAD59"
"S000002228",3486.87259435522,-1.4346930469512,0.323778885336894,-4.43108896819628,9.37583926908563e-06,7.74170252299485e-05,"S000002228","S000002228","BDF2"
"S000002233",2039.23314603545,1.11968733833533,0.429332597099047,2.60797187518706,0.00910804375104524,0.028226641225865,"S000002233","S000002233","RPL31A"
"S000002236",4164.71835941768,-1.61858937262732,0.362809541053339,-4.46126462917183,8.14774022010471e-06,6.83826488349716e-05,"S000002236","S000002236","MDH3"
"S000002239",1135.01124338247,1.25330257287042,0.324179049286612,3.86608133878002,0.00011059806542113,0.000647279498778145,"S000002239","S000002239","RPP1A"
"S000002240",1179.85722152711,1.28216959745062,0.490390247542257,2.61459032653404,0.00893345356043606,0.0277759085793588,"S000002240","S000002240","RPL13A"
"S000002241",2043.89882771891,1.14300148374578,0.420801625818459,2.71624778426805,0.00660264816100352,0.0216996206404284,"S000002241","S000002241","RPS16B"
"S000002243",4959.52931427166,-2.54796736990109,0.223938792724386,-11.3779633215984,5.38424765590766e-30,1.47994330280554e-27,"S000002243","S000002243","NDE2"
"S000002248",254.848786325808,-1.25227980300334,0.198559775078448,-6.30681517698428,2.84835621968866e-10,8.20168428575576e-09,"S000002248","S000002248","RAM1"
"S000002249",906.445407327663,-1.18365616483528,0.173790737937296,-6.81081269855903,9.70489185758586e-12,3.81651158110943e-10,"S000002249","S000002249","UBX3"
"S000002272",24.8757783518612,-2.31171660517036,0.641152727909982,-3.60556308121163,0.000311476815237222,0.00160545911294108,"S000002272","S000002272",NA
"S000002275",287.395977728546,1.1497707214902,0.298966655267434,3.84581591703496,0.000120151945715319,0.000695557618513186,"S000002275","S000002275","CYK3"
"S000002277",90.9212432676457,1.10143076872961,0.449717829834535,2.44915966337127,0.0143189959219263,0.040693749027683,"S000002277","S000002277","HEM25"
"S000002287",417.455536079883,-1.06128170434311,0.182580060445763,-5.81269226087463,6.14760138528324e-09,1.25167616239107e-07,"S000002287","S000002287",NA
"S000002288",1224.26266032917,1.24830841878792,0.422724753082811,2.95300525858579,0.00314696602156069,0.0116166284468406,"S000002288","S000002288","RPP1B"
"S000002304",1225.89224947079,1.13857469775908,0.319533705393452,3.56323817657081,0.000366308037231924,0.00184830970286841,"S000002304","S000002304","COP1"
"S000002305",130.529084728466,1.20593971139286,0.499877320168427,2.4124713459425,0.0158447828467853,0.0443622881937517,"S000002305","S000002305","LDB17"
"S000002308",1200.76263773781,-1.10307031242163,0.166667077367989,-6.61840556540228,3.63093739964923e-11,1.25052983742618e-09,"S000002308","S000002308","ATG9"
"S000002326",219.356100841857,1.16952416243144,0.487277457600242,2.40011957087271,0.0163897171504983,0.0456199079322438,"S000002326","S000002326","NRP1"
"S000002328",1052.21890667994,-1.50382763322624,0.200722058165059,-7.49208954398824,6.77856481033306e-14,3.66992525886706e-12,"S000002328","S000002328","UGX2"
"S000002341",3428.98234329442,-1.23759526495767,0.406289679119473,-3.04609082770657,0.00231837789527451,0.00896309852776807,"S000002341","S000002341","LYS20"
"S000002345",26.2579342933456,-1.96197405116561,0.470451807189842,-4.17040389936028,3.04060257671995e-05,0.000211275316621577,"S000002345","S000002345",NA
"S000002348",290.807860654279,1.04336466709466,0.435282061983249,2.39698521538159,0.0165305906961529,0.0459047470021593,"S000002348","S000002348","RBS1"
"S000002351",1133.29922784856,1.40502068599897,0.33498012380128,4.19434045833855,2.73666685815969e-05,0.000193996706552523,"S000002351","S000002351","ARF1"
"S000002357",344.427228972399,1.63388101197217,0.344417697129054,4.74389389857615,2.09648686474305e-06,2.13426543858778e-05,"S000002357","S000002357","GGC1"
"S000002358",1005.58137317275,-1.71033831802774,0.253342363870477,-6.75109481058669,1.46733669363604e-11,5.56303537457294e-10,"S000002358","S000002358",NA
"S000002359",462.499157364373,-1.50814232519652,0.231010695779719,-6.52845237362783,6.6452735170481e-11,2.13920933286416e-09,"S000002359","S000002359","MGT1"
"S000002363",11267.3595146049,-1.88791168221172,0.176909389095313,-10.6716307815328,1.38179642918786e-26,3.13492323212414e-24,"S000002363","S000002363","RTN2"
"S000002373",2591.9010245544,-2.49222279033082,0.511398065670033,-4.87335200821597,1.09720467484576e-06,1.21543829110058e-05,"S000002373","S000002373","PRR2"
"S000002377",4555.37452826442,-3.30858694198496,0.485799904017015,-6.81059612121511,9.71951455624315e-12,3.81651158110943e-10,"S000002377","S000002377",NA
"S000002378",76.0178760628201,2.37176612052239,0.40111035043097,5.91300154178038,3.35929033325247e-09,7.40933400674723e-08,"S000002378","S000002378","DTD1"
"S000002382",14323.7048481349,-1.34349460124953,0.31066557211519,-4.32456867396747,1.52830590395407e-05,0.000117757823639976,"S000002382","S000002382","HBT1"
"S000002385",413.683909694606,1.13049161963452,0.294889400902973,3.8336122497888,0.000126275138068289,0.000725422246145522,"S000002385","S000002385","GCS1"
"S000002386",686.350329983198,3.42753543395224,0.362773348839771,9.44814563945851,3.44886246187986e-21,4.60697113716344e-19,"S000002386","S000002386","HO"
"S000002387",1836.51751621288,2.51536312743627,0.721166607803534,3.48790848081186,0.000486814679668692,0.00235387084455501,"S000002387","S000002387",NA
"S000002388",4413.94587829594,2.42063941302208,0.744255561539136,3.25243039906366,0.00114422615118029,0.00489946805836425,"S000002388","S000002388","SSB1"
"S000002395",490.696050273758,2.09947897077963,0.218260529555309,9.61914174338889,6.63827201994937e-22,9.58392141223599e-20,"S000002395","S000002395","PHO13"
"S000002399",159.267587065228,1.15508175945448,0.438236391883221,2.63575043252518,0.00839514512811689,0.0264124607783787,"S000002399","S000002399","LRG1"
"S000002409",1141.24942867613,1.44915688043813,0.30048468193075,4.8227312990687,1.41605673735417e-06,1.52522222660159e-05,"S000002409","S000002409","YRB1"
"S000113613",25.8399205119531,-1.44010116861871,0.57150679389541,-2.51983210698675,0.0117410822018699,0.0347299850809866,"S000113613","S000113613","HED1"
"S000002425",693.607345302147,-1.89040789830401,0.361477589948587,-5.22966831380302,1.69814434653928e-07,2.42473298152707e-06,"S000002425","S000002425",NA
"S000002429",425.613376466013,-1.35299362313373,0.195461009844291,-6.92206401783946,4.45109997402046e-12,1.84940616071728e-10,"S000002429","S000002429","ATG31"
"S000002440",2448.09063418616,3.09665547335645,0.473433594139381,6.54084440075618,6.11724515453485e-11,1.98713147713106e-09,"S000002440","S000002440","MRH1"
"S000002442",2463.87755773816,1.13288706309346,0.221453769129689,5.11568201139993,3.12609331885239e-07,4.08047961701893e-06,"S000002442","S000002442","ARO3"
"S000002443",514.663723349624,1.26414048176706,0.180742017048356,6.99417048902831,2.6683292220084e-12,1.14874787861946e-10,"S000002443","S000002443","EHD3"
"S000002444",2096.10703230614,2.07219151736848,0.355145151482242,5.83477349675178,5.38636878380604e-09,1.11703279612343e-07,"S000002444","S000002444","KRS1"
"S000002450",661.760730660504,1.4214991687274,0.211838439942006,6.71029851388896,1.94226663695118e-11,7.08184108212838e-10,"S000002450","S000002450","NRG1"
"S000002451",166.174844826926,1.79701100186207,0.288808127220387,6.2221621640543,4.90349821238114e-10,1.34780192210699e-08,"S000002451","S000002451","HEM13"
"S000002462",7461.22389008362,1.90308771774095,0.713261037362122,2.66815039382946,0.00762701089178744,0.0244368676701004,"S000002462","S000002462","PST1"
"S000002471",2824.98286267995,1.36384798220442,0.466195468541398,2.92548528296841,0.00343919442912973,0.0125239250893124,"S000002471","S000002471","RPS13"
"S000002477",915.192152318752,-1.5719725381993,0.236395303188506,-6.64976214415639,2.935670470446e-11,1.03759443615336e-09,"S000002477","S000002477","FMP16"
"S000002479",655.662889643866,1.20920415383871,0.198337695986694,6.09669356005745,1.08284814189936e-09,2.69167799863783e-08,"S000002479","S000002479","IPT1"
"S000002485",201.231201792222,-1.14237553811468,0.258249185094102,-4.42353975947075,9.70967528103568e-06,7.94847587582148e-05,"S000002485","S000002485","SHU2"
"S000002494",136.914053433424,1.19238513972694,0.39146920010296,3.04592325376641,0.00231967036370062,0.00896567022941401,"S000002494","S000002494","RRP1"
"S000002500",420.548247864098,1.22589164934754,0.271413990991021,4.5166855432596,6.28150787575442e-06,5.48451997972865e-05,"S000002500","S000002500","DNF2"
"S000002501",21.1698946926394,1.75409309891306,0.597706682145853,2.93470551912789,0.00333864374533743,0.0122231647162162,"S000002501","S000002501",NA
"S000007391",145.889531925435,1.0278557119161,0.419118155537964,2.45242468820466,0.0141897079348262,0.0404413749775614,"S000007391","S000007391",NA
"S000002508",336.482413866325,1.66718013980567,0.589677802934199,2.82727301504294,0.00469462842361324,0.0162628027287213,"S000002508","S000002508","ARX1"
"S000002518",2686.76897381753,-3.94871295627507,0.508993919844488,-7.75787843886527,8.63618684571581e-15,5.4139043239393e-13,"S000002518","S000002518","ALT2"
"S000002519",27.7322879910576,-2.44609346320575,0.632259447993519,-3.86881282829137,0.00010936655443156,0.000641961463035027,"S000002519","S000002519","IRC2"
"S000113555",102.067464281521,-1.65850373518932,0.432852893350041,-3.83156439674786,0.000127331036118955,0.000730314004513731,"S000113555","S000113555","COX26"
"S000002530",361.046680448485,1.28025916918316,0.355485360221679,3.6014399253595,0.000316459554176408,0.001628361184605,"S000002530","S000002530","INO2"
"S000002534",3943.76073368025,1.02138727673034,0.364653257358408,2.80098218271623,0.00509473318481448,0.017433330478945,"S000002534","S000002534","ARO1"
"S000002540",480.393866103122,2.20077902233497,0.289507907710656,7.60179243371308,2.92056913566181e-14,1.69002812372527e-12,"S000002540","S000002540",NA
"S000002551",184.3243117468,1.38937666951662,0.317787721984327,4.37202753096026,1.2309799807928e-05,9.76038143785728e-05,"S000002551","S000002551","MKC7"
"S000002553",225.574655055447,1.75493853212751,0.264518562950153,6.63446267269423,3.25686752744386e-11,1.13815177432164e-09,"S000002553","S000002553","SWI5"
"S000002556",252.491465486912,-1.03681192500574,0.386116151862331,-2.68523323876751,0.00724792072550553,0.0233900498825131,"S000002556","S000002556",NA
"S000002557",3401.33526450553,-1.26706573739252,0.228416349287362,-5.54717620409244,2.90320128280197e-08,4.96951568084893e-07,"S000002557","S000002557","NUM1"
"S000002563",168.956736568785,1.02321518043239,0.248143523674832,4.12348130339767,3.73188764785518e-05,0.000253878487152756,"S000002563","S000002563","RPA14"
"S000002565",3337.83058026636,2.56050586997162,0.292123547354347,8.76514712066575,1.86532908589289e-18,1.93196729164254e-16,"S000002565","S000002565","HOM2"
"S000002580",431.078764753245,-1.26387098786897,0.324528877447312,-3.89447927657582,9.84099042513731e-05,0.000586805490807207,"S000002580","S000002580","ARG82"
"S000002612",1315.04059594537,-1.19877484289764,0.264164192536806,-4.53799143398518,5.67925667514584e-06,5.03246222305391e-05,"S000002612","S000002612","COQ4"
"S000002617",232.059960985502,1.8341212149254,0.24292878308237,7.55003664717449,4.35135784586706e-14,2.41999835373455e-12,"S000002617","S000002617",NA
"S000007410",271.588645293688,1.12542649774576,0.330067138714705,3.40968962293011,0.00065036848475133,0.00301222189000349,"S000007410","S000007410",NA
"S000007392",65.8856724079345,-3.85861758977541,0.932518540965374,-4.13784543713291,3.50582398738817e-05,0.000239984397757371,"S000007392","S000007392",NA
"S000002621",321.548503879908,1.0432617057732,0.432792930263608,2.41053315066344,0.0159292236221065,0.0445550671684479,"S000002621","S000002621","UPC2"
"S000002622",1956.28262269698,1.10509719723819,0.180164073919834,6.13383774686352,8.57840117603625e-10,2.20920879295651e-08,"S000002622","S000002622","AHA1"
"S000002626",109.541656503389,-1.80921631347801,0.263995199630036,-6.85321671005176,7.22075698416032e-12,2.92369063950718e-10,"S000002626","S000002626","SPR28"
"S000002631",648.317994743345,-1.7999790186985,0.219343353099473,-8.20621638752005,2.28267858241619e-16,1.75410349346638e-14,"S000002631","S000002631","CRF1"
"S000002634",1791.84071614078,1.30421210098461,0.335066494295167,3.89239784696498,9.92582979663598e-05,0.000591370926566561,"S000002634","S000002634","ADK1"
"S000002661",167.45742840588,2.0761156885549,0.298831343899097,6.9474495595613,3.71948983758883e-12,1.55902252928613e-10,"S000002661","S000002661","MET32"
"S000002664",10276.2169941291,-4.70350411980143,0.822409871459895,-5.71917274223865,1.07043927671873e-08,2.05366289693165e-07,"S000002664","S000002664","CTA1"
"S000002665",187.521070357459,1.45067118761508,0.456473107359407,3.17799923856825,0.00148295140298915,0.00609250485855818,"S000002665","S000002665","RKM4"
"S000002669",304.074846468864,2.12215007374892,0.267129931159939,7.9442616727151,1.95350824528896e-15,1.36202406584952e-13,"S000002669","S000002669","EXG2"
"S000002670",4823.65011269454,-1.32722022216316,0.269036727285146,-4.93323062451791,8.08805609860144e-07,9.31527685876796e-06,"S000002670","S000002670",NA
"S000002671",491.679906136154,-1.84143365795187,0.287044618556228,-6.41514781644013,1.40686288657765e-10,4.24225553541232e-09,"S000002671","S000002671","DIN7"
"S000002689",15.4125077884353,2.36902438276815,1.00112559274172,2.36636082420015,0.0179639270144882,0.0490464964313429,"S000002689","S000002689","PHM6"
"S000002701",8779.38598619235,-1.26760940444468,0.178824925916449,-7.08854986489377,1.3552454977669e-12,6.14937266653405e-11,"S000002701","S000002701","SSD1"
"S000002708",318.999100171918,1.42516939696068,0.433354935690026,3.28868850816572,0.00100655354211556,0.00438389588701599,"S000002708","S000002708","PRO1"
"S000002717",310.210823110395,3.86543711853327,0.304316600578413,12.7020251645367,5.76191102918494e-37,2.74516647800468e-34,"S000002717","S000002717","GIC2"
"S000002737",2957.7035583357,-1.17219575884842,0.206128341360098,-5.68672774987616,1.29496650179645e-08,2.41631282117189e-07,"S000002737","S000002737","PEX3"
"S000002751",15093.1445807672,3.806955342562,0.404824657979234,9.40396111631442,5.25467208623691e-21,6.9541692711652e-19,"S000002751","S000002751","HXT6"
"S000002756",450.118172222009,1.63892324793996,0.306072597916935,5.35468793709113,8.57042004698238e-08,1.32860101661084e-06,"S000002756","S000002756","PAL1"
"S000002761",1246.71793339734,2.459457098377,0.188434755498286,13.0520353948153,6.18720150940692e-39,3.15834539906975e-36,"S000002761","S000002761","TRR1"
"S000002762",458.279498144547,1.30899136086101,0.348362009316449,3.75756060033495,0.000171577823208788,0.000946127248118523,"S000002762","S000002762","TRP4"
"S000002782",135.018291130925,-3.04367436446769,0.325781486618533,-9.34268670715355,9.39200342766358e-21,1.22036277265087e-18,"S000002782","S000002782","PHO92"
"S000002788",3633.71680850807,-1.67400245831289,0.293623854076029,-5.7011800474475,1.18980884359728e-08,2.25034187625068e-07,"S000002788","S000002788","ARO10"
"S000002790",1558.24869866455,1.98777607468032,0.475423894186601,4.1810605209088,2.90152615459466e-05,0.000203391433681321,"S000002790","S000002790","RPP2B"
"S000002792",1130.29963792683,-4.02946070650859,0.417537027467242,-9.65054699687616,4.88942215192822e-22,7.51446352876452e-20,"S000002792","S000002792","ATO3"
"S000002803",783.401931290695,1.34387432025348,0.318324006482915,4.22171841546487,2.4244686807237e-05,0.000176171483749791,"S000002803","S000002803","SXM1"
"S000002806",397.613295538805,1.43145543372469,0.521661960235664,2.7440287826968,0.00606902163897277,0.0202343191709442,"S000002806","S000002806","UTP5"
"S000002807",507.479870750617,1.1794807154111,0.348555106353135,3.38391460607703,0.000714602248874768,0.00325591646259709,"S000002807","S000002807","HPT1"
"S000002825",1305.26979906426,1.54921820203059,0.417512594478809,3.71059034509969,0.000206776484150794,0.00111991522848325,"S000002825","S000002825",NA
"S000002826",1912.72241623012,1.45992965058595,0.399557507002517,3.6538661519298,0.000258320967192635,0.0013614238879367,"S000002826","S000002826","RPL12B"
"S000002840",3036.44130777071,1.38348184855166,0.282109463021505,4.90406040880025,9.38755984847354e-07,1.05900862600026e-05,"S000002840","S000002840","NPL3"
"S000002841",69.7344931240032,1.89595041390141,0.606786559614572,3.12457549340861,0.00178061823777047,0.00713095446132063,"S000002841","S000002841",NA
"S000002855",1244.40705418084,1.31278441306441,0.412642431641751,3.18140916299211,0.00146560475885627,0.00603337811587924,"S000002855","S000002855","RPS17B"
"S000002856",133.878304265615,1.08848402045298,0.409970261445298,2.65503165184633,0.0079300967302948,0.0251542105117851,"S000002856","S000002856","ADA2"
"S000002865",2418.16982153936,-1.02447750788477,0.219856034589997,-4.65976524044601,3.16570226793345e-06,3.02860659408118e-05,"S000002865","S000002865","TOM1"
"S000002873",252.535488665447,1.14280991289191,0.413200899477033,2.76574885083335,0.00567922550007367,0.0190771257514813,"S000002873","S000002873","RMT2"
"S000002895",534.190876340526,1.02472306258819,0.205861778203257,4.97772375004182,6.43363896192241e-07,7.65661962387652e-06,"S000002895","S000002895","RIB3"
"S000002899",29.1409844840225,-1.09377350135737,0.408580311970605,-2.67700980520095,0.00742824610559228,0.0238856966450462,"S000002899","S000002899",NA
"S000002905",3966.78110059259,3.31436346675877,0.154759858227266,21.4161702183236,9.4441917795731e-102,6.74929165527191e-98,"S000002905","S000002905","ITR1"
"S000002908",1001.82116855466,1.53828956880039,0.452969941317155,3.39600805370733,0.000683763476581279,0.00313539665408284,"S000002908","S000002908","RPL37B"
"S000002910",1225.89091493531,4.81401315774988,0.262061792403636,18.3697635339958,2.29409096253432e-75,4.68420601821472e-72,"S000002910","S000002910","SAM2"
"S000002916",659.071361725856,-1.04172051131765,0.314392682068845,-3.3134375280705,0.000921566920191547,0.00405540516942666,"S000002916","S000002916","GNP1"
"S000002926",504.219143309762,-2.05632367694721,0.429667747490833,-4.78584601463734,1.70268567561687e-06,1.79737713157991e-05,"S000002926","S000002926","EUG1"
"S000002931",66.3578474657586,-1.64902839923367,0.331059822050833,-4.98105867700391,6.32373601509486e-07,7.55097400699673e-06,"S000002931","S000002931","SPS1"
"S000028739",161.172992358079,3.50728341679785,0.527293854624571,6.65147789233197,2.90164443776217e-11,1.02911176051947e-09,"S000028739","S000028739",NA
"S000002934",79.0753214017555,1.52399446079088,0.387326423227764,3.93465141905568,8.33175289423473e-05,0.000508718621484361,"S000002934","S000002934",NA
"S000002935",487.383630921931,1.02392247086691,0.303335913682215,3.37553987075728,0.000736710165326261,0.00334279314063754,"S000002935","S000002935","RBA50"
"S000002942",106.075288772912,1.07875023630202,0.354274725625009,3.04495398140214,0.00232715914770106,0.00899218321116283,"S000002942","S000002942","FIT1"
"S000002943",14.2581718778754,2.40587951897305,0.789508313816385,3.04731372281988,0.00230896586999635,0.00893396025442822,"S000002943","S000002943",NA
"S000002944",1146.2819541501,2.7130997026977,0.249230594823386,10.8859014866145,1.34560600640673e-27,3.25978756772397e-25,"S000002944","S000002944","STL1"
"S000002946",239.448057981881,-1.05290428422142,0.206409972911388,-5.10103397316678,3.37802913873103e-07,4.36153301534621e-06,"S000002946","S000002946","PAD1"
"S000002947",356.814492647598,1.08356061959685,0.155038044757608,6.98899822486109,2.76855924374543e-12,1.18831883696257e-10,"S000002947","S000002947","FDC1"
"S000000731",452.568811872831,-1.04257609741983,0.177921940910774,-5.85973878254099,4.63595831135463e-09,9.80203434085677e-08,"S000000731","S000000731","VAB2"
"S000007256",52.9205185218973,1.1218599465822,0.403707315496782,2.7788942719596,0.00545442751870546,0.0184085318830832,"S000007256","S000007256","TIM9"
"S000000752",233.342650974959,3.15299385982592,0.422682611100696,7.45948325533265,8.68624668727427e-14,4.64990726221764e-12,"S000000752","S000000752","SNU13"
"S000028619",29.8925291521292,-1.67787610308778,0.456101627744785,-3.67873298629543,0.000234395507425831,0.00124961394540746,"S000028619","S000028619",NA
"S000000756",974.709394191534,-1.5388487774191,0.190571153917102,-8.07493025984667,6.75152225109644e-16,4.94869269409853e-14,"S000000756","S000000756","ECM10"
"S000000761",23.1537088541482,-2.17096332982186,0.834764872750164,-2.60068841022208,0.00930369146562299,0.0287519269444647,"S000000761","S000000761","UTR5"
"S000000765",133.457787641789,-1.23014849335325,0.298853518804794,-4.11622556185046,3.85127414319618e-05,0.000261095077162519,"S000000765","S000000765","CYC7"
"S000000766",573.003178642172,1.73260657342002,0.320803894882244,5.40082773638392,6.63341019738753e-08,1.06052944017069e-06,"S000000766","S000000766","UTR2"
"S000028744",840.689854808664,1.04475389456368,0.407233233014377,2.56549271981149,0.0103029383430754,0.0312587343955797,"S000028744","S000028744",NA
"S000000780",1404.2364157862,1.15777755022244,0.442184624848625,2.61831254449155,0.00883658277712615,0.0275269923857891,"S000000780","S000000780","RPL12A"
"S000000783",280.190221587833,-3.59041957075676,0.525959614277118,-6.82641684512499,8.70617207090178e-12,3.44609857413262e-10,"S000000783","S000000783","SDD1"
"S000002954",11.1641622289831,1.65055676854463,0.66839026322319,2.46945064786719,0.0135320683017078,0.0389196776814684,"S000002954","S000002954","SOM1"
"S000000789",680.859932243671,1.06835946419301,0.184092760856733,5.80337575046985,6.49929187409538e-09,1.31578440164937e-07,"S000000789","S000000789","CAN1"
"S000000791",479.889937112289,-2.25835840843215,0.353877050253939,-6.38176001187862,1.75064166745577e-10,5.20206265134e-09,"S000000791","S000000791","SIT1"
"S000000792",271.749829926457,1.05419819600969,0.18551354088219,5.68259433244905,1.3266669441942e-08,2.46901700955309e-07,"S000000792","S000000792","HPA3"
"S000000793",47.0083494868842,-1.95619576040187,0.581336392198019,-3.36499793691832,0.00076544231381191,0.00345888934281177,"S000000793","S000000793",NA
"S000000796",219.808930175468,-1.29620679898945,0.225277412962669,-5.75382494828383,8.72465006123576e-09,1.70357135690222e-07,"S000000796","S000000796","DSF1"
"S000000798",58.2553720820287,2.09743953158286,0.413371044899646,5.07398754088364,3.89564574329724e-07,4.92747474415465e-06,"S000000798","S000000798","RMD6"
"S000000799",55.3126868338665,1.28297447885182,0.42749925152967,3.00111514642681,0.00268992826073605,0.0101712022832541,"S000000799","S000000799",NA
"S000000803",624.555889426182,2.095132267818,0.36096194940301,5.80430228527719,6.46345783281430e-09,1.31038585538177e-07,"S000000803","S000000803","MNN1"
"S000000805",857.11465158995,1.30292957901776,0.192403999140236,6.77184250244251,1.27152520774298e-11,4.88545962211569e-10,"S000000805","S000000805","PMI40"
"S000000813",45.2643267632511,-2.12976666075597,0.360515362875312,-5.90756145249923,3.47208827702896e-09,7.60775156132322e-08,"S000000813","S000000813","TIR1"
"S000000818",254.03684239669,1.20622498679394,0.391552953610994,3.08061777001002,0.00206571643489737,0.00811000789909235,"S000000818","S000000818","BIM1"
"S000000826",13370.4904619359,-2.80419055193898,0.285256634465874,-9.83041308465852,8.32764816415688e-23,1.32252305789216e-20,"S000000826","S000000826","YAT2"
"S000000828",974.268720891062,1.69914488248705,0.160716954010785,10.5722815178107,4.00627667372653e-26,8.54652425336915e-24,"S000000828","S000000828","CHO1"
"S000000830",168.355989120459,-1.40507676593761,0.359546198370921,-3.90791718089057,9.309520463383e-05,0.000559785342798204,"S000000830","S000000830","MIG3"
"S000000832",633.549713664999,-1.19310238247618,0.363211156928907,-3.28487261394813,0.00102028489401396,0.00443789774502176,"S000000832","S000000832","CHZ1"
"S000000834",175.858152543887,1.87765739631393,0.275998996177317,6.80313125163551,1.02369301225915e-11,3.98682403929702e-10,"S000000834","S000000834","FIR1"
"S000000836",104.752009938025,1.35454502089977,0.414360992572896,3.26899743262264,0.00107929280840468,0.00465349384932973,"S000000836","S000000836",NA
"S000000839",2468.38740109014,1.33235160565684,0.369582872061945,3.60501448084836,0.00031213552348718,0.00160827434650406,"S000000839","S000000839","PHM8"
"S000028746",116.233725245416,-1.30583802051447,0.379016418633869,-3.44533364866157,0.000570354907915362,0.0026957945432653,"S000028746","S000028746","FMP49"
"S000000841",462.876546955492,-1.42098591402617,0.231486129409608,-6.13853589262695,8.32854964757164e-10,2.15262134019424e-08,"S000000841","S000000841","HVG1"
"S000000845",1531.23876475417,4.95207425641276,0.423975864522713,11.6800852850139,1.6113377861493e-31,5.35601185521672e-29,"S000000845","S000000845","SAH1"
"S000000851",530.960534954994,1.16810406703909,0.445158242187438,2.62401985707196,0.0086898718704307,0.0271425565218676,"S000000851","S000000851","TPA1"
"S000000854",2062.68837455191,3.15769619634037,0.80532060823329,3.92104233277689,8.81667709280475e-05,0.000532615239591963,"S000000854","S000000854","HOM3"
"S000000856",1435.46816218146,-2.05959609963046,0.365009457261913,-5.64258283903201,1.67517890545217e-08,3.01173988624251e-07,"S000000856","S000000856","GIP2"
"S000002135",1156.34138833153,1.17891977717103,0.412267766650643,2.85959726308181,0.00424179320079829,0.0149477194820044,"S000002135","S000002135","RPL34A"
"S000000864",774.741195022498,2.69906982307582,0.393863455533706,6.85280592843639,7.24152999234233e-12,2.92381887515675e-10,"S000000864","S000000864","GPP2"
"S000002959",63.6402220074098,1.41901940452549,0.440541322920963,3.22108127137047,0.00127707927731543,0.00538763108343255,"S000002959","S000002959",NA
"S000028748",785.382388157407,1.76089097212839,0.343579809428561,5.12512936967132,2.97333515890148e-07,3.90605509431791e-06,"S000028748","S000028748",NA
"S000000869",2163.47802073222,1.86675018574857,0.312222153601471,5.9789164997284,2.24626654008679e-09,5.17836897700976e-08,"S000000869","S000000869","RGI1"
"S000000872",1656.12060340183,3.95963251721685,0.37554479764971,10.5437022214064,5.43175695597794e-26,1.07827919683045e-23,"S000000872","S000000872","RNR1"
"S000000874",687.953118893456,2.25261950268852,0.248539388738731,9.06343060598943,1.26410838079841e-19,1.48097549891407e-17,"S000000874","S000000874","VTC1"
"S000000875",2775.41564925083,4.8606444772161,0.422414102805078,11.5068233871421,1.21885767936971e-30,3.70662400238962e-28,"S000000875","S000000875","ALD5"
"S000000876",1773.04826958521,1.25148214991163,0.446491582895479,2.80292439511584,0.00506415393641689,0.0173453036695918,"S000000876","S000000876","RPS24A"
"S000000888",1410.85318406911,1.17090601080977,0.23922409726116,4.89459893135891,9.85064133682607e-07,1.10601112825809e-05,"S000000888","S000000888","ILV1"
"S000000890",3426.61622618525,1.0914633108226,0.261622951041877,4.17189434824429,3.02077704748107e-05,0.000210614469949497,"S000000890","S000000890","DOT6"
"S000000892",1332.5765591099,1.726893980094,0.323369647017308,5.34030944469433,9.27880628225849e-08,1.42145742971405e-06,"S000000892","S000000892","TRP2"
"S000000893",3498.70658381295,2.50675724784878,0.244115046078301,10.2687535574711,9.7455627272921e-25,1.80900426053488e-22,"S000000893","S000000893","MET6"
"S000000898",746.293438274086,-2.0931517985309,0.165506399654046,-12.6469538513687,1.16297044010764e-36,5.19448015639329e-34,"S000000898","S000000898","SHC1"
"S000000903",995.81038302615,-1.13678048269536,0.279479869120025,-4.06748609935538,4.75230424586426e-05,0.000312728750396583,"S000000903","S000000903","AST2"
"S000000904",2256.89920964445,1.65724063402827,0.445588761396175,3.7192155135053,0.000199842488604757,0.00108647724976333,"S000000904","S000000904","RPS8B"
"S000000908",26.2700898369031,-2.04071304741575,0.561137050013026,-3.63674622334843,0.000276103711817103,0.00144027385146053,"S000000908","S000000908","MAM1"
"S000000918",703.707637842701,-1.10831712979616,0.147431441268247,-7.51750861459474,5.58298812184766e-14,3.04715313642056e-12,"S000000918","S000000918","SLX8"
"S000000919",1791.84961442562,1.47451165806141,0.363080719997872,4.06111252084674,4.88394241619758e-05,0.000319479125650856,"S000000919","S000000919","RPL23B"
"S000000926",1277.75912145752,2.31454351103121,0.257061651235371,9.00384596421956,2.17945853950564e-19,2.47230165913921e-17,"S000000926","S000000926","DSE1"
"S000000929",179.102660609888,1.45205658929313,0.584086138969683,2.48603158406486,0.0129176500483596,0.0374811149291927,"S000000929","S000000929","LCP5"
"S000000932",1651.4357481503,2.98809128865633,0.379502073312631,7.87371532011305,3.44261797022382e-15,2.27802493742634e-13,"S000000932","S000000932","COM2"
"S000028756",59.3587456929926,1.55182228033011,0.324473173142252,4.78259039199453,1.73050526729188e-06,1.81868469010315e-05,"S000028756","S000028756",NA
"S000000936",128.711413365485,1.05704014531402,0.224533183538673,4.70772350284678,2.50498560627394e-06,2.47434410991524e-05,"S000000936","S000000936",NA
"S000028760",76.8988673124862,1.03146482011158,0.324907095738045,3.17464540984724,0.00150019703729113,0.00615451097990877,"S000028760","S000028760",NA
"S000000951",183.244100638746,1.15569424948027,0.252329153118313,4.58010592592282,4.64740495765813e-06,4.24172152361479e-05,"S000000951","S000000951","PEA2"
"S000000956",415.994650401593,1.31604309800061,0.219385342870064,5.99877403286721,1.98812787841436e-09,4.62053849856527e-08,"S000000956","S000000956","OXA1"
"S000000958",295.24825071143,1.53202641227149,0.425629750912402,3.59943450613441,0.000318909938765737,0.0016372772107682,"S000000958","S000000958",NA
"S000000959",406.674860855768,1.05147321080299,0.330117307446142,3.18515020898907,0.0014467889065303,0.00596967489637344,"S000000959","S000000959","COG3"
"S000000960",1131.27736626305,1.75657249483934,0.18254730373184,9.62256061267126,6.42123965975068e-22,9.46172973781613e-20,"S000000960","S000000960",NA
"S000000961",371.490324691619,1.20860363875133,0.252745628442106,4.78189730204642,1.73648392478875e-06,1.82362709309373e-05,"S000000961","S000000961","BUR6"
"S000000965",333.503040651356,1.89163657514369,0.229836134207572,8.2303706580589,1.86635028955304e-16,1.44193214532874e-14,"S000000965","S000000965","GCG1"
"S000000970",298.595935608396,1.12977460896993,0.308578110867995,3.66122731710298,0.000251009923450697,0.00132975716674604,"S000000970","S000000970","CCA1"
"S000000989",24.6568516360713,-1.93910151832583,0.5137556104678,-3.77436562991533,0.000160415343067111,0.000892146497454558,"S000000989","S000000989",NA
"S000000990",94.7216600993207,-1.27305042816702,0.337114238657856,-3.77631758668924,0.000159164026508533,0.000885876725423078,"S000000990","S000000990",NA
"S000001895",151.932435391343,1.66033000701487,0.520599695736809,3.18926426698155,0.00142635418921469,0.0058989816048743,"S000001895","S000001895","DEG1"
"S000001891",235.533667819638,-1.06240668265598,0.253546878872526,-4.19017850813348,2.78735084663383e-05,0.000196738793337962,"S000001891","S000001891","MSH4"
"S000001887",3731.71932644472,-1.49364030250932,0.189404716371144,-7.8859720661997,3.1209642426404e-15,2.08448326729249e-13,"S000001887","S000001887","BLM10"
"S000001884",596.138309615517,1.27635375700041,0.196429747878969,6.49776202831985,8.15236222225499e-11,2.58937140539312e-09,"S000001884","S000001884","WWM1"
"S000001955",115.313496577173,1.47821296481654,0.310592483612379,4.7593327038183,1.94234040724049e-06,2.00157688829764e-05,"S000001955","S000001955","AUA1"
"S000001883",156.418155849992,-1.87735470863533,0.210539160844426,-8.91689081074362,4.79562111260695e-19,5.192713072916e-17,"S000001883","S000001883","HXT10"
"S000001877",133.019641276073,1.22834796871418,0.258308790097441,4.75534714962975,1.98105700167274e-06,2.03560371854123e-05,"S000001877","S000001877","GNA1"
"S000028766",279.362234605516,1.50931990169052,0.245928502261067,6.13723048696604,8.3972511452461e-10,2.16646048048741e-08,"S000028766","S000028766",NA
"S000001873",964.836947731253,1.30898386586436,0.222383378156507,5.88615874403674,3.95274674020953e-09,8.47147271714848e-08,"S000001873","S000001873","GAT1"
"S000001872",958.014411438368,1.62313190905461,0.410153144264744,3.95738014385894,7.57762876396863e-05,0.000468051201051874,"S000001872","S000001872","FRS2"
"S000001870",998.716616217819,-1.23350393521645,0.280588363714571,-4.39613360613643,1.10196121138507e-05,8.86842995176055e-05,"S000001870","S000001870","EPL1"
"S000001866",436.778236886263,1.34948318153519,0.279645707565712,4.82568888069947,1.39520165356694e-06,1.50502771580621e-05,"S000001866","S000001866","CAF16"
"S000001863",1193.75015523925,1.83556673649918,0.219221169739564,8.37312718785255,5.61089898496836e-17,4.745359715512e-15,"S000001863","S000001863","HAC1"
"S000001859",152.616377417881,1.10402649625974,0.346191569057909,3.18906234274893,0.00142735091449967,0.00589968959541461,"S000001859","S000001859","MOB2"
"S000001857",900.19841867328,1.98161564961029,0.201380910964067,9.84013648624263,7.56081953782247e-23,1.21423363656288e-20,"S000001857","S000001857","TUB2"
"S000001849",1504.21467162092,1.04524196063876,0.226464864871597,4.61547075406775,3.92205271932831e-06,3.65436111586438e-05,"S000001849","S000001849","SEC53"
"S000001832",37.0939011726505,1.09382705892335,0.381114242991567,2.87007656900284,0.00410372412984837,0.0145256386795252,"S000001832","S000001832","COS4"
"S000001919",130.58478327188,-1.17880014874193,0.436517857866052,-2.70046259849386,0.00692431220756138,0.0225016309968354,"S000001919","S000001919","PES4"
"S000001921",329.468382491509,1.09258192664861,0.313121337597853,3.48932441024454,0.00048424307865926,0.00234274753701874,"S000001921","S000001921","HIS2"
"S000001923",90.9605169621093,1.10047385882852,0.36360789658795,3.02654004259871,0.0024737005437246,0.00948152369843273,"S000001923","S000001923","ECO1"
"S000001924",236.670949404123,1.56299951925251,0.321435151339421,4.86256563023516,1.15873940533411e-06,1.27416386551307e-05,"S000001924","S000001924","CDC14"
"S000001926",1187.04719589174,2.08577766250601,0.209355585050386,9.96284700025568,2.21623538919674e-23,3.68333167648709e-21,"S000001926","S000001926","MET10"
"S000001927",390.966719242551,1.07728712439375,0.257737835655206,4.17977873390275,2.91792869642363e-05,0.000204340788133185,"S000001927","S000001927","SMC2"
"S000002104",3102.89905567627,1.12706456125416,0.396723514053383,2.84093208829185,0.00449818902841388,0.0157117829382013,"S000002104","S000002104","RPL2A"
"S000006437",21.4646744695104,1.77639411249868,0.553165095554058,3.21132719106113,0.0013212340856437,0.00553145834390902,"S000006437","S000006437","RPL29"
"S000001929",1472.82042805323,1.01285957142073,0.262349592185434,3.86072477941883,0.000113051185792822,0.000660065603977456,"S000001929","S000001929","QCR6"
"S000001947",794.044312131885,1.29325529164696,0.250598914243842,5.16065800025204,2.46083372645673e-07,3.33706797459639e-06,"S000001947","S000001947","RET2"
"S000001952",63.3234213682734,2.73066965268257,0.373238810789678,7.31614605379641,2.55193905915119e-13,1.27534492910657e-11,"S000001952","S000001952","IRC7"
"S000002969",258.063318535926,2.70785241790889,0.420463902380395,6.44015432140257,1.19352087002438e-10,3.65288946365277e-09,"S000002969","S000002969","ERG26"
"S000002973",1237.53640052611,-1.35209998088967,0.189605894731583,-7.13110730446321,9.95646586256241e-13,4.66582841224933e-11,"S000002973","S000002973","COG7"
"S000002976",19844.155515898,4.83224492430599,0.278476772726599,17.3524164223569,1.8911900854781e-67,3.37884748646731e-64,"S000002976","S000002976","PMA1"
"S000002977",4927.72834873973,3.17567645345526,0.253981264078781,12.5035855104265,7.13586949921715e-36,2.99979361036208e-33,"S000002977","S000002977","LEU1"
"S000002978",403.760406270424,-1.60724363241682,0.324383411996569,-4.9547651728684,7.24176942716556e-07,8.4911083201376e-06,"S000002978","S000002978","MPO1"
"S000002980",816.557951319857,3.10346511197687,0.338326460124701,9.17298963501994,4.60078706166823e-20,5.52597054390117e-18,"S000002980","S000002980","ERG4"
"S000002994",2297.75532813509,1.36775011488696,0.222332480659142,6.15182321014023,7.65972350180215e-10,2.00147034755499e-08,"S000002994","S000002994","TRP5"
"S000002996",697.948091932674,1.81798450784471,0.255098761382443,7.12659088579106,1.02885312299592e-12,4.79003181986343e-11,"S000002996","S000002996","SCW11"
"S000002998",1653.32342557447,1.33885927609881,0.434746970202729,3.07962876768176,0.00207258754722083,0.00813385332576259,"S000002998","S000002998","RPL30"
"S000003001",17.3658956091207,-2.81607932433175,0.703306564898538,-4.00405664454165,6.22654452783807e-05,0.000395537781939509,"S000003001","S000003001","HOP2"
"S000003013",1581.75812441389,1.34679141805084,0.308932685887684,4.35949797342092,1.30361161026617e-05,0.00010243276935423,"S000003013","S000003013","RIM8"
"S000003017",719.280141351307,1.13125644819727,0.254551645282274,4.44411367658932,8.82549348590587e-06,7.32962105717912e-05,"S000003017","S000003017","TIF4632"
"S000003031",102.195856974087,1.68447794342774,0.372750507003439,4.51904936889114,6.21179103640262e-06,5.42696389262241e-05,"S000003031","S000003031","PUS2"
"S000003035",220.220188876877,1.39353924742702,0.322450811097766,4.32171109349297,1.54823829666385e-05,0.000119101022466181,"S000003035","S000003035","NPY1"
"S000003038",71.9185596686175,1.64625970017895,0.463300056406297,3.55333369252872,0.000380381624301402,0.00190965737834209,"S000003038","S000003038","RPB9"
"S000003044",3189.21744547836,1.08826407285021,0.392128400569218,2.77527481118551,0.00551550806180993,0.0186014999356888,"S000003044","S000003044","RPL7A"
"S000003045",672.32784617494,2.23532020054144,0.270096970316073,8.27599138903939,1.27391204717675e-16,1.01720809443001e-14,"S000003045","S000003045","HNM1"
"S000003048",524.246760987143,-2.07079043999044,0.832358866736573,-2.48785772909392,0.0128515132706046,0.037349873765098,"S000003048","S000003048","MPC1"
"S000003057",66.8672281147887,1.04364981028617,0.304669203331924,3.42551790227763,0.000613628493428736,0.0028662065544369,"S000003057","S000003057","MF(ALPHA)2"
"S000003060",467.84515315598,1.25293377528149,0.326497135194087,3.83750312092839,0.000124291655302017,0.000716042172201423,"S000003060","S000003060","NUP145"
"S000003065",384.090930007891,2.26807698327773,0.43652311302977,5.19577753291393,2.03865940724722e-07,2.82898630172665e-06,"S000003065","S000003065","SRM1"
"S000003070",3655.05384561253,1.14815523118929,0.415761982855271,2.76156858619988,0.00575244329980494,0.0193049241803503,"S000003070","S000003070",NA
"S000003071",4966.89883778247,1.08041954952257,0.418916073418942,2.57908353982417,0.00990628266003228,0.0302543799273165,"S000003071","S000003071","RPL28"
"S000003072",432.09869908835,-1.1234419937207,0.18204961253564,-6.17107599446693,6.78268098065747e-10,1.79215421662779e-08,"S000003072","S000003072","VPS73"
"S000003084",280.314482773666,1.06268738314242,0.278048477445797,3.82195001714973,0.000132400529906519,0.00075635522540123,"S000003084","S000003084","CDC20"
"S000003088",443.355366149356,2.10261364085721,0.41754981030867,5.03559955949417,4.76355459956024e-07,5.8542980130279e-06,"S000003088","S000003088","PRP43"
"S000028634",108.249315039767,1.52565631524262,0.474524283256918,3.21512801151337,0.00130386363224587,0.00546995095265344,"S000028634","S000028634",NA
"S000003091",5882.10881871651,1.22340574229016,0.48713748661447,2.51141777405109,0.0120247295623256,0.0354516212116997,"S000003091","S000003091","RPS2"
"S000003093",689.552654474626,1.28106823851317,0.168914876570616,7.5841054649654,3.34788759358989e-14,1.91405429500721e-12,"S000003093","S000003093","MET13"
"S000003094",383.392229493226,1.47077564430378,0.175776995595798,8.36728173284887,5.89626043763871e-17,4.95736767265706e-15,"S000003094","S000003094","SCS3"
"S000003115",1545.84152559216,2.91377352335958,0.313841089665505,9.28423211398199,1.62877365778147e-20,2.06756725651063e-18,"S000003115","S000003115","RPL9A"
"S000003116",1136.20780046136,2.048866638478,0.319535631507528,6.41201304784606,1.43610542334728e-10,4.31223840670225e-09,"S000003116","S000003116","ARO2"
"S000003120",289.092405057891,-1.06891014616199,0.299421147636911,-3.56992201318454,0.000357087520116996,0.00180731300461481,"S000003120","S000003120",NA
"S000003122",449.261249378616,-1.01827550414998,0.259126437169261,-3.92964729988102,8.5070550899081e-05,0.00051718986984286,"S000003122","S000003122","LYS5"
"S000003125",132.182984297596,2.19541385116778,0.331115079231688,6.63036505695231,3.34857677191268e-11,1.16167980099388e-09,"S000003125","S000003125","ARI1"
"S000003138",30.3206568659331,-1.91189353867778,0.476668136980169,-4.01095309367683,6.04741252503618e-05,0.000385529291794568,"S000003138","S000003138","SPO74"
"S000003147",381.768140905494,1.68922405502787,0.259480695760027,6.51001821187538,7.51416944623372e-11,2.40268509832256e-09,"S000003147","S000003147","TOS3"
"S000003170",1235.57165296611,1.37777586489629,0.270675945709796,5.09013041880517,3.5781732830083e-07,4.5774430696422e-06,"S000003170","S000003170","ARO8"
"S000003177",623.360934692834,-1.07092664855338,0.207241258126255,-5.16753593486174,2.37200371579017e-07,3.23502377001803e-06,"S000003177","S000003177","MIG2"
"S000003192",210.681624392431,1.05067908495778,0.245932705624693,4.27222187585402,1.93534863677787e-05,0.00014505473552945,"S000003192","S000003192","SDT1"
"S000003193",637.413469624068,2.13582957420372,0.386924176910682,5.52002097996776,3.38959190565756e-08,5.71314116834475e-07,"S000003193","S000003193","VRG4"
"S000003203",1868.36931374548,1.87158276758177,0.252544364667849,7.41090687192054,1.25438650712561e-13,6.56737961404627e-12,"S000003203","S000003203","ADE5,7"
"S000003215",215.390722403005,1.31386385558058,0.458475597404908,2.86572254448742,0.00416058721097878,0.0146941618498937,"S000003215","S000003215","RAI1"
"S000003220",379.944131315828,-1.67866851464163,0.387319916417293,-4.33406195624874,1.46382948178946e-05,0.00011358585658641,"S000003220","S000003220","HFM1"
"S000003222",2464.96274162526,2.36199226571447,0.437436091770418,5.39962822033014,6.67791415665482e-08,1.06407388005649e-06,"S000003222","S000003222","HXK2"
"S000003225",1412.18880865484,-3.42681533721636,0.386721545540692,-8.8611958054346,7.91606902684204e-19,8.31943930887157e-17,"S000003225","S000003225","ADH4"
"S000003226",503.626590608292,-1.07433226773692,0.318246515888691,-3.37578642373158,0.000736050330205291,0.0033408597553586,"S000003226","S000003226","MNT2"
"S000003238",159.42750036636,-1.02273599770456,0.17617203474601,-5.80532545462765,6.42410968538976e-09,1.30425851893858e-07,"S000003238","S000003238","PRP18"
"S000003252",337.312278898137,1.46732819951845,0.407596209584214,3.59995545840639,0.000318271694859824,0.00163517517420254,"S000003252","S000003252","VMA7"
"S000003275",12787.7611007297,-1.06354630260409,0.210109666608954,-5.06186278703451,4.1517979673548e-07,5.19702127347112e-06,"S000003275","S000003275","NQM1"
"S000003278",1391.07729771296,-1.14912131931937,0.157769643043501,-7.28353881742972,3.25175301350042e-13,1.60821127411631e-11,"S000003278","S000003278","TAM41"
"S000003284",1731.93118958718,-1.39519234249154,0.51817011345375,-2.6925372696472,0.00709106096030953,0.0229778788010938,"S000003284","S000003284","FMP48"
"S000003285",248.136236969733,-1.0190605105412,0.278763630851983,-3.65564369866563,0.000256537457881397,0.00135352155241743,"S000003285","S000003285",NA
"S000003287",1106.24611310039,2.31739796830382,0.360170651943308,6.43416657020848,1.24152651448999e-10,3.78361161441481e-09,"S000003287","S000003287","MUP1"
"S000003292",2052.2331442918,1.22889022617647,0.46629505159929,2.63543484315702,0.008402955685244,0.0264312160231498,"S000003292","S000003292","ERG25"
"S000003296",26.3636230681852,1.29948971413776,0.494412778045125,2.6283497754161,0.00858002427907407,0.0268758025467468,"S000003296","S000003296",NA
"S000003297",877.533036120159,1.12467578756505,0.464721281626455,2.42010820685649,0.0155158892824059,0.0435865969955635,"S000003297","S000003297","VHT1"
"S000003310",107.455758980202,1.79818330123348,0.331168596182092,5.42981225262299,5.64133677867448e-08,9.162684838363e-07,"S000003310","S000003310","PAC10"
"S000003317",1381.30171889153,1.50964265062159,0.531828198369911,2.83859083675659,0.00453132198943918,0.0158081975091663,"S000003317","S000003317","RPL11B"
"S000003324",266.078520782867,1.2866611038403,0.305479228890262,4.21194301332517,2.53183424893428e-05,0.000182304820755756,"S000003324","S000003324","DBF2"
"S000003328",172.228899331964,-1.25227271935611,0.20512285650174,-6.10498869171846,1.02807960410232e-09,2.57343989166978e-08,"S000003328","S000003328","TPC1"
"S000003340",203.842296055247,4.21898677399318,0.318663344166482,13.2396362845832,5.17990688050926e-40,2.74208922381921e-37,"S000003340","S000003340","CLB1"
"S000003350",2561.8056262427,1.19381368227183,0.299221914100306,3.98972677472958,6.61494491113142e-05,0.000415593000504622,"S000003350","S000003350","RPS23A"
"S000003355",158.521325094794,1.50790345307846,0.536957380030934,2.80823675985529,0.00498135891838538,0.0171068147574441,"S000003355","S000003355","PPT1"
"S000003356",1984.801773245,2.04788678748143,0.358197386305801,5.71720192769107,1.08292403116368e-08,2.06651978336748e-07,"S000003356","S000003356","ASN2"
"S000003359",651.529052065843,-1.6773777373644,0.42186748898368,-3.9760772782121,7.00613666212094e-05,0.000437669192795868,"S000003359","S000003359",NA
"S000003368",867.210980534176,2.58087239452244,0.244333165344486,10.5629229289592,4.42659445770801e-26,9.30431096823832e-24,"S000003368","S000003368","LSB1"
"S000003369",132.201964094447,2.57650710251944,0.301512934680145,8.54526226296954,1.28244702941339e-17,1.22200102609371e-15,"S000003369","S000003369",NA
"S000003370",5043.46472531125,3.47166821651604,0.27898188979162,12.4440630146607,1.50641779893562e-35,6.15177988576766e-33,"S000003370","S000003370","TPO2"
"S000003375",2395.38782647523,-1.45989634870098,0.134177050251549,-10.8803729547194,1.42976772238515e-27,3.40594500934181e-25,"S000003375","S000003375","SKN1"
"S000003380",1410.94689053902,1.4215385886878,0.441749832389747,3.21797199332857,0.00129100423001528,0.00543324578387424,"S000003380","S000003380","RPL24B"
"S000003383",21.1713055728657,6.36844971714438,1.26576656555156,5.03129873269271,4.87168362396259e-07,5.96326006147037e-06,"S000003383","S000003383",NA
"S000003384",112.87797658335,3.83911983581282,0.534666289361532,7.18040376249881,6.95058415943689e-13,3.30048835185487e-11,"S000003384","S000003384","RSR1"
"S000003386",934.579418821908,-1.5891349276029,0.211001759638064,-7.53138234642582,5.02059375844017e-14,2.78137002284439e-12,"S000003386","S000003386","GTO1"
"S000003389",1436.28762630417,2.08168949138392,0.216004402198211,9.6372549364698,5.56563768934907e-22,8.3736483677754e-20,"S000003389","S000003389","CHO2"
"S000003392",256.911824686877,2.029454398005,0.695100716622082,2.91965516575404,0.0035041889748442,0.0127117376636022,"S000003392","S000003392",NA
"S000003398",419.837142689631,1.02824146056169,0.178181733302119,5.77074563989247,7.89215278358918e-09,1.56020110284703e-07,"S000003398","S000003398","TRS65"
"S000003400",294.287257520648,-1.05085978642298,0.234444512423836,-4.48233902153871,7.38293314766723e-06,6.26628642990545e-05,"S000003400","S000003400",NA
"S000003407",1942.58803617412,1.36068090081857,0.371611091146642,3.66157236217052,0.000250672035398509,0.00132845954836889,"S000003407","S000003407","ERG1"
"S000003415",58.6155797227243,1.01397912329421,0.333992804773801,3.03593104043345,0.00239794200849054,0.00923821701545963,"S000003415","S000003415","QCR9"
"S000003417",792.165465137548,1.99480187227785,0.327921801242837,6.08316331734418,1.17834209429948e-09,2.88885824250815e-08,"S000003417","S000003417","TYS1"
"S000003421",3836.62772816959,2.73083166043794,0.338369314836415,8.07056532817748,6.99734116391932e-16,5.10270394162749e-14,"S000003421","S000003421","CRH1"
"S000003427",187.831894542454,1.02220933175302,0.384269463120062,2.66013677863766,0.00781089242556345,0.0248786684136188,"S000003427","S000003427","SKI6"
"S000003433",2476.90571158271,-1.42575117681755,0.282604336715219,-5.04504351698708,4.53418159876837e-07,5.61586287618686e-06,"S000003433","S000003433",NA
"S000003435",84.6894554085464,1.9963086873765,0.339661991570247,5.87733905153067,4.16913738713963e-09,8.9072467375765e-08,"S000003435","S000003435","YCH1"
"S000003436",2681.77963463837,1.68793189341402,0.188057050345661,8.97563739467092,2.81715875224376e-19,3.17052362565512e-17,"S000003436","S000003436","ADE3"
"S000003439",405.130669446034,1.80167045674643,0.421103677587889,4.27844864016985,1.88200402003238e-05,0.000141576228728014,"S000003439","S000003439","CIR1"
"S000003440",121.029433745455,2.5466932828009,0.606818655644209,4.19679464221035,2.70719195929044e-05,0.000192516189242721,"S000003440","S000003440","SER2"
"S000003457",241.432995643801,-2.2390181529908,0.314468722555378,-7.12000269787245,1.07924950884676e-12,5.00834845128142e-11,"S000003457","S000003457","AMA1"
"S000003460",54.6778937302498,1.14514912080972,0.331651500668158,3.45286880506393,0.000554658692037969,0.00263379956322216,"S000003460","S000003460",NA
"S000003461",496.941281256271,1.09848456803985,0.281495094977158,3.90232223452769,9.52742051697827e-05,0.000570487731249143,"S000003461","S000003461","SMI1"
"S000003462",155.223382188664,-1.7707806812947,0.546089742270293,-3.24265508803174,0.00118421477161736,0.00504650618089653,"S000003462","S000003462","BNS1"
"S000003466",1738.47309131627,3.39004291246206,0.429619586310405,7.89080158466683,3.00251696385238e-15,2.01478755701136e-13,"S000003466","S000003466","YHB1"
"S000003471",270.24449918995,1.11268785271767,0.317433007518274,3.50526828138255,0.000456147379309207,0.0022243993491868,"S000003471","S000003471","PEX21"
"S000003475",1721.61008422806,-2.02587558641956,0.472999387285305,-4.28304061459088,1.84356503653279e-05,0.000138977189172802,"S000003475","S000003475","MPC3"
"S000003480",1931.70812395088,-1.47613281993326,0.269138755712021,-5.48465350531949,4.14280613570197e-08,6.88524745320793e-07,"S000003480","S000003480","SOL4"
"S000003481",240.189821876328,1.81714806998083,0.694049050669147,2.61818392839653,0.00883991429726243,0.0275269923857891,"S000003481","S000003481","MGA1"
"S000003488",5664.21639436021,-1.19881254303165,0.193102308623844,-6.2081730227622,5.3604115210652e-10,1.45658482643698e-08,"S000003488","S000003488","GND2"
"S000003491",267.650233398943,-1.35815171170389,0.306796164075766,-4.42688622198184,9.56031271330436e-06,7.8531925063942e-05,"S000003491","S000003491",NA
"S000003492",1806.43863299958,-1.43584430126979,0.322714376062902,-4.44927281761357,8.61615139641883e-06,7.17661141660923e-05,"S000003492","S000003492","TNA1"
"S000003496",751.087401101892,1.35042790124799,0.381219969420564,3.54238499966455,0.000396526277234309,0.00197648471010647,"S000003496","S000003496","MES1"
"S000003511",2216.54784299124,4.99974208720434,0.33809997441668,14.7877623943342,1.75698296991245e-49,1.47720926993875e-46,"S000003511","S000003511","SCW4"
"S000003517",1679.8655160951,2.03849633732108,0.466593880465031,4.36888785444296,1.24880870898602e-05,9.87782118292041e-05,"S000003517","S000003517","ZUO1"
"S000003524",60.5397072308167,2.6105138285002,0.321590430677185,8.11751090666208,4.75842054539121e-16,3.52394325675008e-14,"S000003524","S000003524","MAL12"
"S000003528",192.10461625113,1.56436470232307,0.35731662170054,4.37809104675274,1.19723337618209e-05,9.54913875322024e-05,"S000003528","S000003528","YRF1-3"
"S000000996",363.845635896857,1.04253020988397,0.327834418735804,3.18005111819612,0.00147249074621162,0.00605474978009281,"S000000996","S000000996","MRP4"
"S000001007",3061.55478591613,1.17000719371306,0.457969635694695,2.55477023479576,0.0106257912694127,0.0319890556502801,"S000001007","S000001007","RPS20"
"S000001010",9.6533222543851,2.13053197945741,0.719460765836363,2.96129001138887,0.00306353319620447,0.0113526263866607,"S000001010","S000001010",NA
"S000001028",483.018959025947,2.39971243238731,0.388416890673738,6.17818763809378,6.48416240317567e-10,1.7226418815723e-08,"S000001028","S000001028","MUP3"
"S000001035",100.414963755312,-1.32232959637551,0.280661603957533,-4.71147309688857,2.45932567579698e-06,2.44444658443437e-05,"S000001035","S000001035","ECM34"
"S000001036",143.843706602407,-1.04414053870113,0.236887716029245,-4.40774454751478,1.04452635369606e-05,8.45859216621974e-05,"S000001036","S000001036",NA
"S000001049",2900.86788241954,1.47896587537258,0.395738152712623,3.73723348440093,0.000186056136895113,0.00101849879917344,"S000001049","S000001049","ERG11"
"S000001052",2514.39755701381,1.18762265158713,0.41995596452527,2.82796948229954,0.00468442719049892,0.0162432115074724,"S000001052","S000001052","RPL27A"
"S000001055",200.83486922282,1.33034174982333,0.284092498679575,4.68277675759332,2.83014689193881e-06,2.7553640467866e-05,"S000001055","S000001055","ARD1"
"S000001056",36.7980582123141,-1.54254792798176,0.383504746752192,-4.02223946651305,5.76474040311372e-05,0.000369155172857098,"S000001056","S000001056","SPO13"
"S000001060",3890.40863451719,2.05435343106215,0.335898145758898,6.11600110628991,9.59526590067316e-10,2.41452703377327e-08,"S000001060","S000001060","ARG4"
"S000001061",2330.61490008588,1.55513488149084,0.44029753146904,3.53200908554308,0.000412415185562817,0.00204604312643157,"S000001061","S000001061","DED81"
"S000001062",1216.71839089643,1.84735744337741,0.489686188115828,3.77253328399053,0.000161598400873836,0.000897329426452887,"S000001062","S000001062",NA
"S000001063",349.723378369282,1.34846674912804,0.46220998925179,2.9174331591381,0.00352925281378068,0.0127802408075418,"S000001063","S000001063","RPS27B"
"S000001064",195.199766007899,-1.71919129782965,0.700338268523988,-2.4548013083063,0.0140962476964149,0.040231163802887,"S000001064","S000001064",NA
"S000001066",366.130807383907,1.51804692353993,0.37950417746772,4.00007961353484,6.33211776642519e-05,0.000401352369115367,"S000001066","S000001066","MAS2"
"S000001067",685.877931197899,2.24268673308997,0.358171562067716,6.26148742837926,3.81322564906149e-10,1.06450066800851e-08,"S000001067","S000001067","THR1"
"S000001071",358.539486621532,1.04806790740399,0.231542130074465,4.52646741682359,5.99778418876765e-06,5.26898152489589e-05,"S000001071","S000001071","YHI9"
"S000001073",160.361958019131,1.33877725567721,0.264486247402798,5.06180290591188,4.15310248642938e-07,5.19702127347112e-06,"S000001073","S000001073","RRM3"
"S000001075",2417.54592284549,1.52500283331339,0.363341354918367,4.1971628405911,2.70279600112343e-05,0.000192385773127775,"S000001075","S000001075",NA
"S000001083",127.731707584182,1.0198073870205,0.315333143120872,3.23406343185941,0.00122042346637165,0.00518689045639309,"S000001083","S000001083","SRB2"
"S000001084",863.929340878227,1.2821458353906,0.23709748820229,5.40767363295169,6.38486339428892e-08,1.02422954539362e-06,"S000001084","S000001084","NCP1"
"S000001085",240.096350944086,2.29585489100365,0.263024288197313,8.72868017907675,2.57661708273089e-18,2.64946675996206e-16,"S000001085","S000001085","DOG2"
"S000001088",390.894388075342,1.6549601243346,0.359812753353536,4.59950379443195,4.23498479350425e-06,3.90772354122377e-05,"S000001088","S000001088","INM1"
"S000001091",420.986752602365,2.14177554411635,0.236732091656623,9.04725476435602,1.46607685817501e-19,1.70362898649556e-17,"S000001091","S000001091","FSH1"
"S000028647",52.5456055556681,-1.24877271449441,0.521902207899277,-2.39273315114125,0.016723399068919,0.0463501149684038,"S000028647","S000028647",NA
"S000001096",1856.56097860115,-1.18700320829071,0.15360001051593,-7.7278849415678,1.09348106648056e-14,6.76585492779509e-13,"S000001096","S000001096",NA
"S000001104",123.888713881902,1.03330323938891,0.270563006813782,3.81908543801809,0.000133947366845048,0.00076366562198495,"S000001104","S000001104","RPP1"
"S000001105",314.554754378008,2.23578484610979,0.416695057268225,5.36551803798005,8.07172126582694e-08,1.26086461259524e-06,"S000001105","S000001105","PAN5"
"S000028778",172.183681587513,1.4889669251364,0.322392144279038,4.6184962988666,3.86530873279777e-06,3.60619175704167e-05,"S000028778","S000028778",NA
"S000001106",1922.89817686557,1.18940598341408,0.324911312638525,3.66070966798664,0.000251517636560851,0.00133096689350768,"S000001106","S000001106","SSZ1"
"S000001110",554.005479924472,2.2038141058752,0.552015226478056,3.99230673388465,6.54336571654143e-05,0.000411942190238762,"S000001110","S000001110","DYS1"
"S000028780",33.2711550753694,1.66680350171682,0.547617891060245,3.04373456186706,0.00233661206470078,0.00902626925426169,"S000028780","S000028780",NA
"S000001112",175.18353853659,1.43460743242001,0.404527735866916,3.54637594711671,0.000390568581472305,0.00195462070552649,"S000001112","S000001112","TRM5"
"S000001113",2209.3035406694,1.74615287675571,0.29567540938529,5.90564119074348,3.51277783963274e-09,7.65367891187054e-08,"S000001113","S000001113","PCL5"
"S000001131",410.877627693262,1.66285609746816,0.561358917292165,2.96219770675292,0.00305451581111229,0.0113250828763237,"S000001131","S000001131","GAR1"
"S000001134",868.055213572688,2.08329994771964,0.405421015531427,5.13860867569691,2.76780107367538e-07,3.68001681358532e-06,"S000001134","S000001134","HXT4"
"S000001146",1678.47880135512,1.50430204978373,0.192797229290148,7.80250865285955,6.06884666610881e-15,3.88977692370822e-13,"S000001146","S000001146","GRE3"
"S000001148",1717.121730697,-1.20937494953839,0.316726015860637,-3.81836315609304,0.000134340069268854,0.000765599126818072,"S000001148","S000001148","TRR2"
"S000001149",376.094510837163,1.42320221870731,0.394214286294804,3.61022486547584,0.000305931665577637,0.00158029681825123,"S000001149","S000001149","CDC12"
"S000001165",195.115542677809,2.43952419676781,0.40369350168145,6.04301081540028,1.51264509951913e-09,3.60337273457115e-08,"S000001165","S000001165","EPT1"
"S000007496",456.719447666648,-1.89771611918907,0.385334454227979,-4.9248544955347,8.44231499458038e-07,9.66100946497497e-06,"S000007496","S000007496","IGO2"
"S000028649",365.905867429754,-1.18168609105765,0.284578996423792,-4.15240093579464,3.2900519048737e-05,0.000227282319363749,"S000028649","S000028649",NA
"S000001179",1035.69570966857,-1.28576185091181,0.2625575504619,-4.89706675222196,9.72778004146809e-07,1.09307515827597e-05,"S000001179","S000001179","ARO9"
"S000001181",30367.0686666173,-2.79507936672891,0.258608205289246,-10.8081619591408,3.14916571798787e-27,7.37885665691813e-25,"S000001181","S000001181","SPS100"
"S000003533",28.8524181767153,-1.20328812594667,0.428071590085452,-2.81095067698015,0.00493953574239236,0.0169876767001959,"S000003533","S000003533",NA
"S000001182",274.43935132026,-1.83136830011106,0.287264331582247,-6.37520255307687,1.82721294912906e-10,5.40711277058004e-09,"S000001182","S000001182",NA
"S000001186",1904.37690401221,2.54604255054807,0.33153386744884,7.6795851058594,1.59604653981519e-14,9.54489254961443e-13,"S000001186","S000001186","DSE2"
"S000001187",66.3298254301513,2.3583153159992,0.529121278697349,4.45704115662325,8.30986538309509e-06,6.94578397196363e-05,"S000001187","S000001187","DCD1"
"S000001192",172.861568037463,2.59872641316412,0.438968728725892,5.92007184818592,3.21801002782401e-09,7.14208343597648e-08,"S000001192","S000001192","SKG6"
"S000001193",722.393139333448,-1.17481298033079,0.239898809102653,-4.89711885075714,9.72520226575198e-07,1.09307515827597e-05,"S000001193","S000001193","PEX28"
"S000001196",29.3743820022682,1.45934374231514,0.555890938195645,2.6252339119828,0.00865894587613992,0.027063702910052,"S000001196","S000001196","SPO16"
"S000001200",48.6081616355512,-1.01994529849768,0.285192006598253,-3.57634602267962,0.0003484303901101,0.00176976388267365,"S000001200","S000001200","REC104"
"S000001203",751.673723025043,-1.9929886493276,0.259681705957774,-7.67473643157471,1.65759121232728e-14,9.8306851443128e-13,"S000001203","S000001203","PEX18"
"S000001206",308.281381705605,2.28169650407638,0.269612774973258,8.46286495253308,2.60887759442125e-17,2.33054296606644e-15,"S000001206","S000001206","SOL3"
"S000001215",111.787379972109,1.3794480645109,0.407088139036886,3.38857346169427,0.000702572063902035,0.00321399784386738,"S000001215","S000001215","SPC97"
"S000001222",936.070961354541,3.31958034024281,0.250261641204178,13.2644392655225,3.7219440866323e-40,2.12790987320942e-37,"S000001222","S000001222","OYE2"
"S000028784",179.06606347955,2.44732417243466,0.287641778931697,8.50823611759056,1.76599280943993e-17,1.60772835830095e-15,"S000028784","S000028784",NA
"S000001226",1179.07111422554,2.77569612452808,0.22099711586124,12.5598748821269,3.5088719246748e-36,1.51976686119324e-33,"S000001226","S000001226","GND1"
"S000001227",62.4469799564077,-1.01386370442695,0.399726849647182,-2.53639130151462,0.0112001507113448,0.0334483397654097,"S000001227","S000001227","SSP1"
"S000001237",691.368754069234,-1.28998039907413,0.155330902831602,-8.3047247879105,1.00051081188987e-16,8.12517104223972e-15,"S000001237","S000001237","MDM31"
"S000001239",310.003337955574,1.24777998641023,0.464471402604956,2.68645169414553,0.00722153895115056,0.0233207085921362,"S000001239","S000001239","UTP9"
"S000001240",178.399472950935,1.05867240771609,0.436910991264272,2.4230848591212,0.0153893313577557,0.0432906343429251,"S000001240","S000001240","RIX1"
"S000001241",745.400448898231,-1.18991859055579,0.200768769364848,-5.92681119837621,3.08873750434511e-09,6.88725821366687e-08,"S000001241","S000001241","AIM18"
"S000001246",3149.76892271499,1.12093872283026,0.316330156744818,3.54357211580848,0.000394745334176337,0.0019686305168815,"S000001246","S000001246","RPS4B"
"S000001251",2997.04168018143,3.47645187524553,0.360326142739569,9.64807007566527,5.00894923313661e-22,7.61626716906613e-20,"S000001251","S000001251","BAT1"
"S000028652",19.1967382843572,-1.66726020789004,0.523068940747507,-3.1874578626431,0.00143529369537957,0.00592909040117348,"S000028652","S000028652",NA
"S000001257",96.0058205031798,-1.18375487498978,0.246513189918172,-4.8019940652373,1.57093350230854e-06,1.66911556493166e-05,"S000001257","S000001257",NA
"S000003535",64.2791984895939,-1.08692337788078,0.3209088970214,-3.38701540521109,0.000706574201527927,0.0032270287046883,"S000003535","S000003535",NA
"S000001259",30.5590544365003,4.02646165753589,1.00219609031367,4.01763856040953,5.87842704527666e-05,0.000375761886217081,"S000001259","S000001259","IMD2"
"S000001272",194.303621780305,1.29149041798828,0.265600037628068,4.86253853546819,1.1588980795963e-06,1.27416386551307e-05,"S000001272","S000001272","DOT5"
"S000003536",86.869113482875,1.48587456802502,0.300476405469752,4.94506237753365,7.61194866591751e-07,8.85252907094866e-06,"S000003536","S000003536",NA
"S000001280",4925.80192896581,1.44550504456464,0.44555236794405,3.24429887161133,0.00117740135170263,0.00502123533816565,"S000001280","S000001280","RPL2B"
"S000001290",22.8045433693505,-2.10287243467421,0.501643316263434,-4.19196741289763,2.76545726298264e-05,0.000195870568185386,"S000001290","S000001290",NA
"S000001291",66.6304966821885,-2.23008523869852,0.342299037965825,-6.51502046850968,7.26797469201268e-11,2.32917404199411e-09,"S000001291","S000001291",NA
"S000001295",2950.0353412426,-1.01134095357782,0.260629379361602,-3.88037970260701,0.000104293519317684,0.000616998042883962,"S000001295","S000001295","BCY1"
"S000001298",1266.08284373033,-1.13973466999954,0.253065147628819,-4.50372040827697,6.67740447307089e-06,5.75981545767062e-05,"S000001298","S000001298","CST6"
"S000001301",493.140182052798,1.29289047384316,0.321042091857025,4.02716810859474,5.64526712686773e-05,0.000362316134011318,"S000001301","S000001301","TED1"
"S000001313",1043.56841130274,1.04309832448303,0.211692198814445,4.92742921243564,8.33185940577953e-07,9.54224891721208e-06,"S000001313","S000001313","MMF1"
"S000001314",798.276493857578,1.1534736074278,0.438916699663575,2.62800118635706,0.00858882161768604,0.0268974643693222,"S000001314","S000001314","RPL34B"
"S000001317",924.955760211934,-1.25995334124085,0.21472906755641,-5.86764221341321,4.42035823523762e-09,9.37391398460702e-08,"S000001317","S000001317",NA
"S000001318",743.661002863789,1.09340834897385,0.223497510523451,4.89226187089507,9.96836886869273e-07,1.11659793291712e-05,"S000001318","S000001318","VHR1"
"S000001328",363.357213705226,-1.76574316393958,0.185664147584122,-9.51041537591174,1.89902725082902e-21,2.56064117887728e-19,"S000001328","S000001328","RNR3"
"S000001334",208.873736242609,-1.15085099155538,0.295553565112909,-3.89388296201309,9.86522606002104e-05,0.000588005321417351,"S000001334","S000001334","HOP1"
"S000001335",411.707623019135,-1.00745799722004,0.199684657677402,-5.04524488229652,4.52940881477329e-07,5.61481701557283e-06,"S000001335","S000001335","SPO22"
"S000001336",690.465518426249,1.74199664536976,0.396901601653522,4.38898870176505,1.1387898478543e-05,9.12302017222297e-05,"S000001336","S000001336","SER33"
"S000001340",1912.66984954738,1.69145653625862,0.460778838784208,3.67086418447867,0.000241731771035672,0.00128584748917486,"S000001340","S000001340","THS1"
"S000001341",123.243172820306,1.05751072797634,0.352133793591031,3.00315035711834,0.00267200383897688,0.010116808177615,"S000001341","S000001341","AIR1"
"S000001345",802.390645577273,-1.88127863415649,0.327388768331052,-5.7463139121931,9.12099070146321e-09,1.77369142987774e-07,"S000001345","S000001345","CAB2"
"S000001349",703.191631296914,-1.35297871914521,0.192010182232593,-7.0463904747836,1.83618528093545e-12,8.07526037551089e-11,"S000001349","S000001349","AIM19"
"S000001357",290.104162724782,1.16530345532747,0.375587082435915,3.10261856656454,0.00191816693273604,0.00759245637485355,"S000001357","S000001357","PRK1"
"S000001359",1267.74250374305,-1.39541647407329,0.207070816041445,-6.73883698702381,1.59659401003271e-11,5.95825540088707e-10,"S000001359","S000001359","FYV10"
"S000001363",4227.5488463817,-1.55668732318914,0.441324145150778,-3.52731057272495,0.000419804029218298,0.00207693284514266,"S000001363","S000001363","XBP1"
"S000001369",2954.03823139072,-1.04642534094233,0.175647413269702,-5.95753345559135,2.56073303100781e-09,5.82811420576348e-08,"S000001369","S000001369","PFK26"
"S000001375",97.503920923222,-1.29824477855279,0.341280839189501,-3.80403652791043,0.000142357174325829,0.000804103813864341,"S000001375","S000001375","SDP1"
"S000001376",77.8569291284642,1.04620424665243,0.374530374477446,2.79337623313496,0.00521609853212277,0.0177593369031993,"S000001376","S000001376","POR2"
"S000001378",1603.68786895216,1.39694336543241,0.222563808055702,6.27659715942132,3.46063165910675e-10,9.85314906446471e-09,"S000001378","S000001378","HIS5"
"S000001380",192.843613843448,1.98386029908869,0.424678750877436,4.6714376337168,2.99098916492217e-06,2.87686461199411e-05,"S000001380","S000001380","RHO3"
"S000001383",395.275360471572,2.764074405818,0.260772578402218,10.5995592893769,2.99387712414656e-26,6.48355844476164e-24,"S000001383","S000001383","QDR2"
"S000001385",956.314902812405,1.69152454348429,0.224015545212714,7.55092483371235,4.32178227856436e-14,2.41293883232501e-12,"S000001385","S000001385","SIM1"
"S000001386",1493.92629193045,-1.26033851716759,0.245156544140569,-5.14095400384226,2.73346970964596e-07,3.6581912509335e-06,"S000001386","S000001386","AYR1"
"S000001393",106.875302918187,2.07053349295411,0.310702454407799,6.66403970609296,2.6640144094727e-11,9.51918948864832e-10,"S000001393","S000001393","FKH1"
"S000001398",14312.7415628001,-1.25804139081222,0.223280286357032,-5.63435944721324,1.75710196350901e-08,3.1432113096914e-07,"S000001398","S000001398","OM45"
"S000001399",1553.29565391525,-1.78361572306009,0.337374582776644,-5.28675191942636,1.24507309732774e-07,1.84795740188011e-06,"S000001399","S000001399","TMA108"
"S000001400",327.618980651989,1.20680868010512,0.231341249798007,5.21657370295539,1.82263072262568e-07,2.55902366586334e-06,"S000001400","S000001400","TPM2"
"S000001407",472.767457789115,-1.1793838297497,0.223632919920183,-5.27374874043871,1.33664877979141e-07,1.97159143545497e-06,"S000001407","S000001407","PAN6"
"S000001408",990.632510262064,-1.24615919403039,0.238854862804522,-5.21722346113692,1.81625093800628e-07,2.55257371257855e-06,"S000001408","S000001408","ATG32"
"S000001415",638.683165767228,1.25998766680375,0.168087357554427,7.49602876228072,6.57803626262403e-14,3.57490008751655e-12,"S000001415","S000001415","RRD1"
"S000001420",31.8808724022811,3.80532411609957,0.59843623380756,6.35877960110827,2.03362946461724e-10,5.96851456627806e-09,"S000001420","S000001420","AIM20"
"S000001424",803.928303999804,1.24548357214647,0.20577293821022,6.05270830547246,1.42430639442142e-09,3.409985141619e-08,"S000001424","S000001424","SUC2"
"S000001451",428.264076119953,1.62518269867279,0.531910262986241,3.05537007229136,0.00224782972587124,0.00873434268095668,"S000001451","S000001451","SQT1"
"S000001455",983.568508062018,-1.20107897818457,0.310162001024212,-3.87242464975846,0.000107757994990637,0.000634497007168219,"S000001455","S000001455",NA
"S000001458",269.936340947569,-1.01447187716854,0.3862034295456,-2.62678111989361,0.00861967595987795,0.0269704528227967,"S000001458","S000001458","FLO11"
"S000001465",166.301004643692,1.44406979646825,0.354076360695576,4.07841346321851,4.5344073928961e-05,0.000300853714430596,"S000001465","S000001465","YVH1"
"S000001471",25.0899601427684,1.45110652276629,0.396096388925556,3.66351868721283,0.000248774057555232,0.0013193794451343,"S000001471","S000001471","DAL3"
"S000001473",835.606472025079,1.7247739757965,0.395795966933724,4.35773509558098,1.31415305921824e-05,0.000103198428190757,"S000001473","S000001473","LYS1"
"S000001477",7822.34915554679,-1.67099607362652,0.255758451308417,-6.5334930872391,6.42531608712677e-11,2.07307094431835e-09,"S000001477","S000001477","GTT1"
"S000003549",1403.60577230923,1.29267821393039,0.295506564295391,4.37444838835531,1.21739920585275e-05,9.68203907860432e-05,"S000003549","S000003549","VTC4"
"S000003574",42.290494071284,-2.07837242516804,0.560491534946022,-3.70812455779229,0.000208799950304201,0.00112830914544346,"S000003574","S000003574","IRC18"
"S000003581",1982.33193634328,-2.26639673517396,0.112879162092726,-20.0780790108294,1.14747000391561e-89,5.46692958865528e-86,"S000003581","S000003581",NA
"S000003592",1791.92668115694,-1.97071909181482,0.446307727156578,-4.41560603122481,1.00727390862082e-05,8.19406145470541e-05,"S000003592","S000003592","ZAP1"
"S000003594",101.375255183576,1.4522334488381,0.386641380569569,3.7560217861285,0.000172635671900195,0.000951226545285074,"S000003594","S000003594","BIT61"
"S000003596",517.109819839592,2.55126166415176,0.323997047377949,7.87433615459977,3.42556789516405e-15,2.2772856709572e-13,"S000003596","S000003596","BNA3"
"S000003602",2345.22759892988,-1.03794534088618,0.312929731380284,-3.31686393717836,0.000910339383109288,0.0040134117220176,"S000003602","S000003602","MPM1"
"S000003603",429.611235687816,-1.11928623081539,0.31328654147431,-3.57272363360421,0.00035328755309914,0.00179125186110181,"S000003603","S000003603",NA
"S000003605",332.803925754929,1.14282474062496,0.340654539080616,3.35479087908031,0.000794250016310102,0.00357212570268102,"S000003605","S000003605","UTP18"
"S000003611",67.9947048813282,1.19149522009807,0.26621536382673,4.47568165477321,7.61679057081567e-06,6.43040682980912e-05,"S000003611","S000003611","APQ13"
"S000003615",1693.78351930224,2.82024573524789,0.267191154646313,10.5551613000854,4.80813054181601e-26,9.67924082171495e-24,"S000003615","S000003615","PRY1"
"S000003616",798.482045301099,1.55112444735898,0.426466250771754,3.63715638588515,0.000275664575391992,0.0014385081329236,"S000003616","S000003616","SCP160"
"S000003625",940.753033718997,-1.12700946982529,0.320542060618503,-3.51594878890671,0.000438185495246498,0.00215075044078235,"S000003625","S000003625","SIP4"
"S000003626",473.388533319577,-1.20572797125429,0.218122334631485,-5.52776025110567,3.24344873025153e-08,5.50237236089221e-07,"S000003626","S000003626","DPB11"
"S000003633",196.25847997545,1.44885101103591,0.224056876223662,6.46644296508718,1.00336672816326e-10,3.13810079773249e-09,"S000003633","S000003633","PHS1"
"S000003637",1268.67386033423,1.1887956199219,0.220793985098235,5.38418480645197,7.27737043698866e-08,1.1531646968501e-06,"S000003637","S000003637","GSH1"
"S000003641",147.478978434615,-1.74699401522935,0.307292020974477,-5.68512651154859,1.30715857929053e-08,2.43588234338977e-07,"S000003641","S000003641","SET4"
"S000003643",72.8237339426884,3.69938096960494,0.364524104380862,10.1485222105909,3.36418898819565e-24,5.86394551320492e-22,"S000003643","S000003643",NA
"S000003644",142.072120576547,2.40912927445981,0.285718638818766,8.43182399447151,3.40318569076833e-17,2.94798382291829e-15,"S000003644","S000003644","PRM10"
"S000003652",4351.66892075481,1.16144389160199,0.259369333765859,4.47795379175575,7.53619081431891e-06,6.38120706807228e-05,"S000003652","S000003652","NCA3"
"S000003654",57.1394853271954,1.13110702892496,0.472104945881513,2.39588048969273,0.0165804954376356,0.0460254459681736,"S000003654","S000003654",NA
"S000003667",275.849597340129,-1.02737359454874,0.211366853275921,-4.86061829764574,1.17019691181574e-06,1.28263991262135e-05,"S000003667","S000003667","AIM23"
"S000003668",1027.19290764896,-1.89953372080748,0.31722829037911,-5.98790769428984,2.1255763004117e-09,4.91599709737612e-08,"S000003668","S000003668",NA
"S000003669",515.194634621153,-1.20680679203398,0.286540574298241,-4.21164365636364,2.53519247897213e-05,0.000182454713504274,"S000003669","S000003669","MRS3"
"S000003672",1029.87618495315,1.62749362097195,0.473574008259643,3.43661939335079,0.000589022682310033,0.0027711985511051,"S000003672","S000003672","RPS21B"
"S000003673",642.47037840954,-1.06690737722502,0.177939375971815,-5.99590378126321,2.02356816447137e-09,4.69526944395931e-08,"S000003673","S000003673","GLG2"
"S000003689",5498.06818871029,5.61239938053911,0.38285328494048,14.6593998309604,1.17305236885839e-48,9.31468750449609e-46,"S000003689","S000003689","INO1"
"S000003693",283.483683174551,1.69308417596413,0.463794935296547,3.65050164871158,0.000261728629259231,0.00137668839152175,"S000003693","S000003693","FAR1"
"S000003694",1239.60760680348,6.15868239796289,0.25789460283752,23.8806176251893,4.87036187445351e-126,6.9612082271564e-122,"S000003694","S000003694","CIS3"
"S000003695",19781.4545863695,2.54963742302246,0.515505263652583,4.94589988268433,7.57929081399381e-07,8.82891634917795e-06,"S000003695","S000003695","HSP150"
"S000003697",411.154214118309,-1.34066924413953,0.221131710308032,-6.06276341946619,1.33802410745832e-09,3.22967261592398e-08,"S000003697","S000003697","FMP33"
"S000003699",2193.05387548137,-2.0651230382411,0.166935731783255,-12.3707669782908,3.7621174129482e-35,1.45329578873699e-32,"S000003699","S000003699",NA
"S000003701",2159.12639699832,1.35604172810998,0.321232490954942,4.22137164294562,2.42820210818323e-05,0.000176353113476945,"S000003701","S000003701","HAL5"
"S000003707",597.478304251469,3.76754627500853,0.413193099734193,9.11812486082704,7.64353235479506e-20,9.10408399559048e-18,"S000003707","S000003707","TOH1"
"S000003710",1070.94405731547,1.07616949545546,0.215171213200451,5.00145665141975,5.68987615730261e-07,6.86290294652542e-06,"S000003710","S000003710","KRE9"
"S000003713",1433.1392294712,1.12325948156625,0.425608673025365,2.63918372147295,0.00831059291593158,0.0261867955351433,"S000003713","S000003713","RPL17B"
"S000003721",906.90545316179,-2.07181059745976,0.229896620333502,-9.0119228131943,2.02474821727452e-19,2.31517810156038e-17,"S000003721","S000003721","ATG36"
"S000003724",54.8219579484584,1.51680069675944,0.443029492409723,3.42370140757283,0.000617744561740983,0.00288354768810054,"S000003724","S000003724","BUD19"
"S000003726",1249.09716255547,2.3803954709993,0.500701633468354,4.75411964309029,1.99312986984156e-06,2.04506857355675e-05,"S000003726","S000003726","RPS22A"
"S000003728",300.374044935886,1.36886588217531,0.398679692713176,3.43349788613417,0.000595846849765498,0.0028006779677372,"S000003728","S000003728","SOP4"
"S000003731",20.2351744122142,1.57432790190437,0.628842423094336,2.50353322881367,0.0122960133530671,0.0361396090593026,"S000003731","S000003731",NA
"S000003732",401.620510230579,1.07343797605195,0.260570781847761,4.11956386069067,3.79590212146597e-05,0.000257865156949207,"S000003732","S000003732","ELO1"
"S000003744",138.92406279852,1.790463394993,0.656781294493297,2.72611813095915,0.00640840582007425,0.0211830121152454,"S000003744","S000003744","NUC1"
"S000003755",163.860394077404,-1.602189251341,0.309015762034828,-5.18481400686746,2.16230545927398e-07,2.97457477665091e-06,"S000003755","S000003755","HXT9"
"S000003767",486.260141250773,1.05947687335406,0.229642404100408,4.61359424233697,3.95764688309781e-06,3.68032836045003e-05,"S000003767","S000003767","SUI2"
"S000003768",5216.95439217683,-1.09725736740687,0.257051851800021,-4.26862269119345,1.96683635312764e-05,0.00014718320416363,"S000003768","S000003768","MHO1"
"S000003770",25.9363746775254,1.32210982551899,0.42823538855695,3.08734369192182,0.00201953950144301,0.00794967724982787,"S000003770","S000003770","SPC1"
"S000003771",268.287235403094,1.08570114869375,0.296957261931676,3.65608553106726,0.00025609593863418,0.00135269004098239,"S000003771","S000003771","MET3"
"S000003777",5392.48784170918,1.96890825899383,0.391274983753672,5.0320320509766,4.85308102900196e-07,5.94897831453903e-06,"S000003777","S000003777","ILV3"
"S000003780",973.029218817514,-1.44097374619494,0.494341566939969,-2.91493542635861,0.00355762144200337,0.0128699274286394,"S000003780","S000003780","TES1"
"S000003781",144.445298099575,-1.43647063505219,0.506676423434597,-2.835084816686,0.00458135207919407,0.0159746147898474,"S000003781","S000003781",NA
"S000003791",206.344190397751,1.38555253430646,0.331664348632983,4.17757452682893,2.94634139262661e-05,0.000206229468779688,"S000003791","S000003791","RBH2"
"S000003797",325.319168996624,-1.05002800371554,0.210229511691224,-4.99467460713972,5.89350497436261e-07,7.07270080592483e-06,"S000003797","S000003797","HUL4"
"S000003799",30.678010942789,-1.98361906429877,0.57874857430152,-3.42742799270436,0.000609327879812535,0.00285077688581361,"S000003799","S000003799",NA
"S000003800",796.478306647963,-1.49584198662052,0.194037768267454,-7.7090248974556,1.2678268089833e-14,7.71108450246737e-13,"S000003800","S000003800",NA
"S000003801",286.819390642446,1.06607973088886,0.234344342197284,4.54920191754139,5.38497538910089e-06,4.81648643532034e-05,"S000003801","S000003801","GEF1"
"S000003808",18.7041866512736,-3.03172590578303,0.896532912989048,-3.38161138521422,0.000720620110658028,0.0032822891146065,"S000003808","S000003808","ANB1"
"S000003809",157.780319939587,1.92152882283099,0.391543524362646,4.90757400715247,9.22098652251416e-07,1.04516701321408e-05,"S000003809","S000003809","CYC1"
"S000003818",443.684631781711,-1.33779195748189,0.24054485475572,-5.56150726582972,2.67454541813357e-08,4.59462471891624e-07,"S000003818","S000003818","CDC8"
"S000003824",49.6262977761657,2.21398924353995,0.705818567313619,3.13676820938065,0.00170821116078096,0.00687372244398711,"S000003824","S000003824","RPA12"
"S000003830",74.7208389566564,1.95866139597616,0.620830522222316,3.15490512445322,0.0016055030534441,0.00652286956875397,"S000003830","S000003830","HAM1"
"S000003831",432.618756921208,1.05713295493643,0.446457912786456,2.36782219479235,0.017893132750103,0.0489560770285647,"S000003831","S000003831","LIA1"
"S000003834",3598.3857592037,1.18860495758734,0.199826261469464,5.94819193857047,2.71120566109283e-09,6.11218651640376e-08,"S000003834","S000003834","OPI3"
"S000003837",490.720047844712,1.20790326171041,0.224422361944271,5.38227675373259,7.35495667164962e-08,1.16159553268384e-06,"S000003837","S000003837","CDC11"
"S000003838",4031.03771864836,1.0600706421351,0.391928380598441,2.70475600801469,0.00683545759897003,0.0222904849331688,"S000003838","S000003838","MIR1"
"S000003855",572.571754149535,1.42252996240101,0.361193928082948,3.93841050969808,8.20231752097008e-05,0.000501865258250108,"S000003855","S000003855","RPL43B"
"S000003866",1533.92545890569,2.8131443711607,0.292560946358168,9.61558405583194,6.87182411199236e-22,9.82189820327068e-20,"S000003866","S000003866","ADO1"
"S000003870",2945.06447797669,1.04070029719167,0.388071681474106,2.68172182324288,0.00732443371486608,0.0235890335931908,"S000003870","S000003870","CPA2"
"S000003876",317.498845915664,-1.0209132439141,0.232660183915763,-4.38800153396135,1.14396969171884e-05,9.15496013647111e-05,"S000003876","S000003876",NA
"S000003882",8451.39377116528,1.23727968077849,0.284141606443239,4.35444740482121,1.33403003646164e-05,0.000104535588328652,"S000003882","S000003882","ATP2"
"S000003885",123.10003852813,1.64732425965058,0.418882613694399,3.93266324692197,8.4009889788244e-05,0.000512048338909753,"S000003885","S000003885",NA
"S000003889",39.8455113262984,-1.75663774641511,0.488214517586113,-3.59808584779592,0.000320567815489125,0.00164519776904347,"S000003889","S000003889",NA
"S000003898",1320.34768484154,1.08835634776126,0.245678387418127,4.43000444279599,9.42311469083729e-06,7.76727671719362e-05,"S000003898","S000003898","MET5"
"S000003903",357.00193520526,1.05254699596831,0.223774022200645,4.70361566377242,2.55594188957855e-06,2.5177172589763e-05,"S000003903","S000003903",NA
"S000003906",4551.77084375988,1.15913470949411,0.449360614056982,2.57952004077313,0.00989377175860011,0.0302416304051037,"S000003906","S000003906","RPS4A"
"S000003907",81.0252182668551,-2.89999773651692,0.61155411798521,-4.74201325971131,2.11604770432188e-06,2.15090041158291e-05,"S000003907","S000003907",NA
"S000003908",549.024248684813,-1.94405574487532,0.463057431095488,-4.19830374015623,2.6892177454094e-05,0.000191610115828198,"S000003908","S000003908","HMS2"
"S000003909",2699.86113268894,-1.1423304207349,0.348004164761792,-3.28251939604466,0.00102883907501196,0.00447102368475098,"S000003909","S000003909","BAT2"
"S000003911",26.963071689097,-1.96060377550695,0.436747367642584,-4.48910267299294,7.15238198684235e-06,6.10322362614554e-05,"S000003911","S000003911","DAN1"
"S000003914",137.730142649753,-1.7498396638726,0.266351423284649,-6.5696651525025,5.04285348654036e-11,1.66077200191524e-09,"S000003914","S000003914","PGU1"
"S000003918",18.3079989686253,-2.31844881930234,0.61363882872575,-3.77819771300442,0.000157967446892014,0.000879902072652986,"S000003918","S000003918",NA
"S000001484",304.522171554302,2.94733993947268,0.276644347829002,10.6538953808464,1.67217979480746e-26,3.73444778237235e-24,"S000001484","S000001484","MET14"
"S000001488",1034.93795888613,-1.16465650892228,0.196793748814659,-5.9181580509407,3.25567039000658e-09,7.20881064199432e-08,"S000001488","S000001488","BYE1"
"S000001489",1547.84460207058,1.9335222933414,0.546654995435539,3.53700653883331,0.000404689646598271,0.0020126058172683,"S000001489","S000001489","RPL14A"
"S000001492",349.459383706308,1.71901041158449,0.513753447708963,3.34598321286262,0.000819913594633915,0.00366677878851769,"S000001492","S000001492","MRT4"
"S000001497",294.191481731276,1.56310987352684,0.465626387982563,3.35700448657858,0.000787918340579018,0.00354923316794702,"S000001497","S000001497","URB1"
"S000001512",1509.42125616696,2.01102198537158,0.35811003996015,5.61565374038484,1.9582045440653e-08,3.44687408230607e-07,"S000001512","S000001512","MAE1"
"S000001513",296.95844266073,1.36403065853841,0.333326506801199,4.09217578172367,4.27344503757107e-05,0.000285689195145011,"S000001513","S000001513",NA
"S000001526",755.3699505371,1.18886346354749,0.16894756651233,7.03687829360198,1.96594426091714e-12,8.56684186624654e-11,"S000001526","S000001526","PHD1"
"S000001533",1976.30102051183,-2.42820318109264,0.179851839316004,-13.5011306546953,1.53994512165642e-41,9.1710148432647e-39,"S000001533","S000001533",NA
"S000001536",43.009402207713,1.48508458532877,0.364842329208798,4.07048323737364,4.6915717043371e-05,0.000309016748249263,"S000001536","S000001536",NA
"S000001545",3177.4601131081,1.09596295664504,0.277883655430464,3.94396336462216,8.01459071561233e-05,0.000491852920129871,"S000001545","S000001545","MSN4"
"S000113563",246.326148693507,-3.87420175878373,0.498334790341756,-7.77429518040837,7.58686385359203e-15,4.79818783448632e-13,"S000113563","S000113563",NA
"S000001554",245.491731405072,-1.28622790129203,0.235616159826395,-5.45899696455344,4.78831945948329e-08,7.88472926663533e-07,"S000001554","S000001554",NA
"S000001561",72.988949733047,1.66635974181105,0.485601805303614,3.43153531064241,0.000600174991090716,0.00281717607476506,"S000001561","S000001561","DHR2"
"S000001564",1214.11242495002,2.28454527220048,0.355303816471883,6.42983600594469,1.27741687272484e-10,3.88470624720344e-09,"S000001564","S000001564","TEF4"
"S000001572",178.120194209525,1.11275835761224,0.320623176991579,3.47061110195868,0.000519275472807422,0.002491441535024,"S000001572","S000001572","MIF2"
"S000001574",784.72013249095,-1.44303863842213,0.456860765103737,-3.15859611646553,0.00158531023466234,0.00644999692115821,"S000001574","S000001574",NA
"S000001576",1789.8935439069,-1.31348808643733,0.251318418699189,-5.22639006418979,1.72851513117252e-07,2.46072378185746e-06,"S000001576","S000001576","MBR1"
"S000001579",730.282032245507,4.62390940634694,0.309619845288868,14.9341506260135,1.97575522050829e-50,1.882631291115e-47,"S000001579","S000001579","CWP1"
"S000001956",3460.21667598744,4.41572454375837,0.261401752211859,16.8924825728771,5.11065689001322e-64,8.11629099210655e-61,"S000001956","S000001956","CWP2"
"S000001582",153.184867477013,1.16549130672825,0.459285086646052,2.53762062086383,0.0111608899615563,0.0333473066445001,"S000001582","S000001582","UTP11"
"S000001586",1535.17753981325,1.36863653869479,0.244274876589675,5.60285428367559,2.10850476529902e-08,3.67971411604626e-07,"S000001586","S000001586","APE1"
"S000001589",344.160860218654,-1.04744491196415,0.283701272971028,-3.69206983456543,0.000222436363747061,0.00119701918186625,"S000001589","S000001589","AAT1"
"S000001590",1615.96360872746,-2.44674621132736,0.157237956210507,-15.5607861504616,1.34437435059322e-54,1.6012618827524e-51,"S000001590","S000001590",NA
"S000001592",2773.67008785325,1.63540207003134,0.34816576203326,4.69719383227324,2.63760124649647e-06,2.59101268839684e-05,"S000001592","S000001592","HAP4"
"S000001603",783.649763747803,3.52515444851989,0.529362922619117,6.6592394327101,2.75248218007741e-11,9.8107799999617e-10,"S000001603","S000001603","OAC1"
"S000001611",225.343128855244,1.98898230831507,0.209124164865696,9.51101136299786,1.88817767216476e-21,2.56064117887728e-19,"S000001611","S000001611","PMU1"
"S000001616",1351.58750090794,-2.13462215533827,0.161108107127212,-13.2496259400078,4.53457743397812e-40,2.49279674091728e-37,"S000001616","S000001616",NA
"S000001627",83.517803534205,1.68043291033622,0.387421338854996,4.3374815525202,1.44124626690011e-05,0.000112015948302356,"S000001627","S000001627","RPC25"
"S000001632",341.406406662842,-1.42943324033364,0.372087022344474,-3.84166378963436,0.000122203149064339,0.000706002267411724,"S000001632","S000001632","DBR1"
"S000001634",3395.98258387782,-1.04125282239615,0.234435722961328,-4.44152797723539,8.93223306097622e-06,7.40965798842328e-05,"S000001634","S000001634","NNR2"
"S000001647",2141.69810972755,2.9479035315399,0.214148090026456,13.7657241359272,4.09757814699723e-43,2.66212202068324e-40,"S000001647","S000001647","PIR1"
"S000001660",78.4925815165367,2.07266012644646,0.452530587837036,4.58015476114702,4.64631991553845e-06,4.24172152361479e-05,"S000001660","S000001660",NA
"S000001661",806.968678775172,1.65849436603616,0.42373479421115,3.91399146044571,9.07828474155834e-05,0.000546801196001236,"S000001661","S000001661","STE3"
"S000001663",3319.974577139,1.28332516254107,0.385838171578662,3.32607102425954,0.000880794819031635,0.00389879230362934,"S000001663","S000001663","RPL17A"
"S000001665",5116.97415517674,1.80542142987076,0.218188534452865,8.27459350418241,1.28894588279647e-16,1.023494639045e-14,"S000001665","S000001665","FAS1"
"S000001668",933.015094022391,1.0770892730307,0.313788133973645,3.43253665902219,0.000597963036958377,0.00280881122101745,"S000001668","S000001668","ASH1"
"S000001669",480.156480530005,-1.24801190713641,0.415725921934538,-3.0020064693799,0.0026820647584246,0.0101468373721977,"S000001669","S000001669","MTR2"
"S000001670",2327.90582927208,-4.19423916073998,0.446943130749956,-9.38427927889212,6.33481921963965e-21,8.30674964278069e-19,"S000001670","S000001670","FAT3"
"S000001671",1187.68619067776,-1.7638343523482,0.3902353227742,-4.519924900209,6.18615719291584e-06,5.41449753572236e-05,"S000001671","S000001671","PXA2"
"S000001694",642.790892357061,1.65650945732042,0.421808068825096,3.92716398701064,8.5953379407981e-05,0.000521920651372498,"S000001694","S000001694","TRP3"
"S000001695",930.692273675395,1.88862566981991,0.441061497376558,4.28200076645431,1.85220344051213e-05,0.00013955479059167,"S000001695","S000001695","SAC1"
"S000001696",773.895606068531,1.12436893830453,0.306062451450966,3.67365853921046,0.00023910220862542,0.00127280739958403,"S000001696","S000001696","DOA1"
"S000001699",859.3299387625,1.9836540417021,0.417921902651006,4.74647064228789,2.06996752568367e-06,2.11027431131217e-05,"S000001699","S000001699","URA1"
"S000001700",17415.5181697027,-1.68087614967412,0.391796469574201,-4.29017686530169,1.78530879348121e-05,0.000135373557707673,"S000001700","S000001700","JEN1"
"S000001704",310.323327946312,-1.37246217447974,0.270777075243915,-5.06860550599947,4.00740828426361e-07,5.04206748300878e-06,"S000001704","S000001704","MCH2"
"S000001721",1465.8028679739,1.86773409177923,0.223999036247876,8.33813449854495,7.54717022988492e-17,6.30828678922486e-15,"S000001721","S000001721","PRY2"
"S000001723",267.240603464557,-1.19965924767828,0.177761050279347,-6.74871826979559,1.49156888540429e-11,5.63994552356705e-10,"S000001723","S000001723",NA
"S000001735",173.928938865972,1.13281956838526,0.45675839430353,2.48012862492127,0.0131334996331724,0.0379917243992984,"S000001735","S000001735","BCH2"
"S000001741",36.5688642396809,-1.75288825435486,0.629954024257985,-2.78256537279774,0.00539309991128345,0.0182230678562587,"S000001741","S000001741",NA
"S000001742",111.761787427025,-1.84258751964993,0.455921724367283,-4.04145584904301,5.3120383316959e-05,0.000344174813576289,"S000001742","S000001742","DAL80"
"S000001750",4814.63238190396,2.45665708105835,0.287978506569526,8.53069595478731,1.45469899727086e-17,1.35013069922028e-15,"S000001750","S000001750","UTH1"
"S000001751",718.981134214097,2.0026918378763,0.404793227809865,4.94744402892281,7.5194315580749e-07,8.76633240290085e-06,"S000001751","S000001751","SHB17"
"S000001758",813.514486621248,-1.41944483025433,0.341541621185584,-4.15599371264635,3.23876730285163e-05,0.000224064380734068,"S000001758","S000001758","TRK2"
"S000001764",310.663000515621,1.19827530518632,0.396153654665727,3.02477407711262,0.00248818914501662,0.00952939106369844,"S000001764","S000001764","TRM2"
"S000001765",470.774398134206,1.19208438508965,0.476525554287472,2.50161691091703,0.0123627616861264,0.0363133893916573,"S000001765","S000001765","RPS21A"
"S000001766",1509.43670442932,-1.66424891763174,0.33578697525133,-4.95626406112413,7.18615361154844e-07,8.4397447469073e-06,"S000001766","S000001766","GLG1"
"S000001767",2231.00330201174,1.50817490553651,0.453455176579201,3.32596248412898,0.000881137873823736,0.00389910329119587,"S000001767","S000001767","TIF1"
"S000001769",449.278390386051,1.39719554016846,0.290058277987257,4.81694764880953,1.45770913480074e-06,1.5677228490374e-05,"S000001769","S000001769","KTR2"
"S000001775",1413.71274654627,-1.33238189771247,0.46402873590553,-2.87133488643196,0.00408742251503323,0.0144822830955305,"S000001775","S000001775","GPT2"
"S000001783",862.273804090204,-1.41886594421523,0.264274322566639,-5.36891337166309,7.92124541977176e-08,1.24142939457015e-06,"S000001783","S000001783",NA
"S000028669",34.1779736012792,-1.03178735188937,0.397737444244612,-2.59414185619097,0.00948273523722786,0.029172779755854,"S000028669","S000028669",NA
"S000001784",2696.20276178844,-1.94116191453103,0.224015641559593,-8.66529632045644,4.50340139203882e-18,4.50119692981894e-16,"S000001784","S000001784","ECM4"
"S000001785",246.708241498964,1.01184580584113,0.372708673708402,2.71484372975118,0.00663070505017964,0.0217668046123605,"S000001785","S000001785","MSA2"
"S000001788",581.334174014379,1.00025767782813,0.18137521590733,5.5148531337335,3.49071336155225e-08,5.86973718549016e-07,"S000001788","S000001788","MTD1"
"S000001798",237.059841302118,1.14602544340303,0.313486645663752,3.65573927711187,0.000256441886717598,0.00135351694492416,"S000001798","S000001798","PXL1"
"S000001800",262.904697826981,2.20064519337863,0.413251013392862,5.3252021702523,1.00840817613198e-07,1.53168736040961e-06,"S000001800","S000001800","SRP40"
"S000001804",1973.33201565739,-1.04203183850124,0.281265340382611,-3.70480001938293,0.000211557573876386,0.00114234696011152,"S000001804","S000001804","ESL2"
"S000001805",5710.23621593039,1.17631325618653,0.479462499613209,2.45339991581299,0.0141512913080944,0.0403721370592001,"S000001805","S000001805","PCK1"
"S000001811",186.602953727613,-1.23625278159894,0.317085705829067,-3.89879694629115,9.66717974130401e-05,0.000577646321247735,"S000001811","S000001811","NFT1"
"S000001812",78.6322497909013,-1.52435083072473,0.422993262713087,-3.60372366440902,0.000313690563799909,0.0016157042264476,"S000001812","S000001812",NA
"S000001813",650.084901622973,-2.97288150617962,0.44963737016853,-6.6117313715836,3.79850838098599e-11,1.30196835226457e-09,"S000001813","S000001813","VBA5"
"S000001814",456.559061897322,-1.68220506930903,0.242096986649299,-6.94847586742527,3.69253651254267e-12,1.5522771874639e-10,"S000001814","S000001814","GEX2"
"S000003931",425.870337062689,1.54273846072423,0.509215049648364,3.02964034898332,0.00244845112785578,0.00940239440366543,"S000003931","S000003931","DRS1"
"S000003939",1550.7993639446,-2.20072173836673,0.159328077992452,-13.8125167019901,2.14214812325038e-43,1.4579868155056e-40,"S000003939","S000003939","SDC25"
"S000003940",72.414497554247,-1.78465579750467,0.295774024536924,-6.03384898419933,1.60099691560043e-09,3.79486715002935e-08,"S000003940","S000003940",NA
"S000003947",4900.01273009001,1.96721528345104,0.173770056086283,11.320795583298,1.03528070698455e-29,2.74023465646855e-27,"S000003947","S000003947","SSA2"
"S000003948",40.7545752986263,-2.08657284071538,0.487672438136076,-4.27863598092694,1.88042098185753e-05,0.000141531632931488,"S000003948","S000003948","PAU17"
"S000003961",97.0857024133349,1.13418745922191,0.367635775091922,3.08508457572802,0.00203494278294581,0.00800149578999846,"S000003961","S000003961","ENT4"
"S000003967",2161.52721517314,1.36019783093354,0.45511231162486,2.98870805335347,0.00280159686864452,0.0105321473023504,"S000003967","S000003967",NA
"S000003968",4374.7017804549,1.36283080658505,0.470039826502711,2.89939432733833,0.00373884350885202,0.0134329841042437,"S000003968","S000003968","RPL8B"
"S000003975",75.9579570095721,1.66276168754752,0.2512799060699,6.61716932942891,3.66142022139825e-11,1.25799709674147e-09,"S000003975","S000003975","AQY2"
"S000003976",92.4868882616646,1.38090078998091,0.360100991006605,3.8347597603684,0.000125687081187729,0.000722434502773279,"S000003976","S000003976",NA
"S000003978",739.411846650753,1.83130719254398,0.423202803691128,4.32725675863091,1.50977929630903e-05,0.000116581715192572,"S000003978","S000003978","YCT1"
"S000003981",265.120396778032,2.19137817531621,0.311022568753744,7.04572077871062,1.84503910472938e-12,8.08930795211566e-11,"S000003981","S000003981",NA
"S000003987",10.6609632368025,1.74724079086768,0.714084160581718,2.44682754123032,0.0144119780554894,0.0408873367104227,"S000003987","S000003987","PAU18"
"S000003994",1219.10420665765,-2.28982442493712,0.355428844377024,-6.44242711632084,1.17577832293715e-10,3.60630892054522e-09,"S000003994","S000003994","THI73"
"S000003995",877.653448032584,-1.07671762086595,0.137397949048406,-7.83648976075051,4.63316112467835e-15,2.99646026945827e-13,"S000003995","S000003995","SSL1"
"S000003997",639.446231240793,-1.13307415889898,0.198170944259918,-5.71766039229674,1.08000717042633e-08,2.06397328856443e-07,"S000003997","S000003997","NSE1"
"S000003998",62.3238603727524,1.29436948489789,0.506029148422604,2.55789511124548,0.0105307850309922,0.0317880697883783,"S000003998","S000003998","PAM18"
"S000003999",190.75910883681,1.37964024893521,0.477086833416146,2.89180114038445,0.00383040309178918,0.0137281723648302,"S000003999","S000003999","RLP24"
"S000004000",189.945749006245,-1.28766700488222,0.282630489557737,-4.55600882586012,5.21347466675539e-06,4.67772714450313e-05,"S000004000","S000004000","TEN1"
"S000004013",968.550981111745,1.60715612266267,0.243483453393779,6.60067902053065,4.0927882709955e-11,1.39228724727624e-09,"S000004013","S000004013","IZH3"
"S000004016",182.260603574768,1.72719956500532,0.473524541481347,3.64753970217056,0.000264763409916088,0.00138872052034152,"S000004016","S000004016","SED5"
"S000004030",492.44623041191,1.08799830489399,0.397716216820356,2.7356146389812,0.00622638942974727,0.0206673906454663,"S000004030","S000004030","AFB1"
"S000004032",69.5962801482586,1.85594161139908,0.527604731405151,3.51767431360256,0.000435346316692272,0.00213901853024498,"S000004032","S000004032",NA
"S000004038",2890.64800755912,1.12666175723385,0.423717733749988,2.65899127530647,0.00783749925643707,0.0249268751384635,"S000004038","S000004038","RPS0B"
"S000004043",307.867540511716,-3.57699004987523,0.544419570856656,-6.57028189535281,5.02200948585692e-11,1.65772705730607e-09,"S000004043","S000004043",NA
"S000004046",1940.77879952378,2.37898452530171,0.34847303083446,6.82688275647889,8.67795586377338e-12,3.44609857413262e-10,"S000004046","S000004046","ERG3"
"S000004048",2284.45448972433,1.158452779643,0.28086708048724,4.12455876862947,3.7144614354464e-05,0.000253174999031165,"S000004048","S000004048","SHM2"
"S000004050",988.120339134226,2.70507926746307,0.492939281648896,5.48765206622306,4.07311336634636e-08,6.78519922438095e-07,"S000004050","S000004050","FRS1"
"S000004051",1152.84005836501,1.63518594170376,0.534258658186423,3.06066343829505,0.00220847190219672,0.00860569490133527,"S000004051","S000004051","RPL22A"
"S000004052",1103.43050353258,1.59185796255458,0.528154862344199,3.01399849939687,0.0025782908120724,0.00981137129311788,"S000004052","S000004052","BUD28"
"S000004060",482.715516892878,-1.60680051883419,0.211386921768453,-7.60122956232003,2.93330232430674e-14,1.69055202102081e-12,"S000004060","S000004060","XYL2"
"S000004063",63.9369895993257,1.50972641599078,0.369543005529304,4.08538760956487,4.40032965158211e-05,0.000292938573405045,"S000004063","S000004063","RFU1"
"S000004066",4438.95692472694,1.08833779089794,0.424970736998022,2.56097113553256,0.0104380028036805,0.0315680012850201,"S000004066","S000004066",NA
"S000004070",1181.75154225675,-1.31537938618249,0.174911545965666,-7.52025476031573,5.46696089744988e-14,3.00535661950966e-12,"S000004070","S000004070","EMP46"
"S000004071",115.486062770088,-2.22218862014041,0.507327156934462,-4.38018858199519,1.18576644149967e-05,9.46824566947193e-05,"S000004071","S000004071","GAL2"
"S000004073",530.431616531747,1.53181118565517,0.415105096966378,3.69017676932846,0.000224098273725177,0.00120460196553364,"S000004073","S000004073","EMP70"
"S000004074",244.256201948146,1.86549568026257,0.283526829371117,6.57960900702193,4.71686991269118e-11,1.58631109793165e-09,"S000004074","S000004074","RAX2"
"S000004079",826.701763163194,1.57299324335171,0.153607613207287,10.2403338643705,1.30784275539383e-24,2.39653801318513e-22,"S000004079","S000004079","ALT1"
"S000004089",573.405799064508,1.04273469922479,0.27788859148823,3.75234799543381,0.000175186054044923,0.000963793021733673,"S000004089","S000004089","ICT1"
"S000007618",18.0319939407802,1.95835690281909,0.554079476146947,3.53443321242911,0.00040865069589058,0.00202948033230162,"S000007618","S000007618","MIM2"
"S000004091",97.1751367502175,1.09591432209952,0.258068492839832,4.24660255903338,2.17036456170637e-05,0.000160730677100877,"S000004091","S000004091",NA
"S000004093",184.507822661738,1.28924099559934,0.339313587013893,3.79955605947061,0.000144955520754059,0.000816653235371604,"S000004093","S000004093","CDC45"
"S000004097",753.061113748479,1.11488815302705,0.277629786654576,4.01573680713944,5.92603608497414e-05,0.000378466638795958,"S000004097","S000004097","REX3"
"S000004098",170.852222160249,-1.02508310308502,0.395913125758296,-2.58916170339559,0.00962099039295784,0.0295408841431893,"S000004098","S000004098",NA
"S000004100",10102.0853286189,4.48745365412805,0.286702866980902,15.65193156728,3.22287062156823e-55,4.18768089037043e-52,"S000004100","S000004100","CCW12"
"S000004103",782.672501587086,1.86251888479004,0.24238705504338,7.68406912017932,1.54113446042952e-14,9.29427630502917e-13,"S000004103","S000004103","HOG1"
"S000004110",1954.84650419556,1.34861943483638,0.249909670663106,5.39642756223872,6.79808390187371e-08,1.08081216028344e-06,"S000004110","S000004110","YPS1"
"S000004111",1743.45160133698,1.89081836613296,0.165110426983603,11.4518410537496,2.3020365111431e-30,6.71489956199354e-28,"S000004111","S000004111","YPS3"
"S000004115",37.1376474510169,-1.32857531393302,0.519226181559946,-2.55876024961124,0.010504615965295,0.031722475383892,"S000004115","S000004115",NA
"S000004119",463.192753052262,1.0049575425647,0.342169420815158,2.93701739965706,0.00331385510136369,0.012147968957115,"S000004119","S000004119","DIP2"
"S000004120",2991.9205851677,-1.43375988894008,0.283235065869917,-5.0620846840997,4.14696735315015e-07,5.19702127347112e-06,"S000004120","S000004120","ZRT2"
"S000004122",74.8213025649845,1.49008816921391,0.286914709182394,5.193488244155,2.06389980339579e-07,2.86123374296178e-06,"S000004122","S000004122","USB1"
"S000004123",358.431664568825,1.64174960135349,0.223769991169852,7.33677287455103,2.18805453593963e-13,1.10508351527156e-11,"S000004123","S000004123","CKI1"
"S000004124",153.196444321956,1.29010049218381,0.337738859393468,3.81981657219028,0.000133550953198614,0.000762305352693381,"S000004124","S000004124","PDC5"
"S000004135",88.3663627569077,1.05005425150611,0.269149301797583,3.90138203775023,9.56450666392431e-05,0.000572468566781701,"S000004135","S000004135","RMP1"
"S000004136",134.768901470407,1.57558536692142,0.366928940205614,4.29397955374825,1.75498643835245e-05,0.000133425644486019,"S000004136","S000004136","SPE4"
"S000004139",4804.34878577371,-1.5872804714585,0.327871433925689,-4.84116732114654,1.29078627833854e-06,1.40389545831023e-05,"S000004139","S000004139",NA
"S000004141",478.553477169677,-1.36250646493338,0.431826480295135,-3.15521749384652,0.00160378500470665,0.00651774213030201,"S000004141","S000004141","PCD1"
"S000004143",2010.68006112024,2.06861051259766,0.451327276512607,4.58339351563628,4.57489907902077e-06,4.18891944499961e-05,"S000004143","S000004143","ACS2"
"S000004154",1360.38374680259,-3.20476166451523,0.212201346125367,-15.1024568082706,1.56010454724435e-51,1.59275530669739e-48,"S000004154","S000004154","SHH4"
"S000004155",285.034179634919,-1.32931332207915,0.208407763865273,-6.37842514801173,1.78918253492407e-10,5.30555725553315e-09,"S000004155","S000004155","PUS5"
"S000004157",4587.9472058409,1.40889291291807,0.473706613772286,2.97418881636163,0.00293764249178101,0.0109571305154034,"S000004157","S000004157","RPS31"
"S000004158",401.550964259354,2.5286384748448,0.331766331558863,7.62174528971505,2.50268510471754e-14,1.46003584496848e-12,"S000004158","S000004158","UPS2"
"S000004165",943.681475302619,1.52372179316947,0.577651932926727,2.63778532766157,0.00834493901401502,0.0262718531557966,"S000004165","S000004165","CBF5"
"S000004167",1640.9682682582,1.43671550165109,0.336339518176436,4.27162264321681,1.94055753882667e-05,0.000145368914583069,"S000004167","S000004167",NA
"S000004169",440.997363967815,3.49324962559539,0.257733135839466,13.5537466465749,7.52871280853748e-42,4.67860400749679e-39,"S000004169","S000004169",NA
"S000004170",708.259560628097,4.17136823833315,0.299034699778664,13.9494454704443,3.17060949185003e-44,2.26587607335063e-41,"S000004170","S000004170","SAM1"
"S000004173",241.32751794501,1.39874595286893,0.289910410242933,4.82475241815856,1.40177285777613e-06,1.51097582625899e-05,"S000004173","S000004173","TOS4"
"S000004175",394.342520611946,1.54135396735624,0.479587734177631,3.21391448844968,0.00130938661913832,0.00548989819517279,"S000004175","S000004175","RPL37A"
"S000004176",165.561810295125,1.3465845533144,0.480953946985792,2.79982015274777,0.00511310852226712,0.0174779427262976,"S000004176","S000004176","EMG1"
"S000004177",235.798853609745,1.11472590041842,0.256572845815623,4.34467605827423,1.39481339539978e-05,0.000108940261532508,"S000004177","S000004177","SKG3"
"S000004180",337.301406216157,1.01721833826387,0.224007292624032,4.54100545722472,5.59865822916216e-06,4.97337613855903e-05,"S000004180","S000004180","MMR1"
"S000004184",1624.55219180974,3.36854283473551,0.330269993283451,10.1993608358011,1.99581593880464e-24,3.61091103966263e-22,"S000004184","S000004184","NCW2"
"S000004186",442.382078692441,1.73332154562865,0.606374098203692,2.85850195574548,0.00425646484913275,0.0149846433715897,"S000004186","S000004186","PWP1"
"S000004187",920.889904293855,1.76644279963777,0.573349421702315,3.08091842910223,0.00206363174591167,0.00810761092477061,"S000004187","S000004187","NOP56"
"S000004188",148.079426669326,2.1063591158133,0.400508335427328,5.25921417731766,1.44672308259423e-07,2.10928155856348e-06,"S000004188","S000004188",NA
"S000004199",201.350811610273,1.85116359748723,0.181563662832728,10.195672243034,2.07305323866649e-24,3.70376874253252e-22,"S000004199","S000004199","PNP1"
"S000004200",76.0800751221101,2.26207278012544,0.555324769217363,4.07342316697569,4.63271393058617e-05,0.000306269103653414,"S000004200","S000004200","CLB4"
"S000004201",266.807268728205,-1.22178089835369,0.205304815085771,-5.95105817583118,2.66414359861752e-09,6.02509564162029e-08,"S000004201","S000004201","ATG38"
"S000004202",198.236674632959,1.35861484783871,0.345298111435267,3.93461418654012,8.33304450958104e-05,0.000508718621484361,"S000004202","S000004202","TUB4"
"S000004203",180.189656478943,-2.15712312106791,0.253136223407255,-8.52159004362427,1.57377589383032e-17,1.45122444196882e-15,"S000004203","S000004203","CRR1"
"S000004206",3845.16950564145,1.13499044545927,0.270997569814121,4.18819418283995,2.81182884437596e-05,0.000198075257134872,"S000004206","S000004206","CPR6"
"S000004207",495.185687958773,1.26478934633191,0.31722119844944,3.98708961606013,6.6888765259283e-05,0.000419624940991776,"S000004207","S000004207",NA
"S000004218",609.635285462971,-1.49772792599488,0.237484967387328,-6.30662202526761,2.85191148815547e-10,8.20168428575576e-09,"S000004218","S000004218","ECM22"
"S000004234",1202.20609279064,1.15090041739396,0.203939472827448,5.64334310292018,1.66779513135244e-08,3.00472472531798e-07,"S000004234","S000004234","MAP1"
"S000004239",7257.76446629578,2.44043684593557,0.541968855356559,4.50290975545083,6.70293515577725e-06,5.77835055377107e-05,"S000004239","S000004239","YEF3"
"S000004247",2879.7303421057,1.23332674489992,0.311892951277808,3.95432708513305,7.67503544879583e-05,0.000473658383720375,"S000004247","S000004247",NA
"S000004255",401.186227801546,-1.28207829713661,0.269577940567518,-4.7558724368825,1.97591214668883e-06,2.03324062725871e-05,"S000004255","S000004255","NEJ1"
"S000004257",2984.01706941319,-3.15115460869662,0.212957154797163,-14.7971295526465,1.52868418220285e-49,1.36559268851408e-46,"S000004257","S000004257","BOP2"
"S000004274",1563.05846890463,-3.65015903874252,0.724011090859624,-5.04157889958379,4.61706416627437e-07,5.69384798348228e-06,"S000004274","S000004274","ECI1"
"S000004276",6677.69078020344,2.31856161385508,0.207840186653481,11.1555019805706,6.7311836625637e-29,1.71801443016112e-26,"S000004276","S000004276","CTS1"
"S000004278",96.1813249616925,1.58670193483623,0.4116067845337,3.85489742748961,0.000115778160957925,0.000673511296121949,"S000004278","S000004278","RPS30A"
"S000004284",1481.74010208619,1.45791005354664,0.421521690478612,3.45868335243028,0.00054282266366605,0.00258877688748043,"S000004284","S000004284","GSP1"
"S000004285",211.35654719916,1.08554563452626,0.429779546413313,2.52581967565833,0.0115428711992958,0.0342784662479813,"S000004285","S000004285",NA
"S000004286",511.660831088118,1.15196883692634,0.407191699105744,2.8290577618754,0.00466852721298259,0.0161959367609612,"S000004286","S000004286","ATP14"
"S000004291",5680.54210065523,2.63378455162197,0.531161769053165,4.95853561960396,7.10265174968467e-07,8.36229007069547e-06,"S000004291","S000004291","EXG1"
"S000004292",365.683571646112,1.71847365314064,0.211175017482174,8.1376749656749,4.02940845074299e-16,3.0153054966738e-14,"S000004292","S000004292","HRI1"
"S000004294",2107.7113891207,4.90854258048378,0.43154716014873,11.3742900747906,5.61579405104953e-30,1.51446310135191e-27,"S000004294","S000004294","MET17"
"S000004297",109.127191429088,-1.09324421905235,0.278422474926768,-3.92656598336718,8.61672618829795e-05,0.000522080828356687,"S000004297","S000004297","UBC12"
"S000004299",26.3007722049754,-1.99300075630361,0.672172522703198,-2.96501372636982,0.00302669424496,0.0112423442939743,"S000004299","S000004299","CDA2"
"S000004302",80.1827798340763,-1.79799423066742,0.395990292663356,-4.54050077484083,5.61207726109483e-06,4.9822000181881e-05,"S000004302","S000004302",NA
"S000004303",2572.20152676062,-1.80877973200273,0.303902519474698,-5.95184184431655,2.65141530250375e-09,6.00581282388052e-08,"S000004303","S000004303","ATG39"
"S000004306",541.727239616652,2.80489799944173,0.287348581795864,9.7613079623075,1.65013115021797e-22,2.56362223152885e-20,"S000004306","S000004306","CDC3"
"S000004317",338.790340696811,1.23740414534354,0.360393113739741,3.43348443177285,0.00059587642201699,0.0028006779677372,"S000004317","S000004317","RPL38"
"S000004319",4140.91812993295,-1.1242568360676,0.447686372512529,-2.51125990223466,0.0120301089830066,0.0354601665692129,"S000004319","S000004319","TMA10"
"S000004320",459.997671511452,1.30172546065382,0.467286831451013,2.78570970342075,0.00534106802017916,0.0180771691244188,"S000004320","S000004320","NMA1"
"S000004323",99.9494493757491,1.70595030896976,0.318669480239021,5.35335328532308,8.63390440226059e-08,1.33564601686895e-06,"S000004323","S000004323","JIP3"
"S000004324",1011.70461882914,1.34219855853758,0.192156328173123,6.98493029762896,2.84997440644238e-12,1.21960132309224e-10,"S000004324","S000004324","MID2"
"S000004331",2155.3314268779,1.47137938942397,0.365233679264119,4.02859723229395,5.61106535461037e-05,0.00036076903784726,"S000004331","S000004331",NA
"S000004332",4739.28957601886,1.4638701798005,0.366495113089051,3.99424201720477,6.49015445484335e-05,0.000409734000101926,"S000004332","S000004332","RPP0"
"S000004333",21.3767064849077,1.67596588819351,0.644857084197537,2.59897259294141,0.00935032383071458,0.0288523701451648,"S000004333","S000004333","SPO77"
"S000004334",3416.99681733731,1.1464818240117,0.264610197918871,4.33271972519825,1.47278554315085e-05,0.00011421879418478,"S000004334","S000004334","FKS1"
"S000004336",952.079022067924,1.05284116173247,0.372969383633274,2.82286216492153,0.00475970297673111,0.0164324721368159,"S000004336","S000004336","RPL26A"
"S000004337",3672.48858006189,-1.44804325618569,0.203995509061801,-7.09840752301563,1.26202589105946e-12,5.74462931876205e-11,"S000004337","S000004337",NA
"S000004338",155.201596610506,-1.42837874488825,0.482733113513409,-2.95894088245217,0.00308698315120193,0.0114217577478978,"S000004338","S000004338","CIS1"
"S000004344",647.469078820609,-1.16942511523468,0.300496764193781,-3.89163962671011,9.95690618037549e-05,0.000592234956454877,"S000004344","S000004344",NA
"S000004347",8296.38983398533,1.77690971510066,0.349097615608893,5.09000816863613,3.58048090104246e-07,4.5774430696422e-06,"S000004347","S000004347","ILV5"
"S000004348",1257.10382598147,-1.24491623443793,0.172195595099564,-7.22966364916659,4.84191726418693e-13,2.34594994769572e-11,"S000004348","S000004348","ATG33"
"S000004351",1733.26456760003,1.09904789089958,0.233254122743491,4.71180478172383,2.45532533921535e-06,2.44216875945755e-05,"S000004351","S000004351","ADE13"
"S000004356",30.8837154269313,1.8717041537329,0.526916118744584,3.55218617755018,0.000382044438890304,0.00191598637370495,"S000004356","S000004356","GRX8"
"S000004364",663.642964486406,1.9753860211238,0.255610076109886,7.7281226592749,1.09144156112855e-14,6.76585492779509e-13,"S000004364","S000004364","ELO3"
"S000004369",1179.65079161627,1.38238540334265,0.391425492951548,3.53166931698485,0.000412945401623149,0.00204725238480738,"S000004369","S000004369","FBP1"
"S000004372",378.907999537192,1.36439557490063,0.280151887509787,4.8701994729661,1.11485644652297e-06,1.22857696146128e-05,"S000004372","S000004372","CSR1"
"S000004393",385.414585310495,1.20034335936963,0.379542693787868,3.1626043104403,0.00156364705891912,0.00637274234762789,"S000004393","S000004393","DUS3"
"S000004401",392.626018366132,1.13902803616407,0.480568975492441,2.37016556259567,0.0177801214166374,0.0487028124584128,"S000004401","S000004401","UTP21"
"S000004406",1271.74625802983,2.88529996143313,0.274270623824282,10.5199015527148,6.99466304201503e-26,1.36951669670576e-23,"S000004406","S000004406","PUN1"
"S000004429",43.1972846831266,1.24277549542977,0.42684852643088,2.91151408163761,0.00359681694463177,0.0129887075769636,"S000004429","S000004429","DIF1"
"S000004440",957.70453249359,1.76714262606398,0.43481099158112,4.06416272881707,4.82051871275628e-05,0.000316343773927573,"S000004440","S000004440","RPL6B"
"S000004446",2307.72648408518,-1.50640869705304,0.20325503861776,-7.41142117458638,1.24953059956216e-13,6.56600766894925e-12,"S000004446","S000004446","FMP27"
"S000004450",33.4317768375276,-1.32491796420702,0.373620332298871,-3.54616130245069,0.000390886863323163,0.00195484462472987,"S000004450","S000004450",NA
"S000004458",1566.66456180836,-1.23202294527432,0.234677772033483,-5.24984933425452,1.5222366337553e-07,2.2088658077426e-06,"S000004458","S000004458","YRF1-4"
"S000004463",4970.75019634368,-1.08442977146989,0.222374036581255,-4.87660244937653,1.07928644780203e-06,1.19676037226023e-05,"S000004463","S000004463","GLO1"
"S000004465",530.587646862154,1.38930322100114,0.208425188003336,6.66571653028282,2.63377181833673e-11,9.43471192969596e-10,"S000004465","S000004465","GIS4"
"S000004467",712.375258336779,1.69117674871776,0.40161821334444,4.21090650903164,2.54347997669797e-05,0.000182866998525876,"S000004467","S000004467","ERG6"
"S000004476",154.784551627733,1.56408898373953,0.336347012063966,4.65022410676886,3.31574531134896e-06,3.14896662691766e-05,"S000004476","S000004476","TRM9"
"S000004480",227.571870963044,1.38472760177977,0.403720823000456,3.42991374952738,0.000603773138275606,0.00282941949684368,"S000004480","S000004480",NA
"S000004483",195.973060278394,1.31091359368327,0.462888826485263,2.83202686838889,0.00462539618376965,0.0160658050193486,"S000004483","S000004483","UNG1"
"S000004486",1638.69341895563,1.37220596973449,0.383259333889783,3.58035890687297,0.000343122582350308,0.00174652815866558,"S000004486","S000004486","RPS17A"
"S000004488",1938.59796118075,1.32524853031676,0.404572602962071,3.27567541799413,0.00105409629882409,0.00456274936374703,"S000004488","S000004488","RPS18B"
"S000004489",661.137964122093,-1.17262964400134,0.26313577781213,-4.4563671795272,8.33602074962993e-06,6.9595061083213e-05,"S000004489","S000004489","YOX1"
"S000004500",53.3078448933187,1.91308282994285,0.369461947944865,5.17802399024957,2.2424840010365e-07,3.07304159413372e-06,"S000004500","S000004500","CGI121"
"S000004502",337.363613543581,1.52218943153499,0.375412038847282,4.05471661539926,5.0195117455921e-05,0.000327298728922207,"S000004502","S000004502","YMD8"
"S000004506",4857.25093756108,-2.69636428398195,0.192701608379137,-13.9924326873126,1.73378329176988e-44,1.30426129417194e-41,"S000004506","S000004506","CAT2"
"S000004516",194.016657053961,2.73513875459565,0.284289232924093,9.62097201664319,6.52119739416849e-22,9.51096677090308e-20,"S000004516","S000004516","SUR7"
"S000004520",410.570229986286,2.94699386435387,0.367807690685855,8.01232257775409,1.12562156929854e-15,8.04425454499199e-14,"S000004520","S000004520","IMD4"
"S000004525",97.5872590645003,1.94507534974553,0.492308297106451,3.95092945046375,7.784827215126e-05,0.000479605755973258,"S000004525","S000004525","OGG1"
"S000004529",89.2328352712364,3.21167503148224,0.387429620976715,8.28969923204519,1.13535192658259e-16,9.11662083519376e-15,"S000004529","S000004529","TEM1"
"S000004537",2718.28349469085,-1.26326020816003,0.211511131653605,-5.97254715760726,2.335775962414e-09,5.36740286668542e-08,"S000004537","S000004537","TCB3"
"S000004540",951.391338863862,-1.20598137378367,0.343540978679417,-3.51044401870049,0.000447358994286025,0.00218676542589951,"S000004540","S000004540","HMG1"
"S000004548",57.147116568714,-1.76476469981174,0.345246822966613,-5.11160301099251,3.19436559882891e-07,4.16579083066255e-06,"S000004548","S000004548",NA
"S000004550",699.421211628213,1.45599074605015,0.278949742850325,5.21954503765715,1.79363195315148e-07,2.52824275210987e-06,"S000004550","S000004550","TUB1"
"S000004592",4198.42107906881,3.40133116342477,0.757023873122473,4.49303025199906,7.02168053244857e-06,6.01323426304898e-05,"S000004592","S000004592","PHO84"
"S000004593",475.38689584439,2.59466512110312,0.319709074596515,8.11570683246225,4.82965358245026e-16,3.55825972443101e-14,"S000004593","S000004593","TUB3"
"S000004595",866.629233096479,1.52698308998386,0.292166106182163,5.22642105868298,1.72822554401826e-07,2.46072378185746e-06,"S000004595","S000004595","ERG13"
"S000004597",18558.4014907404,-1.41394535934295,0.239362229341501,-5.90713649030086,3.48105332757671e-09,7.60775156132322e-08,"S000004597","S000004597","MSC1"
"S000004603",265.223661036164,1.01877023449913,0.311713849202711,3.26828672227716,0.00108200691623671,0.00466378915976214,"S000004603","S000004603","CDC5"
"S000004605",35.8319413931807,2.07187575057237,0.55550537602693,3.72971323048353,0.00019169782123685,0.00104537846582919,"S000004605","S000004605","AIM34"
"S000004614",1167.71402232951,1.60037699924479,0.553868074546517,2.88945522009932,0.00385909966586441,0.0138033312122623,"S000004614","S000004614","CLU1"
"S000004619",232.196830089852,-3.25166578698847,0.363617513354323,-8.94254448030373,3.80310666544164e-19,4.1813695053198e-17,"S000004619","S000004619","SPO20"
"S000004620",555.502417588454,-5.06193043280446,0.596834284591752,-8.48129968985768,2.22692192472885e-17,2.01451867532591e-15,"S000004620","S000004620","PEX9"
"S000004623",343.049533835389,1.06674366873903,0.26465779021689,4.03065282100641,5.56221507255356e-05,0.000358272825741361,"S000004623","S000004623","MAC1"
"S000004635",69.2445538183243,3.38885962630297,0.410802048882008,8.24937372032516,1.59226762687832e-16,1.25045501049296e-14,"S000004635","S000004635","HOF1"
"S000004639",996.588974479148,-1.52331881782888,0.508575501631816,-2.99526582177309,0.00274205762674532,0.0103518831640441,"S000004639","S000004639","MIH1"
"S000004642",746.585266997954,1.17117687067122,0.328237905581295,3.5680731894664,0.000359616063168156,0.00181882250207447,"S000004642","S000004642","SUB1"
"S000004644",740.74005215763,-1.17891423553063,0.160184321298672,-7.35973549703706,1.84274994682656e-13,9.4742535935223e-12,"S000004644","S000004644","ARA2"
"S000004652",417.690825443331,1.17495837464812,0.462206527508425,2.5420635683833,0.0110200129165555,0.0330346150621494,"S000004652","S000004652","ERB1"
"S000004657",720.237868020472,-1.10264468241788,0.155265814376229,-7.10165780437689,1.23269148295081e-12,5.66522809190224e-11,"S000004657","S000004657","STB2"
"S000004660",1348.54710509069,-1.63160636559604,0.190588083598125,-8.56090441119316,1.11985526952975e-17,1.08149265995869e-15,"S000004660","S000004660","AAC1"
"S000004662",840.439444910438,1.43761255082094,0.396868402367433,3.62239105518398,0.000291892407567131,0.00151599497869077,"S000004662","S000004662","FET3"
"S000004673",39.8145632254071,1.21207543732215,0.358142032734181,3.38434287667589,0.000713488423588898,0.00325491107300388,"S000004673","S000004673","NAT4"
"S000004686",1929.45225633436,-1.30046390543337,0.321875599958132,-4.04026868020605,5.33900016906903e-05,0.000345451921306037,"S000004686","S000004686","ISF1"
"S000004689",255.297166867684,-1.47131781479962,0.392733300012382,-3.74635360625961,0.000179423631098318,0.000985210126503362,"S000004689","S000004689",NA
"S000004690",633.037329858974,-1.46935925710212,0.336276468429489,-4.36949770516047,1.24532648717341e-05,9.85573171714812e-05,"S000004690","S000004690",NA
"S000004699",188.713679421902,1.74274104403948,0.654586063231786,2.66235586415531,0.00775957941358839,0.0247506513185492,"S000004699","S000004699","UTP15"
"S000004707",71.9890846151474,-1.81453402812795,0.33906459172642,-5.35158808204908,8.71856816033344e-08,1.34572888461821e-06,"S000004707","S000004707","SRT1"
"S000004713",19471.5723134247,-2.87440013341981,0.513814728487788,-5.59423460257646,2.21597151284252e-08,3.85314851983675e-07,"S000004713","S000004713","SPG4"
"S000004714",5639.26309582281,2.25706735300003,0.439482958078807,5.135733505724,2.81045679580452e-07,3.72633200208107e-06,"S000004714","S000004714","ILV2"
"S000004716",6425.69865789519,-1.54301805768252,0.254371581354678,-6.06600017763402,1.31134984718254e-09,3.17142527339763e-08,"S000004716","S000004716","HFD1"
"S000004720",1855.79143826048,-2.02643400839855,0.246055420974989,-8.23568121510534,1.78538769050242e-16,1.38687751414951e-14,"S000004720","S000004720",NA
"S000004723",36.1333693650483,1.17804012917364,0.422431611543718,2.78871205890263,0.00529180905615446,0.0179529615095219,"S000004723","S000004723","SPC24"
"S000004724",2986.54369993066,-2.16809386176743,0.302570901462566,-7.16557293278139,7.7461903839497e-13,3.65400327253443e-11,"S000004724","S000004724","SHH3"
"S000004727",2029.35316565056,1.92361482792139,0.253838503630074,7.57810497781981,3.50638641210468e-14,1.98876115032588e-12,"S000004727","S000004727","ADE17"
"S000004728",335.792625196534,1.13748660756289,0.224825626929311,5.05941703843455,4.20540195816842e-07,5.24959040944116e-06,"S000004728","S000004728","RPL15B"
"S000007524",606.358127189398,4.37795429263619,0.388157389048004,11.2788121936145,1.66985374822909e-29,4.3394944769888e-27,"S000007524","S000007524",NA
"S000004730",74.3498761206757,1.16955317566226,0.48596160905211,2.40667812822402,0.0160983511721277,0.0449138655676794,"S000004730","S000004730","PKR1"
"S000004740",188.712975426075,-1.21354657162372,0.196697515564427,-6.16960803059167,6.84594893509747e-10,1.80201009446313e-08,"S000004740","S000004740","REC114"
"S000004742",3862.4870147289,-1.06104867274742,0.260112314834452,-4.0791943027485,4.51920537258784e-05,0.00030029289814225,"S000004742","S000004742","GID8"
"S000004750",3244.22449598122,1.00173805871468,0.375056317011505,2.67090037756637,0.00756480946351103,0.0242593272743916,"S000004750","S000004750","RPL13B"
"S000004752",100.988452571699,1.4557979375547,0.344826838355215,4.22182317507157,2.4233418908362e-05,0.000176171483749791,"S000004752","S000004752","FDO1"
"S000004753",4324.88354313354,1.51177558402579,0.19062168936708,7.93076375015524,2.17802210910949e-15,1.50388743987932e-13,"S000004753","S000004753","NDE1"
"S000004755",146.142854942435,-1.38603655451356,0.508999848543738,-2.72305887414121,0.00646805301927761,0.0213406929373349,"S000004755","S000004755",NA
"S000004760",1014.46937099973,-1.1494221430573,0.203733980076871,-5.64177925853904,1.6830178860992e-08,3.02203199070551e-07,"S000004760","S000004760","YIM1"
"S000004768",60.9271268251563,-1.29218391551242,0.392477400219047,-3.29237789180023,0.000993440274177849,0.00433962158888264,"S000004768","S000004768",NA
"S000004769",122.659275133504,-1.34443691044312,0.20520271180369,-6.55175021141676,5.68666064864926e-11,1.85569499203525e-09,"S000004769","S000004769","ATG16"
"S000004776",88.4466006464818,1.12503645632914,0.352019625769616,3.19594810621563,0.00139372176296104,0.00578746808774029,"S000004776","S000004776","MME1"
"S000004780",1493.26918937836,-1.01713641677416,0.172501168599737,-5.8964030506615,3.71510870243466e-09,8.02115539031701e-08,"S000004780","S000004780","ALD2"
"S000004784",3828.81914367334,1.32831622445187,0.322608515508088,4.1174245582447,3.83129886040431e-05,0.000260022576504078,"S000004784","S000004784","DDR48"
"S000004785",3418.27742137109,1.43775352066439,0.328511656031679,4.37656775419179,1.20562726297986e-05,9.60665930304234e-05,"S000004785","S000004785",NA
"S000004786",444.661249857888,-1.09093962970263,0.327445492733172,-3.33166787729037,0.000863272145804524,0.00383868184888265,"S000004786","S000004786","PAI3"
"S000004787",5132.31096814716,-2.12958390192565,0.32168637889251,-6.62006240132799,3.59047269844999e-11,1.23958034490207e-09,"S000004787","S000004787","SIP18"
"S000004793",937.677388967687,-1.10790000252858,0.185049738432004,-5.98703900862673,2.13695545425428e-09,4.93433025971833e-08,"S000004793","S000004793",NA
"S000004796",187.867509142234,1.29790952235145,0.354608002009531,3.66012474336821,0.000252092492819634,0.00133351517389749,"S000004796","S000004796","ADD37"
"S000004803",19023.100763256,-2.27742420096518,0.331197439705418,-6.87633395653913,6.14124392937439e-12,2.50790855664423e-10,"S000004803","S000004803","SPG5"
"S000004807",658.397327383324,1.35891044360637,0.417591119378194,3.2541650924709,0.00113726167286219,0.00487548922921994,"S000004807","S000004807","RPL36A"
"S000004811",90.510007245709,1.31923828473319,0.34212054271429,3.85606276158315,0.000115227915518807,0.000670583304768041,"S000004811","S000004811","CIK1"
"S000004812",612.690964234202,3.21959865775747,0.270007335321997,11.9241155204837,8.86202097380431e-33,3.16662164446463e-30,"S000004812","S000004812","CLN1"
"S000004815",544.741797173553,1.22111525482133,0.377672658101886,3.23326359117029,0.0012238458306299,0.005198344266625,"S000004815","S000004815","ERG2"
"S000004819",1777.04025232148,-2.23124007230992,0.33675817825729,-6.62564479905581,3.45735631564291e-11,1.19651316754199e-09,"S000004819","S000004819",NA
"S000004827",300.513034800499,1.38353758666744,0.415661916256788,3.32851659619622,0.000873098028693753,0.00387311921915575,"S000004827","S000004827","SCJ1"
"S000004828",285.830142752977,2.52481726531958,0.231809215988807,10.8917898477405,1.26136568093911e-27,3.10839649614875e-25,"S000004828","S000004828","GAS3"
"S000004830",1219.24389794927,2.13270580581709,0.524104645475523,4.06923660041608,4.71674301127114e-05,0.000310531588485023,"S000004830","S000004830","GUA1"
"S000004845",251.806147610599,-1.47935171604569,0.216168348436761,-6.84351676248509,7.72722780083744e-12,3.08506332283155e-10,"S000004845","S000004845","FUS2"
"S000004848",573.786187810379,1.01723273740023,0.318358841016164,3.19523947930376,0.00139714856736606,0.00579832882501834,"S000004848","S000004848","RNA1"
"S000004860",1802.84314579187,-1.48147831045927,0.350511246649708,-4.22662132704638,2.37226386941776e-05,0.00017325890386095,"S000004860","S000004860","FAA4"
"S000004863",337.488035902436,-1.01578810910263,0.233624453055739,-4.34795286116851,1.37414128135061e-05,0.000107501923012284,"S000004863","S000004863","GTO3"
"S000004864",51.2007248574033,2.46843854809453,0.521630962882427,4.73215495961826,2.2214871529174e-06,2.24552446086622e-05,"S000004864","S000004864","HOR7"
"S000004865",124.940604915032,-1.09513118941882,0.232472793804033,-4.71079291257615,2.46754872467383e-06,2.44927571487799e-05,"S000004865","S000004865",NA
"S000004874",1105.5415884191,1.54693217686827,0.165728688983807,9.33412426269432,1.01829545269406e-20,1.31121593741947e-18,"S000004874","S000004874","TPS3"
"S000004884",1156.22257860519,-1.39654888750702,0.223007890171096,-6.26232949173038,3.79268487485369e-10,1.06196955684054e-08,"S000004884","S000004884","URA10"
"S000004887",36.8203994025668,1.30904933613085,0.520867258522289,2.5132110239462,0.0119637747763468,0.0353010389922222,"S000004887","S000004887","RCE1"
"S000004893",1838.64650879004,-1.30754499075491,0.198101392086851,-6.60038264739533,4.10097901842368e-11,1.39228724727624e-09,"S000004893","S000004893","CAT8"
"S000004903",269.532865937755,2.02354809089318,0.583095784691261,3.47035280312413,0.000519775148190465,0.00249300207821688,"S000004903","S000004903","HAS1"
"S000004909",571.912199468146,1.27605264029815,0.212174217423304,6.01417389819955,1.80806338348295e-09,4.2364999901839e-08,"S000004909","S000004909",NA
"S000004910",2045.89717031553,1.24924387213554,0.214048584916752,5.83626316717486,5.3384553777051e-09,1.10999515285691e-07,"S000004910","S000004910",NA
"S000004911",799.112179942077,1.88521252806682,0.267311630484116,7.05248972763584,1.75744391359654e-12,7.7768253427354e-11,"S000004911","S000004911","LCB1"
"S000004916",387.086556082606,1.52866296500845,0.210977750247145,7.24561221843407,4.30490171195458e-13,2.09999864057907e-11,"S000004916","S000004916","ATM1"
"S000004918",18674.4465268019,-4.29876050911051,0.905222567724762,-4.74884372350024,2.04582948381188e-06,2.09163382060968e-05,"S000004918","S000004918","ADH2"
"S000004919",87.4739741864741,2.20381286400583,0.420942612740807,5.23542354064975,1.64606956858881e-07,2.36217593813653e-06,"S000004919","S000004919",NA
"S000004921",1681.91959172909,4.72434713674989,0.246488108557229,19.1666330858837,7.03149677357173e-82,2.01002366769321e-78,"S000004921","S000004921","SCW10"
"S000004923",315.210039760623,-1.05060113621284,0.210337709988208,-4.99483015324138,5.88875701206917e-07,7.07270080592483e-06,"S000004923","S000004923","FKS3"
"S000004924",3814.54419927256,4.22360394684058,0.252018127537629,16.7591275600202,4.85699018127746e-63,6.94209606609987e-60,"S000004924","S000004924","GAS1"
"S000004933",55.5617556511561,4.27963657862412,0.698102370825678,6.13038539542903,8.76664483241699e-10,2.24554936540746e-08,"S000004933","S000004933",NA
"S000004935",1042.23849507163,4.07566061198459,0.440568233999073,9.25091801328818,2.22572741199238e-20,2.7662888608354e-18,"S000004935","S000004935","DIA1"
"S000004937",656.836463236095,1.02865285198945,0.209737071349752,4.90448753465283,9.36715696360033e-07,1.05754166256508e-05,"S000004937","S000004937","ADH6"
"S000004938",454.003238708176,-1.42806995401743,0.294466800745233,-4.8496806784442,1.23660385335908e-06,1.35025048709406e-05,"S000004938","S000004938","FET4"
"S000004939",16.9413498044985,-2.75081907717758,0.622214949291374,-4.42101090677815,9.82402143747397e-06,8.0282869300066e-05,"S000004939","S000004939",NA
"S000004941",228.237419920647,-1.01254069038937,0.240631852150751,-4.20784148623449,2.57821612692251e-05,0.000184992184247507,"S000004941","S000004941","SNO4"
"S000004942",749.185608956276,-1.55264183362965,0.272029848885225,-5.70761568994123,1.14569745570945e-08,2.17986348763716e-07,"S000004942","S000004942","ERR3"
"S000004948",231.728601459218,1.33632609062814,0.203616004901238,6.5629717628352,5.27458389599432e-11,1.72602504575237e-09,"S000004948","S000004948","PET8"
"S000004953",866.713208632336,-1.22645917459884,0.370311879295879,-3.31196281612909,0.000926438587744293,0.0040743343798859,"S000004953","S000004953","ASI3"
"S000004957",500.775000944565,-2.14167814967562,0.283537373215489,-7.55342452879373,4.23960226840265e-14,2.37633863616781e-12,"S000004957","S000004957","SPO1"
"S000004958",165.339763387084,-2.31060977868543,0.282358648270606,-8.18324422799686,2.76302372870779e-16,2.10063288055428e-14,"S000004958","S000004958",NA
"S000004959",3578.46697580471,-2.59972494920749,0.255708388603816,-10.1667566066258,2.79046034530148e-24,4.92395675498691e-22,"S000004959","S000004959","HEF3"
"S000004960",248.144166593865,1.15453148187077,0.286135662290366,4.0349094294271,5.46233636442046e-05,0.000352952864632286,"S000004960","S000004960","PBI2"
"S000004966",210.517050479266,1.37240912121008,0.408936236880114,3.35604673158966,0.000790652075972867,0.00355818328774565,"S000004966","S000004966","HDA1"
"S000004969",19.6781921294879,3.07532373821896,0.710751002371365,4.3268651439933,1.51246496299507e-05,0.000116726035184064,"S000004969","S000004969","EFM6"
"S000004975",1195.21058761847,1.93443691775137,0.298626526129638,6.47777993074737,9.30819779416331e-11,2.92400156202145e-09,"S000004975","S000004975","HHF2"
"S000004981",2979.41267919565,2.4265313212242,0.308985580948299,7.85321863168178,4.05493891964234e-15,2.65858908158019e-13,"S000004981","S000004981","NCE103"
"S000004982",1994.35092239126,1.18859120350715,0.277451501666426,4.28396024663138,1.83595730445164e-05,0.000138541422247965,"S000004982","S000004982","IDH1"
"S000004988",92.6954498718257,1.98418229035094,0.352975300550552,5.62130632725894,1.89518881046894e-08,3.35246703812284e-07,"S000004988","S000004988",NA
"S000004989",347.973137766411,1.73005393484156,0.348948261217168,4.95790960186173,7.12557020256137e-07,8.38236830495553e-06,"S000004989","S000004989","YIP3"
"S000007385",523.329051196328,1.39854890051498,0.276040737951257,5.06645834558641,4.05285385493183e-07,5.09193483024452e-06,"S000007385","S000007385",NA
"S000005001",319.860667590296,-1.00905472474996,0.317645833241053,-3.17666601968053,0.00148978492027142,0.00611530610724852,"S000005001","S000005001","OCA2"
"S000005002",46.7611118987691,1.61795720535853,0.502110970293835,3.22231000930273,0.00127161467861454,0.0053693319354321,"S000005002","S000005002",NA
"S000005005",521.214353794235,1.2579669566665,0.422418190822058,2.97801322007085,0.00290123470619698,0.0108375454249218,"S000005005","S000005005","NOP2"
"S000005006",212.847598306922,1.56975284928564,0.339183239131079,4.6280377925131,3.69146662800185e-06,3.45981196813315e-05,"S000005006","S000005006","GCD10"
"S000005009",131.617688376739,1.20251408077264,0.328156077831173,3.66445774437642,0.000247863155011246,0.00131601340065964,"S000005009","S000005009","AQR1"
"S000005010",829.335171844091,2.3143569017368,0.278990569142545,8.29546643404394,1.08159964748179e-16,8.73406992172728e-15,"S000005010","S000005010","SUN4"
"S000005013",2890.4868558959,1.47332488303736,0.472289957686715,3.11953463980841,0.00181136961253074,0.00722979778606586,"S000005013","S000005013","RPL16B"
"S000005033",100.807697434259,1.26024659147213,0.278811482883122,4.52006703038277,6.18200546117609e-06,5.41449753572236e-05,"S000005033","S000005033",NA
"S000005040",696.216157845605,1.50827071698784,0.323122800368969,4.66779414905283,3.04450700060761e-06,2.92440447309708e-05,"S000005040","S000005040","RPS7B"
"S000005046",383.00371041387,1.027358005787,0.302139938653642,3.40027210690842,0.000673188250772556,0.00309783633879335,"S000005046","S000005046","POL1"
"S000005055",29.9117944363994,1.62413587934013,0.56191972704139,2.89033433279075,0.00384832307716507,0.0137785775906614,"S000005055","S000005055","CYB5"
"S000005056",557.861133701964,1.28745893164773,0.332287440122522,3.87453384086084,0.000106828997925765,0.000630432232598249,"S000005056","S000005056","DBP2"
"S000005059",4363.48852649271,-1.62304406436375,0.140319490744012,-11.5667756186823,6.07220011363186e-31,1.92866569386978e-28,"S000005059","S000005059",NA
"S000005060",968.333020313152,-1.12712455235641,0.300927340880467,-3.74550397799887,0.000180031994238659,0.000987412622276728,"S000005060","S000005060","DMA2"
"S000005069",2175.6492061909,-1.14929529314699,0.274274715143645,-4.19030712526698,2.78577127854651e-05,0.000196724451009216,"S000005069","S000005069","ESBP6"
"S000005073",81.4714530531119,2.59433826978755,0.461055832896634,5.62695032722682,1.83423518393787e-08,3.26078650298806e-07,"S000005073","S000005073","NRK1"
"S000005076",308.618206675766,1.41917200583023,0.508555538755679,2.79059394240916,0.00526114300750084,0.0178828815710367,"S000005076","S000005076","KRE33"
"S000005085",186.275038823778,2.27945871482082,0.39318734050276,5.79738582606989,6.73566070611369e-09,1.35024962794506e-07,"S000005085","S000005085","AAH1"
"S000005097",115.749230540024,2.26105812092631,0.433119784746634,5.22039906869869,1.78537989006169e-07,2.52505536684313e-06,"S000005097","S000005097","GIM3"
"S000005098",861.211573263766,1.20028957946354,0.287136676019167,4.18020294761447,2.91249046116231e-05,0.000204059932163691,"S000005098","S000005098","YCK2"
"S000005104",13204.5736496286,2.51176349134444,0.308505368685409,8.14171728047221,3.89710401840427e-16,2.93164777552907e-14,"S000005104","S000005104","YGP1"
"S000005106",1301.72330066742,1.60108886036087,0.47990539001921,3.33625938291041,0.000849138982256267,0.00378306547443299,"S000005106","S000005106","RPL42A"
"S000005113",426.610956530509,2.21098098078781,0.20557354704592,10.7551823304091,5.6023116177339e-27,1.29151354761727e-24,"S000005113","S000005113","PSD1"
"S000005114",38.7673411580477,1.77111706343391,0.405676075709621,4.36584055477222,1.26634832162357e-05,9.9779032860891e-05,"S000005114","S000005114",NA
"S000005136",4469.09402014488,2.16379284244174,0.345092271459064,6.2701863281178,3.60616311044777e-10,1.02065127401248e-08,"S000005136","S000005136","CHS1"
"S000005138",3594.7607692459,-1.23756867900527,0.285087737489983,-4.34100985858345,1.41829358929912e-05,0.000110472317557778,"S000005138","S000005138",NA
"S000005139",7197.2756823309,-2.50198011847393,0.315776640397942,-7.92325903309673,2.31364892512257e-15,1.58224804242951e-13,"S000005139","S000005139",NA
"S000005144",2721.88479839435,-1.35691586318622,0.195890468017596,-6.92691113007264,4.30128593976403e-12,1.79236967746493e-10,"S000005144","S000005144","NNR1"
"S000005146",2644.44373532944,-2.84393753162402,0.531270880769733,-5.35308377433293,8.64677916542355e-08,1.33609096877188e-06,"S000005146","S000005146","SPS19"
"S000005152",6898.92916239835,1.17211006482131,0.206095757407077,5.68721103028907,1.29130848535108e-08,2.41263688642131e-07,"S000005152","S000005152",NA
"S000005154",29.7708740607682,1.43173970348353,0.408513723692649,3.50475301182468,0.00045703106762087,0.00222679291856842,"S000005154","S000005154","MER1"
"S000005159",750.557006853468,-1.05380121127535,0.239981765326076,-4.39117201193804,1.12741303726378e-05,9.0528733379838e-05,"S000005159","S000005159","IES2"
"S000005161",434.34199830928,2.78464974094112,0.325498710736671,8.55502540897589,1.17842772911762e-17,1.13042063975021e-15,"S000005161","S000005161",NA
"S000005164",1063.07030333575,1.87869687880485,0.160266096988331,11.7223599632656,9.79059788689725e-32,3.33183370470053e-29,"S000005164","S000005164","ADE12"
"S000005165",663.249724039235,1.09864775650456,0.268637210711775,4.08970802516008,4.31916544455544e-05,0.000288341110224339,"S000005165","S000005165","POP1"
"S000005183",1852.3926335224,-1.05130782517904,0.368120013000846,-2.85588337512263,0.00429172746750741,0.0150827786311983,"S000005183","S000005183","LAP3"
"S000005184",1136.58262799077,-1.10606627253632,0.292290345498161,-3.78413549941654,0.000154243778107644,0.000861847662428675,"S000005184","S000005184","NAR1"
"S000005191",695.814112399945,1.78966454084468,0.417436985097534,4.28726874890237,1.80883404011683e-05,0.000137009353128722,"S000005191","S000005191",NA
"S000005198",473.195780053035,-1.75825631100728,0.261409840274351,-6.72605250499363,1.74327681688109e-11,6.43841228518901e-10,"S000005198","S000005198","RTC4"
"S000005213",25.933257968597,-3.04799766492239,0.54301905964352,-5.61305834628224,1.98781535242649e-08,3.49469186128313e-07,"S000005213","S000005213","BSC4"
"S000005214",503.970216227112,-1.50005544332977,0.488002586416319,-3.07386781358175,0.00211303035067297,0.00826986385601553,"S000005214","S000005214","ALP1"
"S000005218",927.756948416194,1.15051757720011,0.20412003120081,5.63647560913924,1.73565605658868e-08,3.11263889797014e-07,"S000005218","S000005218","GOR1"
"S000005220",71.1353496431652,2.80023347814292,0.446552135824125,6.27078733589529,3.59226976202026e-10,1.01873634342372e-08,"S000005220","S000005220",NA
"S000005233",352.344420067591,4.38820853001931,0.371317815640441,11.8179315539994,3.15353581647797e-32,1.09935335182731e-29,"S000005233","S000005233","PCL1"
"S000005236",152.028897555782,1.04309918344716,0.361963803047183,2.88177761053966,0.00395438721153291,0.014104976749681,"S000005236","S000005236","PUS4"
"S000005242",230.097396639195,1.5519096667439,0.391647320304176,3.96251828185266,7.41633261119789e-05,0.000459279211489824,"S000005242","S000005242","CLA4"
"S000005244",116.856351952342,5.09740986294485,0.490468418784141,10.3929420686885,2.66988017040862e-25,5.02113122048031e-23,"S000005244","S000005244","TOS6"
"S000005246",1921.73927664558,1.47668202964674,0.417604346542327,3.53607916649658,0.000406112972799925,0.00201898181573194,"S000005246","S000005246","RPS19B"
"S000005262",47.5959954497394,-3.83333047448602,0.614028564341546,-6.24291881045746,4.29479861023104e-10,1.18504935397746e-08,"S000005262","S000005262","HXT14"
"S000005263",20.2807944778685,-3.4050459405781,0.796864633223433,-4.2730544167887,1.9281337726625e-05,0.000144589800696039,"S000005263","S000005263",NA
"S000005264",113.844927816078,1.80739923943512,0.285231820559069,6.33659749425054,2.34894569129042e-10,6.82387820439307e-09,"S000005264","S000005264",NA
"S000005271",1114.50511342228,3.35522104740643,0.375525101707912,8.93474506004171,4.08118132235591e-19,4.45284920919336e-17,"S000005271","S000005271","EGT2"
"S000005285",2218.88817329302,-2.08957966598943,0.366220723100165,-5.70579307555436,1.15802613565589e-08,2.1951813735981e-07,"S000005285","S000005285","ATO2"
"S000005292",68.4600326411441,3.28736024831908,0.499771403838656,6.5777277832814,4.77691732581341e-11,1.60111938457038e-09,"S000005292","S000005292","NRM1"
"S000005294",311.641526800268,1.00546784968648,0.290074736028625,3.46623723062617,0.000527797362619586,0.00252639239917004,"S000005294","S000005294","PRP2"
"S000005295",176.872711737196,1.16208577395562,0.486301473197294,2.38964066120391,0.0168648644410949,0.0466788356809779,"S000005295","S000005295","URK1"
"S000005297",112.614911055513,2.68795902110584,0.318553799998581,8.43800645642215,3.2279580242439e-17,2.84797555805667e-15,"S000005297","S000005297",NA
"S000005301",418.445623800728,1.04855784972184,0.270620420273937,3.87464422921386,0.000106780585889379,0.000630406821196569,"S000005301","S000005301","RCF2"
"S000005320",119.535588235537,1.30817549483864,0.312333225241217,4.1883968438783,2.80931954387451e-05,0.000197996076137073,"S000005320","S000005320","RSM19"
"S000005321",208.895490247817,1.31691722813384,0.518805291899912,2.53836506430221,0.0111371741539096,0.0332999661293053,"S000005321","S000005321","DBP6"
"S000005324",148.774116920469,1.95611256739685,0.479635855284397,4.07832847741749,4.53606488909211e-05,0.000300853714430596,"S000005324","S000005324","COQ2"
"S000005325",43.2274400618412,1.91144853073703,0.457984784831793,4.17360705866913,2.99814676230911e-05,0.000209445316098163,"S000005325","S000005325",NA
"S000005326",411.211278552323,2.6673203447644,0.345785054520773,7.71381038564859,1.22115861968514e-14,7.4589829705811e-13,"S000005326","S000005326","MVD1"
"S000005341",572.052682019937,1.51677464596365,0.291213346413976,5.20846542454641,1.90408822580771e-07,2.6655370236503e-06,"S000005341","S000005341","BIO3"
"S000005343",235.323377382528,-1.24593158301167,0.423028545329669,-2.94526597972415,0.00322677142379491,0.0118774771981202,"S000005343","S000005343","FRE4"
"S000005345",167.359858135539,-3.20310094211398,0.3789211797025,-8.453211680141,2.83397201913265e-17,2.51589826518403e-15,"S000005345","S000005345",NA
"S000005346",171.109096710188,-1.12238119114844,0.199304995719826,-5.63147545346147,1.78674409150862e-08,3.18825634206401e-07,"S000005346","S000005346",NA
"S000005347",442.565141781542,-1.63350204610095,0.279424809433607,-5.84594492311565,5.03700697046173e-09,1.05202798686293e-07,"S000005347","S000005347",NA
"S000005348",895.128250939693,1.65592471813292,0.266452504838422,6.21470876821774,5.14199281763397e-10,1.40794067705828e-08,"S000005348","S000005348",NA
"S000005349",183.142850129828,1.45188646844945,0.397258821637396,3.65476205780695,0.000257420607888376,0.00135717917688991,"S000005349","S000005349",NA
"S000005350",692.063627470472,2.26599008975464,0.33612942846619,6.74142130337919,1.56844681815372e-11,5.86853674656312e-10,"S000005350","S000005350","DSE4"
"S000005353",810.835351024068,-1.67666902054576,0.196446743791803,-8.53497995529375,1.40179728919646e-17,1.32688004334338e-15,"S000005353","S000005353","PDR18"
"S000005356",128.874069921706,-1.77473448046323,0.291416063958102,-6.09003654897484,1.12884913332357e-09,2.78663914725282e-08,"S000005356","S000005356","MAN2"
"S000005358",77.2101623672761,2.02116264258183,0.338551309519268,5.97003345062177,2.37204949011747e-09,5.44200696023258e-08,"S000005358","S000005358","COS10"
"S000005359",10.6609632368025,1.74724079086768,0.714084160581718,2.44682754123032,0.0144119780554894,0.0408873367104227,"S000005359","S000005359","PAU6"
"S000005371",1118.76186714883,1.23727506239217,0.2238334076282,5.52766039485648,3.24529482979929e-08,5.50237236089221e-07,"S000005371","S000005371","PLB3"
"S000005373",737.014662424451,-1.10641109817691,0.225774733301367,-4.90050893648963,9.55887093955832e-07,1.07663469140352e-05,"S000005373","S000005373","HRD1"
"S000005374",20.8442789047714,-2.04603407278919,0.561115009151494,-3.6463720260899,0.000265968840224268,0.0013929983998994,"S000005374","S000005374",NA
"S000005379",389.272814095446,1.17847938742927,0.343879787109285,3.4270097621491,0.000610267130330429,0.00285330326915696,"S000005379","S000005379",NA
"S000005388",57.2494470618935,1.70864927889956,0.649994313826133,2.62871419419309,0.00857083605956808,0.0268529065759331,"S000005388","S000005388","YAP7"
"S000005389",71.2172256854189,1.88405236643963,0.560668110854015,3.3603701190885,0.000778381192547882,0.00351180630842389,"S000005389","S000005389",NA
"S000005390",1952.39151400843,1.14031643852629,0.15852080901158,7.19348106811005,6.31599141325007e-13,3.00914884231944e-11,"S000005390","S000005390","GAS5"
"S000005399",1000.08213467365,1.35801313304417,0.405737035455464,3.34702778985833,0.000816830213180069,0.00365642162135381,"S000005399","S000005399","RPP2A"
"S000005400",3342.64090204927,1.33793531546074,0.408622723584378,3.27425578226432,0.00105940668847106,0.0045788024790798,"S000005400","S000005400","RPS15"
"S000005405",1001.17990415562,-1.10034409312357,0.165766691149674,-6.63790828840309,3.18165711322392e-11,1.11733231251375e-09,"S000005405","S000005405","PSK2"
"S000005406",105.896329246577,-1.53361718117982,0.258128089619948,-5.94130295326565,2.82765485726276e-09,6.36467257871757e-08,"S000005406","S000005406",NA
"S000005407",98.3044865220111,-1.17544903966128,0.403813054632157,-2.9108742923926,0.00360418992336829,0.0130120451060124,"S000005407","S000005407","LDS2"
"S000005408",1192.24526275493,-1.37316068282345,0.223949370024387,-6.13156751757737,8.70173904418707e-10,2.23694165752816e-08,"S000005408","S000005408","RRT8"
"S000005412",289.004708674817,1.5797372287897,0.318154707909635,4.96531149631265,6.85908877085279e-07,8.09553722558207e-06,"S000005412","S000005412","SPE2"
"S000005417",91.8337593200194,1.32576497300323,0.311287132869486,4.25897775080566,2.05363907722667e-05,0.000153132252212561,"S000005417","S000005417","GPM3"
"S000005425",565.216852314539,1.41513198607163,0.382003467411873,3.70450036922268,0.000211807799524836,0.00114326619282798,"S000005425","S000005425","MET22"
"S000005436",155.47405550241,1.63162859394978,0.488875028473761,3.33751674542188,0.000845306280784097,0.00376854730856117,"S000005436","S000005436","MDM20"
"S000005439",12.142157542139,2.67571276162187,0.861460589913534,3.10601876969257,0.0018962467880299,0.00752027062744488,"S000005439","S000005439",NA
"S000005440",52.6953836302194,2.30382355509829,0.508785619529642,4.52808307991903,5.95211809022595e-06,5.23208018841325e-05,"S000005440","S000005440","REX4"
"S000005441",5924.44601113794,-2.19765757407536,0.325910471005987,-6.74313276063779,1.55007449209959e-11,5.83031966199459e-10,"S000005441","S000005441","IRA2"
"S000005443",2076.83945370134,-2.05576402565283,0.186205838698713,-11.0402769323422,2.44279119748883e-28,6.12540606766805e-26,"S000005443","S000005443","ATG34"
"S000005457",672.787723915054,1.42181924474801,0.442318051926673,3.21447256912706,0.00130684400616164,0.00548084547537217,"S000005457","S000005457","WRS1"
"S000005460",1846.76366999461,-1.04655588356342,0.17100557787645,-6.12001021580445,9.35693584757157e-10,2.36287427684347e-08,"S000005460","S000005460","PKH2"
"S000005467",84.9782083050987,1.46514955974703,0.388715961602066,3.76920349169227,0.000163769331126133,0.00090762119030082,"S000005467","S000005467",NA
"S000005473",491.137107737333,1.08003790871164,0.175016635462697,6.1710585731254,6.78342846984983e-10,1.79215421662779e-08,"S000005473","S000005473","SKM1"
"S000005480",3436.49641675395,1.26221796301493,0.448145830055997,2.81653399041382,0.00485449058692839,0.0167233632101633,"S000005480","S000005480","RPL18A"
"S000005481",1375.98117102383,1.26267352173701,0.479148103317537,2.63524683285706,0.00840761186230483,0.0264400432008631,"S000005481","S000005481","RPS19A"
"S000005484",103.679887549677,1.659811004407,0.569464145629171,2.91468921642672,0.00356042903571331,0.0128768249512779,"S000005484","S000005484","TRM11"
"S000005491",30.0651137354164,-2.59161010409757,0.424809676993572,-6.10063810796095,1.05645854648552e-09,2.63524642319679e-08,"S000005491","S000005491",NA
"S000005500",314.359316163793,1.08037266255844,0.362699214543049,2.97870141218685,0.00289472710643076,0.0108168194855464,"S000005500","S000005500","ARG8"
"S000005514",1672.30038724406,-4.95295425195367,0.404807777447072,-12.2353238447877,2.01300374284631e-34,7.57154276223747e-32,"S000005514","S000005514","ZPS1"
"S000005516",157.748601950271,-1.12573953033514,0.278589405042759,-4.04085550260734,5.32565665716682e-05,0.000344744613228648,"S000005516","S000005516","HXT11"
"S000005519",272.625589253514,-1.05422483901747,0.170992615185038,-6.16532379411035,7.03390577562335e-10,1.84808116270192e-08,"S000005519","S000005519","CSS3"
"S000005535",138.73588361508,-2.58096965899773,0.320939791232933,-8.04191231346724,8.84471763158916e-16,6.38472470243959e-14,"S000005535","S000005535","TIR4"
"S000005536",162.934661570264,-1.70487010712662,0.389718495466102,-4.37461944188099,1.21644504032041e-05,9.68076222789508e-05,"S000005536","S000005536","TIR2"
"S000005537",376.917763056318,-1.2999106419669,0.382495191608391,-3.39850191711111,0.000677559881251399,0.00311294226381428,"S000005537","S000005537","AUS1"
"S000005545",1078.6869714,-1.76367552921791,0.230477863478023,-7.65225563359184,1.97484151833555e-14,1.16158065109341e-12,"S000005545","S000005545",NA
"S000005551",127.7545387886,1.92838215698445,0.311723615199742,6.18619207193785,6.16349038392826e-10,1.64663117864461e-08,"S000005551","S000005551","HST3"
"S000005556",1601.19810268722,-1.59681543713575,0.247023076677645,-6.46423588683389,1.01811949275985e-10,3.17728862664116e-09,"S000005556","S000005556","DFG16"
"S000005559",222.718749922387,1.19786785706241,0.287161333655696,4.17141069033564,3.02719702411989e-05,0.000210691006978864,"S000005559","S000005559","EXO1"
"S000005560",1050.40565255245,-1.29111033685226,0.167243786542163,-7.71993007062636,1.16393545042837e-14,7.13996969655481e-13,"S000005560","S000005560","AKR2"
"S000005566",1502.14967120372,-2.17648495533187,0.42825458652709,-5.08222217298819,3.73044711640672e-07,4.74793238065906e-06,"S000005566","S000005566","GLO4"
"S000005577",241.758610599722,1.33045490753694,0.414162456790002,3.21239862697534,0.00131631593574221,0.00551409837912177,"S000005577","S000005577","ETT1"
"S000005589",10928.4595336487,1.29582710220956,0.461128159662296,2.81012355254676,0.00495224848130323,0.0170236999959281,"S000005589","S000005589","RPL3"
"S000005600",232.623265109249,1.51720021130321,0.271390796856862,5.59046301081248,2.26464925462502e-08,3.9330050785365e-07,"S000005600","S000005600","CDC21"
"S000005601",595.207641758306,-1.4125470365695,0.217097318227383,-6.5065153641835,7.69140395890552e-11,2.45386689251421e-09,"S000005601","S000005601","UFE1"
"S000005603",149.956408391266,-1.11734406006329,0.251357465384374,-4.44523920685885,8.77941251275983e-06,7.29983380133079e-05,"S000005603","S000005603","RTS2"
"S000005618",495.570608612518,1.49378223205058,0.38519131621271,3.87802676015076,0.000105307136159555,0.00062247927920948,"S000005618","S000005618","ECM3"
"S000005626",1823.03924858696,-2.84992250856179,0.393934731330102,-7.2345043021192,4.67232531577715e-13,2.27148114756472e-11,"S000005626","S000005626","CRC1"
"S000005627",172.663083635284,-1.59236003276462,0.511263524499935,-3.11455825901545,0.00184220572587827,0.00732831796269916,"S000005627","S000005627","RAS1"
"S000005634",474.019979675712,1.94142406002894,0.479157024078179,4.05174913957262,5.08361551037565e-05,0.000331025587652844,"S000005634","S000005634","LEU9"
"S000005654",977.143368827077,1.04404523902522,0.231025656964745,4.51917441872937,6.20812361005547e-06,5.42696389262241e-05,"S000005654","S000005654","ADE2"
"S000005656",207.649595884014,1.07420160727092,0.316920067779681,3.38950327379613,0.000700193728051211,0.00320456898976496,"S000005656","S000005656","ORT1"
"S000005657",178.171043738884,1.04900208054491,0.28417190299436,3.69143490081682,0.000222992474253361,0.0011991088918372,"S000005657","S000005657",NA
"S000005661",218.283799590833,1.12294679607955,0.414776060082766,2.70735682251159,0.00678213182859344,0.0221367915565394,"S000005661","S000005661","IRC14"
"S000005662",2028.13919044325,1.08276973287512,0.388487645437541,2.7871407124302,0.00531753836424342,0.018023138686301,"S000005662","S000005662","IDH2"
"S000005674",304.923228491877,-1.01885198049116,0.206363334797654,-4.93717540225921,7.92621780261498e-07,9.15100412381065e-06,"S000005674","S000005674","SPP2"
"S000005678",454.696507075286,-1.34803739339972,0.2046438207263,-6.58723722326631,4.48086056636632e-11,1.51406477718851e-09,"S000005678","S000005678","ATG40"
"S000005693",161.146543634696,1.89365124656235,0.364227334555682,5.19909152033414,2.00264908970201e-07,2.78713373311693e-06,"S000005693","S000005693","RPS28A"
"S000005703",307.448586295976,-2.32486929906091,0.646245571202685,-3.597501325594,0.000321288859022628,0.00164830641134617,"S000005703","S000005703","MPC54"
"S000005708",72.2712108430924,1.35911610990244,0.457458009389741,2.9710182836574,0.00296814109526218,0.0110593432415491,"S000005708","S000005708","RPS30B"
"S000005712",220.042326643993,-1.77258653767178,0.340767376920013,-5.20174951514754,1.97421191682718e-07,2.75291813924008e-06,"S000005712","S000005712",NA
"S000005716",273.912530019989,-1.33064619682878,0.214884339098509,-6.19238331844541,5.92612171072727e-10,1.58915680321623e-08,"S000005716","S000005716","SPR1"
"S000005723",1184.18611251092,1.06061684195538,0.164587378388086,6.44409584952812,1.16291577549415e-10,3.58223171964178e-09,"S000005723","S000005723","MCA1"
"S000005724",688.987762417732,1.96841368817965,0.339429644685633,5.79918023955368,6.66398771275482e-09,1.3412790818733e-07,"S000005724","S000005724","BFR1"
"S000005728",357.717858937067,1.89723449451117,0.407836710682604,4.65194634228913,3.28816649263101e-06,3.12693038450932e-05,"S000005728","S000005728","HIS3"
"S000005730",1793.75004093172,1.00943615318208,0.357764074472986,2.82151346433835,0.00477976310188766,0.016485799714112,"S000005730","S000005730","DED1"
"S000005732",430.812654723406,1.46165684553938,0.482369194915037,3.03016208528166,0.0024442252782446,0.00939561605174585,"S000005732","S000005732","NOC2"
"S000005735",1378.64889677633,1.17038909413408,0.256590687894013,4.56130775337224,5.08360075225065e-06,4.58133074097847e-05,"S000005735","S000005735","NPT1"
"S000005740",25.9952791254035,-3.36056801439528,0.474466348989472,-7.08283742683266,1.41232330403688e-12,6.36792964813850e-11,"S000005740","S000005740","SPR2"
"S000005741",1813.24991460789,-1.03653002973486,0.205902875864612,-5.03407261983274,4.80167634820848e-07,5.8910180296089e-06,"S000005741","S000005741","AIM41"
"S000005748",503.205699757401,1.96271440637502,0.306601569007994,6.40151455429717,1.53843144992705e-10,4.60016751334883e-09,"S000005748","S000005748","ODC2"
"S000005750",274.977220841781,1.27720360320933,0.394100651645462,3.24080561114708,0.00119192432520834,0.00507482108436185,"S000005750","S000005750","RPB8"
"S000005752",224.538532601253,3.62969295036408,0.363019609852936,9.99861399177447,1.54544865187617e-23,2.62965447396025e-21,"S000005752","S000005752","ISU2"
"S000005753",1882.85466768662,-1.07973826890073,0.156140961351349,-6.91515064052348,4.67366463782953e-12,1.93625184546369e-10,"S000005753","S000005753","HER1"
"S000005759",362.810875692908,1.50348909920641,0.299161840736596,5.02567137407804,5.01674334771453e-07,6.12857373238322e-06,"S000005759","S000005759","KIN4"
"S000005763",159.282856151586,-2.06967621324852,0.39076623932281,-5.29645605217898,1.18071738358837e-07,1.75791599621132e-06,"S000005763","S000005763","HES1"
"S000005771",1194.80645889358,-1.01658828844561,0.172713455546039,-5.88598198809486,3.95697409728801e-09,8.47147271714848e-08,"S000005771","S000005771","DGA1"
"S000005773",1188.216993064,4.91406935936834,0.25076789955362,19.5960861342925,1.66984101132653e-85,5.96675939372252e-82,"S000005773","S000005773","SRL1"
"S000005774",28.7473387764504,6.81103796955615,1.31836838519404,5.1662631219374,2.38820531601826e-07,3.25091605541419e-06,"S000005774","S000005774",NA
"S000005779",197.895411219969,1.06692318757187,0.276564712848955,3.85777048916058,0.000114426017413914,0.00066673096897557,"S000005779","S000005779","NAT5"
"S000005781",14.102891964531,-2.79620801929779,0.68583576640867,-4.07708106846036,4.56045958148196e-05,0.000302051199249869,"S000005781","S000005781","OSW1"
"S000005797",509.564024706894,2.3895857954179,0.266600286591945,8.96317789438603,3.15453066671253e-19,3.52247709525955e-17,"S000005797","S000005797","FSF1"
"S000005798",332.528216287417,1.70140292351536,0.484311115702548,3.51303711261567,0.000443015592226449,0.00217093688059291,"S000005798","S000005798","YTM1"
"S000005807",258.069812443188,1.28491608781274,0.26020477356135,4.93809575522558,7.88891066945723e-07,9.13005669623905e-06,"S000005807","S000005807","PLP2"
"S000005819",1702.14345625362,1.14604445317104,0.386033143380869,2.96877217104731,0.00298992187097345,0.0111288940890166,"S000005819","S000005819","RPS10A"
"S000005825",515.559434461276,1.22198053872258,0.260238207822433,4.69562309450104,2.65795246057553e-06,2.60206263828809e-05,"S000005825","S000005825","BUD7"
"S000005832",133.218352143972,1.11666021033427,0.39545296980405,2.82374971387263,0.00474654347137264,0.0163949603277741,"S000005832","S000005832","RRG7"
"S000005836",50.6825087293457,2.87646810328541,0.589549262370286,4.87909711178426,1.0657258375227e-06,1.18540228760404e-05,"S000005836","S000005836",NA
"S000005837",599.050134669949,2.72248671235106,0.551345143276104,4.93789914639311,7.89686610791633e-07,9.13186952107186e-06,"S000005837","S000005837","NOP58"
"S000005842",82.0104295881842,2.70421601242601,0.527549654058095,5.12599333849285,2.95973070965046e-07,3.89175998463975e-06,"S000005842","S000005842","SFG1"
"S000005844",9640.1414014921,-1.21406078846747,0.460997272472022,-2.63355308363815,0.00844966262864913,0.0265372507034239,"S000005844","S000005844","FAA1"
"S000005850",1118.34478674731,1.24704436209552,0.33772827403699,3.69244880563047,0.000222105060398981,0.00119568648899534,"S000005850","S000005850","PRO2"
"S000005855",3089.53562467134,-2.16646431796117,0.18960757431724,-11.4260431091027,3.09911757077205e-30,8.68542890961666e-28,"S000005855","S000005855","PDR10"
"S000005862",1979.35485919548,1.18582252579134,0.284931426429622,4.16178215457126,3.15773518450294e-05,0.000218988398797188,"S000005862","S000005862","ALA1"
"S000005864",704.791318207609,2.15520057298572,0.264120564851686,8.15991202425284,3.35268698477522e-16,2.53544735838054e-14,"S000005864","S000005864","TEA1"
"S000005867",189.256216165706,1.77790464988299,0.361506213399908,4.91804728101927,8.74118021870963e-07,9.94726822181663e-06,"S000005867","S000005867","RPA43"
"S000005871",730.081019026041,1.14736792315027,0.40487960745243,2.83384962352069,0.00459909682621415,0.0160172736201459,"S000005871","S000005871","TYE7"
"S000005875",1497.53653291026,-1.45856336863303,0.320122629617275,-4.55626448644643,5.20713628117686e-06,4.67772714450313e-05,"S000005875","S000005875","PUT4"
"S000005878",53.9612569171679,-1.70222316849605,0.50281140389013,-3.38541082267896,0.000710717984122111,0.00324442419260854,"S000005878","S000005878","MEK1"
"S000005879",368.610734953966,-1.02474968540022,0.249088680210929,-4.11399540329355,3.88869180962206e-05,0.000262897216767613,"S000005879","S000005879","TFB6"
"S000005892",263.236972178867,-1.29815549504502,0.299835775876292,-4.32955504142581,1.49410924342742e-05,0.00011549650306278,"S000005892","S000005892",NA
"S000005896",3543.22605800373,1.36048202839882,0.406012242962929,3.35083991179803,0.00080566863772401,0.00361211475501546,"S000005896","S000005896","RPS12"
"S000005900",574.048847164016,-1.21644690079125,0.425609775710384,-2.8581272569712,0.00426149449677006,0.0149949632797475,"S000005900","S000005900","NUD1"
"S000005902",2015.99720698156,4.01450459518505,0.347248193106117,11.5609085227356,6.50172296712879e-31,2.02019839932982e-28,"S000005902","S000005902","GDH1"
"S000005912",493.683703618505,3.20443508885936,0.467903240673826,6.84849945523923,7.46286189331853e-12,2.98786232608408e-10,"S000005912","S000005912",NA
"S000005914",70.1767056159622,-1.59750434469598,0.433916886376557,-3.68159063371794,0.000231783363198124,0.00123985015351452,"S000005914","S000005914",NA
"S000005915",737.93681830759,-4.96777090730997,0.958302787617553,-5.18392617813458,2.17262957093266e-07,2.98303501031129e-06,"S000005915","S000005915","FDH1"
"S000005918",660.912013121156,-1.65463437533193,0.348523456571283,-4.7475552767953,2.05890130471453e-06,2.10049081715095e-05,"S000005918","S000005918","HSP33"
"S000005920",1816.46726795551,-1.3357242942785,0.259253734444103,-5.15218921394741,2.57463068122669e-07,3.47818490801257e-06,"S000005920","S000005920","ERR1"
"S000005921",29.7963583427391,-1.12566814947186,0.439065472531404,-2.56378198673171,0.0103538557175112,0.0313666086838464,"S000005921","S000005921","PAU21"
"S000005925",7747.4454179429,-1.69409632610116,0.415948606583586,-4.07285010524665,4.64413147845814e-05,0.000306598481393082,"S000005925","S000005925","LSP1"
"S000005928",212.784735156637,1.01730336888114,0.36048398118245,2.82204875108239,0.00477179228491082,0.0164622802626672,"S000005928","S000005928","TFC8"
"S000005935",1060.18138437514,2.72732494744488,0.294987914916631,9.2455480700478,2.34038179188027e-20,2.88371353028834e-18,"S000005935","S000005935","CIP1"
"S000005948",65.126159710487,-1.47336023780152,0.394940676777035,-3.73058619797046,0.000191034768716441,0.00104268831143452,"S000005948","S000005948","SMA1"
"S000005978",2487.08228910924,1.04552308467828,0.192796006159175,5.42294991222529,5.86234235397425e-08,9.5000520709018e-07,"S000005978","S000005978","SUR1"
"S000005982",5077.47672032713,2.74095597290103,0.468659355143814,5.84850370064613,4.96014608701686e-09,1.03799953179695e-07,"S000005982","S000005982","ALD6"
"S000005988",179.528528075522,2.48626471029111,0.320362694335603,7.76078099682409,8.44079648764139e-15,5.31472705717438e-13,"S000005988","S000005988",NA
"S000005997",380.209631795577,-1.97080639234988,0.278480129603907,-7.07700903167861,1.47298937129606e-12,6.59982353728358e-11,"S000005997","S000005997","GPI2"
"S000006000",1306.62568742013,1.40862516939422,0.409446429168946,3.44031616603252,0.000581035005589733,0.00273902814475398,"S000006000","S000006000","RPL21B"
"S000006002",518.297526383669,1.26370327898056,0.490181486299312,2.57803143182957,0.00993649591089811,0.0303077968532793,"S000006002","S000006002","RPS9A"
"S000006009",612.68274793711,1.34629635832897,0.394146994551771,3.41572148700512,0.000636132732561887,0.00295875208151873,"S000006009","S000006009",NA
"S000006011",3355.51330908485,1.17060338256603,0.433460819925917,2.70059790586402,0.00692149618391026,0.0224991914843369,"S000006011","S000006011","RPS6A"
"S000006013",2583.62401796138,-1.76103464325227,0.263882838823813,-6.6735474390893,2.49692818113966e-11,8.98957040126678e-10,"S000006013","S000006013","SSU1"
"S000006024",128.768018359476,1.25088872713601,0.22481187394736,5.5641577340746,2.63421597642309e-08,4.53078808074792e-07,"S000006024","S000006024","FMP30"
"S000006032",454.945346175604,1.09610400742969,0.204483483861465,5.36035471780347,8.30587005158199e-08,1.29320044278063e-06,"S000006032","S000006032","CAR1"
"S000006034",543.857924588134,-2.32685367070487,0.411500144912814,-5.65456342961401,1.5624289161038e-08,2.8375853237448e-07,"S000006034","S000006034",NA
"S000006035",106.366599849462,-2.34248423006082,0.477134916549046,-4.90947979033522,9.13183096520703e-07,1.03597651214581e-05,"S000006035","S000006035",NA
"S000006040",1874.83442328111,-2.06034417210813,0.213944565390059,-9.63027113285984,5.95720829970897e-22,8.86941439872295e-20,"S000006040","S000006040","DBP1"
"S000028859",16.8375268837074,-1.60070462637632,0.636040348509617,-2.51667151325718,0.011846922354204,0.0350068350648415,"S000028859","S000028859",NA
"S000006051",47.7349697368873,-1.66571971679389,0.612252309017317,-2.72064260479053,0.00651551621203746,0.0214725093886676,"S000006051","S000006051","SPO19"
"S000006052",5937.4402406323,1.5098479648315,0.499940009650897,3.02005827836386,0.00252726051589604,0.00964800602395891,"S000006052","S000006052","RPL5"
"S000006056",2977.96191027523,-1.40977215496191,0.353890980337611,-3.98363403785255,6.78693626433014e-05,0.000424699497850018,"S000006056","S000006056","ISU1"
"S000006063",1057.3424680318,1.30529578463589,0.491084780646503,2.65798460078013,0.00786094848212135,0.0249847757738404,"S000006063","S000006063",NA
"S000006068",2922.0034498985,-2.85779815056697,0.393754195095362,-7.25782273856116,3.93370579364906e-13,1.93211192125863e-11,"S000006068","S000006068","PXA1"
"S000006075",4761.01673327198,1.00322458121154,0.141568673504755,7.08648711876113,1.37559013752902e-12,6.22193349231084e-11,"S000006075","S000006075","PEP4"
"S000006076",107.851820840041,2.59403397149434,0.377462790629283,6.87229055655982,6.31791023780334e-12,2.57270344811747e-10,"S000006076","S000006076","KIP2"
"S000006083",348.915691293373,-1.04278071902326,0.186937390430006,-5.57823513329563,2.42971082274236e-08,4.19925716922086e-07,"S000006083","S000006083",NA
"S000006084",886.198544472652,1.77170688424191,0.347014462093264,5.10557074063889,3.29797580770109e-07,4.26974349814055e-06,"S000006084","S000006084","SVS1"
"S000006086",1000.10147352265,-1.12642078373578,0.188752050938574,-5.96772738698534,2.40580884118376e-09,5.50179612272631e-08,"S000006086","S000006086","SET6"
"S000006087",308.966159302675,-1.17175533515041,0.193497247172927,-6.0556692783501,1.39835035193095e-09,3.36475110776919e-08,"S000006087","S000006087","ATG29"
"S000006088",1057.15035700246,-1.48436154667599,0.273236429574859,-5.43251699264838,5.55646604679169e-08,9.04539512605849e-07,"S000006088","S000006088","REV3"
"S000006092",306.162773872465,1.56603952768164,0.233401144715863,6.70964801645724,1.95094434034414e-11,7.09538103219818e-10,"S000006092","S000006092","OYE3"
"S000006104",392.602718260354,1.37232208104059,0.360062872561252,3.81134014534403,0.000138215424101988,0.000785180070226439,"S000006104","S000006104","RTT10"
"S000006107",3884.4555594581,-1.3060421265328,0.196410863657029,-6.64954118227088,2.94008078529428e-11,1.03759443615336e-09,"S000006107","S000006107","UIP4"
"S000006108",1336.3505898509,4.35377527799623,0.485980511918249,8.95874458177578,3.28395860566578e-19,3.63857522099077e-17,"S000006108","S000006108","MF(ALPHA)1"
"S000006113",44.5968570293863,-1.49439676400368,0.571636988653887,-2.61424084456596,0.00894259736192589,0.0277922470306603,"S000006113","S000006113","PRM3"
"S000006114",445.594792026362,-1.54129881438434,0.311735065417849,-4.94425871635067,7.64341422088077e-07,8.88189589097958e-06,"S000006114","S000006114","RSA1"
"S000006122",1228.95509499855,-2.61167163236365,0.367892352313172,-7.09901039242164,1.25653362243552e-12,5.73790257682776e-11,"S000006122","S000006122","YIG1"
"S000006132",157.934686521598,1.27149824252653,0.516198989810353,2.46319397679113,0.0137705392777568,0.0394908342489923,"S000006132","S000006132","NIP7"
"S000006133",312.035055650925,1.72078738069438,0.412420631247485,4.17240858074767,3.01396542325913e-05,0.000210426572048613,"S000006133","S000006133","PUS1"
"S000006142",1753.38128837593,2.3334863233611,0.237744584979675,9.81509767535015,9.69440599587831e-23,1.52266093295702e-20,"S000006142","S000006142","FLC1"
"S000006144",58454.8349045286,-1.62798383719466,0.230313623313713,-7.0685520629284,1.56558614703648e-12,6.96090501728025e-11,"S000006144","S000006144","GRE1"
"S000006148",121.159930459692,2.47073178368732,0.484503987396763,5.0995076365884,3.40538131387984e-07,4.38891930741971e-06,"S000006148","S000006148","ALG5"
"S000006150",372.048930382219,-1.04855861115406,0.247653034463503,-4.23398248854725,2.29588829981137e-05,0.000168369068595197,"S000006150","S000006150",NA
"S000006151",2912.33514039659,-2.52717311976402,0.443621529288528,-5.69668727263317,1.22157698497668e-08,2.30039523666294e-07,"S000006151","S000006151","USV1"
"S000006152",5215.88297898393,1.66615267354778,0.187785522179786,8.87263647488544,7.1434220217235e-19,7.56303192270325e-17,"S000006152","S000006152","FAS2"
"S000006165",198.460070401109,1.53032359824216,0.339608365295651,4.50614223507104,6.60168442637296e-06,5.70482923253619e-05,"S000006165","S000006165","HUT1"
"S000006166",139.93346136614,3.14393238034492,0.372650436406022,8.43667972233217,3.2647949781325e-17,2.86280457806428e-15,"S000006166","S000006166",NA
"S000006167",324.42698286092,1.86113856624652,0.277300485985839,6.71163110165472,1.92460762326524e-11,7.03540070571103e-10,"S000006167","S000006167","RBD2"
"S000006438",1479.60941677416,1.01836378051315,0.392179800804586,2.59667575541601,0.00941307349059741,0.0289834251187223,"S000006438","S000006438","RPL36B"
"S000028589",1080.42557133822,1.03439877009014,0.383103501433909,2.70005042036554,0.00693289682292226,0.0225208850659154,"S000028589","S000028589",NA
"S000006172",30.1583867650205,1.60497925114581,0.471789830152356,3.40189454831511,0.000669204541988604,0.00308321237361194,"S000006172","S000006172",NA
"S000006173",151.6263691397,1.08467303966431,0.279874780130923,3.87556549095602,0.000106377362883644,0.000628285804833025,"S000006173","S000006173","YAH1"
"S000006177",621.571818016138,2.88397432120722,0.288696846107658,9.9896287752716,1.69214252172174e-23,2.84538741917281e-21,"S000006177","S000006177","CLN2"
"S000006178",142.556615722174,-2.35564841368048,0.497648308063166,-4.73356057985728,2.20615076516245e-06,2.23160034582214e-05,"S000006178","S000006178",NA
"S000006184",307.85189740392,2.7666968196129,0.288581390165494,9.58723228142419,9.04795336956263e-22,1.25555725738989e-19,"S000006184","S000006184","KEL3"
"S000006186",3864.2837111955,-2.10433395797264,0.169909300469411,-12.3850427972981,3.14916855180327e-35,1.25030739197011e-32,"S000006186","S000006186","DIP5"
"S000006188",112.564918055322,1.05652404991617,0.396346936925768,2.66565463608982,0.00768385845676727,0.0245749359862552,"S000006188","S000006188","ACM1"
"S000006189",1017.39477555526,-1.02767224977653,0.214159738439647,-4.79862488282846,1.59758683545861e-06,1.69519737484855e-05,"S000006189","S000006189","PLC1"
"S000006192",61.2384100307156,1.19195013035359,0.381646839286912,3.12317568928566,0.00178910915984002,0.00715693736960353,"S000006192","S000006192","ATP15"
"S000006194",491.713820038748,2.53293564100784,0.413166729273746,6.13054116303162,8.75806529930811e-10,2.24554936540746e-08,"S000006194","S000006194","SAM4"
"S000006196",2473.65803756121,-6.18182024734963,0.822329770088697,-7.51744673755743,5.58563018080309e-14,3.04715313642056e-12,"S000006196","S000006196","FDH2"
"S000006201",689.749055972465,-1.6691675213282,0.273051845425911,-6.11300582394748,9.77718014035173e-10,2.45597953859485e-08,"S000006201","S000006201","HSP32"
"S000006202",1816.46726795551,-1.3357242942785,0.259253734444103,-5.15218921394741,2.57463068122669e-07,3.47818490801257e-06,"S000006202","S000006202","ERR2"
"S000006203",29.7963583427391,-1.12566814947186,0.439065472531404,-2.56378198673171,0.0103538557175112,0.0313666086838464,"S000006203","S000006203","PAU22"
"S000006204",192.10461625113,1.56436470232307,0.35731662170054,4.37809104675274,1.19723337618209e-05,9.54913875322024e-05,"S000006204","S000006204","YRF1-7"
"S000006206",4436.58234800719,-1.80625848880217,0.324243572962331,-5.57068401479777,2.53741159643488e-08,4.36954505395708e-07,"S000006206","S000006206","PDH1"
"S000006211",231.318777243653,-1.66758835642542,0.230688963651808,-7.22873053841624,4.87529670025709e-13,2.35414242353968e-11,"S000006211","S000006211","REC8"
"S000006214",1084.67937104407,1.24968131415814,0.506737651894258,2.4661307670481,0.0136581461626821,0.0392157258142255,"S000006214","S000006214","RPA135"
"S000006229",662.18306383113,-1.13370084550893,0.234060315783767,-4.8436269160479,1.27490221026454e-06,1.39039785947843e-05,"S000006229","S000006229","CCL1"
"S000006230",4115.20212064809,-2.02633549651216,0.237472948280111,-8.5329108481106,1.42710662124306e-17,1.34194966693599e-15,"S000006230","S000006230","ATH1"
"S000006237",827.982087436305,2.23483036717109,0.445765951854091,5.01346134193443,5.34595119462531e-07,6.50849066650592e-06,"S000006237","S000006237","HTS1"
"S000006238",283.361400526617,1.58410910108033,0.328165057207043,4.82717177313884,1.38485667820917e-06,1.49499671462566e-05,"S000006238","S000006238","ARP7"
"S000006247",1806.00444441426,1.24916291481175,0.41428805235444,3.01520381220901,0.00256806624378235,0.00977766937197154,"S000006247","S000006247","RPL43A"
"S000006248",2077.53130841166,1.16249109417137,0.417040972311601,2.78747454411456,0.00531206275417019,0.0180088503191069,"S000006248","S000006248","OPI11"
"S000006250",46.4685406731161,1.59884463913756,0.587514562332952,2.7213702291714,0.00650119050264447,0.0214351824346707,"S000006250","S000006250","MCM16"
"S000006251",112.033904189731,1.59746688043329,0.381141436307913,4.1912705580055,2.77396623815362e-05,0.000196181590509301,"S000006251","S000006251","MSF1"
"S000006256",137.265408131114,1.37118778004244,0.234560148289678,5.84578322464671,5.0419028265662e-09,1.05202798686293e-07,"S000006256","S000006256","NHP6A"
"S000006262",348.799097905738,1.49561529050059,0.247037979037285,6.05419173330776,1.41124442776758e-09,3.39007001782891e-08,"S000006262","S000006262","YMC1"
"S000006263",95.077042799538,1.77141352064508,0.355929123152669,4.97687153260923,6.46201785111359e-07,7.68399510365778e-06,"S000006263","S000006263",NA
"S000006264",90.6719113560204,2.57646461036496,0.380704489646209,6.76762339409047,1.30914986597051e-11,5.00312273644825e-10,"S000006264","S000006264","ARO7"
"S000006265",525.830091559687,-1.37395337844821,0.291161391437852,-4.71887214051001,2.37155811389716e-06,2.37441174968362e-05,"S000006265","S000006265","JID1"
"S000006269",688.131767649623,1.91111972975985,0.330870497912623,5.7760354634717,7.64812603489849e-09,1.52248837627861e-07,"S000006269","S000006269","ROX1"
"S000006277",138.711827168702,1.20416046296293,0.320819058959826,3.75339441137666,0.000174456035742889,0.000960516224527392,"S000006277","S000006277","LTP1"
"S000006278",1707.6380255756,4.89721805770401,0.420513378651218,11.645807972654,2.41026454441648e-31,7.82952525757837e-29,"S000006278","S000006278","TKL1"
"S000006284",24613.8891967741,1.04138470089722,0.384417660213584,2.70899287071938,0.00674877899155165,0.0220581518697113,"S000006284","S000006284","TEF1"
"S000006305",392.638935671979,-1.21255328431011,0.24079258023474,-5.03567544783994,4.76166759701259e-07,5.8542980130279e-06,"S000006305","S000006305","SNT309"
"S000006306",1973.69614638815,1.32781087009777,0.497440615610545,2.66928519390812,0.0076012876890088,0.0243599114213011,"S000006306","S000006306","RPL11A"
"S000006314",567.591871971242,1.27412640457479,0.495860167172282,2.569527638892,0.0101837267858683,0.0309693631809396,"S000006314","S000006314","RPC40"
"S000006317",463.273631958691,1.15685405384924,0.334980113879878,3.45350068829484,0.000553360891422282,0.00262938404956738,"S000006317","S000006317","PIS1"
"S000006318",391.69168456335,1.41199421654334,0.264079097868135,5.34686095166986,8.94927134497838e-08,1.37539715412662e-06,"S000006318","S000006318",NA
"S000006323",71.6837073939468,3.52502045187929,0.45916608958975,7.67700518788045,1.62850838639901e-14,9.69844598616708e-13,"S000006323","S000006323","CLB2"
"S000006327",64.1569504313613,1.58898209738174,0.374922290619591,4.23816384658223,2.253552858213e-05,0.000165982403110939,"S000006327","S000006327",NA
"S000006328",367.589271841688,1.01355371989128,0.352392148493273,2.87620971189325,0.00402482210671341,0.0142888182740325,"S000006328","S000006328","CTR1"
"S000006332",209.264235431863,1.17265677860116,0.207604436820582,5.64851501519019,1.6183971859589e-08,2.9280697441659e-07,"S000006332","S000006332","ANT1"
"S000006336",3619.24541172061,1.02741804039555,0.28200459015795,3.64326708235527,0.000269199252161797,0.00140785397407558,"S000006336","S000006336","RPS23B"
"S000113589",37.4762704101958,4.20738530005618,0.853618668042691,4.92888154578849,8.27016951353654e-07,9.49385414617043e-06,"S000113589","S000113589",NA
"S000006349",3071.13573034218,2.2853738980367,0.541921341111083,4.21716903296534,2.47388533219605e-05,0.000178853025053506,"S000006349","S000006349","ASN1"
"S000006353",10408.7442264822,-1.06519786794328,0.31435470549114,-3.38852210365054,0.000702703649484751,0.00321399784386738,"S000006353","S000006353","NCE102"
"S000006358",1591.38439238214,1.0644260724714,0.441940625747836,2.40852732348427,0.0160170272907767,0.044765618120272,"S000006358","S000006358","PIN3"
"S000006363",1530.37939964777,1.72353675593259,0.424168276888913,4.063332525888,4.83770354336337e-05,0.000317325822603454,"S000006363","S000006363","KRE6"
"S000028726",42.6155785763791,1.84386333585644,0.403728659159922,4.5670855759736,4.94552146121382e-06,4.46816297377554e-05,"S000028726","S000028726",NA
"S000006364",3898.92157033467,1.15463678575628,0.186310985405292,6.19736288359238,5.74170196402345e-10,1.54841785229787e-08,"S000006364","S000006364","GPH1"
"S000006371",248.761615303604,2.21955513365756,0.26695254902671,8.31441820559458,9.22034691921718e-17,7.57393209864202e-15,"S000006371","S000006371","MET16"
"S000006395",3033.34794396706,1.09417095148608,0.195170593894677,5.60622852885588,2.06782896697357e-08,3.61756174112035e-07,"S000006395","S000006395","QCR2"
"S000006396",931.873115074837,-1.570013204025,0.409419952971607,-3.83472567135455,0.000125704513286024,0.000722434502773279,"S000006396","S000006396","AQY1"
"S000006398",374.121277906314,1.10278562312697,0.25033417506687,4.40525398832338,1.05660003800109e-05,8.53701771800425e-05,"S000006398","S000006398","OPT2"
"S000006405",120.817873529591,-1.54314401786408,0.270693915920761,-5.70069708665265,1.19318493829326e-08,2.25286556446836e-07,"S000006405","S000006405","ARR3"
"WBGene00009005",11.7142435306497,-4.51073321920837,0.99586138226856,-4.52947900131741,5.91293102865715e-06,5.20403467934708e-05,"WBGene00009005","WBGene00009005",NA
"WBGene00009008",210.867928358235,-1.78366303669534,0.48844942271688,-3.65168419439243,0.000260526139321374,0.00137152858538505,"WBGene00009008","WBGene00009008",NA
"WBGene00009016",37.2925572852253,-5.92311654039776,0.981029564037141,-6.037653458702,1.5637142934962e-09,3.71265255763142e-08,"WBGene00009016","WBGene00009016",NA
"WBGene00009020",17.6481660110696,5.73017978181431,1.1414624346572,5.02003360586735,5.16624405109202e-07,6.30581778157629e-06,"WBGene00009020","WBGene00009020",NA
"WBGene00009028",65.1849081271926,-3.96994309931159,0.768027050653945,-5.1690146797972,2.35331414743671e-07,3.21567104295535e-06,"WBGene00009028","WBGene00009028",NA
"WBGene00009031",331.909077394462,-5.48335332221969,1.16529513322293,-4.70554897715399,2.53183710380781e-06,2.49569294653276e-05,"WBGene00009031","WBGene00009031",NA
"WBGene00009042",84.334155602724,-1.64960028501489,0.467801097964153,-3.52628562052091,0.000421432201361625,0.00208210523818241,"WBGene00009042","WBGene00009042",NA
"WBGene00009043",34.906750222647,-5.33496768394741,0.927631614889335,-5.75117061376123,8.86276172523404e-09,1.72582361496962e-07,"WBGene00009043","WBGene00009043",NA
"WBGene00009054",150.716558900879,-1.01974201737195,0.24884709627793,-4.09786584864559,4.16976810398615e-05,0.000279651124411607,"WBGene00009054","WBGene00009054",NA
"WBGene00009057",172.69717323642,-1.01831269521163,0.336401910940668,-3.02707167258403,0.00246935400590463,0.00947248438174849,"WBGene00009057","WBGene00009057",NA
"WBGene00009071",41.3627208535039,2.73772726795292,0.547981450401584,4.99602179224607,5.85250499346479e-07,7.04123349087476e-06,"WBGene00009071","WBGene00009071",NA
"WBGene00009075",17.3679133481293,-5.51588843144729,1.206545737953,-4.57163641455103,4.83930087588363e-06,4.38050205313519e-05,"WBGene00009075","WBGene00009075",NA
"WBGene00009079",11.5567192925973,-5.45656334144213,1.56488908168423,-3.48686907289906,0.000488710545097113,0.00236144010178264,"WBGene00009079","WBGene00009079",NA
"WBGene00009081",318.86105130981,-2.48124683028047,0.534708900343651,-4.6403694209799,3.47786883218777e-06,3.28330113728268e-05,"WBGene00009081","WBGene00009081",NA
"WBGene00009086",110.18416889172,1.1189553641788,0.364879767347613,3.06664130026369,0.00216478464481925,0.00845158889057676,"WBGene00009086","WBGene00009086",NA
"WBGene00009089",96.7783994502911,4.8916454213087,0.815117524995769,6.00115354081498,1.95920613321239e-09,4.56073831628742e-08,"WBGene00009089","WBGene00009089",NA
"WBGene00009090",12.7014766367916,-7.31688314890468,1.63188681493314,-4.48369524280057,7.3361416405813e-06,6.23768426346392e-05,"WBGene00009090","WBGene00009090",NA
"WBGene00009096",42.2236349192495,-2.49309568739849,0.588217835985311,-4.23838845896667,2.2512998581798e-05,0.000165982403110939,"WBGene00009096","WBGene00009096",NA
"WBGene00009097",114.21864384266,-2.24121780235844,0.498092643528109,-4.49960028817803,6.80813552828938e-06,5.85843956085732e-05,"WBGene00009097","WBGene00009097",NA
"WBGene00009101",23.2411228513132,-2.95421867655537,0.72553938263722,-4.07175509317945,4.66602248833421e-05,0.000307901474726505,"WBGene00009101","WBGene00009101",NA
"WBGene00009115",42.1514349215839,-4.0737221871106,0.690452441245737,-5.90007644807607,3.63333183811141e-09,7.86836544880703e-08,"WBGene00009115","WBGene00009115",NA
"WBGene00009125",17.7354229771682,-1.99495674492228,0.668798379183911,-2.98289709875881,0.0028553397603133,0.01070041195442,"WBGene00009125","WBGene00009125",NA
"WBGene00009129",32.2011030321495,-2.90699548621971,0.728140539674628,-3.99235494773951,6.54203505996285e-05,0.000411942190238762,"WBGene00009129","WBGene00009129",NA
"WBGene00009130",166.481096842356,-1.34382494351167,0.324499941129927,-4.14121783453148,3.45466671999554e-05,0.0002368227886278,"WBGene00009130","WBGene00009130",NA
"WBGene00009142",1195.00380369939,-1.19580461138708,0.285081732073806,-4.19460272914819,2.7335024675393e-05,0.000193991811164544,"WBGene00009142","WBGene00009142",NA
"WBGene00009143",40.333151061609,-5.45517823718024,1.15175475880552,-4.73640607557616,2.17541490152558e-06,2.20519185726987e-05,"WBGene00009143","WBGene00009143",NA
"WBGene00009149",26.2610127300463,-6.48376728126091,1.39071716437234,-4.66217534906689,3.1288442199113e-06,2.99655449463859e-05,"WBGene00009149","WBGene00009149",NA
"WBGene00009156",157.624214665945,5.49263248866401,1.06363532358609,5.16401850038731,2.41703791977983e-07,3.28116286049285e-06,"WBGene00009156","WBGene00009156",NA
"WBGene00009157",50.067622386394,-2.74427549304396,0.582839384755589,-4.7084592510761,2.49596248622849e-06,2.47213991533353e-05,"WBGene00009157","WBGene00009157",NA
"WBGene00009158",199.629252445874,-1.26123146760712,0.203960612147015,-6.18370112901027,6.26158655233416e-10,1.6697174737409e-08,"WBGene00009158","WBGene00009158",NA
"WBGene00009160",35.3164169757612,-5.08877906673314,0.81867269402833,-6.21588957815789,5.1034684698908e-10,1.40007437313146e-08,"WBGene00009160","WBGene00009160",NA
"WBGene00009178",11.3260052115718,-2.28863620452099,0.840233863456657,-2.72380857765684,0.00645338981883535,0.0212972294344525,"WBGene00009178","WBGene00009178",NA
"WBGene00009185",54.7788860953499,-4.57562453872083,1.5082067275656,-3.03381788125714,0.0024148015713595,0.00929401382066183,"WBGene00009185","WBGene00009185",NA
"WBGene00009193",10.2854851214116,-4.71059741965721,1.41407351913487,-3.33122525520396,0.000864646050661079,0.00384278171707052,"WBGene00009193","WBGene00009193",NA
"WBGene00009202",141.277235122573,3.12257322808605,1.30788441911828,2.3874993710768,0.0169634317816238,0.0468377056792746,"WBGene00009202","WBGene00009202",NA
"WBGene00009212",304.655073959598,4.37884644882786,1.1638778773317,3.76229030047962,0.000168364459473928,0.000929842820425368,"WBGene00009212","WBGene00009212",NA
"WBGene00009213",63.4879234188128,-2.59380376076416,0.455925736009928,-5.68909266553813,1.27716152893709e-08,2.39245999123169e-07,"WBGene00009213","WBGene00009213",NA
"WBGene00009215",715.078451776567,-1.28539218081665,0.26280560982318,-4.89103783470028,1.00305679570526e-06,1.12268526084693e-05,"WBGene00009215","WBGene00009215",NA
"WBGene00009218",116.659672531424,-1.45683578895501,0.346471474568749,-4.20477844754269,2.61338024989297e-05,0.000187045788240962,"WBGene00009218","WBGene00009218",NA
"WBGene00009226",101.815108337307,-3.18576843295052,0.759117974558156,-4.19667105736074,2.70866897479264e-05,0.000192516189242721,"WBGene00009226","WBGene00009226",NA
"WBGene00009239",18.9168697877044,-3.24526063471179,0.699990275438621,-4.63615102749574,3.54956661512404e-06,3.3421578148859e-05,"WBGene00009239","WBGene00009239",NA
"WBGene00009241",89.2446045722955,-2.72945540811752,0.349940444406397,-7.79977122320768,6.20195069066897e-15,3.95734291168445e-13,"WBGene00009241","WBGene00009241",NA
"WBGene00009260",53.8432398343981,1.3519019204467,0.459843398050802,2.93991808119281,0.00328299031315906,0.0120502774899801,"WBGene00009260","WBGene00009260",NA
"WBGene00009269",23.587284686238,-5.18431988923606,1.05142803719941,-4.93074153039046,8.19180627148515e-07,9.42214176974423e-06,"WBGene00009269","WBGene00009269",NA
"WBGene00009271",93.4192552371412,-2.15194923221283,0.409719718108393,-5.25224717557655,1.50254634298005e-07,2.18250964229816e-06,"WBGene00009271","WBGene00009271",NA
"WBGene00009293",27.4105996086858,-1.72268898696468,0.434160994339414,-3.96785756764214,7.25216533943343e-05,0.000450283228481851,"WBGene00009293","WBGene00009293",NA
"WBGene00009295",14.6874611218255,-1.49111270505653,0.617005557906846,-2.41669250130427,0.0156622420937441,0.0439286550717984,"WBGene00009295","WBGene00009295",NA
"WBGene00009297",37.3219994515415,3.97207255997919,1.03403633322019,3.84132784542434,0.000122370545361411,0.000706683719131577,"WBGene00009297","WBGene00009297",NA
"WBGene00009301",61.1789959305177,1.03895532711277,0.429504084170194,2.41896495377929,0.0155647397198904,0.0436980602664298,"WBGene00009301","WBGene00009301",NA
"WBGene00009308",165.219913222825,-5.15522465889056,1.04723650888879,-4.92269378992593,8.53609650828745e-07,9.74492231573103e-06,"WBGene00009308","WBGene00009308",NA
"WBGene00009313",35.068194202359,-5.08492649758661,1.0769827723148,-4.72145574497667,2.34162585461229e-06,2.35199285593629e-05,"WBGene00009313","WBGene00009313",NA
"WBGene00009321",71.6940646450712,-5.68898707566694,0.968757275599366,-5.87245868388156,4.29378740414351e-09,9.15986617424227e-08,"WBGene00009321","WBGene00009321",NA
"WBGene00009324",15.6011290243803,-5.82393299456806,1.27212423133901,-4.57811654797103,4.69181273594632e-06,4.27406497354243e-05,"WBGene00009324","WBGene00009324",NA
"WBGene00009331",19.7815428743471,-2.28330569732092,0.958025246397191,-2.38334606098081,0.0171560581042949,0.0472832609281174,"WBGene00009331","WBGene00009331",NA
"WBGene00009333",26.3010539510306,-1.06142374116824,0.43897337173404,-2.4179683997127,0.0156074321536587,0.0437921138147319,"WBGene00009333","WBGene00009333",NA
"WBGene00009343",13.0825162941462,5.39914394708631,1.15371007462086,4.67981000240517,2.87140888646475e-06,2.79001000776619e-05,"WBGene00009343","WBGene00009343",NA
"WBGene00009344",171.273176609435,-5.75493061815198,1.45205012336607,-3.96331402445748,7.39164496966504e-05,0.000458147361454564,"WBGene00009344","WBGene00009344",NA
"WBGene00009354",35.2536918290953,1.09453433547684,0.404942117163528,2.70294022055214,0.00687291059539225,0.02239992880535,"WBGene00009354","WBGene00009354",NA
"WBGene00009361",176.145168820579,4.15014855226477,0.535847098438205,7.7450238404965,9.55639142977878e-15,5.964607105058e-13,"WBGene00009361","WBGene00009361",NA
"WBGene00009367",676.186060033757,1.65143601867374,0.31736634028613,5.20356385993814,1.95502528120801e-07,2.72882581487365e-06,"WBGene00009367","WBGene00009367",NA
"WBGene00009370",99.7076766923987,1.49702646120164,0.286422006865477,5.22664608625812,1.7261244767604e-07,2.46072378185746e-06,"WBGene00009370","WBGene00009370",NA
"WBGene00009377",53.9971610721324,-4.94230096566519,1.57041415835014,-3.14713220037288,0.00164880395785019,0.00667602123783365,"WBGene00009377","WBGene00009377",NA
"WBGene00009386",56.4283397427998,-1.45166864090363,0.490450883687001,-2.95986548131099,0.00307773396745047,0.0113963864240336,"WBGene00009386","WBGene00009386",NA
"WBGene00009389",64.3633166538676,-1.17588217238332,0.41085226503634,-2.86205595648673,0.00420902589109712,0.0148432289813598,"WBGene00009389","WBGene00009389",NA
"WBGene00009396",214.410663352237,1.01867879600987,0.271476085568733,3.75237028291378,0.000175170475580788,0.000963793021733673,"WBGene00009396","WBGene00009396",NA
"WBGene00009397",129.209581334105,2.94960939348048,0.63002089484428,4.68176439482936,2.84416259283012e-06,2.76541605029394e-05,"WBGene00009397","WBGene00009397",NA
"WBGene00009401",18.4516642925537,-6.17107967293279,1.38513468516397,-4.45521994289116,8.38072319626797e-06,6.99274236101916e-05,"WBGene00009401","WBGene00009401",NA
"WBGene00009402",11.4044595134067,-4.90532421244142,1.7149698717811,-2.86029760239866,0.00423243620674266,0.0149184243410537,"WBGene00009402","WBGene00009402",NA
"WBGene00009405",46.2925823896268,-1.19585871590447,0.448878869953702,-2.66410115501273,0.00771943461531277,0.0246721554017588,"WBGene00009405","WBGene00009405",NA
"WBGene00009408",67.3985995052294,-1.78972986986072,0.481668490861039,-3.71568807970264,0.000202651456955636,0.00109923995228345,"WBGene00009408","WBGene00009408",NA
"WBGene00009410",10.2507513422321,3.61445975264804,1.0320137919686,3.50233667493275,0.000461196441951363,0.00224289919864268,"WBGene00009410","WBGene00009410",NA
"WBGene00009416",33.9942819379579,-4.32601347899501,0.886592804687436,-4.87936903629635,1.06425764686159e-06,1.18469116406485e-05,"WBGene00009416","WBGene00009416",NA
"WBGene00009429",39.4467271321068,3.1090138914156,0.621095573482558,5.00569320432117,5.56613509344562e-07,6.74781754797441e-06,"WBGene00009429","WBGene00009429",NA
"WBGene00009431",20.5258136746707,-2.48461823450596,0.849883531349499,-2.9234808569131,0.00346141508588176,0.012588805552801,"WBGene00009431","WBGene00009431",NA
"WBGene00009449",25.1603956927471,-5.20622838282161,1.03529115312887,-5.0287577239381,4.93667665159209e-07,6.03592124732299e-06,"WBGene00009449","WBGene00009449",NA
"WBGene00009457",123.183932787279,-5.29565775801926,1.07401991761126,-4.93068859448843,8.19402660028831e-07,9.42214176974423e-06,"WBGene00009457","WBGene00009457",NA
"WBGene00009458",25.7985169364678,-4.59319903044664,0.839305372488283,-5.47261959831046,4.43431297788177e-08,7.32712547894383e-07,"WBGene00009458","WBGene00009458",NA
"WBGene00009459",34.9860956757445,-5.64596955213128,0.876367218642019,-6.44247004227295,1.17544571503697e-10,3.60630892054522e-09,"WBGene00009459","WBGene00009459",NA
"WBGene00009461",60.0334696537062,1.11029686377727,0.313095471869517,3.54619265857664,0.000390840352362812,0.00195484462472987,"WBGene00009461","WBGene00009461",NA
"WBGene00009469",223.440530841665,1.20604148965644,0.327800259015388,3.6791962681147,0.000233970158759418,0.00124781174595088,"WBGene00009469","WBGene00009469",NA
"WBGene00009470",109.273529139441,-5.51086534261265,0.869576282273498,-6.33741450284792,2.33652787185252e-10,6.80162787625012e-09,"WBGene00009470","WBGene00009470",NA
"WBGene00009471",32.9219394399011,-5.334364457175,1.10196324426769,-4.84078256232581,1.29328820617625e-06,1.40463285189037e-05,"WBGene00009471","WBGene00009471",NA
"WBGene00009482",150.107773491162,-1.02875084018109,0.298003209707971,-3.45214684495922,0.000556144967981179,0.00263998008215045,"WBGene00009482","WBGene00009482",NA
"WBGene00009485",55.7845842051324,-1.26083873721771,0.332260103634502,-3.79473407558038,0.00014780178411633,0.000829093759958676,"WBGene00009485","WBGene00009485",NA
"WBGene00009486",22.4557810637545,1.75441001044329,0.568459369673526,3.08625401222761,0.00202695583322721,0.00797447831662991,"WBGene00009486","WBGene00009486",NA
"WBGene00009488",119.742431051988,2.98498376066871,0.330167128624537,9.0408266053136,1.55491505935316e-19,1.79229039865603e-17,"WBGene00009488","WBGene00009488",NA
"WBGene00009489",10.4373948326758,-7.24483275709335,1.7067403105025,-4.2448360260269,2.18753328032449e-05,0.000161834436727111,"WBGene00009489","WBGene00009489",NA
"WBGene00009492",27.2636129542662,-6.65104182680934,1.26827363320333,-5.24416943842831,1.56987884235023e-07,2.25964534679877e-06,"WBGene00009492","WBGene00009492",NA
"WBGene00009501",11.5060870022189,-6.30631014995551,1.49025226485175,-4.23170646922846,2.31924957107014e-05,0.000169995046765669,"WBGene00009501","WBGene00009501",NA
"WBGene00009502",16.1463584186584,-5.10264528829086,1.12359046747529,-4.54137466986215,5.58886067114769e-06,4.96776029681057e-05,"WBGene00009502","WBGene00009502",NA
"WBGene00009504",34.1665344910483,-1.64242798320152,0.551928692506738,-2.97579742727629,0.0029222782360373,0.0109026684488857,"WBGene00009504","WBGene00009504",NA
"WBGene00009513",12.7443952747377,-6.38220634855059,1.62687207463184,-3.92299213199961,8.74560084528624e-05,0.000529216227272126,"WBGene00009513","WBGene00009513",NA
"WBGene00009515",60.247399208052,-2.66561063944862,0.531896600908494,-5.01152034981177,5.40016714167631e-07,6.56331538741322e-06,"WBGene00009515","WBGene00009515",NA
"WBGene00009526",37.1737458515401,-2.09618435663311,0.511541953883637,-4.09777602935368,4.17138597387215e-05,0.000279651124411607,"WBGene00009526","WBGene00009526",NA
"WBGene00009528",12.5612869237549,-2.84491463251542,0.69890787735242,-4.0705144765179,4.69094258210045e-05,0.000309016748249263,"WBGene00009528","WBGene00009528",NA
"WBGene00009537",20.9491132744027,2.67411594043109,1.01841218737878,2.62576977531447,0.00864532698473613,0.0270294052945912,"WBGene00009537","WBGene00009537",NA
"WBGene00009546",35.422771237258,4.0284647628529,0.997206332673962,4.03975048177919,5.3508096010174e-05,0.000346059373879374,"WBGene00009546","WBGene00009546",NA
"WBGene00009548",53.0316082276882,-6.5581419671388,1.07416454820538,-6.10534203357908,1.02580766573521e-09,2.57225771339532e-08,"WBGene00009548","WBGene00009548",NA
"WBGene00009549",13.2089887427271,-3.48633531119338,0.781890561934009,-4.45885329856127,8.23992910024684e-06,6.90752531553244e-05,"WBGene00009549","WBGene00009549",NA
"WBGene00009550",10.4177512731034,-6.89744051846311,1.41702186498584,-4.86756110748654,1.129839019731e-06,1.24412859083322e-05,"WBGene00009550","WBGene00009550",NA
"WBGene00009581",86.3523450365939,-6.50143497408117,0.859686148894254,-7.56256801676223,3.9518834887084e-14,2.22379018520115e-12,"WBGene00009581","WBGene00009581",NA
"WBGene00009592",19.1915033142479,-8.03762230564109,1.47373154533596,-5.45392566989452,4.92698034952341e-08,8.1037203838594e-07,"WBGene00009592","WBGene00009592",NA
"WBGene00009605",39.8362073165228,-4.73549608445973,0.946704991615118,-5.00208209146629,5.67144290056262e-07,6.8522344359883e-06,"WBGene00009605","WBGene00009605",NA
"WBGene00009606",358.994856066042,1.01785522985828,0.429740137398882,2.36853656728255,0.0178586149037382,0.0488897113233346,"WBGene00009606","WBGene00009606",NA
"WBGene00009620",39.8348513968579,-1.79956450226791,0.524596516384859,-3.43037829276719,0.000602740298033557,0.00282643276896117,"WBGene00009620","WBGene00009620",NA
"WBGene00009621",931.246706556744,-1.21230608408881,0.300609626798243,-4.03282521920852,5.51102687092939e-05,0.00035574194923476,"WBGene00009621","WBGene00009621",NA
"WBGene00009626",146.985754967151,-1.58104724003529,0.456216168796873,-3.46556599299146,0.000529116654432291,0.00253185950512244,"WBGene00009626","WBGene00009626",NA
"WBGene00009628",1365.33404104933,-1.07239398040294,0.20236857922236,-5.29921188617236,1.16303603030072e-07,1.73339666121878e-06,"WBGene00009628","WBGene00009628",NA
"WBGene00009641",33.7913983895018,-3.40727400760256,0.684337352443848,-4.97893910866445,6.39337515203721e-07,7.62139374879631e-06,"WBGene00009641","WBGene00009641",NA
"WBGene00009643",51.6068634209231,-3.87540259751846,0.755496628521288,-5.12960938701166,2.90344016745577e-07,3.83184398092755e-06,"WBGene00009643","WBGene00009643",NA
"WBGene00009645",345.83687112593,-1.31491445625197,0.222999469454649,-5.89649141079855,3.71312076989576e-09,8.02115539031701e-08,"WBGene00009645","WBGene00009645",NA
"WBGene00009658",38.660978796477,2.4790822259802,0.837553144200138,2.95991035690962,0.00307728570007858,0.0113963864240336,"WBGene00009658","WBGene00009658",NA
"WBGene00009680",356.919770748636,-5.75307234658446,0.912346522751307,-6.30579741701133,2.86713853593869e-10,8.22891789039591e-09,"WBGene00009680","WBGene00009680",NA
"WBGene00009681",743.094841884491,-5.67815725144303,1.11560773719783,-5.08974352016002,3.58548137888537e-07,4.57973953068888e-06,"WBGene00009681","WBGene00009681",NA
"WBGene00009682",407.085978297134,-5.3572172515514,1.14860679695609,-4.66410025236531,3.09970249288061e-06,2.97143177268562e-05,"WBGene00009682","WBGene00009682",NA
"WBGene00009683",10.7559444443677,-6.16596345981433,1.63579411543196,-3.76940068535831,0.000163640005798069,0.00090762119030082,"WBGene00009683","WBGene00009683",NA
"WBGene00009684",29.1298443086074,-5.00156136104395,1.84635093239178,-2.70888988290264,0.00675087416775361,0.022059955299429,"WBGene00009684","WBGene00009684",NA
"WBGene00009685",21.8628917000404,-5.81044068399023,1.25691694832773,-4.62277216622843,3.78645526233464e-06,3.54187205919823e-05,"WBGene00009685","WBGene00009685",NA
"WBGene00009692",380.181394156184,2.02114170889222,0.636767193286171,3.17406695916869,0.00150319008888337,0.00616502035592825,"WBGene00009692","WBGene00009692",NA
"WBGene00009695",21.9958788391503,-7.04560939616375,1.48580800697482,-4.74193796445407,2.11683450111105e-06,2.15090041158291e-05,"WBGene00009695","WBGene00009695",NA
"WBGene00009696",37.478294699564,3.06025863639862,0.630135088294315,4.85651202932104,1.19471526701994e-06,1.3066809442796e-05,"WBGene00009696","WBGene00009696",NA
"WBGene00009697",40.1279077588822,3.85735537877721,0.818381801910258,4.71339339385775,2.43625208372559e-06,2.42826715709134e-05,"WBGene00009697","WBGene00009697",NA
"WBGene00009698",69.4364288699173,5.11880756596846,0.819154629355112,6.24889048115164,4.13378637284872e-10,1.1472661869345e-08,"WBGene00009698","WBGene00009698",NA
"WBGene00009705",13.1666860450459,-4.53983339488902,1.1682032578309,-3.88616738093892,0.000101839301482414,0.000603978894642384,"WBGene00009705","WBGene00009705",NA
"WBGene00009708",35.0106470682071,-4.84907538979992,0.995044693458178,-4.87322370711556,1.09791778207275e-06,1.21543829110058e-05,"WBGene00009708","WBGene00009708",NA
"WBGene00009714",24.8640023052702,-7.18994620092824,1.39814717205678,-5.1424816676139,2.71132906059741e-07,3.6319612242848e-06,"WBGene00009714","WBGene00009714",NA
"WBGene00009722",18.9673965672064,-1.40364104179492,0.567180440779104,-2.47476982786434,0.0133322068083148,0.0384730934607799,"WBGene00009722","WBGene00009722",NA
"WBGene00009738",35.6919702102121,-1.73366012826302,0.527761153246206,-3.2849331891888,0.001020065568579,0.00443789774502176,"WBGene00009738","WBGene00009738",NA
"WBGene00009743",79.2549702938497,2.03788746642691,0.326333754547768,6.24479520744338,4.24355743477577e-10,1.17475638509992e-08,"WBGene00009743","WBGene00009743",NA
"WBGene00009753",20.1538540327801,-5.58973062369048,1.24206391943323,-4.50035665333646,6.78395408482773e-06,5.84466882064151e-05,"WBGene00009753","WBGene00009753",NA
"WBGene00009754",17.9788261875771,-4.82357121957242,0.998592538906542,-4.8303697771007,1.36279720862511e-06,1.47229482259098e-05,"WBGene00009754","WBGene00009754",NA
"WBGene00009755",16.4907506928318,-5.59447995161397,1.33618270159689,-4.18691242217696,2.82774872312826e-05,0.000199000553912714,"WBGene00009755","WBGene00009755",NA
"WBGene00009759",26.3367023927553,-4.57905091798188,0.897849926923571,-5.10001814409199,3.39620923598116e-07,4.38104861099989e-06,"WBGene00009759","WBGene00009759",NA
"WBGene00009773",78.4058822443669,-2.60229309315218,0.531894366855398,-4.89249981821981,9.95632081371962e-07,1.11612308541564e-05,"WBGene00009773","WBGene00009773",NA
"WBGene00009787",337.017443841921,1.05226780712993,0.421646470475592,2.49561630610362,0.0125738527411411,0.0367382721930012,"WBGene00009787","WBGene00009787",NA
"WBGene00009809",73.538263021825,-1.23968736588297,0.309185524608672,-4.00952589048925,6.08407822516727e-05,0.000387348463573789,"WBGene00009809","WBGene00009809",NA
"WBGene00009811",14.1013164499839,-2.70902635036407,0.929230093504469,-2.91534504672286,0.00355295490063793,0.0128562998467894,"WBGene00009811","WBGene00009811",NA
"WBGene00009813",348.559234919116,-1.79663045926792,0.389788492168304,-4.60924448865507,4.04134865255079e-06,3.74840988260276e-05,"WBGene00009813","WBGene00009813",NA
"WBGene00009823",141.27462449392,1.46328970143076,0.330735966721643,4.42434403471549,9.67357592498496e-06,7.92892826753829e-05,"WBGene00009823","WBGene00009823",NA
"WBGene00009834",258.770562920253,1.19318107997238,0.469159195552951,2.54323285418311,0.0109832007865929,0.032958826126973,"WBGene00009834","WBGene00009834",NA
"WBGene00009835",18.5221035359854,-4.28905523934365,1.02418484961838,-4.18777454181422,2.81703151507823e-05,0.000198343997266074,"WBGene00009835","WBGene00009835",NA
"WBGene00009839",17.4255417878239,-1.40820147924666,0.551209494460937,-2.55474822802868,0.0106264630397768,0.0319890556502801,"WBGene00009839","WBGene00009839",NA
"WBGene00009840",42.1082073502155,-1.23930183145641,0.374229472968185,-3.31160937599849,0.000927609706197844,0.00407822993869141,"WBGene00009840","WBGene00009840",NA
"WBGene00009842",26.0536768816472,-1.92448493824887,0.489222809276615,-3.93375963212855,8.36274151259549e-05,0.000510152216984752,"WBGene00009842","WBGene00009842",NA
"WBGene00009846",19.0926844940431,-2.45567815543829,0.903654785615335,-2.71749587843561,0.00657779746430245,0.0216328714121663,"WBGene00009846","WBGene00009846",NA
"WBGene00009851",326.964017198368,1.51393519969127,0.20548901097485,7.36747523631111,1.73889723128681e-13,8.97258416129326e-12,"WBGene00009851","WBGene00009851",NA
"WBGene00009861",29.2039166774464,4.17580854639649,0.842581074619686,4.95597239503785,7.19694344954875e-07,8.44547723517244e-06,"WBGene00009861","WBGene00009861",NA
"WBGene00009862",27.6911743988921,1.5816606800654,0.529106255593234,2.9893063318483,0.0027961164410674,0.0105170769189938,"WBGene00009862","WBGene00009862",NA
"WBGene00009884",402.000536441107,-5.73043336761429,0.982629810776865,-5.83173164987109,5.48550891170955e-09,1.1313763185435e-07,"WBGene00009884","WBGene00009884",NA
"WBGene00009886",241.109117950517,-1.03618911059481,0.30967387001086,-3.34606568697086,0.000819669755547913,0.00366677878851769,"WBGene00009886","WBGene00009886",NA
"WBGene00009888",1175.94867029563,-1.09289927961196,0.335877735398412,-3.25386045108225,0.00113848190904797,0.00487925694933213,"WBGene00009888","WBGene00009888",NA
"WBGene00009895",3059.56876667404,-1.81706272365833,0.413674828255061,-4.39249042858847,1.12059565059117e-05,9.00825288745756e-05,"WBGene00009895","WBGene00009895",NA
"WBGene00009899",169.949872065131,3.30708891960247,0.374871244236006,8.82193278479486,1.12500778352277e-18,1.17370337590445e-16,"WBGene00009899","WBGene00009899",NA
"WBGene00009926",401.594464778667,3.6492025833719,0.459443634368302,7.94265566088268,1.97897764966832e-15,1.37308386149074e-13,"WBGene00009926","WBGene00009926",NA
"WBGene00009938",48.250612032116,-4.85976554752096,0.719691286918456,-6.75256965848413,1.45249286329352e-11,5.53612813201448e-10,"WBGene00009938","WBGene00009938",NA
"WBGene00009939",239.616440506032,3.49056821692028,0.530758617543491,6.57656437699622,4.81442606417103e-11,1.60402311737055e-09,"WBGene00009939","WBGene00009939",NA
"WBGene00009941",21.3445602026577,-6.4314004336726,1.36672635923567,-4.70569722330467,2.52999778803947e-06,2.49560099271554e-05,"WBGene00009941","WBGene00009941",NA
"WBGene00009948",95.771959695019,-5.01801606235241,0.762987976955255,-6.57679572144384,4.80694453679534e-11,1.60402311737055e-09,"WBGene00009948","WBGene00009948",NA
"WBGene00009951",68.7573480408786,1.56879222559212,0.451105354839663,3.47766260976822,0.000505806147757683,0.00243581107476434,"WBGene00009951","WBGene00009951",NA
"WBGene00009956",27.0789053989585,-5.64671453996182,1.0892301631986,-5.18413346484996,2.17021488458007e-07,2.98258474474067e-06,"WBGene00009956","WBGene00009956",NA
"WBGene00009959",328.836607426527,-5.38447282183963,0.979525198872775,-5.49702328029541,3.86255724864125e-08,6.46458205560063e-07,"WBGene00009959","WBGene00009959",NA
"WBGene00009962",48.4967295734627,-3.76697648909274,0.723484227968008,-5.20671542442984,1.92212521259474e-07,2.68552645783154e-06,"WBGene00009962","WBGene00009962",NA
"WBGene00009971",114.279654262106,1.21046756562109,0.337133215707404,3.59047257648929,0.000330078959192717,0.00168734569518652,"WBGene00009971","WBGene00009971",NA
"WBGene00009976",333.13728213418,1.0765579300096,0.276987339725739,3.88666836208314,0.000101629447786474,0.000603001838869818,"WBGene00009976","WBGene00009976",NA
"WBGene00009977",366.323741333708,1.59163461342686,0.32458557066099,4.903590169414,9.41007165477595e-07,1.06071099496619e-05,"WBGene00009977","WBGene00009977",NA
"WBGene00010001",135.453656244415,-1.56099287312385,0.518553557213575,-3.0102828365729,0.00261004516922438,0.00991574952393202,"WBGene00010001","WBGene00010001",NA
"WBGene00010018",118.886059440273,-1.81348040841658,0.29612595307392,-6.12401712714418,9.12450819872558e-10,2.32057999438407e-08,"WBGene00010018","WBGene00010018",NA
"WBGene00010019",81.6220963968795,-4.08326550367082,0.479860534043335,-8.509275537342,1.75023465138682e-17,1.60359640206871e-15,"WBGene00010019","WBGene00010019",NA
"WBGene00010034",34.2362667108827,-1.86163013556526,0.421577691508404,-4.41586491188457,1.00606902113477e-05,8.19403127795274e-05,"WBGene00010034","WBGene00010034",NA
"WBGene00010035",50.2877857414702,-3.83487250127901,0.730844403747557,-5.24718049644344,1.54444570609718e-07,2.23655141613445e-06,"WBGene00010035","WBGene00010035",NA
"WBGene00010045",61.1690442647446,-2.00999532150878,0.465736750679573,-4.31573269357835,1.59074381715424e-05,0.000121976938726317,"WBGene00010045","WBGene00010045",NA
"WBGene00010046",41.5500191989907,-4.96925225485492,0.861367904698089,-5.76902416232545,7.97318732964286e-09,1.57187264141497e-07,"WBGene00010046","WBGene00010046",NA
"WBGene00010051",703.201194786846,1.74543294375478,0.451897583505837,3.86245248362173,0.000112254403858764,0.000655681321762695,"WBGene00010051","WBGene00010051",NA
"WBGene00010058",11.2797511001625,3.55646035805856,1.02292944381913,3.47674062912925,0.000507548555145874,0.00244173392753281,"WBGene00010058","WBGene00010058",NA
"WBGene00010062",10.6178542214828,-2.23469850699639,0.922084518725002,-2.42352892995794,0.0153705289557723,0.0432547687270828,"WBGene00010062","WBGene00010062",NA
"WBGene00010065",404.827659955251,-1.24069572365709,0.336752699456103,-3.68429332759906,0.000229338018868339,0.00122768850325287,"WBGene00010065","WBGene00010065",NA
"WBGene00010066",131.858208591662,1.01908605273917,0.362334345179914,2.81255714865549,0.00491492889129764,0.0169105168295561,"WBGene00010066","WBGene00010066",NA
"WBGene00010070",2316.9147498276,-1.12829075624025,0.4023530515009,-2.80423064279338,0.00504368108636968,0.0172876100161827,"WBGene00010070","WBGene00010070",NA
"WBGene00010072",19.8468605925777,-5.75391517750443,1.51260448483842,-3.80397865746054,0.000142390453571024,0.000804103813864341,"WBGene00010072","WBGene00010072",NA
"WBGene00010082",52.5941975223753,-5.25119757857026,0.827126362298769,-6.34872471477756,2.1710713113936e-10,6.35883652740753e-09,"WBGene00010082","WBGene00010082",NA
"WBGene00010083",108.388512865611,-1.39969278755103,0.510327572578114,-2.74273400608153,0.00609300191900013,0.0203043799926427,"WBGene00010083","WBGene00010083",NA
"WBGene00010091",126.696006277382,-5.76285219156494,1.2526690437792,-4.60045869272771,4.21561614291823e-06,3.89236443996966e-05,"WBGene00010091","WBGene00010091",NA
"WBGene00010092",19.4904384177413,-5.27660107039767,1.32842062927875,-3.97208606528681,7.12459680303184e-05,0.000443905240216801,"WBGene00010092","WBGene00010092",NA
"WBGene00010093",1242.8301275533,1.08187757908386,0.39446228212427,2.74266419911608,0.00609429722020828,0.0203043799926427,"WBGene00010093","WBGene00010093",NA
"WBGene00010098",11.2037753895856,3.01585910303284,1.13357060185357,2.66049516289629,0.00780258479941002,0.0248600857195647,"WBGene00010098","WBGene00010098",NA
"WBGene00010101",14.2273739162437,3.07979955096853,1.13701783609085,2.70866423833518,0.00675546670721046,0.0220699167191221,"WBGene00010101","WBGene00010101",NA
"WBGene00010104",11.0904809283138,3.12086187525106,1.13052831040505,2.76053403221092,0.00577069452954884,0.0193570844662853,"WBGene00010104","WBGene00010104",NA
"WBGene00010105",21.269519743909,3.67546110598626,0.840080863796371,4.37512775779304,1.21361377803413e-05,9.6636109913325e-05,"WBGene00010105","WBGene00010105",NA
"WBGene00010114",35.3354156723834,-5.80669583197642,1.09937512099944,-5.28181484286962,1.27910435963931e-07,1.89453249868649e-06,"WBGene00010114","WBGene00010114",NA
"WBGene00010120",31.4237441252003,2.91648677163442,0.862700342575048,3.38064867683845,0.000723149402714185,0.00329096104395784,"WBGene00010120","WBGene00010120",NA
"WBGene00010128",24.2698745740802,2.10771185420925,0.689652613056731,3.05619353034464,0.00224166514415923,0.00871602826590528,"WBGene00010128","WBGene00010128",NA
"WBGene00010136",67.546308707093,-3.81448895570272,0.676902188977461,-5.63521438963722,1.74840688334675e-08,3.13157638893172e-07,"WBGene00010136","WBGene00010136",NA
"WBGene00010137",26.4437784566236,-1.40809366932626,0.482051551742986,-2.92104374363057,0.00348860841185129,0.0126748042782386,"WBGene00010137","WBGene00010137",NA
"WBGene00010142",59.0151819569021,3.3136626214312,0.832537453896921,3.98019645352973,6.88583395694651e-05,0.000430342040868546,"WBGene00010142","WBGene00010142",NA
"WBGene00010148",32.1132426720661,1.24294425402948,0.519664369572337,2.3918211961547,0.0167650075660865,0.0464384211515647,"WBGene00010148","WBGene00010148",NA
"WBGene00010149",102.916534754105,2.1089065456738,0.744821528762689,2.83142533376707,0.00463410517955974,0.0160804237269841,"WBGene00010149","WBGene00010149",NA
"WBGene00010155",49.1579591096095,-4.79137648286425,0.652626670755313,-7.3416804699676,2.10928487395041e-13,1.06907832281465e-11,"WBGene00010155","WBGene00010155",NA
"WBGene00010183",140.391160250868,-1.61960131053365,0.30347504362246,-5.33685172659049,9.45743163662266e-08,1.44263682371662e-06,"WBGene00010183","WBGene00010183",NA
"WBGene00010199",713.312984097468,1.6009540066383,0.308066674213772,5.19677764796909,2.02772657896415e-07,2.81654965919676e-06,"WBGene00010199","WBGene00010199",NA
"WBGene00010219",19.1218163395633,4.90857562915261,1.28902410029278,3.80797816583701,0.000140107640405045,0.000794666073138616,"WBGene00010219","WBGene00010219",NA
"WBGene00010225",140.71293370624,-2.2553851397733,0.477178240092334,-4.72650458524026,2.28417636551748e-06,2.29751814161445e-05,"WBGene00010225","WBGene00010225",NA
"WBGene00010234",1173.32209962339,3.27136616127265,0.730753610087663,4.47670201845491,7.5804936661586e-06,6.40733270079272e-05,"WBGene00010234","WBGene00010234",NA
"WBGene00010240",9.9173661188506,4.31188688535771,1.01802892274613,4.23552493354156,2.28018399117112e-05,0.000167561284245804,"WBGene00010240","WBGene00010240",NA
"WBGene00010241",98.3807436041132,-4.91237299157327,0.795062044113794,-6.17860332780542,6.46711567498141e-10,1.72131255758863e-08,"WBGene00010241","WBGene00010241",NA
"WBGene00010246",45.0868535276849,-5.14835339270401,0.822136551735118,-6.26216336183863,3.79672877314432e-10,1.06196955684054e-08,"WBGene00010246","WBGene00010246",NA
"WBGene00010254",109.403724615945,-5.60709252380014,1.45115292280582,-3.86388810970987,0.000111596355065182,0.00065237083965098,"WBGene00010254","WBGene00010254",NA
"WBGene00010265",67.4726703791753,-4.88924238100844,1.39970876626883,-3.49304262346057,0.000477550277922476,0.00231612695023615,"WBGene00010265","WBGene00010265",NA
"WBGene00010266",841.297226011819,-1.85677248971869,0.401016196340937,-4.63016832402474,3.65368598084474e-06,3.42664919450222e-05,"WBGene00010266","WBGene00010266",NA
"WBGene00010268",49.7373812482803,-1.9931430679676,0.428639002077837,-4.64993399645341,3.3204127369396e-06,3.15130539502508e-05,"WBGene00010268","WBGene00010268",NA
"WBGene00010288",46.5570590399252,1.10687170979613,0.303530069645258,3.64666245782422,0.000265668538256828,0.00139244606428487,"WBGene00010288","WBGene00010288",NA
"WBGene00010289",33.5013450852483,-4.25206862024204,0.754942603376807,-5.63230714656032,1.77814635741299e-08,3.17688073581298e-07,"WBGene00010289","WBGene00010289",NA
"WBGene00010296",173.211580346987,-1.14023559679838,0.416334727319565,-2.73874726746772,0.00616737634352087,0.0205048406787494,"WBGene00010296","WBGene00010296",NA
"WBGene00010300",14.7443487465326,-6.80934517559636,1.63240117247551,-4.17136748638209,3.02777113506323e-05,0.000210691006978864,"WBGene00010300","WBGene00010300",NA
"WBGene00010310",11.3234885314362,3.63160191960703,0.906291373680761,4.0071019377111,6.14683378461779e-05,0.000390821598236397,"WBGene00010310","WBGene00010310",NA
"WBGene00010311",13.429892472474,1.82514194674298,0.694716496488279,2.62717519444103,0.00860969936672632,0.0269510365853305,"WBGene00010311","WBGene00010311",NA
"WBGene00010315",31.7601596099782,-1.63334967358711,0.512719060681868,-3.18566208834701,0.00144423176115264,0.00596084451693754,"WBGene00010315","WBGene00010315",NA
"WBGene00010321",43.8187052598612,-1.23396944626733,0.361492660224595,-3.4135394215215,0.00064124880667081,0.00297576921874866,"WBGene00010321","WBGene00010321",NA
"WBGene00010324",11.5747136327745,-4.38281817974219,1.10964603667119,-3.94974436432914,7.82347036735332e-05,0.000481516676552654,"WBGene00010324","WBGene00010324",NA
"WBGene00010328",117.201603073205,-1.11405923747995,0.348217872077235,-3.1993166543527,0.00137753775325229,0.00573192055523581,"WBGene00010328","WBGene00010328",NA
"WBGene00010334",46.5997043891643,-1.34018620243218,0.353238369009394,-3.7939995199008,0.00014823995997275,0.000831225479753045,"WBGene00010334","WBGene00010334",NA
"WBGene00010336",539.086923991071,-2.14418024567562,0.391078586937802,-5.48273497269395,4.18800189369085e-08,6.95227770807472e-07,"WBGene00010336","WBGene00010336",NA
"WBGene00010340",56.8920914709972,-1.02993355014282,0.39840947869443,-2.5851130688905,0.00973470678417544,0.0298451660373701,"WBGene00010340","WBGene00010340",NA
"WBGene00010357",29.8565593005687,-1.19486935235544,0.500475476151188,-2.38746833619972,0.0169648640804313,0.0468377056792746,"WBGene00010357","WBGene00010357",NA
"WBGene00010365",21.5647206450116,2.53429350914812,0.656591033126247,3.85977477804031,0.00011349157711827,0.000662366317579191,"WBGene00010365","WBGene00010365",NA
"WBGene00010366",70.9704088545469,-5.54198361344482,0.935726641878759,-5.92265237026658,3.16790050550066e-09,7.0418043429426e-08,"WBGene00010366","WBGene00010366",NA
"WBGene00010368",33.5631149261134,-2.7031094025272,0.72715230017784,-3.71739098104496,0.000201290802362603,0.00109310388988172,"WBGene00010368","WBGene00010368",NA
"WBGene00010373",17.5639527015113,-5.29617449546495,1.25661174320753,-4.21464666719282,2.50169535028221e-05,0.000180328071318224,"WBGene00010373","WBGene00010373",NA
"WBGene00010396",44.2567831069071,-3.06919245772735,0.642646107552129,-4.77586718671347,1.78934465248265e-06,1.87500755996587e-05,"WBGene00010396","WBGene00010396",NA
"WBGene00010422",479.717279231163,-1.81356006764427,0.3277466787601,-5.53342012344764,3.14046033538523e-08,5.35639613050849e-07,"WBGene00010422","WBGene00010422",NA
"WBGene00010424",695.660740558151,-1.53935963513986,0.251325522280083,-6.12496343854947,9.07044321398304e-10,2.3109419760688e-08,"WBGene00010424","WBGene00010424",NA
"WBGene00010466",75.7530864881909,-3.70929715910571,0.545945393233057,-6.79426405109761,1.08866830452511e-11,4.22835219472213e-10,"WBGene00010466","WBGene00010466",NA
"WBGene00010470",147.745377418032,-1.71160169063062,0.396684340819171,-4.31476999343127,1.59769161272061e-05,0.000122444001182926,"WBGene00010470","WBGene00010470",NA
"WBGene00010472",52.3593932237998,-1.29703829859047,0.386884022940497,-3.35252484383404,0.00080078054112428,0.00359470988514112,"WBGene00010472","WBGene00010472",NA
"WBGene00010474",50.447947095023,-5.97926212601713,0.914890197625987,-6.53549698262424,6.33986604134139e-11,2.05012907983920e-09,"WBGene00010474","WBGene00010474",NA
"WBGene00010475",40.2482867039572,1.21697047976919,0.417030442968315,2.91818139488118,0.00352079469093959,0.0127560756698605,"WBGene00010475","WBGene00010475",NA
"WBGene00010485",75.1760801351124,-4.41356935626078,0.747648254353091,-5.9032697937343,3.56366773200421e-09,7.74095788655565e-08,"WBGene00010485","WBGene00010485",NA
"WBGene00010486",76.405936058049,-6.57114307696805,0.944646250546206,-6.95619452590696,3.49587078000857e-12,1.47829825617345e-10,"WBGene00010486","WBGene00010486",NA
"WBGene00010495",100.311185498688,4.1599111095,1.21401050974637,3.42658574707815,0.000611220746812868,0.00285589347309458,"WBGene00010495","WBGene00010495",NA
"WBGene00010503",148.435247215591,-1.22251157288429,0.379922539955732,-3.21779163991359,0.00129181623021701,0.00543324578387424,"WBGene00010503","WBGene00010503",NA
"WBGene00010504",14.442048698075,1.89169193212809,0.608471042305568,3.10892680276164,0.00187768230298486,0.00744937324822192,"WBGene00010504","WBGene00010504",NA
"WBGene00010510",44.681698716768,-5.46996147917539,0.949371162893139,-5.761668031401,8.32866892231974e-09,1.63294464892615e-07,"WBGene00010510","WBGene00010510",NA
"WBGene00010519",97.0607966661438,2.30057266364125,0.585873480752056,3.92673971296349,8.61050738431408e-05,0.000522080828356687,"WBGene00010519","WBGene00010519",NA
"WBGene00010522",73.1939621456786,-1.03591616945137,0.358064276615632,-2.89310114720933,0.00381458432273579,0.0136817700689743,"WBGene00010522","WBGene00010522",NA
"WBGene00010524",57.297331020377,-1.74399592572176,0.430711060973522,-4.04910875002806,5.14130515742111e-05,0.000334477353732453,"WBGene00010524","WBGene00010524",NA
"WBGene00010538",82.1866987627805,-1.13464308494868,0.363786299335359,-3.11898245486893,0.00181476767307648,0.00723729753104971,"WBGene00010538","WBGene00010538",NA
"WBGene00010540",268.591797012521,-1.15536923926279,0.348371489421604,-3.31648620609292,0.000911570872679882,0.00401636328089197,"WBGene00010540","WBGene00010540",NA
"WBGene00010547",22.769710080682,-7.31386275632293,1.46290208635695,-4.9995572667044,5.74621042331912e-07,6.92500721589377e-06,"WBGene00010547","WBGene00010547",NA
"WBGene00010550",140.44995367116,1.92763778307394,0.267710605358683,7.20045356623529,6.00125923820943e-13,2.87838920442038e-11,"WBGene00010550","WBGene00010550",NA
"WBGene00010553",73.2801512609484,1.22867763566177,0.361779260532283,3.39620804645912,0.000683264045244468,0.00313439877430525,"WBGene00010553","WBGene00010553",NA
"WBGene00010558",30.2323292313161,1.22223650477966,0.476635935195341,2.56429785194175,0.0103384782411372,0.0313399511135894,"WBGene00010558","WBGene00010558",NA
"WBGene00010563",69.9256505292367,-6.24154179087875,0.949593036648833,-6.57285968829921,4.93579669089244e-11,1.63304032645661e-09,"WBGene00010563","WBGene00010563",NA
"WBGene00010567",71.5159094202,-1.45182910639738,0.459238208424537,-3.16138570302768,0.00157020428076079,0.00639581926044857,"WBGene00010567","WBGene00010567",NA
"WBGene00010568",182.190970359443,1.87757723736012,0.605971373760373,3.09845863792007,0.00194530122285965,0.00768496140915783,"WBGene00010568","WBGene00010568",NA
"WBGene00010572",49.1128298990512,1.06211336835793,0.303162604040964,3.50344453504697,0.000459282292186391,0.00223511127075931,"WBGene00010572","WBGene00010572",NA
"WBGene00010574",109.502156527636,-6.25818097462141,0.791419388144021,-7.90754063948021,2.62523448044576e-15,1.77831641843655e-13,"WBGene00010574","WBGene00010574",NA
"WBGene00010585",52.2330915484874,3.66268667482967,0.501513645550521,7.30326424280852,2.80868806821826e-13,1.398765803451e-11,"WBGene00010585","WBGene00010585",NA
"WBGene00010611",39.8543573006924,-7.91741777478565,1.40749322063466,-5.62519069982842,1.85303149659723e-08,3.28602719365561e-07,"WBGene00010611","WBGene00010611",NA
"WBGene00010612",58.9215241807826,-5.75014647477208,1.50157810144721,-3.82940219308615,0.000128454923294476,0.000735874235931039,"WBGene00010612","WBGene00010612",NA
"WBGene00010623",54.7392722653483,-1.72931802544609,0.421689386286714,-4.10092850729302,4.11495687640817e-05,0.000276127129739446,"WBGene00010623","WBGene00010623",NA
"WBGene00010633",397.87126987149,-6.1330328928189,0.998503020887346,-6.14222767936007,8.13721064591735e-10,2.1069773869945e-08,"WBGene00010633","WBGene00010633",NA
"WBGene00010634",17.632547325037,-8.12534152870981,1.38749989051951,-5.85610246474865,4.73855928238516e-09,1.00041695455142e-07,"WBGene00010634","WBGene00010634",NA
"WBGene00010650",53.8039201012688,-6.5908384116696,1.16322312058907,-5.66601393577178,1.46157643140154e-08,2.68513006864039e-07,"WBGene00010650","WBGene00010650",NA
"WBGene00010651",131.487182108445,-5.64315352382953,1.58580825910045,-3.55853457783769,0.000372929701253251,0.00187521233304456,"WBGene00010651","WBGene00010651",NA
"WBGene00010658",63.2486784438863,3.5493034810328,0.586443441385269,6.05225198298544,1.42834807800695e-09,3.41394298979152e-08,"WBGene00010658","WBGene00010658",NA
"WBGene00010659",56.2561764558186,4.77699318016841,0.566344549869417,8.43478264471664,3.31818906750402e-17,2.89188270377043e-15,"WBGene00010659","WBGene00010659",NA
"WBGene00010661",428.130777450586,-1.98099015867582,0.626461051881188,-3.16219205124907,0.00156586256274929,0.00637995256823706,"WBGene00010661","WBGene00010661",NA
"WBGene00010675",15.3505199392828,-2.23969154881259,0.745980379809537,-3.00234645498911,0.00267907084843561,0.0101408791410726,"WBGene00010675","WBGene00010675",NA
"WBGene00010679",37.1759574069723,-5.13068728279655,1.80647653065127,-2.84016271218693,0.00450905280480728,0.0157420351096997,"WBGene00010679","WBGene00010679",NA
"WBGene00010682",17.0335756204833,-4.90955813610501,1.09137062185293,-4.49852510027214,6.84265187437247e-06,5.88459826957916e-05,"WBGene00010682","WBGene00010682",NA
"WBGene00010686",13.5083054424354,-2.74157052638954,0.762240787747542,-3.5967250381484,0.000322248803527837,0.00165204524706721,"WBGene00010686","WBGene00010686",NA
"WBGene00010689",18.8916294536523,3.42560663958857,0.96393794684506,3.55376261594481,0.00037976182844563,0.00190721567602719,"WBGene00010689","WBGene00010689",NA
"WBGene00010691",14.0674949580637,4.1156589332353,0.827583129005714,4.97310637322922,6.5888482787564e-07,7.82179472161671e-06,"WBGene00010691","WBGene00010691",NA
"WBGene00010700",746.81474804642,-1.09261473291137,0.155539251654673,-7.02468811755107,2.14544938641391e-12,9.32064075380363e-11,"WBGene00010700","WBGene00010700",NA
"WBGene00010704",104.143395964369,1.76800893664317,0.350466313107883,5.04473289020199,4.54155362625158e-07,5.62012346147306e-06,"WBGene00010704","WBGene00010704",NA
"WBGene00010712",22.3913656849459,-5.11555735360736,1.1351136256577,-4.50664782624147,6.58598075665622e-06,5.69814908927889e-05,"WBGene00010712","WBGene00010712",NA
"WBGene00010719",77.8942560124359,-5.27276957756997,0.661279942742442,-7.97358159042732,1.54140769643005e-15,1.08528769483127e-13,"WBGene00010719","WBGene00010719",NA
"WBGene00010723",435.780478199049,-1.91038400654028,0.476434847489485,-4.00974869199181,6.07834049028347e-05,0.00038715561777015,"WBGene00010723","WBGene00010723",NA
"WBGene00010726",127.783006618567,1.48448375833463,0.451161846218322,3.29035748651555,0.00100060172861091,0.00436290436456244,"WBGene00010726","WBGene00010726",NA
"WBGene00010727",709.975042684108,-1.19662953048336,0.398688792979932,-3.00141250908848,0.00268730250469055,0.0101639626090347,"WBGene00010727","WBGene00010727",NA
"WBGene00010728",20.0273243269082,-6.99700065456313,1.40820096281191,-4.96875150588696,6.73853579884304e-07,7.98622654833031e-06,"WBGene00010728","WBGene00010728",NA
"WBGene00010738",150.445964348013,1.62716101268914,0.376329259488693,4.32376960244842,1.53385486321017e-05,0.000118121700214779,"WBGene00010738","WBGene00010738",NA
"WBGene00010742",58.9095867246898,-1.15936278206849,0.478158656712139,-2.42464036945472,0.0153235581149125,0.0431395737909087,"WBGene00010742","WBGene00010742",NA
"WBGene00010760",15.9880246553675,-4.78014253668111,1.66791975317981,-2.86593076649401,0.00415785166155859,0.0146881299551797,"WBGene00010760","WBGene00010760",NA
"WBGene00010765",9.92676180319387,-2.92617616851552,1.08574774877359,-2.69507919479528,0.00703719030285766,0.0228296338819846,"WBGene00010765","WBGene00010765",NA
"WBGene00010772",139.014483365495,-1.37850185784897,0.312913806526518,-4.40537243514741,1.05602282809226e-05,8.53701771800425e-05,"WBGene00010772","WBGene00010772",NA
"WBGene00010776",199.398397347941,1.24755373198724,0.272557632628058,4.57721077174785,4.71216627077269e-06,4.28714147092006e-05,"WBGene00010776","WBGene00010776",NA
"WBGene00010779",14.1830482952189,-3.15728806760619,0.993543086558775,-3.17780689163842,0.00148393550608371,0.00609479603116507,"WBGene00010779","WBGene00010779",NA
"WBGene00010786",11.0187667789453,-2.40845019677296,1.01288424617228,-2.37781385767877,0.0174156149065762,0.0478879153250661,"WBGene00010786","WBGene00010786",NA
"WBGene00010796",260.58171243872,-1.00385301217032,0.232761667279911,-4.31279352782397,1.61204650259669e-05,0.000123345720886587,"WBGene00010796","WBGene00010796",NA
"WBGene00010808",270.68856152533,3.58458400190517,1.09215899004052,3.2821082228808,0.00103034052484002,0.00447482744501318,"WBGene00010808","WBGene00010808",NA
"WBGene00010829",35.3437347090124,-6.91326578467148,1.37048948819508,-5.04437709608132,4.55001180489218e-07,5.6257196130903e-06,"WBGene00010829","WBGene00010829",NA
"WBGene00010834",491.553953124045,-1.31691475138157,0.21620291677295,-6.09110538857601,1.12133697802785e-09,2.77288398390174e-08,"WBGene00010834","WBGene00010834",NA
"WBGene00010836",91.5360580204199,1.20116171674305,0.320689263579054,3.74556261515425,0.000179989945783948,0.000987412622276728,"WBGene00010836","WBGene00010836",NA
"WBGene00010851",23.9332920747363,-1.76859850596033,0.515247845590254,-3.43251994374526,0.000597999898240824,0.00280881122101745,"WBGene00010851","WBGene00010851",NA
"WBGene00010867",174.03883831195,-1.3072597642882,0.394358372819472,-3.31490302828345,0.00091674920817568,0.00403669021332563,"WBGene00010867","WBGene00010867",NA
"WBGene00010868",394.001552393413,-1.0231889960356,0.348079776198463,-2.93952440216524,0.00328716385122768,0.012059402701642,"WBGene00010868","WBGene00010868",NA
"WBGene00010869",49.6547550817703,-4.88856832180157,0.988788086458739,-4.94400002260298,7.65356942600674e-07,8.88647179576883e-06,"WBGene00010869","WBGene00010869",NA
"WBGene00010871",18.7172450022362,-3.40648223550402,0.834526069356628,-4.08193627567587,4.46620440428319e-05,0.000296909114187998,"WBGene00010871","WBGene00010871",NA
"WBGene00010874",35.6109390147326,-3.20639366730541,0.842448043042223,-3.80604322579536,0.000141207714076971,0.000799636235064239,"WBGene00010874","WBGene00010874",NA
"WBGene00010876",18.4483140190807,-3.69109201504332,1.04847146406908,-3.52045061934095,0.000430814202980119,0.00212039511129299,"WBGene00010876","WBGene00010876",NA
"WBGene00010883",21.9756429193518,-4.91883601079632,1.05796927597728,-4.64931838994343,3.33033777201495e-06,3.15653300897942e-05,"WBGene00010883","WBGene00010883",NA
"WBGene00010893",18.1541923147811,4.60826296002402,1.02043077708999,4.5159976193247,6.30193721245669e-06,5.49564298826378e-05,"WBGene00010893","WBGene00010893",NA
"WBGene00010900",111.327577973444,-6.43993657155991,1.31432227649809,-4.89981543089921,9.5926727399841e-07,1.07959111395742e-05,"WBGene00010900","WBGene00010900",NA
"WBGene00010906",26.2640718249288,-3.31924792685309,0.710377886072926,-4.67251021171617,2.97540718470594e-06,2.86380436976445e-05,"WBGene00010906","WBGene00010906",NA
"WBGene00010915",16.9715292977566,-6.07254897372259,1.46768148881286,-4.13751145600017,3.51092925028011e-05,0.00024021882132242,"WBGene00010915","WBGene00010915",NA
"WBGene00010920",34.2801753893863,-2.70357967537744,0.768669629046007,-3.51721932702459,0.000436093279860087,0.0021412165060255,"WBGene00010920","WBGene00010920",NA
"WBGene00010921",11.0210792729791,3.25596939053589,0.924759790095921,3.52088123359922,0.000430115215781353,0.00211803918192562,"WBGene00010921","WBGene00010921",NA
"WBGene00010924",129.32602061876,-1.65724362986045,0.332393282800232,-4.98579157767291,6.17086388697843e-07,7.37459511175441e-06,"WBGene00010924","WBGene00010924",NA
"WBGene00010933",47.8803629242073,-5.39569663885645,0.99695231676832,-5.41219128347775,6.2258130327052e-08,1.00208947833846e-06,"WBGene00010933","WBGene00010933",NA
"WBGene00010943",134.980010775436,-1.10080202938448,0.350837071468898,-3.13764456183494,0.00170311266611588,0.00686093273303106,"WBGene00010943","WBGene00010943",NA
"WBGene00010945",97.1287942141276,-1.02413728413868,0.305191038915406,-3.35572527875747,0.000791571575336398,0.00356120003974918,"WBGene00010945","WBGene00010945",NA
"WBGene00010953",157.402952498423,1.36159103173006,0.541317374072601,2.51532852434816,0.0118921511490784,0.0351200659149876,"WBGene00010953","WBGene00010953",NA
"WBGene00010976",69.1633528237465,1.40928262345574,0.289200548776964,4.87302887015819,1.09900155363252e-06,1.21543829110058e-05,"WBGene00010976","WBGene00010976",NA
"WBGene00010980",28.6960042480076,-3.4914957178251,0.828437597692011,-4.21455487721978,2.50271295552954e-05,0.000180328071318224,"WBGene00010980","WBGene00010980",NA
"WBGene00010981",47.0444171106598,1.44789774172938,0.450562966938107,3.21353028982579,0.00131113967868903,0.00549563619574848,"WBGene00010981","WBGene00010981",NA
"WBGene00010992",19.2976691617608,-5.19479196527252,1.31487264213562,-3.95079477570933,7.78920956802245e-05,0.000479668989038108,"WBGene00010992","WBGene00010992",NA
"WBGene00011006",218.689479719649,-1.22335333609444,0.361506677155253,-3.38404077546003,0.000714273945947416,0.00325545838948546,"WBGene00011006","WBGene00011006",NA
"WBGene00011026",33.9351482975186,-1.86663189824112,0.531969825491684,-3.50890559725986,0.000449954582766641,0.00219719878766095,"WBGene00011026","WBGene00011026",NA
"WBGene00011049",33.5008613544411,2.94339266230371,0.85793362558578,3.43079298272524,0.000601819688261214,0.0028239687473137,"WBGene00011049","WBGene00011049",NA
"WBGene00011052",11.8192515198805,-2.65566808260941,0.945039202616148,-2.81011419976836,0.00495239240069047,0.0170236999959281,"WBGene00011052","WBGene00011052",NA
"WBGene00011055",73.2649204058181,-1.62403108754149,0.381647507880844,-4.25531689322217,2.0875314313168e-05,0.000155239785368424,"WBGene00011055","WBGene00011055",NA
"WBGene00011060",87.2656100814185,-1.1244652303441,0.258294478575629,-4.35342341247475,1.34027932221623e-05,0.000104967738917461,"WBGene00011060","WBGene00011060",NA
"WBGene00011083",27.9646036147922,1.43702621164779,0.431315956364919,3.3317251319865,0.000863094574402029,0.00383868184888265,"WBGene00011083","WBGene00011083",NA
"WBGene00011088",30.2116218127537,-1.88856129211342,0.455739068498564,-4.14395302631241,3.41369698266532e-05,0.000234689615070877,"WBGene00011088","WBGene00011088",NA
"WBGene00011089",135.434107266175,-1.0500075661691,0.303672971708386,-3.45769187248384,0.000544824123911809,0.00259572373435716,"WBGene00011089","WBGene00011089",NA
"WBGene00011101",11.7420549996742,2.64579542764709,0.73601562089249,3.59475444887815,0.000324697672624888,0.0016634063924113,"WBGene00011101","WBGene00011101",NA
"WBGene00011102",374.658712890137,-1.46799372759457,0.325299093782384,-4.51275074432459,6.39922112010682e-06,5.5569249238228e-05,"WBGene00011102","WBGene00011102",NA
"WBGene00011114",37.9130456939414,-5.89308479188256,1.16399090056926,-5.06282719993814,4.13084246857808e-07,5.18368142259758e-06,"WBGene00011114","WBGene00011114",NA
"WBGene00011120",85.5024199838443,-5.54715429680325,1.52683346801541,-3.63311023304557,0.000280025315021724,0.00145913300313726,"WBGene00011120","WBGene00011120",NA
"WBGene00011129",14.6838779118183,-2.18784967617612,0.738650243596055,-2.96195621018788,0.00305691256185265,0.0113310298875933,"WBGene00011129","WBGene00011129",NA
"WBGene00011132",28.7197187405943,-5.59753945146127,1.20874592525688,-4.63086520872587,3.64140880945169e-06,3.41737728913283e-05,"WBGene00011132","WBGene00011132",NA
"WBGene00011133",18.9497420590495,-7.91073360053452,1.52502930942644,-5.18726659982014,2.13403126324953e-07,2.9441803905044e-06,"WBGene00011133","WBGene00011133",NA
"WBGene00011134",39.3885421407735,-7.17953342515604,1.27737853380784,-5.62052143130507,1.90381971787114e-08,3.36357172157382e-07,"WBGene00011134","WBGene00011134",NA
"WBGene00011153",190.315180485225,1.14956850106639,0.367648202621866,3.12681659496306,0.00176710127508821,0.00708476255956125,"WBGene00011153","WBGene00011153",NA
"WBGene00011167",12.971199702009,-3.82596044212109,1.11754057630617,-3.4235539391036,0.000618079841437414,0.00288417080433071,"WBGene00011167","WBGene00011167",NA
"WBGene00011171",26.0437416785962,-3.90184758786914,0.849743975243001,-4.5917920003532,4.394562360733e-06,4.04452542317816e-05,"WBGene00011171","WBGene00011171",NA
"WBGene00011172",11.9271098259254,-6.61566021896051,1.51467539101105,-4.36770826159957,1.25557051847259e-05,9.92581273259333e-05,"WBGene00011172","WBGene00011172",NA
"WBGene00011173",87.3296276318328,-6.09241054474759,1.52475898334052,-3.9956547961436,6.45156852825614e-05,0.000407838429784896,"WBGene00011173","WBGene00011173",NA
"WBGene00011175",34.2324099212177,5.42347155034637,1.06818362116182,5.07728394528973,3.82868485367975e-07,4.85136459340821e-06,"WBGene00011175","WBGene00011175",NA
"WBGene00011176",625.141675352509,-5.74550501488064,1.08882624779352,-5.27678775794005,1.31468002197663e-07,1.94319767881199e-06,"WBGene00011176","WBGene00011176",NA
"WBGene00011190",31.8656311514327,4.17052744828594,0.645791053326983,6.45801366680482,1.06086163523583e-10,3.29628159835343e-09,"WBGene00011190","WBGene00011190",NA
"WBGene00011191",18.1023815404348,-4.22988976264051,0.987382229156381,-4.28394358105323,1.83609490535849e-05,0.000138541422247965,"WBGene00011191","WBGene00011191",NA
"WBGene00011203",81.7121883911153,-4.39580082875936,0.667517651573721,-6.58529526282329,4.53982284049033e-11,1.53036999667756e-09,"WBGene00011203","WBGene00011203",NA
"WBGene00011207",54.8258832127661,-1.14364410474607,0.45706615853982,-2.50214128387813,0.0123444651385032,0.0362745559672339,"WBGene00011207","WBGene00011207",NA
"WBGene00011214",259.57009858357,-5.73957439723854,1.06656425237698,-5.38136768080043,7.39220306846888e-08,1.16618938694951e-06,"WBGene00011214","WBGene00011214",NA
"WBGene00011221",88.6250882034782,1.1264628433911,0.328626149164343,3.42779430746933,0.00060850632565072,0.00284786539375434,"WBGene00011221","WBGene00011221",NA
"WBGene00011227",15.4088532772297,-1.5970663237443,0.613646941637098,-2.60258173777191,0.00925247566203736,0.0286122100037862,"WBGene00011227","WBGene00011227",NA
"WBGene00011229",43.3088069845098,2.6576083794753,0.908748922625746,2.92446935925534,0.00345044047228801,0.0125584786530208,"WBGene00011229","WBGene00011229",NA
"WBGene00011231",105.077652418862,3.22779236326959,0.553240194445382,5.83434174826256,5.40033346478202e-09,1.11703279612343e-07,"WBGene00011231","WBGene00011231",NA
"WBGene00011241",25.0505249657271,-4.72023030442444,1.00148129674501,-4.71324858463759,2.43798478864406e-06,2.42830080725363e-05,"WBGene00011241","WBGene00011241",NA
"WBGene00011252",105.110822625159,-1.23587540197427,0.281968782359773,-4.38302209071279,1.17044239422649e-05,9.35633844557002e-05,"WBGene00011252","WBGene00011252",NA
"WBGene00011262",26.598395957973,-3.68884719141371,0.825690238096376,-4.4675921080505,7.9104954645078e-06,6.66655139588502e-05,"WBGene00011262","WBGene00011262",NA
"WBGene00011267",12.5157206545827,4.40111428860118,1.10952625280471,3.96666079552046,7.28866088883389e-05,0.000452156380573363,"WBGene00011267","WBGene00011267",NA
"WBGene00011269",78.3758925059556,-1.15176582088235,0.446175991598603,-2.5814159492439,0.00983959481814921,0.0301086124461158,"WBGene00011269","WBGene00011269",NA
"WBGene00011278",22.6292605798059,-1.96452915210895,0.539619858898608,-3.64057978911053,0.00027202479052887,0.00142159061463588,"WBGene00011278","WBGene00011278",NA
"WBGene00011291",191.207117181449,-1.33450118574836,0.231878476914203,-5.75517488085853,8.6552146534622e-09,1.69232534941088e-07,"WBGene00011291","WBGene00011291",NA
"WBGene00011297",28.568419638279,-3.97726978176334,0.743441497418955,-5.34980868780051,8.80472586824672e-08,1.35756145452913e-06,"WBGene00011297","WBGene00011297",NA
"WBGene00011307",18.4876926080956,-1.7904834237294,0.524133114489871,-3.41608529251589,0.000635283455548673,0.00295576381190013,"WBGene00011307","WBGene00011307",NA
"WBGene00011322",15.6391591146886,-6.81693780361016,1.47336435087097,-4.62678345623087,3.71388459138339e-06,3.47854210122168e-05,"WBGene00011322","WBGene00011322",NA
"WBGene00011335",127.236987667536,-1.0178365070618,0.254847269111159,-3.99390784375187,6.49931331566045e-05,0.000410131060577196,"WBGene00011335","WBGene00011335",NA
"WBGene00011336",78.3452451114192,-5.02249884919489,0.956842525643886,-5.24903389490879,1.52898944004536e-07,2.21641440837407e-06,"WBGene00011336","WBGene00011336",NA
"WBGene00011339",99.7583771209931,-2.35995295495012,0.47528693627208,-4.96532257642183,6.85869715977552e-07,8.09553722558207e-06,"WBGene00011339","WBGene00011339",NA
"WBGene00011340",38.528065896487,-2.50374746100007,0.616779914247452,-4.05938553309563,4.92020199766708e-05,0.000321568763002821,"WBGene00011340","WBGene00011340",NA
"WBGene00011345",18.4760031540424,1.60371219604258,0.561339771973002,2.8569367005759,0.00427751133569445,0.0150456730420262,"WBGene00011345","WBGene00011345",NA
"WBGene00011351",11.0879502801851,-3.04455202614385,0.802099261229537,-3.79572974730941,0.000147209794281934,0.000827396614106051,"WBGene00011351","WBGene00011351",NA
"WBGene00011365",29.5456230119623,1.82708351869653,0.457609918618426,3.99266590246272,6.53345915550753e-05,0.000411922063121611,"WBGene00011365","WBGene00011365",NA
"WBGene00011378",48.0404515868538,-6.18335423866439,1.0632234674505,-5.81566756938823,6.03923799789083e-09,1.23312612434077e-07,"WBGene00011378","WBGene00011378",NA
"WBGene00011379",20.2150096015526,-4.68171704237926,1.40827017739881,-3.32444520768505,0.000885946404174469,0.00391674356785205,"WBGene00011379","WBGene00011379",NA
"WBGene00011383",163.183634272467,3.8991130076193,0.452005843061272,8.62624469898888,6.33992986490205e-18,6.24942190062379e-16,"WBGene00011383","WBGene00011383",NA
"WBGene00011388",131.973630630807,1.3146749975122,0.445804040160122,2.94899749459426,0.00318806560559449,0.0117501345283038,"WBGene00011388","WBGene00011388",NA
"WBGene00011400",21.1523645387589,-3.44958230618934,1.0364736925226,-3.32819089483462,0.000874119475701519,0.0038764473056785,"WBGene00011400","WBGene00011400",NA
"WBGene00011401",83.7831797707096,-6.34521338990656,0.970515653015181,-6.53798150518578,6.23546329880843e-11,2.02094051995167e-09,"WBGene00011401","WBGene00011401",NA
"WBGene00011416",52.6773131429349,-1.64435427475038,0.405194355152687,-4.05818653157383,4.94552598737691e-05,0.000322768963185288,"WBGene00011416","WBGene00011416",NA
"WBGene00011418",295.81552250495,1.07795693432935,0.431154832160103,2.50016201587894,0.0124136520756575,0.0364308972855745,"WBGene00011418","WBGene00011418",NA
"WBGene00011419",52.6773131429349,-1.64435427475038,0.405194355152687,-4.05818653157383,4.94552598737691e-05,0.000322768963185288,"WBGene00011419","WBGene00011419",NA
"WBGene00011423",395.842464525083,-1.65441252682497,0.423519224080862,-3.90634576367919,9.37024059519192e-05,0.000562253773413426,"WBGene00011423","WBGene00011423",NA
"WBGene00011425",25.4867372851365,-3.72364466676309,0.888403899004069,-4.19138712801398,2.77254112369655e-05,0.000196181590509301,"WBGene00011425","WBGene00011425",NA
"WBGene00011430",58.3821972782136,-1.10047057537313,0.433107608330376,-2.54087103114035,0.0110576699371267,0.0331127752799815,"WBGene00011430","WBGene00011430",NA
"WBGene00011432",162.99579354446,4.26478871332997,1.3801444357456,3.090103182589,0.00200086971494554,0.00788269868680172,"WBGene00011432","WBGene00011432",NA
"WBGene00011434",409.353466160676,1.65601813768333,0.433412565064428,3.82088169833554,0.000132975430120282,0.000759335925972511,"WBGene00011434","WBGene00011434",NA
"WBGene00011436",869.0608566286,-1.28807397000789,0.371882299985212,-3.46366033032257,0.000532878927135507,0.0025473038480093,"WBGene00011436","WBGene00011436",NA
"WBGene00011438",42.1665932518489,-6.69077834761301,1.09903597767241,-6.08786107419621,1.14429095794944e-09,2.81988804516747e-08,"WBGene00011438","WBGene00011438",NA
"WBGene00011446",1779.02027144148,-1.12141404176733,0.261056563527295,-4.29567457188288,1.74162918057727e-05,0.000132621768129946,"WBGene00011446","WBGene00011446",NA
"WBGene00011460",421.763586985812,-2.94556619386258,0.584297409916556,-5.04121042447072,4.62596453104952e-07,5.69990612433542e-06,"WBGene00011460","WBGene00011460",NA
"WBGene00011462",240.684883722565,-3.03635398153128,0.721402406423084,-4.20896015108458,2.56548624503227e-05,0.000184263793468574,"WBGene00011462","WBGene00011462",NA
"WBGene00011466",58.9212407205116,-5.59339174088349,1.53268186038082,-3.64941471904268,0.000262838478364518,0.00138115822472943,"WBGene00011466","WBGene00011466",NA
"WBGene00011467",26.2855445185316,-5.17143265737666,1.12627161415313,-4.59163899044474,4.39778609704137e-06,4.04488781756836e-05,"WBGene00011467","WBGene00011467",NA
"WBGene00011475",162.513382484739,4.56479526982621,0.745125289045344,6.12621170820096,8.99960428439919e-10,2.29698828637353e-08,"WBGene00011475","WBGene00011475",NA
"WBGene00011478",44.0295492478011,-5.22446746074295,0.805781309537256,-6.4837287721941,8.94830250376335e-11,2.82960370987366e-09,"WBGene00011478","WBGene00011478",NA
"WBGene00011479",34.6976620370802,-1.15246812903892,0.352478274323979,-3.26961464858862,0.00107694085364237,0.00464578957344533,"WBGene00011479","WBGene00011479",NA
"WBGene00011486",148.123782050509,-1.38833175946306,0.288993080213213,-4.80403114994582,1.55502620923208e-06,1.65618402448243e-05,"WBGene00011486","WBGene00011486",NA
"WBGene00011491",63.7931859750672,-6.13574544396138,1.46286737074333,-4.19432791152053,2.73681832724924e-05,0.000193996706552523,"WBGene00011491","WBGene00011491",NA
"WBGene00011493",47.3131304292453,-6.11204301241407,1.06951525933661,-5.71477868974509,1.09846887777396e-08,2.09338875600309e-07,"WBGene00011493","WBGene00011493",NA
"WBGene00011494",26.1613545825039,-3.97989201041166,0.725616068110758,-5.48484547864804,4.1383098479576e-08,6.88524745320793e-07,"WBGene00011494","WBGene00011494",NA
"WBGene00011495",58.6862889015201,-1.78704402740133,0.687498885353227,-2.59934098145217,0.00934029425003261,0.0288276453715647,"WBGene00011495","WBGene00011495",NA
"WBGene00011509",685.452760836322,1.80716615469988,0.428432287363076,4.21809048478271,2.46379952180371e-05,0.000178304235772863,"WBGene00011509","WBGene00011509",NA
"WBGene00011512",17.714199849502,1.56670490545856,0.618274861452311,2.5339941879222,0.0112770602141978,0.033649900133931,"WBGene00011512","WBGene00011512",NA
"WBGene00011530",39.872859459066,-4.57792274608527,1.03089848950016,-4.44071146937553,8.96619460365427e-06,7.42920692579887e-05,"WBGene00011530","WBGene00011530",NA
"WBGene00011554",42.7376488032682,-3.82430680042553,0.745652578121103,-5.12880517366685,2.91586914477889e-07,3.84115370380873e-06,"WBGene00011554","WBGene00011554",NA
"WBGene00011573",164.216178427435,-1.1115564234914,0.381712626241363,-2.912024248285,0.00359094758036799,0.0129740681916582,"WBGene00011573","WBGene00011573",NA
"WBGene00011590",28.5698855843971,-2.23294571638559,0.676752806937024,-3.29949974864807,0.00096857314290834,0.00424396564426392,"WBGene00011590","WBGene00011590",NA
"WBGene00011614",172.843466298905,1.10113100680978,0.350798055131389,3.13893133300685,0.00169565177373202,0.00683665748997227,"WBGene00011614","WBGene00011614",NA
"WBGene00011615",209.566256083631,1.38815978867194,0.481095448895516,2.88541450944678,0.00390898611718989,0.0139642935698563,"WBGene00011615","WBGene00011615",NA
"WBGene00011617",16.2323796435588,-7.10958970019915,1.66286737492342,-4.27550014355567,1.90708678160042e-05,0.00014323694886713,"WBGene00011617","WBGene00011617",NA
"WBGene00011642",237.726500518437,1.37702081982527,0.397083912762796,3.46783331070844,0.000524672629159782,0.00251311859536889,"WBGene00011642","WBGene00011642",NA
"WBGene00011669",18.7648402125346,-4.93384422591993,1.12129408511258,-4.40013399823165,1.08184052915118e-05,8.71631718329076e-05,"WBGene00011669","WBGene00011669",NA
"WBGene00011694",26.0855851690134,-1.97610457756844,0.728187563260091,-2.71373019434914,0.00665303273543695,0.0218150486092224,"WBGene00011694","WBGene00011694",NA
"WBGene00011705",38.2848352217203,-2.02966599698465,0.415549976019418,-4.88428856723075,1.03802960359687e-06,1.15820118065652e-05,"WBGene00011705","WBGene00011705",NA
"WBGene00011706",156.269810835253,3.14083201716352,0.607882761394931,5.16683843765554,2.38086894096481e-07,3.2440190441573e-06,"WBGene00011706","WBGene00011706",NA
"WBGene00011713",302.584412463409,-1.71498343219376,0.318579628513138,-5.38321750263149,7.31660385082265e-08,1.15681658008637e-06,"WBGene00011713","WBGene00011713",NA
"WBGene00011729",747.638877420074,1.1597728248112,0.255443295811622,4.54023591077717,5.61913206201426e-06,4.98536651535505e-05,"WBGene00011729","WBGene00011729",NA
"WBGene00011733",447.708366112283,-1.17506832552683,0.318117493457601,-3.69381863523152,0.000220911389999708,0.00119060576819978,"WBGene00011733","WBGene00011733",NA
"WBGene00011736",700.33122966459,-1.21310630344189,0.358993258771419,-3.37918964716356,0.000726998388528044,0.00330712538740653,"WBGene00011736","WBGene00011736",NA
"WBGene00011748",244.691810365917,-6.5769880697657,1.06917770315785,-6.15144521845186,7.67800473401296e-10,2.00258616173809e-08,"WBGene00011748","WBGene00011748",NA
"WBGene00011772",12.2242666357533,-1.90895152812777,0.595411359963283,-3.20610531892689,0.00134544734691277,0.00561801896857267,"WBGene00011772","WBGene00011772",NA
"WBGene00011777",89.6336795904386,-1.47797140782938,0.439201127549752,-3.36513573194767,0.000765060133002069,0.00345888934281177,"WBGene00011777","WBGene00011777",NA
"WBGene00011791",27.9577126005596,2.30457843092834,0.840351012190568,2.74239977996924,0.00609920589168942,0.0203159985574264,"WBGene00011791","WBGene00011791",NA
"WBGene00011795",185.656995791164,-5.95535189427047,1.46729771619003,-4.05872089117271,4.93422460816746e-05,0.000322325741885454,"WBGene00011795","WBGene00011795",NA
"WBGene00011803",167.007126518085,-1.45296072185525,0.381149594739692,-3.81204845002539,0.000137819852488467,0.000783555748455713,"WBGene00011803","WBGene00011803",NA
"WBGene00011808",16.6075125094001,-4.08461639921104,1.08036553491635,-3.78077258779576,0.000156342436024709,0.000871529812051936,"WBGene00011808","WBGene00011808",NA
"WBGene00011809",148.939940657761,1.5086021729394,0.503437668940777,2.99660169671744,0.00273007160111141,0.0103120807068407,"WBGene00011809","WBGene00011809",NA
"WBGene00011820",290.364593978404,1.31741622317729,0.340326880312382,3.87103193837658,0.000108375589943208,0.000636929402573303,"WBGene00011820","WBGene00011820",NA
"WBGene00011879",40.6994332149548,-1.46689085819036,0.382717903101527,-3.83282529064554,0.000126679923667415,0.000727455262747432,"WBGene00011879","WBGene00011879",NA
"WBGene00011888",20.4692612826732,-1.57362332226138,0.614772965026033,-2.55968204814398,0.0104767966913468,0.0316585317356067,"WBGene00011888","WBGene00011888",NA
"WBGene00011891",766.090048526517,-1.40571896494403,0.348517374430142,-4.03342578613911,5.49695465297226e-05,0.000355029249231507,"WBGene00011891","WBGene00011891",NA
"WBGene00011910",159.708739003819,-6.33614835064818,1.14693670075551,-5.52440980088478,3.30595020051768e-08,5.59742596947403e-07,"WBGene00011910","WBGene00011910",NA
"WBGene00011911",74.1411580321576,-5.43244317005486,0.930831149409589,-5.83612094792978,5.34301172018159e-09,1.10999515285691e-07,"WBGene00011911","WBGene00011911",NA
"WBGene00011918",62.5798833879372,-6.50207751674229,1.08927686983152,-5.96916880989862,2.38465287637849e-09,5.46215441699964e-08,"WBGene00011918","WBGene00011918",NA
"WBGene00011919",41.8963946769438,-4.55704847598983,0.892403735281725,-5.10648745161427,3.28202394558398e-07,4.25294363139001e-06,"WBGene00011919","WBGene00011919",NA
"WBGene00011924",41.0480319449434,1.43523178214314,0.393520947821005,3.64715471969224,0.000265160272857827,0.00139029192221457,"WBGene00011924","WBGene00011924",NA
"WBGene00011927",37.7594018322866,-1.39725443303839,0.567901861055119,-2.46038009180389,0.0138789941303168,0.0397519716518905,"WBGene00011927","WBGene00011927",NA
"WBGene00011938",333.682611079114,-1.22211834869993,0.318646233623313,-3.83534534459506,0.000125387986528604,0.000721348828963281,"WBGene00011938","WBGene00011938",NA
"WBGene00011951",22.5978164616043,-4.52609077959181,1.12452974503645,-4.02487421926319,5.70057764078776e-05,0.000365691979329119,"WBGene00011951","WBGene00011951",NA
"WBGene00011954",67.8292114195729,-5.48204339061359,1.64450233969803,-3.33355767169064,0.000857428940393098,0.00381545200654998,"WBGene00011954","WBGene00011954",NA
"WBGene00011956",118.654471939971,1.27500301318604,0.348284872645042,3.66080502866249,0.000251424033972166,0.00133096433983858,"WBGene00011956","WBGene00011956",NA
"WBGene00011968",173.403130132459,-5.39115816250804,0.775609562795974,-6.95086602990504,3.63050520479103e-12,1.530702386197e-10,"WBGene00011968","WBGene00011968",NA
"WBGene00011977",997.346403212461,3.07745101411598,0.268836826668107,11.4472821757982,2.42633925041766e-30,6.93593338124392e-28,"WBGene00011977","WBGene00011977",NA
"WBGene00011984",105.569199106212,-1.94879791003726,0.343384890253981,-5.6752581879647,1.3847963211193e-08,2.563546725889e-07,"WBGene00011984","WBGene00011984",NA
"WBGene00012007",116.894777699657,-1.23446303039051,0.425472535883048,-2.90139298375261,0.00371507649507808,0.0133583870048179,"WBGene00012007","WBGene00012007",NA
"WBGene00012010",27.6611408537756,-8.5926531607711,1.42757517229622,-6.01905477730467,1.7543849812506e-09,4.13104193361036e-08,"WBGene00012010","WBGene00012010",NA
"WBGene00012011",10.210898794034,-4.26213529651697,1.1970014200004,-3.5606768925266,0.000369900022663238,0.00186423872493853,"WBGene00012011","WBGene00012011",NA
"WBGene00012012",49.0811392797796,-6.95834813876046,1.23031841149717,-5.65572950362735,1.55185708596788e-08,2.8219711615444e-07,"WBGene00012012","WBGene00012012",NA
"WBGene00012013",173.026693972026,-1.59696015454829,0.323045552217912,-4.94345191749011,7.67512863721877e-07,8.90427058537076e-06,"WBGene00012013","WBGene00012013",NA
"WBGene00012018",1674.36842989559,-1.08281637040905,0.36366422508563,-2.97751688430195,0.00290593638212795,0.0108501955877102,"WBGene00012018","WBGene00012018",NA
"WBGene00012021",154.775885252536,2.93563297878895,0.645820677410718,4.5455853017261,5.47828044915496e-06,4.88161237280373e-05,"WBGene00012021","WBGene00012021",NA
"WBGene00012034",32.5895690768571,-2.42933135639806,0.593861417359051,-4.09073781422185,4.30003029321644e-05,0.000287197817667956,"WBGene00012034","WBGene00012034",NA
"WBGene00012035",15.7534942499208,-2.40178438304259,0.691177038249924,-3.47491923216079,0.000511007184521809,0.00245600412772456,"WBGene00012035","WBGene00012035",NA
"WBGene00012038",13.12790677623,3.60814308592017,1.22708289442229,2.9404232609883,0.00327764178540086,0.0120368278619564,"WBGene00012038","WBGene00012038",NA
"WBGene00012041",24.7692899394407,3.78612928263173,0.891420437771331,4.24729916681914,2.16362964194283e-05,0.000160314973936179,"WBGene00012041","WBGene00012041",NA
"WBGene00012063",12.8333705218027,4.92440936516188,1.29172561580054,3.81227197550775,0.000137695240273724,0.000783158801922933,"WBGene00012063","WBGene00012063",NA
"WBGene00012065",13.9648791393434,5.27623527327684,1.26162479460647,4.18209541841054,2.88834695129586e-05,0.000202566942958154,"WBGene00012065","WBGene00012065",NA
"WBGene00012066",9.5621761597041,4.54509296775508,1.26703751419857,3.58718105566902,0.000334272225776809,0.00170634032965283,"WBGene00012066","WBGene00012066",NA
"WBGene00012085",662.075424789717,-1.65099238969515,0.196804100993765,-8.38901415853853,4.90235665398986e-17,4.17079664615935e-15,"WBGene00012085","WBGene00012085",NA
"WBGene00012087",188.266751575871,-5.79641240122903,1.32044972807542,-4.38972592290764,1.13493613005582e-05,9.09794846151868e-05,"WBGene00012087","WBGene00012087",NA
"WBGene00012103",23.4228010984121,1.45574944498144,0.514944949298503,2.82700014237361,0.00469863070011791,0.0162695737869277,"WBGene00012103","WBGene00012103",NA
"WBGene00012115",36.3916032707134,-5.6766628941798,1.07061360379113,-5.30225178727253,1.14382930081484e-07,1.70655033366874e-06,"WBGene00012115","WBGene00012115",NA
"WBGene00012118",372.65177099109,-1.27252073539408,0.348727225566414,-3.64904326964207,0.000263218770799509,0.0013826482510244,"WBGene00012118","WBGene00012118",NA
"WBGene00012119",21.3658204949953,2.62700851788368,0.733522515732289,3.58136043753353,0.000341809711911516,0.00174170631456374,"WBGene00012119","WBGene00012119",NA
"WBGene00012120",19.3068287020074,-3.09999158231458,0.947064340552976,-3.27326396906101,0.00106313140954794,0.00459212367381948,"WBGene00012120","WBGene00012120",NA
"WBGene00012136",188.877430310303,1.12895418823508,0.2402114915961,4.69983421997703,2.60372771035896e-06,2.56125809801519e-05,"WBGene00012136","WBGene00012136",NA
"WBGene00012138",23.0458152419325,-4.28769073044688,0.835470018262209,-5.13207013623941,2.8657266634792e-07,3.79050258312232e-06,"WBGene00012138","WBGene00012138",NA
"WBGene00012140",5404.60642562726,-1.00895650535602,0.20159561761074,-5.00485336593083,5.59045703475977e-07,6.76022781152229e-06,"WBGene00012140","WBGene00012140",NA
"WBGene00012143",72.180025188027,-1.96758053659819,0.405326204218961,-4.85431367653518,1.20804390712238e-06,1.32007427863151e-05,"WBGene00012143","WBGene00012143",NA
"WBGene00012151",10.3803308852626,2.25331761258962,0.871841744973627,2.58454888812165,0.00975064799833821,0.0298812203774117,"WBGene00012151","WBGene00012151",NA
"WBGene00012162",25.9130727593096,-1.15990162505968,0.481761967707293,-2.4076238948036,0.0160567130300567,0.0448327015703459,"WBGene00012162","WBGene00012162",NA
"WBGene00012169",68.4488717585232,-5.8147028783651,0.984946465196391,-5.9035725126499,3.55713167955444e-09,7.73852101915853e-08,"WBGene00012169","WBGene00012169",NA
"WBGene00012172",15.1393012246939,-6.66345140413061,1.48640218132784,-4.48293973719682,7.36217252568065e-06,6.25237860425155e-05,"WBGene00012172","WBGene00012172",NA
"WBGene00012173",17.4109709089303,-6.04644160368555,1.26994712145205,-4.76117588012017,1.92468217406196e-06,1.98624421038755e-05,"WBGene00012173","WBGene00012173",NA
"WBGene00012177",44.1357854692162,-4.77669583921851,1.00734020167006,-4.74188941461811,2.11734197096282e-06,2.15090041158291e-05,"WBGene00012177","WBGene00012177",NA
"WBGene00012180",22.2137762991377,-4.19945604513919,1.03450758353782,-4.05937676239922,4.92038679554445e-05,0.000321568763002821,"WBGene00012180","WBGene00012180",NA
"WBGene00012185",1684.40195684609,-1.69691080589213,0.297995177221195,-5.69442372093343,1.23789312858243e-08,2.32805348510903e-07,"WBGene00012185","WBGene00012185",NA
"WBGene00012186",182.72914396245,3.94983428999638,0.674661458177511,5.85454266302128,4.78324417225735e-09,1.00687642053129e-07,"WBGene00012186","WBGene00012186",NA
"WBGene00012191",25.3646584745266,-3.87159850076112,0.812419254963983,-4.76551789867752,1.8836917371136e-06,1.95240072505908e-05,"WBGene00012191","WBGene00012191",NA
"WBGene00012198",346.848253051854,2.34768846142738,0.399924330365528,5.87033166819735,4.34924174793001e-09,9.25055242606602e-08,"WBGene00012198","WBGene00012198",NA
"WBGene00012207",147.059358298105,-6.14254503859742,1.52807063331154,-4.01980438907177,5.8246482650494e-05,0.00037249081723647,"WBGene00012207","WBGene00012207",NA
"WBGene00012216",175.687953405239,-1.90694032133851,0.359172898342922,-5.30925448477976,1.10074550167622e-07,1.64915675633735e-06,"WBGene00012216","WBGene00012216",NA
"WBGene00012217",48.8831362494714,-1.31941816948099,0.40144102201236,-3.28670488847143,0.00101367002800383,0.00441181050860496,"WBGene00012217","WBGene00012217",NA
"WBGene00012219",13.9979255119911,-3.30083251403174,1.09611698932197,-3.01138705647976,0.00260057127615701,0.00988562905588091,"WBGene00012219","WBGene00012219",NA
"WBGene00012223",10.6383573471127,-6.34259273443208,1.43801545022632,-4.41065687676296,1.03057511416763e-05,8.36841836607857e-05,"WBGene00012223","WBGene00012223",NA
"WBGene00012226",73.6332695127124,1.42710022578002,0.428571154743652,3.32990265439967,0.000868763511358663,0.00385748271756737,"WBGene00012226","WBGene00012226",NA
"WBGene00012231",201.083449100515,-1.61676711261013,0.299369660122317,-5.40057102630089,6.64291031949922e-08,1.06086164465477e-06,"WBGene00012231","WBGene00012231",NA
"WBGene00012236",232.304745797783,1.01529378450867,0.290410263001545,3.49606716379467,0.000472169836756932,0.00229314423267646,"WBGene00012236","WBGene00012236",NA
"WBGene00012238",23.1017916193598,4.82179918025092,1.08731513360874,4.43459217223219,9.22467472036187e-06,7.63010855197524e-05,"WBGene00012238","WBGene00012238",NA
"WBGene00012239",273.366777037189,3.02950905846263,0.429810936134497,7.04846899827284,1.80897041518985e-12,7.98012782231746e-11,"WBGene00012239","WBGene00012239",NA
"WBGene00012240",56.8243047341945,3.2584122840145,0.786124442981335,4.14490646246432,3.39952448993963e-05,0.000234053003539052,"WBGene00012240","WBGene00012240",NA
"WBGene00012247",32.6713501918812,1.26825938905556,0.530850807355311,2.38910701741984,0.0168893818535257,0.0467105137059682,"WBGene00012247","WBGene00012247",NA
"WBGene00012250",12.2644831579384,-6.06733668583128,1.54518875209754,-3.92659904985401,8.61554221735956e-05,0.000522080828356687,"WBGene00012250","WBGene00012250",NA
"WBGene00012252",54.6787963685242,-1.13734820972025,0.432292285339387,-2.6309704065788,0.00851414495057737,0.0267162840348194,"WBGene00012252","WBGene00012252",NA
"WBGene00012255",17.5134727310109,2.41524064993632,0.871704440977476,2.77071050278006,0.00559341325367151,0.0188242655132392,"WBGene00012255","WBGene00012255",NA
"WBGene00012256",18.4696053907802,2.13726569822755,0.83262412044742,2.56690341504768,0.0102611189246616,0.0311450781036713,"WBGene00012256","WBGene00012256",NA
"WBGene00012257",10.7943052209777,2.02245877079442,0.846952122280177,2.38792573699388,0.0169437651966673,0.0468246782590808,"WBGene00012257","WBGene00012257",NA
"WBGene00012261",81.7827812488385,4.33015560786108,0.500065330461761,8.65917979929264,4.75170820231068e-18,4.71640037052962e-16,"WBGene00012261","WBGene00012261",NA
"WBGene00012272",24.1277337516457,-1.95675688845451,0.681038742858719,-2.87319467353774,0.00406343641469707,0.01440443865954,"WBGene00012272","WBGene00012272",NA
"WBGene00012291",113.88031947362,-1.46619306901398,0.293527726279005,-4.99507521010238,5.88128426108365e-07,7.06990714412688e-06,"WBGene00012291","WBGene00012291",NA
"WBGene00012294",13.6734614325471,-4.0077946849295,1.11299115843963,-3.600922302517,0.000317090334855901,0.00163027775399115,"WBGene00012294","WBGene00012294",NA
"WBGene00012296",62.1132135827649,-5.03982007097763,0.738320716770976,-6.82605804834941,8.72796252596381e-12,3.44609857413262e-10,"WBGene00012296","WBGene00012296",NA
"WBGene00012297",11.7164564313121,-2.69607220602408,0.965686257593791,-2.79187177494055,0.00524041181893272,0.0178293754172829,"WBGene00012297","WBGene00012297",NA
"WBGene00012300",10.8588097134082,2.04330180607485,0.814944559075749,2.50728934050705,0.012166107695752,0.0358167203492035,"WBGene00012300","WBGene00012300",NA
"WBGene00012307",10.3209412854655,-5.32000616200849,1.34300050840359,-3.96128380348294,7.45478626111357e-05,0.000461061272306778,"WBGene00012307","WBGene00012307",NA
"WBGene00012317",391.122688769977,2.3296691347084,0.320484301646124,7.26921450673988,3.61583839141229e-13,1.78210959063641e-11,"WBGene00012317","WBGene00012317",NA
"WBGene00012322",19.1598367673323,-1.67131929726769,0.670294741959753,-2.4934095296365,0.012652282268106,0.0369285420580026,"WBGene00012322","WBGene00012322",NA
"WBGene00012323",81.9588373492792,-2.56285236947982,0.535865759635086,-4.78263879226967,1.73008850186522e-06,1.81868469010315e-05,"WBGene00012323","WBGene00012323",NA
"WBGene00012330",237.889372941996,-1.05471600974787,0.332892315654803,-3.16833991098062,0.00153312157391471,0.00626978731214963,"WBGene00012330","WBGene00012330",NA
"WBGene00012339",165.79043493694,-1.25126807313891,0.296348306497442,-4.22228858982771,2.41834193037485e-05,0.00017599471084953,"WBGene00012339","WBGene00012339",NA
"WBGene00012345",14.7715569175851,-2.63389901512347,0.823725716977512,-3.19754374646455,0.00138603386260006,0.00576249220167292,"WBGene00012345","WBGene00012345",NA
"WBGene00012357",82.1096967040563,-6.58067144225115,0.926305142329604,-7.1042155997333,1.2100782775488e-12,5.5792415551629e-11,"WBGene00012357","WBGene00012357",NA
"WBGene00012404",147.938182080952,-1.41535657783088,0.36043052973495,-3.92684986721767,8.60656651288757e-05,0.000522080828356687,"WBGene00012404","WBGene00012404",NA
"WBGene00012418",19.8206744575753,-1.46981507999117,0.597122110993916,-2.46149833163044,0.013835804123123,0.0396551749140805,"WBGene00012418","WBGene00012418",NA
"WBGene00012420",61.6654438928592,4.12449160260249,0.474572281731083,8.69096607909276,3.59370338419465e-18,3.64289379221944e-16,"WBGene00012420","WBGene00012420",NA
"WBGene00012435",1240.85538860004,1.0027083898727,0.292334446399515,3.43000423734656,0.000603571823480319,0.00282940376287445,"WBGene00012435","WBGene00012435",NA
"WBGene00012436",379.636661151341,1.60104615091199,0.47604416235825,3.36323029985422,0.00077036068310676,0.00347891476892415,"WBGene00012436","WBGene00012436",NA
"WBGene00012443",214.417532708264,-1.33242535382146,0.357214012408521,-3.73004783557498,0.000191443420533504,0.00104438962201732,"WBGene00012443","WBGene00012443",NA
"WBGene00012445",253.179800289312,-1.18099347670354,0.386041707662157,-3.05923803895583,0.00221900758002146,0.00864203687772391,"WBGene00012445","WBGene00012445",NA
"WBGene00012462",73.3041052203565,1.09945722253762,0.375898380476605,2.92487884928796,0.00344590349064477,0.0125451601099811,"WBGene00012462","WBGene00012462",NA
"WBGene00012464",109.708471880013,1.02448774341446,0.241536565935926,4.24154305351111,2.21988294700154e-05,0.000163803753027842,"WBGene00012464","WBGene00012464",NA
"WBGene00012467",18.5069810121819,3.86825663635566,0.95018964330455,4.0710364121658,4.68044319429354e-05,0.000308710542575162,"WBGene00012467","WBGene00012467",NA
"WBGene00012486",13.9671376211267,-7.44838688328208,1.35331444364356,-5.50381097184525,3.7166804856775e-08,6.23503687579678e-07,"WBGene00012486","WBGene00012486",NA
"WBGene00012491",23.9343929755167,-1.10315634583213,0.450038155529099,-2.45125070458788,0.0142360760910642,0.040533114655295,"WBGene00012491","WBGene00012491",NA
"WBGene00012492",42.8107466227596,2.05416742846619,0.522582074599537,3.93080346286339,8.46624595744343e-05,0.000515366496889859,"WBGene00012492","WBGene00012492",NA
"WBGene00012498",28.6750747745042,1.32239237936849,0.493886651510562,2.67752200899524,0.00741689795340613,0.0238545730081084,"WBGene00012498","WBGene00012498",NA
"WBGene00012499",17.9988189456553,3.14043699188057,0.742648848868269,4.22869704392098,2.35048603630202e-05,0.000171843973999308,"WBGene00012499","WBGene00012499",NA
"WBGene00012531",740.680091924542,-1.2027946252656,0.228294633811706,-5.26860664739779,1.37463171063157e-07,2.0234408898102e-06,"WBGene00012531","WBGene00012531",NA
"WBGene00012535",45.210380857934,1.92128248150395,0.372356186536286,5.15979739554218,2.47217229609658e-07,3.34926622067378e-06,"WBGene00012535","WBGene00012535",NA
"WBGene00012547",24.0610159829936,-7.4232184364682,1.44430859870227,-5.13963459273043,2.75273257014419e-07,3.67022449860737e-06,"WBGene00012547","WBGene00012547",NA
"WBGene00012554",138.134848442905,-1.00975716469929,0.313859615421494,-3.21722552085349,0.00129436811559383,0.00543961775882073,"WBGene00012554","WBGene00012554",NA
"WBGene00012567",18.2765225714217,-1.25445803265937,0.475862146721052,-2.63617949295455,0.00838453667846442,0.0263848927224333,"WBGene00012567","WBGene00012567",NA
"WBGene00012581",25.1036132776498,2.71616010463971,1.07984896015125,2.51531483093643,0.0118926130993172,0.0351200659149876,"WBGene00012581","WBGene00012581",NA
"WBGene00012583",104.273258164785,3.93871667405168,0.748390929542729,5.26291343009496,1.41790352660886e-07,2.07644417067832e-06,"WBGene00012583","WBGene00012583",NA
"WBGene00012592",64.7064997431415,-1.65862608767729,0.359217546741596,-4.61733036908253,3.88708188026808e-06,3.62413968132235e-05,"WBGene00012592","WBGene00012592",NA
"WBGene00012595",299.924921303004,-5.57850208184413,1.09959099431355,-5.07325188246622,3.91074290851293e-07,4.94219702841515e-06,"WBGene00012595","WBGene00012595",NA
"WBGene00012605",64.9558505383155,-3.16648360079399,0.604743026177018,-5.2360812175238,1.64021798838176e-07,2.35614429225532e-06,"WBGene00012605","WBGene00012605",NA
"WBGene00012607",16.2868872090429,-1.83084847419596,0.582685966360375,-3.14208438145846,0.00167749683655955,0.00677684066844141,"WBGene00012607","WBGene00012607",NA
"WBGene00012627",13.6422240380724,-3.71186932624393,1.08720744220247,-3.41413163869113,0.000639856522484453,0.00297220320957761,"WBGene00012627","WBGene00012627",NA
"WBGene00012637",92.5781795584341,-4.84854313401502,1.2474827760222,-3.88666138499756,0.000101632367581151,0.000603001838869818,"WBGene00012637","WBGene00012637",NA
"WBGene00012638",38.9812712697128,-4.89680584883137,0.876350639970723,-5.58772439419336,2.30064380477851e-08,3.9858305335393e-07,"WBGene00012638","WBGene00012638",NA
"WBGene00012642",12.2070197858962,-4.68314474762764,1.49698234025578,-3.12839010968389,0.0017576672272042,0.00705485472575951,"WBGene00012642","WBGene00012642",NA
"WBGene00012654",10.1673853070024,2.00137596052741,0.81682889630717,2.45017771723736,0.0142785721257212,0.0406136579886433,"WBGene00012654","WBGene00012654",NA
"WBGene00012683",105.690630967593,-1.61622241202162,0.536479113117396,-3.01264741255256,0.0025897962094313,0.00984990878696156,"WBGene00012683","WBGene00012683",NA
"WBGene00012689",46.40244520374,-5.58532614897237,0.941516334692974,-5.93226685843292,2.98780480867738e-09,6.69352572577208e-08,"WBGene00012689","WBGene00012689",NA
"WBGene00012703",36.4530499444611,1.45025066828459,0.358584521920677,4.04437609441882,5.24626447575939e-05,0.000340221679455667,"WBGene00012703","WBGene00012703",NA
"WBGene00012720",10.7868579121101,-3.5909143561412,0.947807384292102,-3.78865412493403,0.000151465614062069,0.000847649969377114,"WBGene00012720","WBGene00012720",NA
"WBGene00012723",97.5077613934093,1.326221837974,0.419941054292477,3.1581142744151,0.0015879329792658,0.00645699177031183,"WBGene00012723","WBGene00012723",NA
"WBGene00012728",11.5995553038617,-2.97045975066574,1.20522695123297,-2.46464763140825,0.0137148051693079,0.0393625924266904,"WBGene00012728","WBGene00012728",NA
"WBGene00012741",33.2133479911995,-7.09207804448875,1.28465851222064,-5.52059397654986,3.37855641017124e-08,5.70126408153218e-07,"WBGene00012741","WBGene00012741",NA
"WBGene00012759",145.522532327527,-1.40155209711498,0.331423635068096,-4.22888396848041,2.34853424143237e-05,0.000171789150014293,"WBGene00012759","WBGene00012759",NA
"WBGene00012761",16.415453716832,-5.6740322570824,1.38638158147335,-4.09269160302349,4.26394654953327e-05,0.000285321105020969,"WBGene00012761","WBGene00012761",NA
"WBGene00012778",125.612852753704,-1.78191344766869,0.425620842610941,-4.1866216812543,2.8313717226843e-05,0.00019915746078901,"WBGene00012778","WBGene00012778",NA
"WBGene00012781",216.798619836796,-5.54999784419479,1.17331991843025,-4.73016587975422,2.24336458099698e-06,2.26124188689632e-05,"WBGene00012781","WBGene00012781",NA
"WBGene00012784",19.0859593743765,-4.35409470502728,1.01857667995883,-4.27468524530058,1.91407505701123e-05,0.000143686317173642,"WBGene00012784","WBGene00012784",NA
"WBGene00012786",65.3228776974403,-5.4211709813746,0.776677103663213,-6.97995467589497,2.95275307396467e-12,1.25606249066003e-10,"WBGene00012786","WBGene00012786",NA
"WBGene00012802",170.715633718478,1.11241162832493,0.318271924694076,3.49516103060042,0.000473775820321452,0.00230016229614623,"WBGene00012802","WBGene00012802",NA
"WBGene00012809",134.085523898987,-6.11482926460706,1.2094859925832,-5.05572557442115,4.28757502753455e-07,5.32889651030881e-06,"WBGene00012809","WBGene00012809",NA
"WBGene00012827",66.459078935435,-5.56619653386291,0.787484904410558,-7.0683215674201,1.56818821490537e-12,6.96090501728025e-11,"WBGene00012827","WBGene00012827",NA
"WBGene00012831",51.1359413345767,-4.23428998986069,0.737581914222779,-5.74077252737757,9.4245616918795e-09,1.8277511568797e-07,"WBGene00012831","WBGene00012831",NA
"WBGene00012841",22.510144870425,2.51997723721737,0.908230863859687,2.77459987046496,0.00552696614019902,0.0186225664879454,"WBGene00012841","WBGene00012841",NA
"WBGene00012844",22.510144870425,2.51997723721737,0.908230863859687,2.77459987046496,0.00552696614019902,0.0186225664879454,"WBGene00012844","WBGene00012844",NA
"WBGene00012853",62.5330664962084,-1.04755993235852,0.373347722864437,-2.80585595734004,0.00501831198152656,0.0172171707037828,"WBGene00012853","WBGene00012853",NA
"WBGene00012854",118.089853499625,-1.34272642758203,0.319733099518366,-4.19952275696404,2.67478147892692e-05,0.000190887081934165,"WBGene00012854","WBGene00012854",NA
"WBGene00012855",39.3716519524111,-4.53199264447342,1.10167167080157,-4.11374165696387,3.89297096992911e-05,0.000262959518304333,"WBGene00012855","WBGene00012855",NA
"WBGene00012859",29.7640016534429,-2.23208366229573,0.572261806472816,-3.90045891067476,9.60105208743706e-05,0.000573934912110991,"WBGene00012859","WBGene00012859",NA
"WBGene00012869",112.58717698251,-1.0457148729571,0.379576042934149,-2.7549548830154,0.00587002293002723,0.0196487676203464,"WBGene00012869","WBGene00012869",NA
"WBGene00012871",16.3126214010349,-5.14831154818211,1.34235154281484,-3.83529305399864,0.000125414667317831,0.000721348828963281,"WBGene00012871","WBGene00012871",NA
"WBGene00012875",243.68616353784,-1.1660960360655,0.282695099705551,-4.12492482989652,3.70855860375686e-05,0.000253013976723135,"WBGene00012875","WBGene00012875",NA
"WBGene00012877",11.7065840322313,-3.90160264882635,1.08383010517711,-3.59982863567791,0.000318426961334435,0.00163538503713729,"WBGene00012877","WBGene00012877",NA
"WBGene00012878",124.011828221294,3.07873892122863,0.417595633840838,7.37253618509348,1.67412132999367e-13,8.66964353971e-12,"WBGene00012878","WBGene00012878",NA
"WBGene00012880",341.107752864082,-1.16134145459815,0.380234074825028,-3.0542803275392,0.00225601166626208,0.00875989533982175,"WBGene00012880","WBGene00012880",NA
"WBGene00012886",58.9673265731455,2.40998454155961,0.475433359612527,5.06902701048096,3.99854488387654e-07,5.0397885383816e-06,"WBGene00012886","WBGene00012886",NA
"WBGene00012899",67.3415543417141,4.42660904421752,0.704242059319398,6.28563572089905,3.2651476403736e-10,9.35245595668533e-09,"WBGene00012899","WBGene00012899",NA
"WBGene00012900",47.6956544442943,1.43739605539925,0.594328884249286,2.41851959999364,0.0155838059855314,0.0437344078050659,"WBGene00012900","WBGene00012900",NA
"WBGene00012901",157.12381232137,-2.79060021931693,0.672637379530693,-4.14874389119434,3.34304559276422e-05,0.00023049759120781,"WBGene00012901","WBGene00012901",NA
"WBGene00012905",14.8804540681113,-3.79935003016217,0.897268217717162,-4.23435262181526,2.29211045152216e-05,0.000168178309464098,"WBGene00012905","WBGene00012905",NA
"WBGene00012911",337.367860618397,-1.37884862861424,0.200410475269358,-6.88012254230235,5.98010960443689e-12,2.44910334029273e-10,"WBGene00012911","WBGene00012911",NA
"WBGene00012912",22.3447299654396,-4.8134141942145,1.27005667758069,-3.78992078005802,0.000150695337158737,0.000844000177903538,"WBGene00012912","WBGene00012912",NA
"WBGene00012916",52.0441341355837,2.50379151107319,1.03452766891182,2.42022672405354,0.0155108328486543,0.0435824815095107,"WBGene00012916","WBGene00012916",NA
"WBGene00012922",58.6631544576609,3.22898852655297,0.517778936952159,6.23622997405032,4.48241997592026e-10,1.23443600608532e-08,"WBGene00012922","WBGene00012922",NA
"WBGene00012923",44.1222250086428,1.00403054232994,0.409521199868527,2.4517181104477,0.0142175992382052,0.0404934823282839,"WBGene00012923","WBGene00012923",NA
"WBGene00012925",33.2685612182429,-5.59651126010238,1.01829450390726,-5.49596530142135,3.88578914957422e-08,6.49585781460401e-07,"WBGene00012925","WBGene00012925",NA
"WBGene00012926",96.280956589682,-4.4232134009973,0.666959511822491,-6.63190691877338,3.31377538140621e-11,1.15240368677467e-09,"WBGene00012926","WBGene00012926",NA
"WBGene00012937",60.2862186660127,-4.51668804120003,0.743685554543899,-6.07338412532445,1.25242381815188e-09,3.04955598515243e-08,"WBGene00012937","WBGene00012937",NA
"WBGene00012938",21.7432156670865,-1.39376528718277,0.523414250245284,-2.66283404880478,0.00774856175063427,0.0247273112585317,"WBGene00012938","WBGene00012938",NA
"WBGene00012939",11.1267694886378,1.62551361859877,0.634148841095103,2.56329983319325,0.0103682466786477,0.0314035494337597,"WBGene00012939","WBGene00012939",NA
"WBGene00012946",15.478422496531,-4.32069947377724,0.92270388960321,-4.68265011393338,2.83189658205381e-06,2.7553640467866e-05,"WBGene00012946","WBGene00012946",NA
"WBGene00012968",78.0378451064804,-1.68071182913278,0.405189398872721,-4.14796594829157,3.35442275579978e-05,0.000231059105776609,"WBGene00012968","WBGene00012968",NA
"WBGene00012979",34.7022742347692,-5.98985572607077,1.19681029354993,-5.0048497730613,5.590561304988e-07,6.76022781152229e-06,"WBGene00012979","WBGene00012979",NA
"WBGene00012980",415.087064974527,-1.12392655684243,0.267025658760027,-4.2090582682636,2.56437257372104e-05,0.000184263793468574,"WBGene00012980","WBGene00012980",NA
"WBGene00012982",537.350162577885,1.28556989831428,0.305728211650371,4.20494363727364,2.6114722693847e-05,0.000187045788240962,"WBGene00012982","WBGene00012982",NA
"WBGene00012990",530.636995723765,1.3326500915825,0.279323249169912,4.77099595376628,1.83317223442278e-06,1.90973256170589e-05,"WBGene00012990","WBGene00012990",NA
"WBGene00013006",222.77542207846,1.03496523403309,0.250956784444065,4.12407752325092,3.72223521275162e-05,0.000253583927053665,"WBGene00013006","WBGene00013006",NA
"WBGene00013033",45.970506626468,-4.58256227347451,1.00701650307812,-4.55063274481316,5.3484831425637e-06,4.78984145091873e-05,"WBGene00013033","WBGene00013033",NA
"WBGene00013037",86.6028178681248,-1.22660125842568,0.29145360587348,-4.2085643605252,2.56998330687808e-05,0.000184494080387787,"WBGene00013037","WBGene00013037",NA
"WBGene00013046",43.3216347985142,-1.10922929379213,0.407179584100981,-2.72417708820352,0.00644619321274501,0.0212882254135315,"WBGene00013046","WBGene00013046",NA
"WBGene00013073",42.5855743328348,-3.76364131147282,0.946638311225783,-3.97579652845378,7.014408076214e-05,0.000437789511628298,"WBGene00013073","WBGene00013073",NA
"WBGene00013079",132.11902353621,-1.31374749265219,0.409251114857999,-3.2101256293658,0.0013267697111507,0.0055530071688073,"WBGene00013079","WBGene00013079",NA
"WBGene00013080",510.310778830482,-1.73295540219597,0.363676894515504,-4.7650962388046,1.88763531087477e-06,1.95507039842993e-05,"WBGene00013080","WBGene00013080",NA
"WBGene00013082",131.224676958783,2.03884034733896,0.351344811610917,5.80296130741442,6.51538307404101e-09,1.31717638298823e-07,"WBGene00013082","WBGene00013082",NA
"WBGene00013085",14.3538972657119,-3.67394121825012,1.0907044482952,-3.36841132718638,0.000756027118424666,0.00342434451301581,"WBGene00013085","WBGene00013085",NA
"WBGene00013086",90.0174708543528,3.09548133265843,0.813998123690816,3.8028113856368,0.000143063276626648,0.000806946887460409,"WBGene00013086","WBGene00013086",NA
"WBGene00013087",27.8680247768717,-4.90145285125921,0.91089644082235,-5.38091118989796,7.4109751795387e-08,1.16786183286821e-06,"WBGene00013087","WBGene00013087",NA
"WBGene00013100",62.9855269404021,4.19105551019754,0.652086024040318,6.42715125870941,1.30017433449865e-10,3.93715927181976e-09,"WBGene00013100","WBGene00013100",NA
"WBGene00013106",977.355164122484,1.44341057285049,0.271981812221494,5.30701138087504,1.11437222694677e-07,1.66607973219144e-06,"WBGene00013106","WBGene00013106",NA
"WBGene00013107",24.1879010879439,-2.79782307857727,0.722571292703846,-3.87203741254081,0.000107929380404957,0.000635090421625382,"WBGene00013107","WBGene00013107",NA
"WBGene00013135",39.9377587336971,1.00405590284807,0.387384699989017,2.59188321809441,0.00954521671477547,0.0293523628451562,"WBGene00013135","WBGene00013135",NA
"WBGene00013136",157.229848450029,-1.09995913361222,0.280205439597296,-3.92554525420011,8.65334989001662e-05,0.000524077669398337,"WBGene00013136","WBGene00013136",NA
"WBGene00013138",37.4655670552388,-4.77521885517631,0.896216957702087,-5.32819515870358,9.9193509578059e-08,1.50826897063744e-06,"WBGene00013138","WBGene00013138",NA
"WBGene00013142",11.9852120230991,-6.09396874219801,1.44714728578177,-4.21102178200607,2.54218230412494e-05,0.000182865685318862,"WBGene00013142","WBGene00013142",NA
"WBGene00013145",31.2295730939992,4.37148034617435,0.819892915919623,5.33176987054599,9.72601454345745e-08,1.48044649488432e-06,"WBGene00013145","WBGene00013145",NA
"WBGene00013148",21.7176622765879,-5.6665789256846,1.1532629833948,-4.91351843185341,8.94563184661832e-07,1.01637453087214e-05,"WBGene00013148","WBGene00013148",NA
"WBGene00013149",29.130218790155,-1.4382163309161,0.390684895129214,-3.68126935248015,0.000232075673949382,0.00124048526842128,"WBGene00013149","WBGene00013149",NA
"WBGene00013158",25.9702247608933,-3.60893366798253,0.865124584612421,-4.17157682508739,3.02499032456882e-05,0.000210691006978864,"WBGene00013158","WBGene00013158",NA
"WBGene00013165",55.2828027811064,-4.14642052087047,0.717689081450209,-5.77746078077702,7.58363912534828e-09,1.51175668087312e-07,"WBGene00013165","WBGene00013165",NA
"WBGene00013170",11.1829539384002,-4.99125254455738,1.3124436142968,-3.80302246145002,0.000142941389824723,0.000806577688418781,"WBGene00013170","WBGene00013170",NA
"WBGene00013181",363.673357607826,-1.11403480885404,0.288668752240028,-3.8592151045421,0.000113751781415634,0.00066334321165796,"WBGene00013181","WBGene00013181",NA
"WBGene00013190",14.4772507926137,-4.42613801817725,1.10173894525892,-4.01741087326006,5.8841078845209e-05,0.000375956879720417,"WBGene00013190","WBGene00013190",NA
"WBGene00013192",27.3714796442587,-6.60356611066957,1.27877025763552,-5.16399726318295,2.41731231518853e-07,3.28116286049285e-06,"WBGene00013192","WBGene00013192",NA
"WBGene00013194",18.6592358267931,-7.06553203047928,1.57415548110129,-4.48845880556613,7.17402928911557e-06,6.11804299697666e-05,"WBGene00013194","WBGene00013194",NA
"WBGene00013216",231.949658076555,-1.16353960041434,0.334274128133483,-3.48079466069151,0.000499928594549093,0.00240912993994949,"WBGene00013216","WBGene00013216",NA
"WBGene00013230",26.7999775112573,4.71269689923363,1.03508104995833,4.55297379796814,5.28928630672069e-06,4.74277096499114e-05,"WBGene00013230","WBGene00013230",NA
"WBGene00013233",51.6060849661081,3.12605914836713,0.692442042947337,4.51454266852609,6.34535463335387e-06,5.52676135128135e-05,"WBGene00013233","WBGene00013233",NA
"WBGene00013234",34.1445148697123,3.88993730964711,0.645798163077236,6.02345675793116,1.70730739454382e-09,4.0268225396394e-08,"WBGene00013234","WBGene00013234",NA
"WBGene00013254",62.0127081112033,1.73898476319274,0.683507134849102,2.54420864761954,0.0109525639787699,0.0328737918833597,"WBGene00013254","WBGene00013254",NA
"WBGene00013257",71.2449184861911,-1.4232866369663,0.300336283855211,-4.73897665209326,2.14800249839686e-06,2.1789495890409e-05,"WBGene00013257","WBGene00013257",NA
"WBGene00013263",167.378607255501,1.18294503594662,0.475607713063092,2.48722845205351,0.0128742696387514,0.0373934081785895,"WBGene00013263","WBGene00013263",NA
"WBGene00013278",48.4294250534807,2.64139088822384,0.716888152169147,3.68452300436486,0.00022913133195722,0.00122750154710066,"WBGene00013278","WBGene00013278",NA
"WBGene00013279",10.1596382700764,-7.12040310358462,1.45034282229651,-4.90946209001124,9.13265518298275e-07,1.03597651214581e-05,"WBGene00013279","WBGene00013279",NA
"WBGene00013280",28.3022068740983,4.69938796013711,1.03304543008605,4.54906224186643,5.38855046258442e-06,4.81666990379731e-05,"WBGene00013280","WBGene00013280",NA
"WBGene00013290",353.5539785172,-6.18263044109214,1.30962874900492,-4.72090311532166,2.34799767157881e-06,2.35673670785646e-05,"WBGene00013290","WBGene00013290",NA
"WBGene00013292",63.4312290674089,-2.11453330748138,0.454984906821169,-4.64748011588984,3.36014471691555e-06,3.18056612177973e-05,"WBGene00013292","WBGene00013292",NA
"WBGene00013299",20.9455343175864,-7.20273726247506,1.5149568716515,-4.754417368082,1.99019518605596e-06,2.0435244105099e-05,"WBGene00013299","WBGene00013299",NA
"WBGene00013303",48.4745965313755,-3.5858433034062,0.727543267077689,-4.92870110365999,8.27781004526128e-07,9.49385414617043e-06,"WBGene00013303","WBGene00013303",NA
"WBGene00013304",30.5512861232513,-4.33887554386411,1.02116026829203,-4.24896627746909,2.14759242224052e-05,0.000159317526428721,"WBGene00013304","WBGene00013304",NA
"WBGene00013310",29.5073386837873,-2.05349336177032,0.550452544698798,-3.73055476179872,0.000191058608245085,0.00104268831143452,"WBGene00013310","WBGene00013310",NA
"WBGene00013318",26.6093968553072,-5.38417878316481,1.14140988766539,-4.71712996474692,2.39194903378566e-06,2.39077814964325e-05,"WBGene00013318","WBGene00013318",NA
"WBGene00013319",48.3634361623127,1.96176155650347,0.6573129503981,2.98451682005555,0.0028402658527114,0.0106606932334044,"WBGene00013319","WBGene00013319",NA
"WBGene00013321",214.994379851754,-1.33864601922672,0.177924855680977,-7.52365943534575,5.32639772707649e-14,2.93939006614302e-12,"WBGene00013321","WBGene00013321",NA
"WBGene00013329",24.4240195395942,-1.49033628197599,0.524882466088162,-2.83937143696788,0.00452025059167957,0.0157767584567992,"WBGene00013329","WBGene00013329",NA
"WBGene00013331",35.0119553793119,-2.48344215155808,0.806773932019851,-3.07823797100199,0.00208228560849827,0.00816073194763484,"WBGene00013331","WBGene00013331",NA
"WBGene00013383",278.240799630446,1.11663457955897,0.433244469158726,2.57737757559203,0.00995531395120831,0.0303457671794883,"WBGene00013383","WBGene00013383",NA
"WBGene00013403",25.446850041113,7.0838681031727,1.27482050538426,5.55675726367256,2.74832535287455e-08,4.71570399383385e-07,"WBGene00013403","WBGene00013403",NA
"WBGene00013404",18.5655481936278,5.81699271774847,1.13004334508214,5.14758371266338,2.63863260111268e-07,3.54788106939826e-06,"WBGene00013404","WBGene00013404",NA
"WBGene00013407",410.484647283439,1.08971506595908,0.317781815880897,3.42912970944663,0.000605520067327499,0.00283667594962699,"WBGene00013407","WBGene00013407",NA
"WBGene00013418",58.2347403773513,2.81700135166379,0.407860885373805,6.90677005980115,4.95812597091867e-12,2.0481645809925e-10,"WBGene00013418","WBGene00013418",NA
"WBGene00013429",18.4821858428704,-2.91337920925537,0.82729678133087,-3.52156478182911,0.000429007831920898,0.00211441687642945,"WBGene00013429","WBGene00013429",NA
"WBGene00013437",20.4811155096795,-4.5046435180887,1.03630506100675,-4.34683153405861,1.38118219888714e-05,0.00010793459359592,"WBGene00013437","WBGene00013437",NA
"WBGene00013438",191.685206187769,1.77921218474497,0.365182898175665,4.87211255957861,1.10411230996807e-06,1.21955774701497e-05,"WBGene00013438","WBGene00013438",NA
"WBGene00013448",114.23542641291,-1.04397308725847,0.252692941422866,-4.13138998414463,3.60576253275086e-05,0.000246353555834647,"WBGene00013448","WBGene00013448",NA
"WBGene00013449",22.1819131165293,-5.70004557948818,1.06552175353137,-5.34953468626707,8.81806596538339e-08,1.35815319874165e-06,"WBGene00013449","WBGene00013449",NA
"WBGene00013452",13.7575531557693,-3.52301652546038,1.12717183711226,-3.12553632859219,0.0017748114667716,0.00711168497184369,"WBGene00013452","WBGene00013452",NA
"WBGene00013453",57.3563161810786,1.95392152853057,0.601926056210901,3.24611554587024,0.00116991345591068,0.00499449612465094,"WBGene00013453","WBGene00013453",NA
"WBGene00013473",276.878347076244,-5.96296056592298,1.40009895773821,-4.25895650658568,2.0538342369795e-05,0.000153132252212561,"WBGene00013473","WBGene00013473",NA
"WBGene00013474",537.001119187056,-5.71072702253036,1.2474489030804,-4.57792460150352,4.69611888616277e-06,4.27526288152385e-05,"WBGene00013474","WBGene00013474",NA
"WBGene00013475",11.1123493203189,-4.84162554900137,1.42276715813979,-3.40296409099828,0.000666590407793323,0.00307242073479199,"WBGene00013475","WBGene00013475",NA
"WBGene00013477",280.29893722639,-1.06757233859654,0.253237720539511,-4.21569241865759,2.49012965433841e-05,0.000179845493428291,"WBGene00013477","WBGene00013477",NA
"WBGene00013478",16.6526263688884,-6.89859335636518,1.65662842537009,-4.16423698321127,3.12395511949378e-05,0.000216856194866074,"WBGene00013478","WBGene00013478",NA
"WBGene00013484",24.595453756473,-1.22378756246775,0.48958322090605,-2.49965176544029,0.0124315438868821,0.0364480116461961,"WBGene00013484","WBGene00013484",NA
"WBGene00013500",32.6578620506031,2.72135064110803,0.948151818247376,2.87016339444283,0.00410259740623827,0.0145252476411602,"WBGene00013500","WBGene00013500",NA
"WBGene00013508",174.13226985064,4.53360336889013,1.24171465415421,3.65108308396197,0.00026113673898779,0.00137423689630062,"WBGene00013508","WBGene00013508",NA
"WBGene00013509",126.131143880011,1.94268695543168,0.423185812197806,4.59062402244153,4.41922769575933e-06,4.05677722899731e-05,"WBGene00013509","WBGene00013509",NA
"WBGene00013521",11.5972381266286,-4.00302258223824,1.2545532869733,-3.19079518088532,0.00141881823936522,0.00587461445401133,"WBGene00013521","WBGene00013521",NA
"WBGene00013523",15.4195707525842,-6.72725406251376,1.34413682357617,-5.00488785406193,5.58945623509227e-07,6.76022781152229e-06,"WBGene00013523","WBGene00013523",NA
"WBGene00013524",10.5874808741503,-6.30549461223676,1.47394216325304,-4.27797967209263,1.88597239034384e-05,0.00014180012296257,"WBGene00013524","WBGene00013524",NA
"WBGene00013526",27.982010581627,-8.48310828749022,1.37647151694697,-6.1629377600968,7.14075800155272e-10,1.87271291956318e-08,"WBGene00013526","WBGene00013526",NA
"WBGene00013540",83.4006330197782,-1.67219548791795,0.392872063197486,-4.2563359540212,2.07804381885231e-05,0.000154695209910709,"WBGene00013540","WBGene00013540",NA
"WBGene00013543",90.5586470957592,2.06108404712399,0.449734787870579,4.58288774342516,4.58598262336488e-06,4.19637961816608e-05,"WBGene00013543","WBGene00013543",NA
"WBGene00013554",64.8136156188818,1.52615273302411,0.305637869426188,4.9933365125511,5.93450230555434e-07,7.11592629641679e-06,"WBGene00013554","WBGene00013554",NA
"WBGene00013556",32.9433453506573,-4.17822984231461,0.756345034118751,-5.52423781982364,3.30918977415907e-08,5.59742596947403e-07,"WBGene00013556","WBGene00013556",NA
"WBGene00013562",23.8391980598973,-1.69900931903489,0.480924921600894,-3.53279533399779,0.000411190665355437,0.00204138526569131,"WBGene00013562","WBGene00013562",NA
"WBGene00013583",25.7446013251008,3.64260275749638,1.11158775328242,3.27693674812456,0.00104939875106165,0.00454654633189578,"WBGene00013583","WBGene00013583",NA
"WBGene00013590",35.4396618199203,-2.11665400521536,0.739202620228472,-2.86342870992684,0.00419083108468642,0.0147863610697168,"WBGene00013590","WBGene00013590",NA
"WBGene00013602",13.500718398881,-2.5081965071141,0.866926194525039,-2.89320650702943,0.00381330488531417,0.0136806141380008,"WBGene00013602","WBGene00013602",NA
"WBGene00013632",153.702897434428,1.03659066411299,0.284653089223871,3.64159288395338,0.000270956329372081,0.0014165248045776,"WBGene00013632","WBGene00013632",NA
"WBGene00013639",140.986387608091,-1.36006556215829,0.246290314608991,-5.52220481880307,3.34771913763105e-08,5.65590421207573e-07,"WBGene00013639","WBGene00013639",NA
"WBGene00013644",12.2650002928431,-1.95970834893906,0.725059207033344,-2.70282527265243,0.00687528774008748,0.02239992880535,"WBGene00013644","WBGene00013644",NA
"WBGene00013652",26.0204450906157,2.42384317347597,0.713041562147974,3.39930139019436,0.000675582258352179,0.00310485441113431,"WBGene00013652","WBGene00013652",NA
"WBGene00013656",13.4229317077744,-7.44269742536107,1.4484441730375,-5.13840820647795,2.77075482286711e-07,3.68052032372115e-06,"WBGene00013656","WBGene00013656",NA
"WBGene00013657",30.2044835033677,-7.62533559272874,1.39388590399036,-5.47055936995936,4.48617390174262e-08,7.40425907362671e-07,"WBGene00013657","WBGene00013657",NA
"WBGene00013683",176.543891897304,1.56747765431997,0.277108362102929,5.65655125823215,1.54444868371162e-08,2.81207707468665e-07,"WBGene00013683","WBGene00013683",NA
"WBGene00013684",38.6206715787243,-4.75153359924376,1.03594148687536,-4.58668144817279,4.50347015912689e-06,4.12880686237336e-05,"WBGene00013684","WBGene00013684",NA
"WBGene00013696",173.924501261191,-5.67814086951835,1.3014074525629,-4.36307695820876,1.28245803928603e-05,0.000100881523145378,"WBGene00013696","WBGene00013696",NA
"WBGene00013698",62.9993845821142,2.81935294686034,0.721576822645339,3.90721106662551,9.33675885710869e-05,0.000560715522456532,"WBGene00013698","WBGene00013698",NA
"WBGene00013699",82.4574657155543,3.24010330255728,0.90178035704482,3.59300718544731,0.000326883570319341,0.00167340503960399,"WBGene00013699","WBGene00013699",NA
"WBGene00013700",109.866149053092,-5.88964959368952,1.71843363008189,-3.42733608711374,0.000609534163422157,0.00285080883435631,"WBGene00013700","WBGene00013700",NA
"WBGene00013710",35.1157437963846,-5.30895977609187,0.831587246075085,-6.38412842566914,1.72376386226133e-10,5.13286601735441e-09,"WBGene00013710","WBGene00013710",NA
"WBGene00013711",22.8911395361544,-1.38354664024933,0.54316317846593,-2.54720256287792,0.0108590379817423,0.0326273344277997,"WBGene00013711","WBGene00013711",NA
"WBGene00013713",131.389001682357,-6.04709419449672,0.854038743643893,-7.08058532414563,1.43546848180027e-12,6.45193427999094e-11,"WBGene00013713","WBGene00013713",NA
"WBGene00013723",113.602548336528,-6.04794057250458,0.811160547463525,-7.45591065962997,8.92492089142847e-14,4.7598468022831e-12,"WBGene00013723","WBGene00013723",NA
"WBGene00013739",211.825638849828,1.01915841287011,0.319826839501717,3.18659439107091,0.00143958504869197,0.00594338217820749,"WBGene00013739","WBGene00013739",NA
"WBGene00013742",478.909078426698,1.05034582177105,0.288048137884167,3.64642462015646,0.000265914435180128,0.0013929983998994,"WBGene00013742","WBGene00013742",NA
"WBGene00013759",10.551602311204,2.55183641253027,1.02830952118899,2.48158395886453,0.0130799892453862,0.0378869621715928,"WBGene00013759","WBGene00013759",NA
"WBGene00013761",9.63964899165931,2.92313107149085,0.761725168023091,3.8375140985262,0.00012428610093541,0.000716042172201423,"WBGene00013761","WBGene00013761",NA
"WBGene00013771",123.551654340051,-5.33600675511508,1.46420415316846,-3.64430516302541,0.000268115153058813,0.00140321123495775,"WBGene00013771","WBGene00013771",NA
"WBGene00013796",27.8811263258972,4.1867597763035,1.07651582065843,3.88917626286507,0.000100585046559067,0.000597780486681388,"WBGene00013796","WBGene00013796",NA
"WBGene00013799",34.079772330897,2.33644101734949,0.571846786461008,4.08578149369176,4.39287054875604e-05,0.000292714679502891,"WBGene00013799","WBGene00013799",NA
"WBGene00013800",20.8245145973771,-6.29808493076155,1.38070005542371,-4.56151566447849,5.0785686583125e-06,4.57968339642022e-05,"WBGene00013800","WBGene00013800",NA
"WBGene00013801",19.4711999024094,-4.94107215693985,1.20042404868863,-4.11610560646264,3.85327803098941e-05,0.000261095077162519,"WBGene00013801","WBGene00013801",NA
"WBGene00013809",43.8262589206482,-1.88059478460956,0.609305914027638,-3.08645417895002,0.00202559163279745,0.0079713053985611,"WBGene00013809","WBGene00013809",NA
"WBGene00013811",15.4786799949558,-7.88994836448826,1.43686858060579,-5.49107167557511,3.99502172460277e-08,6.66287578876866e-07,"WBGene00013811","WBGene00013811",NA
"WBGene00013835",22.7410662157717,-1.37375517010426,0.450616073672407,-3.04861555183441,0.00229898479792572,0.00890015972826445,"WBGene00013835","WBGene00013835",NA
"WBGene00013842",18.1988926945955,-2.60081455110564,0.585147343446924,-4.44471735235956,8.80074939206107e-06,7.31332041050749e-05,"WBGene00013842","WBGene00013842",NA
"WBGene00013844",14.1282320282344,-4.38752996929659,0.865103153570077,-5.07168416990539,3.94310405373999e-07,4.97869136396694e-06,"WBGene00013844","WBGene00013844",NA
"WBGene00013845",49.6232265218795,-1.58142839902969,0.349031777554486,-4.53090091140145,5.87326831963344e-06,5.17869365160523e-05,"WBGene00013845","WBGene00013845",NA
"WBGene00013847",176.904809984409,2.14852863348794,0.306328236832377,7.01381190224268,2.31911134403939e-12,1.00445631637439e-10,"WBGene00013847","WBGene00013847",NA
"WBGene00013853",38.4097654469565,-2.37348832937225,0.724637011422132,-3.27541692179671,0.00105506141026891,0.00456416245065785,"WBGene00013853","WBGene00013853",NA
"WBGene00013854",139.446040210166,-6.32554718206689,0.686602295849388,-9.21282556190936,3.17650971147017e-20,3.84761468695281e-18,"WBGene00013854","WBGene00013854",NA
"WBGene00013858",131.706695038182,-6.52617328299875,0.873144653216331,-7.4743322987306,7.75968325416995e-14,4.18525104723967e-12,"WBGene00013858","WBGene00013858",NA
"WBGene00013859",302.591697186981,-1.26719008868062,0.291422314695401,-4.34829463901935,1.37200204308618e-05,0.000107393347217036,"WBGene00013859","WBGene00013859",NA
"WBGene00013868",10.412949623269,-3.6814358380916,0.913988439213299,-4.02788009141596,5.62820335263629e-05,0.000361545665254969,"WBGene00013868","WBGene00013868",NA
"WBGene00013869",218.653058049787,-1.04221124679742,0.276072106139059,-3.7751414345079,0.000159916903267574,0.000889720629974087,"WBGene00013869","WBGene00013869",NA
"WBGene00013879",24.7573936475459,-5.23015198701529,1.16123706427071,-4.50394854585525,6.67023630351274e-06,5.75710673225288e-05,"WBGene00013879","WBGene00013879",NA
"WBGene00013895",265.551892464054,-3.03426750350808,0.652656319731951,-4.64910460800298,3.33379109416649e-06,3.15771213445472e-05,"WBGene00013895","WBGene00013895",NA
"WBGene00013923",39.999906076046,-1.943172389821,0.632302048363169,-3.07317111315908,0.00211797004464865,0.00828314870541676,"WBGene00013923","WBGene00013923",NA
"WBGene00013926",365.338355823848,1.19377433230294,0.298236786947583,4.00277358310177,6.2604209014726e-05,0.000397513087271203,"WBGene00013926","WBGene00013926",NA
"WBGene00013947",180.582538950309,-1.23033810314056,0.477322796693059,-2.57758085652826,0.00994946011009061,0.0303343927801888,"WBGene00013947","WBGene00013947",NA
"WBGene00013956",170.63900598149,-5.75313180650876,1.35592900338558,-4.24294472066305,2.2060579095567e-05,0.000162867694738088,"WBGene00013956","WBGene00013956",NA
"WBGene00013963",85.8447260962331,-1.37559796467046,0.394153467561134,-3.49000599482764,0.000483009711931233,0.00233863747040417,"WBGene00013963","WBGene00013963",NA
"WBGene00013964",64.864618229721,-1.15423833869997,0.306222798713782,-3.76927630322786,0.000163721568014159,0.00090762119030082,"WBGene00013964","WBGene00013964",NA
"WBGene00013968",35.2582323293833,-1.42148264595152,0.464914999689795,-3.05751082864605,0.00223183577454022,0.00868489755663038,"WBGene00013968","WBGene00013968",NA
"WBGene00013978",15.7694463988398,-3.79480014764185,0.975048217459115,-3.89191024576277,9.94580407324888e-05,0.000591828751447072,"WBGene00013978","WBGene00013978",NA
"WBGene00013979",16.3899389298172,-5.31116076397557,1.12764254029519,-4.70996842898925,2.47755166147192e-06,2.45743552376254e-05,"WBGene00013979","WBGene00013979",NA
"WBGene00013982",24.7768747107748,3.18569098915643,0.658837430212137,4.83532180029705,1.32930412162702e-06,1.44046579305648e-05,"WBGene00013982","WBGene00013982",NA
"WBGene00013986",141.641687499909,-1.02647377685207,0.368103869347165,-2.78854383865219,0.00529455811845615,0.0179580254359501,"WBGene00013986","WBGene00013986",NA
"WBGene00013987",73.1686519567244,-5.2453344154731,0.776875645770755,-6.75183273414254,1.45989127344119e-11,5.54952818385505e-10,"WBGene00013987","WBGene00013987",NA
"WBGene00013988",21.2139928044991,-5.04230410574932,0.938929336368155,-5.37027006233857,7.86188175531349e-08,1.23347833072114e-06,"WBGene00013988","WBGene00013988",NA
"WBGene00013999",118.437734584855,-5.47375031316692,1.11174256968287,-4.92357715035443,8.49763524256215e-07,9.71653604175527e-06,"WBGene00013999","WBGene00013999",NA
"WBGene00014007",33.0443281223562,-4.72259188385576,1.09790063663794,-4.30147476580174,1.69665098312752e-05,0.000129334573343156,"WBGene00014007","WBGene00014007",NA
"WBGene00014029",91.7609103215183,-2.35996021850361,0.38379697708553,-6.14898073566038,7.79824488842038e-10,2.03024251712555e-08,"WBGene00014029","WBGene00014029",NA
"WBGene00014046",28.8726342681369,-3.41897225443182,0.886293948893678,-3.85760532236463,0.000114503344307028,0.000666909657775203,"WBGene00014046","WBGene00014046",NA
"WBGene00014047",22.1699702584832,-5.54459196902321,1.40256440803822,-3.95318171290151,7.71188257633429e-05,0.000475726964452076,"WBGene00014047","WBGene00014047",NA
"WBGene00014080",115.466258379523,1.20720300645886,0.272576379196822,4.4288614076393,9.47318705999122e-06,7.79506405575444e-05,"WBGene00014080","WBGene00014080",NA
"WBGene00014082",56.73861552355,-5.54178544564763,0.745423754837594,-7.43440950155262,1.05036108710466e-13,5.53978266346381e-12,"WBGene00014082","WBGene00014082",NA
"WBGene00014085",22.1087710800127,-4.64650670905353,0.911464751865573,-5.09784574723611,3.4354057110366e-07,4.41964480898705e-06,"WBGene00014085","WBGene00014085",NA
"WBGene00014104",11.1341601846729,-6.08983340625979,1.43920697147099,-4.23138125855206,2.32260597579665e-05,0.000170153804264795,"WBGene00014104","WBGene00014104",NA
"WBGene00014116",92.7870584998704,-5.33027061968434,1.693771822641,-3.14698269768896,0.00164964723273676,0.00667754400948922,"WBGene00014116","WBGene00014116",NA
"WBGene00014121",46.5143447893682,-5.2115944813982,0.967999316498096,-5.383882398029,7.28961404249967e-08,1.15382562025967e-06,"WBGene00014121","WBGene00014121",NA
"WBGene00014127",18.8416364443671,-7.11952892336299,1.51211393061809,-4.7083283734135,2.49756526813239e-06,2.47213991533353e-05,"WBGene00014127","WBGene00014127",NA
"WBGene00014129",27.0031424779271,-4.86619699045221,0.870502831087466,-5.59009898264567,2.269402105937e-08,3.93647625001913e-07,"WBGene00014129","WBGene00014129",NA
"WBGene00014135",41.6184290587434,3.45574370216543,0.56905367821152,6.07279037897883,1.25706503947067e-09,3.05565146414188e-08,"WBGene00014135","WBGene00014135",NA
"WBGene00014136",107.008443513099,2.49955121364369,0.443929848515562,5.63050946450625,1.79678080450978e-08,3.20216808464568e-07,"WBGene00014136","WBGene00014136",NA
"WBGene00014143",27.6482547948922,2.82999569794887,0.992741477776051,2.85068747634948,0.00436248243287906,0.0152788437670033,"WBGene00014143","WBGene00014143",NA
"WBGene00014144",41.4927442136616,2.41423535971644,1.00716978153096,2.39704904176798,0.0165277114463491,0.0459047470021593,"WBGene00014144","WBGene00014144",NA
"WBGene00014148",260.016245475066,-2.03395756390936,0.400016952391652,-5.08467841612357,3.68249465675332e-07,4.69107808636143e-06,"WBGene00014148","WBGene00014148",NA
"WBGene00014149",10.6700536324159,6.16400585655696,1.3570091058282,4.54234671682249,5.56314451246998e-06,4.95106005708178e-05,"WBGene00014149","WBGene00014149",NA
"WBGene00014150",88.3006736367596,-1.49766513443645,0.434441799507008,-3.44733203880463,0.000566152311075819,0.0026785882099327,"WBGene00014150","WBGene00014150",NA
"WBGene00014153",56.3651940517522,1.31164875737829,0.333179391316795,3.93676437247328,8.25876269462991e-05,0.000505102675200451,"WBGene00014153","WBGene00014153",NA
"WBGene00014154",24.6350448967867,-5.6244973806203,1.12166126529605,-5.01443488746649,5.31895605814537e-07,6.48114568960544e-06,"WBGene00014154","WBGene00014154",NA
"WBGene00014158",229.749172655334,-5.41491984279071,0.679254298905186,-7.97185951052266,1.56304435629881e-15,1.0951271070872e-13,"WBGene00014158","WBGene00014158",NA
"WBGene00014159",50.5451197458242,3.23906533320874,0.451936869268981,7.16707476964207,7.6617192596895e-13,3.62612428406431e-11,"WBGene00014159","WBGene00014159",NA
"WBGene00014168",19.9570626483857,-5.516259993991,1.21276159760219,-4.54851143447933,5.40267083354937e-06,4.82627338899507e-05,"WBGene00014168","WBGene00014168",NA
"WBGene00014169",112.489107018582,-5.95197677559495,0.834903624665861,-7.12893871789934,1.01145750974324e-12,4.72443208717653e-11,"WBGene00014169","WBGene00014169",NA
"WBGene00014174",14.0218147547189,-3.69217123268102,1.13297624668093,-3.25882492549804,0.00111874683678381,0.00480331887598406,"WBGene00014174","WBGene00014174",NA
"WBGene00014179",89.6801163358525,-5.83580125620103,0.941478448601032,-6.19855001978283,5.69856960392061e-10,1.53969102738823e-08,"WBGene00014179","WBGene00014179",NA
"WBGene00014197",61.6358079834544,-5.26095480764968,1.06570217173925,-4.93660888300872,7.94926647980831e-07,9.17020708602907e-06,"WBGene00014197","WBGene00014197",NA
"WBGene00014199",361.663693449065,3.75332274910466,0.634784188415199,5.91275399986757,3.36434462350728e-09,7.40933400674723e-08,"WBGene00014199","WBGene00014199",NA
"WBGene00014220",101.846821277797,1.7000156957167,0.384425506072585,4.42222399102652,9.76901028193476e-06,7.98789839586347e-05,"WBGene00014220","WBGene00014220",NA
"WBGene00014223",22.1026014022635,-3.21778075247936,0.666141833893603,-4.83047391524926,1.36208458744248e-06,1.47229482259098e-05,"WBGene00014223","WBGene00014223",NA
"WBGene00014229",23.9513477919899,-3.06954685151228,0.745900872306195,-4.11522088990428,3.86808806148808e-05,0.000261897596697533,"WBGene00014229","WBGene00014229",NA
"WBGene00014238",38.8108150975139,-6.08738526152208,1.73300858279174,-3.51261114455404,0.000443726371334468,0.00217272388677066,"WBGene00014238","WBGene00014238",NA
"WBGene00014239",13.9221668224579,-6.80334025301183,1.43027765854426,-4.75665701157375,1.9682516318425e-06,2.0268170442309e-05,"WBGene00014239","WBGene00014239",NA
"WBGene00014240",76.2773871460819,-6.07470604467519,0.789894328160337,-7.69053002168427,1.46526740754534e-14,8.87418095595148e-13,"WBGene00014240","WBGene00014240",NA
"WBGene00014245",16.1902716230784,-2.47872869379047,0.915384239407394,-2.70785598777095,0.00677194006694411,0.0221136256287028,"WBGene00014245","WBGene00014245",NA
"WBGene00014246",20.7556029299029,-6.14854849528186,1.1964090582118,-5.13916912704735,2.75955941001916e-07,3.67589773041975e-06,"WBGene00014246","WBGene00014246",NA
"WBGene00014247",82.3121144480608,-4.83893931142622,1.46847765292324,-3.29520800115244,0.000983488542466197,0.0043040421731382,"WBGene00014247","WBGene00014247",NA
"WBGene00014454",193.948687122459,-1.23258037187229,0.274558959129258,-4.48931033167276,7.14541368038063e-06,6.10091981682678e-05,"WBGene00014454","WBGene00014454",NA
"WBGene00014516",86.8530144806927,1.17127779414877,0.389384553239656,3.0080232623606,0.00262953009240453,0.00997713661023042,"WBGene00014516","WBGene00014516",NA
"WBGene00014562",11.0697489692519,-1.9968751929039,0.697796497053857,-2.86168704104253,0.00421392778636492,0.0148568499877933,"WBGene00014562","WBGene00014562",NA
"WBGene00014665",62.2636286907853,-6.8932193976519,1.04864048338446,-6.57348205307143,4.91520003358045e-11,1.6324048621479e-09,"WBGene00014665","WBGene00014665",NA
"WBGene00014698",69.8347517512627,1.73003454972433,0.411436954114979,4.20485941386991,2.61244490404499e-05,0.000187045788240962,"WBGene00014698","WBGene00014698",NA
"WBGene00014793",257.986356868346,-1.86899683206309,0.276056447395533,-6.77034298490842,1.28477449571146e-11,4.92313186788307e-10,"WBGene00014793","WBGene00014793",NA
"WBGene00014813",27.0051467626899,-5.1925841861527,0.989653266624411,-5.24687217358862,1.54703155515107e-07,2.23802854430913e-06,"WBGene00014813","WBGene00014813",NA
"WBGene00014946",9.67778370221318,2.58570796312565,1.0623509568939,2.4339489189954,0.0149351025949819,0.042195576475603,"WBGene00014946","WBGene00014946",NA
"WBGene00014954",45.5032377900667,1.13031850211774,0.324224747078797,3.48621908815317,0.000489899604914895,0.00236638562117222,"WBGene00014954","WBGene00014954",NA
"WBGene00014955",38.6446708752856,1.47629864672694,0.390248019019817,3.78297537662061,0.000154964749842496,0.000865087707922242,"WBGene00014955","WBGene00014955",NA
"WBGene00014999",154.178706219569,1.37197759718264,0.277250850880043,4.94850635382268,7.47851495338045e-07,8.7471697404801e-06,"WBGene00014999","WBGene00014999",NA
"WBGene00015002",21.264254054798,-2.57541885593656,0.960114843838776,-2.68240708126061,0.00730944542319451,0.0235512411627108,"WBGene00015002","WBGene00015002",NA
"WBGene00015024",127.634748141959,-5.72091588249662,1.2916940674259,-4.4290022124955,9.46700519264273e-06,7.79446458631582e-05,"WBGene00015024","WBGene00015024",NA
"WBGene00015032",13.8649083429284,-6.3219708475914,1.45956523871469,-4.33140683259804,1.4815963767654e-05,0.000114777544786493,"WBGene00015032","WBGene00015032",NA
"WBGene00015034",16.1828087800709,-5.84641177643377,1.24062174354173,-4.71248533799143,2.44713693275685e-06,2.43571923258312e-05,"WBGene00015034","WBGene00015034",NA
"WBGene00015037",159.888674007169,1.58800186221906,0.392346844062234,4.04744395488796,5.17799746951387e-05,0.000336558061990731,"WBGene00015037","WBGene00015037",NA
"WBGene00015038",33.0347706875767,-1.30784335057033,0.399736123055881,-3.27176673594621,0.00106877717214901,0.00461511544456972,"WBGene00015038","WBGene00015038",NA
"WBGene00015049",13.2169572261794,-4.50350627671979,1.17281625884295,-3.83990777989617,0.000123080535291075,0.000710496805700865,"WBGene00015049","WBGene00015049",NA
"WBGene00015051",92.2620850048499,-5.29122877968286,1.17193228176054,-4.51496119872564,6.33283596992033e-06,5.51922100719947e-05,"WBGene00015051","WBGene00015051",NA
"WBGene00015052",136.929700146378,-2.12007227284124,0.317766638014558,-6.67178998427176,2.5270202919986e-11,9.07505051093868e-10,"WBGene00015052","WBGene00015052",NA
"WBGene00015055",43.6671233699919,2.84664726490829,0.455858540236624,6.24458469820632,4.24927622680093e-10,1.17475638509992e-08,"WBGene00015055","WBGene00015055",NA
"WBGene00015056",176.849243339653,-1.08235785516885,0.35636270792417,-3.03723658817623,0.00238757978788005,0.00920325725678789,"WBGene00015056","WBGene00015056",NA
"WBGene00015063",67.9704645822544,2.07675304835255,0.36199417259432,5.73697922667923,9.63800729232305e-09,1.86661298413514e-07,"WBGene00015063","WBGene00015063",NA
"WBGene00015084",22.7696314749707,-5.45355772571657,1.22363596557247,-4.45684654517749,8.31740970108592e-06,6.94802670120521e-05,"WBGene00015084","WBGene00015084",NA
"WBGene00015087",30.4757978127088,-1.10431591071458,0.435826707100759,-2.53384176031982,0.0112819665542041,0.0336575136629595,"WBGene00015087","WBGene00015087",NA
"WBGene00015089",50.7718572731414,-5.91518426245271,1.11125383519176,-5.32298209025482,1.02079798957693e-07,1.54886047399396e-06,"WBGene00015089","WBGene00015089",NA
"WBGene00015094",110.134651201721,-5.88788991640643,0.874708377587294,-6.7312604603685,1.68199562280849e-11,6.24435413942904e-10,"WBGene00015094","WBGene00015094",NA
"WBGene00015096",91.4500523404594,1.20953130831726,0.321570641093094,3.76132380806215,0.000169016457630564,0.000933083132063981,"WBGene00015096","WBGene00015096",NA
"WBGene00015097",46.6079720218928,-6.43638588693216,1.04313873811623,-6.17021077997298,6.81990160385716e-10,1.79846593402085e-08,"WBGene00015097","WBGene00015097",NA
"WBGene00015106",28.2872931866403,-7.39508318178385,1.36746153967719,-5.40789116711068,6.37711539374306e-08,1.02413607104235e-06,"WBGene00015106","WBGene00015106",NA
"WBGene00015107",73.2551490843909,-1.18847856004548,0.451855703606415,-2.63021701521044,0.00853303777122025,0.0267520747672847,"WBGene00015107","WBGene00015107",NA
"WBGene00015112",196.825977476911,3.07482486488266,0.655007713897893,4.69433382178761,2.67476941505721e-06,2.61494386110894e-05,"WBGene00015112","WBGene00015112",NA
"WBGene00015122",106.289888371194,-1.33895707846966,0.442780857005979,-3.02397237207476,0.0024947922033247,0.00954956212161757,"WBGene00015122","WBGene00015122",NA
"WBGene00015131",473.996460028193,-1.43505203767619,0.195023369747823,-7.35835935730057,1.86184275674245e-13,9.53810699717558e-12,"WBGene00015131","WBGene00015131",NA
"WBGene00015132",42.6573265724187,1.32706921896201,0.474621723427289,2.79605663512221,0.00517303343876782,0.0176337149869565,"WBGene00015132","WBGene00015132",NA
"WBGene00015137",107.115749662341,-1.02262242652029,0.345542650992742,-2.95946802393944,0.00308170681356031,0.0114051878524644,"WBGene00015137","WBGene00015137",NA
"WBGene00015138",94.8750882429621,1.05826801783932,0.315305146221938,3.3563296714936,0.000789843561273382,0.00355678450575944,"WBGene00015138","WBGene00015138",NA
"WBGene00015148",48.8057816680679,-1.62579228893688,0.475223032031522,-3.42111425447293,0.000623651261830904,0.00290732142379292,"WBGene00015148","WBGene00015148",NA
"WBGene00015163",140.194794902782,-1.12976974423516,0.390555293575808,-2.89272674783466,0.00381913399959693,0.013694651845519,"WBGene00015163","WBGene00015163",NA
"WBGene00015165",14.3715032078703,-5.69100998539854,1.27042290257735,-4.47961853793172,7.47765543676575e-06,6.33915356807193e-05,"WBGene00015165","WBGene00015165",NA
"WBGene00015167",34.1163618444642,-1.62578414368589,0.406636360949775,-3.99812781102153,6.38454753605831e-05,0.00040395899926021,"WBGene00015167","WBGene00015167",NA
"WBGene00015169",46.7727787675467,-3.80093043273896,0.875925051558617,-4.33933294404082,1.42915860250272e-05,0.000111257973341892,"WBGene00015169","WBGene00015169",NA
"WBGene00015171",210.759349471262,2.16389842115095,0.510856326381247,4.23582582695875,2.27713240338696e-05,0.00016750928173757,"WBGene00015171","WBGene00015171",NA
"WBGene00015179",15.2983502819879,-1.8248794791789,0.6757785274615,-2.70041057095124,0.00692539528126209,0.0225016309968354,"WBGene00015179","WBGene00015179",NA
"WBGene00015182",49.6861322490663,-2.46635928517028,0.518855193599264,-4.7534636168163,1.99961101828184e-06,2.0502467922742e-05,"WBGene00015182","WBGene00015182",NA
"WBGene00015193",16.1040730937282,-7.7104048036461,1.56442738302516,-4.92857954757629,8.28296097409537e-07,9.49385414617043e-06,"WBGene00015193","WBGene00015193",NA
"WBGene00015197",218.988378953261,-1.20996487410726,0.276625483828056,-4.37401810333333,1.21980256777871e-05,9.68591005625613e-05,"WBGene00015197","WBGene00015197",NA
"WBGene00015216",69.0725955418573,-1.23156881517692,0.370201563599832,-3.32675206231214,0.000878645136554152,0.0038904817028403,"WBGene00015216","WBGene00015216",NA
"WBGene00015230",18.7112955287672,-4.31225467993958,1.17675903078645,-3.66451802545983,0.0002478047882515,0.00131601340065964,"WBGene00015230","WBGene00015230",NA
"WBGene00015236",83.6520552610183,-3.07763404013434,0.533208224986293,-5.77191779105331,7.83743536438615e-09,1.5539908424028e-07,"WBGene00015236","WBGene00015236",NA
"WBGene00015246",13.6856198029274,-5.08005057819087,1.33531570912153,-3.80438164809198,0.000142158859993427,0.000803748649480245,"WBGene00015246","WBGene00015246",NA
"WBGene00015268",26.4765837448147,1.92426378258797,0.518871399142788,3.70855627380308,0.000208444339212281,0.00112766651792624,"WBGene00015268","WBGene00015268",NA
"WBGene00015278",201.841635504601,-2.20689176051179,0.343460272602552,-6.42546441773072,1.31467516140022e-10,3.97265371710217e-09,"WBGene00015278","WBGene00015278",NA
"WBGene00015287",10.0315101081709,-3.1762795256633,1.00773278727041,-3.15190650317802,0.00162208203583356,0.00658087383995715,"WBGene00015287","WBGene00015287",NA
"WBGene00015295",220.072056011811,-1.5918270905479,0.28295054338983,-5.62581386654127,1.84635354883573e-08,3.27825233211293e-07,"WBGene00015295","WBGene00015295",NA
"WBGene00015305",11.9328818839956,-7.69182051228763,1.58964462390984,-4.83870444789672,1.30688216650453e-06,1.41831942337504e-05,"WBGene00015305","WBGene00015305",NA
"WBGene00015306",22.5499699916237,-5.14075703431172,1.05754142026295,-4.86104556834618,1.16767368559438e-06,1.28184024486947e-05,"WBGene00015306","WBGene00015306",NA
"WBGene00015324",98.7687615857172,1.05917923421235,0.238438088588293,4.44215620282555,8.90618657197428e-06,7.3923417347984e-05,"WBGene00015324","WBGene00015324",NA
"WBGene00015331",47.6498743017022,-7.06225697445814,1.15363348768102,-6.12175101526774,9.25525704034581e-10,2.34133431641881e-08,"WBGene00015331","WBGene00015331",NA
"WBGene00015345",12.2158180008751,-6.17210279224557,1.42089632649321,-4.34380938085636,1.40033033799933e-05,0.00010931142283465,"WBGene00015345","WBGene00015345",NA
"WBGene00015348",79.7038202937786,-5.31767742889319,0.875174328581716,-6.07613506843932,1.23113722321488e-09,3.00284032959219e-08,"WBGene00015348","WBGene00015348",NA
"WBGene00015351",25.138243937677,-2.20960047232465,0.532289999323255,-4.15112152235417,3.30850027988629e-05,0.000228336042976411,"WBGene00015351","WBGene00015351",NA
"WBGene00015355",132.46068575789,1.1688267004051,0.263479678254184,4.43611707798394,9.15960441572002e-06,7.58506523255424e-05,"WBGene00015355","WBGene00015355",NA
"WBGene00015371",38.7472286564844,-1.00605814818731,0.406617847276973,-2.47421050237871,0.0133530992926536,0.038510058149697,"WBGene00015371","WBGene00015371",NA
"WBGene00015386",18.6831880851469,-3.39050194518845,0.899709311666168,-3.76844154131248,0.000164269944503083,0.000910042758442854,"WBGene00015386","WBGene00015386",NA
"WBGene00015393",36.064392888739,-2.03196425550063,0.518848455503143,-3.91629624016164,8.99197463478358e-05,0.000542163097205805,"WBGene00015393","WBGene00015393",NA
"WBGene00015403",182.71529926552,-1.65170445605613,0.354774446738386,-4.65564662630316,3.22965461855576e-06,3.08359742571927e-05,"WBGene00015403","WBGene00015403",NA
"WBGene00015422",14.7282767858368,-5.18032556344687,1.17985144962203,-4.39065915044341,1.13007566906032e-05,9.06406932540917e-05,"WBGene00015422","WBGene00015422",NA
"WBGene00015423",58.3293776210945,-1.56059161371765,0.346351985277749,-4.50579664633992,6.61243902187519e-06,5.71067014741161e-05,"WBGene00015423","WBGene00015423",NA
"WBGene00015429",148.675041165223,1.01423585940368,0.361825134493027,2.80311057114587,0.00506123141197979,0.0173394488426239,"WBGene00015429","WBGene00015429",NA
"WBGene00015434",90.0445172331073,-1.40233386601603,0.350429678303802,-4.00175542438014,6.28742719691039e-05,0.000398696525844899,"WBGene00015434","WBGene00015434",NA
"WBGene00015449",72.8346392106761,-1.86625385242975,0.528914158368494,-3.52846264918765,0.000417980928900023,0.00206866867153412,"WBGene00015449","WBGene00015449",NA
"WBGene00015467",30.0749460739151,-7.78253568777872,1.51087203095065,-5.15102240848412,2.59070228817069e-07,3.49000073561015e-06,"WBGene00015467","WBGene00015467",NA
"WBGene00015471",37.5256021428791,-1.21852440996334,0.409020771914835,-2.97912598487067,0.00289071896156159,0.0108046668717573,"WBGene00015471","WBGene00015471",NA
"WBGene00015474",131.099455755075,1.79738446713593,0.310493561624977,5.78879786662649,7.08919451719245e-09,1.41516560383005e-07,"WBGene00015474","WBGene00015474",NA
"WBGene00015476",283.571989048079,-1.43164591964153,0.474493702538597,-3.01720741915448,0.00255115182988517,0.00972622382089858,"WBGene00015476","WBGene00015476",NA
"WBGene00015494",71.1235660834797,1.27554334541602,0.300203415330225,4.24893015961497,2.14793866527772e-05,0.000159317526428721,"WBGene00015494","WBGene00015494",NA
"WBGene00015497",112.318475875291,-1.73766327870406,0.383663361625646,-4.52913531107397,5.92255631049303e-06,5.20929829820781e-05,"WBGene00015497","WBGene00015497",NA
"WBGene00015511",12.1050381092253,-3.56114158858399,1.15308309925769,-3.08836508910461,0.00201261051597156,0.00792458460186818,"WBGene00015511","WBGene00015511",NA
"WBGene00015516",72.3165136858796,-6.8161283349032,1.01106913921515,-6.74150567012088,1.56753617329907e-11,5.86853674656312e-10,"WBGene00015516","WBGene00015516",NA
"WBGene00015518",139.351374974051,2.93762599363656,0.482965611527571,6.08247445267407,1.18341757865565e-09,2.89633346776116e-08,"WBGene00015518","WBGene00015518",NA
"WBGene00015519",47.8075787687233,-1.88845006820342,0.631415418682447,-2.99082032577536,0.0027822914697409,0.0104816267730645,"WBGene00015519","WBGene00015519",NA
"WBGene00015529",85.3140138409824,1.90003013600878,0.410981314314174,4.6231545567454,3.77947901380916e-06,3.53766165974946e-05,"WBGene00015529","WBGene00015529",NA
"WBGene00015541",72.1679344339645,1.83588857695572,0.409642917334888,4.4816802616774,7.40576412176834e-06,6.2819339223997e-05,"WBGene00015541","WBGene00015541",NA
"WBGene00015547",1150.04002080082,1.14436549340489,0.197282864068875,5.80063300888299,6.6065046383142e-09,1.33183033561953e-07,"WBGene00015547","WBGene00015547",NA
"WBGene00015558",18.2014875006423,-5.38496653757353,1.06287899330368,-5.06639661852361,4.05416766026605e-07,5.09193483024452e-06,"WBGene00015558","WBGene00015558",NA
"WBGene00015566",32.2889517927978,-1.34195240723829,0.540561637004231,-2.48251506465634,0.0130458551466493,0.0377993933936871,"WBGene00015566","WBGene00015566",NA
"WBGene00015569",318.743394806408,3.18995878120779,0.322486703354101,9.89175289408788,4.52042283512454e-23,7.42648317039484e-21,"WBGene00015569","WBGene00015569",NA
"WBGene00015572",32.7533504530102,-6.19617782704042,1.2196724891327,-5.08019807140725,3.77041540363887e-07,4.78601663980554e-06,"WBGene00015572","WBGene00015572",NA
"WBGene00015580",241.806046638357,-1.17547805561064,0.334417362356241,-3.51500307079884,0.000439748903327064,0.00215694271628474,"WBGene00015580","WBGene00015580",NA
"WBGene00015586",78.2853304070846,1.28235113301779,0.34130716183464,3.75717616391266,0.000171841528946406,0.000947215955738906,"WBGene00015586","WBGene00015586",NA
"WBGene00015587",31.2426004283876,5.43618586163494,0.994231148012815,5.46772837735,4.55839694012002e-08,7.51478286795103e-07,"WBGene00015587","WBGene00015587",NA
"WBGene00015597",30.3056385493883,-2.24135018810339,0.870541715787923,-2.57466144063499,0.0100338248382625,0.0305459975321161,"WBGene00015597","WBGene00015597",NA
"WBGene00015607",20.0163433230274,6.3921942459565,1.41635643057447,4.51312544495868,6.3879213055505e-06,5.55368365086577e-05,"WBGene00015607","WBGene00015607",NA
"WBGene00015608",118.937460146848,-1.11755581394573,0.278587586876882,-4.0115061351948,6.03326088399218e-05,0.00038479874080723,"WBGene00015608","WBGene00015608",NA
"WBGene00015610",112.234674512418,4.610085148921,1.38195983359182,3.335903864108,0.000850225596364869,0.00378534918559802,"WBGene00015610","WBGene00015610",NA
"WBGene00015613",163.711731657111,7.5123738633606,1.31243900133723,5.72397944263033,1.04057346779341e-08,2.00443619611471e-07,"WBGene00015613","WBGene00015613",NA
"WBGene00015623",240.821129532298,1.24610677398677,0.2950892363794,4.22281337427243,2.41271593310241e-05,0.000175674726601288,"WBGene00015623","WBGene00015623",NA
"WBGene00015624",90.1319841612942,2.27557767486088,0.57988151284531,3.92421145432845,8.70142824363964e-05,0.000526766259577897,"WBGene00015624","WBGene00015624",NA
"WBGene00015627",72.2770285270125,-5.79244267241008,1.45708194382259,-3.97537193907837,7.02693482763306e-05,0.000438202353801742,"WBGene00015627","WBGene00015627",NA
"WBGene00015629",54.3368161258893,-5.09289801014055,1.65689555692018,-3.07375922934284,0.00211379953098299,0.00827060955278946,"WBGene00015629","WBGene00015629",NA
"WBGene00015634",60.3627500750439,-4.99160191660138,0.816034302957527,-6.11690206957046,9.54119587280864e-10,2.40515542522141e-08,"WBGene00015634","WBGene00015634",NA
"WBGene00015661",13.3542411892637,-6.60464150238703,1.49632063348882,-4.41392129104553,1.01514879347454e-05,8.24873320359954e-05,"WBGene00015661","WBGene00015661",NA
"WBGene00015665",22.6876694434353,-1.54718032550222,0.506482347670352,-3.05475666154748,0.0022524319397093,0.00874837220496332,"WBGene00015665","WBGene00015665",NA
"WBGene00015684",598.261176260558,-1.3722774369088,0.231451553478002,-5.92900508243609,3.04775655179869e-09,6.81714935756786e-08,"WBGene00015684","WBGene00015684",NA
"WBGene00015688",377.976771701765,-5.52361760773613,1.13133602415276,-4.88238462297059,1.0481056621181e-06,1.16853153109626e-05,"WBGene00015688","WBGene00015688",NA
"WBGene00015689",120.236222601756,-5.42241781916702,0.839323234829485,-6.46046432905986,1.04382197047639e-10,3.25040248889303e-09,"WBGene00015689","WBGene00015689",NA
"WBGene00015692",382.535036372655,-2.93223306679967,0.366817748690638,-7.99370553160616,1.30942300266418e-15,9.26514008766296e-14,"WBGene00015692","WBGene00015692",NA
"WBGene00015693",444.124140845114,-1.36268698586524,0.265627450015859,-5.13006839384967,2.89636924583305e-07,3.8260448826887e-06,"WBGene00015693","WBGene00015693",NA
"WBGene00015696",19.8656227197324,-5.53860388933993,1.13334269063485,-4.88696308284076,1.02403286347858e-06,1.14526617509385e-05,"WBGene00015696","WBGene00015696",NA
"WBGene00015713",474.813343856513,-1.08247743391322,0.278571409369045,-3.88581669728775,0.000101986441034873,0.000604600664334901,"WBGene00015713","WBGene00015713",NA
"WBGene00015741",13.6945942147652,-1.60412185504219,0.553127353329757,-2.90009496978514,0.00373049613499921,0.0134070860592265,"WBGene00015741","WBGene00015741",NA
"WBGene00015753",53.1843096887309,-1.71400325906762,0.386568750040741,-4.43388985500503,9.25479211256543e-06,7.65059246182173e-05,"WBGene00015753","WBGene00015753",NA
"WBGene00015765",81.5818682421243,-3.96246020015957,0.69803298374442,-5.6766088314394,1.37391157590263e-08,2.54699327553519e-07,"WBGene00015765","WBGene00015765",NA
"WBGene00015779",97.5448836694347,1.08434788368231,0.322753456545326,3.35967860821355,0.000780331926851791,0.00351949644382854,"WBGene00015779","WBGene00015779",NA
"WBGene00015780",525.258709461809,-2.14690048221728,0.46853179992717,-4.58218734043452,4.60137380991783e-06,4.20507901951122e-05,"WBGene00015780","WBGene00015780",NA
"WBGene00015781",30.637269487001,6.19849285697491,1.01688644571216,6.09556050541501,1.09054653199173e-09,2.70610791349962e-08,"WBGene00015781","WBGene00015781",NA
"WBGene00015788",13.5062103167186,-1.8835439676888,0.619355425215907,-3.04113581798723,0.00235687490157318,0.00909962532906144,"WBGene00015788","WBGene00015788",NA
"WBGene00015791",315.609125009258,-1.18340554783139,0.28432518131437,-4.16215525603741,3.15257879004964e-05,0.000218736935175629,"WBGene00015791","WBGene00015791",NA
"WBGene00015794",73.6967880389188,-1.5574519097477,0.457431083133569,-3.40477935840869,0.000662175324008679,0.00305893682559499,"WBGene00015794","WBGene00015794",NA
"WBGene00015796",54.3704128369565,-1.60986914389063,0.408440419673963,-3.94150301083254,8.0972618451726e-05,0.000496287150742075,"WBGene00015796","WBGene00015796",NA
"WBGene00015820",39.4502144518022,-5.12571723107453,0.998775973415613,-5.13199893420103,2.86681123092089e-07,3.79050258312232e-06,"WBGene00015820","WBGene00015820",NA
"WBGene00015824",35.1269844380191,1.06012959768221,0.372386150722357,2.84685559767935,0.00441533857068356,0.0154488210993342,"WBGene00015824","WBGene00015824",NA
"WBGene00015855",24.2936529949961,-5.93074182917511,1.05871689085141,-5.6018203548313,2.12112327781756e-08,3.69722134266419e-07,"WBGene00015855","WBGene00015855",NA
"WBGene00015865",72.1433445754247,-2.76318286446519,0.812263709233335,-3.40182976668163,0.00066936318444818,0.00308321237361194,"WBGene00015865","WBGene00015865",NA
"WBGene00015868",182.358521952099,1.33710361535669,0.270755176072124,4.93842309777493,7.87568243900976e-07,9.12213363863586e-06,"WBGene00015868","WBGene00015868",NA
"WBGene00015889",28.9567531539712,-1.60534974603176,0.496952195604029,-3.23039068995461,0.00123621165090005,0.00524092408495975,"WBGene00015889","WBGene00015889",NA
"WBGene00015907",82.3497270116943,-5.68401636711522,0.71889644943242,-7.90658567253022,2.64544260960384e-15,1.78355241599376e-13,"WBGene00015907","WBGene00015907",NA
"WBGene00015908",18.4571870886064,-7.04935395961402,1.39575251599655,-5.05057585698196,4.40480143569285e-07,5.46508914239218e-06,"WBGene00015908","WBGene00015908",NA
"WBGene00015917",19.702403767154,-4.94645064026867,1.06273309095982,-4.65446186097509,3.24827953220885e-06,3.09517729025741e-05,"WBGene00015917","WBGene00015917",NA
"WBGene00015929",79.3465101562586,-6.07292849893154,0.943610436698633,-6.4358428677184,1.22790011649872e-10,3.75008041989662e-09,"WBGene00015929","WBGene00015929",NA
"WBGene00015931",52.3541360687382,-6.38642671848809,1.53954602466398,-4.14825319683573,3.35021756265469e-05,0.000230880711779284,"WBGene00015931","WBGene00015931",NA
"WBGene00015933",179.349441251275,6.76829855235136,0.556330764662148,12.1659612990514,4.71857508235925e-34,1.72929727313233e-31,"WBGene00015933","WBGene00015933",NA
"WBGene00015935",10.4663734119831,-2.63493556109043,0.752977180256591,-3.49935646149665,0.000466382633724934,0.00226734931422805,"WBGene00015935","WBGene00015935",NA
"WBGene00015936",86.732210747958,-1.08432049881867,0.339418829421306,-3.19463861409041,0.00140006033889434,0.00580872639298022,"WBGene00015936","WBGene00015936",NA
"WBGene00015937",130.671772119333,-5.20717511611282,1.16323863613289,-4.47644615160286,7.58957992639939e-06,6.41122138818123e-05,"WBGene00015937","WBGene00015937",NA
"WBGene00015942",251.736159096772,-1.28924337401581,0.27173765485664,-4.74444137930009,2.0908251423513e-06,2.13001879968832e-05,"WBGene00015942","WBGene00015942",NA
"WBGene00015944",20.5176764063264,-6.0775167411613,1.37848708726657,-4.40883109990718,1.03930036506549e-05,8.43060165600516e-05,"WBGene00015944","WBGene00015944",NA
"WBGene00015949",64.7741108444189,-1.14075315140099,0.298017314981466,-3.82780829856123,0.000129289389290915,0.000740357869044488,"WBGene00015949","WBGene00015949",NA
"WBGene00015954",171.098636143264,-1.54693887637799,0.395861254490693,-3.907780463052,9.31478849542515e-05,0.000559819634745755,"WBGene00015954","WBGene00015954",NA
"WBGene00015956",601.298838135379,-1.18826212081161,0.313218540182597,-3.79371578744632,0.000148409538779532,0.000831850014814061,"WBGene00015956","WBGene00015956",NA
"WBGene00015970",10.6117285895648,-2.68970108433293,0.897949084265871,-2.99538262409602,0.00274100771300368,0.0103506534324866,"WBGene00015970","WBGene00015970",NA
"WBGene00015987",39.1636034138951,-7.15387327602969,1.27353126416009,-5.61735190753072,1.93906243453564e-08,3.41738833252995e-07,"WBGene00015987","WBGene00015987",NA
"WBGene00015988",19.6031232996361,-3.99321219545817,1.00213410588959,-3.98470840578108,6.75630389777595e-05,0.000422986647441575,"WBGene00015988","WBGene00015988",NA
"WBGene00015992",19.3776640895847,-7.04478915173326,1.45446447375127,-4.84356220373245,1.27531770361451e-06,1.39039785947843e-05,"WBGene00015992","WBGene00015992",NA
"WBGene00015994",34.2966552335649,-6.51675962898355,1.07492379956712,-6.06253171769748,1.33995372646954e-09,3.22967261592398e-08,"WBGene00015994","WBGene00015994",NA
"WBGene00015997",17.1729709015314,-6.99925253247378,1.56685778836975,-4.46706305092065,7.93007632763394e-06,6.67518144586996e-05,"WBGene00015997","WBGene00015997",NA
"WBGene00016010",13.8382997848619,-3.01314803946785,0.877016824216756,-3.43567871934364,0.000591071464420782,0.00277992248797836,"WBGene00016010","WBGene00016010",NA
"WBGene00016013",95.4390719964174,-3.40117096374941,0.421825605411232,-8.06297891858332,7.44573680538678e-16,5.40212772382707e-14,"WBGene00016013","WBGene00016013",NA
"WBGene00016018",407.959295599159,-1.41520721535825,0.319561054651306,-4.42859727353972,9.4847939527093e-06,7.8001242788305e-05,"WBGene00016018","WBGene00016018",NA
"WBGene00016033",219.599966422012,-1.17039151661687,0.304209210144977,-3.84732439908409,0.000119414808981416,0.000691850776153781,"WBGene00016033","WBGene00016033",NA
"WBGene00016040",44.6377000182288,-5.956361834022,0.948055262539065,-6.28271585990649,3.32708828476624e-10,9.51081457083278e-09,"WBGene00016040","WBGene00016040",NA
"WBGene00016052",705.883120176698,-2.43284970064234,0.303428195169061,-8.01787618743481,1.07589171881345e-15,7.72749765678422e-14,"WBGene00016052","WBGene00016052",NA
"WBGene00016053",35.0088697010792,-4.59359144578105,0.996233951594694,-4.61095653127258,4.0082035326341e-06,3.72008136960644e-05,"WBGene00016053","WBGene00016053",NA
"WBGene00016054",68.6335022856411,-5.48635375404836,1.30054177599307,-4.21851404954605,2.45917650085328e-05,0.000178150074641135,"WBGene00016054","WBGene00016054",NA
"WBGene00016058",368.452115872591,-5.57159133656184,1.12605289843166,-4.9478948496308,7.50204143344328e-07,8.76633240290085e-06,"WBGene00016058","WBGene00016058",NA
"WBGene00016059",201.389619019469,-1.13302844004712,0.280554645062792,-4.03853031837535,5.37871422094526e-05,0.000347706749705883,"WBGene00016059","WBGene00016059",NA
"WBGene00016066",49.1109313245668,4.29291608488863,0.684572439137748,6.27094495696579,3.58863473301882e-10,1.01873634342372e-08,"WBGene00016066","WBGene00016066",NA
"WBGene00016071",30.9632209462157,7.37213556046324,1.37710962271411,5.3533396607408,8.63455481415313e-08,1.33564601686895e-06,"WBGene00016071","WBGene00016071",NA
"WBGene00016080",14.8897131390658,5.23678392888699,1.16090255065796,4.51095910325891,6.45351634935497e-06,5.59369976842514e-05,"WBGene00016080","WBGene00016080",NA
"WBGene00016083",12.695004665948,-4.47523853043145,1.26399242037477,-3.5405580431444,0.000399281798802639,0.00198835338793296,"WBGene00016083","WBGene00016083",NA
"WBGene00016085",26.7300838726182,-5.06621001883153,1.0558656126523,-4.7981579834818,1.60131455869967e-06,1.69789235812273e-05,"WBGene00016085","WBGene00016085",NA
"WBGene00016088",665.496223994619,5.55937435257596,1.45079533602158,3.83194942425241,0.000127131878160214,0.000729757403431303,"WBGene00016088","WBGene00016088",NA
"WBGene00016101",129.737458724478,-1.20621850532681,0.34607633877872,-3.48541165681385,0.000491380449465792,0.00237273674466708,"WBGene00016101","WBGene00016101",NA
"WBGene00016119",88.2785532289654,-2.00668651710703,0.33735700393618,-5.94825805806196,2.71011094781903e-09,6.11218651640376e-08,"WBGene00016119","WBGene00016119",NA
"WBGene00016125",18.5688904434332,-7.03225381576905,1.41852248797374,-4.95744965299361,7.14245427823904e-07,8.39532064135449e-06,"WBGene00016125","WBGene00016125",NA
"WBGene00016134",309.123793961863,-1.03683431609194,0.267619754531515,-3.87428169458935,0.00010693965716357,0.000630824812149775,"WBGene00016134","WBGene00016134",NA
"WBGene00016138",296.985641499304,1.53535954631131,0.375992030315379,4.08348960222231,4.43644152346907e-05,0.000295067746370142,"WBGene00016138","WBGene00016138",NA
"WBGene00016147",94.0407362954251,-1.38422487826684,0.413694570152235,-3.34600688077066,0.000819843612320881,0.00366677878851769,"WBGene00016147","WBGene00016147",NA
"WBGene00016161",93.1870347949492,-5.18864936825976,0.68442336287491,-7.58105238615018,3.42763154059943e-14,1.95183815178437e-12,"WBGene00016161","WBGene00016161",NA
"WBGene00016172",128.623238948625,-1.06098073626166,0.303816270685586,-3.49217878906706,0.000479097444585818,0.00232126772049664,"WBGene00016172","WBGene00016172",NA
"WBGene00016174",164.10780845218,-1.24755096288369,0.283399355627214,-4.40209526984504,1.07210458041018e-05,8.64762458679614e-05,"WBGene00016174","WBGene00016174",NA
"WBGene00016177",19.0786522816919,-2.36347227251616,0.695214530396616,-3.39963014174605,0.000674770597542911,0.00310263504282257,"WBGene00016177","WBGene00016177",NA
"WBGene00016180",47.7608260004769,-2.69022541855192,0.681224905318029,-3.94910021279388,7.84455079226667e-05,0.000482245868704806,"WBGene00016180","WBGene00016180",NA
"WBGene00016181",37.773915475588,-4.90495542934468,0.789684140613374,-6.21128775048571,5.25521389192142e-10,1.43344985032887e-08,"WBGene00016181","WBGene00016181",NA
"WBGene00016189",61.1506296219978,3.99833926101726,0.771114970305451,5.18514023846983,2.1585238002119e-07,2.97223320582165e-06,"WBGene00016189","WBGene00016189",NA
"WBGene00016192",455.422840709595,1.01995723576229,0.345569479910387,2.95152580033047,0.00316208128003908,0.0116663984862154,"WBGene00016192","WBGene00016192",NA
"WBGene00016234",64.682859983829,-1.57734097983713,0.462081832621358,-3.41355333294317,0.000641216069056643,0.00297576921874866,"WBGene00016234","WBGene00016234",NA
"WBGene00016264",334.971693556856,-1.5004181141712,0.335929998995555,-4.46646062768289,7.95242895342985e-06,6.69005691767939e-05,"WBGene00016264","WBGene00016264",NA
"WBGene00016274",494.547140095269,-1.45145103482995,0.302086842058777,-4.80474761806256,1.54946831406377e-06,1.65166914101438e-05,"WBGene00016274","WBGene00016274",NA
"WBGene00016281",22.4696876840359,-1.94510701006024,0.805124826629971,-2.41590737948291,0.0156960533902517,0.0439889590405622,"WBGene00016281","WBGene00016281",NA
"WBGene00016283",256.222432484215,-1.72141734799085,0.443134674185503,-3.88463699247836,0.000102482894846,0.000607040205567296,"WBGene00016283","WBGene00016283",NA
"WBGene00016286",15.5516614781542,-5.38647578044323,1.42215738793462,-3.78753844415627,0.000152147149294942,0.000850797810983024,"WBGene00016286","WBGene00016286",NA
"WBGene00016288",56.9491245270665,-6.42670343255693,1.8101650735634,-3.55034108569206,0.000384732332780798,0.00192811333535622,"WBGene00016288","WBGene00016288",NA
"WBGene00016289",119.690632215248,-1.44529844578958,0.30680610708315,-4.71078773343282,2.46761143876324e-06,2.44927571487799e-05,"WBGene00016289","WBGene00016289",NA
"WBGene00016292",153.735559050083,-1.15187305390559,0.374595282854519,-3.07498013623663,0.0021051657380319,0.00824134042555191,"WBGene00016292","WBGene00016292",NA
"WBGene00016294",44.4865007827379,1.1853072201879,0.466818859325917,2.53911596866389,0.01111329787705,0.0332514897543805,"WBGene00016294","WBGene00016294",NA
"WBGene00016295",74.426690039935,4.4619728396256,0.754368477603186,5.91484529391045,3.32187663514726e-09,7.33842082629982e-08,"WBGene00016295","WBGene00016295",NA
"WBGene00016298",20.5850391895907,3.94945141743998,1.21327097485685,3.25520967639234,0.00113308678281429,0.00485904872090147,"WBGene00016298","WBGene00016298",NA
"WBGene00016303",166.810902706704,1.26412033516859,0.475376353313219,2.65919902485279,0.00783266779788528,0.0249170533797406,"WBGene00016303","WBGene00016303",NA
"WBGene00016305",13.5982442891425,1.49193112117416,0.582447059366735,2.56148794500956,0.0104224858281462,0.03154109463089,"WBGene00016305","WBGene00016305",NA
"WBGene00016307",69.8498221656554,4.45485977444838,0.914610995959063,4.87076997120181,1.11164197296983e-06,1.22668504586926e-05,"WBGene00016307","WBGene00016307",NA
"WBGene00016308",16.5066438904366,6.12012923234097,1.33254792013769,4.59280235993958,4.37333205539446e-06,4.03017634221489e-05,"WBGene00016308","WBGene00016308",NA
"WBGene00016309",55.1324772285759,5.16674646784149,0.952952533143278,5.4218298269266,5.89920282640782e-08,9.53913495896224e-07,"WBGene00016309","WBGene00016309",NA
"WBGene00016312",24.2345850501592,-8.0922460136011,1.38589107348874,-5.83902022922357,5.25086945368728e-09,1.09403319390018e-07,"WBGene00016312","WBGene00016312",NA
"WBGene00016322",48.1700645894296,-6.8857329784732,1.02290163336086,-6.73156905209871,1.6784314343067e-11,6.24435413942904e-10,"WBGene00016322","WBGene00016322",NA
"WBGene00016327",39.5484999631244,-5.86866526141193,1.07123556038217,-5.47840781099372,4.29170089504733e-08,7.10791203857607e-07,"WBGene00016327","WBGene00016327",NA
"WBGene00016332",289.010521867496,-1.03490009894384,0.324013938559648,-3.19399870124207,0.00140316748593109,0.00581659205500747,"WBGene00016332","WBGene00016332",NA
"WBGene00016336",11.687062336495,-3.04709174826124,1.0189687098273,-2.99036831933503,0.00278641239593367,0.0104888576178773,"WBGene00016336","WBGene00016336",NA
"WBGene00016337",21.6149185276404,4.16357901662183,0.813080317055259,5.12074751938543,3.04326877258658e-07,3.98328210316666e-06,"WBGene00016337","WBGene00016337",NA
"WBGene00016344",15.7835214486706,-2.01459096005195,0.590417984641386,-3.41214362105787,0.000644541445192763,0.00298813846128452,"WBGene00016344","WBGene00016344",NA
"WBGene00016345",18.1069992285442,2.7309171353902,0.713475115858563,3.82762772616665,0.000129384247489416,0.000740604344960441,"WBGene00016345","WBGene00016345",NA
"WBGene00016351",278.363659381658,-5.79120169250099,1.10971464800315,-5.21864039816167,1.80241323182452e-07,2.53811747019388e-06,"WBGene00016351","WBGene00016351",NA
"WBGene00016354",197.496398899924,-1.33426696406511,0.425175245191872,-3.13815768710378,0.0017001338766006,0.00685086368713062,"WBGene00016354","WBGene00016354",NA
"WBGene00016355",59.8518599629197,1.63334895713327,0.319748048473614,5.10823745424066,3.25177839228676e-07,4.22472449852207e-06,"WBGene00016355","WBGene00016355",NA
"WBGene00016356",17.8492870473803,-4.46743453718768,1.13048362024536,-3.95179059402742,7.75686043159995e-05,0.000478088857907969,"WBGene00016356","WBGene00016356",NA
"WBGene00016357",88.7361976868675,-5.81022426831487,1.23777754226066,-4.69407795014858,2.6781190636495e-06,2.61642896628451e-05,"WBGene00016357","WBGene00016357",NA
"WBGene00016358",74.9683295085539,-5.41965035053624,1.3091685375401,-4.13976519839046,3.4766148176138e-05,0.000238098972631308,"WBGene00016358","WBGene00016358",NA
"WBGene00016359",44.4151919888707,7.11950840028214,1.10251122652555,6.45753823543235,1.06419870167265e-10,3.29947766659592e-09,"WBGene00016359","WBGene00016359",NA
"WBGene00016360",72.4797481595729,-1.61275547449133,0.322456339799783,-5.0014692702048,5.68950368040932e-07,6.86290294652542e-06,"WBGene00016360","WBGene00016360",NA
"WBGene00016364",33.6484082972226,1.35435023804051,0.453058218505341,2.98935144032609,0.00279570362978769,0.0105170769189938,"WBGene00016364","WBGene00016364",NA
"WBGene00016382",11.2373257574952,-7.20701248688774,1.54052541985271,-4.67828209389548,2.89288379245849e-06,2.80515522697484e-05,"WBGene00016382","WBGene00016382",NA
"WBGene00016388",29.2856203367053,-5.50492637956322,1.0435696494925,-5.27509245045629,1.32689178477618e-07,1.95922151650887e-06,"WBGene00016388","WBGene00016388",NA
"WBGene00016398",21.3060866921529,-5.23449591534131,1.1255492278392,-4.65061481619098,3.30946934425661e-06,3.14509609956514e-05,"WBGene00016398","WBGene00016398",NA
"WBGene00016399",133.055568094884,-5.71355011891156,1.23702231785964,-4.61879307787871,3.85978522893253e-06,3.60339061248417e-05,"WBGene00016399","WBGene00016399",NA
"WBGene00016403",16.881438722348,-1.67110046138535,0.691705807228168,-2.41591214635288,0.0156958479112528,0.0439889590405622,"WBGene00016403","WBGene00016403",NA
"WBGene00016414",31.8223913783705,-5.48295997289987,0.945626301288809,-5.79823125205703,6.7017995379503e-09,1.34534860668432e-07,"WBGene00016414","WBGene00016414",NA
"WBGene00016416",84.5836456839141,-4.68752314840149,0.822211870536681,-5.70111344335348,1.19027388123243e-08,2.25034187625068e-07,"WBGene00016416","WBGene00016416",NA
"WBGene00016420",34.8929004113126,-5.26943831334828,0.905857565649912,-5.81707159399578,5.98874965591591e-09,1.22519151178014e-07,"WBGene00016420","WBGene00016420",NA
"WBGene00016422",473.150742709308,4.39240854862466,0.459314619291775,9.56296264943055,1.1443304992065e-21,1.57268421395755e-19,"WBGene00016422","WBGene00016422",NA
"WBGene00016440",506.690102872439,-5.42249349792554,1.07203286926317,-5.05814108260741,4.23363177463815e-07,5.27101907272675e-06,"WBGene00016440","WBGene00016440",NA
"WBGene00016447",411.153224274617,-5.37592716832162,0.946904320419403,-5.67737104202937,1.3678057072696e-08,2.53896713948109e-07,"WBGene00016447","WBGene00016447",NA
"WBGene00016450",354.699010034925,-1.25461224113642,0.245554889730075,-5.10929447389766,3.23364030617387e-07,4.20549780674642e-06,"WBGene00016450","WBGene00016450",NA
"WBGene00016453",402.656071955287,3.07524446092315,0.958658480756874,3.2078623645985,0.00133725478840692,0.00558870838909358,"WBGene00016453","WBGene00016453",NA
"WBGene00016455",34.5437121558797,2.25905488307599,0.831112092157414,2.71811095566171,0.00656558168047413,0.0216071716076176,"WBGene00016455","WBGene00016455",NA
"WBGene00016457",1168.7019173958,4.24085500169044,0.925474926393789,4.58235537316541,4.59767682595028e-06,4.20438866751807e-05,"WBGene00016457","WBGene00016457",NA
"WBGene00016458",234.902755484486,1.63052476372599,0.222733881444052,7.32050621645344,2.47037268124047e-13,1.2389135695779e-11,"WBGene00016458","WBGene00016458",NA
"WBGene00016461",55.9181963424512,-3.82733753237603,0.692095324090062,-5.53007280811795,3.2009790324599e-08,5.44014189190837e-07,"WBGene00016461","WBGene00016461",NA
"WBGene00016462",58.4037079504691,-4.34858845581737,0.738321964555895,-5.88982674846071,3.86600702725783e-09,8.32181301816207e-08,"WBGene00016462","WBGene00016462",NA
"WBGene00016491",42.7743244477696,-5.56911959458809,1.07618025879273,-5.17489477165802,2.28039465894061e-07,3.11901252251082e-06,"WBGene00016491","WBGene00016491",NA
"WBGene00016505",209.186129296868,-2.54960640381424,0.471155827105889,-5.411386758125,6.25385373623252e-08,1.00547054501655e-06,"WBGene00016505","WBGene00016505",NA
"WBGene00016512",62.6356685125157,-5.85806074643406,0.934863583936078,-6.26621984971297,3.69917974519574e-10,1.04284765479453e-08,"WBGene00016512","WBGene00016512",NA
"WBGene00016520",167.35204952569,3.56269325352802,0.50803608510329,7.01267755971247,2.33799854949809e-12,1.00957744012013e-10,"WBGene00016520","WBGene00016520",NA
"WBGene00016535",213.295680000286,-1.18658704555639,0.401036432509178,-2.95880111971931,0.00308838346460754,0.0114239815889326,"WBGene00016535","WBGene00016535",NA
"WBGene00016539",125.299030689443,1.85449592238032,0.263268037459959,7.04413623572657,1.86615491459307e-12,8.15686611445834e-11,"WBGene00016539","WBGene00016539",NA
"WBGene00016541",255.695027277354,-5.59909507125339,1.32192561316721,-4.23555986470258,2.27982952826534e-05,0.000167561284245804,"WBGene00016541","WBGene00016541",NA
"WBGene00016542",68.9977327645807,-1.164165460616,0.441944609391675,-2.63418861974229,0.00843386215658938,0.026499272764153,"WBGene00016542","WBGene00016542",NA
"WBGene00016545",17.0369122619771,3.48414330055265,0.655328423083674,5.31663693779354,1.05702679716069e-07,1.59606617270721e-06,"WBGene00016545","WBGene00016545",NA
"WBGene00016546",11.4001283535764,4.87662401182839,1.320403168015,3.69328408925249,0.000221376475375869,0.00119266263194395,"WBGene00016546","WBGene00016546",NA
"WBGene00016547",31.1512650007108,5.99906646458536,1.03054222544745,5.8212718668375,5.84014814307117e-09,1.19932812369133e-07,"WBGene00016547","WBGene00016547",NA
"WBGene00016549",24.5027819129383,6.21692572930033,1.18960688554018,5.22603374683504,1.73184764025187e-07,2.46301475841989e-06,"WBGene00016549","WBGene00016549",NA
"WBGene00016570",21.341949642241,-1.59513898707058,0.525081468862303,-3.03788855951588,0.00238242040899354,0.00918584702070265,"WBGene00016570","WBGene00016570",NA
"WBGene00016573",299.707506084474,1.01161345543629,0.376181400240206,2.6891639373726,0.00716312314780372,0.0231687076604568,"WBGene00016573","WBGene00016573",NA
"WBGene00016574",146.928158994583,1.26627426990157,0.358874729200404,3.52845761172125,0.000417988884306341,0.00206866867153412,"WBGene00016574","WBGene00016574",NA
"WBGene00016575",61.8276090835495,1.12898383935293,0.315462173060654,3.57882477128521,0.000345142775862695,0.0017543121249664,"WBGene00016575","WBGene00016575",NA
"WBGene00016576",525.131873112446,1.13126803811467,0.392452081258697,2.88256348262035,0.00394453644436158,0.0140804804694336,"WBGene00016576","WBGene00016576",NA
"WBGene00016578",39.7004658448347,4.84037021027859,1.04188661989942,4.64577442288858,3.38803060316558e-06,3.20483927273631e-05,"WBGene00016578","WBGene00016578",NA
"WBGene00016587",39.583184716245,-3.16070529733929,0.623416107809972,-5.0699769507764,3.97863882965005e-07,5.0191248713317e-06,"WBGene00016587","WBGene00016587",NA
"WBGene00016599",71.204680347052,-1.06855622549824,0.384515786851396,-2.77896581112599,0.00545322643091026,0.0184085318830832,"WBGene00016599","WBGene00016599",NA
"WBGene00016605",54.6725136983849,-4.79004747933197,0.841733346737019,-5.69069468127953,1.26523565388472e-08,2.37634864664577e-07,"WBGene00016605","WBGene00016605",NA
"WBGene00016612",51.5046392242222,-5.99517018167176,0.934764071357205,-6.41356505387209,1.42155412528768e-10,4.27753118162879e-09,"WBGene00016612","WBGene00016612",NA
"WBGene00016617",123.167716925549,1.69213039760532,0.307334324094984,5.50582953136845,3.67433950130532e-08,6.17124964655193e-07,"WBGene00016617","WBGene00016617",NA
"WBGene00016658",921.825632421331,-2.14873989820085,0.372060445108829,-5.77524412081036,7.68415933881099e-09,1.52753392808937e-07,"WBGene00016658","WBGene00016658",NA
"WBGene00016659",58.8510601859337,-4.76714873869584,0.897689666595788,-5.31046409030615,1.09346428900051e-07,1.639966955161e-06,"WBGene00016659","WBGene00016659",NA
"WBGene00016670",20.1034085196618,-8.58342154322783,1.58495873841107,-5.41554889424613,6.11009717773233e-08,9.84572930792876e-07,"WBGene00016670","WBGene00016670",NA
"WBGene00016671",32.447574080366,2.8359321887202,0.580567194982561,4.88476133896161,1.03554208714481e-06,1.15632836340319e-05,"WBGene00016671","WBGene00016671",NA
"WBGene00016680",173.726730022682,-5.26772977402825,1.00260134406086,-5.25406215065723,1.48780637478001e-07,2.16329771258705e-06,"WBGene00016680","WBGene00016680",NA
"WBGene00016695",75.7128027685174,1.92839832346216,0.779489811216375,2.47392370716551,0.0133638231730098,0.0385332105329492,"WBGene00016695","WBGene00016695",NA
"WBGene00016698",32.4245673140835,-5.12677397769492,0.805978003290082,-6.36093535650715,2.00528831394886e-10,5.8974456525249e-09,"WBGene00016698","WBGene00016698",NA
"WBGene00016707",44.241106529992,-5.18602240550341,0.926085039247128,-5.59994189056271,2.14423670578151e-08,3.73295678876188e-07,"WBGene00016707","WBGene00016707",NA
"WBGene00016710",180.463109934668,1.23144682524543,0.357655506193998,3.44310881258311,0.000575067883484822,0.00271268820417444,"WBGene00016710","WBGene00016710",NA
"WBGene00016714",39.4859849861585,-1.9929988375072,0.536743115173057,-3.71313349192121,0.000204708839439047,0.00110955761930311,"WBGene00016714","WBGene00016714",NA
"WBGene00016722",624.372414315428,-1.01204706386408,0.220196543806911,-4.5961078514999,4.30455950451975e-06,3.96935929020005e-05,"WBGene00016722","WBGene00016722",NA
"WBGene00016725",173.759537094984,1.42353483991868,0.34621810199484,4.1116707408323,3.92806222309731e-05,0.000265079288738101,"WBGene00016725","WBGene00016725",NA
"WBGene00016730",9.89057630482542,-6.25695452776695,1.50979313971129,-4.14424623029048,3.40933264445805e-05,0.000234502365193643,"WBGene00016730","WBGene00016730",NA
"WBGene00016742",41.5056588450953,-7.95990041122505,1.40140421193618,-5.67994611649385,1.34737181625422e-08,2.50428938487927e-07,"WBGene00016742","WBGene00016742",NA
"WBGene00016745",66.8660726035073,1.30570683109009,0.405352000612984,3.2211678469961,0.0012766935384859,0.00538759396090316,"WBGene00016745","WBGene00016745",NA
"WBGene00016749",443.642031989301,-1.55296357562526,0.39463011850008,-3.93523834807086,8.31141700419472e-05,0.000508105574170039,"WBGene00016749","WBGene00016749",NA
"WBGene00016751",65.2254917968174,-1.21555722670275,0.337577779955384,-3.60082119997176,0.000317213676802049,0.00163032545218687,"WBGene00016751","WBGene00016751",NA
"WBGene00016752",282.266460700946,-7.06155736638449,1.40200917979121,-5.03674117699865,4.73524373174506e-07,5.82952960015781e-06,"WBGene00016752","WBGene00016752",NA
"WBGene00016753",36.9263015126946,-5.75807981981312,0.99461911537836,-5.78923100389309,7.07093968022256e-09,1.41349567621568e-07,"WBGene00016753","WBGene00016753",NA
"WBGene00016756",114.596786346378,-1.25834458147606,0.403257219874405,-3.12045146238913,0.00180574054046268,0.00721196132544952,"WBGene00016756","WBGene00016756",NA
"WBGene00016762",64.8806192245063,-1.11573604985064,0.451064113778983,-2.47356421352851,0.0133772761519177,0.0385486709756774,"WBGene00016762","WBGene00016762",NA
"WBGene00016765",14.1997195572305,-6.62813985104521,1.47582311759658,-4.4911478699692,7.08403454235841e-06,6.06300034215142e-05,"WBGene00016765","WBGene00016765",NA
"WBGene00016766",17.0820003391302,-2.05350753028479,0.557084378403579,-3.68616965381342,0.000227654618249296,0.00122096339911339,"WBGene00016766","WBGene00016766",NA
"WBGene00016785",29.1965129431113,4.10667350392901,0.761916218531125,5.38992792651946,7.04859466089448e-08,1.1193951498685e-06,"WBGene00016785","WBGene00016785",NA
"WBGene00016800",27.4491205483032,-4.66983427545677,0.983606246981296,-4.74766634493077,2.05777132059653e-06,2.10049081715095e-05,"WBGene00016800","WBGene00016800",NA
"WBGene00016801",25.8703575439522,-1.20455073987534,0.466979791720715,-2.57944939209648,0.00989579572130591,0.0302416304051037,"WBGene00016801","WBGene00016801",NA
"WBGene00016807",12.3144960615505,-4.52081488505482,1.17624161724237,-3.84344068326167,0.000121321332675996,0.000702042837221865,"WBGene00016807","WBGene00016807",NA
"WBGene00016809",14.173695327751,1.66396343393739,0.615747915573532,2.70234521604107,0.00688522338953681,0.0224118647020382,"WBGene00016809","WBGene00016809",NA
"WBGene00016823",148.099539053351,1.75066925313202,0.603563821928275,2.90055366065341,0.00372504052389645,0.0133908461287857,"WBGene00016823","WBGene00016823",NA
"WBGene00016825",70.2857325929771,-5.18811757277554,0.971738513800701,-5.33900581184498,9.34576487519712e-08,1.42865259209831e-06,"WBGene00016825","WBGene00016825",NA
"WBGene00016826",12.5394691680027,-7.38918820986985,1.46516448145163,-5.04324825192931,4.5769481551643e-07,5.65257561224068e-06,"WBGene00016826","WBGene00016826",NA
"WBGene00016839",36.6249252276031,-5.77617363132494,1.18023872070493,-4.89407230079265,9.87705253287785e-07,1.10810605849626e-05,"WBGene00016839","WBGene00016839",NA
"WBGene00016843",16.6145550664657,-5.84960020714779,1.34269953585332,-4.35659658095451,1.32100418143535e-05,0.000103571655322301,"WBGene00016843","WBGene00016843",NA
"WBGene00016862",426.310039883029,-2.47796589034906,0.29270597365966,-8.4657168398971,2.54581990650161e-17,2.28851597003947e-15,"WBGene00016862","WBGene00016862",NA
"WBGene00016864",18.8330985240913,2.03628088820429,0.862987812685633,2.35957085172194,0.0182960867033919,0.0498299890375456,"WBGene00016864","WBGene00016864",NA
"WBGene00016871",120.662413031829,1.21109087827791,0.218632964840525,5.53937911037936,3.03545896597253e-08,5.18349044213206e-07,"WBGene00016871","WBGene00016871",NA
"WBGene00016880",24.4879432791067,4.05712633015289,0.959182804806472,4.22977383437505,2.33926372875091e-05,0.000171286354892606,"WBGene00016880","WBGene00016880",NA
"WBGene00016884",30.1877623604732,-1.55350629067142,0.412391947234375,-3.76706262353012,0.000165179577619383,0.000914019242320496,"WBGene00016884","WBGene00016884",NA
"WBGene00016886",24.309251999354,3.4209731756958,1.02032870616197,3.35281478903401,0.000799942172027844,0.00359320347730797,"WBGene00016886","WBGene00016886",NA
"WBGene00016890",42.2534620087041,-1.14220908203746,0.366590697362929,-3.11576122976916,0.00183470763483782,0.00731273737443862,"WBGene00016890","WBGene00016890",NA
"WBGene00016896",49.5462732334524,-1.11296353486298,0.373089420732013,-2.98310129694728,0.00285343537823381,0.0106960796908198,"WBGene00016896","WBGene00016896",NA
"WBGene00016898",374.786071508035,-1.65950728978191,0.642491343770514,-2.58292552245599,0.00979664688264662,0.0300050816579668,"WBGene00016898","WBGene00016898",NA
"WBGene00016912",48.5342146654096,-2.20708446754616,0.37182621285291,-5.9357957864559,2.92423602561025e-09,6.57171470346655e-08,"WBGene00016912","WBGene00016912",NA
"WBGene00016918",847.964320971672,-1.21860666581683,0.253316286209972,-4.81061318263103,1.5046796878467e-06,1.6130844895402e-05,"WBGene00016918","WBGene00016918",NA
"WBGene00016920",140.26846281429,-1.98473526126795,0.238781374823632,-8.31193497706388,9.41540156397306e-17,7.68996197450668e-15,"WBGene00016920","WBGene00016920",NA
"WBGene00016937",233.444675863703,1.08879063217246,0.310551651513027,3.50598886487259,0.000454914250937737,0.00221914313605907,"WBGene00016937","WBGene00016937",NA
"WBGene00016939",161.335557340092,1.2646348648053,0.404958240088528,3.12287722439933,0.0017909243928633,0.00716019086634829,"WBGene00016939","WBGene00016939",NA
"WBGene00016942",93.749336842379,-1.97394822986784,0.446644465024336,-4.41950675412552,9.8926429862151e-06,8.07052204349158e-05,"WBGene00016942","WBGene00016942",NA
"WBGene00016946",21.0999215964967,-8.14817204866368,1.41662523919082,-5.75181905788855,8.82882664863626e-09,1.72156097256423e-07,"WBGene00016946","WBGene00016946",NA
"WBGene00016953",44.0369993659562,-2.59023832511309,0.708646721434642,-3.6551898806068,0.000256991697314937,0.0013554178338459,"WBGene00016953","WBGene00016953",NA
"WBGene00016954",26.5598928003273,-8.56616739355956,1.46821496436297,-5.83440953912102,5.3981384758796e-09,1.11703279612343e-07,"WBGene00016954","WBGene00016954",NA
"WBGene00016963",16.8118715906917,-6.0114527063992,1.29704189295462,-4.63474058860604,3.57385365595747e-06,3.36281042163266e-05,"WBGene00016963","WBGene00016963",NA
"WBGene00016996",38.2671717445711,1.25932045524382,0.406401719528594,3.0987084816092,0.00194366165269926,0.00768060713354451,"WBGene00016996","WBGene00016996",NA
"WBGene00016997",254.699312196033,-1.87231668510614,0.28336770732158,-6.60737492921639,3.91194426226703e-11,1.33444914893992e-09,"WBGene00016997","WBGene00016997",NA
"WBGene00017026",31.1967100037419,-3.022998764438,0.680664236876848,-4.44124812302273,8.94385935059224e-06,7.41499893839994e-05,"WBGene00017026","WBGene00017026",NA
"WBGene00017028",92.1177000338053,2.09792861904357,0.392559269357306,5.34423406299456,9.08001758895846e-08,1.39399238881829e-06,"WBGene00017028","WBGene00017028",NA
"WBGene00017041",46.0179120700585,1.20428994331588,0.348598312881747,3.45466371698824,0.00055097958285161,0.00262068258825227,"WBGene00017041","WBGene00017041",NA
"WBGene00017046",304.008275462667,1.75546067557583,0.374142991085265,4.69195125233755,2.7061161542296e-06,2.63837095446137e-05,"WBGene00017046","WBGene00017046",NA
"WBGene00017056",9.89030934809264,-5.19225440833838,1.52732012324546,-3.39958488683118,0.000674882274409528,0.00310263504282257,"WBGene00017056","WBGene00017056",NA
"WBGene00017058",71.2635371198082,-4.71370980191518,0.809478272794998,-5.82314554983607,5.77502186096492e-09,1.18766025120535e-07,"WBGene00017058","WBGene00017058",NA
"WBGene00017059",86.4054177182224,-6.51262137471513,0.855828860583053,-7.60972394676929,2.74681975008532e-14,1.59594693853535e-12,"WBGene00017059","WBGene00017059",NA
"WBGene00017063",90.7677234377895,-1.50965018081731,0.40065016928663,-3.7680008559719,0.000164560138495748,0.000911297194699624,"WBGene00017063","WBGene00017063",NA
"WBGene00017071",311.66742926885,-1.01474861332192,0.329386406646831,-3.08072401545681,0.00206497953702624,0.00811000789909235,"WBGene00017071","WBGene00017071",NA
"WBGene00017083",55.3556037195153,2.67966216366825,0.592882057582905,4.51972214270213,6.19208451394186e-06,5.41636866326628e-05,"WBGene00017083","WBGene00017083",NA
"WBGene00017091",19.4297434968674,-1.76778589544403,0.49604247763167,-3.56377926318777,0.000365553393135952,0.00184689100321391,"WBGene00017091","WBGene00017091",NA
"WBGene00017093",61.0521830256849,1.82960927678709,0.401246857268087,4.5598096125764,5.12000182248734e-06,4.60832405848939e-05,"WBGene00017093","WBGene00017093",NA
"WBGene00017105",53.4280463210096,1.84630649940612,0.350659794141011,5.26523579336746,1.40009540076886e-07,2.05457531449582e-06,"WBGene00017105","WBGene00017105",NA
"WBGene00017108",258.767919641526,-1.11701248255081,0.224959402375629,-4.96539584811693,6.85610801568517e-07,8.09553722558207e-06,"WBGene00017108","WBGene00017108",NA
"WBGene00017112",220.726047906793,-5.86557829817776,1.098963722396,-5.33737208848844,9.43033858783432e-08,1.44004091277688e-06,"WBGene00017112","WBGene00017112",NA
"WBGene00017114",48.0177345451103,-5.76086064812898,1.61218241593937,-3.57333053082105,0.000352469389521918,0.00178900745185965,"WBGene00017114","WBGene00017114",NA
"WBGene00017116",16.72148465681,5.55293893422128,1.23081179739307,4.51160684840908,6.43383592305732e-06,5.58002529419043e-05,"WBGene00017116","WBGene00017116",NA
"WBGene00017133",82.1146482134012,3.75832407422911,0.450868507348056,8.33574315565979,7.70129340671559e-17,6.39968527105732e-15,"WBGene00017133","WBGene00017133",NA
"WBGene00017140",65.8964423411589,2.41962413547401,0.637611402206816,3.79482569963387,0.000147747214319218,0.000829093759958676,"WBGene00017140","WBGene00017140",NA
"WBGene00017143",236.553455764956,3.46762623069993,0.546359130497402,6.34678920354643,2.19855047411371e-10,6.42615172321211e-09,"WBGene00017143","WBGene00017143",NA
"WBGene00017154",24.5254974334384,6.32336746969304,1.2769786727811,4.95181916853908,7.35229102225531e-07,8.61363078533567e-06,"WBGene00017154","WBGene00017154",NA
"WBGene00017175",30.1533109159089,-6.12615129188697,1.08003517415929,-5.67217757204588,1.40993717040109e-08,2.60028799697326e-07,"WBGene00017175","WBGene00017175",NA
"WBGene00017179",19.5413571970426,-4.41943212539932,1.07702071352524,-4.10338637864622,4.07146448882519e-05,0.000273465422644636,"WBGene00017179","WBGene00017179",NA
"WBGene00017184",202.531487811502,2.65347960946078,0.521135821318514,5.09172369450112,3.54822925610959e-07,4.55658946608934e-06,"WBGene00017184","WBGene00017184",NA
"WBGene00017197",25.1015633378608,-1.40102225953086,0.494464124021883,-2.83341539146499,0.00460534976269655,0.0160273348327786,"WBGene00017197","WBGene00017197",NA
"WBGene00017208",41.8776988388763,4.88978246700353,0.883798230661142,5.53269094388844,3.15354843000949e-08,5.37230842790533e-07,"WBGene00017208","WBGene00017208",NA
"WBGene00017213",11.7017563891215,-5.42230820299365,1.51036070045458,-3.59007500748772,0.000330582819752054,0.0016893172122689,"WBGene00017213","WBGene00017213",NA
"WBGene00017215",46.7873785549827,-4.8022550682668,0.916997800835458,-5.23693193581442,1.63267868119514e-07,2.34767368111892e-06,"WBGene00017215","WBGene00017215",NA
"WBGene00017249",23.479340344517,4.22582570559073,0.986042837557273,4.28564109451814,1.82212957269665e-05,0.000137724473731111,"WBGene00017249","WBGene00017249",NA
"WBGene00017251",30.6071425316513,3.79522931820851,0.85947640183275,4.41574580769822,1.00662318712385e-05,8.19403127795274e-05,"WBGene00017251","WBGene00017251",NA
"WBGene00017252",22.1259138259094,4.6717409863055,0.923749764619233,5.05736636179948,4.25086115338527e-07,5.2878640961998e-06,"WBGene00017252","WBGene00017252",NA
"WBGene00017253",59.7373937033252,3.56577466314529,1.37292773335785,2.5972049194638,0.00939858350663838,0.0289542369712592,"WBGene00017253","WBGene00017253",NA
"WBGene00017254",14.6413495143494,4.48780009770054,1.01843651848919,4.4065585004336,1.05025952544686e-05,8.49539298087835e-05,"WBGene00017254","WBGene00017254",NA
"WBGene00017262",350.460166099639,-1.80629537646974,0.410903633164348,-4.39590996691744,1.10309652533619e-05,8.87257098290946e-05,"WBGene00017262","WBGene00017262",NA
"WBGene00017267",45.517640976811,-3.03207676638338,0.467937923363384,-6.47965598639624,9.19319815399104e-11,2.8942374716959e-09,"WBGene00017267","WBGene00017267",NA
"WBGene00017270",45.517640976811,-3.03207676638338,0.467937923363384,-6.47965598639624,9.19319815399104e-11,2.8942374716959e-09,"WBGene00017270","WBGene00017270",NA
"WBGene00017279",36.6018935612203,-4.95989125801888,1.0515137590942,-4.71690571342734,2.39458593042173e-06,2.39174120919062e-05,"WBGene00017279","WBGene00017279",NA
"WBGene00017306",19.2130122744191,-1.88417168630407,0.566274181267851,-3.32731342630796,0.000876876860895231,0.00388532033935825,"WBGene00017306","WBGene00017306",NA
"WBGene00017309",11.6030729557412,3.51489232385513,0.912852160367339,3.85045079198882,0.000117900617525394,0.000684465282814969,"WBGene00017309","WBGene00017309",NA
"WBGene00017312",112.863379034919,-2.85868505698745,0.434613828913424,-6.57752898506345,4.7833063542402e-11,1.60111938457038e-09,"WBGene00017312","WBGene00017312",NA
"WBGene00017326",12.5246968039934,6.04822337385389,1.32554284639117,4.56282751653058,5.04692759545784e-06,4.55690057623998e-05,"WBGene00017326","WBGene00017326",NA
"WBGene00017327",22.4547494738169,-1.72286184534263,0.626282235424432,-2.7509351980502,0.00594253976127109,0.0198682387854614,"WBGene00017327","WBGene00017327",NA
"WBGene00017343",24.1308347522598,4.47082638620975,1.12593955326267,3.97075169200203,7.1646221523149e-05,0.000445816040152533,"WBGene00017343","WBGene00017343",NA
"WBGene00017354",19.956305601267,-2.67065652998697,0.677403706483699,-3.94248880604735,8.06404151008282e-05,0.000494463085815589,"WBGene00017354","WBGene00017354",NA
"WBGene00017361",183.987941676364,-1.14855154597533,0.414097779111073,-2.77362401807825,0.00554357060636315,0.0186741114015434,"WBGene00017361","WBGene00017361",NA
"WBGene00017381",52.7481668011244,1.97749916897157,0.513815017428233,3.84865973530596,0.000118765841981212,0.000688649160015196,"WBGene00017381","WBGene00017381",NA
"WBGene00017384",37.1990020563965,-4.38341210694045,0.83243455323223,-5.26577385563857,1.39600045648094e-07,2.05067158524996e-06,"WBGene00017384","WBGene00017384",NA
"WBGene00017386",277.594786924687,-5.7940201075038,0.961225938832261,-6.02774006966835,1.6626816986734e-09,3.92805116018825e-08,"WBGene00017386","WBGene00017386",NA
"WBGene00017387",25.0693982710477,-5.70441861200549,1.16274272215436,-4.90600242281989,9.29513767561268e-07,1.05024033832041e-05,"WBGene00017387","WBGene00017387",NA
"WBGene00017393",10.0272057537578,-6.95694707860584,1.48773831451082,-4.67619003338859,2.92253799588822e-06,2.82509203003317e-05,"WBGene00017393","WBGene00017393",NA
"WBGene00017405",26.8660927226003,3.21546590176565,0.951743140269435,3.37850178868152,0.000728819583351363,0.00331330098754486,"WBGene00017405","WBGene00017405",NA
"WBGene00017408",11.1183710445505,3.89052045832619,1.22786865929023,3.16851515745592,0.00153219759354044,0.00626780200471481,"WBGene00017408","WBGene00017408",NA
"WBGene00017421",18.4121383734232,2.77210126470167,0.674363396266961,4.11069355194403,3.94472454695012e-05,0.000266078093202256,"WBGene00017421","WBGene00017421",NA
"WBGene00017423",503.569462104278,2.35715607428847,0.31645919032929,7.44853095223984,9.43852883309153e-14,5.01505176993968e-12,"WBGene00017423","WBGene00017423",NA
"WBGene00017428",71.3906276783092,-1.06804906461065,0.383601595256057,-2.78426648329686,0.00536489365243715,0.018136499841107,"WBGene00017428","WBGene00017428",NA
"WBGene00017430",219.797335484896,-1.51397931487878,0.467347917352063,-3.23951227483114,0.00119734312728277,0.00509485719507371,"WBGene00017430","WBGene00017430",NA
"WBGene00017434",23.1668002469884,-1.99063531909286,0.671816567256977,-2.96306375298337,0.00304593475701902,0.0112991293750513,"WBGene00017434","WBGene00017434",NA
"WBGene00017436",121.445225981324,1.02810717153417,0.355443196562056,2.89246546699531,0.00382231198790683,0.0137026097926141,"WBGene00017436","WBGene00017436",NA
"WBGene00017444",11.806331519757,-6.04571277675819,1.45156999854814,-4.16494745882396,3.11424275643407e-05,0.000216287034585579,"WBGene00017444","WBGene00017444",NA
"WBGene00017448",113.406312978078,-1.52598153646732,0.288453251186645,-5.29022131034996,1.22168443152047e-07,1.81512843864055e-06,"WBGene00017448","WBGene00017448",NA
"WBGene00017464",200.399751354191,-1.82461862217417,0.408445692286106,-4.4672245457202,7.92409435712239e-06,6.67407664386271e-05,"WBGene00017464","WBGene00017464",NA
"WBGene00017466",139.026823321719,-6.07852329991526,0.68391174038761,-8.88787681356403,6.22876830950146e-19,6.64386458564958e-17,"WBGene00017466","WBGene00017466",NA
"WBGene00017467",516.055329347804,-1.98065263274733,0.385424804942117,-5.13888210449969,2.76377722721773e-07,3.67808825964832e-06,"WBGene00017467","WBGene00017467",NA
"WBGene00017471",47.4276995048883,-2.93755518409538,0.578061091279989,-5.0817382944609,3.73996451554854e-07,4.75581074917574e-06,"WBGene00017471","WBGene00017471",NA
"WBGene00017472",264.383505224968,1.10092538348179,0.209129748047396,5.26431745727673,1.40711128627824e-07,2.06275298613075e-06,"WBGene00017472","WBGene00017472",NA
"WBGene00017473",10.7497348641373,2.15361007675172,0.828761630760775,2.59858805815464,0.00936080325088556,0.0288722401521164,"WBGene00017473","WBGene00017473",NA
"WBGene00017481",99.1320533783288,3.05740470124158,0.668130119393399,4.57606177673508,4.73810684116334e-06,4.30252611694712e-05,"WBGene00017481","WBGene00017481",NA
"WBGene00017485",182.89142622067,1.77139726333106,0.336310410525594,5.26714965666,1.38558248007133e-07,2.03746197403905e-06,"WBGene00017485","WBGene00017485",NA
"WBGene00017488",33.1940126253791,4.16349700379924,0.880656186588271,4.72772129147125,2.27053550752663e-06,2.28540591613226e-05,"WBGene00017488","WBGene00017488",NA
"WBGene00017489",11.7972357364158,1.65740134261825,0.701953776952827,2.36112604139409,0.0182195370567331,0.0496495411157075,"WBGene00017489","WBGene00017489",NA
"WBGene00017501",33.1906370023099,2.10336835623473,0.651815536489077,3.22693804993397,0.00125122546867768,0.00529732394070203,"WBGene00017501","WBGene00017501",NA
"WBGene00017504",44.0555570048343,-1.40401005965304,0.410183448984698,-3.42288325657289,0.000619606821485951,0.00289035257816537,"WBGene00017504","WBGene00017504",NA
"WBGene00017506",1230.55752495268,-1.19835980263056,0.298575786147366,-4.01358669466616,5.98030234606764e-05,0.00038176177504397,"WBGene00017506","WBGene00017506",NA
"WBGene00017515",63.3944812299284,-1.58866266233348,0.525434233873791,-3.02352332588036,0.00249849766905481,0.00955862611986092,"WBGene00017515","WBGene00017515",NA
"WBGene00017529",19.7654749978419,-2.35425162881004,0.5820040829673,-4.04507751355813,5.23058147591258e-05,0.000339512720414253,"WBGene00017529","WBGene00017529",NA
"WBGene00017542",366.683474224839,-5.94423979004796,1.27735289541406,-4.65356113521088,3.26250813124146e-06,3.10514800387557e-05,"WBGene00017542","WBGene00017542",NA
"WBGene00017550",16.0548144952698,-6.84738919278901,1.63168631589327,-4.19651076686293,2.71058581669569e-05,0.000192556675338129,"WBGene00017550","WBGene00017550",NA
"WBGene00017553",41.9263142309041,-7.15967171910238,1.31736319447631,-5.43485027448982,5.48424635564523e-08,8.96868800471822e-07,"WBGene00017553","WBGene00017553",NA
"WBGene00017554",10.7285739625542,-4.69370586812524,1.42459143516769,-3.29477333097454,0.000985010982772261,0.00430781283025293,"WBGene00017554","WBGene00017554",NA
"WBGene00017555",17.4731670667267,-4.43891228096782,0.979342319500537,-4.53254412944358,5.82774960999582e-06,5.14490581690366e-05,"WBGene00017555","WBGene00017555",NA
"WBGene00017559",28.9661024112297,-5.70528971837767,1.11758540839811,-5.10501450314688,3.3076914608527e-07,4.27844652035906e-06,"WBGene00017559","WBGene00017559",NA
"WBGene00017567",244.003856401032,-1.21461783991882,0.370880813730807,-3.27495463488822,0.00105678942553525,0.00456887212921213,"WBGene00017567","WBGene00017567",NA
"WBGene00017569",205.306533172135,-1.2467991908968,0.299929700771212,-4.15697140926989,3.22494331597323e-05,0.000223324199686072,"WBGene00017569","WBGene00017569",NA
"WBGene00017571",149.52848661432,1.27363831587262,0.389545256722802,3.2695515961036,0.00107718090298732,0.00464578957344533,"WBGene00017571","WBGene00017571",NA
"WBGene00017583",110.074961876965,1.39820473809205,0.313679367455572,4.45743291767535,8.2946981840689e-06,6.93890828972036e-05,"WBGene00017583","WBGene00017583",NA
"WBGene00017592",85.3934240459181,-1.94488010196231,0.48040254410985,-4.04843838944697,5.15605026237846e-05,0.000335284014559487,"WBGene00017592","WBGene00017592",NA
"WBGene00017598",14.2316649530826,2.90677585254431,1.07280798697011,2.70950243459111,0.00673842106061202,0.0220394169838278,"WBGene00017598","WBGene00017598",NA
"WBGene00017600",68.0345607697061,-1.1985781359819,0.332682835570163,-3.60276518001819,0.000314849934317195,0.00162109153861515,"WBGene00017600","WBGene00017600",NA
"WBGene00017601",30.6484525687429,3.11583237691949,1.03618905406113,3.00701147605026,0.00263829802725004,0.0100050925188339,"WBGene00017601","WBGene00017601",NA
"WBGene00017625",47.0119338337978,-1.48981477037607,0.357081599170958,-4.17219698196433,3.01676653269124e-05,0.000210437501472699,"WBGene00017625","WBGene00017625",NA
"WBGene00017635",205.949337984051,-2.20339529470865,0.425264852381701,-5.18123066688562,2.20426698669616e-07,3.02356890987027e-06,"WBGene00017635","WBGene00017635",NA
"WBGene00017636",54.603797006164,-4.11543284521129,0.808448453604802,-5.09053215064106,3.57060021944215e-07,4.57299184018698e-06,"WBGene00017636","WBGene00017636",NA
"WBGene00017637",22.3312412355064,-1.78301773920154,0.506198658143571,-3.52236757351465,0.000427710666633699,0.00210875079620402,"WBGene00017637","WBGene00017637",NA
"WBGene00017647",43.774953981365,-4.12501604392577,0.757879682312613,-5.44283761683463,5.24384454988438e-08,8.59521446691485e-07,"WBGene00017647","WBGene00017647",NA
"WBGene00017653",39.1344623002378,-1.1549052818685,0.382027477725123,-3.02309480131029,0.00250203848763843,0.00956705085709366,"WBGene00017653","WBGene00017653",NA
"WBGene00017654",45.1215647009317,-2.0454586986442,0.485236030828267,-4.21538914814864,2.49347848766802e-05,0.000179996404162824,"WBGene00017654","WBGene00017654",NA
"WBGene00017667",179.471320261752,-1.5026356871962,0.314661697538908,-4.77540068889509,1.79349784663656e-06,1.87660795914907e-05,"WBGene00017667","WBGene00017667",NA
"WBGene00017672",21.3993107733113,-7.30058112601955,1.51572796771374,-4.81655104446706,1.46060813553424e-06,1.56965955497676e-05,"WBGene00017672","WBGene00017672",NA
"WBGene00017673",19.8141707794412,-4.70107264417165,1.26868927666512,-3.70545627730765,0.000211010529051142,0.00113982369301889,"WBGene00017673","WBGene00017673",NA
"WBGene00017681",35.8011158569256,-1.99399340696026,0.617796038472581,-3.2275917661922,0.00124836992337805,0.00528680038958294,"WBGene00017681","WBGene00017681",NA
"WBGene00017690",70.7256130458323,-1.16460172952821,0.439633783019111,-2.64902692766354,0.00807238994725911,0.025531902968837,"WBGene00017690","WBGene00017690",NA
"WBGene00017698",232.606254640242,-1.75276079721832,0.322062613190262,-5.44229825329914,5.25975142482198e-08,8.61141204066214e-07,"WBGene00017698","WBGene00017698",NA
"WBGene00017700",11.0354856561001,-3.33104825447511,1.10538379890358,-3.01347663841205,0.00258272925184343,0.00982564524796332,"WBGene00017700","WBGene00017700",NA
"WBGene00017713",34.1559725378566,2.9880393074791,0.866712124471904,3.44755683359079,0.000565681378325396,0.00267813313693438,"WBGene00017713","WBGene00017713",NA
"WBGene00017729",10.9043103001571,3.21160566445314,0.902614469185632,3.55811453737359,0.000373526439299243,0.00187721990045854,"WBGene00017729","WBGene00017729",NA
"WBGene00017736",31.7943585061888,-2.60745190246936,0.638356876355091,-4.08463039884127,4.41470293991821e-05,0.000293758608567276,"WBGene00017736","WBGene00017736",NA
"WBGene00017737",18.5214819007743,-3.17099307596958,0.714858237295408,-4.4358348418376,9.17161474134756e-06,7.59061317302146e-05,"WBGene00017737","WBGene00017737",NA
"WBGene00017747",170.709597031175,-2.1534530219614,0.421396936794405,-5.11027213045937,3.21695104004166e-07,4.19142034779539e-06,"WBGene00017747","WBGene00017747",NA
"WBGene00017755",188.504538425941,6.17514159250338,1.20294999578134,5.13333190420148,2.84657269395394e-07,3.77071951016531e-06,"WBGene00017755","WBGene00017755",NA
"WBGene00017756",866.541727558593,-1.26142270053556,0.396316498946953,-3.1828669860762,0.00145824587952418,0.00601174166600495,"WBGene00017756","WBGene00017756",NA
"WBGene00017766",234.843346976187,1.4373788699126,0.318462151285763,4.5134998432602,6.37664967795784e-06,5.54924652310309e-05,"WBGene00017766","WBGene00017766",NA
"WBGene00017785",47.0359113095881,-2.85358335809718,0.502829056714134,-5.67505660222713,1.38642805507045e-08,2.563546725889e-07,"WBGene00017785","WBGene00017785",NA
"WBGene00017786",115.99172018953,-1.55366080441575,0.267919895133,-5.79897511397756,6.67214319745271e-09,1.3412790818733e-07,"WBGene00017786","WBGene00017786",NA
"WBGene00017802",23.6134600147666,-4.42667722525284,0.964209276860041,-4.59099215438827,4.4114392134749e-06,4.05223012070673e-05,"WBGene00017802","WBGene00017802",NA
"WBGene00017806",48.7874583240043,-4.88269780770166,0.702909258679049,-6.94641270891428,3.74691589832478e-12,1.56592599224433e-10,"WBGene00017806","WBGene00017806",NA
"WBGene00017808",41.1462376113274,-5.25906779317569,0.811936357700025,-6.47719213864627,9.34451714324809e-11,2.92897332299221e-09,"WBGene00017808","WBGene00017808",NA
"WBGene00017841",40.7351069637629,-3.15535910466647,0.834155403300748,-3.78269935335878,0.000155136754206357,0.000865483851628205,"WBGene00017841","WBGene00017841",NA
"WBGene00017851",413.453590683336,-5.7123689642442,1.01101957452338,-5.65010718703159,1.60347821353072e-08,2.90475463954304e-07,"WBGene00017851","WBGene00017851",NA
"WBGene00017853",18.4742754386124,-4.59359387368403,1.0402796156709,-4.41572996767942,1.00669690926223e-05,8.19403127795274e-05,"WBGene00017853","WBGene00017853",NA
"WBGene00017865",46.8295488026452,-2.1369424762648,0.489358716256194,-4.36682213941815,1.26067302350631e-05,9.94964081997554e-05,"WBGene00017865","WBGene00017865",NA
"WBGene00017866",26.628249450562,-1.27730322987483,0.484257192971108,-2.63765463562466,0.00834815543418656,0.0262761915042564,"WBGene00017866","WBGene00017866",NA
"WBGene00017901",22.3023482468303,-2.33188232805715,0.782257925454603,-2.98096350599707,0.00287343033014315,0.0107484793794127,"WBGene00017901","WBGene00017901",NA
"WBGene00017902",14.1915888642925,-4.50973072036196,1.05614427537819,-4.26999494813064,1.95477395104721e-05,0.00014635717172508,"WBGene00017902","WBGene00017902",NA
"WBGene00017909",60.7411313254847,-1.74482316999351,0.462911267106594,-3.76923893190038,0.000163746081323263,0.00090762119030082,"WBGene00017909","WBGene00017909",NA
"WBGene00017910",10.0817979818727,-4.08485849995293,1.29811301781958,-3.14676645552341,0.001650867656055,0.00668059213136868,"WBGene00017910","WBGene00017910",NA
"WBGene00017911",17.5944163852736,3.23189183777846,0.984639945016319,3.2823082733302,0.00102960976268869,0.00447301286872629,"WBGene00017911","WBGene00017911",NA
"WBGene00017912",13.2347040534488,3.76088474209186,0.832726755682797,4.51634911022897,6.29149102651789e-06,5.48988285970819e-05,"WBGene00017912","WBGene00017912",NA
"WBGene00017922",23.7273048678516,-5.89856873835522,1.26714184626362,-4.65501850147884,3.23951616047361e-06,3.08888622292523e-05,"WBGene00017922","WBGene00017922",NA
"WBGene00017923",513.506572661222,-1.08806128697386,0.252910600494012,-4.30215769860392,1.691428545903e-05,0.000129005273247554,"WBGene00017923","WBGene00017923",NA
"WBGene00017936",29.5273821985147,-1.19102032043477,0.498549194170417,-2.38897251136194,0.0168955664538969,0.0467185783179626,"WBGene00017936","WBGene00017936",NA
"WBGene00017939",164.526680556006,1.08151499923417,0.316746784591464,3.41444665532782,0.000639117074283963,0.00296973353145016,"WBGene00017939","WBGene00017939",NA
"WBGene00017955",59.6656679175065,-5.02871001236822,1.02027192835815,-4.92879385641879,8.27388173013792e-07,9.49385414617043e-06,"WBGene00017955","WBGene00017955",NA
"WBGene00017968",644.13292811617,-1.85633964708036,0.426979231770683,-4.34761109898042,1.3762836027048e-05,0.000107610621080195,"WBGene00017968","WBGene00017968",NA
"WBGene00017969",353.234295442559,-1.37014782917141,0.29737392630665,-4.60749147105294,4.07555915632196e-06,3.7752408957427e-05,"WBGene00017969","WBGene00017969",NA
"WBGene00017975",119.018034703547,-5.93909701823188,1.44100751765138,-4.12148926739238,3.76431011220731e-05,0.000255840629737419,"WBGene00017975","WBGene00017975",NA
"WBGene00017978",90.2058150679704,-5.69700519549325,0.737519055716269,-7.72455321843907,1.12246338930501e-14,6.91524535488644e-13,"WBGene00017978","WBGene00017978",NA
"WBGene00017979",456.063785574543,-1.29308651867598,0.25066374353025,-5.15864999247461,2.48736799358568e-07,3.36666200116668e-06,"WBGene00017979","WBGene00017979",NA
"WBGene00017990",514.689703765749,1.35724738749304,0.311464765184613,4.35762737620922,1.31479981624129e-05,0.000103198428190757,"WBGene00017990","WBGene00017990",NA
"WBGene00017991",10.1180947682362,-2.50388411071223,0.980979265073404,-2.55243326730751,0.0106973399721436,0.0321550116134276,"WBGene00017991","WBGene00017991",NA
"WBGene00018001",14.3361570066646,-6.70555637145326,1.48289697894246,-4.52193002391534,6.12783191044782e-06,5.37331911018593e-05,"WBGene00018001","WBGene00018001",NA
"WBGene00018004",20.0659546732062,-5.17472014610588,1.08987948166514,-4.74797464596715,2.05463785071269e-06,2.09913786992398e-05,"WBGene00018004","WBGene00018004",NA
"WBGene00018021",33.0550755167333,3.44916943063949,1.00890489966663,3.41872601845743,0.000629150417814542,0.0029300902319398,"WBGene00018021","WBGene00018021",NA
"WBGene00018031",41.9114444945632,-3.95106867431474,1.61951200401856,-2.4396661861788,0.0147008392113038,0.0416159823424769,"WBGene00018031","WBGene00018031",NA
"WBGene00018041",51.5346665190155,2.27595238897254,0.653278399528863,3.4838935293344,0.000494176032833554,0.00238301553214912,"WBGene00018041","WBGene00018041",NA
"WBGene00018050",12.6823640185733,-1.73244321125383,0.706636720794068,-2.45167447469619,0.0142193232915173,0.0404934823282839,"WBGene00018050","WBGene00018050",NA
"WBGene00018068",40.7583493602464,-2.48095977689234,0.513548342195495,-4.83101506332563,1.358387257254e-06,1.46975238969957e-05,"WBGene00018068","WBGene00018068",NA
"WBGene00018081",19.3512069147242,-6.87820603441429,1.38469236884963,-4.96731706561549,6.78855458784125e-07,8.03884098790514e-06,"WBGene00018081","WBGene00018081",NA
"WBGene00018082",12.1346048825056,-3.98828367724635,1.12994703426313,-3.52962002316085,0.000416156892564909,0.00206174366219419,"WBGene00018082","WBGene00018082",NA
"WBGene00018083",36.0147564387971,-5.92598661371636,0.956773486210114,-6.19371951577572,5.87607547987926e-10,1.57869824875779e-08,"WBGene00018083","WBGene00018083",NA
"WBGene00018084",18.0169539780193,-2.60348578922025,0.615997279891677,-4.22645663253265,2.37399999387301e-05,0.000173296787221684,"WBGene00018084","WBGene00018084",NA
"WBGene00018100",143.465881032201,-1.06123032723744,0.212651698106701,-4.99046251069648,6.02348906569648e-07,7.20449616870291e-06,"WBGene00018100","WBGene00018100",NA
"WBGene00018101",266.747542184412,-1.35255400788908,0.317985990393497,-4.25350187980087,2.10453170950303e-05,0.000156341329126439,"WBGene00018101","WBGene00018101",NA
"WBGene00018103",40.8310202205285,5.12117870964364,0.824808147398498,6.20893322380022,5.33454829330897e-10,1.45231807154791e-08,"WBGene00018103","WBGene00018103",NA
"WBGene00018104",13.7584919196616,3.98082029184335,1.09129407541392,3.64779795064265,0.000264497504087426,0.00138783510496387,"WBGene00018104","WBGene00018104",NA
"WBGene00018106",9.81684025902485,6.51663707861382,1.35601700338536,4.80571929580876,1.54196117291873e-06,1.64594854701474e-05,"WBGene00018106","WBGene00018106",NA
"WBGene00018109",10.8468725922076,4.73889433061397,1.45929203432986,3.24739272135489,0.00116467561507148,0.00497510716264693,"WBGene00018109","WBGene00018109",NA
"WBGene00018119",57.2860247656804,-6.38403455528788,1.05204519922247,-6.06821319084589,1.29341142211664e-09,3.13334397564629e-08,"WBGene00018119","WBGene00018119",NA
"WBGene00018120",24.465352410346,-4.47061218700486,0.937024537379084,-4.77107269731638,1.83247382584392e-06,1.90973256170589e-05,"WBGene00018120","WBGene00018120",NA
"WBGene00018121",44.8468867315347,-7.38865958631063,1.29201321298544,-5.71871828557985,1.07330570868366e-08,2.05640194292433e-07,"WBGene00018121","WBGene00018121",NA
"WBGene00018122",51.3672150446041,-6.53438281088254,1.13237971012414,-5.77048736608516,7.90425915859235e-09,1.56043613472045e-07,"WBGene00018122","WBGene00018122",NA
"WBGene00018123",54.0263783329471,-5.40771047030341,1.00798794570782,-5.36485628953237,8.10136952655281e-08,1.26411435199803e-06,"WBGene00018123","WBGene00018123",NA
"WBGene00018124",55.9852317657999,-7.27529131339744,1.24776720939326,-5.83064794348551,5.52125625243728e-09,1.13710829417991e-07,"WBGene00018124","WBGene00018124",NA
"WBGene00018134",72.7772706208329,-4.94940771185368,0.820576404929511,-6.03162323717905,1.62320867604179e-09,3.84114596136844e-08,"WBGene00018134","WBGene00018134",NA
"WBGene00018135",40.8959948373439,-4.45719504269067,0.921367464644824,-4.83758675417182,1.31425027726421e-06,1.42523362768872e-05,"WBGene00018135","WBGene00018135",NA
"WBGene00018138",2556.69813714766,1.54383620156073,0.179950997505216,8.57920335515775,9.55324541009279e-18,9.28874398955485e-16,"WBGene00018138","WBGene00018138",NA
"WBGene00018140",113.392216170692,1.10352035550608,0.406688391166195,2.71342969082961,0.00665906975285514,0.0218298357746694,"WBGene00018140","WBGene00018140",NA
"WBGene00018145",3509.03723343318,-1.01477026622524,0.248359935141142,-4.08588553402767,4.39090230872491e-05,0.000292714679502891,"WBGene00018145","WBGene00018145",NA
"WBGene00018158",46.133291328482,-4.62810758566081,1.54691275717294,-2.99183490743131,0.00277306182850683,0.0104551233750589,"WBGene00018158","WBGene00018158",NA
"WBGene00018163",13.4923171576579,-7.56715573562737,1.424763915704,-5.31116464434623,1.08926864660691e-07,1.63583587354011e-06,"WBGene00018163","WBGene00018163",NA
"WBGene00018178",16.7167631738487,-6.07493414562471,1.2989183489476,-4.67691764501341,2.91219143788109e-06,2.81814165346204e-05,"WBGene00018178","WBGene00018178",NA
"WBGene00018194",30.1621778267308,1.98843368582607,0.577433143751183,3.44357387057589,0.000574079741555762,0.00270981563608207,"WBGene00018194","WBGene00018194",NA
"WBGene00018196",21.200559019022,-3.73459911458739,1.19581027574918,-3.12306993034297,0.00178975218140814,0.00715750641546351,"WBGene00018196","WBGene00018196",NA
"WBGene00018204",37.4014699750411,4.06308125440651,0.700250409762584,5.8023261361376,6.54011951164873e-09,1.32030972005643e-07,"WBGene00018204","WBGene00018204",NA
"WBGene00018215",51.2051941008965,3.57680627266782,0.446974651035344,8.0022575427549,1.2215854546659e-15,8.68662731519385e-14,"WBGene00018215","WBGene00018215",NA
"WBGene00018217",178.403815824108,-1.07026504938344,0.253869523738037,-4.2158075283106,2.48885968837247e-05,0.000179844648765964,"WBGene00018217","WBGene00018217",NA
"WBGene00018222",11.5257918068356,-2.03648194450463,0.692731230110753,-2.93978653767211,0.00328438431774906,0.01205229911517,"WBGene00018222","WBGene00018222",NA
"WBGene00018232",24.4404038444194,-3.38566344535612,0.782531897416164,-4.32655008254004,1.51462893890947e-05,0.000116829959114048,"WBGene00018232","WBGene00018232",NA
"WBGene00018235",15.8667695400525,-3.11271697048492,1.08308439752369,-2.87393759673916,0.00405389052823918,0.0143777313449436,"WBGene00018235","WBGene00018235",NA
"WBGene00018236",15.0499208731204,4.60561463574537,1.01367438414625,4.54348527276279,5.53316728111841e-06,4.92744921800781e-05,"WBGene00018236","WBGene00018236",NA
"WBGene00018250",47.8528829064162,-1.80626280625467,0.4830903365489,-3.73897523837519,0.000184771923875531,0.00101224419622575,"WBGene00018250","WBGene00018250",NA
"WBGene00018252",30.7459093101438,2.10534428089155,0.544579453671904,3.86600020749216,0.000110634843315959,0.000647279498778145,"WBGene00018252","WBGene00018252",NA
"WBGene00018253",47.7658368764813,-5.55558816645044,0.856374301151109,-6.48733638898646,8.73671304187092e-11,2.76882127511e-09,"WBGene00018253","WBGene00018253",NA
"WBGene00018260",68.5551314235954,-1.1259018577086,0.332411136865899,-3.38707622230723,0.000706417585803228,0.0032270287046883,"WBGene00018260","WBGene00018260",NA
"WBGene00018266",30.3731753571333,-1.18167181208218,0.431625809875337,-2.73772277988537,0.00618662018826378,0.0205544775339038,"WBGene00018266","WBGene00018266",NA
"WBGene00018282",33.2077117009683,-3.02082660885948,0.908757605030863,-3.32412800964333,0.00088695473294461,0.00391877712456795,"WBGene00018282","WBGene00018282",NA
"WBGene00018301",28.1774803025148,-8.49009480190947,1.47512096617588,-5.75552445974601,8.63732140060159e-09,1.69114020244929e-07,"WBGene00018301","WBGene00018301",NA
"WBGene00018314",180.190686042156,-5.57070603357065,1.06517720459947,-5.22983970133434,1.69657083020374e-07,2.42473298152707e-06,"WBGene00018314","WBGene00018314",NA
"WBGene00018318",10.7532436205257,-2.50683029172871,0.968182532903736,-2.58921247443942,0.0096195719071844,0.0295408841431893,"WBGene00018318","WBGene00018318",NA
"WBGene00018336",44.1601587958891,-4.9158137307166,1.59005620067861,-3.09159747222683,0.00199082609316649,0.00785178734813154,"WBGene00018336","WBGene00018336",NA
"WBGene00018347",29.7147617750964,-6.71257682379736,1.23680975057766,-5.42733174658607,5.7202747443266e-08,9.28035038827016e-07,"WBGene00018347","WBGene00018347",NA
"WBGene00018350",323.778803859728,-1.12345430644997,0.410079475769141,-2.73960140127187,0.00615137362382404,0.020472627614909,"WBGene00018350","WBGene00018350",NA
"WBGene00018352",10.1260482776266,2.82876782072044,0.98658746641858,2.86722456650414,0.00414089070036108,0.0146354477695996,"WBGene00018352","WBGene00018352",NA
"WBGene00018355",114.594343979934,2.96403398931405,0.567786989426561,5.22032741945635,1.78607078701351e-07,2.52505536684313e-06,"WBGene00018355","WBGene00018355",NA
"WBGene00018359",37.6502447949994,-5.12332217932349,0.882160783094951,-5.80769659851456,6.33381582300791e-09,1.28775575474043e-07,"WBGene00018359","WBGene00018359",NA
"WBGene00018360",24.691531586164,-5.89659627715687,1.14710775818535,-5.14040310082541,2.74149678408219e-07,3.66207603129783e-06,"WBGene00018360","WBGene00018360",NA
"WBGene00018369",43.6167442959793,-1.07500940017239,0.439124869848436,-2.44807223180831,0.0143622859666457,0.0407868375365124,"WBGene00018369","WBGene00018369",NA
"WBGene00018373",117.589357334183,-1.1483786241092,0.45570379747074,-2.52001109159713,0.0117351136397478,0.0347195154735905,"WBGene00018373","WBGene00018373",NA
"WBGene00018376",138.855445700636,-1.31265425592983,0.404098285837509,-3.24835393253228,0.00116074788144804,0.00496129469782801,"WBGene00018376","WBGene00018376",NA
"WBGene00018380",75.0334592183938,-5.37827973512557,1.00708964460971,-5.34041806894945,9.27324801550637e-08,1.42145742971405e-06,"WBGene00018380","WBGene00018380",NA
"WBGene00018386",133.868121084554,1.17356310719821,0.349910284178245,3.35389715667914,0.00079681972439578,0.00358030315020084,"WBGene00018386","WBGene00018386",NA
"WBGene00018394",13.246120009718,-3.71959818107995,0.935583193186649,-3.97570008543098,7.01725159966718e-05,0.000437789511628298,"WBGene00018394","WBGene00018394",NA
"WBGene00018424",331.014708633391,1.07513490976831,0.315348948907742,3.40934990743493,0.000651178991729843,0.00301499881075304,"WBGene00018424","WBGene00018424",NA
"WBGene00018430",19.2279322068234,-1.75369199842189,0.471788125738252,-3.71711771184941,0.000201508570607774,0.00109387086961523,"WBGene00018430","WBGene00018430",NA
"WBGene00018436",18.9486772326168,2.70045812249051,1.02340710215509,2.63869394379216,0.00832260797999649,0.0262188749962728,"WBGene00018436","WBGene00018436",NA
"WBGene00018437",65.5639521532229,4.52681370794663,0.785651041768399,5.76186305023838,8.3190489216095e-09,1.63294464892615e-07,"WBGene00018437","WBGene00018437",NA
"WBGene00018438",263.860252651591,2.19556269180399,0.554025473995141,3.96292732890337,7.40363234304591e-05,0.000458691448110773,"WBGene00018438","WBGene00018438",NA
"WBGene00018442",13.0081068993229,4.00787533043837,1.05577187696098,3.79615655417436,0.000146956714842252,0.000826299105129938,"WBGene00018442","WBGene00018442",NA
"WBGene00018444",18.8778980260727,5.0872558430856,1.0896207798717,4.66883152107711,3.02917659133427e-06,2.91163557632419e-05,"WBGene00018444","WBGene00018444",NA
"WBGene00018452",19.9050490073846,5.67721387523768,1.19161488771992,4.76430257270505,1.89507959960948e-06,1.9604904406569e-05,"WBGene00018452","WBGene00018452",NA
"WBGene00018456",32.8617612190497,4.42247424265875,0.781824043030007,5.65661069403696,1.54391418354329e-08,2.81207707468665e-07,"WBGene00018456","WBGene00018456",NA
"WBGene00018458",20.3677625453536,5.04511113225713,1.19123148690336,4.23520632868093,2.2834194460959e-05,0.000167712816767979,"WBGene00018458","WBGene00018458",NA
"WBGene00018459",165.458379862226,-1.61247220132935,0.466856985119074,-3.45388899111809,0.000552564774963939,0.00262734808002647,"WBGene00018459","WBGene00018459",NA
"WBGene00018462",63.6773820640712,-2.50659135029758,0.562204987098354,-4.45850073873334,8.25349126589463e-06,6.91483884310855e-05,"WBGene00018462","WBGene00018462",NA
"WBGene00018465",263.200035948452,-2.22556412426651,0.326018531649915,-6.82649576084946,8.70138651510509e-12,3.44609857413262e-10,"WBGene00018465","WBGene00018465",NA
"WBGene00018470",50.9639196314881,-2.74897041321203,0.745801517304144,-3.68592762206862,0.000227871110676996,0.00122166608586133,"WBGene00018470","WBGene00018470",NA
"WBGene00018471",19.4234792704044,-2.33088192271358,0.717204440687614,-3.24995467189086,0.00115423404415483,0.00493492886422526,"WBGene00018471","WBGene00018471",NA
"WBGene00018487",15.4428150426373,-2.55569516445767,0.862702957739761,-2.96242772964806,0.00305223452540136,0.0113195609941779,"WBGene00018487","WBGene00018487",NA
"WBGene00018489",112.919289539713,4.65011226606139,0.742201799867103,6.26529370704036,3.72123343574344e-10,1.04699979324963e-08,"WBGene00018489","WBGene00018489",NA
"WBGene00018497",34.6365754772253,-5.8859367957224,1.12675587605816,-5.22379063716422,1.75296972690807e-07,2.49057617362793e-06,"WBGene00018497","WBGene00018497",NA
"WBGene00018500",13.2111333578366,-6.48380915488483,1.62405771168289,-3.99235144677595,6.54213167460627e-05,0.000411942190238762,"WBGene00018500","WBGene00018500",NA
"WBGene00018515",20.7609489045898,-2.34985753248882,0.845210259176151,-2.78020469697006,0.00543246432015875,0.0183430693427897,"WBGene00018515","WBGene00018515",NA
"WBGene00018520",356.487374426141,1.61388363484071,0.253492981904762,6.3665811286525,1.93288084032346e-10,5.70798881213702e-09,"WBGene00018520","WBGene00018520",NA
"WBGene00018522",1267.437645494,-1.15201171745017,0.33401644228441,-3.44896709147403,0.000562735278709939,0.00266683532446988,"WBGene00018522","WBGene00018522",NA
"WBGene00018523",94.6841752549143,-1.10224842309093,0.314068367966206,-3.50958114702442,0.000448813085074236,0.00219312322221062,"WBGene00018523","WBGene00018523",NA
"WBGene00018525",21.2441131193001,-5.72689243394763,1.17423062968452,-4.87714448011484,1.07632600301702e-06,1.19440431375173e-05,"WBGene00018525","WBGene00018525",NA
"WBGene00018528",45.0491993976512,-9.28007930481732,1.39860921571606,-6.63521961712949,3.24019734303938e-11,1.13510148588387e-09,"WBGene00018528","WBGene00018528",NA
"WBGene00018530",21.2441131193001,-5.72689243394763,1.17423062968452,-4.87714448011484,1.07632600301702e-06,1.19440431375173e-05,"WBGene00018530","WBGene00018530",NA
"WBGene00018531",85.404807699283,-5.31796378562971,0.928918537501758,-5.72489790109248,1.0349596397075e-08,1.99631283810247e-07,"WBGene00018531","WBGene00018531",NA
"WBGene00018547",49.3794528967411,4.64932157114779,0.764053407866824,6.08507405801424,1.16437476735254e-09,2.86444209118241e-08,"WBGene00018547","WBGene00018547",NA
"WBGene00018548",94.4798402971183,-5.82928408093298,1.41571852043747,-4.11754455195774,3.82930518741203e-05,0.000260010731798955,"WBGene00018548","WBGene00018548",NA
"WBGene00018561",55.6896036512982,3.24089418237083,0.594417668052246,5.45221711358346,4.97456678902371e-08,8.17258426615125e-07,"WBGene00018561","WBGene00018561",NA
"WBGene00018563",75.6327072116763,-5.29195600247422,0.760507878584669,-6.95844994048283,3.44036943327127e-12,1.45914540978475e-10,"WBGene00018563","WBGene00018563",NA
"WBGene00018575",29.9725038752819,-4.45210715609274,1.13322561914361,-3.92870323515741,8.54051556703321e-05,0.00051900335459016,"WBGene00018575","WBGene00018575",NA
"WBGene00018576",44.0404302607419,-1.19493863738925,0.375512498191388,-3.18215410444267,0.00146184013744499,0.00602134901570639,"WBGene00018576","WBGene00018576",NA
"WBGene00018579",38.7381920326607,-1.16669803133974,0.444112579694325,-2.62703216410297,0.00861331920208421,0.0269564640585482,"WBGene00018579","WBGene00018579",NA
"WBGene00018594",38.9347443323728,-1.58601234806447,0.5216120067414,-3.04059785351293,0.00236108954805088,0.00911343583858795,"WBGene00018594","WBGene00018594",NA
"WBGene00018606",116.206055511964,5.44013004371931,0.711597827416498,7.64495032744837,2.0902600565256e-14,1.2244297945869e-12,"WBGene00018606","WBGene00018606",NA
"WBGene00018616",11.6582382749994,-5.09484227503879,1.59073004140451,-3.20283275126958,0.00136082987086865,0.00567065345315614,"WBGene00018616","WBGene00018616",NA
"WBGene00018621",10.7445389220986,-1.77732093971812,0.741115228896369,-2.39817085173761,0.0164771777245324,0.0458009142778572,"WBGene00018621","WBGene00018621",NA
"WBGene00018645",16.1784873012858,-5.48468771783077,1.39083672164387,-3.94344471387574,8.03195141408289e-05,0.000492706787817539,"WBGene00018645","WBGene00018645",NA
"WBGene00018702",248.508633224135,-2.35069154641913,0.322418545976979,-7.29080747912983,3.08102777102159e-13,1.5290670115004e-11,"WBGene00018702","WBGene00018702",NA
"WBGene00018707",45.242930436869,1.4089827061225,0.538530386848169,2.61634763893043,0.00888760190642379,0.0276574121594851,"WBGene00018707","WBGene00018707",NA
"WBGene00018708",14.0665514480015,3.4736441312267,1.05568400455773,3.29042034948892,0.00100037818832591,0.00436290436456244,"WBGene00018708","WBGene00018708",NA
"WBGene00018714",55.1243287393999,1.08749659680701,0.368252693608485,2.95312598029004,0.0031457355489801,0.0116166284468406,"WBGene00018714","WBGene00018714",NA
"WBGene00018719",93.9811007205444,1.06448812490847,0.254024886212946,4.19048755725501,2.78355679807444e-05,0.000196665236356292,"WBGene00018719","WBGene00018719",NA
"WBGene00018725",30.398261714265,1.49533403913358,0.58910536595088,2.53831339105178,0.0111388188668725,0.0332999661293053,"WBGene00018725","WBGene00018725",NA
"WBGene00018731",352.26665272579,-1.15024782462291,0.411406376379758,-2.79589206843295,0.00517566818866298,0.0176384896090987,"WBGene00018731","WBGene00018731",NA
"WBGene00018732",19.9805062352594,-1.34159381575051,0.545685860332526,-2.45854604869729,0.0139500885049582,0.0399096507208501,"WBGene00018732","WBGene00018732",NA
"WBGene00018735",216.272166461403,1.24179683796848,0.402865596597698,3.08240973777798,0.00205331991371939,0.00807153507337493,"WBGene00018735","WBGene00018735",NA
"WBGene00018740",281.990826755211,1.17457833911215,0.371213992588185,3.16415426833113,0.00155534329972664,0.00634613810533626,"WBGene00018740","WBGene00018740",NA
"WBGene00018743",333.545879917305,4.08568036089384,0.442382242705582,9.23563372685593,2.56761538709532e-20,3.13666040408149e-18,"WBGene00018743","WBGene00018743",NA
"WBGene00018744",31.0965186938976,-4.08962689608752,0.944644025567856,-4.32927831584932,1.49598775701245e-05,0.000115579205464751,"WBGene00018744","WBGene00018744",NA
"WBGene00018745",17.990648399828,-7.8830807050067,1.45395698565073,-5.42181149979383,5.89980781062242e-08,9.53913495896224e-07,"WBGene00018745","WBGene00018745",NA
"WBGene00018746",52.4365351210876,3.49236113552998,0.701475116181156,4.97859589737476,6.40472078006535e-07,7.62855617578951e-06,"WBGene00018746","WBGene00018746",NA
"WBGene00018754",14.3971790900336,3.37925317671823,0.940817590710631,3.59182609900583,0.000328368950391939,0.00168040723521374,"WBGene00018754","WBGene00018754",NA
"WBGene00018766",20.3109046998344,6.86796777465783,1.29202722506592,5.31565251986653,1.06275787295395e-07,1.60063206302748e-06,"WBGene00018766","WBGene00018766",NA
"WBGene00018773",33.4222327349117,-4.46416104265399,0.787582903375929,-5.66817921455458,1.44322967501984e-08,2.65825795683744e-07,"WBGene00018773","WBGene00018773",NA
"WBGene00018783",21.3715234169724,-3.03415896490697,0.885786905528777,-3.42538249997691,0.000613934424477791,0.00286669870273148,"WBGene00018783","WBGene00018783",NA
"WBGene00018786",119.298528625396,1.44856337214631,0.396019954915612,3.65780399236444,0.000254385461684665,0.00134464918781764,"WBGene00018786","WBGene00018786",NA
"WBGene00018789",56.4614662600236,-2.28985562976893,0.481021053177404,-4.76040625382858,1.93203661051933e-06,1.99239533002546e-05,"WBGene00018789","WBGene00018789",NA
"WBGene00018792",24.7826987771367,-7.3422576505225,1.39610817579433,-5.25908935841958,1.4477053165541e-07,2.10928155856348e-06,"WBGene00018792","WBGene00018792",NA
"WBGene00018803",52.5832376400021,-1.73160177338276,0.499776329703644,-3.46475347163713,0.000530717745254808,0.00253867092802107,"WBGene00018803","WBGene00018803",NA
"WBGene00018828",34.858058042617,3.33485455366854,0.831582358520919,4.01025168403046,6.06540593310563e-05,0.000386503999116713,"WBGene00018828","WBGene00018828",NA
"WBGene00018839",10.49775699392,-4.18900077197779,1.13169566129247,-3.70152587418572,0.000214306797426274,0.00115631825428982,"WBGene00018839","WBGene00018839",NA
"WBGene00018840",16.0667582709361,-4.46715423026105,1.01559988086473,-4.39853756821781,1.08982763353897e-05,8.77572189643524e-05,"WBGene00018840","WBGene00018840",NA
"WBGene00018841",19.4422392930656,-6.191064569234,1.4297667262492,-4.33012214899938,1.49026653687099e-05,0.000115261794434508,"WBGene00018841","WBGene00018841",NA
"WBGene00018869",381.358102647753,-1.33159295498794,0.260097812136904,-5.11958537462457,3.06208125719844e-07,4.00057837377855e-06,"WBGene00018869","WBGene00018869",NA
"WBGene00018878",153.449566946621,2.49484257619808,0.287875852968335,8.66638361805393,4.46062235754847e-18,4.48983629270707e-16,"WBGene00018878","WBGene00018878",NA
"WBGene00018895",35.4774675731769,-4.85627504538785,1.05301278830017,-4.61179113809922,3.99214017201635e-06,3.70758021303637e-05,"WBGene00018895","WBGene00018895",NA
"WBGene00018903",50.9070588913252,-1.19275663740169,0.370750009470109,-3.21714526482797,0.00129473026065264,0.00543961775882073,"WBGene00018903","WBGene00018903",NA
"WBGene00018910",296.968810207135,3.11013568929326,0.294630281523364,10.5560625785392,4.762205429511e-26,9.67924082171495e-24,"WBGene00018910","WBGene00018910",NA
"WBGene00018918",10.7814150805596,6.35602451597689,1.84416158490914,3.44656594519078,0.000567759978960922,0.00268530555237871,"WBGene00018918","WBGene00018918",NA
"WBGene00018926",59.819185381432,-5.73464475553671,1.6945475928563,-3.38417450162641,0.000713926132643054,0.00325491107300388,"WBGene00018926","WBGene00018926",NA
"WBGene00018930",73.2313889861292,-5.38642367936187,1.29990741675964,-4.14369793564909,3.41749832060126e-05,0.000234837997578624,"WBGene00018930","WBGene00018930",NA
"WBGene00018949",12.5336637995212,-4.7910445537615,1.06692512317436,-4.49051620371164,7.1050769378308e-06,6.07737071648208e-05,"WBGene00018949","WBGene00018949",NA
"WBGene00018958",98.6080973893229,-1.07401038392585,0.263499965790601,-4.07594126512845,4.58285864258418e-05,0.00030325369712248,"WBGene00018958","WBGene00018958",NA
"WBGene00018965",10.8911871606385,2.64931225827252,0.69723642881708,3.79973298694002,0.00014485207425479,0.000816392230805881,"WBGene00018965","WBGene00018965",NA
"WBGene00018966",247.586948775065,-2.33719927168005,0.315661315560955,-7.40413587748837,1.3200720772382e-13,6.8860548175057e-12,"WBGene00018966","WBGene00018966",NA
"WBGene00018971",12.4859903521822,7.16318645721547,1.33290747597097,5.37410629496046,7.69634481757627e-08,1.21016343759755e-06,"WBGene00018971","WBGene00018971",NA
"WBGene00018980",13.0395499942145,-5.53423628173415,1.45756875360967,-3.79689552758909,0.000146519501537466,0.000824164988380562,"WBGene00018980","WBGene00018980",NA
"WBGene00018990",112.327070011994,-2.29690735126178,0.535986872973275,-4.28537986111519,1.82427211502296e-05,0.000137813537737966,"WBGene00018990","WBGene00018990",NA
"WBGene00018999",19.4093556147749,-2.96831419286254,0.883114623987493,-3.36118790498546,0.000776080082322791,0.00350253003367214,"WBGene00018999","WBGene00018999",NA
"WBGene00019015",48.9629790398247,-5.87058390545896,1.0804351625339,-5.43353651290923,5.52479721533653e-08,9.00409653350115e-07,"WBGene00019015","WBGene00019015",NA
"WBGene00019017",4631.29795510628,-1.61411168872089,0.376386632547092,-4.28844052669416,1.79931962066145e-05,0.000136360950891379,"WBGene00019017","WBGene00019017",NA
"WBGene00019020",23.6601441322602,-4.8742207460124,0.87461415570911,-5.57299549086366,2.50396054314812e-08,4.3171421041274e-07,"WBGene00019020","WBGene00019020",NA
"WBGene00019024",31.9367014687906,-4.26898685181728,0.879027956089439,-4.8564858742478,1.19487301068595e-06,1.3066809442796e-05,"WBGene00019024","WBGene00019024",NA
"WBGene00019026",75.7432323867339,-6.49459796551807,1.44408607450671,-4.49737593912924,6.87972799301254e-06,5.91292556849839e-05,"WBGene00019026","WBGene00019026",NA
"WBGene00019035",38.8097398942556,3.96629868062397,1.02144586312576,3.88302388193787,0.000103165431088111,0.000610829953000151,"WBGene00019035","WBGene00019035",NA
"WBGene00019037",39.1115886463669,3.17756546611638,0.973994546641664,3.26240580819743,0.0011047087780651,0.00475018127704104,"WBGene00019037","WBGene00019037",NA
"WBGene00019039",23.5109877878111,6.62525956174813,1.51051511988381,4.38609284643093,1.15404876383578e-05,9.23045270369606e-05,"WBGene00019039","WBGene00019039",NA
"WBGene00019040",11.0078847069906,5.7575834139172,1.35178070829613,4.25925845707211,2.05106203018626e-05,0.000153085272049359,"WBGene00019040","WBGene00019040",NA
"WBGene00019041",13.3974605321943,4.10338534351117,1.01221408597092,4.05387101442597,5.03770003067418e-05,0.000328334913535914,"WBGene00019041","WBGene00019041",NA
"WBGene00019042",25.4988099481109,3.19161863163593,0.963355169169832,3.31302382940063,0.000922931160620557,0.00406015853454897,"WBGene00019042","WBGene00019042",NA
"WBGene00019043",23.7100301206864,5.33674293290473,1.1101551262938,4.80720469284431,1.53055260224621e-06,1.63621453581937e-05,"WBGene00019043","WBGene00019043",NA
"WBGene00019045",11.30795267561,4.58338706128855,1.20486446861135,3.80406857426138,0.000142338748756397,0.000804103813864341,"WBGene00019045","WBGene00019045",NA
"WBGene00019063",22.3306949828203,-4.92218686568865,1.18323171047094,-4.15995178470122,3.18314784465924e-05,0.000220643705837607,"WBGene00019063","WBGene00019063",NA
"WBGene00019068",206.970708505308,-1.21399240087522,0.308880169508478,-3.93030217124996,8.48391729986592e-05,0.000516222349795588,"WBGene00019068","WBGene00019068",NA
"WBGene00019081",22.0242142317134,-6.42006877857987,1.39800524767034,-4.59230663781727,4.38373616884383e-06,4.03716115085598e-05,"WBGene00019081","WBGene00019081",NA
"WBGene00019082",78.1260665931025,1.4623307669574,0.516100989695094,2.83341980766464,0.00460528613074048,0.0160273348327786,"WBGene00019082","WBGene00019082",NA
"WBGene00019084",10.5550254175392,-6.2785785567822,1.59712414358306,-3.93117753682977,8.45308191162582e-05,0.000514784404613838,"WBGene00019084","WBGene00019084",NA
"WBGene00019086",45.7272967222166,-4.63427202161689,0.966654681535229,-4.79413394476795,1.63379090602174e-06,1.72976099405694e-05,"WBGene00019086","WBGene00019086",NA
"WBGene00019090",26.1853806306215,1.49701529061701,0.529559568598554,2.82690631873345,0.00470000754314593,0.0162696071238035,"WBGene00019090","WBGene00019090",NA
"WBGene00019097",737.382946583879,-1.01306093848209,0.210236886756738,-4.81866409891376,1.44522631256576e-06,1.55546834981193e-05,"WBGene00019097","WBGene00019097",NA
"WBGene00019100",113.584888370622,1.60338799119604,0.367348841186383,4.36475581634548,1.27264838535672e-05,0.000100220183867238,"WBGene00019100","WBGene00019100",NA
"WBGene00019102",262.89504809814,1.04913027601705,0.158710675913878,6.61033210258861,3.83458798766292e-11,1.31119057673842e-09,"WBGene00019102","WBGene00019102",NA
"WBGene00019111",78.2765886959052,-2.32565558279499,0.539082167828334,-4.31410223076711,1.60252782822912e-05,0.000122683075784032,"WBGene00019111","WBGene00019111",NA
"WBGene00019117",39.0701159639327,-1.29210081795824,0.430001685073175,-3.00487384773471,0.00265691021764622,0.0100649927751968,"WBGene00019117","WBGene00019117",NA
"WBGene00019143",54.6212200611649,1.70895524639732,0.335652399024657,5.09144356293362,3.55347646635452e-07,4.55923152007228e-06,"WBGene00019143","WBGene00019143",NA
"WBGene00019151",63.3721153811493,-4.85476399246182,0.946727422967794,-5.12794271580635,2.92925537301978e-07,3.85523453467512e-06,"WBGene00019151","WBGene00019151",NA
"WBGene00019164",388.984180584709,-1.32850370414548,0.334586813830306,-3.97057997874137,7.16978821722711e-05,0.000445943355042763,"WBGene00019164","WBGene00019164",NA
"WBGene00019165",29.9501167450321,-4.76685063847234,0.951804235742537,-5.00822591397016,5.49340331146329e-07,6.67096121756541e-06,"WBGene00019165","WBGene00019165",NA
"WBGene00019166",129.851983087629,-1.72898720825058,0.396796888168738,-4.35736080549939,1.31640163714471e-05,0.00010326744566251,"WBGene00019166","WBGene00019166",NA
"WBGene00019169",11.6246511898832,-7.40412721368757,1.92690468985085,-3.8424978945174,0.000121788459218983,0.000704175747417852,"WBGene00019169","WBGene00019169",NA
"WBGene00019187",34.5642093370531,1.01246117618547,0.416187645156604,2.4327035844721,0.0149865638969895,0.04232423587822,"WBGene00019187","WBGene00019187",NA
"WBGene00019204",76.0327820932538,-1.49133837704359,0.576102163583363,-2.58866998132319,0.00963473820584607,0.0295767425206525,"WBGene00019204","WBGene00019204",NA
"WBGene00019212",14.8225702334622,1.89085672358641,0.586676971520844,3.22299462118776,0.00126857935834401,0.00535809833593702,"WBGene00019212","WBGene00019212",NA
"WBGene00019213",127.743954568021,2.89966984213952,0.490604392034913,5.9104033498607,3.41271042454913e-09,7.50428770739704e-08,"WBGene00019213","WBGene00019213",NA
"WBGene00019216",16.7785111260761,-7.0243037696961,1.4848360295481,-4.73069324148466,2.23754418110899e-06,2.2585606624711e-05,"WBGene00019216","WBGene00019216",NA
"WBGene00019232",93.1272084420929,-2.8633590116613,0.418054892137843,-6.8492417276083,7.42424547236965e-12,2.98075113866796e-10,"WBGene00019232","WBGene00019232",NA
"WBGene00019234",89.5806442440207,-1.68996038865808,0.521143103940809,-3.24279526271929,0.00118363233517615,0.0050455284720169,"WBGene00019234","WBGene00019234",NA
"WBGene00019239",14.418582523652,3.13237318361925,0.82993764610006,3.77422713421727,0.000160504477580161,0.000892295020635254,"WBGene00019239","WBGene00019239",NA
"WBGene00019243",16.4881010534704,2.28055959528362,0.762610326219624,2.99046513910807,0.00278552922473694,0.0104888576178773,"WBGene00019243","WBGene00019243",NA
"WBGene00019248",33.3872468580742,-5.93436392028363,1.05748378888731,-5.61177767701556,2.00258621230423e-08,3.51202021257231e-07,"WBGene00019248","WBGene00019248",NA
"WBGene00019250",334.323743799361,1.21652477729831,0.252897329000589,4.81035043788652,1.50665905935505e-06,1.6130844895402e-05,"WBGene00019250","WBGene00019250",NA
"WBGene00019255",35.6238094658633,-3.9176853767046,0.803968570233707,-4.87293349734525,1.09953243573291e-06,1.21543829110058e-05,"WBGene00019255","WBGene00019255",NA
"WBGene00019257",10.0970248573628,-3.76631012153604,1.42500411956637,-2.64301700593127,0.00821709080472053,0.0259379149452011,"WBGene00019257","WBGene00019257",NA
"WBGene00019260",27.8983720400365,-4.40786600700269,0.996281256656996,-4.42431891350963,9.67470153122981e-06,7.92892826753829e-05,"WBGene00019260","WBGene00019260",NA
"WBGene00019273",24.5778606495845,-2.94643538417929,0.931175426512144,-3.16421084608687,0.00155504095912566,0.00634613810533626,"WBGene00019273","WBGene00019273",NA
"WBGene00019278",17.2620737831931,2.38756420294623,0.58725338396084,4.06564571300187,4.78996553278231e-05,0.000314917099172298,"WBGene00019278","WBGene00019278",NA
"WBGene00019282",93.7249459220398,1.12626193993404,0.357357656239591,3.15163791867646,0.00162357466666395,0.00658506036056407,"WBGene00019282","WBGene00019282",NA
"WBGene00019310",14.5738932041992,6.3811376802643,1.35535794092851,4.70808299975194,2.50057287825374e-06,2.473404024144e-05,"WBGene00019310","WBGene00019310",NA
"WBGene00019311",29.8526709150181,2.71510685321984,0.534637694560729,5.07840520943934,3.80616247158545e-07,4.82710560837363e-06,"WBGene00019311","WBGene00019311",NA
"WBGene00019313",72.2344971900679,3.90407022455925,0.868251514396455,4.49647384407164,6.90896741122328e-06,5.93092319571257e-05,"WBGene00019313","WBGene00019313",NA
"WBGene00019318",20.3225622379741,2.22604367093296,0.691804626264235,3.2177345834671,0.00129207321201907,0.00543324578387424,"WBGene00019318","WBGene00019318",NA
"WBGene00019320",36.9203566299802,-1.29763720586564,0.366055733194611,-3.54491703911044,0.000392736675905655,0.00196135056209627,"WBGene00019320","WBGene00019320",NA
"WBGene00019337",56.2400663161519,-4.58313124368561,0.817820913311767,-5.60407684504694,2.093678114937e-08,3.65830578200421e-07,"WBGene00019337","WBGene00019337",NA
"WBGene00019343",34.5311997286449,-1.53851694120974,0.491861875335172,-3.12794509670289,0.00176033060694501,0.00706356130406093,"WBGene00019343","WBGene00019343",NA
"WBGene00019346",18.3979360793171,-1.79092293379861,0.718997794911496,-2.49086012011909,0.0127434279489939,0.0370960928054928,"WBGene00019346","WBGene00019346",NA
"WBGene00019361",190.27854807949,-1.35440721941149,0.379161941731676,-3.57210750959274,0.000354119972053408,0.001794199489741,"WBGene00019361","WBGene00019361",NA
"WBGene00019373",91.5519350902797,-1.1758550897171,0.30985197716032,-3.79489296951848,0.000147707161546562,0.000829093759958676,"WBGene00019373","WBGene00019373",NA
"WBGene00019404",16.289246679611,2.7790241421196,0.692457963492704,4.01327486812689,5.98821143539095e-05,0.00038209600913412,"WBGene00019404","WBGene00019404",NA
"WBGene00019406",174.248241160252,-6.0510545689595,1.20657919497519,-5.01504964958717,5.30197727036938e-07,6.46596937929945e-06,"WBGene00019406","WBGene00019406",NA
"WBGene00019407",103.779389793678,1.38072062479019,0.32715027461982,4.22044770219042,2.43817617245786e-05,0.000176987567460336,"WBGene00019407","WBGene00019407",NA
"WBGene00019410",80.6557569495547,-6.95316758498162,1.05479962908898,-6.59193214827633,4.34139013644433e-11,1.4704144364976e-09,"WBGene00019410","WBGene00019410",NA
"WBGene00019411",50.7481025932897,-2.37032454019418,0.619593920669459,-3.82560974393211,0.000130448804636047,0.000746100346003609,"WBGene00019411","WBGene00019411",NA
"WBGene00019412",15.2682818631106,3.10862352912037,0.989685123193859,3.1410227922679,0.00168358929627914,0.0067976106812762,"WBGene00019412","WBGene00019412",NA
"WBGene00019413",15.5418946568831,3.77655685514156,1.1522936748413,3.27742565770977,0.00104758312925716,0.00454005629668664,"WBGene00019413","WBGene00019413",NA
"WBGene00019414",18.6062997922232,3.56656314243753,0.760097971518191,4.69224136372027,2.7022804807027e-06,2.63642968673609e-05,"WBGene00019414","WBGene00019414",NA
"WBGene00019415",51.7064112994608,3.29447365005239,0.895903307436649,3.67726474799888,0.000235748326289399,0.00125588923878285,"WBGene00019415","WBGene00019415",NA
"WBGene00019416",16.994460652811,4.71498089465046,1.2369681640342,3.81172372235773,0.000138001072731542,0.000784274088489836,"WBGene00019416","WBGene00019416",NA
"WBGene00019417",12.1398895211747,3.56377001107817,1.00657741511127,3.54048278609968,0.000399395688571716,0.00198835338793296,"WBGene00019417","WBGene00019417",NA
"WBGene00019418",36.44613314523,4.27314683327922,0.995635294519477,4.29187962379494,1.77166991948688e-05,0.000134550893513421,"WBGene00019418","WBGene00019418",NA
"WBGene00019420",16.9687218449565,3.80483416692066,0.976042615167029,3.89822545429488,9.6900179445683e-05,0.000578527261828382,"WBGene00019420","WBGene00019420",NA
"WBGene00019425",12.5865340550039,-6.64683536807877,1.5997096745199,-4.155026048757,3.25250485463188e-05,0.000224905911404226,"WBGene00019425","WBGene00019425",NA
"WBGene00019426",47.5992547798113,1.91797506277278,0.447503273920429,4.28594643782162,1.81962829538381e-05,0.000137608186380533,"WBGene00019426","WBGene00019426",NA
"WBGene00019430",280.198968773105,-5.37194793827577,1.09949924313111,-4.88581322073286,1.03002811600045e-06,1.15107051305664e-05,"WBGene00019430","WBGene00019430",NA
"WBGene00019431",17.5557147293915,-4.57889064889311,0.9454651034406,-4.84300333479287,1.27891141405494e-06,1.39325311288774e-05,"WBGene00019431","WBGene00019431",NA
"WBGene00019435",67.7601774157666,-1.52506404555591,0.49951648701562,-3.05308049923929,0.0022650516814572,0.00878783487596846,"WBGene00019435","WBGene00019435",NA
"WBGene00019459",14.9697259605887,-4.49940322199417,1.11205091476106,-4.04604066438892,5.20911880302339e-05,0.000338426977507333,"WBGene00019459","WBGene00019459",NA
"WBGene00019461",41.1145172676166,-4.86142543515967,1.01091721271492,-4.80892537392239,1.51743837829074e-06,1.62340918719382e-05,"WBGene00019461","WBGene00019461",NA
"WBGene00019480",42.5214438199815,-1.16178364320255,0.320861006734683,-3.6208315090254,0.000293657716785889,0.0015246094246352,"WBGene00019480","WBGene00019480",NA
"WBGene00019489",367.421170327819,-1.61211972760239,0.499761565954176,-3.22577772567289,0.00125630882301119,0.00531412311550721,"WBGene00019489","WBGene00019489",NA
"WBGene00019491",95.2124358509085,2.20058585429524,0.329058913899622,6.68751327297738,2.2699462981814e-11,8.23460468017939e-10,"WBGene00019491","WBGene00019491",NA
"WBGene00019495",27.9384110224541,-2.72772174884722,1.03405509801759,-2.63788820738526,0.00834240785370363,0.0262696707320965,"WBGene00019495","WBGene00019495",NA
"WBGene00019501",11.2109276252038,-3.864564148078,1.08183018885532,-3.57224653914222,0.000353931975038254,0.00179388287915665,"WBGene00019501","WBGene00019501",NA
"WBGene00019512",31.5004181682728,-4.95981451585747,0.855675182143465,-5.79637532951831,6.77635164761461e-09,1.35650411903859e-07,"WBGene00019512","WBGene00019512",NA
"WBGene00019514",15.265840251412,7.51241832909189,1.32613468871418,5.66489843982283,1.4711164286685e-08,2.69572655319985e-07,"WBGene00019514","WBGene00019514",NA
"WBGene00019516",24.7246940665864,1.40807230816795,0.43716872057482,3.22088988049401,0.00127793240370824,0.00538963937627675,"WBGene00019516","WBGene00019516",NA
"WBGene00019518",18.1884162033618,-2.54444947289964,1.0601847030743,-2.40000583438085,0.0163948105345845,0.045625199955377,"WBGene00019518","WBGene00019518",NA
"WBGene00019519",36.947467131983,-1.36850658503353,0.386192163839338,-3.54358972856542,0.000394718967406045,0.0019686305168815,"WBGene00019519","WBGene00019519",NA
"WBGene00019530",17.0712185701603,-4.99150588485559,1.18231526732326,-4.22180616525089,2.42352481385866e-05,0.000176171483749791,"WBGene00019530","WBGene00019530",NA
"WBGene00019531",33.386330327778,-4.18547604858154,0.797956033222177,-5.24524644757735,1.56073562099907e-07,2.25101859040764e-06,"WBGene00019531","WBGene00019531",NA
"WBGene00019540",10825.9966167657,-1.58204387765483,0.331740745125955,-4.76891639299284,1.85219504625468e-06,1.92533991244495e-05,"WBGene00019540","WBGene00019540",NA
"WBGene00019556",17.0260903246138,-5.73576732445234,1.37501341611618,-4.17142644371674,3.02698771280328e-05,0.000210691006978864,"WBGene00019556","WBGene00019556",NA
"WBGene00019561",81.6255788011418,-5.47571679078064,0.864638392910607,-6.33295587574812,2.40508361580169e-10,6.95867613778413e-09,"WBGene00019561","WBGene00019561",NA
"WBGene00019564",91.3366599661437,1.28810165068179,0.498446811153967,2.58423089857806,0.00975964320292173,0.029902375198148,"WBGene00019564","WBGene00019564",NA
"WBGene00019572",370.627342098214,-1.84407848620661,0.312131703639414,-5.90801403607803,3.4625652388961e-09,7.60221888779445e-08,"WBGene00019572","WBGene00019572",NA
"WBGene00019576",42.3760616613274,1.95347666812994,0.541689054748695,3.60626941047611,0.000310630637271485,0.00160225322934729,"WBGene00019576","WBGene00019576",NA
"WBGene00019577",13.609181419142,1.62092604269198,0.646521968312526,2.50714766417408,0.0121709854330956,0.0358237015640928,"WBGene00019577","WBGene00019577",NA
"WBGene00019578",95.7149968231271,1.08488764330714,0.332122358778681,3.2665299839993,0.00108874277517946,0.00468999411863773,"WBGene00019578","WBGene00019578",NA
"WBGene00019586",69.5094056259631,-4.61664795765459,0.720548726661359,-6.40712804954314,1.48286275451249e-10,4.44330342772475e-09,"WBGene00019586","WBGene00019586",NA
"WBGene00019591",41.8298156300575,5.67646283247183,0.961170546173677,5.90578108647758,3.50979789537379e-09,7.65367891187054e-08,"WBGene00019591","WBGene00019591",NA
"WBGene00019624",272.613983266772,1.08021757065144,0.174243058947637,6.19948695331423,5.66475127568301e-10,1.53436292960334e-08,"WBGene00019624","WBGene00019624",NA
"WBGene00019626",19.2660844067731,-6.91770476314343,1.45590256928726,-4.75148880775037,2.01924338086866e-06,2.06741014632921e-05,"WBGene00019626","WBGene00019626",NA
"WBGene00019642",33.2822431635761,-4.96142721959897,1.16930787195188,-4.24304611181402,2.20506104502252e-05,0.000162867694738088,"WBGene00019642","WBGene00019642",NA
"WBGene00019643",19.3285089685536,-1.78008637093012,0.4735882144115,-3.75872185320769,0.000170783566525653,0.000942110967329662,"WBGene00019643","WBGene00019643",NA
"WBGene00019645",333.931893507818,-1.389439726099,0.290357548633501,-4.78527158201352,1.70756282318297e-06,1.79986691974588e-05,"WBGene00019645","WBGene00019645",NA
"WBGene00019652",49.1279944763944,-3.31284033145109,0.702564696975995,-4.71535268667831,2.41292419417408e-06,2.40837468626607e-05,"WBGene00019652","WBGene00019652",NA
"WBGene00019654",32.6871544474503,-1.271487995806,0.470661437428614,-2.70149176179077,0.00690291904254269,0.0224541242319214,"WBGene00019654","WBGene00019654",NA
"WBGene00019660",129.922326673933,7.29772002940328,0.635654506051708,11.4806391835908,1.65055759786303e-30,4.9148791138034e-28,"WBGene00019660","WBGene00019660",NA
"WBGene00019661",15.0714883891473,2.53372036711386,0.58433786765385,4.3360536897718,1.45063525637146e-05,0.000112623192391728,"WBGene00019661","WBGene00019661",NA
"WBGene00019663",197.116021432817,-1.41660744063859,0.381865148651441,-3.70970601962851,0.000207500048692485,0.00112298303519943,"WBGene00019663","WBGene00019663",NA
"WBGene00019687",33.4495163500712,3.78010630418453,0.801853449578878,4.71421093987909,2.42649194826482e-06,2.42022675621417e-05,"WBGene00019687","WBGene00019687",NA
"WBGene00019690",14.8501403572328,2.08416100383698,0.867789453403055,2.40168971363261,0.0163195444460254,0.0454511396662201,"WBGene00019690","WBGene00019690",NA
"WBGene00019700",67.5005670489844,4.42303303509023,0.728556587647072,6.07095332069502,1.27153147508393e-09,3.08556865422321e-08,"WBGene00019700","WBGene00019700",NA
"WBGene00019703",64.10277233484,4.11602697541564,1.32969185157832,3.09547431649671,0.00196498389823226,0.00776057332341356,"WBGene00019703","WBGene00019703",NA
"WBGene00019704",33.4923247075333,4.14269438203597,0.954255623477201,4.34128369811482,1.41652683612638e-05,0.00011039486406082,"WBGene00019704","WBGene00019704",NA
"WBGene00019705",43.4148239910135,4.93343643085215,0.684507239325625,7.20728159969873,5.70798845626219e-13,2.74694542105574e-11,"WBGene00019705","WBGene00019705",NA
"WBGene00019717",62.9057534968473,-1.81622204170374,0.514454986659289,-3.53038086674545,0.000414961846000635,0.00205653594482908,"WBGene00019717","WBGene00019717",NA
"WBGene00019728",11.7988865007983,-2.64892320668245,0.860765426614096,-3.07740427854107,0.00208811890359355,0.00817684479152399,"WBGene00019728","WBGene00019728",NA
"WBGene00019729",191.333698532568,1.43774171905073,0.339512592647522,4.23472280612394,2.28833799978716e-05,0.000167987750544211,"WBGene00019729","WBGene00019729",NA
"WBGene00019738",49.1358463011301,4.34993935063964,0.713464654244434,6.0969234071536,1.08129295344539e-09,2.69167799863783e-08,"WBGene00019738","WBGene00019738",NA
"WBGene00019746",46.0527784414152,-1.06019689512249,0.435641755900377,-2.43364388459802,0.0149476931981108,0.0422228021503156,"WBGene00019746","WBGene00019746",NA
"WBGene00019751",52.0997848639053,4.45110405632853,0.771201205768671,5.77165080012034,7.84986628569803e-09,1.5539908424028e-07,"WBGene00019751","WBGene00019751",NA
"WBGene00019761",14.3631128636196,-2.95685388243035,0.974397346739756,-3.03454631965462,0.00240897760589675,0.00927573192917087,"WBGene00019761","WBGene00019761",NA
"WBGene00019780",879.225147070101,-2.00803652068547,0.418537738498561,-4.79774303719658,1.60463450501642e-06,1.70015129578945e-05,"WBGene00019780","WBGene00019780",NA
"WBGene00019782",112.872262989525,-2.02579093189673,0.476040942500422,-4.25549727142417,2.08584908420755e-05,0.000155195424052985,"WBGene00019782","WBGene00019782",NA
"WBGene00019783",39.8703963875828,-5.40033759302558,0.893008887037848,-6.04735033593983,1.47247342454409e-09,3.51353299783117e-08,"WBGene00019783","WBGene00019783",NA
"WBGene00019785",115.74570819371,-5.23303452090434,1.15331225837287,-4.53739608064797,5.69530792905021e-06,5.04355862638876e-05,"WBGene00019785","WBGene00019785",NA
"WBGene00019787",198.319333116038,1.26359437303144,0.258920184257966,4.88024669321454,1.05953221940651e-06,1.18035027373166e-05,"WBGene00019787","WBGene00019787",NA
"WBGene00019788",67.5172812977519,4.62387201309266,0.885807847486714,5.2199492544708,1.78972162825199e-07,2.52522124704894e-06,"WBGene00019788","WBGene00019788",NA
"WBGene00019791",67.5172812977519,4.62387201309266,0.885807847486714,5.2199492544708,1.78972162825199e-07,2.52522124704894e-06,"WBGene00019791","WBGene00019791",NA
"WBGene00019797",13.5215422112412,2.8746084814058,0.96047715092929,2.99289626892689,0.00276343656837228,0.010424333299484,"WBGene00019797","WBGene00019797",NA
"WBGene00019803",62.9948272945531,-1.16010802269624,0.402725677469843,-2.88064081233835,0.00396867630819149,0.0141386566483004,"WBGene00019803","WBGene00019803",NA
"WBGene00019810",16.8297212279499,-3.7828559089194,1.00497047148657,-3.7641463269301,0.000167119008536826,0.000923678263347585,"WBGene00019810","WBGene00019810",NA
"WBGene00019814",33.6153598551848,3.43721981594572,1.02095001150908,3.36668767050124,0.000760767977726915,0.0034441623728203,"WBGene00019814","WBGene00019814",NA
"WBGene00019815",21.2751438504831,3.00950685650478,0.774569641844831,3.88539221513625,0.000102164813345044,0.000605406997156184,"WBGene00019815","WBGene00019815",NA
"WBGene00019817",21.4676427768865,2.5929841362733,0.649839464455712,3.99019185214476,6.60198714664969e-05,0.000414961311728514,"WBGene00019817","WBGene00019817",NA
"WBGene00019832",35.2157509572831,1.18518253573761,0.462515375539104,2.56247164617214,0.0103930073397767,0.0314652094699064,"WBGene00019832","WBGene00019832",NA
"WBGene00019843",45.9724263668547,1.91267473664964,0.453771564847684,4.21506080331777,2.49710903159945e-05,0.000180167488080015,"WBGene00019843","WBGene00019843",NA
"WBGene00019855",39.5808434380238,3.52055420104139,0.724169236470279,4.86150753683097,1.16495144322486e-06,1.2798348176797e-05,"WBGene00019855","WBGene00019855",NA
"WBGene00019858",18.9099460495512,-1.65618653976537,0.59454911381021,-2.78561770810081,0.00534258388363505,0.0180780188089005,"WBGene00019858","WBGene00019858",NA
"WBGene00019862",550.946562122567,1.72428716976019,0.331154983956111,5.20688877806145,1.92033113930989e-07,2.68552645783154e-06,"WBGene00019862","WBGene00019862",NA
"WBGene00019864",163.421194280004,1.11628471506297,0.32563035352563,3.42807328302429,0.000607881343512628,0.00284587227082411,"WBGene00019864","WBGene00019864",NA
"WBGene00019869",103.430139551276,-1.15560285680123,0.402758993012564,-2.86921676945692,0.00411489681689106,0.0145579752979762,"WBGene00019869","WBGene00019869",NA
"WBGene00019872",53.6786402109471,1.39118025417493,0.309867935308126,4.48959087293616,7.13600999706476e-06,6.09653262929149e-05,"WBGene00019872","WBGene00019872",NA
"WBGene00019875",821.022915014907,-1.58193234959607,0.304142235374573,-5.20129125653267,1.97908670070737e-07,2.75702594670667e-06,"WBGene00019875","WBGene00019875",NA
"WBGene00019902",151.930051012668,-1.43406528709904,0.325143782118884,-4.41055731637732,1.03104909694706e-05,8.36841836607857e-05,"WBGene00019902","WBGene00019902",NA
"WBGene00019912",15.4997196713446,-5.89372788930689,1.65613517207244,-3.55872394276347,0.000372660968120597,0.00187484801736983,"WBGene00019912","WBGene00019912",NA
"WBGene00019918",120.09208308159,2.06414116419006,0.464098057512859,4.447640171674,8.68188042572298e-06,7.22714717092944e-05,"WBGene00019918","WBGene00019918",NA
"WBGene00019920",34.1684982266612,-5.24681047193715,1.02017295400557,-5.14305976387265,2.70299588632448e-07,3.62419514101649e-06,"WBGene00019920","WBGene00019920",NA
"WBGene00019921",30.2127090397124,6.54243455767152,1.10550844775751,5.91803216967058,3.25816250943002e-09,7.20881064199432e-08,"WBGene00019921","WBGene00019921",NA
"WBGene00019922",91.31048591493,3.68572276776871,0.795283273870403,4.63447791355074,3.57839435178938e-06,3.36486779408721e-05,"WBGene00019922","WBGene00019922",NA
"WBGene00019923",52.2660519849423,4.62011142977589,0.77441774666742,5.96591626374496,2.43265023102913e-09,5.55429229266762e-08,"WBGene00019923","WBGene00019923",NA
"WBGene00019924",41.3155233885974,1.82510426899162,0.357184242219126,5.10969985028609,3.22671013470287e-07,4.20030673545611e-06,"WBGene00019924","WBGene00019924",NA
"WBGene00019927",39.4014662239333,5.76524432328553,0.883709002152144,6.52391715965903,6.84945490874991e-11,2.19998334855646e-09,"WBGene00019927","WBGene00019927",NA
"WBGene00019929",16.3960979558704,-3.40501558189422,1.14808475527779,-2.96582248500492,0.00301874674735981,0.0112157388250621,"WBGene00019929","WBGene00019929",NA
"WBGene00019931",45.1135575037044,-2.37604819216154,0.582507773077275,-4.07899825887187,4.5230175637e-05,0.000300406552221023,"WBGene00019931","WBGene00019931",NA
"WBGene00019932",111.341478037489,-1.96663453917835,0.413020108849708,-4.76159513069612,1.92068720076945e-06,1.98355362432065e-05,"WBGene00019932","WBGene00019932",NA
"WBGene00019935",64.3223361967104,-1.54632746483347,0.415346386062997,-3.72298283245189,0.000196882913863718,0.00107160985828413,"WBGene00019935","WBGene00019935",NA
"WBGene00019938",243.592347051928,1.0101072963278,0.424740335391775,2.37817605760491,0.0173985166756244,0.0478593146352385,"WBGene00019938","WBGene00019938",NA
"WBGene00019939",90.5144237298424,-1.42092697256903,0.501206452891806,-2.83501332508934,0.00458237743219578,0.0159746147898474,"WBGene00019939","WBGene00019939",NA
"WBGene00019944",84.5969636020319,-1.03147882008601,0.276057882573784,-3.73645849366507,0.000186630238477492,0.00102125038229663,"WBGene00019944","WBGene00019944",NA
"WBGene00019947",4933.14434780609,1.05581517695635,0.285914572164958,3.69276448192783,0.000221829444182218,0.00119465269242519,"WBGene00019947","WBGene00019947",NA
"WBGene00019949",18.7490508877734,-6.33676013887851,1.37547869121276,-4.60694896937399,4.08620230401364e-06,3.78264828570382e-05,"WBGene00019949","WBGene00019949",NA
"WBGene00019950",17.8430881627529,-5.50861045233814,1.25929867104852,-4.37434786439626,1.21796027869101e-05,9.68203907860432e-05,"WBGene00019950","WBGene00019950",NA
"WBGene00019951",11.0992437498905,-5.52661187828827,1.39498005753,-3.96178558141819,7.43913333158944e-05,0.000460292349387047,"WBGene00019951","WBGene00019951",NA
"WBGene00019952",27.7214721329383,3.548179722235,0.95110644218976,3.73058110516623,0.000191038630639821,0.00104268831143452,"WBGene00019952","WBGene00019952",NA
"WBGene00019956",70.9747590323231,5.07128320666196,0.916847021350125,5.53122068193462,3.1800993682155e-08,5.41109050832193e-07,"WBGene00019956","WBGene00019956",NA
"WBGene00019968",38.0524540952282,-3.4148316442035,0.529327263522935,-6.45126725851244,1.10918693345215e-10,3.43151706489861e-09,"WBGene00019968","WBGene00019968",NA
"WBGene00019972",53.5293520748514,-2.2670455246174,0.55364632633115,-4.09475402761261,4.22616820899967e-05,0.000283106738649041,"WBGene00019972","WBGene00019972",NA
"WBGene00019987",156.058418736327,1.00223540332212,0.394180275263451,2.54258131676495,0.0110036993611544,0.0329995541269366,"WBGene00019987","WBGene00019987",NA
"WBGene00019997",75.4634341880522,-1.87531673842137,0.526721480703607,-3.56035743200805,0.000370350341761251,0.00186585034712497,"WBGene00019997","WBGene00019997",NA
"WBGene00020003",54.4108426610611,-4.45849514051863,0.830683555851047,-5.36726062423475,7.99415007973899e-08,1.25086457110068e-06,"WBGene00020003","WBGene00020003",NA
"WBGene00020009",65.2815880139698,-1.57187328738998,0.413056163528945,-3.80547108645149,0.000141534548246169,0.000801169623002968,"WBGene00020009","WBGene00020009",NA
"WBGene00020012",174.796979148383,-1.09854351676357,0.392231532948229,-2.80075267917984,0.00509835761801644,0.0174415570690065,"WBGene00020012","WBGene00020012",NA
"WBGene00020019",10.2424135008965,-5.85593347488564,1.39909299491273,-4.18552125997237,2.84512436339725e-05,0.00019992803601788,"WBGene00020019","WBGene00020019",NA
"WBGene00020029",292.175596417163,-1.65793406629352,0.241998840667178,-6.85100003670547,7.33354974614676e-12,2.95263173300495e-10,"WBGene00020029","WBGene00020029",NA
"WBGene00020033",27.3628904427139,-3.81174478934106,1.2683720716824,-3.00522604876113,0.00265383539198692,0.0100560098774308,"WBGene00020033","WBGene00020033",NA
"WBGene00020039",15.9484546725888,-4.93091524883403,1.49082608629771,-3.30750534495903,0.000941309155311065,0.00413337381163166,"WBGene00020039","WBGene00020039",NA
"WBGene00020040",21.1145040038877,-3.70393494524396,1.51455870990334,-2.44555389040043,0.0144629832356757,0.0410157578149826,"WBGene00020040","WBGene00020040",NA
"WBGene00020042",17.405082910733,-6.77207209332226,1.4306407114017,-4.73359386416956,2.20578884315807e-06,2.23160034582214e-05,"WBGene00020042","WBGene00020042",NA
"WBGene00020047",152.742829507095,-2.02388653274765,0.374303348473193,-5.40707568073652,6.40620791437533e-08,1.02650145426196e-06,"WBGene00020047","WBGene00020047",NA
"WBGene00020049",134.270606276723,-2.09002008937488,0.457060402575839,-4.57274372839175,4.81378766692109e-06,4.36293386958168e-05,"WBGene00020049","WBGene00020049",NA
"WBGene00020052",40.011028936207,-2.84099908814632,0.467152053335046,-6.08152970293964,1.19041307083828e-09,2.90847419170796e-08,"WBGene00020052","WBGene00020052",NA
"WBGene00020053",24.3644637920177,-3.44514095311719,0.756910536462653,-4.55158276593389,5.32438444047429e-06,4.7712493296363e-05,"WBGene00020053","WBGene00020053",NA
"WBGene00020058",19.3810882278893,-1.26251887909464,0.519199109723223,-2.43166610930375,0.0150295549756341,0.0424372637824452,"WBGene00020058","WBGene00020058",NA
"WBGene00020070",87.1160766294765,-6.73483349707809,0.964452987113916,-6.98306043639492,2.88818089283021e-12,1.23226177615589e-10,"WBGene00020070","WBGene00020070",NA
"WBGene00020071",50.943581364674,-6.50751393090868,1.542725106546,-4.21819409258096,2.46266792554212e-05,0.000178304235772863,"WBGene00020071","WBGene00020071",NA
"WBGene00020072",45.5984199471007,-7.22984912718556,1.18644655906577,-6.09369977260371,1.10330495686387e-09,2.73302214011358e-08,"WBGene00020072","WBGene00020072",NA
"WBGene00020073",176.279139249111,4.22597900837128,1.03633520986532,4.07781089375557,4.54617184615851e-05,0.000301290535690958,"WBGene00020073","WBGene00020073",NA
"WBGene00020080",9.3581977043171,5.77783427435583,1.40420434624905,4.1146677047324,3.87737573922092e-05,0.000262402137503242,"WBGene00020080","WBGene00020080",NA
"WBGene00020081",28.2953370450114,3.81459113819696,0.97265761414598,3.92182313973482,8.7881489863583e-05,0.000531116335991624,"WBGene00020081","WBGene00020081",NA
"WBGene00020084",96.6332027697428,-5.2337586528565,0.882062878529502,-5.93354371922075,2.96465008559557e-09,6.65207906961029e-08,"WBGene00020084","WBGene00020084",NA
"WBGene00020086",14.4410786182776,-1.47313348629459,0.622398519931566,-2.36686534289408,0.017939458556819,0.0490206493122944,"WBGene00020086","WBGene00020086",NA
"WBGene00020105",52.1205997626468,-4.83206309534433,0.856262830453844,-5.64320080644303,1.66917472322289e-08,3.00472472531798e-07,"WBGene00020105","WBGene00020105",NA
"WBGene00020106",25.4768759186031,-1.31010527661842,0.448795397002876,-2.91915934380679,0.00350976767749635,0.0127258014750014,"WBGene00020106","WBGene00020106",NA
"WBGene00020116",47.7789206080661,-5.168475299165,0.995398439285749,-5.19236829713502,2.07635745503889e-07,2.8757148357433e-06,"WBGene00020116","WBGene00020116",NA
"WBGene00020117",17.1897501296757,-4.70363574085506,1.54928325418908,-3.03600760424989,0.00239733318179185,0.00923821701545963,"WBGene00020117","WBGene00020117",NA
"WBGene00020139",719.264319813544,-1.74080144445174,0.363840989146331,-4.78451163112802,1.71403572438752e-06,1.8053583352005e-05,"WBGene00020139","WBGene00020139",NA
"WBGene00020140",46.9257774776528,-5.15764339184745,0.881595049171572,-5.85035430574848,4.90526975963221e-09,1.02851511941146e-07,"WBGene00020140","WBGene00020140",NA
"WBGene00020160",604.320620718269,2.83425237036524,0.295333430517784,9.59678816379231,8.24743955240134e-22,1.16713518339081e-19,"WBGene00020160","WBGene00020160",NA
"WBGene00020163",39.0986995120282,1.55981331376265,0.515014868336388,3.02867627647566,0.0024562773149432,0.00942991449435487,"WBGene00020163","WBGene00020163",NA
"WBGene00020170",11.0717794192042,4.45479003511959,1.10572700006745,4.02883355009676,5.6054287462034e-05,0.000360568825695253,"WBGene00020170","WBGene00020170",NA
"WBGene00020182",68.7988152478735,1.25383697396721,0.448071817015475,2.79829466249137,0.00513732223807386,0.0175496526646247,"WBGene00020182","WBGene00020182",NA
"WBGene00020187",210.202456386137,-6.1761682601717,1.15822868004967,-5.33242559656429,9.69094810406725e-08,1.47668146323489e-06,"WBGene00020187","WBGene00020187",NA
"WBGene00020195",368.71839651097,-1.09795338395495,0.303098785871696,-3.62242752242405,0.000291851248109876,0.00151599497869077,"WBGene00020195","WBGene00020195",NA
"WBGene00020204",15.496968617463,4.85491195187115,1.01765096046981,4.77070443645021,1.83582753435913e-06,1.90982016488559e-05,"WBGene00020204","WBGene00020204",NA
"WBGene00020205",234.417199524143,5.82263902902769,1.0286930048354,5.66023002164711,1.51170234267918e-08,2.76301299027027e-07,"WBGene00020205","WBGene00020205",NA
"WBGene00020223",117.754458752586,-5.14009009074615,1.1596297655887,-4.43252686613881,9.31350929788172e-06,7.69468141009384e-05,"WBGene00020223","WBGene00020223",NA
"WBGene00020235",196.750898352343,1.23410190160231,0.26405114156414,4.67372303066729,2.9578816601116e-06,2.8526992286083e-05,"WBGene00020235","WBGene00020235",NA
"WBGene00020237",98.0141994159704,-3.22600987864508,0.780329032233707,-4.13416615989612,3.56245674330694e-05,0.000243511211057322,"WBGene00020237","WBGene00020237",NA
"WBGene00020248",14.3694951725474,-1.64989810168899,0.685184973548897,-2.40796013541188,0.0160419325931508,0.0448176979190588,"WBGene00020248","WBGene00020248",NA
"WBGene00020256",78.3148528802629,-1.06712507270484,0.392795669477683,-2.71674347663722,0.00659276838372947,0.0216721339716296,"WBGene00020256","WBGene00020256",NA
"WBGene00020258",24.9844920757347,-1.72821516351823,0.507789015990582,-3.40341186810998,0.000665498790759978,0.00306936889846156,"WBGene00020258","WBGene00020258",NA
"WBGene00020261",238.255077992741,3.19193854626115,1.19316255503334,2.67519168515305,0.00746865339511123,0.0239940352835075,"WBGene00020261","WBGene00020261",NA
"WBGene00020265",15.5088375059017,-5.58436685351504,1.30057012440057,-4.29378374048756,1.75653578064724e-05,0.000133472439727757,"WBGene00020265","WBGene00020265",NA
"WBGene00020282",17.6181349769621,-5.42293147103844,1.19564630993587,-4.53556492917149,5.74495002816687e-06,5.08122343766021e-05,"WBGene00020282","WBGene00020282",NA
"WBGene00020289",21.1693883154336,-4.77867119053283,1.09450636592512,-4.36605152725054,1.26512647402184e-05,9.9779032860891e-05,"WBGene00020289","WBGene00020289",NA
"WBGene00020293",16.987799090019,-4.66853147649855,1.04604682351274,-4.46302342453574,8.08112146760921e-06,6.78633778710566e-05,"WBGene00020293","WBGene00020293",NA
"WBGene00020307",108.132727927741,-1.37035237085816,0.326415589402193,-4.19818297700751,2.6906519155364e-05,0.000191616780412366,"WBGene00020307","WBGene00020307",NA
"WBGene00020313",11.6814017875183,-5.13609624046394,1.24838474374134,-4.11419337364807,3.88535635217483e-05,0.000262817786756436,"WBGene00020313","WBGene00020313",NA
"WBGene00020330",16.0427636209442,-1.71836008364296,0.546133870771254,-3.14640818965555,0.0016528914585478,0.00668688865469111,"WBGene00020330","WBGene00020330",NA
"WBGene00020335",81.0532302766341,-1.6502829516655,0.463393440423927,-3.56129976754909,0.000369023475015251,0.00186047708232557,"WBGene00020335","WBGene00020335",NA
"WBGene00020339",399.105737433437,-1.43242609072417,0.376717919762719,-3.80238373482844,0.000143310525872566,0.000808022621813251,"WBGene00020339","WBGene00020339",NA
"WBGene00020340",376.696139614743,-1.26032472090687,0.322716665280736,-3.90535989150265,9.40852577851987e-05,0.000564314137441815,"WBGene00020340","WBGene00020340",NA
"WBGene00020341",75.9438419694477,-1.45774279774114,0.379415037508839,-3.84207965849847,0.000121996226459549,0.000705091817544011,"WBGene00020341","WBGene00020341",NA
"WBGene00020350",595.20609902281,-5.34633926390381,1.33918403301962,-3.9922364156693,6.54530689171082e-05,0.000411942190238762,"WBGene00020350","WBGene00020350",NA
"WBGene00020353",208.100536698635,-5.83358469505391,1.13248950242452,-5.15111591106579,2.58941081787735e-07,3.49000073561015e-06,"WBGene00020353","WBGene00020353",NA
"WBGene00020354",42.5067555022683,2.65444848258449,1.11223712243706,2.38658504471442,0.0170056736190458,0.0469322442627962,"WBGene00020354","WBGene00020354",NA
"WBGene00020360",62.6373818347118,-1.28806158136456,0.421031105647242,-3.05930265979862,0.00221852894737045,0.00864203687772391,"WBGene00020360","WBGene00020360",NA
"WBGene00020361",10.3736993500415,4.20713709709872,1.33738983454133,3.14578217094165,0.00165643324630551,0.00669932099305167,"WBGene00020361","WBGene00020361",NA
"WBGene00020362",29.4256542968723,6.28140114260807,1.37157786417017,4.57968979136917,4.65666066644114e-06,4.24474814447979e-05,"WBGene00020362","WBGene00020362",NA
"WBGene00020363",20.2313994540049,-2.00723761805726,0.572000324702956,-3.50915468290972,0.000449533379933642,0.00219589220758426,"WBGene00020363","WBGene00020363",NA
"WBGene00020368",24.8942865904117,2.42897588561896,0.461758598043719,5.26027213333878,1.43842358255718e-07,2.1000396593963e-06,"WBGene00020368","WBGene00020368",NA
"WBGene00020370",20.4194160914425,-5.72548035727312,1.17550488793949,-4.87065635882565,1.11228141009344e-06,1.22668504586926e-05,"WBGene00020370","WBGene00020370",NA
"WBGene00020372",18.1633126989241,-5.17124646615677,1.08812666080039,-4.7524306245313,2.00985742131987e-06,2.0592754209982e-05,"WBGene00020372","WBGene00020372",NA
"WBGene00020377",13.5461890738212,-3.46717322678064,1.01928625444835,-3.40156968824928,0.00067000043740717,0.00308515343165615,"WBGene00020377","WBGene00020377",NA
"WBGene00020379",867.632233708307,4.64475656853517,0.500304943744775,9.28385103247079,1.63461204775555e-20,2.06756725651063e-18,"WBGene00020379","WBGene00020379",NA
"WBGene00020414",341.943190547157,-5.95588104160565,1.16805245585412,-5.09898422091882,3.41481013157197e-07,4.3971064153656e-06,"WBGene00020414","WBGene00020414",NA
"WBGene00020419",62.9120636657447,-2.67669991105814,0.583005614287783,-4.59120777820995,4.40688341943567e-06,4.05064853466199e-05,"WBGene00020419","WBGene00020419",NA
"WBGene00020435",13.4388275154248,-5.76338239653115,1.44377394166179,-3.99188697774769,6.55496141499341e-05,0.000412368237255725,"WBGene00020435","WBGene00020435",NA
"WBGene00020438",30.1247115168627,2.20434816243107,0.852201702477498,2.58665073775685,0.00969137703599531,0.0297250755312191,"WBGene00020438","WBGene00020438",NA
"WBGene00020453",32.0658778466048,-1.60872228991418,0.456200850293402,-3.52634653986188,0.000421335264283458,0.00208210523818241,"WBGene00020453","WBGene00020453",NA
"WBGene00020496",673.42190263573,1.4100328069856,0.311777317500761,4.52256379100496,6.10950652601288e-06,5.36053878307564e-05,"WBGene00020496","WBGene00020496",NA
"WBGene00020502",23.1895367889287,1.65649136336772,0.509180206660963,3.25325168122785,0.00114092395342141,0.00488679234829254,"WBGene00020502","WBGene00020502",NA
"WBGene00020508",114.020967004792,1.38109388140382,0.330159768865276,4.18310773038912,2.87551043873318e-05,0.000201765688271052,"WBGene00020508","WBGene00020508",NA
"WBGene00020531",19.8321623440946,-4.74314193813319,1.10558302593605,-4.29017253961308,1.78534356873269e-05,0.000135373557707673,"WBGene00020531","WBGene00020531",NA
"WBGene00020537",60.50721365561,3.20689212228691,0.915286433724063,3.50370332622423,0.000458836224686708,0.00223370100798607,"WBGene00020537","WBGene00020537",NA
"WBGene00020541",16.5027447747194,3.75928627681886,1.05098058005663,3.5769321985153,0.000347650299377391,0.0017664293384291,"WBGene00020541","WBGene00020541",NA
"WBGene00020542",13.2725666131686,4.13610915122752,1.05015233975268,3.93858014181222,8.1965216938712e-05,0.000501725415719491,"WBGene00020542","WBGene00020542",NA
"WBGene00020543",27.7183521379254,3.77508038728826,1.08603518979442,3.47602031938105,0.000508913726031094,0.00244747775442881,"WBGene00020543","WBGene00020543",NA
"WBGene00020544",56.2316537416187,3.81332168995834,1.02831839194808,3.70830836034571,0.00020864847972751,0.00112791706533483,"WBGene00020544","WBGene00020544",NA
"WBGene00020551",73.7767444971517,-1.87291866239052,0.366657413477427,-5.10808889591925,3.2543354599264e-07,4.22472449852207e-06,"WBGene00020551","WBGene00020551",NA
"WBGene00020559",36.0222504656946,-1.7097899994058,0.63305619621359,-2.70085027148036,0.00691624668693889,0.0224923581106752,"WBGene00020559","WBGene00020559",NA
"WBGene00020566",68.3629465898952,-2.51686143657435,0.659362087857016,-3.81711578952677,0.00013502081395544,0.000768865535404424,"WBGene00020566","WBGene00020566",NA
"WBGene00020567",103.089759777901,-4.03755913596047,0.777689105504023,-5.19173935623505,2.08338526599392e-07,2.87986707996626e-06,"WBGene00020567","WBGene00020567",NA
"WBGene00020576",142.487772067939,-1.65123899096328,0.464844779672035,-3.55223735572182,0.000381970134293632,0.00191598637370495,"WBGene00020576","WBGene00020576",NA
"WBGene00020577",191.938263872033,-1.1382400026228,0.275566442605221,-4.13054649129922,3.61901894579904e-05,0.000247141126575755,"WBGene00020577","WBGene00020577",NA
"WBGene00020580",13.8523546112758,-2.19153259917162,0.794328090631353,-2.75897658035703,0.00579826901702771,0.0194358956520584,"WBGene00020580","WBGene00020580",NA
"WBGene00020609",47.7769440560145,-3.13924012462641,0.615059120784715,-5.1039648361303,3.32610103828217e-07,4.29836909043102e-06,"WBGene00020609","WBGene00020609",NA
"WBGene00020613",21.4475729326302,-3.18396915653951,0.994012898015455,-3.20314672263942,0.0013593470609806,0.0056661264341195,"WBGene00020613","WBGene00020613",NA
"WBGene00020616",11.7890033328636,-5.03752010852746,1.19193381081114,-4.22634215326042,2.3752074873524e-05,0.000173296787221684,"WBGene00020616","WBGene00020616",NA
"WBGene00020626",10.9388320145174,2.1122070772797,0.792036066743398,2.6668066846557,0.00765757044480684,0.0245073117706279,"WBGene00020626","WBGene00020626",NA
"WBGene00020627",30.6848881854186,-2.41631261956149,0.686522550054508,-3.51964057024732,0.000432131976149756,0.00212614882447796,"WBGene00020627","WBGene00020627",NA
"WBGene00020632",28.4592233221346,-1.16853116448926,0.484641154720392,-2.4111265688186,0.0159033284197543,0.0445000534658474,"WBGene00020632","WBGene00020632",NA
"WBGene00020635",12.9262008659891,-3.37729329080666,0.979440251976442,-3.44818714974346,0.000564362845377689,0.00267277605996796,"WBGene00020635","WBGene00020635",NA
"WBGene00020651",91.5231971112835,-1.20458560171692,0.435823996740303,-2.76392674732571,0.00571103587286498,0.0191749672846745,"WBGene00020651","WBGene00020651",NA
"WBGene00020659",32.9569933873345,-5.2275068624642,1.1184640736035,-4.67382635333297,2.95639320943003e-06,2.8526992286083e-05,"WBGene00020659","WBGene00020659",NA
"WBGene00020661",166.542371929824,-5.61439521933954,0.667563002402425,-8.41028517029023,4.09015060362345e-17,3.50063009446646e-15,"WBGene00020661","WBGene00020661",NA
"WBGene00020672",420.494210898604,-2.25053070724007,0.359519186050501,-6.25983478646379,3.85385539030383e-10,1.07374571332578e-08,"WBGene00020672","WBGene00020672",NA
"WBGene00020673",85.3797121723158,1.88825414039819,0.361862881128613,5.21814819610379,1.80720844940035e-07,2.54236519362984e-06,"WBGene00020673","WBGene00020673",NA
"WBGene00020674",292.488320197613,-3.13078526543095,0.440883929134322,-7.10115533487072,1.23718224462195e-12,5.66764289178895e-11,"WBGene00020674","WBGene00020674",NA
"WBGene00020688",40.2167167959294,2.00569293156587,0.405395030478907,4.94750251180059,7.51717342778386e-07,8.76633240290085e-06,"WBGene00020688","WBGene00020688",NA
"WBGene00020707",19.5341855334568,-4.85225439774832,1.21375314715414,-3.99772755203585,6.39535003900722e-05,0.000404463442953674,"WBGene00020707","WBGene00020707",NA
"WBGene00020710",301.328102180904,-1.42601012204411,0.288823157730094,-4.93731227527371,7.92065882465948e-07,9.15100412381065e-06,"WBGene00020710","WBGene00020710",NA
"WBGene00020713",202.044463834514,-5.89046279658453,1.50764150584799,-3.90707125913954,9.3421608567433e-05,0.000560804305440706,"WBGene00020713","WBGene00020713",NA
"WBGene00020715",150.242220302856,-6.14514756678251,1.04404778652158,-5.88588726121061,3.95924142940963e-09,8.47147271714848e-08,"WBGene00020715","WBGene00020715",NA
"WBGene00020726",161.051649780328,2.31304207708642,0.271111178541574,8.53171045741928,1.44199593981247e-17,1.34708810246664e-15,"WBGene00020726","WBGene00020726",NA
"WBGene00020735",79.3113151210649,-1.25222568707086,0.326860022305237,-3.83107630673008,0.000127583926494048,0.00073147094319271,"WBGene00020735","WBGene00020735",NA
"WBGene00020736",58.9938546559251,-1.59004144952439,0.348149759062349,-4.56711920125051,4.94472849139191e-06,4.46816297377554e-05,"WBGene00020736","WBGene00020736",NA
"WBGene00020758",108.269444249269,3.1310994247,0.588717096044261,5.31851282345739,1.04618847833497e-07,1.58570221854101e-06,"WBGene00020758","WBGene00020758",NA
"WBGene00020760",128.961476454058,2.54764096501587,0.484724199666105,5.25585676714876,1.4733692967884e-07,2.14448751109945e-06,"WBGene00020760","WBGene00020760",NA
"WBGene00020774",20.6614374154138,3.61868257856694,0.643365257622622,5.62461608812819,1.85920990035679e-08,3.29289803045844e-07,"WBGene00020774","WBGene00020774",NA
"WBGene00020786",191.890281258973,-1.93958304267391,0.381316563348982,-5.08654285992503,3.64649343420456e-07,4.64936045094431e-06,"WBGene00020786","WBGene00020786",NA
"WBGene00020802",19.813770104692,-5.08976866914574,1.08074072097064,-4.70951873135167,2.48302395187569e-06,2.46115543302075e-05,"WBGene00020802","WBGene00020802",NA
"WBGene00020806",142.643706966564,-1.12321381201653,0.351423508138685,-3.19618291321954,0.00139258798519327,0.0057861221140603,"WBGene00020806","WBGene00020806",NA
"WBGene00020811",73.0981810650635,-1.16162746997968,0.360742314616705,-3.22010316758633,0.00128144471162283,0.00540126489626221,"WBGene00020811","WBGene00020811",NA
"WBGene00020817",15.2577289620854,3.26711873925312,0.724775912739806,4.50776396100516,6.55144002218729e-06,5.67169789443507e-05,"WBGene00020817","WBGene00020817",NA
"WBGene00020833",38.1045055812475,4.60339093502258,0.600060135236837,7.67154934097676,1.69931085354428e-14,1.0036466954425e-12,"WBGene00020833","WBGene00020833",NA
"WBGene00020835",10.6400371384766,5.10928178906661,1.19975211618691,4.25861452556141,2.05697827237255e-05,0.0001532867072316,"WBGene00020835","WBGene00020835",NA
"WBGene00020836",114.22658545153,-1.09304871872433,0.338033756132774,-3.23354901365235,0.00122262354692646,0.00519469630089773,"WBGene00020836","WBGene00020836",NA
"WBGene00020837",56.2464451876697,-1.51460236112679,0.539005370219969,-2.80999493661572,0.00495422793888354,0.0170259148666657,"WBGene00020837","WBGene00020837",NA
"WBGene00020840",536.388319026941,-5.68067865775323,1.38997893268152,-4.08688112041684,4.37211001208627e-05,0.000291739348285477,"WBGene00020840","WBGene00020840",NA
"WBGene00020841",50.8741781149528,-6.01373494652123,1.03322619978085,-5.82034693641795,5.87256011455989e-09,1.20425397012058e-07,"WBGene00020841","WBGene00020841",NA
"WBGene00020847",169.992066806266,-1.35300374187102,0.312795639869541,-4.32551982641229,1.52172580379526e-05,0.0001173140610229,"WBGene00020847","WBGene00020847",NA
"WBGene00020850",24.8470436352014,-1.16349177277457,0.461530533988384,-2.52094214161756,0.0117041095024523,0.0346493034628316,"WBGene00020850","WBGene00020850",NA
"WBGene00020860",114.679924265395,-6.02387751438487,1.19072246811987,-5.05901053827974,4.21437577790747e-07,5.25620183190501e-06,"WBGene00020860","WBGene00020860",NA
"WBGene00020865",127.856330644222,-1.27614828398421,0.271845176598155,-4.69439369847868,2.67398614232617e-06,2.61494386110894e-05,"WBGene00020865","WBGene00020865",NA
"WBGene00020878",15.8648461282605,-2.00466220294132,0.611799034129773,-3.27666781264662,0.00105039871463853,0.00454949964494804,"WBGene00020878","WBGene00020878",NA
"WBGene00020890",18.1481633561668,-6.26443325464581,1.37086886763999,-4.56968088087836,4.88467424149105e-06,4.41877524896403e-05,"WBGene00020890","WBGene00020890",NA
"WBGene00020897",67.0709004052059,-1.22363265550032,0.482015636365293,-2.53857460875604,0.0111305067537097,0.0332890422746962,"WBGene00020897","WBGene00020897",NA
"WBGene00020902",129.039773256257,3.17135079639244,0.387503799714715,8.18405083699109,2.7445820691859e-16,2.0977706692446e-14,"WBGene00020902","WBGene00020902",NA
"WBGene00020905",77.4870936349591,-5.11242405129261,0.90455475590764,-5.65186796918971,1.58713486165208e-08,2.87879677380624e-07,"WBGene00020905","WBGene00020905",NA
"WBGene00020911",268.139058943719,1.32091614420523,0.215519648863773,6.12898244391707,8.84428837141567e-10,2.26138486033353e-08,"WBGene00020911","WBGene00020911",NA
"WBGene00020914",23.5351615089149,-3.20789966036488,0.901201986884553,-3.55957899233507,0.000371449795662552,0.00187007112694782,"WBGene00020914","WBGene00020914",NA
"WBGene00020919",109.437451714701,1.48915998532453,0.399034428932179,3.73190852054932,0.00019003451752522,0.00103908315186992,"WBGene00020919","WBGene00020919",NA
"WBGene00020920",56.0060202645446,1.52037660105502,0.40670039276302,3.73832095593999,0.000185253352737104,0.00101449278569786,"WBGene00020920","WBGene00020920",NA
"WBGene00020954",99.0380433558438,-1.2885440971931,0.438493718902003,-2.93856910976888,0.00329731136258269,0.0120904236288852,"WBGene00020954","WBGene00020954",NA
"WBGene00020966",15.3921948382847,-3.40332697824542,1.12901724090495,-3.01441541806529,0.00257474992219312,0.00980050616189247,"WBGene00020966","WBGene00020966",NA
"WBGene00020978",22.7173054065261,-8.22473204761885,1.39389900529198,-5.90052221602383,3.62352821618715e-09,7.85904230560895e-08,"WBGene00020978","WBGene00020978",NA
"WBGene00020981",49.465587861221,-1.40017887089259,0.449796336581367,-3.11291746290001,0.00185247816739591,0.00736303405077578,"WBGene00020981","WBGene00020981",NA
"WBGene00020986",9.98414248704858,-5.32024938781109,1.37874150823938,-3.85877218899787,0.000113958101168504,0.000664275342578069,"WBGene00020986","WBGene00020986",NA
"WBGene00020987",20.903316538557,-8.08554927233485,1.38998940370804,-5.81698626677674,5.99180624595478e-09,1.22519151178014e-07,"WBGene00020987","WBGene00020987",NA
"WBGene00020989",88.9244906507664,-1.01290635489439,0.425124852354573,-2.38260913066917,0.0171904359031199,0.0473507227526099,"WBGene00020989","WBGene00020989",NA
"WBGene00020990",268.671900969472,-5.72665677924723,1.30394175339206,-4.3918041310894,1.12413949289196e-05,9.03166147942937e-05,"WBGene00020990","WBGene00020990",NA
"WBGene00020991",14.1531109266573,-6.70556788195811,1.82000455913028,-3.68436872771487,0.000229270146759659,0.00122768850325287,"WBGene00020991","WBGene00020991",NA
"WBGene00020995",13.954488671531,-1.97756845771028,0.765638715445139,-2.58290028680242,0.00979736347147071,0.0300050816579668,"WBGene00020995","WBGene00020995",NA
"WBGene00021002",94.841867059536,1.47323228899073,0.464685817882639,3.17038358455521,0.0015223782179197,0.00623298535340196,"WBGene00021002","WBGene00021002",NA
"WBGene00021006",20.3782916676545,-5.29989916237152,1.13407892851798,-4.67330714741122,2.96388008561811e-06,2.85655684853268e-05,"WBGene00021006","WBGene00021006",NA
"WBGene00021007",99.2099361050048,-5.60984558757079,1.74908095374937,-3.2073104309697,0.00133982331215557,0.00559780608028048,"WBGene00021007","WBGene00021007",NA
"WBGene00021010",13.6743095232551,-7.58730452164625,1.52847225715978,-4.96397921918781,6.90633363181243e-07,8.14457315177352e-06,"WBGene00021010","WBGene00021010",NA
"WBGene00021018",63.4873237713196,-1.03894862918752,0.437196854955592,-2.37638632897542,0.0174831472512959,0.0480366443027243,"WBGene00021018","WBGene00021018",NA
"WBGene00021049",251.077838134139,1.16929089328164,0.372440876745228,3.13953426245825,0.00169216625215592,0.00682524041479139,"WBGene00021049","WBGene00021049",NA
"WBGene00021053",25.5688925700084,4.7380597286807,0.855080533669939,5.54106840480313,3.0063174384064e-08,5.1398678405673e-07,"WBGene00021053","WBGene00021053",NA
"WBGene00021059",26.9408679040912,-1.38072381830543,0.462075803680245,-2.98808941586754,0.00280727410599094,0.0105479413241137,"WBGene00021059","WBGene00021059",NA
"WBGene00021066",99.5793265095098,-2.85519887265372,0.50713376462787,-5.63007054903716,1.80135924492655e-08,3.20632972450003e-07,"WBGene00021066","WBGene00021066",NA
"WBGene00021075",13.1887331583995,-1.99144097556154,0.631504172337355,-3.15348823142485,0.00161331733321341,0.00655089336466457,"WBGene00021075","WBGene00021075",NA
"WBGene00021079",113.066385940806,-1.55044711385774,0.392874727760157,-3.94641600567462,7.93297332483989e-05,0.000487472002286916,"WBGene00021079","WBGene00021079",NA
"WBGene00021080",19.3718596510066,1.34351493486715,0.534605386158004,2.51309651876583,0.0119676587461525,0.035305210827401,"WBGene00021080","WBGene00021080",NA
"WBGene00021092",12.2687457569115,4.96163453348289,1.23093760124513,4.03077664413212,5.55928536573192e-05,0.000358245562364321,"WBGene00021092","WBGene00021092",NA
"WBGene00021110",15.8416599246464,-7.68289453034593,1.51226222494741,-5.08039836187346,3.76644208084751e-07,4.7852228143603e-06,"WBGene00021110","WBGene00021110",NA
"WBGene00021113",233.838340445012,-5.93101836460861,1.31110095984032,-4.5236930993712,6.07698246502328e-06,5.33527704991264e-05,"WBGene00021113","WBGene00021113",NA
"WBGene00021114",274.565884301627,-1.4130794382104,0.390843679297608,-3.61545935896896,0.00029981551010673,0.00155319430444201,"WBGene00021114","WBGene00021114",NA
"WBGene00021115",10.5019697207649,-6.07868903204663,1.45574072297892,-4.17566736719959,2.97113709550481e-05,0.000207659963354769,"WBGene00021115","WBGene00021115",NA
"WBGene00021121",434.424656034766,-2.25024426096254,0.437801503492509,-5.13987330562251,2.74923777314058e-07,3.66898744084951e-06,"WBGene00021121","WBGene00021121",NA
"WBGene00021128",924.742232514633,-1.01179149689826,0.342998736580118,-2.9498403025806,0.00317938221465684,0.0117241769850594,"WBGene00021128","WBGene00021128",NA
"WBGene00021130",10.6921565787369,4.55813473144944,1.06507294033535,4.27964560813482,1.87191139801281e-05,0.000140965382570058,"WBGene00021130","WBGene00021130",NA
"WBGene00021154",14.2711647032434,-5.36750927013888,1.22996279171967,-4.36396068748902,1.27728540581956e-05,0.000100529957628739,"WBGene00021154","WBGene00021154",NA
"WBGene00021167",82.8941930938373,-2.20454834607327,0.475304836725974,-4.63817780870648,3.5149433894689e-06,3.31611127826264e-05,"WBGene00021167","WBGene00021167",NA
"WBGene00021180",10.5833347051981,3.61447869284039,1.07247551016433,3.37022026012188,0.000751081223065822,0.00340474283240292,"WBGene00021180","WBGene00021180",NA
"WBGene00021186",37.444410921782,2.18132407919559,0.486517307885421,4.4835487737865,7.3411813311484e-06,6.23825830951867e-05,"WBGene00021186","WBGene00021186",NA
"WBGene00021187",134.56192361563,1.86156822687118,0.442758026319016,4.20448216907057,2.61680565819146e-05,0.000187197213576229,"WBGene00021187","WBGene00021187",NA
"WBGene00021198",11.1110919038889,3.2976256672204,0.851579128293085,3.87236553557883,0.000107784141426183,0.000634497007168219,"WBGene00021198","WBGene00021198",NA
"WBGene00021204",20.396521854265,3.66150242703227,0.731199172786852,5.0075308661483,5.51327124736106e-07,6.68940457882272e-06,"WBGene00021204","WBGene00021204",NA
"WBGene00021207",40.9392847439695,-5.58846231249509,0.986581797087651,-5.66446931110224,1.47480253080559e-08,2.69902081598006e-07,"WBGene00021207","WBGene00021207",NA
"WBGene00021214",29.9275359914547,-4.36896630533951,0.955381835674892,-4.57300541228442,4.80777715259087e-06,4.36025119555719e-05,"WBGene00021214","WBGene00021214",NA
"WBGene00021215",28.5666123199902,-2.96877986178035,0.714814953939039,-4.15321454233809,3.27837106233573e-05,0.000226584901324781,"WBGene00021215","WBGene00021215",NA
"WBGene00021224",296.968810207135,3.11013568929326,0.294630281523364,10.5560625785392,4.762205429511e-26,9.67924082171495e-24,"WBGene00021224","WBGene00021224",NA
"WBGene00021235",47.2453988637468,-1.82534882650013,0.338894007586497,-5.38619387076133,7.1965337353951e-08,1.14162105083243e-06,"WBGene00021235","WBGene00021235",NA
"WBGene00021271",19.4354500315705,-3.16937282583288,0.815400160666085,-3.88689256970943,0.0001015356627529,0.000602928636363608,"WBGene00021271","WBGene00021271",NA
"WBGene00021287",34.1080713872492,-1.90666902886544,0.579222221792248,-3.29177465423506,0.000995573503177445,0.0043462834700413,"WBGene00021287","WBGene00021287",NA
"WBGene00021288",95.8236543506983,-5.62829241235091,0.906139246959198,-6.21128864160581,5.25518408522783e-10,1.43344985032887e-08,"WBGene00021288","WBGene00021288",NA
"WBGene00021293",52.0074781929757,2.92096851947897,0.914943329301541,3.19251305073595,0.00141040571052837,0.00584316777408175,"WBGene00021293","WBGene00021293",NA
"WBGene00021299",28.7253007990821,4.97967073596915,1.0370255161413,4.80187869870182,1.57183904736446e-06,1.66911556493166e-05,"WBGene00021299","WBGene00021299",NA
"WBGene00021319",100.629590516378,1.08111929533347,0.283874260336111,3.80844425293581,0.000139843864403267,0.000793484856655776,"WBGene00021319","WBGene00021319",NA
"WBGene00021320",43.4456192372555,-1.05472635523567,0.428538498353053,-2.46121727520202,0.013846648243234,0.039669301130596,"WBGene00021320","WBGene00021320",NA
"WBGene00021335",52.416594334443,-1.44791074120145,0.411203453756247,-3.52115413422511,0.000429672782835723,0.00211696417961771,"WBGene00021335","WBGene00021335",NA
"WBGene00021358",28.0061841954656,-4.66199546792329,0.992725103739807,-4.69615954140836,2.65098511623232e-06,2.60058546783175e-05,"WBGene00021358","WBGene00021358",NA
"WBGene00021370",172.847703346256,-1.31008704983463,0.248961206538921,-5.26221361170107,1.4233126282423e-07,2.08138870642111e-06,"WBGene00021370","WBGene00021370",NA
"WBGene00021379",53.9268568735098,-2.46322704866185,0.498088381343427,-4.9453613875074,7.60027347968202e-07,8.84614892875368e-06,"WBGene00021379","WBGene00021379",NA
"WBGene00021381",125.331193034319,-5.40517866521215,1.53901981268878,-3.51209167071665,0.000444594616650242,0.00217548471611842,"WBGene00021381","WBGene00021381",NA
"WBGene00021386",14.3967956927887,-5.15539724739252,1.26162667618083,-4.08630963875846,4.3828877266685e-05,0.000292322045157596,"WBGene00021386","WBGene00021386",NA
"WBGene00021388",15.9280211791579,-1.54126147178147,0.578137669402117,-2.6659073666232,0.00767808461125165,0.0245619658345165,"WBGene00021388","WBGene00021388",NA
"WBGene00021398",392.667138565836,-5.84008195232842,0.997524421294981,-5.85457541455161,4.78230171232612e-09,1.00687642053129e-07,"WBGene00021398","WBGene00021398",NA
"WBGene00021406",77.5210990761382,1.14230423411552,0.331215276793605,3.44882713494927,0.00056302701495491,0.00266733348516756,"WBGene00021406","WBGene00021406",NA
"WBGene00021415",50.8390415324485,1.85933715457138,0.43032135041666,4.32081083769391,1.55456899282329e-05,0.000119459433410878,"WBGene00021415","WBGene00021415",NA
"WBGene00021428",21.2220513667878,-5.59700977722068,1.08654351511949,-5.1512062787519,2.58816323814022e-07,3.49000073561015e-06,"WBGene00021428","WBGene00021428",NA
"WBGene00021435",13.2160177507488,-1.95386423967335,0.810837112545507,-2.4096877282041,0.0159661796614251,0.0446339082510927,"WBGene00021435","WBGene00021435",NA
"WBGene00021458",84.7876059742408,4.23236195133679,0.822344196672797,5.14670373848434,2.65103510205342e-07,3.55786335339433e-06,"WBGene00021458","WBGene00021458",NA
"WBGene00021463",66.8478252860216,4.41997809366898,0.788208483513582,5.60762562966352,2.05121114938481e-08,3.59288737232317e-07,"WBGene00021463","WBGene00021463",NA
"WBGene00021468",1145.6928005463,3.98503776592044,0.535800856743686,7.43753526289487,1.02581206041207e-13,5.4303451035073e-12,"WBGene00021468","WBGene00021468",NA
"WBGene00021471",24.0004024735236,-4.68559992367596,0.90532549602901,-5.17559700265617,2.27183357372254e-07,3.11027943191726e-06,"WBGene00021471","WBGene00021471",NA
"WBGene00021472",80.8329556556953,-5.13015035954736,0.870115459729307,-5.895942086977,3.7254963076381e-09,8.03145078809522e-08,"WBGene00021472","WBGene00021472",NA
"WBGene00021487",88.9218102222649,-1.21367714279871,0.333829561648444,-3.63561913692004,0.000277313793970417,0.00144605839373191,"WBGene00021487","WBGene00021487",NA
"WBGene00021492",17.4932004065808,-1.60987492305729,0.638619211794111,-2.52086829416637,0.0117065659803737,0.0346493989557841,"WBGene00021492","WBGene00021492",NA
"WBGene00021505",50.8889357471719,4.36540676783707,0.594502961363975,7.34295209871027,2.08933320563125e-13,1.06273450206717e-11,"WBGene00021505","WBGene00021505",NA
"WBGene00021516",28.3166952085052,2.09060188042892,0.637217449581134,3.2808296160175,0.00103502248356908,0.00449243132634462,"WBGene00021516","WBGene00021516",NA
"WBGene00021518",95.8172806890444,1.54940998117704,0.40780491805293,3.79939013137634,0.000145052599316018,0.000816878172586226,"WBGene00021518","WBGene00021518",NA
"WBGene00021525",33.5343059530151,8.58398613197939,1.28939207558785,6.65739017208234,2.78732540597437e-11,9.91025921084368e-10,"WBGene00021525","WBGene00021525",NA
"WBGene00021537",12.8575224254066,-3.77142645118357,1.07282676536885,-3.51541047718633,0.000439074764641109,0.00215437542431012,"WBGene00021537","WBGene00021537",NA
"WBGene00021542",50.5985188078842,3.69352312408345,0.900176363375091,4.10311053962257,4.07632368181558e-05,0.000273663195792344,"WBGene00021542","WBGene00021542",NA
"WBGene00021556",168.007512023865,-1.25996647741191,0.27915979346949,-4.51342387724477,6.37893516928453e-06,5.54924652310309e-05,"WBGene00021556","WBGene00021556",NA
"WBGene00021557",46.184283143928,4.50688791697806,0.918539088100713,4.90658261075973,9.26769639975548e-07,1.04879797816077e-05,"WBGene00021557","WBGene00021557",NA
"WBGene00021576",433.624739181421,5.65780540007035,1.03208507505836,5.48191766047042,4.2074005767594e-08,6.97637777768239e-07,"WBGene00021576","WBGene00021576",NA
"WBGene00021579",113.11077141019,-6.57037487269655,0.956872340609685,-6.86651143924815,6.57909027308773e-12,2.67144708162622e-10,"WBGene00021579","WBGene00021579",NA
"WBGene00021590",79.1790798476975,1.89338409562707,0.361943574480741,5.23115819459815,1.68451273539178e-07,2.41008413683231e-06,"WBGene00021590","WBGene00021590",NA
"WBGene00021601",45.91850463067,-5.79929009318778,0.88329595497556,-6.56551188819634,5.18544158894777e-11,1.70380498001909e-09,"WBGene00021601","WBGene00021601",NA
"WBGene00021603",23.7041329711042,-1.43604525325351,0.450297046677493,-3.18910653278617,0.00142713273164082,0.00589968959541461,"WBGene00021603","WBGene00021603",NA
"WBGene00021605",144.056142984801,1.96176938239753,0.431414163647094,4.54729943452274,5.43386622398082e-06,4.85110867828594e-05,"WBGene00021605","WBGene00021605",NA
"WBGene00021607",116.44444048609,1.6738230344237,0.468406868694688,3.57343827832445,0.000352324319514011,0.00178890639389477,"WBGene00021607","WBGene00021607",NA
"WBGene00021625",200.56086372073,-4.85747546810151,1.43101920899223,-3.39441667699367,0.000687749647232484,0.00315266379342331,"WBGene00021625","WBGene00021625",NA
"WBGene00021633",36.3238340198529,-2.91257084315776,0.718621028350298,-4.05299974291597,5.05650580160812e-05,0.000329410380229648,"WBGene00021633","WBGene00021633",NA
"WBGene00021639",19.7606439632552,-3.90281516290858,0.903998345714083,-4.31728131075913,1.57962785712982e-05,0.000121189591851618,"WBGene00021639","WBGene00021639",NA
"WBGene00021641",99.8698968641621,-3.77804349713916,1.20921911747245,-3.12436633075745,0.00178188461672058,0.00713402712234935,"WBGene00021641","WBGene00021641",NA
"WBGene00021645",194.029638700091,-1.48723337619361,0.332553094941545,-4.47216820055465,7.74304845540157e-06,6.53313999840937e-05,"WBGene00021645","WBGene00021645",NA
"WBGene00021648",353.941163977932,1.23710318853365,0.397187963568458,3.11465427456344,0.00184160623067831,0.00732831796269916,"WBGene00021648","WBGene00021648",NA
"WBGene00021650",23.3376374827148,-6.35151148226634,1.3991243783002,-4.53963320257688,5.63521718006802e-06,4.99653592771168e-05,"WBGene00021650","WBGene00021650",NA
"WBGene00021678",31.7546854332642,-4.46711792643587,0.93284403650328,-4.78870824235597,1.67858317057632e-06,1.77428816601602e-05,"WBGene00021678","WBGene00021678",NA
"WBGene00021703",36.3459362368471,-2.08964081291157,0.707905088405308,-2.95186578983192,0.00315860184689738,0.0116565701517439,"WBGene00021703","WBGene00021703",NA
"WBGene00021709",1013.71251275661,-2.34534526221656,0.288283178680887,-8.13556057258797,4.10036556966015e-16,3.05242318162253e-14,"WBGene00021709","WBGene00021709",NA
"WBGene00021719",33.4104447138043,4.42151628991489,0.975990578504506,4.53028583194922,5.8903939729704e-06,5.1905919269831e-05,"WBGene00021719","WBGene00021719",NA
"WBGene00021720",23.1301995711506,-5.48659892348689,1.23830273019175,-4.43074119899364,9.39097410090167e-06,7.74764130161409e-05,"WBGene00021720","WBGene00021720",NA
"WBGene00021725",88.0342847385803,3.26062471235054,0.624499723772143,5.22117879036921,1.77787790106888e-07,2.51845479087983e-06,"WBGene00021725","WBGene00021725",NA
"WBGene00021726",74.5020079259199,6.43509665757782,0.887231453845756,7.25300780273798,4.07616591095588e-13,1.99522737552371e-11,"WBGene00021726","WBGene00021726",NA
"WBGene00021731",13.873615659508,2.28894451392049,0.715545800938245,3.19887910867363,0.00137963007891146,0.00573895597144399,"WBGene00021731","WBGene00021731",NA
"WBGene00021745",11.8906958411179,-3.39502286190596,0.825255454514853,-4.11390538933404,3.89020928750789e-05,0.000262897216767613,"WBGene00021745","WBGene00021745",NA
"WBGene00021773",26.5660753736935,3.82207781878993,1.06693763435111,3.58228793861456,0.000340598076806013,0.00173677071415924,"WBGene00021773","WBGene00021773",NA
"WBGene00021774",25.0850677663553,4.13724845697451,1.06059610862606,3.90087086245686,9.58472718067199e-05,0.000573438700683737,"WBGene00021774","WBGene00021774",NA
"WBGene00021787",32.3155479691787,-5.2807354127581,0.951444512436433,-5.55022951284394,2.85294803912137e-08,4.88935087807695e-07,"WBGene00021787","WBGene00021787",NA
"WBGene00021791",101.263545339506,-3.41220321226451,0.660557246490698,-5.16564344785,2.39613177525641e-07,3.25860242281064e-06,"WBGene00021791","WBGene00021791",NA
"WBGene00021814",45.6735376168361,-2.34766525976268,0.476887018661272,-4.92289613240699,8.52727179903271e-07,9.74262956223617e-06,"WBGene00021814","WBGene00021814",NA
"WBGene00021816",636.754160662642,1.03850126923103,0.231494185939708,4.48607927242502,7.25457592262432e-06,6.17567919369085e-05,"WBGene00021816","WBGene00021816",NA
"WBGene00021852",317.568533352048,-1.1597384995207,0.437751297591262,-2.64930910748224,0.00806565232152882,0.0255278685058883,"WBGene00021852","WBGene00021852",NA
"WBGene00021858",44.2269737706503,-3.34833473429114,0.771724821306713,-4.33876770818596,1.43283871488607e-05,0.000111483743886046,"WBGene00021858","WBGene00021858",NA
"WBGene00021863",99.6002142852981,1.19949801219857,0.416367782150451,2.88086173719642,0.00396589570649003,0.014133801851183,"WBGene00021863","WBGene00021863",NA
"WBGene00021871",17.0231790253993,-4.28114170300667,1.06427880815923,-4.02257535354981,5.75652284480777e-05,0.000368794177592279,"WBGene00021871","WBGene00021871",NA
"WBGene00021872",90.3019261647102,1.01244533934845,0.423643312356444,2.38985323223183,0.0168551069080852,0.0466608644271279,"WBGene00021872","WBGene00021872",NA
"WBGene00021873",17.370612750485,-2.88899315786588,0.819968688529375,-3.52329692374879,0.000426213579662142,0.00210209478747791,"WBGene00021873","WBGene00021873",NA
"WBGene00021878",40.0784025925846,-6.55277851040328,1.05700315386512,-6.19939352729637,5.66811464934276e-10,1.53436292960334e-08,"WBGene00021878","WBGene00021878",NA
"WBGene00021880",26.3680667551714,-5.18372157626619,1.08406624946409,-4.78173873490551,1.73785452708277e-06,1.82372648719486e-05,"WBGene00021880","WBGene00021880",NA
"WBGene00021908",25.3507487538873,-5.50625283031813,1.07808058286689,-5.10745942170261,3.26519187220703e-07,4.2349716360667e-06,"WBGene00021908","WBGene00021908",NA
"WBGene00021913",284.222167498993,4.4405181261911,0.566396326080751,7.83994867501668,4.50730622410827e-15,2.92831490278089e-13,"WBGene00021913","WBGene00021913",NA
"WBGene00021914",125.997750035798,1.17697509347412,0.248806070769114,4.73049186394783,2.2397650365413e-06,2.2592068925395e-05,"WBGene00021914","WBGene00021914",NA
"WBGene00021915",29.9085388397822,1.83159230677907,0.444061880301185,4.12463304784638,3.7132629431731e-05,0.000253174999031165,"WBGene00021915","WBGene00021915",NA
"WBGene00021919",25.8319587601657,3.54693634899119,0.579380715965368,6.12194408832068,9.2440463898767e-10,2.34133431641881e-08,"WBGene00021919","WBGene00021919",NA
"WBGene00021928",48.6367742468102,1.31480554102473,0.39258490677623,3.34909854742367,0.000810749531708909,0.00363147698424176,"WBGene00021928","WBGene00021928",NA
"WBGene00021948",58.0875269445885,-2.52133102115013,0.429563549258957,-5.86951808527444,4.37063678438444e-09,9.28224540255673e-08,"WBGene00021948","WBGene00021948",NA
"WBGene00021966",21.3268129762634,2.43125358176046,0.713764450023563,3.40624078669118,0.000658640619606644,0.00304363090075582,"WBGene00021966","WBGene00021966",NA
"WBGene00021968",30.4235434551248,-5.05852869616642,0.951772173271472,-5.31485248069296,1.06743767526909e-07,1.60598807290748e-06,"WBGene00021968","WBGene00021968",NA
"WBGene00021969",117.771169519413,-5.88242878887648,1.25268442842121,-4.69585847434079,2.65489319840438e-06,2.60084910793652e-05,"WBGene00021969","WBGene00021969",NA
"WBGene00021975",66.0694158417413,-1.7150483812946,0.395949007103927,-4.33148802124523,1.48105006427674e-05,0.000114777544786493,"WBGene00021975","WBGene00021975",NA
"WBGene00021977",1819.59568770713,-1.53409292328471,0.25345014756048,-6.05283894308498,1.42315138080788e-09,3.409985141619e-08,"WBGene00021977","WBGene00021977",NA
"WBGene00021978",442.019891457654,-4.25361363219707,0.330039940527125,-12.8881783986611,5.24685169901498e-38,2.58597418393176e-35,"WBGene00021978","WBGene00021978",NA
"WBGene00021979",526.737318493418,-1.42125283123944,0.277514559395134,-5.12136312536964,3.03334877445364e-07,3.97393712495563e-06,"WBGene00021979","WBGene00021979",NA
"WBGene00021993",380.41861753553,-5.14387686385129,1.20903590443892,-4.25452779769881,2.09490634779061e-05,0.000155707209719039,"WBGene00021993","WBGene00021993",NA
"WBGene00021994",58.6700394543211,-3.09857843962052,0.594166346856157,-5.21500158333717,1.83815665080004e-07,2.57828979488567e-06,"WBGene00021994","WBGene00021994",NA
"WBGene00021996",210.458597077775,-5.6086992257332,1.17469317584299,-4.77460782191762,1.80057794031763e-06,1.88263792984344e-05,"WBGene00021996","WBGene00021996",NA
"WBGene00021999",17.14929528252,-2.18836969990062,0.851312280807313,-2.57058396693791,0.0101527211323796,0.0308816435720583,"WBGene00021999","WBGene00021999",NA
"WBGene00022002",419.662625187175,-6.33677014951543,1.21058857745425,-5.23445394044693,1.65473327020402e-07,2.37222694393441e-06,"WBGene00022002","WBGene00022002",NA
"WBGene00022003",13.3970583518089,-2.93128346148135,0.844476444461692,-3.47112519325496,0.000518282302588843,0.00248751140057163,"WBGene00022003","WBGene00022003",NA
"WBGene00022006",64.442696343116,-6.11762667377205,0.899083251996849,-6.80429388511565,1.01546057150964e-11,3.96556774551564e-10,"WBGene00022006","WBGene00022006",NA
"WBGene00022007",64.442696343116,-6.11762667377205,0.899083251996849,-6.80429388511565,1.01546057150964e-11,3.96556774551564e-10,"WBGene00022007","WBGene00022007",NA
"WBGene00022008",10.5449860005607,-7.0362112729519,1.53748900912333,-4.57643029068801,4.72977213107066e-06,4.3004219509792e-05,"WBGene00022008","WBGene00022008",NA
"WBGene00022032",23.1135112962875,-6.48159786137445,1.31851059460701,-4.91584814554055,8.83989018134385e-07,1.00515950964159e-05,"WBGene00022032","WBGene00022032",NA
"WBGene00022033",13.3661043315435,4.35936251156624,0.912544776545393,4.7771491587179,1.77797889554073e-06,1.8644645894324e-05,"WBGene00022033","WBGene00022033",NA
"WBGene00022039",23.5441669455175,-1.48764928484751,0.521078601554204,-2.85494219185042,0.0043044663090233,0.015108972729585,"WBGene00022039","WBGene00022039",NA
"WBGene00022047",241.332953176515,-1.15547432419735,0.263272948529995,-4.38888359267076,1.13934030696271e-05,9.12302017222297e-05,"WBGene00022047","WBGene00022047",NA
"WBGene00022064",19.0228542543707,-4.56200223442796,0.978531020060064,-4.66209260708765,3.13010274994432e-06,2.99655449463859e-05,"WBGene00022064","WBGene00022064",NA
"WBGene00022072",421.38489405998,-2.12855191700187,0.320871824889764,-6.63365166989385,3.27482138147495e-11,1.14163468305906e-09,"WBGene00022072","WBGene00022072",NA
"WBGene00022073",45.5547826150977,1.15665352271614,0.396043341433876,2.92052258353462,0.00349444869259773,0.0126895719418952,"WBGene00022073","WBGene00022073",NA
"WBGene00022079",14.7756168766141,-5.95798372556588,1.77758726900322,-3.35172502045811,0.000803097438755948,0.00360284736099773,"WBGene00022079","WBGene00022079",NA
"WBGene00022090",142.620251640053,-6.7227318980338,1.36641379972765,-4.91998243824363,8.65519779505627e-07,9.86513094774635e-06,"WBGene00022090","WBGene00022090",NA
"WBGene00022102",10.8021641311297,-4.33427008372324,1.07497165278167,-4.03198546911223,5.53076075565634e-05,0.000356568170864213,"WBGene00022102","WBGene00022102",NA
"WBGene00022103",19.8862879943065,2.33822697228265,0.528412820457743,4.42500045751565,9.64420788196989e-06,7.91301166802501e-05,"WBGene00022103","WBGene00022103",NA
"WBGene00022104",28.7704647634209,2.07329891396658,0.461135189209865,4.49607612361807,6.92189636232671e-06,5.93845526450994e-05,"WBGene00022104","WBGene00022104",NA
"WBGene00022108",33.8117336138303,-4.70782348177278,0.809676751102321,-5.81444814287108,6.08342400963912e-09,1.24037631055309e-07,"WBGene00022108","WBGene00022108",NA
"WBGene00022111",20.0937878757332,2.90732512516661,0.732657974590419,3.96818874017157,7.24209681160453e-05,0.000449853497297973,"WBGene00022111","WBGene00022111",NA
"WBGene00022112",65.1624569891823,4.84974605872087,0.785689123937909,6.17260174662179,6.71752701588133e-10,1.78132863892378e-08,"WBGene00022112","WBGene00022112",NA
"WBGene00022129",147.540044217124,1.75086486811551,0.259552374858461,6.74570929690122,1.52281244735589e-11,5.74289137468541e-10,"WBGene00022129","WBGene00022129",NA
"WBGene00022133",12.6082578392435,-5.57404599525528,1.32109189548197,-4.21927196307696,2.4509247992016e-05,0.000177732461466202,"WBGene00022133","WBGene00022133",NA
"WBGene00022140",19.6955722240936,-2.00411950818842,0.712559877831307,-2.81256294458791,0.00491484031420438,0.0169105168295561,"WBGene00022140","WBGene00022140",NA
"WBGene00022143",26.8647686896532,-6.77743951394223,1.26276266536377,-5.36715227638585,7.99895206035135e-08,1.25086457110068e-06,"WBGene00022143","WBGene00022143",NA
"WBGene00022155",26.7689472126673,-2.86516160218481,0.674089534489822,-4.25041697814412,2.13372915349142e-05,0.000158428004108327,"WBGene00022155","WBGene00022155",NA
"WBGene00022157",27.2792156086919,-8.29341970231625,1.35446279817453,-6.12303247715157,9.18109716431903e-10,2.33082454297712e-08,"WBGene00022157","WBGene00022157",NA
"WBGene00022162",44.4363408037404,-5.95110306900877,1.16223103665947,-5.12041313757518,3.04867018874711e-07,3.9867010986059e-06,"WBGene00022162","WBGene00022162",NA
"WBGene00022196",131.160524331915,-1.22230226290945,0.450408544673399,-2.71376348731521,0.00665236419350907,0.0218150486092224,"WBGene00022196","WBGene00022196",NA
"WBGene00022200",384.61668059103,-1.08316640575158,0.310428223343328,-3.48926522880499,0.000484350309374546,0.00234274753701874,"WBGene00022200","WBGene00022200",NA
"WBGene00022230",18.9266370765792,-1.19716934744691,0.487367888261452,-2.45639767469597,0.0140337762203724,0.0400956249628517,"WBGene00022230","WBGene00022230",NA
"WBGene00022231",160.507458767844,-1.27840852151721,0.386644090398178,-3.30642198669237,0.000944956596185822,0.00414811567238451,"WBGene00022231","WBGene00022231",NA
"WBGene00022242",21.4918318261886,1.50971302837422,0.551651448905909,2.73671542306005,0.00620559495238163,0.0206031518360954,"WBGene00022242","WBGene00022242",NA
"WBGene00022262",39.388406181999,3.09433875801391,0.887929100861605,3.48489395719918,0.000492332115516619,0.00237572684911514,"WBGene00022262","WBGene00022262",NA
"WBGene00022288",15.7372428276775,-4.47519411629746,0.977182779085182,-4.57968991275822,4.65665796392012e-06,4.24474814447979e-05,"WBGene00022288","WBGene00022288",NA
"WBGene00022298",35.2714127964925,-1.97468795838567,0.606478701407973,-3.25598896350576,0.00112998143735311,0.00485009750272912,"WBGene00022298","WBGene00022298",NA
"WBGene00022326",17.8171853346502,2.04125559375095,0.556225187152371,3.66983667927963,0.000242705484752113,0.00129054668659299,"WBGene00022326","WBGene00022326",NA
"WBGene00022334",41.2145942965625,4.36328747423264,0.593661388268126,7.34979158230511,1.9851614828655e-13,1.01335403837845e-11,"WBGene00022334","WBGene00022334",NA
"WBGene00022349",274.746032788331,6.55949348059105,1.04702858375555,6.26486571843439,3.73146819052952e-10,1.04781679464123e-08,"WBGene00022349","WBGene00022349",NA
"WBGene00022358",307.353067151932,-1.26117558206671,0.237459662956324,-5.31111501787432,1.08956534779975e-07,1.63583587354011e-06,"WBGene00022358","WBGene00022358",NA
"WBGene00022365",56.680958730723,1.25669820759417,0.38421893418683,3.27078677227055,0.00107248742021998,0.00462834018635392,"WBGene00022365","WBGene00022365",NA
"WBGene00022367",27.139182682042,1.06693992354238,0.408686122231348,2.6106585604549,0.00903680685324753,0.0280301823683739,"WBGene00022367","WBGene00022367",NA
"WBGene00022370",12.3749892236352,2.94633458103576,0.835859125062993,3.52491764783176,0.000423614461784943,0.00209144093343426,"WBGene00022370","WBGene00022370",NA
"WBGene00022382",498.105041424667,-1.24017627733126,0.423053400657048,-2.9314887326402,0.00337341603187122,0.0123189155195543,"WBGene00022382","WBGene00022382",NA
"WBGene00022383",28.578708092633,-4.74584322158487,1.17335736309408,-4.04466991119427,5.23968962362478e-05,0.000339949540583155,"WBGene00022383","WBGene00022383",NA
"WBGene00022385",17.0432690529003,-3.36902981226964,0.925448985604117,-3.64042736517821,0.00027218588588404,0.001421912597566,"WBGene00022385","WBGene00022385",NA
"WBGene00022396",56.6360703126354,-1.46668603342705,0.509819725891588,-2.87687188027507,0.00401638630142526,0.0142659566118964,"WBGene00022396","WBGene00022396",NA
"WBGene00022397",24.9857978912134,-1.74985783751921,0.519224978739967,-3.37013415988901,0.000751315951402701,0.00340474283240292,"WBGene00022397","WBGene00022397",NA
"WBGene00022410",206.104580047175,-1.70286821405289,0.437021402925126,-3.89653276167949,9.75796130173575e-05,0.000582097416050539,"WBGene00022410","WBGene00022410",NA
"WBGene00022413",154.739694756485,-1.58978381320749,0.532733426407976,-2.98420135550121,0.00284319600801376,0.010666900883483,"WBGene00022413","WBGene00022413",NA
"WBGene00022416",19.4812343162775,2.13698624346129,0.598101037549966,3.57295190828483,0.000352979605780024,0.00179038054700499,"WBGene00022416","WBGene00022416",NA
"WBGene00022418",102.747274923055,3.04805377513714,0.391158885012901,7.79236748012668,6.57651316036762e-15,4.1776934489393e-13,"WBGene00022418","WBGene00022418",NA
"WBGene00022419",32.6052435826116,-1.46627113357828,0.385480870226697,-3.80374552105785,0.000142524596284797,0.000804543465520778,"WBGene00022419","WBGene00022419",NA
"WBGene00022441",29.1142731741026,5.136507174478,0.833571748976213,6.16204565568186,7.18111386433662e-10,1.87984726122644e-08,"WBGene00022441","WBGene00022441",NA
"WBGene00022455",594.818608670945,1.20750974215917,0.334391359589837,3.61106741406324,0.000304939378121024,0.00157574061152704,"WBGene00022455","WBGene00022455",NA
"WBGene00022467",26.1480825137097,-4.29581902003533,0.948295617948053,-4.53004204462184,5.89719495866618e-06,5.19338308960047e-05,"WBGene00022467","WBGene00022467",NA
"WBGene00022474",161.178652841942,-1.01278771582987,0.325257287480628,-3.11380483946939,0.00184691610185939,0.00734296852402677,"WBGene00022474","WBGene00022474",NA
"WBGene00022485",23.9094366200783,-1.48300316416009,0.422246863221581,-3.5121709439008,0.000444462017498062,0.00217548471611842,"WBGene00022485","WBGene00022485",NA
"WBGene00022487",26.6614647614775,-1.03954360607707,0.432236733342849,-2.40503299670393,0.0161710055977372,0.0450768997207307,"WBGene00022487","WBGene00022487",NA
"WBGene00022496",15.3164241117535,2.40627489103304,0.887941244194721,2.70994832908714,0.00672936906497792,0.0220198882888575,"WBGene00022496","WBGene00022496",NA
"WBGene00022499",120.279168333949,-1.05833586466485,0.346160172677,-3.05735884194967,0.00223296784448047,0.00868693777930305,"WBGene00022499","WBGene00022499",NA
"WBGene00022501",141.79355281681,1.04767455230481,0.373467050149508,2.80526635987136,0.00502750148666521,0.017236286579253,"WBGene00022501","WBGene00022501",NA
"WBGene00022505",47.1730910728507,-3.16029501188763,0.800141844720217,-3.94966846533651,7.82595144218719e-05,0.000481516676552654,"WBGene00022505","WBGene00022505",NA
"WBGene00022508",99.8574418424136,1.42613403539527,0.525753167138394,2.71255434020023,0.00667668333888327,0.0218775412569139,"WBGene00022508","WBGene00022508",NA
"WBGene00022548",10.3874816012936,-2.64024222477881,0.781887111974305,-3.37675629172614,0.000733460053027139,0.00333227734835248,"WBGene00022548","WBGene00022548",NA
"WBGene00022554",246.418638694551,1.56184994623924,0.266422252684622,5.86231041326749,4.56470657224345e-09,9.66568163512232e-08,"WBGene00022554","WBGene00022554",NA
"WBGene00022557",36.6964896724975,4.15875327469702,0.770139904896068,5.39999712812993,6.66419637995092e-08,1.06307320154731e-06,"WBGene00022557","WBGene00022557",NA
"WBGene00022559",23.8559509948667,3.42297045159705,1.07559985506768,3.18238277503456,0.00146068632115582,0.00601833081241859,"WBGene00022559","WBGene00022559",NA
"WBGene00022589",52.675732668719,-4.58049710452866,0.8732062224189,-5.24560749445882,1.55768207076553e-07,2.24888382196482e-06,"WBGene00022589","WBGene00022589",NA
"WBGene00022591",11.4899166330999,1.88992155561683,0.69037974870745,2.73751012997585,0.00619062134670165,0.0205582135010238,"WBGene00022591","WBGene00022591",NA
"WBGene00022597",193.501017990637,-1.34860216661354,0.394746840590295,-3.41637228710147,0.00063461423227906,0.00295361159946747,"WBGene00022597","WBGene00022597",NA
"WBGene00022609",17.4839992186762,-1.71193843083575,0.640290535402101,-2.67369004566131,0.00750217549900066,0.024080079588416,"WBGene00022609","WBGene00022609",NA
"WBGene00022610",288.754140758617,-1.56673948076654,0.421416701001457,-3.71779162297871,0.000200971930428151,0.00109178707776874,"WBGene00022610","WBGene00022610",NA
"WBGene00022617",13.9918566370552,-3.24636158472816,1.24460460007317,-2.60834773110859,0.00909804794324945,0.0282017781940717,"WBGene00022617","WBGene00022617",NA
"WBGene00022621",71.0570512728991,-5.7423244813974,0.859777044253508,-6.67885298843157,2.40819583916277e-11,8.71401091877302e-10,"WBGene00022621","WBGene00022621",NA
"WBGene00022632",22.6385939979761,-4.05244739672739,0.990279063978017,-4.09222768019395,4.272488456134e-05,0.000285689195145011,"WBGene00022632","WBGene00022632",NA
"WBGene00022633",237.226525784044,-1.32400476486921,0.303491843505265,-4.36257116361757,1.28542753686432e-05,0.000101059492763486,"WBGene00022633","WBGene00022633",NA
"WBGene00022634",29.8267237632779,-4.98080150539873,1.13649554893064,-4.38259657953375,1.17273150024649e-05,9.36939705591006e-05,"WBGene00022634","WBGene00022634",NA
"WBGene00022635",24.1114848474087,-1.19255423619932,0.494386845390387,-2.41218844578608,0.0158570832855223,0.0443793403955298,"WBGene00022635","WBGene00022635",NA
"WBGene00022641",13.2652601051767,-1.7746771378534,0.58112305296324,-3.05387495609413,0.00225906220246178,0.00876750228859647,"WBGene00022641","WBGene00022641",NA
"WBGene00022649",66.3719168001293,-2.83524383135802,0.973307904093307,-2.91299784932828,0.00357977066803981,0.0129369562979249,"WBGene00022649","WBGene00022649",NA
"WBGene00022650",44.7677294975354,-5.39357472270672,0.801497274817577,-6.72937375106398,1.70394856720362e-11,6.30946551063246e-10,"WBGene00022650","WBGene00022650",NA
"WBGene00022652",20.0962185952546,-5.97424933301604,1.25335219098104,-4.76661657912754,1.8734534769071e-06,1.94319815278905e-05,"WBGene00022652","WBGene00022652",NA
"WBGene00022657",9.91814206577672,-2.01366519994782,0.805391834323106,-2.50023046439279,0.0124112536804053,0.0364308972855745,"WBGene00022657","WBGene00022657",NA
"WBGene00022664",98.8436806200096,-1.07094529802664,0.384018912337664,-2.78878269694429,0.00529065507075851,0.0179529615095219,"WBGene00022664","WBGene00022664",NA
"WBGene00022667",351.794474533418,1.07145047881053,0.322767375984725,3.31957489675549,0.000901546175138878,0.00397709860532715,"WBGene00022667","WBGene00022667",NA
"WBGene00022669",211.982250533873,1.16174016627875,0.468302446185717,2.4807475932296,0.0131107175091048,0.03793349906025,"WBGene00022669","WBGene00022669",NA
"WBGene00022683",27.1537489923488,1.44170042619577,0.486466236873022,2.96361867878631,0.00304044794398727,0.0112817036509372,"WBGene00022683","WBGene00022683",NA
"WBGene00022705",70.0891789764373,-4.80943123481,0.910213634752038,-5.28384881437224,1.26497657840848e-07,1.87555085427307e-06,"WBGene00022705","WBGene00022705",NA
"WBGene00022706",33.3902433903448,-4.40800441499793,0.834613277847552,-5.28149327598294,1.28135186281684e-07,1.8958967055115e-06,"WBGene00022706","WBGene00022706",NA
"WBGene00022707",31.2112896376494,-6.81567788904858,1.27226626569542,-5.35711593777355,8.45608632424351e-08,1.31230012847353e-06,"WBGene00022707","WBGene00022707",NA
"WBGene00022708",24.8236047155919,-5.48760160488337,1.06602582764571,-5.14771918519327,2.63672821404547e-07,3.54788106939826e-06,"WBGene00022708","WBGene00022708",NA
"WBGene00022709",40.7505450632519,-5.10781731973478,0.951079423387613,-5.37054760531086,7.8497907180418e-08,1.23293471135133e-06,"WBGene00022709","WBGene00022709",NA
"WBGene00022727",42.4082743491649,1.35172644159654,0.414438787624291,3.2615828488089,0.00110792051622561,0.00476255877846999,"WBGene00022727","WBGene00022727",NA
"WBGene00022732",31.9054250371496,-5.45322035698226,0.956660718099554,-5.70026578264372,1.19620779786568e-08,2.2555934109359e-07,"WBGene00022732","WBGene00022732",NA
"WBGene00022741",45.9553238246847,3.22243852171116,0.626868373245411,5.14053453522948,2.7395796199075e-07,3.66207603129783e-06,"WBGene00022741","WBGene00022741",NA
"WBGene00022743",277.172499158446,-1.32754811027585,0.50271686900746,-2.64074709268638,0.00827234456743409,0.0260835254582694,"WBGene00022743","WBGene00022743",NA
"WBGene00022751",458.511660278247,-5.70519693640391,0.962331533305733,-5.92851500647165,3.05686481570755e-09,6.82683887670438e-08,"WBGene00022751","WBGene00022751",NA
"WBGene00022753",27.4642447387427,-4.87955227758823,0.967563151939173,-5.04313570417468,4.57964217377367e-07,5.65257561224068e-06,"WBGene00022753","WBGene00022753",NA
"WBGene00022754",349.080687871454,-5.70008167269316,1.05479490795104,-5.40397154909068,6.51812876811502e-08,1.04326555971633e-06,"WBGene00022754","WBGene00022754",NA
"WBGene00022760",12.0731300985706,-3.59005224790435,1.00557034280031,-3.57016520386509,0.0003567561605466,0.0018062755234476,"WBGene00022760","WBGene00022760",NA
"WBGene00022761",21.135828400833,-3.81705565701466,0.718063427741711,-5.31576391380799,1.06210785477527e-07,1.60063206302748e-06,"WBGene00022761","WBGene00022761",NA
"WBGene00022780",26.881929014718,-7.46041975626868,1.44350808748339,-5.16825629240165,2.36288141431969e-07,3.22566036818256e-06,"WBGene00022780","WBGene00022780",NA
"WBGene00022788",175.814137748941,1.02994607782261,0.368951545698151,2.79154834782896,0.00524565202026711,0.0178429567647972,"WBGene00022788","WBGene00022788",NA
"WBGene00022816",231.75094737209,4.40417016719873,0.484867308791443,9.08324831834167,1.05381839417787e-19,1.24481209156895e-17,"WBGene00022816","WBGene00022816",NA
"WBGene00022823",41.3216179822203,-1.27509762374593,0.385274300003115,-3.30958390875182,0.000934347556836168,0.00410532727631704,"WBGene00022823","WBGene00022823",NA
"WBGene00022834",21.4992020574717,-2.50094722776788,0.766064383198579,-3.26466976225363,0.00109591768184156,0.00471521716633395,"WBGene00022834","WBGene00022834",NA
"WBGene00022837",11.2676934872957,3.19659880475629,0.826596364339224,3.86718227016596,0.00011010013732057,0.00064494314046021,"WBGene00022837","WBGene00022837",NA
"WBGene00022847",160.188992915987,-1.35854366629153,0.342519828966456,-3.96632122114186,7.29904779977692e-05,0.000452604295888119,"WBGene00022847","WBGene00022847",NA
"WBGene00022848",407.913686487067,-1.19738677491473,0.253742518681383,-4.71890474303304,2.37117812014068e-06,2.37441174968362e-05,"WBGene00022848","WBGene00022848",NA
"WBGene00022849",59.0036400505059,-5.1980255069892,0.790783187981382,-6.57326254021422,4.92245501704153e-11,1.6324048621479e-09,"WBGene00022849","WBGene00022849",NA
"WBGene00022867",63.9361663261858,-1.04827045227444,0.29740756006149,-3.52469336037628,0.000423973261932691,0.00209248958315054,"WBGene00022867","WBGene00022867",NA
"WBGene00022876",50.1130804591571,-6.29725346231588,0.994128309052848,-6.33444737965018,2.38193442119365e-10,6.90567721746872e-09,"WBGene00022876","WBGene00022876",NA
"WBGene00022887",44.8913915118939,-2.76255521899308,0.52889338070236,-5.22327433049827,1.75786663698311e-07,2.49505341036739e-06,"WBGene00022887","WBGene00022887",NA
"WBGene00022888",41.8357353899798,-6.17103336180695,1.13368243325656,-5.44335272451945,5.22869655933981e-08,8.58022501982134e-07,"WBGene00022888","WBGene00022888",NA
"WBGene00023245",18.1287849343913,2.72013547132697,0.711518294265312,3.82300145091235,0.000131837003505285,0.000753437141583781,"WBGene00023245","WBGene00023245",NA
"WBGene00023404",65.2126952666919,1.16765778118072,0.324966957641821,3.59315848495501,0.000326693745209381,0.00167303249741228,"WBGene00023404","WBGene00023404",NA
"WBGene00023423",42.7108115258492,-2.90816911621574,0.542327228840774,-5.36238817002045,8.21288142045782e-08,1.28011683906874e-06,"WBGene00023423","WBGene00023423",NA
"WBGene00023424",40.140425186139,-6.25670033373909,1.01845982914222,-6.14329613668579,8.08263895582861e-10,2.09664534656367e-08,"WBGene00023424","WBGene00023424",NA
"WBGene00023451",303.577221347341,-1.17300219912843,0.355879985710576,-3.29606116170407,0.000980506665224605,0.00429245671885878,"WBGene00023451","WBGene00023451",NA
"WBGene00023486",78.662684518667,-2.70391346585318,0.472907374383668,-5.71763861660465,1.08014553966711e-08,2.06397328856443e-07,"WBGene00023486","WBGene00023486",NA
"WBGene00023490",53.6752084998266,-5.83656346323753,1.02615794054912,-5.68778277943669,1.28699380018173e-08,2.40772282539233e-07,"WBGene00023490","WBGene00023490",NA
"WBGene00023491",96.3624301171448,1.27889782023006,0.379876877371934,3.36661138492486,0.000760978435133737,0.0034441623728203,"WBGene00023491","WBGene00023491",NA
"WBGene00023498",215.600235951336,1.23595224600757,0.379202974854352,3.25934216756154,0.00111670896311339,0.00479745152082346,"WBGene00023498","WBGene00023498",NA
"WBGene00023501",35.3055812320187,-1.14424494241756,0.479122338110447,-2.38821038261378,0.0169306467536804,0.0467974732257503,"WBGene00023501","WBGene00023501",NA
"WBGene00043050",15.6904603363223,-1.34935644875325,0.565591480225963,-2.38574394404625,0.0170446139166267,0.0469943415722118,"WBGene00043050","WBGene00043050",NA
"WBGene00043062",85.9762533878064,-1.5383827411833,0.34567335717417,-4.45039430796564,8.57127691482221e-06,7.14756481584328e-05,"WBGene00043062","WBGene00043062",NA
"WBGene00043067",11.2852166377656,2.11141046301875,0.722894432104207,2.92077289469893,0.00349164251896125,0.0126826039449843,"WBGene00043067","WBGene00043067",NA
"WBGene00043147",131.458924269338,-5.50372294583529,1.45460550169834,-3.78365332690503,0.00015454304552559,0.000863182395348677,"WBGene00043147","WBGene00043147",NA
"WBGene00043743",411.981516301965,-6.10576374761354,1.50291964894143,-4.06260158479801,4.85288176176789e-05,0.000318175408352975,"WBGene00043743","WBGene00043743",NA
"WBGene00043948",20.0495355488406,-1.64455647213239,0.63476062353981,-2.59082937905213,0.00957449482615261,0.0294360624973541,"WBGene00043948","WBGene00043948",NA
"WBGene00043952",10.7956710184286,-1.97199691961787,0.741080082508503,-2.66097681770477,0.00779143213540481,0.0248300868475677,"WBGene00043952","WBGene00043952",NA
"WBGene00043982",48.8529369539885,-1.3568435602656,0.333853146476871,-4.06419281826239,4.8198969627568e-05,0.000316343773927573,"WBGene00043982","WBGene00043982",NA
"WBGene00043985",27.0277470257777,-1.01493951984195,0.428622668800237,-2.36790910448782,0.0178889302299662,0.0489539497945446,"WBGene00043985","WBGene00043985",NA
"WBGene00044003",10.005339099823,-6.21512256752045,1.57745782984703,-3.9399611513692,8.14948051110114e-05,0.000499273574561374,"WBGene00044003","WBGene00044003",NA
"WBGene00044005",30.4717301482353,-4.36613834075472,0.793370334333197,-5.50327905116886,3.72791650899475e-08,6.24655459121477e-07,"WBGene00044005","WBGene00044005",NA
"WBGene00044019",153.889458012619,-1.5171396973227,0.376705443800184,-4.02738989385944,5.63994645053606e-05,0.000362137262432668,"WBGene00044019","WBGene00044019",NA
"WBGene00044034",14.563290596276,1.91912811539875,0.712760752427481,2.69252776455872,0.00709126309323619,0.0229778788010938,"WBGene00044034","WBGene00044034",NA
"WBGene00044035",14.6131074097422,-2.6662129519697,0.743014181133509,-3.58837424596964,0.000332746422455429,0.00169976576703197,"WBGene00044035","WBGene00044035",NA
"WBGene00044047",11.5369388656934,3.74100767402219,0.832300475996695,4.49478016883537,6.9641855375335e-06,5.96757217553755e-05,"WBGene00044047","WBGene00044047",NA
"WBGene00044062",18.5859024375835,-4.68628578430368,1.01563017253556,-4.61416558017786,3.94677694523728e-06,3.67260956238779e-05,"WBGene00044062","WBGene00044062",NA
"WBGene00044066",70.6611670456799,4.54081685288461,0.776171607891067,5.85027435520663,4.9076282896426e-09,1.02851511941146e-07,"WBGene00044066","WBGene00044066",NA
"WBGene00044068",99.4996263798914,1.74354770319992,0.415448589049854,4.1967833064194,2.70732740627774e-05,0.000192516189242721,"WBGene00044068","WBGene00044068",NA
"WBGene00044070",114.016371200937,-1.77665768875999,0.424392665856021,-4.18635342148616,2.83471849257574e-05,0.000199294792987629,"WBGene00044070","WBGene00044070",NA
"WBGene00044073",22.0712063602267,2.38413895302693,0.53239325892425,4.47815390796703,7.52913128012436e-06,6.37900849951497e-05,"WBGene00044073","WBGene00044073",NA
"WBGene00044078",54.7113476240589,-1.29407353870276,0.487169730460048,-2.65630940879831,0.00790010932365916,0.02508135552267,"WBGene00044078","WBGene00044078",NA
"WBGene00044080",2897.71678837743,-1.11351347654596,0.234143571113604,-4.75568674061819,1.97772945518892e-06,2.03364655417376e-05,"WBGene00044080","WBGene00044080",NA
"WBGene00044120",17.1553440964669,-1.73332472988879,0.568048698248363,-3.05136643255002,0.00227802376501048,0.00882857746022093,"WBGene00044120","WBGene00044120",NA
"WBGene00044122",21.029556643209,-5.58840849358254,1.19450491847234,-4.67843070979532,2.89078823468482e-06,2.80515522697484e-05,"WBGene00044122","WBGene00044122",NA
"WBGene00044150",14.1892600917822,-1.87667253762655,0.643370052654791,-2.91694108216986,0.00353482536801338,0.0127971780610474,"WBGene00044150","WBGene00044150",NA
"WBGene00044174",36.4687749309184,-1.68620692548804,0.590382800095851,-2.85612474688333,0.00428846603216688,0.0150750233639354,"WBGene00044174","WBGene00044174",NA
"WBGene00044177",76.2566879408586,-6.40943070003201,0.997058186687451,-6.42834168116729,1.29003514698965e-10,3.91474996941042e-09,"WBGene00044177","WBGene00044177",NA
"WBGene00044178",120.80539294093,-1.04614799395107,0.359733161710216,-2.90812220084896,0.00363606222810427,0.0131105543456847,"WBGene00044178","WBGene00044178",NA
"WBGene00044191",204.886338897379,-2.06388924617119,0.391582925062044,-5.27063136331643,1.35955281624193e-07,2.00330808273669e-06,"WBGene00044191","WBGene00044191",NA
"WBGene00044197",21.9612302867297,6.61272934427176,1.46634428308815,4.50967035541287,6.4928437758263e-06,5.6243767325991e-05,"WBGene00044197","WBGene00044197",NA
"WBGene00044200",65.5044515353792,1.77014246212251,0.451299645471691,3.92232185396996,8.76997327969439e-05,0.000530466475186931,"WBGene00044200","WBGene00044200",NA
"WBGene00044205",20.5378868138927,-3.48495151493294,0.797269851466934,-4.37110660652829,1.23618413991965e-05,9.78879773510887e-05,"WBGene00044205","WBGene00044205",NA
"WBGene00044206",157.115432368751,-1.58380649135006,0.563132694834801,-2.81249251886303,0.00491591670235819,0.0169105168295561,"WBGene00044206","WBGene00044206",NA
"WBGene00044243",10.3591432495751,-4.33006236680772,1.3652424818279,-3.17164344388866,0.00151578987906497,0.00621134883643224,"WBGene00044243","WBGene00044243",NA
"WBGene00044281",64.3726389112337,5.66204885931604,0.913880227914181,6.19561369900624,5.80583633964053e-10,1.56276494919929e-08,"WBGene00044281","WBGene00044281",NA
"WBGene00044283",100.104089088383,-1.52978848774168,0.389574956115281,-3.92681424647069,8.60784069192804e-05,0.000522080828356687,"WBGene00044283","WBGene00044283",NA
"WBGene00044300",15.3820041544847,-4.11706528073382,1.05619250848375,-3.89802545242837,9.69802252979662e-05,0.000578763407174877,"WBGene00044300","WBGene00044300",NA
"WBGene00044303",15.8200043756108,2.32598743237193,0.540139798791825,4.30626929838286,1.66030913620334e-05,0.000126767085917491,"WBGene00044303","WBGene00044303",NA
"WBGene00044312",27.9125962900884,-3.91878843556425,0.778300268033435,-5.03505985609644,4.77699542039186e-07,5.86577281302928e-06,"WBGene00044312","WBGene00044312",NA
"WBGene00044314",11.3080875068876,3.96800193276945,0.985894120424254,4.02477492315495,5.70298343192196e-05,0.000365691979329119,"WBGene00044314","WBGene00044314",NA
"WBGene00044330",41.6829451559163,1.32192483887225,0.321156070616316,4.11614464062722,3.85262584591735e-05,0.000261095077162519,"WBGene00044330","WBGene00044330",NA
"WBGene00044347",24.355211979064,-3.22460389250059,0.763435976347544,-4.22380395004156,2.40213029853133e-05,0.000174993110891479,"WBGene00044347","WBGene00044347",NA
"WBGene00044350",98.7821821935464,-1.55088152225191,0.305532500318917,-5.07599525625944,3.85472909393855e-07,4.88003923291972e-06,"WBGene00044350","WBGene00044350",NA
"WBGene00044355",19.3255922207517,1.66307225818654,0.614015178302468,2.70851978412706,0.0067584082549055,0.0220744810757231,"WBGene00044355","WBGene00044355",NA
"WBGene00044379",25.6200405898674,-4.75615050016272,1.13693500086349,-4.18330906916443,2.87296385807275e-05,0.000201686013867553,"WBGene00044379","WBGene00044379",NA
"WBGene00044388",27.2190540946538,-5.8575710459722,1.25228566560039,-4.67750386902646,2.90388096939192e-06,2.81390987766228e-05,"WBGene00044388","WBGene00044388",NA
"WBGene00044417",22.5193691720883,4.92668544710044,0.915761259212676,5.3798797421679,7.4535612120121e-08,1.17327918946354e-06,"WBGene00044417","WBGene00044417",NA
"WBGene00044418",28.3127719129514,-1.41372316066766,0.532141442345165,-2.65666803629751,0.00789171104505783,0.0250641705294297,"WBGene00044418","WBGene00044418",NA
"WBGene00044436",30.4291061971999,2.75081563967508,0.726020125035275,3.78889722862906,0.000151317491289305,0.000847152723461824,"WBGene00044436","WBGene00044436",NA
"WBGene00044447",34.9447554031807,-5.54792951881661,1.08255588339308,-5.1248435336452,2.97784934250429e-07,3.90839308102974e-06,"WBGene00044447","WBGene00044447",NA
"WBGene00044459",40.788962998808,1.73114039831298,0.490577328023529,3.52878190536753,0.000417477032727821,0.00206756730033913,"WBGene00044459","WBGene00044459",NA
"WBGene00044472",10.7233651710514,4.26806418173053,1.10945282954321,3.84699923068186,0.000119573344741102,0.000692488580382727,"WBGene00044472","WBGene00044472",NA
"WBGene00044475",26.0707530874329,-6.29263444803543,1.27925388040575,-4.91898796979967,8.69928153502703e-07,9.90747657212282e-06,"WBGene00044475","WBGene00044475",NA
"WBGene00044479",21.5730557037484,2.72879660590303,0.707500159808151,3.85695546223337,0.000114808071008818,0.000668412121763355,"WBGene00044479","WBGene00044479",NA
"WBGene00044508",110.085478501458,1.14754833610589,0.355280148122719,3.22998158543186,0.00123798191394999,0.00524591624550467,"WBGene00044508","WBGene00044508",NA
"WBGene00044526",21.5039184175887,2.22141877136211,0.768659558652004,2.88999043381157,0.00385253549728018,0.0137902053249751,"WBGene00044526","WBGene00044526",NA
"WBGene00044529",26.4898346039438,-4.45005761178519,0.948068743073273,-4.69381323274072,2.68158875017556e-06,2.61802923540023e-05,"WBGene00044529","WBGene00044529",NA
"WBGene00044530",12.7223049772497,1.52490492808207,0.6301888083144,2.41975882142498,0.0155308039520236,0.0436199215732509,"WBGene00044530","WBGene00044530",NA
"WBGene00044553",155.12257695142,-2.40818468955872,0.403800021559245,-5.96380525255963,2.46430427906587e-09,5.6175918757079e-08,"WBGene00044553","WBGene00044553",NA
"WBGene00044554",32.5020003175733,-1.34989293931456,0.541707393802214,-2.49192267773887,0.0127053693340169,0.0370323842176339,"WBGene00044554","WBGene00044554",NA
"WBGene00044567",21.1761318636435,5.21359677211136,1.18269741774297,4.40822537861024,1.04221061356117e-05,8.44462375262457e-05,"WBGene00044567","WBGene00044567",NA
"WBGene00044633",48.2789144125424,-5.0288243957152,0.792492718862497,-6.34557804257597,2.21591827673986e-10,6.46369794478424e-09,"WBGene00044633","WBGene00044633",NA
"WBGene00044634",10.3715545261059,-7.12095145656325,1.54078926087948,-4.62162583642269,3.8074426964238e-06,3.55684826535852e-05,"WBGene00044634","WBGene00044634",NA
"WBGene00044644",167.193905008065,-1.17961975022361,0.403698029086036,-2.9220349499705,0.00347752515469942,0.0126409631322784,"WBGene00044644","WBGene00044644",NA
"WBGene00044674",123.187754949787,-5.06806181928185,0.711986164912013,-7.11820266887933,1.09343511407803e-12,5.05775666197972e-11,"WBGene00044674","WBGene00044674",NA
"WBGene00044683",9.92847291656174,-2.52454390099259,1.01346913527271,-2.49099238756123,0.0127386849112731,0.0370898397712012,"WBGene00044683","WBGene00044683",NA
"WBGene00044684",29.5241216290181,-5.67674532117337,1.16357249070178,-4.87872080728687,1.06776081833968e-06,1.18674225322932e-05,"WBGene00044684","WBGene00044684",NA
"WBGene00044692",50.8477795544054,4.53721907356106,1.03884834243501,4.36754710791186,1.25649701178468e-05,9.92764609698088e-05,"WBGene00044692","WBGene00044692",NA
"WBGene00044693",12.9022229622143,3.13481912445703,1.02481185432836,3.05892160713883,0.00222135268880543,0.00864645805585402,"WBGene00044693","WBGene00044693",NA
"WBGene00044694",24.9663452050538,3.03995560682341,0.994961375008446,3.05535037156352,0.00224797739977125,0.00873434268095668,"WBGene00044694","WBGene00044694",NA
"WBGene00044698",38.918772982005,1.98267956025179,0.476993735251508,4.15661551447079,3.22996893258872e-05,0.000223563902922473,"WBGene00044698","WBGene00044698",NA
"WBGene00044725",23.9179969600027,3.56502914848152,0.631314925523015,5.64699012228811,1.6328120806484e-08,2.95041505293396e-07,"WBGene00044725","WBGene00044725",NA
"WBGene00044733",14.3290986524531,4.00829991604321,0.973824817999635,4.11603795873347,3.85440854133433e-05,0.000261095077162519,"WBGene00044733","WBGene00044733",NA
"WBGene00044761",16.6383072796482,-1.70253028387088,0.66383474724444,-2.564689918595,0.0103268046853053,0.0313112047872441,"WBGene00044761","WBGene00044761",NA
"WBGene00044763",18.2246036606609,-4.88092663165977,1.02203335232025,-4.77570190892396,1.79081504966838e-06,1.87517359010331e-05,"WBGene00044763","WBGene00044763",NA
"WBGene00044777",17.2070809397398,-5.45533268580287,1.3352961464699,-4.08548523129123,4.39847984045264e-05,0.000292938573405045,"WBGene00044777","WBGene00044777",NA
"WBGene00044797",20.0632861021432,1.90633920619178,0.598211410887019,3.18673159939408,0.00143890234987686,0.00594228005974862,"WBGene00044797","WBGene00044797",NA
"WBGene00044798",18.9772270658462,3.84367450582744,0.927976931483717,4.1419935942609,3.44299961740736e-05,0.000236249608889119,"WBGene00044798","WBGene00044798",NA
"WBGene00044949",89.0762429607148,1.56545164641499,0.307722618293863,5.08721671190268,3.6335655443623e-07,4.63701360049735e-06,"WBGene00044949","WBGene00044949",NA
"WBGene00044976",13.6459627876588,4.24748478409137,1.00219639139019,4.23817609061583,2.25342998776446e-05,0.000165982403110939,"WBGene00044976","WBGene00044976",NA
"WBGene00045036",11.2242073531059,-4.29243744577172,0.981328474746086,-4.37410872733757,1.21929601026767e-05,9.68591005625613e-05,"WBGene00045036","WBGene00045036",NA
"WBGene00045058",55.6586045150591,3.39834883544968,0.570894950796458,5.95266927953844,2.63804042849644e-09,5.98500188007931e-08,"WBGene00045058","WBGene00045058",NA
"WBGene00045077",19.4404376162771,3.63781849491372,0.802704888179501,4.53195009583675,5.84416580197495e-06,5.15621369182889e-05,"WBGene00045077","WBGene00045077",NA
"WBGene00045183",13.7539460011629,3.74698725682155,0.834548437176805,4.48983796494453,7.12773732993189e-06,6.09310703688495e-05,"WBGene00045183","WBGene00045183",NA
"WBGene00045239",78.8986371118568,-1.19930982955761,0.386735171206496,-3.10111393751991,0.00192794091518022,0.00762480893765104,"WBGene00045239","WBGene00045239",NA
"WBGene00045245",224.158782886425,-1.46538664156036,0.34649205752416,-4.22920701857124,2.34516471097411e-05,0.000171630513128279,"WBGene00045245","WBGene00045245",NA
"WBGene00045247",12.6244488394766,-4.55220023517047,1.30901883588088,-3.47756664028989,0.000505987255551018,0.00243586252731246,"WBGene00045247","WBGene00045247",NA
"WBGene00045253",42.6517246823765,-1.32102904197569,0.529097849415202,-2.49675753442541,0.0125334622335252,0.036656594168974,"WBGene00045253","WBGene00045253",NA
"WBGene00045261",242.140486931158,2.16372645447219,0.321946610152059,6.72076172334983,1.80777006960912e-11,6.64227701926045e-10,"WBGene00045261","WBGene00045261",NA
"WBGene00045271",104.695756034804,-1.68585164657509,0.449451639064477,-3.75090777304573,0.000176195505130278,0.000968600905702715,"WBGene00045271","WBGene00045271",NA
"WBGene00045272",124.901479306381,2.1376127300984,0.452666916318486,4.72226410421924,2.33233537201746e-06,2.34430868299898e-05,"WBGene00045272","WBGene00045272",NA
"WBGene00045305",117.040289426683,-1.36260214455108,0.27606013116423,-4.93588892682389,7.97865086020369e-07,9.19668199555575e-06,"WBGene00045305","WBGene00045305",NA
"WBGene00045306",12.981049667653,-5.45295871092552,1.44510738686991,-3.77339342423304,0.000161042030870113,0.000894935360507981,"WBGene00045306","WBGene00045306",NA
"WBGene00045338",29.9646447471559,-1.18944207878956,0.463200667829156,-2.56787643326168,0.0102323623576763,0.0310775935355433,"WBGene00045338","WBGene00045338",NA
"WBGene00045355",115.018117001773,-5.42336035216998,1.44780002503363,-3.74593193700492,0.000179725318817588,0.000986487704247231,"WBGene00045355","WBGene00045355",NA
"WBGene00045379",15.1647627318312,3.11938614358829,0.698898750895375,4.4632876215503,8.07115944163452e-06,6.78594599407543e-05,"WBGene00045379","WBGene00045379",NA
"WBGene00045387",32.4498435247185,-2.67384892937074,0.657629831639843,-4.06588752627496,4.78500101783648e-05,0.000314735478821614,"WBGene00045387","WBGene00045387",NA
"WBGene00045405",15.9348759973431,-2.36348207998876,0.848122121112861,-2.78672377615564,0.00532438424019802,0.0180377871403532,"WBGene00045405","WBGene00045405",NA
"WBGene00045416",63.30980621546,-1.90790126870978,0.367901242828053,-5.18590601663578,2.1496720329832e-07,2.96289897467974e-06,"WBGene00045416","WBGene00045416",NA
"WBGene00045457",48.7607617287119,1.09906240942248,0.460633180711449,2.38598185160038,0.0170335916226711,0.0469803515047735,"WBGene00045457","WBGene00045457",NA
"WBGene00045468",10.3665446313292,-2.49511561515765,0.93222619416401,-2.6765130939012,0.00743926588463918,0.0239103726757697,"WBGene00045468","WBGene00045468",NA
"WBGene00045475",13.3009466707176,-2.46412975351939,0.813217376361538,-3.03009973119892,0.00244472996927349,0.00939561605174585,"WBGene00045475","WBGene00045475",NA
"WBGene00045484",25.8745187199396,-1.76493690283212,0.669828419837454,-2.63490895662566,0.00841598535068166,0.0264547346860112,"WBGene00045484","WBGene00045484",NA
"WBGene00050899",43.8907189359562,-3.66949981182997,0.610833021602661,-6.00736974271986,1.88557182360638e-09,4.40367288804019e-08,"WBGene00050899","WBGene00050899",NA
"WBGene00050903",17.5668598027616,3.83745956119838,0.71080900616049,5.39872107407138,6.71176267863908e-08,1.06827643614464e-06,"WBGene00050903","WBGene00050903",NA
"WBGene00050904",53.5068531203801,-2.15149114512722,0.470246127536373,-4.57524479021,4.75663488740343e-06,4.31660840924808e-05,"WBGene00050904","WBGene00050904",NA
"WBGene00050913",19.1167318510067,-4.11831629169843,1.02123957207354,-4.0326642291549,5.51480491498053e-05,0.00035574194923476,"WBGene00050913","WBGene00050913",NA
"WBGene00050915",15.6772378297627,-4.01770897066982,1.05797864212061,-3.79753315493849,0.000146143234236457,0.000822372144465227,"WBGene00050915","WBGene00050915",NA
"WBGene00050927",9.76279156834545,1.6580172623645,0.635095044287618,2.6106600536055,0.00903676740138323,0.0280301823683739,"WBGene00050927","WBGene00050927",NA
"WBGene00050943",61.5486094459081,-2.72223231597899,0.427719096878569,-6.36453302142795,1.95884777819318e-10,5.77274459664229e-09,"WBGene00050943","WBGene00050943",NA
"WBGene00050945",13.4746333346085,-2.21747188132712,0.799574902383548,-2.77331351286389,0.00554886339295095,0.0186875363985504,"WBGene00050945","WBGene00050945",NA
"WBGene00050956",44.6814011191907,-5.11582594880621,0.808544192949195,-6.3272063461937,2.49639431699125e-10,7.20827555005169e-09,"WBGene00050956","WBGene00050956",NA
"WBGene00077437",74.9718277874891,-1.08713081128656,0.333956286902211,-3.25530871531369,0.00113269169003092,0.0048588122225726,"WBGene00077437","WBGene00077437",NA
"WBGene00077519",40.6424676052187,-6.90956498077041,1.21062466951016,-5.70743778380641,1.1468952233283e-08,2.17986348763716e-07,"WBGene00077519","WBGene00077519",NA
"WBGene00077539",10.1066436682839,2.20434358780724,0.813500197955616,2.70970258316705,0.00673435654022387,0.0220311645752849,"WBGene00077539","WBGene00077539",NA
"WBGene00077563",11.1627467305457,-7.17533713443756,1.62929284257979,-4.40395793004054,1.06293564826094e-05,8.57850887667621e-05,"WBGene00077563","WBGene00077563",NA
"WBGene00077569",17.0330167729142,-6.76111491731981,1.36600585886912,-4.94955045281954,7.43850938689682e-07,8.70750324872369e-06,"WBGene00077569","WBGene00077569",NA
"WBGene00077663",9.79189588310738,3.30441489336465,1.03390510450825,3.19605240263931,0.0013932180572504,0.00578705774259806,"WBGene00077663","WBGene00077663",NA
"WBGene00077701",141.593731279699,-1.00928395024364,0.305127197243425,-3.3077482419191,0.000940493163949021,0.00413105986242266,"WBGene00077701","WBGene00077701",NA
"WBGene00077772",11.7470379873376,2.07754308429188,0.778803422764881,2.66760908281099,0.00763930858353715,0.0244707838602637,"WBGene00077772","WBGene00077772",NA
"WBGene00086554",37.3217850074723,-5.73971298231618,1.08133962340827,-5.30796510001661,1.10855860622293e-07,1.65912336740779e-06,"WBGene00086554","WBGene00086554",NA
"WBGene00086555",10.4285677016006,3.24387530859463,1.08758052496784,2.98265299361677,0.00285761784313445,0.0107033364339415,"WBGene00086555","WBGene00086555",NA
"WBGene00164968",31.2401439317369,-1.65048190651291,0.426876339022891,-3.86641693538418,0.000110446057496892,0.000646704424335551,"WBGene00164968","WBGene00164968",NA
"WBGene00175035",19.8610477836104,-3.69557454558797,0.923330891842553,-4.00243788899261,6.26931290969369e-05,0.00039790092992119,"WBGene00175035","WBGene00175035",NA
"WBGene00185076",10.292467716761,-2.04405972685791,0.711939046935168,-2.87111619408627,0.00409025146763621,0.01448512493234,"WBGene00185076","WBGene00185076",NA
"WBGene00185092",25.4201581116114,-1.22084283535158,0.473159688073607,-2.58019198618133,0.0098745401092022,0.0302006398604206,"WBGene00185092","WBGene00185092",NA
"WBGene00189952",20.9570705795247,-2.5514355060647,0.803122973404486,-3.17689269334311,0.00148862104347327,0.00611228399148618,"WBGene00189952","WBGene00189952",NA
"WBGene00194651",93.9079890689813,1.53817982855943,0.384634333241976,3.99907053432941,6.35917278722251e-05,0.000402888548970618,"WBGene00194651","WBGene00194651",NA
"WBGene00194658",15.5499303710575,4.46272082025493,1.36579867783539,3.2674807002506,0.00108509264545404,0.00467567958440596,"WBGene00194658","WBGene00194658",NA
"WBGene00194663",30.7942585297684,-1.44307654599524,0.500635319916856,-2.88249048476026,0.00394545051984058,0.0140804804694336,"WBGene00194663","WBGene00194663",NA
"WBGene00194700",52.9007851774105,-6.99818103851805,1.05269827207204,-6.64785078894776,2.97403564195723e-11,1.04699239976588e-09,"WBGene00194700","WBGene00194700",NA
"WBGene00194703",294.041128654605,-5.82170020298166,1.51159064565366,-3.85137353139956,0.000117457183494327,0.000682168030753523,"WBGene00194703","WBGene00194703",NA
"WBGene00194708",20.149653075962,-3.05275572768645,0.862178870601098,-3.54074523487001,0.000398998644980522,0.00198776146138257,"WBGene00194708","WBGene00194708",NA
"WBGene00194713",24.919881780499,-1.86184382803079,0.606416174264965,-3.07024104409407,0.0021388607391685,0.00835494302949861,"WBGene00194713","WBGene00194713",NA
"WBGene00194816",22.4730511445188,-5.3935509242716,1.2084936174741,-4.4630363340642,8.08063441748979e-06,6.78633778710566e-05,"WBGene00194816","WBGene00194816",NA
"WBGene00194894",14.6313203993607,-7.57680758402289,1.60567962495695,-4.71875426844633,2.37293244169801e-06,2.37441174968362e-05,"WBGene00194894","WBGene00194894",NA
"WBGene00194912",18.1003621463598,-5.84419936682754,1.3219790826775,-4.42079564147933,9.83381418729774e-06,8.03169749594552e-05,"WBGene00194912","WBGene00194912",NA
"WBGene00195183",36.1346898021842,-1.33353738096024,0.350336352131368,-3.80644878228394,0.000140976470900917,0.000798643162341186,"WBGene00195183","WBGene00195183",NA
"WBGene00195233",18.5855848414723,-1.36322463873141,0.501546656389446,-2.71804152488035,0.00656695959305191,0.0216071716076176,"WBGene00195233","WBGene00195233",NA
"WBGene00198814",381.078566329749,-1.79808277686472,0.632462279805339,-2.84298816590001,0.0044692729847576,0.0156222349648179,"WBGene00198814","WBGene00198814",NA
"WBGene00206361",14.3588173247513,-5.69848344382431,1.2432211891515,-4.58364408003175,4.56941769488345e-06,4.18658250724161e-05,"WBGene00206361","WBGene00206361",NA
"WBGene00206519",16.0947809543187,4.58049529630651,1.18413593494597,3.86821745808729,0.00010963387346579,0.00064278805135417,"WBGene00206519","WBGene00206519",NA
"WBGene00219216",32.6582461310078,-2.29658747974826,0.601823421937171,-3.81604868809513,0.000135605757821068,0.00077188892733434,"WBGene00219216","WBGene00219216",NA
"WBGene00219217",21.3624563135717,4.37642863146674,0.941279311252006,4.64944738416231,3.32825572632765e-06,3.15653300897942e-05,"WBGene00219217","WBGene00219217",NA
"WBGene00219271",13.1500479275821,-1.72039494954871,0.671268435656992,-2.56290160264262,0.0103801461877764,0.0314329299707391,"WBGene00219271","WBGene00219271",NA
"WBGene00219286",21.0761393294632,-2.94721772021708,0.826355612600598,-3.56652472044328,0.00036174669995624,0.0018283046614125,"WBGene00219286","WBGene00219286",NA
"WBGene00219313",416.624212793078,2.91682663524012,0.511157256882012,5.70631952489993,1.15445190360081e-08,2.1913122255201e-07,"WBGene00219313","WBGene00219313",NA
"WBGene00219326",28.7265454708332,-5.00443598991486,0.988692822844104,-5.06166918003809,4.15601715215664e-07,5.19702127347112e-06,"WBGene00219326","WBGene00219326",NA
"WBGene00219451",191.750091707765,1.11935591043705,0.353715648054104,3.16456429506288,0.00155315342084825,0.00634131407719724,"WBGene00219451","WBGene00219451",NA
"WBGene00219491",11.0217198923735,3.03614109316708,1.00861067676039,3.01022105270491,0.00261057618824293,0.00991574952393202,"WBGene00219491","WBGene00219491",NA
"WBGene00219699",99.3294702596711,-1.15105959707138,0.327626377544066,-3.51333004900241,0.000442527409387334,0.00216982650510229,"WBGene00219699","WBGene00219699",NA
"WBGene00219758",24.6891414509695,1.1370162478406,0.442896980676406,2.56722510526965,0.010251603746237,0.031122806360443,"WBGene00219758","WBGene00219758",NA
"WBGene00219796",32.0139932202182,3.41270311992604,0.607354709594357,5.61896214191759,1.92107940937439e-08,3.38987506150472e-07,"WBGene00219796","WBGene00219796",NA
"WBGene00220259",16.7119793392574,-2.97814890416956,0.833798496986397,-3.57178492757364,0.00035455653017049,0.00179577480004494,"WBGene00220259","WBGene00220259",NA
"WBGene00235094",22.6952870109026,3.0371087196439,0.687626537943259,4.41679974820069,1.00172953762773e-05,8.16755292716097e-05,"WBGene00235094","WBGene00235094",NA
"WBGene00235158",21.4971488782048,2.1704807009582,0.628597822765565,3.45289248920559,0.000554609996994859,0.00263379956322216,"WBGene00235158","WBGene00235158",NA
"WBGene00235267",38.6948387904915,3.52470282636055,0.589655541090685,5.97756245933162,2.26501096761999e-09,5.21317258618236e-08,"WBGene00235267","WBGene00235267",NA
"WBGene00235272",19.106181158551,3.86705382588938,0.893022977023088,4.33029600064747,1.48909041099847e-05,0.00011523318486411,"WBGene00235272","WBGene00235272",NA
"WBGene00235293",12.1363319936454,-5.96699389808861,1.35490504197031,-4.40399416435219,1.06275802974055e-05,8.57850887667621e-05,"WBGene00235293","WBGene00235293",NA
"WBGene00235300",13.3887348193393,-4.29655233310639,1.11613415914749,-3.84949452347927,0.000118361829827284,0.000686585078620687,"WBGene00235300","WBGene00235300",NA
"WBGene00235352",26.741802165758,-2.27138520554161,0.656958665638217,-3.45742483407997,0.000545364357468528,0.00259743177650705,"WBGene00235352","WBGene00235352",NA
"WBGene00235355",10.4208339854028,4.23154069158612,1.35447046076167,3.12412918123483,0.00178332144411807,0.0071377802858526,"WBGene00235355","WBGene00235355",NA
"WBGene00235383",15.3198321797697,-5.81183278067045,1.32953370425823,-4.37133166467035,1.23491039758981e-05,9.78413210241193e-05,"WBGene00235383","WBGene00235383",NA
"WBGene00255375",220.000559041249,-6.05511051658196,1.27995299931478,-4.73072880006029,2.23715224956975e-06,2.2585606624711e-05,"WBGene00255375","WBGene00255375",NA
"WBGene00255598",22.9367261811763,-2.36694024361925,0.835647801472847,-2.83246152200421,0.0046191125116672,0.0160517809699147,"WBGene00255598","WBGene00255598",NA
"WBGene00269337",12.7904463380837,-6.08394120514802,1.53174474480149,-3.9719027767492,7.13008209670351e-05,0.000444053435329775,"WBGene00269337","WBGene00269337",NA
"WBGene00269379",10.8805208873833,-4.38929726760931,1.21084603480294,-3.62498380590862,0.000288979559280715,0.00150305125211035,"WBGene00269379","WBGene00269379",NA
"WBGene00269383",18.6618404513413,-1.40649378033927,0.496185605087946,-2.83461222154958,0.00458813402954688,0.0159829879805785,"WBGene00269383","WBGene00269383",NA
"WBGene00269388",20.2470082331401,4.15232033857429,1.1436890620003,3.63063744905625,0.000282722093408863,0.00147104000039785,"WBGene00269388","WBGene00269388",NA
"WBGene00269394",12.5074112354804,-6.30360166543089,1.3855907384737,-4.54939650677417,5.37999855913789e-06,4.81504817819398e-05,"WBGene00269394","WBGene00269394",NA
"WBGene00269419",10.9165928605832,3.47772545224448,1.16554043642697,2.98378790092059,0.00284704051126117,0.0106749081918824,"WBGene00269419","WBGene00269419",NA
"WBGene00270321",34.4616118335741,-2.01438483688611,0.562824825517839,-3.57906180672243,0.000344829915778543,0.00175396395265311,"WBGene00270321","WBGene00270321",NA
"WBGene00271819",22.5194392044327,-5.61143653422713,1.19409914157536,-4.69930539169807,2.61047843434815e-06,2.56613261775365e-05,"WBGene00271819","WBGene00271819",NA
"WBGene00271824",27.4198372552094,4.24334254238581,0.889870265650902,4.76849570794681,1.85606626675963e-06,1.92796185688921e-05,"WBGene00271824","WBGene00271824",NA
"WBGene00284850",10.3408682163867,-6.14125205111646,1.4899122878265,-4.12188831603998,3.75779383635263e-05,0.000255519254533721,"WBGene00284850","WBGene00284850",NA
"WBGene00302974",60.1811602669857,2.65255610081807,0.632425353219574,4.19425958702373,2.73764330173119e-05,0.000193996706552523,"WBGene00302974","WBGene00302974",NA
"WBGene00302993",13.7078919448493,3.0723483216012,0.884175600432088,3.47481690299955,0.000511202146503922,0.00245600412772456,"WBGene00302993","WBGene00302993",NA
"WBGene00303024",230.210068355886,-1.77608048198309,0.310443991902464,-5.72109793814628,1.05837862936531e-08,2.03325346095677e-07,"WBGene00303024","WBGene00303024",NA
"WBGene00303233",16.171561801135,-4.00791675557466,0.860942849080612,-4.65526458562801,3.23564921028856e-06,3.08725862234008e-05,"WBGene00303233","WBGene00303233",NA
"WBGene00304173",15.5473285341914,5.505350109184,1.274579213691,4.3193471618302,1.56491442817252e-05,0.000120189800762331,"WBGene00304173","WBGene00304173",NA
