"","baseMean","log2FoldChange","lfcSE","stat","pvalue","padj","sgd","systematic","genename"
"S000029717",3736.82780548423,-4.38968152034032,0.626553913484895,-7.00607150616121,2.45102682828447e-12,2.76360159795895e-11,"S000029717","S000029717","ETS1-1"
"S000029707",3717.47985387149,-4.38060886134795,0.625048065214251,-7.00843519905366,2.40998193736737e-12,2.72500203489741e-11,"S000029707","S000029707","ETS1-2"
"S000119380",34.1924490559531,2.27616491348269,0.479475719217054,4.74719536830664,2.06256703515447e-06,1.04096530751593e-05,"S000119380","S000119380","HRA1"
"S000132612",276.63052496327,1.51655250169047,0.254469118560582,5.95967208229011,2.52744587974946e-09,1.92386240732889e-08,"S000132612","S000132612","ICR1"
"S000178119",3185.39671688781,1.30770854268714,0.398064752927444,3.28516537339716,0.00101922530080782,0.0029617546023957,"S000178119","S000178119","IRT1"
"S000029715",151.562849866501,-2.14569413163162,0.600241199076719,-3.5747198541721,0.000350603097351872,0.00112286236657214,"S000029715","S000029715","ITS1-1"
"S000029709",151.562849866501,-2.14569413163162,0.600241199076719,-3.5747198541721,0.000350603097351872,0.00112286236657214,"S000029709","S000029709","ITS1-2"
"S000029716",53.012111702459,-2.64386633727939,0.780905362661849,-3.38564243977954,0.00071011844918851,0.00212189736107396,"S000029716","S000029716","ITS2-1"
"S000029712",53.012111702459,-2.64386633727939,0.780905362661849,-3.38564243977954,0.00071011844918851,0.00212189736107396,"S000029712","S000029712","ITS2-2"
"S000006478",239.401309608499,-1.48162117654346,0.329984789165027,-4.48996809911287,7.12338411209718e-06,3.22480419089753e-05,"S000006478","S000006478","LSR1"
"S000007436",25.9903319387323,-1.21540165050792,0.525996553781544,-2.31066466456869,0.0208513844476789,0.0415303293944673,"S000007436","S000007436","NME1"
"S000132614",57.8938284853734,1.51651324346299,0.546002777823764,2.77748265220819,0.00547817643081834,0.0128834394540584,"S000132614","S000132614","PWR1"
"S000007287",26.4436312739741,-3.87333450003334,0.810654860043459,-4.7780315531886,1.77019607327521e-06,9.06322326291669e-06,"S000007287","S000007287","15S_RRNA"
"S000007260",12.3772997358867,-2.37597460427339,0.68792564050116,-3.45382475138224,0.000552696408555641,0.00169094770117557,"S000007260","S000007260","COX1"
"S000007261",43.3817846497885,-1.92124492324207,0.541568733198105,-3.54755510329522,0.000388824406831619,0.00123281292971731,"S000007261","S000007261","AI1"
"S000007262",25.9793291531659,-2.10530438248682,0.604926863965255,-3.48026266958404,0.000500922409414184,0.00154510954256291,"S000007262","S000007262","AI2"
"S000007268",18.8757165230237,-5.10779555958384,0.892272637000965,-5.72447853690969,1.03751922808754e-08,7.32345049509385e-08,"S000007268","S000007268","ATP6"
"S000007270",29.1933144548015,-2.9864629620658,0.490320130727242,-6.09084305316261,1.1231762314087e-09,8.89821590698917e-09,"S000007270","S000007270","COB"
"S000007273",85.3955642534725,-3.80464921989867,0.594722398866945,-6.39735316367305,1.58093386290458e-10,1.41019300571089e-09,"S000007273","S000007273","BI4"
"S000007288",85.9869667277454,-2.51869836962633,0.611695085618339,-4.11757169355101,3.82885437152479e-05,0.000151269896134847,"S000007288","S000007288","21S_RRNA"
"S000006482",15276.5668130335,-1.26416193674644,0.257793671452775,-4.90377412921878,9.40125875067456e-07,5.03603015460957e-06,"S000006482","S000006482","RDN18-1"
"S000006483",15112.3736269342,-1.24781953667697,0.25611569165684,-4.8720932661513,1.1042201652442e-06,5.86288325832042e-06,"S000006483","S000006483","RDN18-2"
"S000006484",36730.689686447,-1.54505338840134,0.293069600246651,-5.27196743401911,1.34969030712727e-07,8.11026480959412e-07,"S000006484","S000006484","RDN25-1"
"S000006485",36925.0224729672,-1.5394631583281,0.284786222360007,-5.40567990112253,6.45630107057238e-08,4.06625405292012e-07,"S000006485","S000006485","RDN25-2"
"S000144908",2292.91101848665,-1.10342817097748,0.269137026457605,-4.09987501720167,4.13373318861578e-05,0.000162039111514685,"S000144908","S000144908","RME2"
"S000006490",20.5826485742341,-3.88702813537118,1.48568892964639,-2.61631358880511,0.00888848833867435,0.0196683529170005,"S000006490","S000006490","RPR1"
"S000028470",42635.6639261714,-2.17194564425849,0.321570782305521,-6.75417595058417,1.43649338960993e-11,1.47344577493039e-10,"S000028470","S000028470","RUF5-1"
"S000028474",39008.6530791013,-2.11108811707452,0.377891016692851,-5.5864998738258,2.31691716633703e-08,1.5717867134117e-07,"S000028474","S000028474","RUF5-2"
"S000006491",56.1703821074049,-1.86806248310118,0.380545296393504,-4.9089096641192,9.15841499535716e-07,4.91031315111714e-06,"S000006491","S000006491","SCR1"
"S000007293",95.7861567407804,-1.30490269480626,0.443665606904417,-2.94118515048066,0.00326959038800323,0.00820600405425904,"S000007293","S000007293","SNR11"
"S000007294",48.2888056789615,-2.2448058483664,0.451775673493011,-4.96885064884116,6.73509184650873e-07,3.67651749844325e-06,"S000007294","S000007294","SNR17A"
"S000007295",95.8976069286628,-2.09404938458266,0.364105638127755,-5.75121383824305,8.86049571599178e-09,6.31349641490965e-08,"S000007295","S000007295","SNR19"
"S000007497",45.2160874879465,-1.48635737638504,0.589330665813242,-2.5221110364823,0.0116652879796546,0.0249642771000074,"S000007497","S000007497","SNR30"
"S000006501",15.0755193508396,-2.36898853059936,0.663354564268071,-3.5712251911815,0.000355315229705755,0.00113674441979721,"S000006501","S000006501","SNR37"
"S000028467",16.3617854893821,-2.04199329409701,0.522756438826305,-3.90620400330544,9.37573662091859e-05,0.000342336629439362,"S000028467","S000028467","SNR82"
"S000028466",49.1430173562831,-1.32245071721935,0.340121658333677,-3.88816967345829,0.000101003012047848,0.000366348876831382,"S000028466","S000028466","SNR84"
"S000119075",556.447093282269,-1.91824760353143,0.421629782695064,-4.5496017650128,5.37475363040455e-06,2.50475167249735e-05,"S000119075","S000119075","SNR86"
"S000029010",739.058501360815,-1.99438833528719,0.417192145537296,-4.78050307663065,1.74857082639188e-06,8.97406283778639e-06,"S000029010","S000029010","SRG1"
"S000000002",740.135619039793,1.11280306436416,0.131876465555235,8.43822329995705,3.22197644396237e-17,6.27816186702183e-16,"S000000002","S000000002","VPS8"
"S000002136",2783.07517104988,1.92253957690328,0.235930674276512,8.14874785908531,3.67711735742912e-16,6.36204701410366e-15,"S000002136","S000002136",NA
"S000000004",22569.2702888114,1.75943312485209,0.209105577645124,8.41408988065372,3.95957039103393e-17,7.56843597600486e-16,"S000000004","S000000004","SSA1"
"S000000005",195.791054525283,-2.03513290420965,0.262390523792071,-7.75612196202013,8.75658167720637e-15,1.32470799694622e-13,"S000000005","S000000005","ERP2"
"S000000008",213.191277914728,1.24803242585513,0.213765480858457,5.83832535001994,5.27281157027134e-09,3.89063706674066e-08,"S000000008","S000000008","MDM10"
"S000000010",730.509993036141,-1.21941898047434,0.291437716989661,-4.18414950909598,2.86235690836102e-05,0.000115511065316633,"S000000010","S000000010","CYS3"
"S000000023",256.262966550767,-1.54044548541687,0.591026455619483,-2.60639007064794,0.00915021904197898,0.0201291446297974,"S000000023","S000000023","MAK16"
"S000000029",549.298699714499,1.01860491748731,0.118097894940788,8.62508953269671,6.40425317685035e-18,1.329655461304e-16,"S000000029","S000000029","GIP4"
"S000000032",49.5329133198097,-1.19826787008633,0.358631969404219,-3.34121877666669,0.000834114687961986,0.00245824989535933,"S000000032","S000000032","MTW1"
"S000000034",384.367117688053,-1.16801334408885,0.402587248885933,-2.90126760676365,0.00371656336772782,0.00919368448524619,"S000000034","S000000034","RBG1"
"S000000035",173.457912245501,2.65119661376334,0.297988817503837,8.89696679214884,5.73936643077428e-19,1.26581411280923e-17,"S000000035","S000000035",NA
"S000000041",531.421867940136,1.00596174805113,0.201480054931644,4.99286020342021,5.94916198334434e-07,3.27421428717699e-06,"S000000041","S000000041","PTA1"
"S000000046",431.638860915258,1.153318975711,0.146438342759879,7.87579915188026,3.38571749386368e-15,5.45064305629765e-14,"S000000046","S000000046","GEM1"
"S000000055",133.026461192616,-1.18030821103475,0.512344238111281,-2.30374057759656,0.02123721056443,0.0421038013857205,"S000000055","S000000055","ECM1"
"S000000057",8105.76077857224,2.30866164854916,0.42935994893767,5.37698416971889,7.57438302302615e-08,4.71129753942567e-07,"S000000057","S000000057","BDH2"
"S000000058",9529.49367003914,-1.26529474451473,0.334725999828916,-3.78009101522272,0.000156771040539284,0.000545617592535854,"S000000058","S000000058","GDH3"
"S000001817",13.0313169191741,1.63221117538345,0.536333676753496,3.04327556916332,0.0023401792665471,0.00614488415345838,"S000001817","S000001817",NA
"S000000066",118.602476888505,-2.81128791399207,0.247870551204662,-11.3417584312823,8.14903581708922e-30,3.74544615684689e-28,"S000000066","S000000066","SEN34"
"S000000067",765.035016424993,-1.13562109903702,0.184742292688734,-6.14705535212986,7.8934589381136e-10,6.37939815656134e-09,"S000000067","S000000067",NA
"S000000068",361.241999231455,1.72205073309872,0.200846137555701,8.57397983379761,9.99689404436516e-18,2.05431054747859e-16,"S000000068","S000000068",NA
"S000000072",384.287420115065,1.07330295840568,0.220310617783814,4.87177136173659,1.10602119113418e-06,5.86727188706509e-06,"S000000072","S000000072","CDC15"
"S000000075",597.454800898985,1.13204589915519,0.235264504532877,4.81180066412012,1.49576500972415e-06,7.75710691089503e-06,"S000000075","S000000075","UIP3"
"S000000076",245.074087147375,2.73880837296204,0.313024128540369,8.74951201280586,2.14277318703665e-18,4.57504870891762e-17,"S000000076","S000000076",NA
"S000001821",16.4711797997401,1.45444162625452,0.38144900088839,3.81293861792046,0.000137324226795275,0.000483808759236014,"S000001821","S000001821",NA
"S000000087",22.185716735321,1.91320233217927,0.45349143781518,4.21882790421943,2.45575624092082e-05,9.97713112455078e-05,"S000000087","S000000087",NA
"S000000091",13.2638158342196,2.22174573406695,0.754301497863321,2.94543460454526,0.00322501313556625,0.00810087780110321,"S000000091","S000000091",NA
"S000000094",185.006221982746,-1.46217685161924,0.239716799737707,-6.09960108435921,1.06333498769325e-09,8.44635878746838e-09,"S000000094","S000000094","PHO11"
"S000000098",450.245246676024,-1.90838670016516,0.404981801039195,-4.7122776758565,2.44963272606728e-06,1.21392910647334e-05,"S000000098","S000000098","HTB2"
"S000000099",359.482776365649,-1.15334082908819,0.387790836052356,-2.97413121163203,0.00293819405403218,0.00750567093734738,"S000000099","S000000099","HTA2"
"S000000105",149.191595012858,-2.35474029965479,0.283888711616394,-8.29458940529008,1.08960902234808e-16,1.9940838673428e-15,"S000000105","S000000105","ALK2"
"S000000111",6286.17433137421,1.68081905479399,0.517311387072291,3.24914373972422,0.00115752971023997,0.00330620796269206,"S000000111","S000000111","ACH1"
"S000000123",3648.66502243682,-1.1611386863145,0.354526172720012,-3.27518467086918,0.00105592923056957,0.00304928052626351,"S000000123","S000000123","RPL19B"
"S000000124",54.9598364379894,-1.36936236487643,0.336775131479403,-4.0661029775596,4.78058183413678e-05,0.000184275820892046,"S000000124","S000000124",NA
"S000000127",64.9987754560866,-3.70706521520228,0.469412122658217,-7.89725070202633,2.85122519755828e-15,4.61484594475763e-14,"S000000127","S000000127","SHE1"
"S000000131",364.501948737866,-1.17462238860594,0.226716106424132,-5.18102752880073,2.20666918833999e-07,1.28868624471339e-06,"S000000131","S000000131","POL12"
"S000000133",447.015346688584,1.22327175084266,0.24159887770188,5.06323440935892,4.12202498672041e-07,2.32602740815779e-06,"S000000133","S000000133","APL3"
"S000000135",365.264951753711,-2.98438993475236,0.426923623910057,-6.9904539538461,2.73998215275373e-12,3.06643727541454e-11,"S000000135","S000000135","URA7"
"S000000139",698.997898500555,3.35060553759077,0.529239736206633,6.33097877647377,2.43610856186714e-10,2.12180862597369e-09,"S000000139","S000000139","ECM13"
"S000000143",2725.96473637382,1.04142876699304,0.281559055559454,3.69879336654164,0.000216626866608396,0.00072623071483806,"S000000143","S000000143","EDE1"
"S000000165",474.829590908761,3.36046975634973,0.244216273531936,13.7602204298244,4.42176631548032e-43,4.07436013696591e-41,"S000000165","S000000165","AST1"
"S000000166",14.6887346439607,3.07693847888016,0.534703914669196,5.7544715766365,8.69132264512955e-09,6.20764574689502e-08,"S000000166","S000000166",NA
"S000000167",55.8685019552293,-1.78218432281768,0.380165667976565,-4.68791496166229,2.76002654854922e-06,1.35658121214815e-05,"S000000167","S000000167",NA
"S000007587",46.7313578689356,-1.83739463707511,0.377542372759241,-4.86672429281686,1.1346314046378e-06,5.99790666139088e-06,"S000007587","S000007587","KTI11"
"S000000174",2156.27708007274,-2.05969676608439,0.299426598816002,-6.87880360071176,6.0357303712175e-12,6.52444031689418e-11,"S000000174","S000000174","ATG8"
"S000000177",112.837752977946,-2.5184589449982,0.334493330829049,-7.52917536130287,5.10617694391459e-14,7.06765319064593e-13,"S000000177","S000000177",NA
"S000000179",25.0618423318135,-1.37223985178855,0.523555850426388,-2.62099993853757,0.00876722777682215,0.0194357431679846,"S000000179","S000000179",NA
"S000000182",920.157695539591,-1.53554832958965,0.205214298269642,-7.48265760493947,7.28344654574815e-14,9.85474868583138e-13,"S000000182","S000000182",NA
"S000000183",1143.63449948438,-1.14212623858377,0.404271676899442,-2.82514532638869,0.00472591760382752,0.0113365537420898,"S000000183","S000000183","RPL23A"
"S000000195",6879.7028462173,1.51538465746592,0.214036356349942,7.08003389381346,1.44119208498076e-12,1.66553119840099e-11,"S000000195","S000000195","ATP1"
"S000000196",142.262875413962,2.3303623124414,0.325600399675338,7.1571236238194,8.23873965899447e-13,9.82286168055559e-12,"S000000196","S000000196",NA
"S000002149",305.940289588046,1.67823059075994,0.18011141963923,9.31773562232482,1.18849579604335e-20,2.93275950326927e-19,"S000002149","S000002149",NA
"S000000197",1895.52214811053,1.45138399191052,0.322931878238161,4.49439677441856,6.97674363341174e-06,3.17033761636016e-05,"S000000197","S000000197","ECM21"
"S000000199",572.739650630188,1.19987709645639,0.168301305318366,7.12933921805688,1.00851907286821e-12,1.18831572167114e-11,"S000000199","S000000199","RTG3"
"S000002151",34.7776207551106,20.0425756310358,3.45604039257542,5.79928859456998,6.65968359434814e-09,4.86625666523909e-08,"S000002151","S000002151",NA
"S000000205",1625.83974014285,1.47696912613249,0.259818094898712,5.68462764961875,1.31097972419209e-08,9.16772232213768e-08,"S000000205","S000000205","NTH2"
"S000000209",479.338581072278,1.33271312304119,0.374465665985561,3.55897280871827,0.000372308070674737,0.001185439922545,"S000000209","S000000209","RCR1"
"S000000210",3183.58598428171,2.37423277680858,0.25065702923961,9.47203748488932,2.74437508114781e-21,7.21566915440653e-20,"S000000210","S000000210","UGA2"
"S000000216",13.2821306268077,-1.26766026482357,0.549021269438053,-2.30894563724476,0.0209465980834152,0.0416510789498821,"S000000216","S000000216",NA
"S000002155",326.826132809453,1.68216074800221,0.237626005597888,7.07902632024533,1.45170814490823e-12,1.67447025679932e-11,"S000002155","S000002155",NA
"S000000220",384.852384305713,-1.24409447861745,0.342475323607719,-3.63265436327456,0.000280520659935112,0.000921951361064032,"S000000220","S000000220",NA
"S000000233",417.967300792665,-2.15998585904,0.235944840954593,-9.15462211549555,5.45483847412268e-20,1.27796040671956e-18,"S000000233","S000000233","CDS1"
"S000000234",166.201206143454,-1.6134474327786,0.418635759225213,-3.85406023547696,0.000116174993447017,0.000414862818410972,"S000000234","S000000234","RKM3"
"S000000237",733.040799430149,1.78697107974384,0.175840039167379,10.1624811289018,2.91560700048075e-24,9.97435781244011e-23,"S000000237","S000000237","EDS1"
"S000000250",3598.05406427862,-1.25866972565266,0.5053220734951,-2.49082672551186,0.0127446257083355,0.026924698733294,"S000000250","S000000250","ZTA1"
"S000000251",373.210822378746,2.59434853825237,0.245193940787748,10.5808019966454,3.65813442204405e-26,1.43023554254073e-24,"S000000251","S000000251","FMP23"
"S000000258",21273.2108649648,5.27758735969629,0.639438199211138,8.25347526345336,1.53853731220618e-16,2.74882289519092e-15,"S000000258","S000000258","YRO2"
"S000000263",1908.21359344964,1.15246404777814,0.206802045522457,5.57278843575557,2.50693945096564e-08,1.68651200382839e-07,"S000000263","S000000263","AKL1"
"S000000272",9612.51005967447,1.04553676873779,0.191404176895257,5.46245534291525,4.69593687437263e-08,3.03046472889577e-07,"S000000272","S000000272","BAP2"
"S000000273",1196.63858498324,-1.92743555565941,0.469585890168424,-4.1045431645489,4.051146290407e-05,0.000159320390689357,"S000000273","S000000273","TAT1"
"S000000274",182.937869036672,-1.75094866290125,0.168022139380506,-10.4209401770324,1.98976417395148e-25,7.13117267342968e-24,"S000000274","S000000274","ALG14"
"S000000280",236.508340999247,-1.03643671038762,0.211455483927853,-4.90144162324606,9.51359209511988e-07,5.09167448930816e-06,"S000000280","S000000280","ECM8"
"S000000282",2864.04966866941,-2.66334893597852,0.314604824904962,-8.46569640749497,2.54626629198482e-17,5.01015338040543e-16,"S000000282","S000000282","ECM33"
"S000000288",457.312742512659,-2.38657537753637,0.381561545204903,-6.25475865565737,3.98131107476318e-10,3.32014875085168e-09,"S000000288","S000000288","MIS1"
"S000007522",1741.84832679613,-2.0611409757862,0.259763257996198,-7.93469019323883,2.11021411010331e-15,3.45260846655761e-14,"S000007522","S000007522",NA
"S000000292",528.653428373233,-3.61691569949136,0.239292790423708,-15.1150216146797,1.28928778293526e-51,1.84828612882219e-49,"S000000292","S000000292","POL30"
"S000002157",607.176369043176,-1.08832998504193,0.304100422771162,-3.57885061495262,0.000345108652239518,0.00110703206986369,"S000002157","S000002157","NHP6B"
"S000000293",391.13525296008,-3.67731046332565,0.222354038587899,-16.5380871275337,1.95120475619383e-61,3.45535406971854e-59,"S000000293","S000000293",NA
"S000000296",237.984267884995,-1.93636416495182,0.348716482756769,-5.55283234576107,2.81077629548759e-08,1.87623991963756e-07,"S000000296","S000000296","PHO3"
"S000000297",2475.05250135048,-2.78855036736983,0.23366647830619,-11.9338913633807,7.8801773244108e-33,4.39319885835902e-31,"S000000297","S000000297","PHO5"
"S000000301",490.446311602999,1.82754333127849,0.184565035638986,9.90189352469348,4.08466942756711e-23,1.28092680330112e-21,"S000000301","S000000301","VPS15"
"S000000302",385.168340803216,1.07218970139337,0.182273097343069,5.88232557092792,4.04541584485194e-09,3.03330620197429e-08,"S000000302","S000000302","MMS4"
"S000000303",63.4962746489862,1.47410342976412,0.257306862730034,5.72897051452042,1.01041953835564e-08,7.14892601696747e-08,"S000000303","S000000303",NA
"S000000305",2658.99559797761,-1.105203178147,0.342749317186143,-3.22452335491239,0.0012618256374524,0.00357358991679251,"S000000305","S000000305","FES1"
"S000000310",1085.42716348009,-1.48686822960245,0.417704377773281,-3.55961849748552,0.000371393925896889,0.00118315493535723,"S000000310","S000000310","PHO88"
"S000000311",165.327660170808,1.37490447064325,0.178744911467063,7.69199223272215,1.44861414799004e-14,2.11701596724467e-13,"S000000311","S000000311","IML3"
"S000000312",1078.07727843979,1.87161595889601,0.3464644213812,5.40204374069554,6.58858782323847e-08,4.13658887212918e-07,"S000000312","S000000312","AIM3"
"S000000314",588.206084815861,1.31047797316626,0.22010633448696,5.95384033912887,2.61922336649182e-09,1.98869405922412e-08,"S000000314","S000000314","ALG1"
"S000000317",27.504517085864,1.74536415911065,0.485136337803806,3.59767764874477,0.000321071194002052,0.0010398362731214,"S000000317","S000000317",NA
"S000000321",7338.26167365168,1.24523047436922,0.395907918799215,3.14525276015189,0.00165943390958948,0.00453332648350193,"S000000321","S000000321","TKL2"
"S000000327",414.943599160815,1.06132615308671,0.136930921257965,7.75081437659555,9.13050737675346e-15,1.36753196307046e-13,"S000000327","S000000327","TFC1"
"S000000329",351.515606995715,1.01655513118398,0.21116152139678,4.81411160735975,1.47856161855984e-06,7.68112122980913e-06,"S000000329","S000000329","PTC4"
"S000028600",110.912325771254,-1.76877238243367,0.550744138190325,-3.21160455424116,0.00131995929760804,0.00371377333219532,"S000028600","S000028600","MEO1"
"S000000346",325.803212860876,-1.12070579101227,0.364092456503994,-3.07808022658108,0.0020833881887006,0.0055504780018435,"S000000346","S000000346","MAK5"
"S000000349",913.882284736701,1.34833799560094,0.219338006686583,6.14730668874737,7.88096579063361e-10,6.37786223459744e-09,"S000000349","S000000349","ADH5"
"S000000362",594.97354987771,-2.7488887389459,0.280145306461561,-9.81236763758908,9.96036348977849e-23,2.9542536242343e-21,"S000000362","S000000362","AMN1"
"S000000363",986.288500390643,1.37669671488144,0.147679615918319,9.32218509860481,1.13968570020735e-20,2.82388790162487e-19,"S000000363","S000000363","IFA38"
"S000000364",270.792872938275,-1.55004569904506,0.217806927514849,-7.11660421792314,1.10618540603148e-12,1.29327035528458e-11,"S000000364","S000000364","CDC28"
"S000000366",1902.94593894868,-3.10393692568055,0.281934153616503,-11.0094392107692,3.44139080609629e-28,1.48004386025041e-26,"S000000366","S000000366","TOS1"
"S000000373",10226.6023588712,2.44006275505029,0.246352314903223,9.90476893228642,3.96886428727014e-23,1.25112732322793e-21,"S000000373","S000000373","SSE2"
"S000000375",218.213916398854,-1.28165503139122,0.160102590518728,-8.00521107896315,1.19261925358106e-15,1.9973258899741e-14,"S000000375","S000000375","SEC66"
"S000000379",86.7563218125884,-1.57297221909344,0.381176093797683,-4.12662872800288,3.68119981925872e-05,0.000145723235448762,"S000000379","S000000379","SWD3"
"S000000384",57.60891273353,-1.00263569731461,0.319428081529227,-3.13884644241234,0.00169614305436003,0.00461476607785889,"S000000384","S000000384","DTR1"
"S000000387",912.721735061813,1.20045835331225,0.295060965376133,4.068509542704,4.73148236436489e-05,0.000182851446186399,"S000000387","S000000387","YPC1"
"S000000388",73.9835257552018,-1.21974757005623,0.258206907009475,-4.7239153444159,2.31346751110148e-06,1.15214126421357e-05,"S000000388","S000000388",NA
"S000000391",385.756420670266,-1.02503974776207,0.362614994417213,-2.82679912177788,0.00470158108391716,0.0112916712031373,"S000000391","S000000391","GDT1"
"S000000393",3101.4702685831,-1.46346694652752,0.443979651599522,-3.29624779256234,0.000979855489576841,0.0028528577866258,"S000000393","S000000393","RPS9B"
"S000000400",11032.9927548146,1.70776995126496,0.284383863645329,6.00515770963299,1.91146013845184e-09,1.47929325110778e-08,"S000000400","S000000400","PGI1"
"S000000410",80.3414203063591,-1.12812391960177,0.259016623631219,-4.35541126197353,1.32817315152943e-05,5.71209324668479e-05,"S000000410","S000000410",NA
"S000000414",142.970290926114,-2.06618549475492,0.364147446694268,-5.67403537636131,1.39472310041156e-08,9.73073903543222e-08,"S000000414","S000000414","ERV15"
"S000000416",7163.98449022644,-3.6658203048846,0.460981213968382,-7.95221192058389,1.83210497723225e-15,3.02222029257956e-14,"S000000416","S000000416","NGR1"
"S000000422",2778.8076121544,2.43692146642914,0.163118047351807,14.9396189201142,1.82013114042744e-50,2.43533546589192e-48,"S000000422","S000000422","PYC2"
"S000000436",11.2243999642543,-1.55324906188831,0.679762177631966,-2.28498894613295,0.0223134759245452,0.0439193980195117,"S000000436","S000000436",NA
"S000000437",102.165302060253,-1.33178922562494,0.351455054513083,-3.78935857806924,0.000151036766533828,0.000529024067073983,"S000000437","S000000437","PBP2"
"S000000443",190.947578284908,1.09995953287694,0.381639028312713,2.88219875661051,0.00394910544563927,0.00970512811763023,"S000000443","S000000443","ERT1"
"S000000444",503.919156384761,3.8257493558505,0.174028965888401,21.9834056722709,4.1512296905327e-107,4.16575899444956e-104,"S000000444","S000000444","THI2"
"S000000451",343.880913676355,-1.12975076895252,0.310875054083152,-3.63409914727457,0.000278953583885618,0.000917803021079402,"S000000451","S000000451","ENP1"
"S000000453",2252.50366859941,1.85840329872122,0.367677799857669,5.05443434289647,4.31668223268236e-07,2.42677345686092e-06,"S000000453","S000000453","ARO4"
"S000000456",122.457149580914,-1.7495570198199,0.255749696358066,-6.84089578495692,7.86994954385056e-12,8.38671968203968e-11,"S000000456","S000000456","DUT1"
"S000000460",1786.47973793084,1.43092515595141,0.335814175725189,4.2610623951813,2.03457415748423e-05,8.37904993311391e-05,"S000000460","S000000460","RIB5"
"S000000469",384.251531704307,-1.61680171277277,0.164136699588498,-9.85033643801909,6.83149115202483e-23,2.05662041131707e-21,"S000000469","S000000469","TSC10"
"S000000489",266.806853722446,2.97045631521844,0.253730635661613,11.707125186018,1.17185868603576e-31,6.13544447706199e-30,"S000000489","S000000489",NA
"S000000498",636.080344281551,1.41975674614698,0.339025928997813,4.18775269001958,2.81730268214515e-05,0.000113769144528477,"S000000498","S000000498","SUL1"
"S000000499",696.794509422479,1.33167363653645,0.156887149283045,8.48809888268123,2.10044816172958e-17,4.16013104663612e-16,"S000000499","S000000499","PCA1"
"S000000500",3673.36618895526,-5.56197530367721,0.594899955664526,-9.34942968261657,8.8121597296297e-21,2.24822092085171e-19,"S000000500","S000000500","PHO89"
"S000000506",668.029115351483,1.19881501213306,0.247539398349503,4.84292609631556,1.27940884827974e-06,6.70436960443196e-06,"S000000506","S000000506","COS2"
"S000000515",3092.89712671076,1.24346313539894,0.292863952486935,4.24587295513746,2.17743988717267e-05,8.90045184023534e-05,"S000000515","S000000515","ILV6"
"S000029705",585.934472564383,1.18146183552355,0.116900113829961,10.1065926868306,5.16494096687849e-24,1.71812760008704e-22,"S000029705","S000029705",NA
"S000000520",420.893794435397,1.59930563128482,0.139246794773742,11.4854035518985,1.56204363657348e-30,7.64639409415357e-29,"S000000520","S000000520","BUD3"
"S000000524",243.782132719794,2.37764063510514,0.333020556684779,7.13962122571221,9.35884495206183e-13,1.10924420189693e-11,"S000000524","S000000524",NA
"S000000527",48.2018494505243,-1.57209638105328,0.331081622462404,-4.74836497828206,2.05067721618555e-06,1.0358328455246e-05,"S000000527","S000000527",NA
"S000000529",265.025593672555,-1.1416364228252,0.297616095252228,-3.83593643299994,0.000125086761013598,0.000443811071339348,"S000000529","S000000529","KCC4"
"S000000530",2366.89770501126,2.92608412970814,0.396818441206352,7.37386125708439,1.65755692922213e-13,2.1602056863304e-12,"S000000530","S000000530","AGP1"
"S000000535",3407.81766094245,3.29348610034979,0.240786397094595,13.6780405375471,1.37344058440378e-42,1.21610084686694e-40,"S000000535","S000000535","HIS4"
"S000000537",398.337529544753,1.36894716250974,0.237843363749083,5.75566684279633,8.63004381218993e-09,6.17119878779045e-08,"S000000537","S000000537","STE50"
"S000000541",181.906550055992,-1.62456994884116,0.493581148017761,-3.29139383739734,0.000996922368587095,0.0028997437590642,"S000000541","S000000541","GFD2"
"S000000543",794.752795186869,1.29886965418552,0.144427895733,8.99320486249209,2.40124098338578e-19,5.41493331871377e-18,"S000000543","S000000543","ATG22"
"S000000551",38.7196922687213,1.88215007201954,0.438350991547891,4.29370551980127,1.75715505400403e-05,7.35732307382354e-05,"S000000551","S000000551",NA
"S000087203",165.793485513014,-4.07707228458627,0.293662515351914,-13.8835298052952,7.97193464916507e-44,7.74177718106821e-42,"S000087203","S000087203",NA
"S000000569",1665.11552095031,-3.064169668259,0.703591347386207,-4.3550417151123,1.33041580019659e-05,5.71765419913179e-05,"S000000569","S000000569","CHA1"
"S000000599",73.1620728788581,-2.19382812587262,0.407426325327501,-5.38460082104208,7.2605598030307e-08,4.53013788332102e-07,"S000000599","S000000599",NA
"S000000601",2070.0493060636,-1.37268624407124,0.30309561827334,-4.52888844745131,5.92947914795761e-06,2.73993813889891e-05,"S000000601","S000000601","SAT4"
"S000000603",21816.2599230973,-6.26655596780322,0.919839259435636,-6.81266417313829,9.58076198462882e-12,1.00673242424869e-10,"S000000603","S000000603","ADY2"
"S000000605",27202.2186352406,1.70896450287654,0.371137069285245,4.60467208561987,4.13116287914469e-06,1.96319902883427e-05,"S000000605","S000000605","PGK1"
"S000000606",14425.8154381616,1.43678787569783,0.381668285194729,3.76449375395383,0.000166886839445424,0.000575831323954669,"S000000606","S000000606",NA
"S000000607",706.833046112242,1.28885143506392,0.20441406915547,6.30510140710355,2.8800526759011e-10,2.46318141500007e-09,"S000000607","S000000607","POL4"
"S000000613",198.570651326403,1.97862141794794,0.214863784396523,9.20872460431244,3.30022723693967e-20,7.91660087394971e-19,"S000000613","S000000613","PET18"
"S000000615",47397.5700564487,1.78061932304811,0.601325567773808,2.96115684826144,0.00306485812862017,0.0077731721956285,"S000000615","S000000615","HSP30"
"S000000617",958.652439343111,1.33818557459589,0.124826759653865,10.7203421630633,8.17005295936282e-27,3.30146905156534e-25,"S000000617","S000000617",NA
"S000000630",388.888836473972,-3.86556685039329,0.343710951585198,-11.246562940649,2.40793423577344e-29,1.08195313683522e-27,"S000000630","S000000630","ELO2"
"S000000638",779.436474675221,1.23191952405184,0.141008397224021,8.73649760088177,2.40449011433113e-18,5.09768837267173e-17,"S000000638","S000000638","TAF2"
"S000000639",50.4766239370491,-1.95503179875759,0.364126067950488,-5.36910694079564,7.91274909364438e-08,4.886426901829e-07,"S000000639","S000000639",NA
"S000000641",151.131209994688,-1.07744720023629,0.270205663733482,-3.98750783143845,6.6771000974778e-05,0.000250566431816414,"S000000641","S000000641","RRT12"
"S000000646",25.7985015467424,-1.42976986778118,0.325670037938053,-4.39024073824423,1.13225239237376e-05,4.95442707447849e-05,"S000000646","S000000646",NA
"S000000653",375.781731078405,-1.09985672806066,0.48245503450233,-2.27970826171438,0.0226249969882032,0.0444846398482686,"S000000653","S000000653","PWP2"
"S000000657",897.704924401752,1.37853470699329,0.398379226437537,3.46035790902223,0.000539457851573952,0.00165464886618786,"S000000657","S000000657",NA
"S000000661",309.915639580644,-1.7836298939377,0.36618819804053,-4.87080114400708,1.11146658695898e-06,5.89096859161976e-06,"S000000661","S000000661","HCM1"
"S000000668",120.670785661772,-2.10620604580055,0.592435290264799,-3.55516641295819,0.000377739930581202,0.00120083005386981,"S000000668","S000000668","RSA4"
"S000000669",427.818387806729,1.03997073286759,0.171343900001108,6.06949376581753,1.28314072566835e-09,1.00596227985015e-08,"S000000669","S000000669","SSK22"
"S000000677",385.331721777968,1.23762931818335,0.150560293850087,8.22015743018976,2.03236215234695e-16,3.59907427037677e-15,"S000000677","S000000677","SRB8"
"S000000678",1045.30978776104,-1.27538763094146,0.34235685728399,-3.72531644629367,0.000195070354881176,0.000661328044335339,"S000000678","S000000678","AHC2"
"S000007223",120.802484467958,-1.86589599789856,0.389287051304452,-4.79311087190333,1.64214810213628e-06,8.46521722856381e-06,"S000007223","S000007223",NA
"S000000683",159.474290437286,-1.89398680781259,0.339340929898024,-5.58136859111502,2.3863331681209e-08,1.61439460733212e-07,"S000000683","S000000683",NA
"S000000699",29.2283335369764,-1.37287012615209,0.467475846798553,-2.9367723178727,0.00331647497196904,0.00830290885913746,"S000000699","S000000699",NA
"S000000703",181.718444207986,2.30478493317876,0.198310800559245,11.6220847612897,3.18273580170753e-31,1.59693768850675e-29,"S000000703","S000000703","RDS1"
"S000000704",137.792597165652,1.33989591751647,0.205222029688412,6.52900626482853,6.62074822434297e-11,6.23842332688092e-10,"S000000704","S000000704","AAD3"
"S000002161",411.818834849699,-4.63063381069569,0.310146096314485,-14.9304920027118,2.08720388843128e-50,2.67384140686058e-48,"S000002161","S000002161","MCD1"
"S000002171",910.244364243331,-1.23226022100921,0.221889426260292,-5.55348779695199,2.80025222462095e-08,1.87336873827141e-07,"S000002171","S000002171","SLX5"
"S000002172",778.056480380408,-2.20231815105949,0.495872141148343,-4.44130244130946,8.94160161625434e-06,3.98500246717005e-05,"S000002172","S000002172","NOP1"
"S000002176",188.348329115401,-1.3965810641543,0.285535882374988,-4.89108777691274,1.00280228621914e-06,5.34798278593926e-06,"S000002176","S000002176","ERP3"
"S000002179",661.817720920949,2.87913178857742,0.262915892692175,10.9507712108843,6.58842594613443e-28,2.7740498336836e-26,"S000002179","S000002179","GPM2"
"S000002180",3250.96278227786,1.71764233868924,0.127748636164127,13.4454847446079,3.27254196368115e-41,2.73666321712837e-39,"S000002180","S000002180","GPD1"
"S000002181",476.524907116394,2.2939465899218,0.215416356102338,10.6488970077649,1.76443236609822e-26,7.08243151751827e-25,"S000002181","S000002181",NA
"S000002184",28.1085593492207,1.08305215295198,0.408994943445174,2.64808201252777,0.00809498844880114,0.0180786073628456,"S000002184","S000002184",NA
"S000002194",125.33540721409,1.02086581241829,0.255119160004977,4.00152545343273,6.2935423435589e-05,0.00023727876299667,"S000002194","S000002194","PUS9"
"S000002195",95.3811098895637,3.5674488558179,0.376986417972469,9.46306998274518,2.99032129885418e-21,7.82814110452218e-20,"S000002195","S000002195","BSC1"
"S000002197",291.680502861709,3.27958400797882,0.187461594513673,17.4946981353005,1.57243387667101e-68,4.11635842236354e-66,"S000002197","S000002197","PRM7"
"S000002200",324.49494207329,-1.47652073435325,0.211193124145751,-6.99132957252081,2.72293261853681e-12,3.05303115385664e-11,"S000002200","S000002200","SIR2"
"S000002201",155.244622607798,-1.19606773885866,0.266278657336972,-4.49178973193127,7.06271356312066e-06,3.20686561414199e-05,"S000002201","S000002201","PRP11"
"S000002204",1525.48312675554,-1.12465355410675,0.33545042766056,-3.35266692593034,0.000800369612562063,0.00236226737119421,"S000002204","S000002204","NPC2"
"S000002206",5493.4399795167,3.32605304051509,0.342741506835234,9.70426100773964,2.89164092151495e-22,8.13578036843063e-21,"S000002206","S000002206","STP4"
"S000002208",96.9070309686313,-1.14264546620731,0.343601811773647,-3.32549313494322,0.000882622737595861,0.00258727921278709,"S000002208","S000002208",NA
"S000002212",714.204307172949,1.13434254513513,0.358288837259785,3.16600024106431,0.00154550665610205,0.00426466341722751,"S000002212","S000002212","MCH1"
"S000002213",5788.17778196753,-2.34217039861208,0.225427402877946,-10.3899098721384,2.75613425370623e-25,9.70449376699721e-24,"S000002213","S000002213","PSA1"
"S000002214",553.536508224892,1.18184650956707,0.157872546752073,7.48607996691828,7.09611693567454e-14,9.62450868662644e-13,"S000002214","S000002214","MBP1"
"S000002217",80.171324544507,1.80930675298462,0.247829648944818,7.30060652826686,2.86473372315733e-13,3.6466303905138e-12,"S000002217","S000002217","RAD59"
"S000002224",1273.74842808528,1.2217618012632,0.333207828104011,3.66666596104648,0.000245733457708514,0.000815185205985103,"S000002224","S000002224","IDP1"
"S000002235",444.003808531448,1.04141914160938,0.124120985617363,8.39035507516713,4.84676073090199e-17,9.20578749550817e-16,"S000002235","S000002235","VAM6"
"S000002238",428.573717780612,1.03343839024323,0.182663367108745,5.65761163062319,1.53493980685722e-08,1.06842457538582e-07,"S000002238","S000002238","THI3"
"S000002241",2069.83510677325,-1.13963470872132,0.364630127474072,-3.12545405015211,0.00177530803105358,0.00480842539584958,"S000002241","S000002241","RPS16B"
"S000002259",252.367675895917,-1.24845177230134,0.18346528252086,-6.80483934152167,1.01162065953983e-11,1.05562703485083e-10,"S000002259","S000002259","DUN1"
"S000002268",796.123265866568,1.53008308398267,0.260944047113951,5.86364433642165,4.52816869519185e-09,3.36593873009261e-08,"S000002268","S000002268","TMA17"
"S000002272",25.4366621241982,-1.50929995775218,0.569193842355866,-2.65164491503503,0.00801007313541101,0.0179269166784435,"S000002272","S000002272",NA
"S000002275",282.366586049054,1.0321546231249,0.209434789331834,4.92828639605583,8.29539594744277e-07,4.47149319602085e-06,"S000002275","S000002275","CYK3"
"S000002282",7080.83932252243,1.03940843446519,0.404451129966664,2.56992342820468,0.0101720995989473,0.0221025664688782,"S000002282","S000002282",NA
"S000002285",142.46867672083,-1.56252274659724,0.351382449608145,-4.44678653797235,8.71643753738359e-06,3.89041292902792e-05,"S000002285","S000002285","PCL2"
"S000002286",2087.84187918781,1.00788986325452,0.3156255949131,3.19330839925077,0.0014065264294677,0.00392432605737953,"S000002286","S000002286","VCX1"
"S000002287",432.739131121519,1.44571443448078,0.214617347220118,6.73624221530428,1.62535257771587e-11,1.64474754124828e-10,"S000002287","S000002287",NA
"S000002289",1649.7191627909,1.57676020049528,0.206633541439712,7.63070791658147,2.33468098270787e-14,3.33898199450929e-13,"S000002289","S000002289","LYS21"
"S000002297",493.704887008446,1.16857715805813,0.234692280165992,4.97918873697775,6.38513529188363e-07,3.49817102751877e-06,"S000002297","S000002297","RGT2"
"S000002312",896.391251372588,-1.43549320883479,0.303580051602657,-4.728549195695,2.26129838362338e-06,1.1298985533441e-05,"S000002312","S000002312","SAS10"
"S000002318",404.649656451483,-1.0431969836971,0.21806952576236,-4.78378159465491,1.72027603214722e-06,8.84524508075012e-06,"S000002318","S000002318","STE7"
"S000002319",873.066560953068,-1.02272848284119,0.308425621174719,-3.31596473388255,0.00091327352813005,0.00267192415591401,"S000002319","S000002319","DHH1"
"S000028520",15.3319823730834,1.33760958856103,0.54328357458053,2.46208361737018,0.0138132458587351,0.0289285402836328,"S000028520","S000028520","MHF2"
"S000002326",220.83991376714,-1.3697255333823,0.418998993345863,-3.26904253980309,0.00107912076280818,0.00310879718319045,"S000002326","S000002326","NRP1"
"S000002328",1116.81966285697,-1.71799575424836,0.25471109223777,-6.7448800095625,1.53153539654824e-11,1.55766463219881e-10,"S000002328","S000002328","UGX2"
"S000002329",842.828073607301,2.19690778354965,0.221980498297733,9.89685040080877,4.29591296072912e-23,1.34019129204923e-21,"S000002329","S000002329","UGA3"
"S000002330",3060.18904688324,2.02615404990481,0.194912808935906,10.3951816248827,2.60789623642042e-25,9.23655484675727e-24,"S000002330","S000002330","GLT1"
"S000002341",3400.44930341572,2.02566732552982,0.377107489975295,5.37159133503957,7.80448208432817e-08,4.84441099275669e-07,"S000002341","S000002341","LYS20"
"S000002360",221.879264562548,-1.24229019701761,0.220470812833046,-5.63471500401437,1.75348073108871e-08,1.21213633546328e-07,"S000002360","S000002360","TRM8"
"S000002367",347.996218126393,-1.65152801828485,0.465281513619541,-3.54952425562151,0.000385927909964918,0.00122491931781696,"S000002367","S000002367","NHP2"
"S000002375",265.607042340784,1.28618333594623,0.163790601725604,7.85260767343021,4.07474792885302e-15,6.47336603684011e-14,"S000002375","S000002375","RRI1"
"S000002378",78.0709728395172,-1.48903471203794,0.332579751191965,-4.47722600880314,7.56191834241805e-06,3.40286325408812e-05,"S000002378","S000002378","DTD1"
"S000002386",736.435607752861,-6.07109612195286,0.345621323274916,-17.5657452625507,4.50735711049868e-69,1.23358168919602e-66,"S000002386","S000002386","HO"
"S000002387",1889.24245452837,-1.97569758996421,0.564271375135552,-3.50132520808732,0.000462950542178664,0.0014435138345198,"S000002387","S000002387",NA
"S000002388",4466.60979443882,-1.38446620103646,0.588481246871751,-2.35260886968956,0.0186422316507386,0.0377547516882264,"S000002388","S000002388","SSB1"
"S000002392",628.391201035806,-1.37284350271897,0.358730156030479,-3.82695315584878,0.000129739192915124,0.000459235555874169,"S000002392","S000002392","MFG1"
"S000002397",384.664025668464,1.44951791567336,0.363754774553892,3.98487667261839,6.75151814133971e-05,0.000253118871288956,"S000002397","S000002397","GUD1"
"S000002398",370.365147719609,1.8329230152805,0.290139531339856,6.31738462806537,2.66026902661794e-10,2.29544449200726e-09,"S000002398","S000002398","ADY3"
"S000002403",84.8983955021086,1.53703177601748,0.283458064022006,5.42243093813747,5.87939324841476e-08,3.72629755249529e-07,"S000002403","S000002403","THI13"
"S000002404",398.010043552147,1.04939498162515,0.202556546043919,5.18075076871434,2.20994607549185e-07,1.28934935276516e-06,"S000002404","S000002404","HXT15"
"S000002405",69.4007052144202,1.19340871877088,0.426998605371054,2.79487732221942,0.00519194131354045,0.012297670593559,"S000002405","S000002405","SOR2"
"S000002407",446.292445302837,1.14333042638811,0.207681312786303,5.50521571271344,3.68716511749593e-08,2.41571503508629e-07,"S000002407","S000002407","COS7"
"S000002426",1297.62484297183,1.54477259629139,0.181429646573536,8.5144441686672,1.67391247054163e-17,3.3660117050068e-16,"S000002426","S000002426","GCV1"
"S000002432",1987.48044406338,-1.01111834354517,0.347169215808481,-2.91246544193297,0.00358587876274878,0.0089106793357451,"S000002432","S000002432","RPS11A"
"S000002440",2372.96326676587,1.34759004431327,0.439424134181568,3.06671832402462,0.00216422694807192,0.00574044513407094,"S000002440","S000002440","MRH1"
"S000007345",602.297463127338,1.86469159951492,0.196332206876269,9.4976347955487,2.14711534939519e-21,5.69505793775703e-20,"S000007345","S000007345",NA
"S000002442",2492.93751308306,2.6507492828234,0.145101437044277,18.2682496935888,1.48126019676159e-74,5.94577842980101e-72,"S000002442","S000002442","ARO3"
"S000002446",150.877612998773,4.25251274452101,1.09081837196161,3.89846087472266,9.68060381108577e-05,0.000352612919216863,"S000002446","S000002446","ENA2"
"S000002448",733.712924492632,-1.88233801043222,0.227766014437951,-8.2643497761384,1.40458216340438e-16,2.5320326963646e-15,"S000002448","S000002448","RSM10"
"S000002449",16.7221677199147,-1.31058977924326,0.498032200491712,-2.63153622988493,0.0084999803835916,0.0189199193676913,"S000002449","S000002449",NA
"S000002453",2250.39608485271,2.64835315608496,0.492670709684728,5.37550356460142,7.63689409845328e-08,4.74527754043212e-07,"S000002453","S000002453","BAP3"
"S000002462",7325.3295731652,2.8154507745692,0.562604940547399,5.0043122121001,5.60618324009073e-07,3.10246592725977e-06,"S000002462","S000002462","PST1"
"S000002466",1184.74250334553,-1.09426425298192,0.263389541071558,-4.15454709602395,3.25932482530597e-05,0.000130221597698522,"S000002466","S000002466","UBC5"
"S000002492",1161.3127573986,1.65869663020136,0.22939690296056,7.23068449832794,4.80565624522408e-13,5.89304607993772e-12,"S000002492","S000002492","AFR1"
"S000002494",138.328327678671,-2.2090392272129,0.300771549342427,-7.34457508378865,2.06413794470953e-13,2.66699025002062e-12,"S000002494","S000002494","RRP1"
"S000002497",460.730579421452,-1.07155869891807,0.176019007968818,-6.0877442231006,1.14512618566218e-09,9.03644136811529e-09,"S000002497","S000002497",NA
"S000007391",142.650170111269,1.38340554024039,0.353366255371755,3.91493392255294,9.04289698162164e-05,0.000330785435761506,"S000007391","S000007391",NA
"S000002508",335.366365838741,-1.65194806060309,0.550464559077833,-3.00100711909685,0.00269088273837815,0.00695631068893132,"S000002508","S000002508","ARX1"
"S000002518",3045.43774184687,-5.07404033559274,0.605396379537297,-8.3813522959467,5.23230331002647e-17,9.90682334266333e-16,"S000002518","S000002518","ALT2"
"S000002519",30.7079622496592,-3.78130995448721,0.711210592792747,-5.31672333455966,1.05652524344211e-07,6.43209149723451e-07,"S000002519","S000002519","IRC2"
"S000002520",172.3342373712,-1.50679774916211,0.210727252341874,-7.15046455746289,8.64847109253423e-13,1.02909969265116e-11,"S000002520","S000002520","PDS1"
"S000002526",428.909201407438,-1.31908760225468,0.212241663775208,-6.21502667662729,5.13159311332228e-10,4.23831579359581e-09,"S000002526","S000002526","VBA4"
"S000002528",152.041286942382,-1.04415841849887,0.321205081880847,-3.25075310883843,0.00115099763413781,0.00329380073913677,"S000002528","S000002528","DPB4"
"S000002529",1698.77365854943,1.02706161833756,0.136593085729369,7.51913329180125,5.51405476243398e-14,7.59728231684553e-13,"S000002529","S000002529","KIN1"
"S000002530",386.299190474154,-3.1129805976868,0.365290059043599,-8.52194172991512,1.56900328555847e-17,3.18079756981399e-16,"S000002530","S000002530","INO2"
"S000002533",199.047828067905,1.39430762607426,0.250756092808739,5.56041374890039,2.69135836174494e-08,1.8045288080252e-07,"S000002533","S000002533","SWF1"
"S000002534",3937.60949459291,2.62105852444895,0.302205394184365,8.67310304477866,4.20501104845215e-18,8.76068218779598e-17,"S000002534","S000002534","ARO1"
"S000002540",518.554013434947,-2.96932879983897,0.333033624219497,-8.91600302161063,4.83420343339046e-19,1.07802736564607e-17,"S000002540","S000002540",NA
"S000002548",793.027740933116,1.01937578293083,0.162860749855245,6.25918635298485,3.86991212072671e-10,3.24071500401885e-09,"S000002548","S000002548","DOP1"
"S000002551",194.012795311224,-2.78162581327691,0.281735699788081,-9.87317480663338,5.44145265060213e-23,1.68015314919361e-21,"S000002551","S000002551","MKC7"
"S000002553",216.09147671284,1.47478952687164,0.238971685483134,6.17139860686855,6.76885331758418e-10,5.52988681481334e-09,"S000002553","S000002553","SWI5"
"S000002554",344.574988519847,-2.93037473208962,0.231339157835088,-12.6670070018088,9.00864841321237e-37,6.23460598804042e-35,"S000002554","S000002554","EKI1"
"S000002555",4974.36098042917,1.80675495325487,0.22570199468988,8.00504645843911,1.19421577875881e-15,1.9973258899741e-14,"S000002555","S000002555","KGD2"
"S000002556",277.540613439621,-2.53025503138758,0.461066239785135,-5.48783409639085,4.06891941001713e-08,2.64282241291404e-07,"S000002556","S000002556",NA
"S000002565",3349.41664021063,2.30397738132422,0.221082243473379,10.4213587899548,1.9810247010405e-25,7.13117267342968e-24,"S000002565","S000002565","HOM2"
"S000002572",296.782574493827,-1.08149327414745,0.21529315063163,-5.02335197833538,5.07773625825773e-07,2.83083796397869e-06,"S000002572","S000002572","TRM82"
"S000002580",444.537462732346,1.79840935755798,0.394459023115931,4.55917915973095,5.13539474903548e-06,2.40811618255005e-05,"S000002580","S000002580","ARG82"
"S000002585",1658.47506000895,1.17389123576896,0.182788411217706,6.42213162174063,1.34379149479242e-10,1.20760725226048e-09,"S000002585","S000002585","SDH4"
"S000002586",166.696921867381,-2.09706016352912,0.384136420183273,-5.45915475165986,4.78406645263434e-08,3.07744274693497e-07,"S000002586","S000002586","CSN9"
"S000002609",116.346391660563,-1.16512921896318,0.246501628472098,-4.72665931736455,2.28243726007448e-06,1.13951531864913e-05,"S000002609","S000002609","SPC19"
"S000002617",236.667845926226,-1.11831429236719,0.163926268427842,-6.82205666664981,8.97462489627541e-12,9.49669885772834e-11,"S000002617","S000002617",NA
"S000007410",266.245549680118,1.84668980283068,0.296117519021602,6.23634092617116,4.47924349176167e-10,3.71481061486185e-09,"S000007410","S000007410",NA
"S000002624",3748.87737458705,-1.05955441215654,0.223330984555932,-4.74432338290782,2.09204414850638e-06,1.05495794121917e-05,"S000002624","S000002624","ADR1"
"S000002626",114.798348769395,-3.8211727545555,0.320452863673016,-11.9242896155066,8.84351563206301e-33,4.88502822207811e-31,"S000002626","S000002626","SPR28"
"S000002630",990.48027111763,3.12768587927274,0.125144260590354,24.9926434062436,7.34972694605458e-138,4.42527059421946e-134,"S000002630","S000002630",NA
"S000002631",657.509771873,1.38538343394919,0.278105085959074,4.98151060118716,6.30898273667696e-07,3.45959791052204e-06,"S000002631","S000002631","CRF1"
"S000002650",852.172138397239,2.33351808683648,0.134114503231667,17.3994462239897,8.33043626050611e-68,2.00630226898029e-65,"S000002650","S000002650","AMD2"
"S000002655",2025.93903060598,1.43119430325323,0.401300878736339,3.56638716506162,0.000361936540893935,0.00115608483433548,"S000002655","S000002655","VHS1"
"S000002660",29.1344702529914,-1.66654470044929,0.361190895083396,-4.61402743849482,3.94940252173701e-06,1.88725020503004e-05,"S000002660","S000002660","BTT1"
"S000002661",168.076352978865,1.01554787307946,0.207902743994539,4.88472568263041,1.03572949482425e-06,5.51381723106704e-06,"S000002661","S000002661","MET32"
"S000002666",8657.09339671553,1.36604772645168,0.267344776396681,5.1096854962476,3.22695528121024e-07,1.84691043233525e-06,"S000002666","S000002666","HSP78"
"S000002667",184.45874450162,2.07926593697597,0.365261527476184,5.69254022273546,1.25163099984197e-08,8.77307363218686e-08,"S000002667","S000002667","YAP6"
"S000007397",511.826848590877,1.21876340251893,0.159706321557366,7.63127840297261,2.32437106352942e-14,3.33215194607396e-13,"S000007397","S000007397",NA
"S000002670",5235.81323329688,-1.78266188374687,0.33788483602303,-5.27594521473395,1.32073543815872e-07,7.95214807315365e-07,"S000002670","S000002670",NA
"S000002671",530.217185266859,-2.59547715763908,0.330496342472471,-7.8532704423356,4.05326343796669e-15,6.45626961904695e-14,"S000002671","S000002671","DIN7"
"S000002677",17.7735717742452,1.77917598660758,0.492863198456098,3.609877938099,0.00030634112749223,0.000996477541129506,"S000002677","S000002677",NA
"S000002678",715.063073519853,1.62076280221897,0.221288685375065,7.32420096161683,2.40326320047615e-13,3.065688078404e-12,"S000002678","S000002678","CCC2"
"S000002679",26.0281820327145,1.88110455039267,0.454870589811111,4.13547191779054,3.54225932785933e-05,0.000140592903184186,"S000002679","S000002679",NA
"S000002682",44.1264081055815,1.27010849946351,0.372036629926899,3.41393399814709,0.000640320856357615,0.00193542764865924,"S000002682","S000002682",NA
"S000002683",665.37634733406,1.00960778221574,0.43751514366762,2.30759505545878,0.0210216697875212,0.041758981785109,"S000002683","S000002683","BSC2"
"S000002695",749.360003509881,-1.02419693435975,0.271724593701351,-3.76924635495243,0.000163741211979517,0.000566778567316823,"S000002695","S000002695","INM2"
"S000002705",1131.05881382697,1.07870183616313,0.11559244418528,9.33194071434388,1.03949820787121e-20,2.58628872297213e-19,"S000002705","S000002705","SUR2"
"S000002707",305.398932117675,-1.3746957362314,0.529807824910601,-2.59470636633832,0.00946717608787917,0.0207354918970973,"S000002707","S000002707","BFR2"
"S000002713",200.298130384257,1.40269184412449,0.289383033164603,4.84718066842099,1.25228375606992e-06,6.57940706395899e-06,"S000002713","S000002713","HNT2"
"S000002714",989.1579098336,-1.16539858823448,0.228937906129879,-5.09045709352009,3.57201394818607e-07,2.03858729687473e-06,"S000002714","S000002714",NA
"S000002717",325.840392923792,-3.86375963205977,0.23971144473218,-16.1183778120256,1.89519088790097e-58,3.08403900974372e-56,"S000002717","S000002717","GIC2"
"S000002729",350.318514155302,-1.5967109104299,0.336608729985933,-4.74352198321365,2.10034138997982e-06,1.05825569113544e-05,"S000002729","S000002729","ASP1"
"S000002731",200.122516908432,1.28296164647637,0.300312659505234,4.27208646012477,1.93652458844762e-05,8.03017530788092e-05,"S000002731","S000002731","PEP7"
"S000002733",288.071200155903,1.04365627934793,0.214392731783571,4.86796483568062,1.12753386507211e-06,5.96562513321546e-06,"S000002733","S000002733","YCG1"
"S000002735",826.462938353429,-1.58700896666275,0.337885525106473,-4.69688355594001,2.64160944168289e-06,1.3047686996204e-05,"S000002735","S000002735",NA
"S000002736",2386.81377845808,-1.73816719220093,0.336459597428533,-5.16605026423756,2.39092518971889e-07,1.3855399968525e-06,"S000002736","S000002736","SKP1"
"S000002737",3161.45271835786,-1.73546245698175,0.281801405301218,-6.15845919975706,7.34561029968576e-10,5.9606360666318e-09,"S000002737","S000002737","PEX3"
"S000002750",3734.97841844933,-1.0349506021197,0.328905393543364,-3.14665135457333,0.00165151759929424,0.00451374828204749,"S000002750","S000002750","HXT7"
"S000002753",1062.49396379744,-1.90628278138736,0.197641403060796,-9.64515912083955,5.15312133504653e-22,1.42981306720346e-20,"S000002753","S000002753","HXT3"
"S000002759",971.971091698773,1.38439312130043,0.117964275839069,11.7356980446272,8.36334577169582e-32,4.45625707003367e-30,"S000002759","S000002759","SBE2"
"S000002761",1270.49264419092,-1.53077949536745,0.0915133044192548,-16.727398328383,8.2775875774856e-63,1.60772112271099e-60,"S000002761","S000002761","TRR1"
"S000002762",457.041003342361,1.05038068408204,0.274453476679526,3.82717208318896,0.000129623897264823,0.00045909734437147,"S000002762","S000002762","TRP4"
"S000002767",603.772497756008,1.10823092703407,0.374528992822964,2.95899903150599,0.00308640071367383,0.00782121999033255,"S000002767","S000002767","EAF1"
"S000002768",31.5864831438347,1.7651093999462,0.534678291153237,3.30125503345025,0.000962533463944724,0.0028064958771967,"S000002768","S000002768","OPI7"
"S000002782",149.471545982955,-4.03046596537359,0.296944947914489,-13.5731083949414,5.78171314870025e-42,4.97309926690346e-40,"S000002782","S000002782","PHO92"
"S000113553",227.338061038572,-1.93957714959173,0.387049197054719,-5.01119021651794,5.40944104846748e-07,2.99634264515388e-06,"S000113553","S000113553","WIP1"
"S000002785",639.290916005919,1.08322108732505,0.159653050192206,6.78484429843938,1.162117744909e-11,1.2063984382926e-10,"S000002785","S000002785","ATP17"
"S000007605",131.211635671898,-1.35779561957948,0.440577490812361,-3.08185426603592,0.00205715525206419,0.00548301539295197,"S000007605","S000007605","SDH6"
"S000002787",578.764213314853,1.23606239982813,0.126911570921638,9.73955637655248,2.04444902634117e-22,5.80642810735859e-21,"S000002787","S000002787","RGA2"
"S000002788",3580.95414586217,1.25190480307253,0.253624102241229,4.93606400972809,7.9714953923336e-07,4.30847161196056e-06,"S000002788","S000002788","ARO10"
"S000002792",1216.38748373212,-3.00864837684386,0.494753002646293,-6.08111190988525,1.19351950133418e-09,9.39370054579489e-09,"S000002792","S000002792","ATO3"
"S000002795",645.936463644923,1.82250357616783,0.204802317722123,8.89884253478331,5.64320889664692e-19,1.24918238112908e-17,"S000002795","S000002795","CIN10"
"S000002806",396.278630401287,-1.1898997933465,0.478047151554586,-2.48908457978884,0.0128072493291023,0.0270380253192584,"S000002806","S000002806","UTP5"
"S000002811",195.129102538436,-2.62249213769376,0.258959507352312,-10.1270355528051,4.19164810754479e-24,1.41786029525433e-22,"S000002811","S000002811","DIT1"
"S000002828",1193.10235708274,1.03475108192388,0.252277283802148,4.10164191689725,4.10228779223261e-05,0.000160911236462753,"S000002828","S000002828","HKR1"
"S000002829",1008.71282517571,1.26365196342279,0.135388403568205,9.33353175101295,1.0240062260049e-20,2.5689756194898e-19,"S000002829","S000002829","ARO80"
"S000002840",3340.8847079333,-1.9998480675959,0.31474008993877,-6.35396675391736,2.09832204138005e-10,1.84977994306724e-09,"S000002840","S000002840","NPL3"
"S000002841",74.4403637491133,-1.64365618348357,0.434777306221634,-3.78045532727436,0.000156541806804188,0.000545450358083341,"S000002841","S000002841",NA
"S000002843",803.768414708717,-1.31375429580187,0.370257403605734,-3.54821884183257,0.000387845827892804,0.00123035812947449,"S000002843","S000002843","PPM1"
"S000002851",777.824618583386,1.01151480918585,0.208315695900156,4.85568216458669,1.19973003815174e-06,6.30879874210621e-06,"S000002851","S000002851","SSN2"
"S000002857",217.649440343514,-1.63489425222502,0.50297329349744,-3.25045936506237,0.00115218732810696,0.00329563890856627,"S000002857","S000002857","UTP6"
"S000002858",2347.70340851359,-1.13492448646127,0.32932902718572,-3.44617204307731,0.000568588246991349,0.00173603947014955,"S000002858","S000002858","RPS18A"
"S000002859",166.095337712508,-1.15317894546801,0.403377524923556,-2.85880812444011,0.0042523590902409,0.0103699692516567,"S000002859","S000002859","YHP1"
"S000002862",529.697671045079,-1.03044310604286,0.163282213204984,-6.31081050297405,2.77577901884628e-10,2.38756649606763e-09,"S000002862","S000002862","GUK1"
"S000002863",17.7969134301859,1.56058459674583,0.503205861257059,3.10128461708957,0.00192682989562044,0.00517228836448092,"S000002863","S000002863",NA
"S000087209",209.783236394893,-1.96396240450046,0.340421381641244,-5.76920989813206,7.96440546405236e-09,5.71557631693198e-08,"S000087209","S000087209",NA
"S000002870",235.728066161002,-1.10365168802602,0.283535066605502,-3.89246981418914,9.92288491369156e-05,0.00036034794973062,"S000002870","S000002870","MRPL28"
"S000002883",1455.50944411441,2.52537899035421,0.213915630207682,11.8054907343724,3.65651442070436e-32,2.00144302973282e-30,"S000002883","S000002883","JIP4"
"S000002892",302.714397028833,1.21369345868608,0.153520937242038,7.90571944445984,2.6639053705534e-15,4.32328146525661e-14,"S000002892","S000002892","VPS52"
"S000002896",106.301307221209,-1.41924063394688,0.273230713308053,-5.19429392385605,2.05498258823676e-07,1.20595030835999e-06,"S000002896","S000002896","PAC11"
"S000002905",3942.66638019671,-1.93754260507911,0.196741302796121,-9.84817411261606,6.98004596025931e-23,2.09088839436424e-21,"S000002905","S000002905","ITR1"
"S000002909",104.946913485219,-1.04904893566781,0.241036668851395,-4.35223794232975,1.34754896498705e-05,5.78303087540061e-05,"S000002909","S000002909","PLM2"
"S000002910",1203.761545247,-1.195859126998,0.174992995378251,-6.83375425635253,8.2720681580026e-12,8.76868351748832e-11,"S000002910","S000002910","SAM2"
"S000002912",59.0407725782154,-1.03194401968613,0.320261743428386,-3.22218947739191,0.00127214976690691,0.00359502135461798,"S000002912","S000002912","SPG3"
"S000002916",689.050482440407,-2.18080922878285,0.345858718627692,-6.30549155283964,2.87280672333985e-10,2.4604792718676e-09,"S000002916","S000002916","GNP1"
"S000002936",170.316707733256,-1.41784744166357,0.241295514286058,-5.87597927735488,4.20350911077844e-09,3.14792641243744e-08,"S000002936","S000002936","HLR1"
"S000002945",189.344577420116,1.07500498431031,0.147455977772464,7.29034523082627,3.09161777407594e-13,3.91886960372869e-12,"S000002945","S000002945",NA
"S000002946",243.199509498923,1.10735835210118,0.160694634453309,6.89107234892106,5.53733656348269e-12,6.00726188265392e-11,"S000002946","S000002946","PAD1"
"S000000727",380.048461843437,-1.09830054460723,0.348987473490844,-3.14710592223031,0.00164895215185318,0.00450878333619799,"S000000727","S000000727","IRC22"
"S000007256",52.5959580671997,-1.64429600484135,0.305314969432537,-5.38557283286,7.22142848533787e-08,4.51039635998126e-07,"S000007256","S000007256","TIM9"
"S000000752",242.153494668153,-2.78215550159169,0.334457717037711,-8.31840726006627,8.91532175519838e-17,1.64559323716415e-15,"S000000752","S000000752","SNU13"
"S000028619",30.4848971219841,-1.29185187279979,0.361327074007355,-3.57529774470621,0.00034982953630051,0.00112157808203694,"S000028619","S000028619",NA
"S000000759",23.2594405690011,-2.00045183503819,0.3907372287499,-5.1196857833033,3.06045144719729e-07,1.76334719268659e-06,"S000000759","S000000759","MTC7"
"S000028743",6901.71408810262,-1.16844544541125,0.0954711331577479,-12.2387302503325,1.93028750862799e-34,1.19817124633496e-32,"S000028743","S000028743",NA
"S000000760",3682.6666114626,-1.11474082994642,0.0898341630671599,-12.4088742176297,2.33918649293869e-35,1.51443461010579e-33,"S000000760","S000000760","HYP2"
"S000000766",624.985667916439,-4.46010484251207,0.301324572529613,-14.8016632200607,1.42904759770233e-49,1.68711678152269e-47,"S000000766","S000000766","UTR2"
"S000000768",543.637247364604,-1.23319019298627,0.261275800683306,-4.7198791076753,2.35984850274986e-06,1.17329874773385e-05,"S000000768","S000000768","GDA1"
"S000000772",2011.65943829217,1.94922608948525,0.521304356983081,3.73913254967963,0.00018465634784326,0.000628499644072509,"S000000772","S000000772","GLY1"
"S000000774",46.3356126066117,-1.13174253007999,0.40645867171962,-2.78439755090447,0.00536272594627547,0.012647462954377,"S000000774","S000000774","TCA17"
"S000000775",51.8169536068198,1.54992670187499,0.284922222452754,5.43982385274281,5.33332766608164e-08,3.3980916272463e-07,"S000000775","S000000775","PAU2"
"S000028744",842.77639620576,-1.21413202108604,0.347610657303999,-3.4927928576834,0.000477997140168037,0.00148351586646997,"S000028744","S000028744",NA
"S000000780",1412.33673445208,-1.33740087180311,0.395785852262505,-3.37910226997219,0.000727229496382804,0.00216764791966379,"S000000780","S000000780","RPL12A"
"S000000783",307.333671826862,-2.3610018939386,0.625054403791188,-3.77727423343991,0.000158554120439121,0.00055086806645352,"S000000783","S000000783","SDD1"
"S000000792",267.62449957961,-1.14524399957688,0.238543202204064,-4.80099197543751,1.57881596307486e-06,8.15270232733595e-06,"S000000792","S000000792","HPA3"
"S000000793",50.7566973973514,-1.47328686816863,0.637207407025719,-2.31209940738992,0.020772205816413,0.0414274432661884,"S000000793","S000000793",NA
"S000000795",46.8612896518681,1.84992866667235,0.585396378258701,3.16013001681883,0.00157698749859083,0.00434016019844759,"S000000795","S000000795","HXT13"
"S000000798",57.6515884897995,1.08791310449304,0.282266482527083,3.85420576595967,0.000116105919411162,0.000414862818410972,"S000000798","S000000798","RMD6"
"S000000799",54.9111968563101,-1.45915509017649,0.371788484444544,-3.92469146094312,8.68409685492101e-05,0.000318628562848747,"S000000799","S000000799",NA
"S000002956",16.6712467806313,3.01202454505341,0.820299883118149,3.67185782546257,0.000240793635358705,0.000800562384591256,"S000002956","S000002956",NA
"S000000802",21.7102824532425,1.85472201060494,0.451268856406171,4.11001553569557,3.95632498839273e-05,0.000155794851243379,"S000000802","S000000802",NA
"S000000803",644.659958574245,-2.33032878441729,0.275739372274602,-8.45120073058182,2.88322053616434e-17,5.65468105806042e-16,"S000000803","S000000803","MNN1"
"S000000804",640.916346246581,-1.86763385678666,0.103282602233958,-18.082753691237,4.35766367466931e-73,1.45763849917689e-70,"S000000804","S000000804","NOP16"
"S000000805",875.790721831035,-1.56162568279797,0.172243555294794,-9.06638091698267,1.23035747661174e-19,2.81672333333812e-18,"S000000805","S000000805","PMI40"
"S000000806",5125.69073382414,-2.30705634360658,0.331242095479127,-6.96486459629935,3.28719757892985e-12,3.65170048389975e-11,"S000000806","S000000806","FMP52"
"S000000818",257.751679102661,-1.3434712770875,0.315414551346059,-4.25938268020329,2.0499225725578e-05,8.43648927503109e-05,"S000000818","S000000818","BIM1"
"S000000825",685.189231649416,-1.07665260249499,0.12607333671863,-8.53989138796146,1.34348054601438e-17,2.73280282687588e-16,"S000000825","S000000825","PRO3"
"S000000826",12792.5588223077,1.96186124572449,0.236242919713621,8.30442346421515,1.00305299827554e-16,1.84127503128567e-15,"S000000826","S000000826","YAT2"
"S000000828",975.512842592494,-1.95793086191898,0.117219384964835,-16.7031320161452,1.24361922288066e-62,2.33994729405139e-60,"S000000828","S000000828","CHO1"
"S000000830",182.286197597555,-2.55692116561551,0.412334363262637,-6.20108677187031,5.60745846192457e-10,4.61236439880435e-09,"S000000830","S000000830","MIG3"
"S000000832",669.145299148443,-1.35131442629785,0.447471012981854,-3.01989265694099,0.0025286428692045,0.00658803925377772,"S000000832","S000000832","CHZ1"
"S000000836",102.190874352787,1.11227605379466,0.324439000543461,3.42830563505468,0.000607361266937294,0.001845066694364,"S000000836","S000000836",NA
"S000000837",751.098181298931,1.25410615700098,0.245307399524164,5.11238617112097,3.18114676664393e-07,1.8224248032315e-06,"S000000837","S000000837","EDC2"
"S000000839",2468.02454638317,3.65989560651718,0.302707003942959,12.0905547570576,1.18483961022422e-33,6.92613523607772e-32,"S000000839","S000000839","PHM8"
"S000028746",122.908789301772,-1.1796575426116,0.347432256512422,-3.39535987375836,0.000685384475211531,0.00205820445149557,"S000028746","S000028746","FMP49"
"S000000841",488.115396132409,-1.11707202110992,0.205876718221114,-5.42592688848952,5.76545567700993e-08,3.65793557758449e-07,"S000000841","S000000841","HVG1"
"S000000845",1520.77941720264,-2.82753168238612,0.36876261776218,-7.66762016048394,1.75216852717711e-14,2.53601122647437e-13,"S000000845","S000000845","SAH1"
"S000000846",255.29700819976,1.49025365479908,0.265848373738999,5.60565270285297,2.07471610057346e-08,1.41791891504572e-07,"S000000846","S000000846","ERG28"
"S000000847",511.330444375208,1.94431270123964,0.177351834938565,10.9630255695587,5.75428150626236e-28,2.43989640487364e-26,"S000000847","S000000847","ACA1"
"S000000854",2039.35898844132,2.89208032801096,0.63389085888141,4.56242630334573,5.05658451605546e-06,2.37300821287373e-05,"S000000854","S000000854","HOM3"
"S000000855",2096.70771980378,2.31247318915557,0.263088652108059,8.78971088500524,1.49945335897255e-18,3.24755707711285e-17,"S000000855","S000000855","PIC2"
"S000000862",467.113142437347,1.46188104651871,0.202000286581328,7.23702461644846,4.58634929570842e-13,5.64711842729251e-12,"S000000862","S000000862","FCY21"
"S000002958",193.220220642391,1.2658917645853,0.274437725745285,4.61267400882127,3.97521505536301e-06,1.89807849709284e-05,"S000002958","S000002958","FCY22"
"S000000864",783.447376587061,2.05761144271086,0.335969365321006,6.12440196964057,9.10248343646734e-10,7.30747370279598e-09,"S000000864","S000000864","GPP2"
"S000000867",11587.6767604164,2.47089619017657,0.52634939972254,4.69440297923599,2.67386475645687e-06,1.31745824047682e-05,"S000000867","S000000867","ICL1"
"S000028749",176.517712293286,3.12500068337385,0.372195072728326,8.39613662928543,4.61408715577194e-17,8.79158821674141e-16,"S000028749","S000028749",NA
"S000000871",2418.76866418656,2.22100330578464,0.190399380881268,11.6649712593847,1.92468081005534e-31,9.90470355328476e-30,"S000000871","S000000871","ARG5,6"
"S000000872",1749.77714475066,-5.16514375973806,0.329998349081081,-15.6520290908152,3.21793497735009e-55,4.96799653810895e-53,"S000000872","S000000872","RNR1"
"S000000874",688.172138796611,-1.19415415108029,0.178882023713382,-6.67565206548452,2.46135294619184e-11,2.42947640803624e-10,"S000000874","S000000874","VTC1"
"S000000875",2755.09586616153,2.85186518770433,0.38095685738084,7.48605815186402,7.09729589247989e-14,9.62450868662644e-13,"S000000875","S000000875","ALD5"
"S000000879",423.682935638552,1.73516760416784,0.262190680149405,6.6179606505429,3.64187929307448e-11,3.54818045689343e-10,"S000000879","S000000879","MRX1"
"S000028751",92.3042406783,1.07136201067563,0.331489516223802,3.23196348071628,0.00122942767180114,0.0034890487708211,"S000028751","S000028751",NA
"S000000888",1418.22399806297,1.12758312252942,0.172232182063693,6.5468782257687,5.87522311164639e-11,5.5884231208883e-10,"S000000888","S000000888","ILV1"
"S000000892",1332.17189150689,1.04215908864414,0.253199132914201,4.11596626200645,3.85560706107846e-05,0.000152127196033771,"S000000892","S000000892","TRP2"
"S000000893",3426.94966513507,1.0661083725998,0.195269344621619,5.45968121450727,4.76990260393947e-08,3.07161321693257e-07,"S000000893","S000000893","MET6"
"S000000895",567.549636804178,1.0491659597393,0.137341923648509,7.63908012839811,2.18779127677774e-14,3.14384040035292e-13,"S000000895","S000000895","TSC11"
"S000000897",711.764730890638,-1.14776617991237,0.259684896701655,-4.41984187178589,9.87731492535254e-06,4.3793308663879e-05,"S000000897","S000000897","RAD51"
"S000000903",1068.03483171434,-1.03319196341954,0.35526829861825,-2.90820196296138,0.00363513489838089,0.00901076460401456,"S000000903","S000000903","AST2"
"S000000905",10354.0291142096,3.16108972630275,0.323760384722554,9.76367052754659,1.61212482907255e-22,4.62219218849801e-21,"S000000905","S000000905","SSA4"
"S000000920",281.664259252407,-1.25415194089562,0.186993770293128,-6.70691830497686,1.98777471002614e-11,1.98152177633566e-10,"S000000920","S000000920","SHO1"
"S000000926",1356.78785384134,-3.98096238403142,0.284660531510285,-13.9849467817339,1.92620878380172e-44,1.93295051454503e-42,"S000000926","S000000926","DSE1"
"S000000928",352.091630048162,-1.22282517878732,0.501689966921659,-2.43741206604251,0.014792811576362,0.0307872514695043,"S000000928","S000000928","NSA2"
"S000000929",180.190516823007,-1.51040646366106,0.527260070254169,-2.86463274742758,0.00417493124785175,0.0101935365139154,"S000000929","S000000929","LCP5"
"S000000930",92.2967325094135,1.48997945690988,0.215439237194599,6.91600785591361,4.64548648469472e-12,5.05795192122005e-11,"S000000930","S000000930","VFA1"
"S000000931",964.002967401006,1.03091855200427,0.133138105688747,7.74322682954773,9.69248995523152e-15,1.44451688169428e-13,"S000000931","S000000931","SAK1"
"S000000932",1694.92901523125,2.80344091666812,0.357982312030633,7.83122747256918,4.83129644460951e-15,7.59510075535088e-14,"S000000932","S000000932","COM2"
"S000000933",976.684887315799,-1.18692555164566,0.47534534016349,-2.49697525432232,0.0125257697235724,0.0265274919119343,"S000000933","S000000933","RPS26B"
"S000000934",589.775722030831,1.08716071136799,0.168842585466011,6.43890111234312,1.20341568743688e-10,1.09784331122082e-09,"S000000934","S000000934","PMD1"
"S000000940",887.446074321155,-1.43225373056216,0.225434401640953,-6.35330597343033,2.1073595106401e-10,1.85503093765556e-09,"S000000940","S000000940",NA
"S000000941",192.675868434164,-1.06861813166459,0.181871256705892,-5.87568454202015,4.21099557630966e-09,3.14961544906341e-08,"S000000941","S000000941","RTR1"
"S000028758",63.1419195092062,-1.03752506619704,0.292743734692472,-3.54414097807068,0.000393894563340319,0.00124767860743284,"S000028758","S000028758",NA
"S000000948",37.6602363636754,-1.17181930040619,0.339111173185393,-3.45556086931276,0.000549149183444666,0.00168351692134437,"S000000948","S000000948","LSM5"
"S000028759",332.133143212131,-1.71446121354994,0.23234195807548,-7.37904263074589,1.59431780466877e-13,2.08682336998058e-12,"S000028759","S000028759",NA
"S000000950",764.046877103209,-1.88931746049248,0.240566250500876,-7.85362641916223,4.04177007665523e-15,6.45503915955998e-14,"S000000950","S000000950","SPT15"
"S000000952",9612.04979837611,-2.16270720614733,0.5383124382406,-4.01756870641116,5.88016936375491e-05,0.000222950250246652,"S000000952","S000000952","SPI1"
"S000000954",915.164336865507,-1.06575735632584,0.276485218869924,-3.85466304738423,0.000115889129060747,0.000414351808832992,"S000000954","S000000954",NA
"S000000958",296.170975679587,-1.37382660009559,0.359856582861812,-3.81770590152898,0.00013469835892222,0.000474835374163167,"S000000958","S000000958",NA
"S000000959",400.246526886064,1.07816042715268,0.251937165804412,4.27948144812302,1.87329250934875e-05,7.80560152165317e-05,"S000000959","S000000959","COG3"
"S000000960",1090.45830609521,1.38711194341497,0.142988318403138,9.70087597998166,2.98921087364572e-22,8.37118077684692e-21,"S000000960","S000000960",NA
"S000000964",1714.60283851991,-1.3282772220581,0.285701533423007,-4.64917778404593,3.33260866009537e-06,1.60911281013907e-05,"S000000964","S000000964","RAD4"
"S000000966",911.837827445447,1.58745641463914,0.206732326007838,7.67880111105101,1.60584323550999e-14,2.34110947239846e-13,"S000000966","S000000966","CHD1"
"S000000977",1148.42922242805,2.95373502161762,0.232280028647034,12.7162676826858,4.80257273601796e-37,3.3623593539028e-35,"S000000977","S000000977","TMT1"
"S000000978",874.740436307041,1.12697178344549,0.139598564980756,8.07294676417945,6.86215320098155e-16,1.16385984290451e-14,"S000000978","S000000978","ECM32"
"S000000990",92.8390947966616,1.63717334275095,0.286812083657326,5.70817422290686,1.14194498023735e-08,8.02292966862206e-08,"S000000990","S000000990",NA
"S000028626",53.5957155244814,1.48157515604529,0.399746783829702,3.70628411778909,0.000210322350855315,0.000707854038289463,"S000028626","S000028626",NA
"S000001891",248.803593687299,-1.26022694135982,0.267652385569448,-4.70844651236194,2.49611844639799e-06,1.2359481221844e-05,"S000001891","S000001891","MSH4"
"S000001880",19147.6234157901,-1.66416382256447,0.287070277423208,-5.79706069713067,6.74872708476964e-09,4.91938084472131e-08,"S000001880","S000001880","HSP12"
"S000001877",135.562874706337,-1.62115460139538,0.242906799156567,-6.67397786733195,2.48961179596098e-11,2.44933866396749e-10,"S000001877","S000001877","GNA1"
"S000001876",3795.61155092902,1.060422123781,0.111375881400026,9.52111094835969,1.713374502471e-21,4.58499016861239e-20,"S000001876","S000001876","LPD1"
"S000001874",18.2244750414085,1.45737092803442,0.467137422927256,3.11979057233734,0.00180979662745823,0.00488864311077883,"S000001874","S000001874","PAU5"
"S000001866",435.868148659615,1.65963668951493,0.217740269034143,7.6220935010174,2.4959412828278e-14,3.55273344300382e-13,"S000001866","S000001866","CAF16"
"S000001864",1712.14106457717,1.03128875810818,0.25481565895493,4.0471953817037,5.18349730362698e-05,0.000198157696921511,"S000001864","S000001864","AGX1"
"S000001861",961.705142510668,1.59306418772321,0.188570301169788,8.44811817046854,2.96035661674049e-17,5.78711272382937e-16,"S000001861","S000001861","RIM15"
"S000001857",898.29393122094,-1.59101991707211,0.203004793568788,-7.83735146890999,4.60148744879194e-15,7.27179945647672e-14,"S000001857","S000001857","TUB2"
"S000001849",1531.15218447174,-1.88684132327306,0.146679322218322,-12.8637172216042,7.20277639260271e-38,5.35406378516801e-36,"S000001849","S000001849","SEC53"
"S000001843",32.8724335315135,1.63329915407394,0.470171564585656,3.47383652499977,0.000513073522981341,0.00157774038910657,"S000001843","S000001843",NA
"S000001841",195.811973257634,3.89410269302457,0.500085647234776,7.78687153801955,6.868872634992e-15,1.0686687890255e-13,"S000001841","S000001841","DAK2"
"S000001835",380.992319163393,2.38915527788011,0.434771890271635,5.49519260867446,3.90284208409176e-08,2.54318313726369e-07,"S000001835","S000001835","SNZ3"
"S000001833",67.6170075407718,1.07420982213287,0.250524966840333,4.28783540291812,1.80422704152606e-05,7.53868911660541e-05,"S000001833","S000001833","DDI2"
"S000001832",37.1998307162844,1.56405825955993,0.389698556388544,4.01350796383374,5.98229832097323e-05,0.000226394834635951,"S000001832","S000001832","COS4"
"S000001828",54.1918853100691,1.88814739714054,0.460276710147903,4.10220060131613,4.09239224581511e-05,0.000160627729544021,"S000001828","S000001828",NA
"S000001901",141.846147523161,-1.28698728011394,0.325242544595988,-3.95700778233862,7.5894459167134e-05,0.000281726595958886,"S000001901","S000001901","SAD1"
"S000001911",1531.52393216177,-1.73055821139191,0.508021252505862,-3.4064681405665,0.000658092306597221,0.00198019679061563,"S000001911","S000001911","GSY1"
"S000001915",836.847987142083,1.11015138586583,0.153205102653771,7.24617761834383,4.28697849399968e-13,5.31109002312183e-12,"S000001915","S000001915","FAB1"
"S000001918",1132.9839309211,2.78271675651931,0.286289500973022,9.71993994562006,2.47927675626543e-22,7.00832176031651e-21,"S000001918","S000001918","ROG3"
"S000001923",90.5650621249103,-1.65920539442489,0.287169258551012,-5.77779600364205,7.56854931028558e-09,5.45098509536238e-08,"S000001923","S000001923","ECO1"
"S000001924",233.971172287278,-1.04587661823139,0.26171892806106,-3.99618256875705,6.43720974995784e-05,0.000242391744243253,"S000001924","S000001924","CDC14"
"S000001926",1183.90612864875,2.19102734795039,0.186642796445279,11.7391476643074,8.02915373422575e-32,4.31638702087261e-30,"S000001926","S000001926","MET10"
"S000002104",3146.44985155529,-1.02686292176312,0.340656056614518,-3.01436860382935,0.00257514729371741,0.00669471582706068,"S000002104","S000002104","RPL2A"
"S000028767",423.017764941974,-1.22692727827921,0.175284490671717,-6.99963398688289,2.56632051609191e-12,2.88818987427839e-11,"S000028767","S000028767",NA
"S000002970",519.906149931111,-1.95651050307724,0.30875890354416,-6.33669338962854,2.34748483265455e-10,2.05140873402222e-09,"S000002970","S000002970","ERP6"
"S000002973",1312.74323806884,-2.31398544051026,0.234525045158965,-9.86668796478346,5.80497393171977e-23,1.77420040826826e-21,"S000002973","S000002973","COG7"
"S000002976",20028.8819419005,2.20617559586014,0.23402666622779,9.42702654967005,4.21878768623298e-21,1.09488451115555e-19,"S000002976","S000002976","PMA1"
"S000002977",4869.14666990987,1.988973052525,0.235841028300245,8.43353282022189,3.35383569714682e-17,6.47225792709006e-16,"S000002977","S000002977","LEU1"
"S000002980",832.755145740937,-1.64830320375363,0.251295450866576,-6.5592242042964,5.40884285598417e-11,5.1775266829699e-10,"S000002980","S000002980","ERG4"
"S000002989",388.497113674204,2.01229727263431,0.230030943455391,8.74794165692127,2.17279546603345e-18,4.62275671412981e-17,"S000002989","S000002989","ALK1"
"S000002993",461.223436576343,1.06143772508303,0.276097927646204,3.84442481742625,0.000120835522860312,0.000430248777730302,"S000002993","S000002993","PGD1"
"S000002994",2305.84778430028,1.60054719468587,0.142360252273642,11.2429359257479,2.50896854602383e-29,1.11899997152663e-27,"S000002994","S000002994","TRP5"
"S000002996",727.143178910742,-3.57426793562302,0.266601808586481,-13.4067655226112,5.5193985236036e-41,4.49085115008342e-39,"S000002996","S000002996","SCW11"
"S000002997",64.7772602488798,-1.48842780013129,0.521622942013013,-2.85345539900381,0.00432465980458837,0.0105207178518895,"S000002997","S000002997","CGR1"
"S000002998",1653.80568434544,-1.18381460661185,0.37757628542782,-3.13529914960233,0.00171678944304292,0.00466040993532977,"S000002998","S000002998","RPL30"
"S000003005",4738.30384764367,1.47015849001743,0.200327699430169,7.33876789979262,2.15569064918245e-13,2.77337893135204e-12,"S000003005","S000003005","PNC1"
"S000003017",719.242561918476,1.09971421343197,0.166861150617975,6.59059469120971,4.38068293263941e-11,4.22693781048428e-10,"S000003017","S000003017","TIF4632"
"S000003027",1526.81858823498,1.50690384249572,0.231625255319824,6.50578383784192,7.72892989141796e-11,7.20369765885875e-10,"S000003027","S000003027","PKP2"
"S000003034",849.838436980114,1.26083794061242,0.149734098255256,8.42051313163842,3.74838901718186e-17,7.18759562816942e-16,"S000003034","S000003034","SGF73"
"S000003042",25.9155881101066,1.21133659125976,0.427046180026542,2.83654707128975,0.00456042554330595,0.0110185883612541,"S000003042","S000003042",NA
"S000003044",3228.45386082083,-1.16867901886943,0.338905850649018,-3.44838844366767,0.000563942370081208,0.00172360254327866,"S000003044","S000003044","RPL7A"
"S000003045",672.806966554425,-1.48638297290159,0.264373319943707,-5.62228810841459,1.8844463754251e-08,1.29375731202218e-07,"S000003045","S000003045","HNM1"
"S000003049",111.83558094221,1.49817188179918,0.517774827324025,2.89348149569585,0.00380996739607569,0.00938617581496389,"S000003049","S000003049",NA
"S000003057",70.4189094563114,-1.50704401905047,0.235760629462408,-6.39226329895241,1.63448128924969e-10,1.45365019831202e-09,"S000003057","S000003057","MF(ALPHA)2"
"S000003065",380.980464387065,-1.29247666185367,0.359483097649692,-3.59537533281511,0.00032392422148486,0.00104744776453294,"S000003065","S000003065","SRM1"
"S000003072",434.449020777754,1.0345014893476,0.217131517284151,4.76440040712187,1.89416042777974e-06,9.61613822568449e-06,"S000003072","S000003072","VPS73"
"S000003082",967.682674096576,1.05424787864618,0.0922348782526901,11.4300349132345,2.95989791354427e-30,1.40327128641339e-28,"S000003082","S000003082",NA
"S000003084",278.268483209038,2.56764311978778,0.228986161458082,11.2130929809827,3.51685126695677e-29,1.54561762615669e-27,"S000003084","S000003084","CDC20"
"S000003085",1429.54341134896,3.26306366603245,0.50043043319737,6.52051404065087,7.00668478493641e-11,6.57122259970438e-10,"S000003085","S000003085",NA
"S000003088",449.029853255054,-1.50941864232183,0.364434392718145,-4.1418117293041,3.44573142754034e-05,0.000137123257932719,"S000003088","S000003088","PRP43"
"S000028634",108.282029548806,-1.21834339633291,0.381783428755722,-3.19118983320895,0.0014168815164982,0.00394590361278247,"S000028634","S000028634",NA
"S000003091",5938.17449479081,-1.43815081289555,0.44615668678884,-3.22342095385025,0.0012666925353916,0.00358400176484625,"S000003091","S000003091","RPS2"
"S000003092",481.888951434907,1.29729101979608,0.122151925423848,10.6203075825017,2.39769767627992e-26,9.56062099925922e-25,"S000003092","S000003092","MON1"
"S000003093",693.994362187252,2.02718157689092,0.177668685368001,11.4098979946413,3.73166667216111e-30,1.75534101820953e-28,"S000003093","S000003093","MET13"
"S000003107",1301.48186096649,-1.25734322543379,0.195600974279817,-6.42810308109764,1.29206116380359e-10,1.16809313322243e-09,"S000003107","S000003107","FLC3"
"S000003115",1605.28787924432,-2.20995526666119,0.240169979398885,-9.20162991308252,3.52560743041312e-20,8.42368346766563e-19,"S000003115","S000003115","RPL9A"
"S000003125",139.388088923983,-1.41649806125577,0.272290167353376,-5.20216383508791,1.96981452737276e-07,1.16049444905199e-06,"S000003125","S000003125","ARI1"
"S000003126",26.888718903893,-1.2336138431298,0.442326267879418,-2.78892286692342,0.00528836584295721,0.0124916636878954,"S000003126","S000003126","RCK1"
"S000003128",542.277454614655,1.18680194383672,0.163582381103728,7.25507194496798,4.01448394946229e-13,4.98375419787886e-12,"S000003128","S000003128","AIM14"
"S000003133",964.123753089478,-2.45062250908353,0.360107947871467,-6.80524415961579,1.00878001521017e-11,1.05449035964938e-10,"S000003133","S000003133",NA
"S000003134",1365.08180862742,-2.40948548631763,0.363474835493827,-6.62902971823081,3.37900555947694e-11,3.29740558729509e-10,"S000003134","S000003134","CUP2"
"S000003138",30.8009457883956,-1.98868031095431,0.436360293717605,-4.55742729021378,5.17840081188827e-06,2.42639309637193e-05,"S000003138","S000003138","SPO74"
"S000003144",384.804288784959,-1.69051316949893,0.156909652032176,-10.7737997478465,4.57712648487436e-27,1.86208638955598e-25,"S000003144","S000003144",NA
"S000003146",724.047200190306,2.28862183598496,0.290841427747402,7.86896782109266,3.57579125655343e-15,5.74129044152218e-14,"S000003146","S000003146","MPT5"
"S000003147",389.749513773343,2.94056347123241,0.208474358093825,14.1051566155153,3.53004706876458e-45,3.72884445632132e-43,"S000003147","S000003147","TOS3"
"S000003148",1789.82562635059,1.2357909357729,0.261087066279557,4.73325221881993,2.20950648812792e-06,1.10954450083555e-05,"S000003148","S000003148","ATG1"
"S000003152",939.362366578584,1.89753652978747,0.295483883740792,6.42179365508832,1.34677903284391e-10,1.20848830950122e-09,"S000003152","S000003152","STR3"
"S000003155",1403.79248538077,1.16208462019269,0.284169206778055,4.08941078932705,4.32470357341562e-05,0.000168623033486505,"S000003155","S000003155","COX4"
"S000003160",1880.25680801332,-1.11493293200207,0.26733516080124,-4.17054355536499,3.03873967454454e-05,0.000122219449435088,"S000003160","S000003160","IME4"
"S000003164",1117.2496119065,1.88196971142738,0.276445002261559,6.80775451186036,9.91338329899844e-12,1.03806053640469e-10,"S000003164","S000003164","DSD1"
"S000003168",1276.16529516145,-1.08029122046737,0.186801052651384,-5.78311098965519,7.33316449116833e-09,5.30684896650535e-08,"S000003168","S000003168","EMP24"
"S000003174",1091.88947017879,1.11929224457655,0.206460685635626,5.42133356348504,5.9156058762366e-08,3.7413721618509e-07,"S000003174","S000003174","CHC1"
"S000003180",172.636580594876,1.33310236670171,0.193650043993626,6.88407985461442,5.81622432808194e-12,6.29846882722686e-11,"S000003180","S000003180","VAM7"
"S000003193",664.214825999631,-1.17108059209079,0.322486180401727,-3.63141326128131,0.000281873396453249,0.000925386979304806,"S000003193","S000003193","VRG4"
"S000003194",29.2410383088545,-1.1873804496153,0.371942567838722,-3.19237579208777,0.00141107618144791,0.00393337485578606,"S000003194","S000003194","OST5"
"S000003199",42.1485854076492,-1.69276997899753,0.328602538631245,-5.1514208808263,2.58520285480185e-07,1.49381059393109e-06,"S000003199","S000003199",NA
"S000003217",2805.27202868645,2.3405994344262,0.22416914714866,10.4412202312302,1.60731205991345e-25,5.86522782590236e-24,"S000003217","S000003217","PDE1"
"S000003224",11194.4991818638,1.79402212861749,0.331855823356986,5.40602877017351,6.44374504913842e-08,4.06259570061387e-07,"S000003224","S000003224","ZRT1"
"S000003235",402.485553307397,1.15754763795086,0.163647620857092,7.07341562247156,1.51165854791927e-12,1.74028606444014e-11,"S000003235","S000003235","CUL3"
"S000003246",813.557134066908,-1.94652270721974,0.289286189200862,-6.72870942300049,1.7117449974213e-11,1.723481041718e-10,"S000003246","S000003246","MSB2"
"S000003249",572.78632337213,1.84111771745821,0.163038786580248,11.2925136163964,1.42890827433697e-29,6.46876445096457e-28,"S000003249","S000003249",NA
"S000003250",79.4254900310723,1.33026019013132,0.21829624923974,6.09382980589091,1.10240865224688e-09,8.74519432829836e-09,"S000003250","S000003250",NA
"S000003251",2295.52724112516,2.05074434747727,0.11877262815212,17.2661359724291,8.46220991157596e-67,1.9596525337538e-64,"S000003251","S000003251","UGA1"
"S000003254",173.819796261001,1.23816820289921,0.399694165404832,3.09778903488653,0.00194970167900386,0.00522204350946719,"S000003254","S000003254",NA
"S000003255",1685.15761584542,1.08776424722233,0.356322901878014,3.05274862067305,0.00226755804814071,0.00597765630816779,"S000003255","S000003255","MTL1"
"S000003261",352.479169124357,1.20658385274792,0.255055247000687,4.73067645906801,2.2377291821292e-06,1.11998066546965e-05,"S000003261","S000003261","ERV1"
"S000003276",1454.78190396187,2.2521062070319,0.309989391442337,7.26510735271672,3.72742126994862e-13,4.68534519130702e-12,"S000003276","S000003276","RME1"
"S000003285",248.823748954541,1.15388346005027,0.314454148340348,3.66948080074736,0.000243043589525945,0.000807596828110218,"S000003285","S000003285",NA
"S000003287",1070.37661397945,-1.15395733642771,0.290682477088048,-3.96982077484559,7.19267144088319e-05,0.000267658063940406,"S000003287","S000003287","MUP1"
"S000003290",232.278265219503,1.00475716797237,0.235637224183266,4.2640001869608,2.00799275048064e-05,8.29795768747008e-05,"S000003290","S000003290","PEF1"
"S000003297",867.513491001823,2.91220778086923,0.4189521114952,6.95117103116116,3.62266346080487e-12,3.99488217903042e-11,"S000003297","S000003297","VHT1"
"S000003299",2462.8879817318,2.25784699653041,0.296852097907121,7.60596611056071,2.82783389284435e-14,3.99680466404128e-13,"S000003299","S000003299",NA
"S000003302",1088.85713969949,1.66896187464547,0.215436320060181,7.74689186196298,9.4169085406015e-15,1.40692819659954e-13,"S000003302","S000003302","ROM1"
"S000003305",46.4736244072576,-1.05666248381719,0.357694181504909,-2.95409469444415,0.00313587766524129,0.00791907484632814,"S000003305","S000003305",NA
"S000003312",468.397134426564,1.32106923048329,0.196390375266519,6.72675139344522,1.73492783294475e-11,1.74390659134563e-10,"S000003312","S000003312","TWF1"
"S000003319",2226.98413809546,2.22024247385252,0.446632034054832,4.97107754160764,6.65818115661805e-07,3.63783200943714e-06,"S000003319","S000003319","PDC6"
"S000003329",1586.22157853986,1.70185757115273,0.140793849004237,12.0875846721224,1.22845270015511e-33,7.11203241118644e-32,"S000003329","S000003329","ASK10"
"S000003331",248.280454499152,-1.04845275903388,0.221864473154705,-4.72564509371808,2.29385977298057e-06,1.14332199446325e-05,"S000003331","S000003331","TEL2"
"S000003341",71.8210462214016,-1.04907267651568,0.354502908146606,-2.95927805501059,0.0030836073283513,0.00781743146273818,"S000003341","S000003341","CLB6"
"S000007347",549.859514097622,1.27005705987657,0.131926165244744,9.62702931234616,6.1481185371711e-22,1.69806521616088e-20,"S000007347","S000007347",NA
"S000003342",1490.73271060063,-2.10325483395991,0.345449138090025,-6.08846455831015,1.13998682276678e-09,9.01952780535977e-09,"S000003342","S000003342","CLD1"
"S000003355",157.708444742732,-1.10344493943506,0.455170059679347,-2.42424763221993,0.0153401412313647,0.031772614500876,"S000003355","S000003355","PPT1"
"S000003358",83.8703714668191,1.65667628570645,0.241850736209135,6.84999480123094,7.38526723864753e-12,7.89816945717527e-11,"S000003358","S000003358",NA
"S000003360",273.13287049769,-1.51244313663511,0.614553728309353,-2.46104297633319,0.013853377060371,0.0290024976635931,"S000003360","S000003360","UTP8"
"S000003361",112.504224940336,1.23454039388573,0.318614298756428,3.87471748350346,0.000106748470836174,0.000385100385203479,"S000003361","S000003361","SYF2"
"S000003363",48.9467660536479,-1.7644606759777,0.334916284502324,-5.26836334219949,1.37645455592885e-07,8.25520666986716e-07,"S000003363","S000003363","FHN1"
"S000003368",879.577277631511,1.01249363441,0.183366373306931,5.52169744184895,3.35740257087519e-08,2.21654834202188e-07,"S000003368","S000003368","LSB1"
"S000003370",5202.48372590435,4.42422598749502,0.236267091724242,18.7255277711665,3.06617605586738e-78,1.67831327567068e-75,"S000003370","S000003370","TPO2"
"S000003372",549.006715920891,1.77512442944465,0.193280730909444,9.18417692799564,4.14686403816959e-20,9.86888078016564e-19,"S000003372","S000003372","CBF2"
"S000003374",2738.304057415,-1.5181760770651,0.442803848706057,-3.4285521264132,0.000606809994794332,0.00184432255358742,"S000003374","S000003374","BTN2"
"S000003376",2804.35809752832,3.935108736224,0.277677446517803,14.1715100940749,1.37511348200754e-45,1.47849254913703e-43,"S000003376","S000003376","THI4"
"S000003378",1309.41948167619,1.14065541447189,0.168239893877535,6.77993422476948,1.20230607963063e-11,1.24169552409194e-10,"S000003378","S000003378","ECL1"
"S000003381",757.876384908763,1.281102252398,0.229907900320911,5.57224110441532,2.51483049473243e-08,1.68993241169464e-07,"S000003381","S000003381","GPC1"
"S000003383",22.4701856010949,-3.95498578513863,0.53426069991751,-7.40272639509004,1.33416461695524e-13,1.77329032200608e-12,"S000003383","S000003383",NA
"S000003384",117.189145672904,-3.8252588733593,0.418754363829634,-9.13485136817719,6.5496683121524e-20,1.5285098026151e-18,"S000003384","S000003384","RSR1"
"S000003385",61.0889828543023,-1.12167314880952,0.322090368318202,-3.4824796365888,0.000496793002887536,0.00153394393353121,"S000003385","S000003385",NA
"S000003389",1438.91907298309,-1.38303619554909,0.123485681063785,-11.1999722043457,4.07861449050271e-29,1.77951723531281e-27,"S000003389","S000003389","CHO2"
"S000003393",3428.84246348646,2.4656931120505,0.233223061070949,10.5722525925531,4.00751277912078e-26,1.53181441920722e-24,"S000003393","S000003393","RTS3"
"S000007368",530.838511660812,1.38040635011687,0.218081085947079,6.32978483265556,2.45503305399221e-10,2.12687108173915e-09,"S000007368","S000007368",NA
"S000029726",121.913651596397,-1.99517392206498,0.372495587396629,-5.35623505236463,8.49739515827332e-08,5.22069553550649e-07,"S000029726","S000029726",NA
"S000003404",306.302849267637,-1.01123531701665,0.152841820792996,-6.61622134419761,3.68496493515778e-11,3.57281382843559e-10,"S000003404","S000003404","YIP1"
"S000003409",57.0474823824887,-1.46318714599694,0.277731566605986,-5.26835016947406,1.37655331282954e-07,8.25520666986716e-07,"S000003409","S000003409","ATF2"
"S000003421",3886.13517731505,-1.26952334642616,0.262856029759217,-4.82972883516911,1.36719109898393e-06,7.15191799042767e-06,"S000003421","S000003421","CRH1"
"S000003440",120.640136165026,-1.62813594033969,0.516109376941244,-3.15463351971814,0.00160699827107186,0.00441210058829169,"S000003440","S000003440","SER2"
"S000003441",833.808287516176,-1.0710370308786,0.241785288180581,-4.42970305984322,9.43629262257176e-06,4.19615346237109e-05,"S000003441","S000003441","TRX2"
"S000003453",447.914638495927,-1.21280431343928,0.188494466425849,-6.43416401784071,1.24154737461675e-10,1.12920796715521e-09,"S000003453","S000003453","TOS2"
"S000003457",248.579439598847,1.39084830660886,0.37113454135459,3.74755823462955,0.000178564388096164,0.000610153114603842,"S000003457","S000003457","AMA1"
"S000003462",165.829977849192,-1.42417439787947,0.620668304787849,-2.29458212525653,0.0217570836168206,0.0429788059241723,"S000003462","S000003462","BNS1"
"S000003466",1647.91249311854,-1.1787880798448,0.372465463110555,-3.16482518942947,0.001551761509509,0.00427800185382494,"S000003466","S000003466","YHB1"
"S000003468",3731.74803790874,-3.18913007992168,0.688061790308783,-4.63494721671798,3.57028569033906e-06,1.71698803047376e-05,"S000003468","S000003468","SPG1"
"S000003469",984.682669531987,1.01253973083091,0.156427173725536,6.47291456283355,9.61303149796477e-11,8.83665078614441e-10,"S000003469","S000003469",NA
"S000003471",268.984181728998,1.78369798925383,0.252965819883236,7.05114228506111,1.77454919658705e-12,2.02743087526577e-11,"S000003471","S000003471","PEX21"
"S000003472",5312.55053597548,1.90729420690399,0.16409590244336,11.6230459048928,3.14712290711077e-31,1.59233840535412e-29,"S000003472","S000003472","PFK1"
"S000003480",1994.48808266545,1.57028718858932,0.356281885916466,4.40742920328397,1.04604775636217e-05,4.610727336059e-05,"S000003480","S000003480","SOL4"
"S000003482",4716.50948463004,2.06495476605428,0.294411391192286,7.01384127051529,2.31862434458548e-12,2.62908421445371e-11,"S000003482","S000003482","RIE1"
"S000003486",45177.9713761069,3.29777756005483,0.147767361810924,22.3173610169376,2.50654373901855e-110,3.01837997052614e-107,"S000003486","S000003486","ENO1"
"S000003498",255.953780340718,-1.18526328615153,0.466182712390253,-2.54248657157263,0.0110066830497616,0.0237446215129396,"S000003498","S000003498",NA
"S000007608",113.195955739978,-1.43083940212272,0.436443971707696,-3.27840340313147,0.0010439608750823,0.00302196559080313,"S000007608","S000007608","EFG1"
"S000003503",715.461477551671,1.13214944659071,0.108527375598638,10.4319250359254,1.77260146826268e-25,6.42941773518652e-24,"S000003503","S000003503","SLH1"
"S000003506",982.373651570529,-1.24626171944353,0.152226372912033,-8.1868975500303,2.68046160647713e-16,4.69158701529035e-15,"S000003506","S000003506","TAF1"
"S000003511",2468.05495798051,-6.00220521329543,0.402335458487172,-14.9184097167682,2.5016468442713e-50,3.13800326028281e-48,"S000003511","S000003511","SCW4"
"S000003512",585.645299823222,-2.93211994292104,0.457160602623545,-6.41376340413903,1.41970484887247e-10,1.27014010327803e-09,"S000003512","S000003512","PXR1"
"S000003517",1678.52996520724,-1.24858408444306,0.422032624725197,-2.95850133684822,0.00309138900859982,0.00783056509077809,"S000003517","S000003517","ZUO1"
"S000003518",1016.66161986455,2.14156124305469,0.218345039836175,9.80815155984999,1.03853446662983e-22,3.06520393312657e-21,"S000003518","S000003518","BIO2"
"S000003520",264.564010001206,1.55919534047748,0.179529146688485,8.68491478535775,3.79026413933843e-18,7.92402096630442e-17,"S000003520","S000003520","MAL13"
"S000003527",1445.268351459,1.027831681245,0.160149929014702,6.4179340419854,1.38136076489546e-10,1.23767457818981e-09,"S000003527","S000003527","COS6"
"S000028642",53.5957155244814,1.48157515604529,0.399746783829702,3.70628411778909,0.000210322350855315,0.000707854038289463,"S000028642","S000028642",NA
"S000003528",186.326651792005,1.43318242576802,0.337316180048594,4.24878055230423,2.14937343858723e-05,8.80365814539709e-05,"S000003528","S000003528","YRF1-3"
"S000028770",208.955824103068,1.00244964745785,0.149314540048809,6.71367736276825,1.89779686546447e-11,1.89811211411322e-10,"S000028770","S000028770",NA
"S000000995",495.896726079341,-1.04341092902208,0.25252550323693,-4.1319031766986,3.59771972374869e-05,0.000142606125455503,"S000000995","S000000995","LAG1"
"S000028771",25.6410104685258,2.12213481726512,0.566980330034579,3.74287202721071,0.000181928894476948,0.000620268331622708,"S000028771","S000028771",NA
"S000000999",773.897303080778,1.02214590351724,0.313201295784225,3.26354302257239,0.00110028477405869,0.00316371281022321,"S000000999","S000000999","STE20"
"S000001002",540.237414910563,1.14392337278897,0.139195136637158,8.21812744629761,2.06705238649728e-16,3.64977197041059e-15,"S000001002","S000001002","ETP1"
"S000001005",153.431333700342,-1.41307575860975,0.241779086167892,-5.84449127096339,5.08118683884824e-09,3.7651258370401e-08,"S000001005","S000001005","OTU2"
"S000001012",933.254779524976,-2.17129267265424,0.23023532298633,-9.43075391078528,4.07151858902706e-21,1.06123867638666e-19,"S000001012","S000001012","OPI1"
"S000001013",1889.64282569465,-1.99517010439862,0.371910376982578,-5.36465295909743,8.11050048333614e-08,4.9982930819004e-07,"S000001013","S000001013","AIM17"
"S000001017",837.485313074592,1.05903028688666,0.100369952908647,10.5512681454634,5.01160491351255e-26,1.87421572573038e-24,"S000001017","S000001017","SNF6"
"S000001018",171.046940350728,1.88427203218913,0.207847208694031,9.06565954880316,1.23852658787311e-19,2.82468507029697e-18,"S000001018","S000001018",NA
"S000001020",309.549426277793,1.13735706256799,0.282244191753342,4.02969164928625,5.58500658896843e-05,0.000212562102858274,"S000001020","S000001020","WSC4"
"S000001022",457.805158784873,1.04156857519131,0.350731695078042,2.96970188268712,0.00298088873906191,0.00760183443366868,"S000001022","S000001022","ECM29"
"S000001027",952.795466569948,1.86846329175339,0.196382696591625,9.51439879471071,1.82766629161229e-21,4.86919413353877e-20,"S000001027","S000001027","VMR1"
"S000001030",218.243099266401,1.07297950260926,0.199186790403034,5.38680050237367,7.17229673810612e-08,4.48436123158224e-07,"S000001030","S000001030","CBP2"
"S000001036",147.124297362959,1.31972724990691,0.273744142368614,4.8210246198796,1.42822727234005e-06,7.43888962522442e-06,"S000001036","S000001036",NA
"S000001040",766.422270103129,1.37106715151286,0.234831916177506,5.83850429630909,5.26715249145319e-09,3.89063706674066e-08,"S000001040","S000001040","COS8"
"S000001041",43.957784720543,1.68691640003149,0.592602753508538,2.84662261530849,0.00441857092150935,0.0107231823935541,"S000001041","S000001041",NA
"S000001045",489.798709443873,-1.37454729991864,0.120507106876002,-11.4063588078088,3.88660528953177e-30,1.81405042234657e-28,"S000001045","S000001045","TCD1"
"S000001055",202.517027377677,-1.513004256345,0.226598511950956,-6.67702644345905,2.43838966601872e-11,2.41076259098501e-10,"S000001055","S000001055","ARD1"
"S000001060",3883.75694499725,2.8223106481412,0.266961717637315,10.5719676705688,4.01970898911709e-26,1.53181441920722e-24,"S000001060","S000001060","ARG4"
"S000001065",491.730082606422,1.35377477014674,0.176414805136178,7.67381608987826,1.66953407293125e-14,2.42223244653471e-13,"S000001065","S000001065","MYO1"
"S000001071",364.578723144836,2.16523848695348,0.15662926440639,13.8239714982991,1.82705147562705e-43,1.71885577105477e-41,"S000001071","S000001071","YHI9"
"S000001072",1989.13055357798,1.80665528134502,0.251912658351075,7.17175267479888,7.40436215222737e-13,8.84556835685734e-12,"S000001072","S000001072","SLT2"
"S000001075",2355.44672705251,1.09831490339914,0.340121285174919,3.22918603237165,0.00124143110819873,0.00351914157366505,"S000001075","S000001075",NA
"S000001088",397.231347569021,3.41936664601819,0.298752198548005,11.4454945022564,2.4768805504023e-30,1.18359506301367e-28,"S000001088","S000001088","INM1"
"S000001094",303.37979595662,-1.95565283142081,0.555165568339334,-3.52264791433437,0.000427258550248093,0.00134616626428245,"S000001094","S000001094","CIC1"
"S000028647",56.2623907539974,-2.06453414889167,0.41570517853002,-4.96634214707667,6.82275390593345e-07,3.72099649163273e-06,"S000028647","S000028647",NA
"S000001095",342.021195901774,-1.85251775500419,0.40182707699976,-4.61023624598922,4.0221163731974e-06,1.91591476922639e-05,"S000001095","S000001095","CUP1-1"
"S000001096",1851.67777175612,-1.01041124277667,0.175679156377072,-5.75145773473522,8.84772018700473e-09,6.31186294383358e-08,"S000001096","S000001096",NA
"S000001097",342.021195901774,-1.85251775500419,0.40182707699976,-4.61023624598922,4.0221163731974e-06,1.91591476922639e-05,"S000001097","S000001097","CUP1-2"
"S000028777",42.5633011548987,1.5474672227734,0.382652412980843,4.04405452645315,5.25346928738414e-05,0.000200463723605114,"S000028777","S000028777",NA
"S000001104",124.363255567146,-1.02587454310351,0.194800597439115,-5.26628027115855,1.39215694534642e-07,8.34047459495601e-07,"S000001104","S000001104","RPP1"
"S000028778",173.174451346547,-1.47390897047598,0.219149178585204,-6.72559660041315,1.74874428341059e-11,1.75486488840252e-10,"S000028778","S000028778",NA
"S000001108",155.848487817741,-1.74762198898812,0.587348867832142,-2.97544114699404,0.00292567482386864,0.00748003741592913,"S000001108","S000001108","SSF1"
"S000028780",33.8460715792913,-1.48338182640533,0.385340581265508,-3.84953440806497,0.000118342559373284,0.000421888753112703,"S000028780","S000028780",NA
"S000001113",2274.80117139832,1.40541755629602,0.260057479739606,5.40425738841759,6.50774402758857e-08,4.09437061547657e-07,"S000001113","S000001113","PCL5"
"S000001115",1065.55264206568,1.00204158153057,0.122274278415024,8.19503164949732,2.50527235442873e-16,4.41059790819163e-15,"S000001115","S000001115","OSH3"
"S000001117",362.408249871341,1.06301779836708,0.136453192351121,7.79034759136836,6.68251023615757e-15,1.04236772362448e-13,"S000001117","S000001117","PPE1"
"S000001121",632.013046825381,1.3078176494672,0.142731811240527,9.16276223289359,5.05855779134574e-20,1.18974908053487e-18,"S000001121","S000001121","IRE1"
"S000001123",545.510307761031,-1.70852728905596,0.169182714163095,-10.0987107193995,5.59732073855947e-24,1.84161028234243e-22,"S000001123","S000001123","LRP1"
"S000001131",418.056064232143,-1.69403374980166,0.519357965969253,-3.26178447391323,0.0011071328425844,0.00317884923471659,"S000001131","S000001131","GAR1"
"S000001139",5140.36379904153,-1.9603942871379,0.465326290284625,-4.21294547088407,2.5206193168622e-05,0.000102337484199779,"S000001139","S000001139",NA
"S000001146",1685.15262572178,1.04503868081346,0.208111503915367,5.02153250133854,5.12608275238631e-07,2.84987481552336e-06,"S000001146","S000001146","GRE3"
"S000001147",110.588220776929,1.07374268336885,0.420817771338698,2.55156211666888,0.0107241205688729,0.0231848940557212,"S000001147","S000001147","YPT35"
"S000001154",898.189427219513,1.23234922830501,0.172655880117075,7.13760358158308,9.49720514295868e-13,1.12343167319753e-11,"S000001154","S000001154",NA
"S000001158",87.9996418420837,-2.19404143570313,0.238141970158188,-9.2131657189437,3.16645623317069e-20,7.63036761648117e-19,"S000001158","S000001158","COX23"
"S000001159",575.90763686405,-1.21380026434051,0.296719422519223,-4.09073411519555,4.30009888298449e-05,0.000167904639263616,"S000001159","S000001159","TOM71"
"S000001165",198.16573645108,-3.01152692639987,0.322321655457601,-9.34323485688355,9.34349042811563e-21,2.36374604486068e-19,"S000001165","S000001165","EPT1"
"S000001169",128.353360853066,-1.5369047916397,0.242774061882151,-6.33059718045892,2.4421414678621e-10,2.12180862597369e-09,"S000001169","S000001169",NA
"S000001170",277.562435371409,-1.9990690660071,0.368179821521437,-5.42959974760786,5.64805784035885e-08,3.58723167265829e-07,"S000001170","S000001170","FUR1"
"S000001171",108.112738201061,-1.1233237863206,0.233869200772187,-4.80321385890757,1.56138962445263e-06,8.07656952648564e-06,"S000001171","S000001171","ARP1"
"S000007496",491.579778526757,-1.87420177055734,0.465205802668017,-4.02875836846519,5.60722138251526e-05,0.000213272772862441,"S000007496","S000007496","IGO2"
"S000001175",286.437596180282,-1.00610250664747,0.194081268513238,-5.18392379828682,2.17265730888725e-07,1.27128956820312e-06,"S000001175","S000001175","NSG1"
"S000001178",135.285665381334,-3.15063867704059,0.543327562303046,-5.79878308342342,6.6797868406693e-09,4.87502988699029e-08,"S000001178","S000001178","SPL2"
"S000001180",2485.06049373238,-1.48648578363064,0.40264745627216,-3.69177989448388,0.000222690147783273,0.000745312606894434,"S000001180","S000001180",NA
"S000001181",32318.8955802901,-1.86460829551501,0.288052324303041,-6.47315830561874,9.59753052702262e-11,8.83589163657541e-10,"S000001181","S000001181","SPS100"
"S000003533",31.0681116512761,-3.18141801579182,0.427631828839722,-7.43961932025465,1.0097585864103e-13,1.35105698861698e-12,"S000003533","S000003533",NA
"S000001186",2061.88006228007,-4.30226530125678,0.367911859295394,-11.6937391186472,1.37209917785101e-31,7.12190443951805e-30,"S000001186","S000001186","DSE2"
"S000001187",67.5783494428427,-2.18243174690342,0.406346279775902,-5.37086680874013,7.83590702640788e-08,4.85390907469155e-07,"S000001187","S000001187","DCD1"
"S000001189",3542.84250128382,-2.26859557773053,0.266233337103939,-8.5210800510864,1.58072227844357e-17,3.19380162366064e-16,"S000001189","S000001189","CRP1"
"S000001191",85.6452311504167,-1.49561271140414,0.388518844136462,-3.84952424824683,0.000118347467863703,0.000421888753112703,"S000001191","S000001191","IMP3"
"S000001192",178.621031128925,-2.85967142558689,0.358711319826482,-7.97206909157533,1.56039522170053e-15,2.58819273549832e-14,"S000001192","S000001192","SKG6"
"S000001196",30.6978570365606,-3.61699523218685,0.526551744802061,-6.86921136980856,6.45577926262856e-12,6.94111552505117e-11,"S000001196","S000001196","SPO16"
"S000001197",577.883104712313,-1.36767523193018,0.202258599320859,-6.76201277237429,1.36087703042807e-11,1.40305489729579e-10,"S000001197","S000001197","RTT107"
"S000001203",800.513973710158,-1.62437076978335,0.340326475043315,-4.77297797527099,1.81521648689709e-06,9.27007503613857e-06,"S000001203","S000001203","PEX18"
"S000001206",315.262598191311,-1.93327791050345,0.2057979451289,-9.39405837746609,5.77318851374223e-21,1.47951503368739e-19,"S000001206","S000001206","SOL3"
"S000001207",596.23879105024,1.13664972225647,0.175583733723436,6.47354796570635,9.57280060250088e-11,8.82662058616505e-10,"S000001207","S000001207","DNA2"
"S000001211",163.181120938942,-1.39793180498794,0.260300188611225,-5.37046020767907,7.85359621352713e-08,4.85986668053924e-07,"S000001211","S000001211","MTG2"
"S000001213",649.736580695858,-1.26611426712279,0.207471200936107,-6.10260248849046,1.04355151652614e-09,8.3001633830963e-09,"S000001213","S000001213","NMD3"
"S000001215",110.057023382902,-2.29434836188131,0.336414298194536,-6.82000846633034,9.10351454464037e-12,9.61618615320696e-11,"S000001215","S000001215","SPC97"
"S000001217",13350.3565799408,-1.15077180240662,0.422673304451305,-2.72260346297597,0.00647697488054698,0.0149381030382617,"S000001217","S000001217","ENO2"
"S000001226",1211.02996924189,-1.41054264031592,0.195490011095801,-7.21542053432427,5.37675520600718e-13,6.55332856181563e-12,"S000001226","S000001226","GND1"
"S000028785",45.9147628699995,1.24711314980072,0.319711071952894,3.90075058140141,9.58949099096984e-05,0.000349505600827055,"S000028785","S000028785",NA
"S000001251",2962.30203869431,1.86757486472164,0.303451202517289,6.15444871936285,7.53390958922435e-10,6.10520452714937e-09,"S000001251","S000001251","BAT1"
"S000001252",841.731685942416,1.30585092056992,0.143465784876263,9.1021766736661,8.85392606461641e-20,2.05036495519444e-18,"S000001252","S000001252","CRG1"
"S000001258",325.087638245523,-2.02782739175235,0.243784437755269,-8.31811665430445,8.93720293228166e-17,1.64559323716415e-15,"S000001258","S000001258","PHO12"
"S000001259",33.5341624089642,-3.83003848605474,0.519300690405015,-7.37537722714676,1.63880360507754e-13,2.14039837444076e-12,"S000001259","S000001259","IMD2"
"S000001264",486.038262407771,1.40024350833877,0.169610008091178,8.25566559483938,1.51058024774239e-16,2.70690585465979e-15,"S000001264","S000001264","INP51"
"S000001276",651.283946522972,1.04322477388307,0.191734350452044,5.44099047157436,5.2985148483188e-08,3.38307082733059e-07,"S000001276","S000001276","MNT3"
"S000001281",198.123168581271,-1.1378598982019,0.229991878090139,-4.94739165422159,7.52145439520516e-07,4.08724520880237e-06,"S000001281","S000001281","FAF1"
"S000028787",30.2842609992734,-1.47878040444184,0.347501915040698,-4.2554597268008,2.08619914809278e-05,8.57992149635699e-05,"S000028787","S000028787",NA
"S000028656",18.5942051789457,-1.47674800923052,0.402067125545585,-3.67288921526883,0.000239823473093327,0.000798218425370326,"S000028656","S000028656",NA
"S000001283",371.858930473361,-1.15161639781082,0.148469911297953,-7.75656419366833,8.72611495202236e-15,1.32342413415936e-13,"S000001283","S000001283","RPB3"
"S000001285",1364.2409897031,1.60017389838091,0.139379955313997,11.4806601478384,1.6501574150166e-30,7.94847823665195e-29,"S000001285","S000001285","YKE4"
"S000001307",2011.62876650234,1.05713971861212,0.248092148416648,4.26107688356485,2.03444224693036e-05,8.37904993311391e-05,"S000001307","S000001307","PIG2"
"S000001309",4683.01570479543,-1.2588613682717,0.30204390413382,-4.16780921926491,3.07541161897056e-05,0.000123611838169704,"S000001309","S000001309","SYG1"
"S000001311",88.3714317875108,-1.61343361552907,0.246044504638132,-6.55748689816101,5.47221167336397e-11,5.21576996662152e-10,"S000001311","S000001311","DFG10"
"S000001318",760.188190587952,1.22145162048041,0.253491289235565,4.81851516146315,1.44630536940008e-06,7.52653814101806e-06,"S000001318","S000001318","VHR1"
"S000028791",38.1188419357847,1.25908000636946,0.422011787390393,2.98351857457648,0.00284954739180524,0.00731023640650163,"S000028791","S000028791",NA
"S000001334",214.899062641436,1.00677331293858,0.337208612888824,2.98560972186824,0.00283013587288773,0.00727593855279975,"S000001334","S000001334","HOP1"
"S000003537",620.527746057001,1.21708376664051,0.155879229312386,7.80786363910903,5.81654653236864e-15,9.0964744601017e-14,"S000003537","S000003537",NA
"S000001356",1583.31764999985,1.10664138528685,0.381287639262711,2.90237938850244,0.00370339735914007,0.00916488101084356,"S000001356","S000001356","LYS12"
"S000001369",3018.87792187451,1.73081668952998,0.238488256405352,7.25745039029577,3.94454581796029e-13,4.90704759709481e-12,"S000001369","S000001369","PFK26"
"S000001378",1601.18655562038,1.99309678535445,0.135287175321679,14.7323408934762,3.99619821002984e-49,4.62713642742109e-47,"S000001378","S000001378","HIS5"
"S000001379",996.148113290738,1.19434657974195,0.395340743066888,3.02105614128388,0.00251894650652746,0.00656561771246832,"S000001379","S000001379","PRM5"
"S000001380",191.342658325488,-1.15867719016642,0.332611464431814,-3.48357562522908,0.00049476331796914,0.00152846071703037,"S000001380","S000001380","RHO3"
"S000001383",386.994529463563,-1.04627356015933,0.186288404166649,-5.6164180741135,1.94956621031384e-08,1.33694056404324e-07,"S000001383","S000001383","QDR2"
"S000001384",402.004649184266,1.22263469671259,0.134357533332723,9.09985965345805,9.04486333977116e-20,2.0785924491894e-18,"S000001384","S000001384","POG1"
"S000001385",976.963133511749,-1.32880486909793,0.202167745251624,-6.57278374175888,4.9383158532004e-11,4.74220091740345e-10,"S000001385","S000001385","SIM1"
"S000001389",100.944415659054,-1.66081574070746,0.304258890633392,-5.45856108674441,4.80008720154462e-08,3.08445304594452e-07,"S000001389","S000001389","RRT14"
"S000001394",34.0630165636868,-1.67782600697731,0.422466003683348,-3.97150538114043,7.14198871691061e-05,0.000266761253501978,"S000001394","S000001394","CSM2"
"S000001402",680.930211210745,-1.43528895582257,0.15147570187343,-9.47537418920075,2.65806303138448e-21,7.01938487366928e-20,"S000001402","S000001402","AXL2"
"S000001407",495.245765599134,-1.14436342521163,0.291388031384672,-3.92728355991025,8.59106730898257e-05,0.000315792529104909,"S000001407","S000001407","PAN6"
"S000001412",159.07452369328,2.2186464649164,0.205496922063152,10.7964948702958,3.57595252102909e-27,1.46468096116436e-25,"S000001412","S000001412","MCM10"
"S000001413",898.361403142746,1.18705664197101,0.121362121942226,9.78111310987217,1.3570971995316e-22,3.94738272385496e-21,"S000001413","S000001413","ESL1"
"S000001414",510.724871266727,-1.21891391262273,0.280908654950695,-4.33918247494609,1.43013738857971e-05,6.10699093378611e-05,"S000001414","S000001414",NA
"S000001420",30.2292169769718,-2.1725203034526,0.562589377189842,-3.86164472977508,0.000112626261817971,0.000404607829597854,"S000001420","S000001420","AIM20"
"S000001424",845.529683993754,-1.46400737944119,0.253477260877029,-5.77569512300921,7.66360304797012e-09,5.51284993450754e-08,"S000001424","S000001424","SUC2"
"S000001426",153.994444881703,1.76147480279573,0.201725421109254,8.73204176801158,2.50115818305778e-18,5.2655501469199e-17,"S000001426","S000001426","NIT1"
"S000001427",66.0875350416457,1.08825839239611,0.224523558433306,4.8469675075071,1.2536295009939e-06,6.58073515735331e-06,"S000001427","S000001427",NA
"S000028798",20.2378749513536,-2.75818822037834,0.69966271112347,-3.94216838560602,8.07482520786776e-05,0.000298273144641545,"S000028798","S000028798",NA
"S000001434",183.384600608127,-2.33591682048249,0.493613505139563,-4.73227899188462,2.22012975858277e-06,1.11302258754595e-05,"S000001434","S000001434","IMA3"
"S000001440",373.925176925129,1.41515331980286,0.219383212820932,6.45059985039948,1.11408301358668e-10,1.01788980649551e-09,"S000001440","S000001440","SGN1"
"S000001446",270.068482682864,1.71590776466883,0.169010559342924,10.1526660306901,3.22432625404834e-24,1.0968174223517e-22,"S000001446","S000001446","EGH1"
"S000001447",203.537427319279,-1.14044711669131,0.266379699179641,-4.28128389739722,1.8581811763452e-05,7.74799782740612e-05,"S000001447","S000001447","PRI1"
"S000001453",137.912620072427,1.48157259760093,0.335525806703712,4.41567404950536,1.00695720317989e-05,4.45800685319569e-05,"S000001453","S000001453",NA
"S000001454",82.3812196986157,1.04191787653762,0.236241525694866,4.41039259915455,1.03183373274534e-05,4.55140725630749e-05,"S000001454","S000001454","RPR2"
"S000001456",325.779222584796,2.4424286577909,0.279684436036576,8.73280148299526,2.48440921796713e-18,5.24864136890529e-17,"S000001456","S000001456","MET28"
"S000028799",362.044939505733,2.51921510902797,0.246442165879534,10.2223379673567,1.57495687650426e-24,5.41875163053267e-23,"S000028799","S000028799",NA
"S000001465",166.498381516292,-1.21522236785448,0.278110973102061,-4.36955922414654,1.24497573130243e-05,5.40057556064258e-05,"S000001465","S000001465","YVH1"
"S000001474",1292.94904541179,3.2977234258744,0.192751037649136,17.1087194450139,1.27777879405594e-65,2.74768075678957e-63,"S000001474","S000001474",NA
"S000001477",8694.10069845874,-3.26826219084368,0.326723243887828,-10.0031517560647,1.47622406828723e-23,4.80451087305806e-22,"S000001477","S000001477","GTT1"
"S000003546",104.493381002856,-1.11805543275767,0.239906721470483,-4.66037560725547,3.15632867781003e-06,1.53498926484976e-05,"S000003546","S000003546",NA
"S000003548",48.9171129225566,-2.58160197627539,0.476263733575086,-5.4205302530523,5.94225149476029e-08,3.75428082370952e-07,"S000003548","S000003548","RPC17"
"S000003549",1400.86839682395,-1.29689716883705,0.220012769119885,-5.89464499731093,3.75487756342975e-09,2.82601472617632e-08,"S000003549","S000003549","VTC4"
"S000003552",32.871546721984,1.27186456665336,0.462492467971181,2.75002222681085,0.00595912224067585,0.0138639393396867,"S000003552","S000003552",NA
"S000003553",2078.1482350574,1.75199119662581,0.173033767705288,10.1251404269819,4.27364835935595e-24,1.43752160735655e-22,"S000003553","S000003553","TPH3"
"S000028659",21.585578967678,2.25162202472337,0.509017266850823,4.42346885136856,9.7128641090751e-06,4.31276952807826e-05,"S000028659","S000028659",NA
"S000003562",139.534884368759,1.17175573786565,0.35278600955099,3.32143482491556,0.000895558956504977,0.00262264614645743,"S000003562","S000003562","RRN7"
"S000003566",476.544613978515,1.18104387899362,0.120231960818385,9.82304431329733,8.95961347763152e-23,2.67058577964452e-21,"S000003566","S000003566","VPS53"
"S000003574",41.280592961404,-2.81337542656895,0.564600529025102,-4.98294861931287,6.26225834797682e-07,3.43710642781845e-06,"S000003574","S000003574","IRC18"
"S000003579",37.6152000199122,-2.3978218456392,0.432640927043929,-5.5422908369363,2.9853990801886e-08,1.98619755379177e-07,"S000003579","S000003579",NA
"S000003582",226.735236129501,1.10730148156307,0.174503187022232,6.34545133792889,2.21774292046161e-10,1.94650584899408e-09,"S000003582","S000003582","AIM22"
"S000003583",457.070479929897,1.23220437487075,0.140797864730253,8.75158424619193,2.10378204412244e-18,4.5238827455933e-17,"S000003583","S000003583","RTT101"
"S000003584",3701.01929375337,-2.13127137282513,0.459573997496869,-4.63749338394552,3.52659895201472e-06,1.69869218320645e-05,"S000003584","S000003584","UBX6"
"S000003587",298.815251923605,1.24503544072103,0.157749987902983,7.89245981740888,2.9628774310151e-15,4.78270375660641e-14,"S000003587","S000003587","IRC8"
"S000003588",36113.2870579397,3.45741184137729,0.249916391339465,13.8342740259923,1.58326811601824e-43,1.51315195659458e-41,"S000003588","S000003588","TDH1"
"S000003596",510.587218963067,1.39992455387244,0.244847029022745,5.71754764376739,1.08072379456509e-08,7.60167986807994e-08,"S000003596","S000003596","BNA3"
"S000003602",2537.95994594247,-1.56314794822452,0.397344057358014,-3.93399100673122,8.35469105120896e-05,0.000307667246601401,"S000003602","S000003602","MPM1"
"S000003603",463.66740209385,-1.66983217329565,0.378995503954462,-4.40594190662559,1.0532519057846e-05,4.62999318456784e-05,"S000003603","S000003603",NA
"S000003606",618.02126299428,1.22591320815306,0.192529059187902,6.36741909675364,1.92235387309841e-10,1.69713968767237e-09,"S000003606","S000003606",NA
"S000003607",417.470654284953,1.16610531233846,0.163443250293549,7.13461895944982,9.70556454936868e-13,1.14582753238723e-11,"S000003607","S000003607","ARG2"
"S000003610",275.065892106715,-1.20807269618583,0.261381267012359,-4.62187941008301,3.80279059200831e-06,1.82152761769944e-05,"S000003610","S000003610","SMC3"
"S000003616",803.685112198161,-1.025588154914,0.369264572491527,-2.7773803156747,0.00547990175084598,0.0128834394540584,"S000003616","S000003616","SCP160"
"S000003618",1473.98607178261,3.30133721794848,0.202037694911164,16.340204333652,5.10814308716141e-60,8.54336931327746e-58,"S000003618","S000003618","IML2"
"S000003620",1096.99577679409,1.09375680827021,0.234435598923677,4.66548942776515,3.07883326428055e-06,1.50224109272554e-05,"S000003620","S000003620","ALY2"
"S000003621",298.353108254288,1.15212458621398,0.319370458778966,3.60748639876977,0.000309177739895596,0.00100461908899697,"S000003621","S000003621","EXO70"
"S000003624",599.885549188084,2.5256686161825,0.31211024535376,8.09223232425387,5.85810371400446e-16,9.99196670312205e-15,"S000003624","S000003624","ARG3"
"S000003625",914.169746408009,2.63235465515242,0.264381528121113,9.95665118459615,2.3587430880842e-23,7.59464819965508e-22,"S000003625","S000003625","SIP4"
"S000003630",1535.57900711158,-1.01389076821605,0.279701313272974,-3.62490528325316,0.000289067374922869,0.000945374419394419,"S000003630","S000003630","KHA1"
"S000003633",202.50321097908,-1.96866370883553,0.186154404053122,-10.5754345101271,3.87377672515955e-26,1.49512882449908e-24,"S000003633","S000003633","PHS1"
"S000003635",332.286323926014,1.66550263406658,0.168773137868623,9.86829216485298,5.71289729270256e-23,1.75496707139603e-21,"S000003635","S000003635","CHS6"
"S000003637",1265.76106322528,1.47480813293071,0.174840817353283,8.43514778331604,3.30784556790817e-17,6.42468973044357e-16,"S000003637","S000003637","GSH1"
"S000003651",414.853037617568,-1.3494238181972,0.248377736127871,-5.43294998671892,5.54299474291733e-08,3.52422083918746e-07,"S000003651","S000003651","ASF1"
"S000003652",4402.5978308889,-1.11314886166184,0.287012506352859,-3.87839845659307,0.000105146398274499,0.000379775923221812,"S000003652","S000003652","NCA3"
"S000003653",885.555537375164,-1.11132554354142,0.141651869925273,-7.84547033602655,4.31333798361004e-15,6.8343705261358e-14,"S000003653","S000003653","PHO86"
"S000003654",56.5826428541184,-1.03026400692196,0.361703170162869,-2.84836875070255,0.00439439749391237,0.010668817464051,"S000003654","S000003654",NA
"S000003658",116.692143851421,-2.35593278711299,0.520580384784591,-4.52558885423208,6.02275696708842e-06,2.78090641862265e-05,"S000003658","S000003658","ALB1"
"S000003660",296.772736268241,-1.0960073802534,0.125260144063802,-8.74984927125059,2.13637906417013e-18,4.57504870891762e-17,"S000003660","S000003660","LSM1"
"S000003663",338.444903116359,1.20756779260867,0.130815583483705,9.23106988059333,2.67942042356155e-20,6.50515740736454e-19,"S000003663","S000003663","SPT10"
"S000003666",2112.61938890263,1.37783173211678,0.179475922464665,7.67697256097425,1.62892304608673e-14,2.36902069093918e-13,"S000003666","S000003666","URA2"
"S000003668",1049.06955352327,2.25468613831553,0.35812336574775,6.29583644621406,3.05746619342019e-10,2.60193592908128e-09,"S000003668","S000003668",NA
"S000003669",524.702730749169,2.06400853999294,0.252782519806814,8.16515533419927,3.21021858112497e-16,5.58633701646054e-15,"S000003669","S000003669","MRS3"
"S000003681",194.009807680399,-1.25257284743271,0.220089243587334,-5.69120429066164,1.26146470772449e-08,8.83171977349903e-08,"S000003681","S000003681","SFH5"
"S000003684",174.40704578032,-1.63217403578945,0.454008666902805,-3.59502836570049,0.000324356234546296,0.00104828174353368,"S000003684","S000003684","RPA34"
"S000003694",1261.3341770832,-3.98632779691073,0.169244460044127,-23.553667847511,1.15128581920265e-122,1.73297297935479e-119,"S000003694","S000003694","CIS3"
"S000003695",19385.1487973018,1.76324361053472,0.487790658465238,3.61475477222648,0.000300632050251569,0.000979494358530682,"S000003695","S000003695","HSP150"
"S000003697",405.583984371418,2.25013495765782,0.15183498519908,14.8196079757741,1.09421166076017e-49,1.31764968188739e-47,"S000003697","S000003697","FMP33"
"S000003701",2179.71069751934,1.48737600142865,0.327549553231507,4.54091903577533,5.60095391301052e-06,2.59410334694126e-05,"S000003701","S000003701","HAL5"
"S000003704",209.237547211073,-1.21618469695647,0.38777501683268,-3.1363152450877,0.00171085194260405,0.00464638680488002,"S000003704","S000003704","SET2"
"S000003705",22.6945850532629,-1.99568280614959,0.433688735312815,-4.60164778019914,4.19161596764347e-06,1.99035644646541e-05,"S000003705","S000003705",NA
"S000003707",592.520904071023,1.24176852806987,0.338477921791638,3.66868397648188,0.000243802220628442,0.000809670805517843,"S000003707","S000003707","TOH1"
"S000003708",830.815076888043,-1.2910836444093,0.232870433040716,-5.5442145554973,2.95276592468288e-08,1.96665969386235e-07,"S000003708","S000003708","CPS1"
"S000003711",62.623290052826,1.14496119918038,0.259812978985707,4.40686683032631,1.04876622170971e-05,4.61595133107759e-05,"S000003711","S000003711",NA
"S000003721",956.135636381165,-1.37186091449838,0.300589835201507,-4.56389655883982,5.02128264175765e-06,2.35827946848852e-05,"S000003721","S000003721","ATG36"
"S000003723",377.802752323684,-1.55414407049904,0.258425971674112,-6.01388498389352,1.81129045280251e-09,1.4071973956547e-08,"S000003723","S000003723","SWE1"
"S000003726",1278.63606078371,-2.25534282143572,0.457687039618313,-4.92769649609601,8.32047298210319e-07,4.47699444372148e-06,"S000003726","S000003726","RPS22A"
"S000003727",848.478418662272,-1.1859431408191,0.285249021719709,-4.15757128164467,3.21648928402258e-05,0.000128680943382724,"S000003727","S000003727","RPS14B"
"S000003730",77.3922062795005,-1.10357724908174,0.359715179280718,-3.06791960041396,0.00215554603884164,0.00571993948870229,"S000003730","S000003730","CDC6"
"S000003731",20.1082696348707,-1.41811184631834,0.518564933869765,-2.73468519310735,0.00624399604896076,0.014459653927228,"S000003731","S000003731",NA
"S000003732",411.715306333295,-1.75105274422675,0.229837885487269,-7.6186427686385,2.5635684309164e-14,3.64038809494048e-13,"S000003732","S000003732","ELO1"
"S000003736",605.968134638889,1.4143475109191,0.25807251707075,5.48042669158514,4.24301298192973e-08,2.75292900476282e-07,"S000003736","S000003736","ACO2"
"S000003750",58.3803128107828,1.3281662234318,0.28488903947963,4.66204746190935,3.13078962622188e-06,1.52388717376572e-05,"S000003750","S000003750","HXT8"
"S000003754",12.0266825837357,-1.55128806637985,0.582010729126436,-2.66539427667981,0.00768981065959046,0.0173409550492113,"S000003754","S000003754",NA
"S000003756",20.2378749513536,-2.75818822037834,0.69966271112347,-3.94216838560602,8.07482520786776e-05,0.000298273144641545,"S000003756","S000003756",NA
"S000003757",183.384600608127,-2.33591682048249,0.493613505139563,-4.73227899188462,2.22012975858277e-06,1.11302258754595e-05,"S000003757","S000003757","IMA4"
"S000003764",1468.57835115112,-1.0880286748101,0.204847628916341,-5.31140477713045,1.08783407182887e-07,6.59602109414062e-07,"S000003764","S000003764","SAG1"
"S000003776",564.984939989964,-1.15751544704915,0.14189083770776,-8.15778852073011,3.41214264922811e-16,5.9206083259373e-15,"S000003776","S000003776",NA
"S000003777",5412.92500328925,2.33764503550555,0.341733422404582,6.84055138375662,7.8888943988294e-12,8.39205533133424e-11,"S000003777","S000003777","ILV3"
"S000003782",396.694831579633,-1.0426955388046,0.310398294409766,-3.35921800339569,0.000781633798197249,0.00231150152207546,"S000003782","S000003782","REC107"
"S000003786",835.11616365949,1.77373790089987,0.163397648187424,10.8553453527392,1.88094425393856e-27,7.81045886411314e-26,"S000003786","S000003786","BNA1"
"S000003789",69.341779314577,9.29324074834098,2.7144743242998,3.42358764094709,0.000618003203057964,0.00187550266411895,"S000003789","S000003789",NA
"S000003791",209.735969329606,-1.23981128377536,0.239351225846553,-5.17988274089806,2.2202542039111e-07,1.29410944450617e-06,"S000003791","S000003791","RBH2"
"S000003797",324.006922844589,1.24067859760461,0.202704221905159,6.12063520899479,9.32030573705273e-10,7.47237827467304e-09,"S000003797","S000003797","HUL4"
"S000003798",19.0093868489193,1.10519088729077,0.494140398649384,2.23659285966407,0.0253129620269226,0.0491009485709089,"S000003798","S000003798",NA
"S000003807",1125.17843112151,-1.12568648803096,0.448857565395749,-2.50789242471263,0.0121453636440295,0.0257944389773197,"S000003807","S000003807","TAH11"
"S000003813",669.920306201628,1.1374843369273,0.213660988538868,5.32378112029736,1.01632188822269e-07,6.20616033366006e-07,"S000003813","S000003813","RAD7"
"S000003815",160.472525711598,-1.04352165272506,0.265010751837756,-3.93765779497097,8.22808231508646e-05,0.000303375894789563,"S000003815","S000003815","KCH1"
"S000003818",462.272610892603,-1.7341913320366,0.205867568805086,-8.42381994455148,3.64404144648376e-17,7.00983180488138e-16,"S000003818","S000003818","CDC8"
"S000003820",1914.75894965212,1.61522308178548,0.215345797033657,7.5006018414793,6.35254787750351e-14,8.69288426601105e-13,"S000003820","S000003820","PTK2"
"S000003822",1668.28313388201,1.92164492998986,0.332417203308476,5.78082274582707,7.4336180747604e-09,5.37308696616235e-08,"S000003822","S000003822",NA
"S000003824",49.7306793418183,-1.81678288226375,0.57061797746047,-3.18388651256542,0.00145311970921933,0.00403935077064155,"S000003824","S000003824","RPA12"
"S000003830",75.4504228758925,-1.99400433571444,0.531265868825654,-3.75330781200404,0.000174516341900671,0.000598043764703437,"S000003830","S000003830","HAM1"
"S000003831",442.650189577375,-1.96546518356477,0.387883666391001,-5.06715119471803,4.0381353359497e-07,2.28726367429474e-06,"S000003831","S000003831","LIA1"
"S000003832",15.4354610128097,-1.69603758626917,0.574149740128307,-2.95399870056573,0.00313685326498798,0.00791907484632814,"S000003832","S000003832",NA
"S000003834",3595.77505333305,-1.23736798788364,0.163041135386381,-7.58929938111192,3.21639840103117e-14,4.51420390969899e-13,"S000003834","S000003834","OPI3"
"S000003835",436.744035784309,-1.08782947490468,0.184876730338672,-5.88408001868009,4.00274160871223e-09,3.00505077631625e-08,"S000003835","S000003835","MOG1"
"S000003841",635.729131070605,1.00043626115809,0.158063171518369,6.32934447378103,2.46204910329838e-10,2.12988471996545e-09,"S000003841","S000003841","AIM24"
"S000003851",1388.80763176408,1.29298865426375,0.172311785218342,7.50377377046705,6.2006281758384e-14,8.50432397419659e-13,"S000003851","S000003851","JSN1"
"S000003852",475.243606027575,1.78233684138338,0.182294334820527,9.77724756580143,1.40992607956527e-22,4.08132929089544e-21,"S000003852","S000003852","BUD4"
"S000003856",1133.42026839552,2.03474887676478,0.41556818500615,4.89630570909721,9.76551064680865e-07,5.21722622931987e-06,"S000003856","S000003856","SFC1"
"S000003857",4813.22531893166,1.9186518763294,0.303712031325451,6.31733905290506,2.66105340544937e-10,2.29544449200726e-09,"S000003857","S000003857",NA
"S000003858",27.888915985302,-2.20310480669679,0.671724567227637,-3.27977405350754,0.00103890253390033,0.00301166690255845,"S000003858","S000003858","JJJ3"
"S000003865",10516.9595954861,-1.05787316124804,0.242635918500503,-4.35991986588681,1.3011008176259e-05,5.61169629149395e-05,"S000003865","S000003865","SOD1"
"S000003866",1537.18182043905,-2.12132399010687,0.217175979622567,-9.76776526480298,1.54829464647971e-22,4.4604220413657e-21,"S000003866","S000003866","ADO1"
"S000003870",2931.59490951321,2.28055761086218,0.340314443034564,6.70132478224133,2.06538409783276e-11,2.05548390959522e-10,"S000003870","S000003870","CPA2"
"S000003872",192.076326125052,2.197942960543,0.29989611890385,7.32901435529308,2.31851553488754e-13,2.9764993679228e-12,"S000003872","S000003872","PXP2"
"S000003876",328.187453001551,1.03906005436473,0.294891321334707,3.52353555086614,0.000425829966322265,0.00134307083668222,"S000003876","S000003876",NA
"S000003882",8301.72381468521,1.15313750020959,0.219107147406862,5.2628931272074,1.41806017315341e-07,8.47878878108905e-07,"S000003882","S000003882","ATP2"
"S000003885",127.196523677949,-1.41628998438219,0.350521796096737,-4.04051902093791,5.33330390486671e-05,0.000203368098867653,"S000003885","S000003885",NA
"S000003889",40.3538237270383,2.31788088752582,0.545625201104826,4.24811919030204,2.15572701162581e-05,8.82367935893881e-05,"S000003889","S000003889",NA
"S000003891",1365.51966956166,1.38560235266083,0.139845140125828,9.90811944851366,3.83802007389701e-23,1.21624836131231e-21,"S000003891","S000003891","STR2"
"S000003894",293.683270873745,-1.12338187089,0.165104568466141,-6.8040629119259,1.01709088006495e-11,1.05949899461437e-10,"S000003894","S000003894","XPT1"
"S000003898",1322.14024662624,2.47909912887195,0.218887985035578,11.3258803513999,9.7692416591086e-30,4.45610636587067e-28,"S000003898","S000003898","MET5"
"S000003899",626.141517101668,1.34795587765019,0.165001743304015,8.16934324849275,3.10072778586651e-16,5.41144405759485e-15,"S000003899","S000003899","IML1"
"S000003904",789.033545427513,-1.84818689887979,0.257066518765476,-7.18952786133113,6.5015752519639e-13,7.82919691841493e-12,"S000003904","S000003904","PMT4"
"S000003908",597.394385963606,-2.15324092604175,0.548139756278856,-3.92826993732294,8.55591454048307e-05,0.000314692495102313,"S000003908","S000003908","HMS2"
"S000003909",2841.74474854662,-1.16656073314627,0.439812569862343,-2.65240425827618,0.00799207900724824,0.0178952427306217,"S000003909","S000003909","BAT2"
"S000003910",517.270805192137,1.31310265844767,0.140653349009269,9.33573688573268,1.00291161438226e-20,2.52658193732034e-19,"S000003910","S000003910",NA
"S000003912",518.669121419375,1.35312794939308,0.173255418413694,7.8100180749448,5.71797851080104e-15,8.96561161810757e-14,"S000003912","S000003912","DAN4"
"S000003915",451.970353177468,3.62127953260502,0.289750470467854,12.4979245995971,7.66256660891172e-36,5.12625706136194e-34,"S000003915","S000003915",NA
"S000003921",382.462614007394,1.81390147340861,0.155838980450417,11.6395876575036,2.59266011790052e-31,1.3229158110067e-29,"S000003921","S000003921","MPH3"
"S000003922",329.875200853462,1.30694603927334,0.19417785064843,6.7306648771164,1.68889548889163e-11,1.706134662376e-10,"S000003922","S000003922","COS5"
"S000001487",823.062284415435,-1.73172946060486,0.1899520877233,-9.11666453030747,7.74719455945827e-20,1.80099839546325e-18,"S000001487","S000001487","AUR1"
"S000001489",1567.97184606787,-1.28473716156417,0.511253094236159,-2.51291811442949,0.0119737123773774,0.0255289384646563,"S000001489","S000001489","RPL14A"
"S000001492",368.349547952334,-2.20870703914674,0.481024684209187,-4.59167088852808,4.39711385558287e-06,2.08300727965889e-05,"S000001492","S000001492","MRT4"
"S000001496",533.068082671399,1.11207425438186,0.192771125987362,5.76888394818406,7.97982309903915e-09,5.71982319991842e-08,"S000001496","S000001496","ARC19"
"S000001499",1946.41807211778,1.2685283978442,0.24800947604247,5.11483842507282,3.14009627493498e-07,1.80233743292503e-06,"S000001499","S000001499","ATP7"
"S000001500",260.033051624198,1.04783686777263,0.310550898125441,3.37412280594782,0.000740513237516511,0.00220396945283584,"S000001500","S000001500","HCS1"
"S000001509",2344.02296421329,-2.10789069444044,0.276893791503142,-7.61263256571256,2.68568495561911e-14,3.80482567477239e-13,"S000001509","S000001509","GPX1"
"S000001512",1486.22627006189,2.25201334199373,0.302943215851738,7.43378040555257,1.05537121003236e-13,1.40895566643122e-12,"S000001512","S000001512","MAE1"
"S000001513",294.361571878222,1.49154431390702,0.276459934601751,5.39515541756761,6.84642647383211e-08,4.28506588346603e-07,"S000001513","S000001513",NA
"S000001515",2042.15847442248,-1.68253483426612,0.381787271102674,-4.40699562718956,1.04814303313737e-05,4.61595133107759e-05,"S000001515","S000001515","IXR1"
"S000001516",337.551796561308,1.13952822871717,0.263833286353752,4.31912229296676,1.56650963270019e-05,6.6096387515682e-05,"S000001516","S000001516","TTI1"
"S000001524",504.426236620806,-1.40099926976124,0.198849164756202,-7.04553761379349,1.84746795037201e-12,2.10674328204354e-11,"S000001524","S000001524","VPS24"
"S000001525",157.758457968768,-1.4400186736132,0.245516485155383,-5.86526266332722,4.48422261012075e-09,3.3394868649232e-08,"S000001525","S000001525","SPC42"
"S000001533",1981.91909847473,1.47681881890578,0.158038777377948,9.34466112309883,9.21841951426361e-21,2.3419453120414e-19,"S000001533","S000001533",NA
"S000001534",428.912826050882,2.14957213235426,0.175884858435587,12.2214734768739,2.38718249969426e-34,1.46665569700603e-32,"S000001534","S000001534","SFK1"
"S000001535",302.917874779995,1.12682212584212,0.189607218344864,5.94292841632549,2.79974718644762e-09,2.12041230309448e-08,"S000001535","S000001535","ASK1"
"S000001541",402.477987059354,-1.43237288384621,0.200547378678293,-7.14231665996465,9.17708795878265e-13,1.08984707297496e-11,"S000001541","S000001541","TOA2"
"S000001544",217.420130414505,-1.06190202319702,0.318604451221872,-3.33297924471721,0.000859213518058812,0.00252234256081527,"S000001544","S000001544","BLI1"
"S000001545",3258.90230113448,3.67162037801522,0.242345683012485,15.1503436429114,7.53714759972536e-52,1.10685769994991e-49,"S000001545","S000001545","MSN4"
"S000113563",275.052972781211,-3.22172013595341,0.561123663006463,-5.74155101335712,9.38132879284419e-09,6.66882888568062e-08,"S000113563","S000113563",NA
"S000001549",78.4062908091872,-2.23138850016991,0.513963368911784,-4.34153216968446,1.41492556801315e-05,6.04890124197943e-05,"S000001549","S000001549",NA
"S000028524",11.0856197338541,1.80510127317133,0.563735043793569,3.20203842752826,0.00136458793193803,0.00381615603260513,"S000028524","S000028524",NA
"S000001554",250.911513435292,1.88577921297021,0.252375592544068,7.47211405810144,7.89165570958914e-14,1.06061738900527e-12,"S000001554","S000001554",NA
"S000001560",1246.67548343728,1.00850732295435,0.173525165696594,5.81187932543287,6.17753669576943e-09,4.52493290087929e-08,"S000001560","S000001560",NA
"S000001561",73.7627537118251,-1.47646038609109,0.380285376445929,-3.88250634270977,0.000103385318785596,0.000374313291886994,"S000001561","S000001561","DHR2"
"S000001564",1242.46438868413,-2.80554633582368,0.300630682603026,-9.33220226069978,1.03693569623212e-20,2.58628872297213e-19,"S000001564","S000001564","TEF4"
"S000001566",337.653008600115,-1.14683219862884,0.225024411188119,-5.09647905564385,3.46028826446338e-07,1.97857508455214e-06,"S000001566","S000001566",NA
"S000001567",60.5905325192468,-1.22299435906777,0.35037047508305,-3.49057482305803,0.000481982627912495,0.00149324350440908,"S000001567","S000001567","HOT13"
"S000001568",4943.27325299803,1.73873894886259,0.195324942331804,8.90177633284001,5.49599342536991e-19,1.22108400052222e-17,"S000001568","S000001568","MDH1"
"S000001569",132.147257130558,1.95974847763689,0.42107420433894,4.65416417686658,3.25297539587084e-06,1.57698589843304e-05,"S000001569","S000001569","SRX1"
"S000001579",786.915478768953,-4.08853837133358,0.220619865041181,-18.5320500063329,1.1386512915997e-76,5.7131828556015e-74,"S000001579","S000001579","CWP1"
"S000001956",3453.92280616332,-2.43805121882261,0.185669065515943,-13.1311654531555,2.18271166086534e-39,1.66355783671775e-37,"S000001956","S000001956","CWP2"
"S000001582",153.433557605155,-1.19413161063783,0.378239977623932,-3.1570740304588,0.00159360882269411,0.00437933305405807,"S000001582","S000001582","UTP11"
"S000001584",844.242725321658,-1.71801424330408,0.217052339089125,-7.91520722842169,2.46841600955487e-15,4.02773246437124e-14,"S000001584","S000001584","HSL1"
"S000001586",1506.26383938141,1.41578197504438,0.166298940330626,8.51347562545859,1.68795989792832e-17,3.37648057987589e-16,"S000001586","S000001586","APE1"
"S000001588",779.764638646236,1.08535252800339,0.253039680026056,4.28925822183947,1.79270849177115e-05,7.49576238121811e-05,"S000001588","S000001588","SEG2"
"S000001596",406.965922893871,-2.3596736510597,0.223572404464049,-10.5544047652766,4.84701888445838e-26,1.82399379395774e-24,"S000001596","S000001596","RAD27"
"S000001600",2028.00660473366,-1.39055534078383,0.168876100268516,-8.23417486887023,1.80799432738575e-16,3.21118992483469e-15,"S000001600","S000001600","SBA1"
"S000001603",772.823018302396,2.31911693112463,0.484166407118304,4.78991705543495,1.66850268263586e-06,8.59371655444871e-06,"S000001603","S000001603","OAC1"
"S000001604",609.351036150843,1.38087295751508,0.1602928781735,8.61468689844369,7.01329896943203e-18,1.45110216821135e-16,"S000001604","S000001604","DGR2"
"S000001607",854.359612517803,1.25733454303853,0.34145123370153,3.68232537750207,0.000231116170653629,0.00077308359083639,"S000001607","S000001607","SSH4"
"S000001610",383.613637521056,-2.07815317455479,0.139042928471719,-14.9461263323254,1.65076274684976e-50,2.25891874972327e-48,"S000001610","S000001610","PGM1"
"S000001612",1011.55679345694,2.54111331775684,0.13851934669491,18.3448260361325,3.63086959141767e-75,1.56153327213756e-72,"S000001612","S000001612","MYO3"
"S000001613",216.108437017774,1.13213590019146,0.218651298005126,5.17781467807669,2.24500070863468e-07,1.307267820763e-06,"S000001613","S000001613","SHE2"
"S000001614",65.4906888196438,3.95650058553797,0.391569657186788,10.1042062706371,5.29223737652261e-24,1.75080006835399e-22,"S000001614","S000001614",NA
"S000001615",216.126291472507,3.06579762274166,0.360873259058935,8.49549681441202,1.97088059477304e-17,3.91639341951434e-16,"S000001615","S000001615","RMA1"
"S000001616",1407.02678031914,-1.39815464282985,0.18036146237225,-7.75195889654179,9.04856828723796e-15,1.35863914357755e-13,"S000001616","S000001616",NA
"S000001621",141.489383925751,-1.17940752543283,0.261468374142211,-4.51070814702569,6.46115661623519e-06,2.96740076173547e-05,"S000001621","S000001621","MRPL31"
"S000001631",4809.27491468964,1.51897445872095,0.145372102364922,10.4488717849586,1.48278596014948e-25,5.44381357686587e-24,"S000001631","S000001631","SDH1"
"S000001639",198.72280274564,-1.32839889596365,0.320761720179726,-4.1413884899337,3.45209691699176e-05,0.000137285835780762,"S000001639","S000001639","RPS27A"
"S000001644",364.704803655383,1.27287300937685,0.22008181199059,5.78363563015045,7.31031955653494e-09,5.29668279782153e-08,"S000001644","S000001644","KDX1"
"S000001645",314.083482244457,2.26261216656054,0.311568777691247,7.26199904665256,3.81410888750901e-13,4.78432283576911e-12,"S000001645","S000001645",NA
"S000001646",21523.2842208279,3.16282643119996,0.175748194782645,17.9963523102559,2.08080289311841e-72,6.26425710973297e-70,"S000001646","S000001646","PIR3"
"S000001647",2078.95549546361,1.20081866239612,0.277696347941565,4.3242148170015,1.53076081302449e-05,6.47240930844134e-05,"S000001647","S000001647","PIR1"
"S000001655",526.606288162678,-1.03843467310046,0.407370782122188,-2.54911426806499,0.0107996907949573,0.0233315171426042,"S000001655","S000001655","EBP2"
"S000001665",5026.74815194642,-1.09347342363144,0.151907501214307,-7.19828458035655,6.09747825469874e-13,7.38690474276481e-12,"S000001665","S000001665","FAS1"
"S000001669",507.967780370762,-1.19413390449794,0.494961956773818,-2.41257714488071,0.0158401848877561,0.0326734337818361,"S000001669","S000001669","MTR2"
"S000001670",2539.27247119656,-2.09679078014661,0.538444369559913,-3.89416418609853,9.85378943540956e-05,0.000358054714487634,"S000001670","S000001670","FAT3"
"S000001676",705.255729760842,1.45767526502914,0.147747813215894,9.8659684586948,5.84674739896868e-23,1.7779427317773e-21,"S000001676","S000001676","SDS22"
"S000001684",947.875543723753,1.04512965577429,0.285543340922869,3.66014368395516,0.000252073858970505,0.000833463319528507,"S000001684","S000001684","MNN4"
"S000001692",566.088253993925,1.48096775795724,0.190363761458886,7.77967269929731,7.27124219762512e-15,1.11969691232483e-13,"S000001692","S000001692","STE6"
"S000001694",642.468972733157,1.66108199898729,0.368541965106031,4.50717192683712,6.56973990992392e-06,3.0080915587568e-05,"S000001694","S000001694","TRP3"
"S000001698",556.337289683929,1.04614512241814,0.341611477057758,3.0623828315969,0.00219582421330823,0.00581400949354831,"S000001698","S000001698","OXP1"
"S000001699",884.421117349136,-1.44948561289177,0.361485433155429,-4.00980365996804,6.07692570594311e-05,0.000229687191936494,"S000001699","S000001699","URA1"
"S000001700",18245.5288891674,-1.95110599821929,0.474814152925672,-4.10919932819424,3.97033274564377e-05,0.000156244270990334,"S000001700","S000001700","JEN1"
"S000001704",322.109356496698,-1.65124396617066,0.217563421095317,-7.58971318734331,3.20614366060682e-14,4.51032499544712e-13,"S000001704","S000001704","MCH2"
"S000001721",1545.89156221071,-2.9149991955184,0.160095385635841,-18.2078901521182,4.46837442604975e-74,1.58259308348503e-71,"S000001721","S000001721","PRY2"
"S000001722",2741.56129700945,-2.48081007857507,0.319974613503761,-7.75314657437945,8.96430455400897e-15,1.3493519429922e-13,"S000001722","S000001722","YPT52"
"S000001725",491.402873053137,1.11710919846604,0.262155972717086,4.26123878425463,2.03296876401211e-05,8.37904993311391e-05,"S000001725","S000001725","HEL1"
"S000001741",35.4507282489782,-2.1610087996389,0.609744991586132,-3.54411898327767,0.000393927426130183,0.00124767860743284,"S000001741","S000001741",NA
"S000001742",110.510862222667,-2.57759199518111,0.44561630114466,-5.78433057444267,7.28016544504079e-09,5.2864647951364e-08,"S000001742","S000001742","DAL80"
"S000001750",5120.28367648029,-2.14384169220115,0.327918956860986,-6.53771807742724,6.24645267202273e-11,5.91350495884416e-10,"S000001750","S000001750","UTH1"
"S000001757",1625.07897700033,-1.3317284391112,0.248215389127074,-5.3652130264551,8.08537359490462e-08,4.9879133621845e-07,"S000001757","S000001757","FMP46"
"S000001758",859.071908749828,-1.05036627136313,0.418686372034405,-2.50871855766257,0.0121169983517151,0.0257432770203517,"S000001758","S000001758","TRK2"
"S000001765",474.875612720016,-1.98230809268998,0.421511498751943,-4.70285650227671,2.56546731073812e-06,1.26924229071111e-05,"S000001765","S000001765","RPS21A"
"S000001766",1579.19707392968,1.11241979481447,0.417191422982506,2.66644934083681,0.00766571585495932,0.0172930967263807,"S000001766","S000001766","GLG1"
"S000001767",2223.27898983003,-1.026746842141,0.408200457963921,-2.51530056399826,0.0118930944145206,0.0253750253259493,"S000001767","S000001767","TIF1"
"S000001769",452.102565502243,1.88043191321913,0.192778333359125,9.75437374342315,1.76687810378775e-22,5.04188296820193e-21,"S000001769","S000001769","KTR2"
"S000001772",495.00842543501,1.1630502369032,0.210995236349091,5.51221087749556,3.54353989239792e-08,2.32928997755665e-07,"S000001772","S000001772","OAF3"
"S000001777",512.335270257422,1.01886333006593,0.201117098496955,5.06602043128301,4.06218335735753e-07,2.2987223679182e-06,"S000001777","S000001777","MET1"
"S000001789",300.659186042067,-1.31113397647147,0.393250164620908,-3.3340964465594,0.000855769790862565,0.00251345849306512,"S000001789","S000001789","RPF2"
"S000001791",52.6592480147676,-1.05175095135727,0.321267161596164,-3.27375803406676,0.00106127445332758,0.0030617793404338,"S000001791","S000001791","DAD2"
"S000001800",266.617926254653,-1.77444833999222,0.359096012594145,-4.94143147726268,7.75510720845216e-07,4.19528306397938e-06,"S000001800","S000001800","SRP40"
"S000001801",287.326782744172,-1.33966312838077,0.21433055033792,-6.25045345270945,4.09262696772408e-10,3.40355068683242e-09,"S000001801","S000001801","PTR2"
"S000001802",1430.99163852435,-1.02813745936658,0.334523438374247,-3.07343923153258,0.00211606779938415,0.00562261439545101,"S000001802","S000001802","RPL40B"
"S000001805",5462.76240772688,1.25406245812946,0.467095937170368,2.68480703498831,0.00725716921012768,0.0164826163010859,"S000001805","S000001805","PCK1"
"S000001806",195.477994172834,1.06731815560185,0.190835261387595,5.59287705972785,2.23337437414964e-08,1.51773669376467e-07,"S000001806","S000001806","UBP11"
"S000001807",330.636969922989,1.53009501349178,0.190699571231914,8.02358916492267,1.02699378338809e-15,1.72724289658651e-14,"S000001807","S000001807","BAS1"
"S000001808",1515.82924923182,-1.62155600509826,0.258101716835663,-6.28262386232296,3.32905840846238e-10,2.81916465222953e-09,"S000001808","S000001808","SKG1"
"S000001811",186.558843040274,1.23584234417164,0.305313738541621,4.04777836095693,5.17060725404005e-05,0.00019779051001636,"S000001811","S000001811","NFT1"
"S000003925",81.1674336907286,-2.11785023137219,0.31330031975393,-6.7598087133635,1.38174044964805e-11,1.42212978586853e-10,"S000003925","S000003925","RTT109"
"S000003930",175.213450237228,1.24667238746639,0.278097980253884,4.48285308051595,7.36516391501879e-06,3.32426176404259e-05,"S000003930","S000003930","LMO1"
"S000003934",190.067166012355,-1.52295282776596,0.594554034416143,-2.56150448842133,0.0104219894587328,0.0225966145232374,"S000003934","S000003934","SOF1"
"S000003939",1610.89672697908,-1.38774565089457,0.131453016824714,-10.5569707292839,4.71636996927923e-26,1.78599142044215e-24,"S000003939","S000003939","SDC25"
"S000003940",76.4106111599775,-1.65654178090714,0.264152919022324,-6.27114698197653,3.58398091904348e-10,3.01384764155877e-09,"S000003940","S000003940",NA
"S000003949",33997.2031181437,1.54691943125777,0.277470012496758,5.57508689799711,2.4740633571573e-08,1.66999276608118e-07,"S000003949","S000003949","HSP104"
"S000003950",859.082615483972,1.57916669747319,0.146188442424528,10.8022677530644,3.35805607704718e-27,1.38485312602062e-25,"S000003950","S000003950","ISA1"
"S000003951",363.939608620363,1.81123611499703,0.239702716671466,7.5561768349897,4.15089426158882e-14,5.7987318675235e-13,"S000003951","S000003951","TPO1"
"S000003957",253.691205922347,-1.21031230670773,0.467147936747247,-2.5908544413899,0.00957379760736782,0.0209385526312974,"S000003957","S000003957","RIX7"
"S000003961",95.6252459704948,1.03761019322525,0.286932366123136,3.61621871817682,0.000298937820357787,0.000975029586334906,"S000003961","S000003961","ENT4"
"S000003964",6058.21943828404,1.01752525793394,0.125585520305896,8.10224980917784,5.39520156275841e-16,9.22855358220693e-15,"S000003964","S000003964","SDH2"
"S000003965",58.7594729866028,1.3084194217295,0.347160833389253,3.76891427801832,0.000163959179800619,0.000566778567316823,"S000003965","S000003965","ATG10"
"S000003971",2495.25242172708,1.40280504626503,0.124902586611067,11.231192918632,2.86582925198548e-29,1.26876161222093e-27,"S000003971","S000003971","YBT1"
"S000003974",545.581912951882,1.04951481435949,0.242041549548697,4.33609360176543,1.45037202229688e-05,6.18024766188925e-05,"S000003974","S000003974","FRE6"
"S000003975",72.780094842247,2.59862088958805,0.29840070293726,8.70849453104143,3.07937191637759e-18,6.4602433130695e-17,"S000003975","S000003975","AQY2"
"S000003976",89.3730067963924,1.6399813642731,0.27637544657898,5.93388951360568,2.95840954215119e-09,2.23215336507422e-08,"S000003976","S000003976",NA
"S000003978",721.067372059265,2.43432059411182,0.378427467727256,6.43272701300401,1.25334635860879e-10,1.13650578692523e-09,"S000003978","S000003978","YCT1"
"S000003979",551.211968366935,1.47209087022591,0.25302682272073,5.81792418051534,5.95829149224194e-09,4.38032638275809e-08,"S000003979","S000003979",NA
"S000003981",262.604106400065,1.46089141939617,0.24276746408573,6.01765736977126,1.76959251876732e-09,1.3801446315412e-08,"S000003981","S000003981",NA
"S000003982",13.541159219865,1.24157915308394,0.540075721428151,2.29889829115216,0.0215107154730372,0.042561951318816,"S000003982","S000003982",NA
"S000003983",375.350085299741,1.34847750499992,0.137549336542817,9.8035914886449,1.08652209331476e-22,3.19119488968204e-21,"S000003983","S000003983","GTT2"
"S000003984",695.72134354694,1.17927992740596,0.257073422029265,4.58732730165981,4.48956538303728e-06,2.12346215013884e-05,"S000003984","S000003984","MMP1"
"S000003994",1210.91795674036,3.88016890340956,0.284080461496206,13.6586968458631,1.79161264430383e-42,1.56337677265991e-40,"S000003994","S000003994","THI73"
"S000003996",490.588732165345,1.30695553176982,0.210929116336379,6.19618360172504,5.78486429299284e-10,4.75179644039699e-09,"S000003996","S000003996","SSK1"
"S000003998",63.2946350088529,-1.4973483239237,0.412753763751654,-3.62770362240629,0.000285953238194939,0.000937247929870294,"S000003998","S000003998","PAM18"
"S000004000",198.694381621351,-1.89067718144286,0.340482871477043,-5.55292891310787,2.80922338152671e-08,1.87623991963756e-07,"S000004000","S000004000","TEN1"
"S000004006",327.453726312236,-1.09720549135684,0.199559061935378,-5.49814917306105,3.83798199307636e-08,2.5036283402289e-07,"S000004006","S000004006","PML1"
"S000004007",456.457658009861,-1.48131163878896,0.144593128505638,-10.2446890395016,1.25026263360073e-24,4.32633983730459e-23,"S000004007","S000004007","MEU1"
"S000004013",991.378031802984,1.31422421655437,0.247712485562867,5.30544196659327,1.12400324377196e-07,6.80163168919699e-07,"S000004013","S000004013","IZH3"
"S000004014",554.173692698292,1.21356539202699,0.194701453946711,6.23295495450763,4.57717820968862e-10,3.79081017889067e-09,"S000004014","S000004014","UBR2"
"S000004021",202.863230184428,1.21425898493111,0.175150957343632,6.93264258070162,4.13050884746232e-12,4.53001708024966e-11,"S000004021","S000004021",NA
"S000004025",270.220627204903,1.02851829463391,0.154167665508268,6.67142679525594,2.53328313215147e-11,2.48434507095985e-10,"S000004025","S000004025","MLH2"
"S000004029",554.962158559521,1.38920619445553,0.174677103603338,7.95299535999972,1.82055165818494e-15,3.01141250932184e-14,"S000004029","S000004029","RIC1"
"S000004030",504.297223210095,-1.38358108233671,0.325777882525112,-4.24700741380151,2.16644793378699e-05,8.86153737046975e-05,"S000004030","S000004030","AFB1"
"S000004032",72.0308808865913,-1.46822202232826,0.369842226777335,-3.96986043243843,7.19147441020975e-05,0.000267658063940406,"S000004032","S000004032",NA
"S000004034",60169.1601132909,1.49961973922114,0.130610776311545,11.4815927258874,1.63245268890864e-30,7.92661099993459e-29,"S000004034","S000004034","PDC1"
"S000004035",332.337782606544,-1.00426978401428,0.220438057310896,-4.55579130148977,5.21887338823258e-06,2.43587881167042e-05,"S000004035","S000004035","STU2"
"S000004043",339.860458155406,-2.23974051987679,0.629514981612898,-3.55788279118996,0.000373856055662173,0.00118973959362682,"S000004043","S000004043",NA
"S000004047",388.684091649802,1.33140656484931,0.314848984491902,4.22871481385881,2.3503004230276e-05,9.57453237283436e-05,"S000004047","S000004047","MNL2"
"S000004048",2257.11988928581,1.08561123262297,0.291454447990796,3.72480584910218,0.000195465599473187,0.000662295089717533,"S000004048","S000004048","SHM2"
"S000004050",986.930184998969,-1.24185015508074,0.449889627212501,-2.76034404877303,0.00577405181823152,0.0134802504837425,"S000004050","S000004050","FRS1"
"S000004051",1173.892054508,-1.44980103356321,0.501162832547852,-2.89287421054869,0.00381734145404551,0.00940049607149613,"S000004051","S000004051","RPL22A"
"S000004052",1123.95468814965,-1.34010848811728,0.497868741337098,-2.69169035299992,0.00710909160382523,0.01621971979789,"S000004052","S000004052","BUD28"
"S000004063",64.6315681870731,-1.31058935176538,0.300728624945293,-4.35804656774459,1.31228465888585e-05,5.65588112466119e-05,"S000004063","S000004063","RFU1"
"S000004074",244.843033021485,-1.13616015973311,0.297017351504397,-3.82523160340109,0.000130649203208165,0.000461642519082372,"S000004074","S000004074","RAX2"
"S000004076",779.420737534105,2.32651574478613,0.115518563530318,20.139756535109,3.30958949459334e-90,2.8467197638495e-87,"S000004076","S000004076","SMC4"
"S000004082",1539.45238104288,3.08022671788248,0.162412726549105,18.9654270532254,3.29341694345719e-80,2.20329593517286e-77,"S000004082","S000004082","SUL2"
"S000004093",187.858883107456,-1.4940653870443,0.250067622143279,-5.97464547484783,2.30591087712167e-09,1.7687229201976e-08,"S000004093","S000004093","CDC45"
"S000004100",10130.185222241,-2.56732505606411,0.194433787097572,-13.2041097094702,8.30761034474831e-40,6.4128361391961e-38,"S000004100","S000004100","CCW12"
"S000004104",754.736613136724,1.00844961208766,0.136382714904283,7.39426262921526,1.42195122292964e-13,1.8775369108025e-12,"S000004104","S000004104","AVL9"
"S000004105",394.378603164181,1.46734968222053,0.121007702652341,12.1260849520982,7.68358247888154e-34,4.53557353973978e-32,"S000004105","S000004105","CFT2"
"S000004110",1954.85818956492,2.18196780229227,0.314515966816826,6.93754223156195,3.98980075474682e-12,4.39169841761071e-11,"S000004110","S000004110","YPS1"
"S000004111",1783.79399354104,1.48017055546436,0.224688502016858,6.58765598674607,4.46824451921247e-11,4.30452804002852e-10,"S000004111","S000004111","YPS3"
"S000004120",2942.99627884556,1.55136328834421,0.226119084436508,6.86082420778514,6.84643728281423e-12,7.34802119069956e-11,"S000004120","S000004120","ZRT2"
"S000004122",73.9942624880693,-1.10986781628879,0.289020459796797,-3.84010120622295,0.000122983600025143,0.000437121756641903,"S000004122","S000004122","USB1"
"S000004126",214.227037871135,1.09974568155169,0.363519826745125,3.02527015210852,0.00248411134981462,0.00648302203520583,"S000004126","S000004126","TIS11"
"S000004129",172.468809963613,1.1419357636531,0.302198809107185,3.77875666362428,0.000157613346558652,0.000547915681079472,"S000004129","S000004129","SLS1"
"S000004134",574.73724758943,1.09406967456601,0.133536316890234,8.19304965154408,2.54689045878364e-16,4.47079517560824e-15,"S000004134","S000004134","ACF2"
"S000004139",5186.9951553064,-1.57018265345191,0.416362466198963,-3.77119164411324,0.00016246983443607,0.000562848603647627,"S000004139","S000004139",NA
"S000028675",17.9057874136921,-1.57207056229696,0.624322802706452,-2.51804123681211,0.0118009503908282,0.0251962845046725,"S000028675","S000028675",NA
"S000028422",3018.85350768173,-1.3253575137687,0.283947981223682,-4.66760674985974,3.04728433406058e-06,1.48805344488068e-05,"S000028422","S000028422","TAR1"
"S000004156",940.666298362702,1.16828763105277,0.214934167557859,5.43556031284917,5.46245037855667e-08,3.47668221239849e-07,"S000004156","S000004156","SEC10"
"S000004164",3217.26287464421,2.24534590376643,0.163556655365037,13.7282454129128,6.87790255687769e-43,6.18087332760606e-41,"S000004164","S000004164","IDP2"
"S000004167",1803.61679194904,-1.78195546510056,0.392256031429504,-4.5428376425636,5.55019982921644e-06,2.57701476553527e-05,"S000004167","S000004167",NA
"S000004173",253.095093940491,-4.25485194582889,0.247027467543198,-17.2242058267664,1.74810636512592e-66,3.89827719423081e-64,"S000004173","S000004173","TOS4"
"S000004176",166.342323915273,-1.48152931196946,0.406336083923665,-3.64606878538452,0.000266282726031073,0.000878514133387994,"S000004176","S000004176","EMG1"
"S000004184",1582.3836807252,1.02315851409483,0.340201765554552,3.0075050093494,0.00263401783472143,0.00683006950166139,"S000004184","S000004184","NCW2"
"S000004187",927.233007684909,-1.57586854219956,0.541464125785462,-2.9103840257442,0.00360984909255637,0.00895915143704944,"S000004187","S000004187","NOP56"
"S000004188",153.203457881522,-2.36028881008901,0.303138477615911,-7.78617359515672,6.90690362578746e-15,1.07181615285738e-13,"S000004188","S000004188",NA
"S000004199",199.336332840893,-1.22992696423369,0.166523765040104,-7.38589452344828,1.51431807252357e-13,1.99076618224114e-12,"S000004199","S000004199","PNP1"
"S000004200",74.4480297068552,-1.4232192636609,0.459339665468957,-3.09840270860973,0.0019456684263584,0.00521588138695634,"S000004200","S000004200","CLB4"
"S000004202",202.042294636566,-2.47282136410482,0.269444321760516,-9.17748553002605,4.41274738677473e-20,1.0460296069201e-18,"S000004202","S000004202","TUB4"
"S000004214",508.07734976877,-1.07050963813362,0.166989703954298,-6.41063258862115,1.44917057932423e-10,1.29457805016486e-09,"S000004214","S000004214","UCC1"
"S000004215",694.848677387083,1.22524889668612,0.259779391097044,4.7164976848699,2.3993909627961e-06,1.191974668894e-05,"S000004215","S000004215",NA
"S000004227",2194.19408226484,3.93984297352644,0.166685767827653,23.63634895092,1.6308665196836e-123,3.27314910500498e-120,"S000004227","S000004227","THI7"
"S000004231",1257.05934759078,1.31371766951677,0.126089039911461,10.4189679803991,2.0314549484354e-25,7.23750902043168e-24,"S000004231","S000004231","CSC1"
"S000004241",410.724747240831,1.36845900628394,0.189021915804522,7.23968435331668,4.49730184544024e-13,5.548822625286e-12,"S000004241","S000004241","SYM1"
"S000004242",113.637041265598,1.45211550420382,0.324750951195852,4.47147421387559,7.76822278022203e-06,3.49308957130074e-05,"S000004242","S000004242",NA
"S000007377",23.8558816935425,2.529964218624,0.418275631248565,6.04855752909148,1.46148435374402e-09,1.14280484336269e-08,"S000007377","S000007377",NA
"S000004250",462.04271233976,1.90376572579415,0.278470815644871,6.83649998074481,8.11513692599804e-12,8.61750254522649e-11,"S000004250","S000004250","LCB5"
"S000004257",2939.04908694554,-1.34743068529926,0.212290815844841,-6.3470983421349,2.19413883408173e-10,1.92859998832205e-09,"S000004257","S000004257","BOP2"
"S000004261",685.39106825575,-1.51265579478948,0.241759277112078,-6.25686762824089,3.9278652503638e-10,3.28467731561673e-09,"S000004261","S000004261","CMG1"
"S000004272",21.6909659625689,1.31795429001139,0.562580090271129,2.34269628947626,0.0191449603999195,0.038611677319076,"S000004272","S000004272",NA
"S000004276",7232.99931918923,-4.58500125669618,0.247985196931545,-18.4890118984072,2.53150603779485e-76,1.17247675796637e-73,"S000004276","S000004276","CTS1"
"S000004285",205.113230443179,1.09218407823713,0.355038782993637,3.0762387957394,0.00209629884054585,0.00557782925563078,"S000004285","S000004285",NA
"S000004286",493.241819710583,1.66460883654517,0.351363593435773,4.73756777208465,2.16298531927751e-06,1.0879978786441e-05,"S000004286","S000004286","ATP14"
"S000004288",477.480697714834,1.50341792686476,0.152461282882048,9.8609817420196,6.14456247290614e-23,1.85911611303356e-21,"S000004288","S000004288",NA
"S000004290",1046.90240687211,1.27677025836672,0.189153498835478,6.74991615924183,1.47930612431334e-11,1.51220749991352e-10,"S000004290","S000004290","ECM38"
"S000004294",2086.10203438072,1.56021117282411,0.494653776844359,3.15414790275628,0.00160967484749696,0.00441743493927949,"S000004294","S000004294","MET17"
"S000004295",14561.9281932692,2.01645360200346,0.278509773845658,7.24015381636454,4.48176156389555e-13,5.5410033626725e-12,"S000004295","S000004295","ACO1"
"S000028525",986.804972414573,3.25147136594466,0.242846477915466,13.3889994775897,7.01189455985152e-41,5.6291489526488e-39,"S000028525","S000028525",NA
"S000004301",1650.73807736989,1.70708280683983,0.121210637179582,14.0836055857925,4.79020717299551e-45,4.97273058424241e-43,"S000004301","S000004301","CDC25"
"S000004317",343.864338973282,-1.35919195362235,0.281136493835426,-4.83463365100513,1.33391060791344e-06,6.98389197412765e-06,"S000004317","S000004317","RPL38"
"S000004319",4491.47145992361,-2.15128345051369,0.519625836600551,-4.14006251996171,3.4721117907968e-05,0.000137990660675825,"S000004319","S000004319","TMA10"
"S000004320",474.310326635305,1.5456057332339,0.544016230877034,2.84110224200876,0.0044957896213859,0.0108798831633298,"S000004320","S000004320","NMA1"
"S000004323",101.19154295541,1.38728797019357,0.230556217019893,6.01713537863032,1.77530606941026e-09,1.38280955290028e-08,"S000004323","S000004323","JIP3"
"S000004333",21.929267819658,-2.88009735442983,0.509777679635819,-5.6497125501598,1.60716354171625e-08,1.11740550631334e-07,"S000004333","S000004333","SPO77"
"S000004337",3852.42718092636,-1.04194212167476,0.26246333154841,-3.96985786748874,7.19155182533228e-05,0.000267658063940406,"S000004337","S000004337",NA
"S000004347",8241.70635380031,1.56145366132193,0.280842289703537,5.55989506769167,2.69936895945416e-08,1.80788659676012e-07,"S000004347","S000004347","ILV5"
"S000028845",175.598926163423,-1.32648415838535,0.280466328294314,-4.72956652747767,2.24999717929233e-06,1.1251854664883e-05,"S000028845","S000028845",NA
"S000007620",10.3899182812336,-1.91889610346902,0.572301109993506,-3.35294842166354,0.000799556050998242,0.00236102353264366,"S000007620","S000007620",NA
"S000004359",548.204889729651,-2.68115734548671,0.169440094242621,-15.8236299234322,2.13802560691627e-56,3.38764531032706e-54,"S000004359","S000004359","RPS22B"
"S000004364",686.023066341186,-2.65910088264397,0.178955973855457,-14.8589668472969,6.08564587099775e-50,7.47789261005662e-48,"S000004364","S000004364","ELO3"
"S000004365",559.491326575027,1.09234632423356,0.138918206322862,7.86323371966679,3.74341617095493e-15,5.99444382056374e-14,"S000004365","S000004365","VID22"
"S000004367",1942.05682240162,1.64152635091341,0.227168487712889,7.22603019212807,4.97317226950433e-13,6.08607118591171e-12,"S000004367","S000004367","STP3"
"S000004373",755.783679435176,-3.67216783734424,0.456598528851744,-8.04244342744387,8.80645476832845e-16,1.48942876854229e-14,"S000004373","S000004373","CTF3"
"S000004379",807.839078862582,1.07869386767281,0.176312669469448,6.1180734822901,9.471339327354e-10,7.57329801992011e-09,"S000004379","S000004379","REH1"
"S000004381",1173.16126871664,1.10695182799276,0.268963617544792,4.1156191982301,3.86141376193775e-05,0.000152256530848901,"S000004381","S000004381","STE23"
"S000004385",103.866295256146,1.22101623885541,0.245987226083709,4.96373839526082,6.91490706296641e-07,3.76784212001093e-06,"S000004385","S000004385","ATP10"
"S000004398",639.989627749166,-1.15338288741223,0.37130596179369,-3.10628701419313,0.00189452732051363,0.00509693878320489,"S000004398","S000004398","RPL31B"
"S000007379",65.3446706947045,-5.29700433572385,1.90585892030497,-2.77932656992063,0.00544717320410677,0.0128265271262913,"S000007379","S000007379",NA
"S000007380",1428.87897210832,1.43058996570669,0.261308839706785,5.47470941783659,4.38230116835633e-08,2.83718659512618e-07,"S000007380","S000007380",NA
"S000004405",285.453377724586,-1.07039358447773,0.186781264278783,-5.73073315790444,9.99974708716889e-09,7.08335026021693e-08,"S000004405","S000004405","INA1"
"S000004411",361.566635063571,1.06894272250931,0.311681354237763,3.4296011229914,0.000604469142156792,0.00183813570955861,"S000004411","S000004411",NA
"S000004412",654.508263764693,-1.45874773080051,0.259089897062644,-5.63027639185718,1.79921063651792e-08,1.24232193147642e-07,"S000004412","S000004412","URA4"
"S000004427",109.985865480522,-1.45258526039934,0.450917191687668,-3.22140137297201,0.00127565359672109,0.00359920820330726,"S000004427","S000004427","TSR2"
"S000004428",887.878739416382,1.11816162919891,0.277585840890151,4.0281652176971,5.62138356859436e-05,0.00021367645496532,"S000004428","S000004428","ECM30"
"S000004429",44.777768566911,-1.21066402889386,0.429119116102612,-2.82127731779809,0.00478328332803093,0.0114559064908808,"S000004429","S000004429","DIF1"
"S000004440",972.215567152015,-1.06763110512551,0.38258260388203,-2.79058978189901,0.00526121062725459,0.0124421638596622,"S000004440","S000004440","RPL6B"
"S000004443",556.53144476602,1.01758208176143,0.14020972789767,7.25757119009674,3.94102581154655e-13,4.90704759709481e-12,"S000004443","S000004443","LEU3"
"S000004445",129.492005447749,1.50165478581609,0.23477519507632,6.39613901855321,1.59354930940897e-10,1.41934325324725e-09,"S000004445","S000004445","RIF2"
"S000004452",49.4343144454987,-1.62665585893196,0.357046530273149,-4.55586519126102,5.21703892333385e-06,2.43587881167042e-05,"S000004452","S000004452",NA
"S000004454",14.3926970251454,2.72946823657351,0.80075504580185,3.4086182171232,0.000652927879575037,0.00196563938146065,"S000004454","S000004454",NA
"S000004455",24.4774844866948,1.70563568503488,0.679306985746051,2.51084667289511,0.0120441997127903,0.0256338375647615,"S000004455","S000004455",NA
"S000004465",536.239273404771,1.22393711610273,0.146569903487838,8.35053504831084,6.79544242001602e-17,1.27462176981048e-15,"S000004465","S000004465","GIS4"
"S000004467",730.209457603085,-2.58198803402358,0.470261749184416,-5.49053381122657,4.0072076724042e-08,2.60555047468096e-07,"S000004467","S000004467","ERG6"
"S000004469",74.1359867239586,-1.53315943297403,0.278555804077775,-5.50395795215943,3.71358154382967e-08,2.4303776603694e-07,"S000004469","S000004469",NA
"S000004471",252.714925096224,-1.1413031122343,0.174663149868868,-6.53430968748221,6.39035951284212e-11,6.04024405444622e-10,"S000004471","S000004471",NA
"S000004470",2215.55806698974,-1.15415098622345,0.209427867086845,-5.51097140164662,3.56858707661543e-08,2.34312571300998e-07,"S000004470","S000004470","SPT5"
"S000004478",956.051919727458,1.8267252690714,0.198274648100336,9.21310559152774,3.16823103158992e-20,7.63036761648117e-19,"S000004478","S000004478","PPZ1"
"S000004483",197.104562553332,-1.06610641248785,0.378222134157911,-2.81873088908843,0.00482139216148878,0.0115288332820985,"S000004483","S000004483","UNG1"
"S000004484",338.72339115099,-1.17840233629363,0.367596220286938,-3.20569764121566,0.00134735482786888,0.00377673343510173,"S000004484","S000004484","APT1"
"S000004497",1258.39209575813,-1.09854631523919,0.312735501668221,-3.51270101852596,0.000443576317228796,0.001391715915686,"S000004497","S000004497","SRC1"
"S000004506",4913.46046557479,1.27458795949233,0.269374603709008,4.73165599853357,2.22695577960818e-06,1.1155158693029e-05,"S000004506","S000004506","CAT2"
"S000004516",186.250942873102,-1.49512144931641,0.224863965666456,-6.64900418742122,2.95082604602724e-11,2.88424084791072e-10,"S000004516","S000004516","SUR7"
"S000004520",429.362568426361,-2.62274123297297,0.316238384279391,-8.29355752923347,1.09910743183683e-16,2.00537146881501e-15,"S000004520","S000004520","IMD4"
"S000004522",91.1802581171126,2.3233352815339,0.285278043033085,8.14410831212989,3.8208708829515e-16,6.59182337714928e-15,"S000004522","S000004522",NA
"S000004521",1221.91399252402,1.44868537250476,0.174068969041339,8.32247919019225,8.61422497165089e-17,1.60081014056512e-15,"S000004521","S000004521","CMP2"
"S000004523",1203.10997184155,-1.75342965653554,0.243615505218802,-7.19752897074717,6.13135248862981e-13,7.41302677390363e-12,"S000004523","S000004523","SML1"
"S000004525",99.6495559800586,-2.55172359717048,0.385638297830473,-6.61688325958804,3.66850966616952e-11,3.56259624193656e-10,"S000004525","S000004525","OGG1"
"S000004529",86.6999412253922,-1.1573958808256,0.301649450973226,-3.83689039410295,0.000124602049738422,0.000442351970209338,"S000004529","S000004529","TEM1"
"S000004531",269.435428655813,-1.89408424971178,0.260883894807563,-7.26025748392374,3.86354159898396e-13,4.82622074014158e-12,"S000004531","S000004531","SMA2"
"S000004535",3011.45979657,1.86379146332182,0.156137451232494,11.936863632714,7.60365915793803e-33,4.27865717663036e-31,"S000004535","S000004535","DAK1"
"S000004536",453.426881433689,1.01282880624525,0.145496119369504,6.9612083857237,3.37366302554488e-12,3.73397519794223e-11,"S000004536","S000004536","COG8"
"S000004546",1278.28036826238,-1.05809705758299,0.247434457623047,-4.27627205906361,1.90048952837065e-05,7.89706518310536e-05,"S000004546","S000004546","TDA9"
"S000004550",711.531314235966,-1.75735811304169,0.347036893161961,-5.06389420741367,4.10777663082577e-07,2.32016164110712e-06,"S000004550","S000004550","TUB1"
"S000004552",279.594856650908,2.17359215193643,0.281769720564262,7.7140728520569,1.21864852545535e-14,1.79840264013888e-13,"S000004552","S000004552","AIM33"
"S000004556",2609.34721735194,1.10369584404057,0.314080691451532,3.51405187927922,0.000441326610787252,0.00138541580998438,"S000004556","S000004556","RPM2"
"S000004568",71.9804763349277,-1.06230619724723,0.321725203920611,-3.30190542830262,0.000960304420700271,0.00280135315747884,"S000004568","S000004568","CUE4"
"S000004575",226.232556391902,1.2557879322432,0.376281366961819,3.33736411766205,0.000845770664708709,0.00248894680948736,"S000004575","S000004575","PML39"
"S000004587",687.214159709087,-1.65548813855442,0.362144610254365,-4.57134551137355,4.84602491930126e-06,2.28130696161946e-05,"S000004587","S000004587","NGL3"
"S000004589",2565.87924881287,1.54269574264311,0.113930924065214,13.5406234549636,9.00216238261147e-42,7.63408728249348e-40,"S000004589","S000004589","NDI1"
"S000004592",3950.060016476,-2.20915920520292,0.602418482920959,-3.66715044082201,0.000245268506785313,0.000814091333712443,"S000004592","S000004592","PHO84"
"S000004596",505.734998593499,-1.47737537497768,0.177401895737822,-8.32784434931323,8.23276575501953e-17,1.53465890436448e-15,"S000004596","S000004596","RSC9"
"S000004601",668.029115351483,1.19881501213306,0.247539398349503,4.84292609631556,1.27940884827974e-06,6.70436960443196e-06,"S000004601","S000004601","COS3"
"S000004602",615.418086875996,1.20604101540684,0.302792891945607,3.98305590219563,6.80347440066451e-05,0.000254908023437468,"S000004602","S000004602",NA
"S000004605",34.6392525160126,-2.17516231906454,0.497200634681599,-4.374818066066,1.21533797650784e-05,5.29107010596798e-05,"S000004605","S000004605","AIM34"
"S000004609",15.2665419019584,1.83915843924513,0.451607713840054,4.07246905418561,4.6517382153376e-05,0.000180000744180898,"S000004609","S000004609",NA
"S000004613",421.587700392363,-1.708826236776,0.241288228986607,-7.08209531792309,1.41990932089295e-12,1.64409115790316e-11,"S000004613","S000004613","HXT2"
"S000004619",248.305338161426,-3.63201952575119,0.405263573246956,-8.96211691727336,3.18503885641265e-19,7.15564140091812e-18,"S000004619","S000004619","SPO20"
"S000004627",150.634895894287,1.17315098184861,0.215651493148435,5.44003180650883,5.32710597004451e-08,3.39772299212267e-07,"S000004627","S000004627","CSI1"
"S000004646",1039.66134636468,1.29682995301031,0.182816328050992,7.09362214434471,1.30646539280305e-12,1.52151414508068e-11,"S000004646","S000004646","MCM1"
"S000004647",814.977353159367,-1.06681597586654,0.209699550577712,-5.08735461248019,3.6309253717265e-07,2.06633286041259e-06,"S000004647","S000004647","IOC4"
"S000004651",171.540611379147,-1.03956611622318,0.230479225147301,-4.51045475165403,6.46887992196139e-06,2.96868338491841e-05,"S000004651","S000004651","CSM3"
"S000004653",216.611783627364,1.11476228302808,0.349092847084554,3.19331172877933,0.00140651021052169,0.00392432605737953,"S000004653","S000004653",NA
"S000004658",720.758272634167,1.00519432022362,0.173783893358477,5.7841627368201,7.28743693732472e-09,5.2864647951364e-08,"S000004658","S000004658","STV1"
"S000004666",2375.19612512161,1.48970063884346,0.2131323003229,6.9895583005792,2.75753009362845e-12,3.08035040700128e-11,"S000004666","S000004666","ARG7"
"S000004667",75.8430354392878,1.03920491482826,0.249715535616187,4.1615549159325,3.16087962856956e-05,0.000126877708290782,"S000004667","S000004667","RIM9"
"S000004672",331.934282438697,1.2530675856931,0.136676549626355,9.16812422554362,4.81321145820758e-20,1.13648416430854e-18,"S000004672","S000004672","AVO2"
"S000004673",39.7929156327663,1.80913999343412,0.301541630155051,5.99963591263955,1.97760443029658e-09,1.52851813540638e-08,"S000004673","S000004673","NAT4"
"S000004683",318.768447290381,-1.06358906976971,0.190830419460003,-5.57347760791686,2.4970376171022e-08,1.68361293309881e-07,"S000004683","S000004683","CTF18"
"S000004686",1973.800996809,1.25555417355573,0.387721268955553,3.23829068479518,0.00120248221941973,0.00341677463101755,"S000004686","S000004686","ISF1"
"S000004689",256.61436687753,-1.21320853976025,0.40945793491843,-2.96296258125256,0.00304693606238467,0.00774076035089372,"S000004689","S000004689",NA
"S000004690",639.95376639037,-1.19306943459794,0.349039735736778,-3.41814788531032,0.00063048839297872,0.00190762342418335,"S000004690","S000004690",NA
"S000004699",188.627410758437,-1.74707096879033,0.608350999033492,-2.87181408687741,0.00408122989864743,0.0099890590324212,"S000004699","S000004699","UTP15"
"S000004700",109.64254829314,1.43255703247199,0.202662175947108,7.06869461840705,1.56397895624107e-12,1.79708345334494e-11,"S000004700","S000004700","CTF13"
"S000004701",539.773166252289,2.1212038576071,0.180347468997928,11.761761168001,6.14391786737818e-32,3.33266031346703e-30,"S000004701","S000004701","SNO1"
"S000004708",542.509039860764,2.47877070733052,0.184477577779761,13.4367045424339,3.68484612165174e-41,3.03924089020071e-39,"S000004708","S000004708",NA
"S000004709",391.239586333754,2.75643989448407,0.355181973437774,7.76064130677788,8.4500994886122e-15,1.2880518739477e-13,"S000004709","S000004709",NA
"S000004710",3712.92422707492,3.29447777961737,0.387409837932351,8.50385678691166,1.83393756941618e-17,3.65633712101152e-16,"S000004710","S000004710","YPK2"
"S000004711",4657.85784246902,2.06224055583252,0.165267272539363,12.4782149795649,9.81626555325591e-36,6.49491592265427e-34,"S000004711","S000004711","PGM2"
"S000004713",21634.3860818906,-3.41013903715019,0.608249203415341,-5.60648335912673,2.06478817369482e-08,1.41273745384279e-07,"S000004713","S000004713","SPG4"
"S000004714",5623.39929980852,2.33375872178523,0.399493041514212,5.84180068053127,5.16395700591184e-09,3.81967876321808e-08,"S000004714","S000004714","ILV2"
"S000004720",1983.21872436072,-1.40178706363521,0.323554518306905,-4.33246017076342,1.47452344317776e-05,6.26100539589092e-05,"S000004720","S000004720",NA
"S000004722",4651.87692428869,-1.9773594786443,0.475512081054066,-4.15837905581935,3.20513854269525e-05,0.000128397466171444,"S000004722","S000004722","ASC1"
"S000004723",35.927924973209,-1.5466113092478,0.36200911652191,-4.27229933905324,1.9346762513413e-05,8.02803977210612e-05,"S000004723","S000004723","SPC24"
"S000004727",1945.48108851954,1.83013193119993,0.221009944755146,8.28076733482518,1.22384095139328e-16,2.21950191817437e-15,"S000004727","S000004727","ADE17"
"S000007524",591.139703090354,-1.19724964779814,0.293593795426181,-4.0779119533511,4.54419675936656e-05,0.000176406245571541,"S000007524","S000007524",NA
"S000004730",75.6581995209111,-1.49146664756191,0.371424772621955,-4.01552819709191,5.9312806555875e-05,0.000224605288221964,"S000004730","S000004730","PKR1"
"S000004731",1073.54941000697,1.26706405047816,0.134538017655545,9.41788850882428,4.60250037745378e-21,1.18934140655147e-19,"S000004731","S000004731","EPO1"
"S000004734",282.094600260946,-1.05274206191872,0.203695097005639,-5.16822484877768,2.3632788945623e-07,1.37083836456258e-06,"S000004734","S000004734","SAS2"
"S000004748",1444.82039578671,-1.02899346316477,0.387483903562384,-2.65557731225629,0.0079172782923526,0.017774024085852,"S000004748","S000004748","SIP5"
"S000004749",81.2050556539423,-1.09332335530263,0.402282930044783,-2.71779703697823,0.0065718137327267,0.0151257226623652,"S000004749","S000004749",NA
"S000004752",101.732974674643,-3.04441961614868,0.392593025188495,-7.75464519444015,8.85908126998361e-15,1.33685534653061e-13,"S000004752","S000004752","FDO1"
"S000004753",4339.59596778657,2.37294063273697,0.236348665386812,10.0400001364652,1.01674016563601e-23,3.32706116157305e-22,"S000004753","S000004753","NDE1"
"S000004763",247.613338904498,1.37792018719864,0.177250524559291,7.7738567523264,7.61318302075072e-15,1.169361606325e-13,"S000004763","S000004763","RIM13"
"S000004765",218.448974834063,-1.57703738488861,0.299126075200138,-5.27214949025573,1.34835178719683e-07,8.11026480959412e-07,"S000004765","S000004765","TPP1"
"S000004768",63.7619456148687,-1.20018883475662,0.355250498989181,-3.37842969445954,0.000729010707354259,0.00217188197376546,"S000004768","S000004768",NA
"S000004769",128.578801179891,-1.39382886776929,0.213457116991784,-6.52978400257761,6.58646077364073e-11,6.21584331004559e-10,"S000004769","S000004769","ATG16"
"S000004777",306.178104699262,1.13449327846827,0.212779603724231,5.33177644196859,9.72566251316351e-08,5.95103800729243e-07,"S000004777","S000004777","MLH1"
"S000004779",9171.31753670995,-1.72378113699412,0.399170161489217,-4.31841180353527,1.57155998937136e-05,6.62630440896708e-05,"S000004779","S000004779","ALD3"
"S000004784",3750.66331735658,1.72617906199189,0.258590236738422,6.67534507011576,2.46651111513234e-11,2.43058321181863e-10,"S000004784","S000004784","DDR48"
"S000004785",3367.42238276812,1.12779161486661,0.259428584859443,4.34721414942629,1.37877586261488e-05,5.90861883900653e-05,"S000004785","S000004785",NA
"S000004786",482.760603323389,-2.40401454729234,0.379775446240306,-6.33009472068708,2.45010745096076e-10,2.12566238648915e-09,"S000004786","S000004786","PAI3"
"S000004787",5516.22963912526,-3.11610850872049,0.378139988506165,-8.24062147203903,1.71318432244106e-16,3.05179964657327e-15,"S000004787","S000004787","SIP18"
"S000004789",103.332893761583,-1.37811444721332,0.30339175185479,-4.54235963498742,5.56280351758644e-06,2.58040369640893e-05,"S000004789","S000004789","MMT1"
"S000004793",965.650110072796,1.25070124171396,0.245841425363299,5.08743080978196,3.62946733214816e-07,2.06633286041259e-06,"S000004793","S000004793",NA
"S000004800",360.161141374543,-1.08243850529231,0.283457997134846,-3.81869100972082,0.000134161682027997,0.000473220555061844,"S000004800","S000004800","MRPS17"
"S000004803",21717.550703295,-4.48898810173817,0.4261817197058,-10.5330376554794,6.08389008443553e-26,2.24730688333658e-24,"S000004803","S000004803","SPG5"
"S000004804",427.632661127386,1.09610191095152,0.1834404024332,5.97524807192169,2.29740315676283e-09,1.76662380675211e-08,"S000004804","S000004804","GYL1"
"S000028514",35.9014366504046,-1.63316786878283,0.539767849912223,-3.02568570738034,0.00248070014350702,0.0064771446505012,"S000028514","S000028514","CMC4"
"S000004808",1271.16200357994,3.82947624994596,0.454046110758114,8.43411309823123,3.33723867327354e-17,6.46093699414147e-16,"S000004808","S000004808","ICY1"
"S000004809",3458.97142202267,1.94333790247312,0.29616050144765,6.56177273125204,5.31718144227881e-11,5.09789004203196e-10,"S000004809","S000004809",NA
"S000004812",615.032396971185,-3.44066835380928,0.235015130918406,-14.6401992942481,1.55611436841513e-48,1.73506752078287e-46,"S000004812","S000004812","CLN1"
"S000004815",544.408218704853,-1.17209712808841,0.305416746988551,-3.83769763657508,0.000124193270315145,0.000441160873491142,"S000004815","S000004815","ERG2"
"S000004818",4131.76182651778,2.04914762458239,0.155116007091205,13.2104201430193,7.63968187931466e-40,5.97383436303294e-38,"S000004818","S000004818","PFK2"
"S000004827",300.669744888032,-1.22398376743076,0.337306096996757,-3.62870335973361,0.000284848319846514,0.000934134931261363,"S000004827","S000004827","SCJ1"
"S000004828",284.255852408045,-2.19498130783689,0.207491215838285,-10.5786710004515,3.74228597983402e-26,1.45369702481165e-24,"S000004828","S000004828","GAS3"
"S000004830",1232.28422181187,-1.75080260581468,0.48778216341227,-3.58931247827305,0.000331551228687976,0.00106809521023558,"S000004830","S000004830","GUA1"
"S000004844",323.602595880237,1.11952019905619,0.295788810761726,3.78486324811665,0.000153793123025748,0.000537008025121038,"S000004844","S000004844","PEP5"
"S000004846",137.302404275995,-1.02745267668186,0.204357389265013,-5.02772461704064,4.96333950693745e-07,2.77219547043324e-06,"S000004846","S000004846","TRI1"
"S000004854",621.916741439929,-1.32304017782247,0.472845969455709,-2.79803628091705,0.00514143371011553,0.0121924270849175,"S000004854","S000004854","YHM2"
"S000004858",112.045496529797,-3.03104440625576,0.432493371967838,-7.008302560718,2.4122672057803e-12,2.72500203489741e-11,"S000004858","S000004858",NA
"S000004860",1883.59351313379,-1.0621923830839,0.428149157004762,-2.48089331884888,0.0131053589285509,0.0276286295899177,"S000004860","S000004860","FAA4"
"S000004863",339.423993889316,2.40292429315945,0.211454405029075,11.363793971703,6.33331051231546e-30,2.93329712266549e-28,"S000004863","S000004863","GTO3"
"S000004864",54.1578128398347,-1.42805930828956,0.435703356715731,-3.27759537831901,0.00104695353224582,0.00302917213726675,"S000004864","S000004864","HOR7"
"S000004868",817.917039481673,-1.68953853914907,0.292383923448073,-5.77849328794964,7.53725503079389e-09,5.43494760962994e-08,"S000004868","S000004868","GFD1"
"S000004869",50.5344407657193,-1.36734426126502,0.396639593365493,-3.44732165960308,0.000566174063749475,0.00172954542761826,"S000004869","S000004869","COX7"
"S000004876",232.035756579046,1.50641695761474,0.215467255261384,6.99139623692379,2.72163883877468e-12,3.05303115385664e-11,"S000004876","S000004876","SAP30"
"S000004882",238.232779244041,-2.18706696135781,0.17733230677434,-12.3331557635514,6.00480814802798e-35,3.84627126162516e-33,"S000004882","S000004882","TMA23"
"S000004903",273.52932802456,-2.05315704306002,0.534353766044979,-3.84231790533913,0.000121877831576878,0.000433447385661182,"S000004903","S000004903","HAS1"
"S000004914",327.050087495295,-2.05516435078461,0.286439246723724,-7.17486997431903,7.23759397378904e-13,8.68078751318403e-12,"S000004914","S000004914","DYN3"
"S000004918",21415.1481364445,-4.58097444433986,1.04742738108567,-4.37354849325365,1.22243074770242e-05,5.31426392196122e-05,"S000004918","S000004918","ADH2"
"S000004919",91.7653793933331,-3.70851039246,0.387766667293541,-9.56376786675333,1.13545870155406e-21,3.06573849419597e-20,"S000004919","S000004919",NA
"S000004920",1933.82194897812,1.31241381798036,0.213019856817885,6.16099286510351,7.22902489766112e-10,5.87394857069063e-09,"S000004920","S000004920","UBP15"
"S000004921",1744.98868804091,-4.32087836827078,0.176391775764322,-24.4959173949465,1.63279015801353e-132,4.91551477069973e-129,"S000004921","S000004921","SCW10"
"S000004924",3973.23768647502,-2.90173624572384,0.227391794743917,-12.7609540572548,2.70863125182638e-37,1.9648998514755e-35,"S000004924","S000004924","GAS1"
"S000004934",22.9133547376477,1.64366707679114,0.502754704685148,3.26932211966169,0.0010780549687694,0.003108701612529,"S000004934","S000004934",NA
"S000004936",687.24138180746,1.2423861481169,0.264301690589554,4.70063640283808,2.59351947187544e-06,1.28206738424976e-05,"S000004936","S000004936",NA
"S000004937",674.379682072946,-1.63079929607412,0.16458414569737,-9.90860504311732,3.8194144407581e-23,1.21624836131231e-21,"S000004937","S000004937","ADH6"
"S000004939",16.8100577336478,1.43500554381912,0.495233224977224,2.89763584397052,0.00375986870938822,0.0092893596632033,"S000004939","S000004939",NA
"S000004940",11.6983819439316,1.2480176013327,0.559619739910953,2.23011718909574,0.0257396639626179,0.0498163023847387,"S000004940","S000004940",NA
"S000004947",556.083295883386,-1.06297834971614,0.230469456196289,-4.61223091015933,3.983700885291e-06,1.90062306104098e-05,"S000004947","S000004947","RLP7"
"S000004948",231.04512249793,1.1182032137744,0.183863360593157,6.08170768861718,1.18909208361143e-09,9.37110397306865e-09,"S000004948","S000004948","PET8"
"S000004957",535.162438040487,-1.42672950249469,0.367943463141096,-3.87757806679006,0.00010550147980907,0.000380829981972668,"S000004957","S000004957","SPO1"
"S000004964",119.186273174867,-1.2565602571317,0.417015055774924,-3.01322515753461,0.00258487059613216,0.00671709359486911,"S000004964","S000004964",NA
"S000004972",658.900355350466,1.10152740012437,0.208005660320068,5.29566069706661,1.18586854020756e-07,7.16159927842497e-07,"S000004972","S000004972","CRZ1"
"S000004975",1199.66963949638,-2.32232500178332,0.220419466305276,-10.535934238072,5.89945564552204e-26,2.19263101491902e-24,"S000004975","S000004975","HHF2"
"S000004978",34.2782093529921,1.53707062614791,0.335911383942962,4.5758217780702,4.74354247295832e-06,2.23655984570729e-05,"S000004978","S000004978",NA
"S000004981",2895.89715166492,1.9053593986769,0.257866134523495,7.38894776624226,1.47995287620995e-13,1.94984601042891e-12,"S000004981","S000004981","NCE103"
"S000004982",1963.19358006322,1.72031733151578,0.194654352980602,8.83780560349052,9.76169362449784e-19,2.13727844774914e-17,"S000004982","S000004982","IDH1"
"S000004985",548.776185000595,1.29916475857404,0.2057980607781,6.31281341360576,2.74007788640362e-10,2.36023017940432e-09,"S000004985","S000004985",NA
"S000004988",91.401811611295,-1.02127443025187,0.276209524378349,-3.69746275965827,0.000217765153513496,0.000729234699279623,"S000004988","S000004988",NA
"S000004989",342.121443654763,-1.19614059023639,0.272968286737341,-4.38197639928537,1.17607551412817e-05,5.13498960882211e-05,"S000004989","S000004989","YIP3"
"S000004990",1509.45146094433,-1.95367792641813,0.244400825285236,-7.99374520989457,1.30900144079865e-15,2.18324035319907e-14,"S000004990","S000004990","LAP2"
"S000004991",169.546958383599,-1.36075013174849,0.178334839366329,-7.63031013224112,2.34189640746418e-14,3.34136451880138e-13,"S000004991","S000004991",NA
"S000005002",46.3718298260686,2.43323261442233,0.383526438771989,6.34436734586874,2.23341333952904e-10,1.95456129611982e-09,"S000005002","S000005002",NA
"S000005003",192.550514543725,2.06097648139556,0.289210911294532,7.12620582733361,1.03173399545071e-12,1.21329499738452e-11,"S000005003","S000005003",NA
"S000005006",217.311661966671,-2.07529042502046,0.242221351546051,-8.56774356089708,1.05532483497832e-17,2.15393587505235e-16,"S000005006","S000005006","GCD10"
"S000005010",890.174710301869,-3.7130050275906,0.29111477415182,-12.7544369343969,2.94494944031677e-37,2.11089768811277e-35,"S000005010","S000005010","SUN4"
"S000005011",2129.69575317998,-1.53318660839767,0.271572639956641,-5.64558568434011,1.64619856505281e-08,1.14190801384596e-07,"S000005011","S000005011","RPL9B"
"S000005012",723.745896312419,2.27529840468371,0.154973424357384,14.6818618361084,8.42451023972938e-49,9.57056153837936e-47,"S000005012","S000005012","FKH2"
"S000005019",221.943285646161,-1.52754831201752,0.436117597298,-3.50260645633554,0.000460729631897397,0.00143807833781972,"S000005019","S000005019","IMP4"
"S000005021",2525.82879924093,-2.08222237938849,0.373370216929137,-5.57683040847278,2.44940449521089e-08,1.65520364373342e-07,"S000005021","S000005021","APJ1"
"S000005022",373.086780680279,-2.34680294412335,0.187722774471205,-12.5014290393589,7.33212769749085e-36,4.96030796253848e-34,"S000005022","S000005022","NIS1"
"S000005033",101.399910097861,-1.64195052663082,0.22417825460391,-7.32430774577979,2.40135049577913e-13,3.065688078404e-12,"S000005033","S000005033",NA
"S000005034",131.754507515587,-1.85729047441269,0.239050178824137,-7.76945862809435,7.88222822958618e-15,1.20454051193752e-13,"S000005034","S000005034","RHO2"
"S000005036",186.342508867473,1.15913299061708,0.185446103132828,6.2505114479911,4.09110743855603e-10,3.40355068683242e-09,"S000005036","S000005036",NA
"S000005046",391.187087327858,-1.65665848861121,0.233793220273128,-7.08599884408892,1.38044962647719e-12,1.60171489724102e-11,"S000005046","S000005046","POL1"
"S000005048",12332.591970201,2.22206241021428,0.202453273242784,10.9756803366156,5.00278299892209e-28,2.1362947827312e-26,"S000005048","S000005048","LEU4"
"S000005049",29.0635106880959,1.00224115038407,0.322242760650029,3.11020532583056,0.00186957334380502,0.00503880980440914,"S000005049","S000005049","RRT16"
"S000005053",97.3293368754802,-1.26049269792851,0.224990092709194,-5.60243645731431,2.11359529912374e-08,1.44121826682039e-07,"S000005053","S000005053",NA
"S000005054",275.134979785158,-1.07717214433043,0.469306140429717,-2.29524408810021,0.0217191398566233,0.0429188538252936,"S000005054","S000005054","NOP15"
"S000005055",29.6007487196995,-1.12215341163591,0.469581068425544,-2.38969048602911,0.0168625769143068,0.0345456194627565,"S000005055","S000005055","CYB5"
"S000005056",582.762170431647,-1.17375758535539,0.304253269165448,-3.85783064410434,0.000114397866637035,0.000410237972020005,"S000005056","S000005056","DBP2"
"S000005061",6278.09327953425,2.5151316718095,0.168411102602097,14.9344766048588,1.96611754541352e-50,2.57347690020322e-48,"S000005061","S000005061","MLS1"
"S000005074",777.91706811296,-1.58016083234391,0.149148440507363,-10.5945514882263,3.15851408776894e-26,1.24296819101025e-24,"S000005074","S000005074","CPT1"
"S000005075",554.335846839737,-1.90454149039731,0.303189864918202,-6.28167927351773,3.34935273311585e-10,2.828394502958e-09,"S000005075","S000005075","TOM22"
"S000005076",310.238878689055,-1.10449745609519,0.459916814759119,-2.40151571034355,0.0163273079599882,0.0336091354622527,"S000005076","S000005076","KRE33"
"S000005079",1277.68785553538,-1.20995746228891,0.156918482165828,-7.71073901294974,1.25091242432384e-14,1.83701066020825e-13,"S000005079","S000005079","FPR1"
"S000005085",194.12920417887,-2.35911214632262,0.349816699799056,-6.74385227371295,1.54241366936352e-11,1.56608308654937e-10,"S000005085","S000005085","AAH1"
"S000005086",283.097160901664,1.05282237138662,0.164893369527125,6.38486783553433,1.71545560888988e-10,1.51893503251853e-09,"S000005086","S000005086","MEP2"
"S000005101",1711.83452408152,-1.52424751255742,0.226471215126246,-6.73042493152047,1.69168309822035e-11,1.706134662376e-10,"S000005101","S000005101","IGO1"
"S000005104",13592.4100406898,1.62514939221483,0.307566168958424,5.28390166486259,1.2646115035158e-07,7.62184771037903e-07,"S000005104","S000005104","YGP1"
"S000005113",428.973518094439,-2.00725549541988,0.207282302075241,-9.68368006011085,3.53748261589742e-22,9.86073279181406e-21,"S000005113","S000005113","PSD1"
"S000005114",39.1703121332813,-1.84350558096775,0.354171852973829,-5.20511600650538,1.93875453634639e-07,1.14443539836683e-06,"S000005114","S000005114",NA
"S000005116",464.764498934392,1.49469423514913,0.115998983560519,12.8854080378155,5.43870918266455e-38,4.09330849860291e-36,"S000005116","S000005116","APC1"
"S000005118",90.5640458444065,-1.51205759037077,0.586228407499291,-2.5792977123385,0.00990014233088779,0.0215895534133558,"S000005118","S000005118",NA
"S000005119",295.343114583196,-1.7645857023946,0.623327649607063,-2.83091196661494,0.00464154943048668,0.0111831809207524,"S000005119","S000005119","NOP13"
"S000005126",175.839383711136,-2.39408107103301,0.616680910500532,-3.88220395713213,0.000103513998460384,0.000374553957169455,"S000005126","S000005126","IPI3"
"S000005132",135.641389041939,-1.50560863108489,0.308433508479393,-4.88146906770177,1.05298441970499e-06,5.59578039809687e-06,"S000005132","S000005132","KAR1"
"S000005138",3889.0985143005,-1.69506574722987,0.368505565868091,-4.59983757161658,4.22820496042389e-06,2.00614831100964e-05,"S000005138","S000005138",NA
"S000005139",7744.73709894402,-1.5919646638393,0.404007034268265,-3.9404379845085,8.13329754408653e-05,0.000300064856084222,"S000005139","S000005139",NA
"S000005146",2992.27289168252,-3.60613137667886,0.630449036944579,-5.71994112982659,1.06560967792917e-08,7.51292256535309e-08,"S000005146","S000005146","SPS19"
"S000005147",1548.10339692402,-3.33655311387992,0.637564561315487,-5.23327881806292,1.66529249089939e-07,9.90783210247552e-07,"S000005147","S000005147",NA
"S000005164",1050.0874075583,1.02923028809271,0.110674184723667,9.29964192338535,1.40919462346676e-20,3.44908976743632e-19,"S000005164","S000005164","ADE12"
"S000005165",658.996374579826,1.23902029946683,0.214379113396634,5.77957563046012,7.48892833534598e-09,5.40657524066165e-08,"S000005165","S000005165","POP1"
"S000005166",59.6803475855548,-1.3022024416938,0.442791146785195,-2.94089538860071,0.00327265037058177,0.00821026161719701,"S000005166","S000005166","SSU72"
"S000005167",632.635158721798,1.1375917279027,0.177132336093293,6.42227022458252,1.34256815509877e-10,1.20760725226048e-09,"S000005167","S000005167","ATG4"
"S000005169",250.412935508335,-1.30645252665107,0.236442278740201,-5.52546073237001,3.28622074349037e-08,2.17671453207431e-07,"S000005169","S000005169","CNM67"
"S000005181",550.880413833229,1.36553855105859,0.147603284864818,9.25141030776661,2.21549854325788e-20,5.40061406030596e-19,"S000005181","S000005181","YTP1"
"S000005188",1513.65862644941,-2.32958325092035,0.191447241374805,-12.1682779766965,4.58656627284611e-34,2.73422926027786e-32,"S000005188","S000005188","SUI1"
"S000005192",279.076435330211,-2.16239908050635,0.683131387055032,-3.16542194002887,0.00154858207147972,0.00427119223654577,"S000005192","S000005192","RPA49"
"S000005194",484.224371530158,1.20462218543591,0.170000820961236,7.08597863601253,1.38065110723815e-12,1.60171489724102e-11,"S000005194","S000005194","RAD50"
"S000005198",477.559203286298,2.33658807447705,0.318175766654895,7.34370219027836,2.07765143767174e-13,2.67870220689969e-12,"S000005198","S000005198","RTC4"
"S000005219",191.175266875835,-1.45258328501497,0.217520388594475,-6.67791784669449,2.42360825172799e-11,2.40008968481155e-10,"S000005219","S000005219","BOR1"
"S000005220",71.3011182790694,1.08937879556147,0.324646869998869,3.35558077478235,0.000791985244831474,0.00233981509280192,"S000005220","S000005220",NA
"S000005233",363.949379088528,-5.52595001354114,0.337757810870991,-16.3606875568358,3.64983717034019e-60,6.27876274360523e-58,"S000005233","S000005233","PCL1"
"S000005234",385.427701799251,-1.17617586332786,0.178625589795395,-6.58458771038962,4.56149383747119e-11,4.38734095773387e-10,"S000005234","S000005234","RFC3"
"S000005237",753.794676153576,1.30497854036842,0.178090358689293,7.32762037188751,2.34275220647136e-13,3.00121511386469e-12,"S000005237","S000005237","MSB3"
"S000005240",12.5830902125859,2.36990709925803,0.694768081798356,3.41107653236415,0.000647069264169967,0.00195190583144658,"S000005240","S000005240",NA
"S000005241",704.040508501953,1.16473556963359,0.157456973337309,7.39716727018785,1.39120264591513e-13,1.84502888349229e-12,"S000005241","S000005241","MON2"
"S000005244",122.369731274182,-4.71151772092174,0.33514043492715,-14.0583386243617,6.84749131821746e-45,6.98792291982836e-43,"S000005244","S000005244","TOS6"
"S000005245",502.366855251847,-1.99107766871993,0.250573525540398,-7.94608155201506,1.92503719417342e-15,3.16684397434922e-14,"S000005245","S000005245","RPL18B"
"S000005253",178.810561897149,-1.21702939386104,0.287502842583518,-4.23310386403395,2.30487992038693e-05,9.40222357767594e-05,"S000005253","S000005253","STB1"
"S000005256",651.404522706014,-1.51531555913108,0.181703459739831,-8.33949755992957,7.46068554566169e-17,1.39505551771519e-15,"S000005256","S000005256","RFA2"
"S000005262",44.3120055680937,-1.73866453044695,0.669041552725073,-2.5987392313156,0.00935668219989887,0.0205383097067412,"S000005262","S000005262","HXT14"
"S000005263",18.8750258685588,-2.8583109025945,1.07436701118459,-2.66046041328367,0.00780338997575896,0.0175641910445027,"S000005263","S000005263",NA
"S000005266",6680.4692962054,-2.39581931289676,0.365360228754743,-6.55741682958332,5.47478262565155e-11,5.21576996662152e-10,"S000005266","S000005266","KRE1"
"S000005271",1133.06996882746,-3.16725642346394,0.437958010129727,-7.2318723489628,4.76379880616538e-13,5.85363930855545e-12,"S000005271","S000005271","EGT2"
"S000005277",392.20383435322,1.97017426912001,0.260426603155964,7.56518053549282,3.87326289359232e-14,5.42346880984171e-13,"S000005277","S000005277","SNZ2"
"S000005280",736.77953053844,1.54692190572665,0.244289899748197,6.33232035921727,2.41501391189323e-10,2.107362139639e-09,"S000005280","S000005280","COS1"
"S000005284",13040.477350482,2.15645286249794,0.178550529850987,12.0775494998399,1.38794688633609e-33,7.95888400250436e-32,"S000005284","S000005284","CIT1"
"S000005285",2306.02775438173,-1.50827718462315,0.445210977798719,-3.38778075976609,0.000704605616124595,0.00210956173588352,"S000005285","S000005285","ATO2"
"S000005292",70.0353856943542,-2.50226801402082,0.386154344154785,-6.47996857188746,9.17417258186955e-11,8.48505270590423e-10,"S000005292","S000005292","NRM1"
"S000005302",774.84294142042,1.3399920168616,0.35354661551601,3.79014239722208,0.000150560947209981,0.000527664413941383,"S000005302","S000005302","ARE2"
"S000007525",4165.898544605,1.107736619285,0.457551150948187,2.42101154589913,0.01547738568406,0.0320018335177628,"S000007525","S000007525","EGO4"
"S000005326",412.601789936617,-1.00098402032465,0.272497211725736,-3.67337344109092,0.000239369259051907,0.000797147294663457,"S000005326","S000005326","MVD1"
"S000005327",478.003824349875,1.69779810815071,0.192890454020787,8.80187729750353,1.34546246063017e-18,2.92455937742031e-17,"S000005327","S000005327","AGA1"
"S000005329",151.783942908332,-1.07988594407649,0.220871168210479,-4.88921190042975,1.0124047129443e-06,5.39441484658197e-06,"S000005329","S000005329","TRM112"
"S000005336",388.110275243397,-1.18228169122706,0.509395456646064,-2.32095060095624,0.0202895101099056,0.0405857609208444,"S000005336","S000005336","NOG2"
"S000005339",188.404389504921,1.77444714327209,0.490131382978785,3.62034998144343,0.000294204793415931,0.000960112228269551,"S000005339","S000005339","BIO5"
"S000005340",412.000421991187,3.77245502793689,0.216593963501115,17.4171752848388,6.11210367402017e-68,1.53337400921981e-65,"S000005340","S000005340","BIO4"
"S000005341",582.108648990816,4.07448353786302,0.245704427817392,16.5828657385498,9.27008351403545e-62,1.69136887387901e-59,"S000005341","S000005341","BIO3"
"S000005347",482.33355194331,-3.65074891200168,0.297063990287204,-12.289436052051,1.03223620771141e-34,6.542204428032e-33,"S000005347","S000005347",NA
"S000005348",903.842505643085,2.88151879490293,0.17184322302992,16.7683004548932,4.16244979825026e-63,8.35403674508827e-61,"S000005348","S000005348",NA
"S000005349",183.690048567724,4.19487650478926,0.344357412228071,12.1817517376712,3.88839390277478e-34,2.34120196886069e-32,"S000005349","S000005349",NA
"S000005350",696.070865552429,-1.11732640235569,0.403883488944532,-2.76645724061561,0.00566690160287978,0.0132609461915815,"S000005350","S000005350","DSE4"
"S000005351",323.227569163079,2.91100409468019,0.161378397698897,18.0383752484121,9.73646532714717e-73,3.08543461761858e-70,"S000005351","S000005351",NA
"S000005352",356.506331645244,3.16675718730846,0.252771796986677,12.5281270500101,5.2385207578053e-36,3.58421971394838e-34,"S000005352","S000005352","BSC5"
"S000005367",311.651724142253,-2.64158909023278,0.399376211461974,-6.6142875174334,3.73345488517706e-11,3.61400833820757e-10,"S000005367","S000005367","CSI2"
"S000005370",231.448003717655,-1.25721928746471,0.518473210055008,-2.42484908204095,0.0153147517628733,0.0317527962686847,"S000005370","S000005370","RCL1"
"S000005372",182.638727290011,-1.01436491962375,0.172677894249855,-5.87431833142477,4.24586802455207e-09,3.17175823521439e-08,"S000005372","S000005372","HTZ1"
"S000005374",21.7470039425433,-2.902152719344,0.52963447052034,-5.47953896673828,4.26435528151455e-08,2.7637979709364e-07,"S000005374","S000005374",NA
"S000005379",386.391651625788,-1.22854499784505,0.264904012690414,-4.63769870968627,3.52309842646978e-06,1.69836474185545e-05,"S000005379","S000005379",NA
"S000005386",374.040645879873,-1.24662703976821,0.160695287908395,-7.75770749717849,8.64783184047588e-15,1.31486352301781e-13,"S000005386","S000005386","MIM1"
"S000005392",629.846259818181,1.59115510395599,0.391761784762723,4.06153730619667,4.87506258182062e-05,0.000187557519521674,"S000005392","S000005392","OPI10"
"S000005399",1007.61832272339,-1.09369558157489,0.346096086014469,-3.16009231473704,0.00157719158183081,0.00434016019844759,"S000005399","S000005399","RPP2A"
"S000005407",106.927579073424,-2.35956303888669,0.446481843246458,-5.28479057900728,1.2584864126395e-07,7.59253175401045e-07,"S000005407","S000005407","LDS2"
"S000005408",1279.43215258108,-2.15565998981553,0.260867960969367,-8.26341411112828,1.41564069742044e-16,2.54435004154283e-15,"S000005408","S000005408","RRT8"
"S000005411",2223.97456119328,1.18173260040157,0.225200165766875,5.24747660099369,1.54196626475527e-07,9.20136658086374e-07,"S000005411","S000005411","GAL11"
"S000005413",151.208350530453,-2.02237162311765,0.370221282882574,-5.46260227767375,4.6920503615649e-08,3.03046472889577e-07,"S000005413","S000005413","DDR2"
"S000005416",1005.65759119828,2.83274081523189,0.181996893959617,15.5647756046894,1.26312330158996e-54,1.90131634971828e-52,"S000005416","S000005416","THI20"
"S000005419",2346.11783601525,1.8418146996787,0.221380245828645,8.31968856473452,8.81947413503076e-17,1.63390934667755e-15,"S000005419","S000005419","ARG1"
"S000005421",2402.75232308867,-1.54985127619757,0.412081732045451,-3.76102883402419,0.000169215920412169,0.000581717282042273,"S000005421","S000005421","MAM3"
"S000005428",251.069733055717,-1.14360867614612,0.254082526567542,-4.50093397446643,6.76555209621156e-06,3.08134562566489e-05,"S000005428","S000005428","RTG1"
"S000005436",154.064035684862,-1.24423277249436,0.425986944158794,-2.92082372372087,0.00349107293851247,0.00871465595471956,"S000005436","S000005436","MDM20"
"S000005437",331.566196072927,-2.03048454985901,0.604195546431221,-3.36064137157646,0.000777617233181261,0.00230075349434122,"S000005437","S000005437","BRX1"
"S000005440",53.674172905838,-1.58531576395604,0.349103772307266,-4.54110178609216,5.59610042798004e-06,2.59385070645634e-05,"S000005440","S000005440","REX4"
"S000005441",6361.23201999022,-1.14549646349359,0.416054206093441,-2.7532385124748,0.00590088883991084,0.0137528335946712,"S000005441","S000005441","IRA2"
"S000005443",2173.31972778177,-1.14760310704995,0.26174486067565,-4.38443415503022,1.16287648758587e-05,5.08104450780444e-05,"S000005443","S000005443","ATG34"
"S000005444",4158.242831599,-1.10016682517974,0.393809416194264,-2.79365291925126,0.00521163816741875,0.0123394704703218,"S000005444","S000005444","PHM7"
"S000005450",446.844282650375,-1.0370645587759,0.221965428856114,-4.67218955726733,2.9800573434335e-06,1.45758937975736e-05,"S000005450","S000005450","MSH2"
"S000005451",85.126025380292,1.23848986871309,0.260031568279035,4.76284428429126,1.90883138485515e-06,9.6743045186977e-06,"S000005451","S000005451","SPO21"
"S000005461",67.6203074546106,-1.51076790676171,0.345361268250677,-4.37445667956355,1.21735293962228e-05,5.2960130415215e-05,"S000005461","S000005461","IZH4"
"S000005467",83.688918594819,-1.23176618572869,0.314102197901217,-3.9215458979885,8.79826848379915e-05,0.000322621038617263,"S000005467","S000005467",NA
"S000005469",4255.4840601625,1.23512328129935,0.200209447587443,6.16915583246839,6.86555400723277e-10,5.60128735468137e-09,"S000005469","S000005469","ZEO1"
"S000005477",416.425225216907,1.71048336625248,0.215451965446897,7.9390474006795,2.0373990874551e-15,3.3425558325796e-14,"S000005477","S000005477","RRI2"
"S000005479",1206.83390006864,2.0798411345821,0.122967181801505,16.9137903635085,3.56052335620881e-64,7.39238314749423e-62,"S000005479","S000005479","MCH4"
"S000005484",104.573853168186,-2.47742200068587,0.49316981398493,-5.02346642157131,5.07471005742722e-07,2.83083796397869e-06,"S000005484","S000005484","TRM11"
"S000005488",158.486725525529,1.01028556461861,0.278717078596239,3.62477093153718,0.000289217684857087,0.000945374419394419,"S000005488","S000005488","YGK3"
"S000005491",29.7915059778627,1.21817992794444,0.395999012701565,3.07621960881629,0.00209643374945897,0.00557782925563078,"S000005491","S000005491",NA
"S000005493",246.938667717865,-1.0058661735863,0.245992863003785,-4.0890055154601,4.33226553282249e-05,0.000168722967484633,"S000005493","S000005493","HRT1"
"S000005494",76.2069857312932,-1.25083683049367,0.277699662251857,-4.50427926469437,6.65985806083898e-06,3.04010654922756e-05,"S000005494","S000005494",NA
"S000005496",157.233765947946,1.02813378162096,0.240917027326771,4.26758454157099,1.9760089511587e-05,8.17616157470708e-05,"S000005496","S000005496","PFK27"
"S000005498",638.091033537513,1.43670714826089,0.163202471065526,8.80321933167332,1.3294638137975e-18,2.90025421118651e-17,"S000005498","S000005498","RTC1"
"S000005499",1227.261303035,-1.16064851818772,0.265000949179185,-4.3797900414422,1.18793710965414e-05,5.18302125886058e-05,"S000005499","S000005499","CDC33"
"S000005510",85.5774705586119,1.81848929697801,0.399851723109305,4.54790911700262,5.41815225275643e-06,2.5221950276072e-05,"S000005510","S000005510",NA
"S000005511",1529.05693292524,1.67844930141719,0.292155464288299,5.74505530987056,9.18909447409155e-09,6.53989808847579e-08,"S000005511","S000005511","GRE2"
"S000005512",190.671217052669,2.04984753805646,0.290696219338742,7.05151082707346,1.76985453338744e-12,2.0259114345106e-11,"S000005512","S000005512","FRE7"
"S000005515",4495.75201557099,-1.50470122417618,0.216940760089803,-6.93600051716104,4.03356122587605e-12,4.43176498923352e-11,"S000005515","S000005515","HPF1"
"S000005519",276.636110087191,1.11733337119235,0.13340235339534,8.37566461725844,5.49130866143991e-17,1.03646299217961e-15,"S000005519","S000005519","CSS3"
"S000007627",23.8968881035821,1.59385512558751,0.454013550124114,3.5105893318642,0.000447114549016868,0.00139993588124314,"S000007627","S000007627",NA
"S000005529",406.494342175352,1.4921242929283,0.332477296851391,4.48789829278248,7.19292514971431e-06,3.25139657105329e-05,"S000005529","S000005529","YSP3"
"S000005536",181.717598913444,-2.60536394723919,0.441169748431802,-5.90558159642703,3.51404801687604e-09,2.64807047679732e-08,"S000005536","S000005536","TIR2"
"S000005545",1128.31132254688,-1.52951670066023,0.298884370221953,-5.11741948742385,3.0974421230964e-07,1.78125110058868e-06,"S000005545","S000005545",NA
"S000005547",538.513083161483,-1.39042243853192,0.180613175885097,-7.69834444091988,1.37840402817061e-14,2.01931159455358e-13,"S000005547","S000005547","SFM1"
"S000005552",144.706821258532,-1.41128367109867,0.213280887277799,-6.61701894206988,3.66514548043662e-11,3.56259624193656e-10,"S000005552","S000005552","BUB3"
"S000005554",475.430703633305,-3.9357707691305,0.306392494330333,-12.8455195279268,9.11380216383866e-38,6.69197595469177e-36,"S000005554","S000005554","CIN5"
"S000005556",1700.9264969893,-2.48474844659813,0.170358401533114,-14.5854177090007,3.47786743586521e-48,3.80731633297171e-46,"S000005556","S000005556","DFG16"
"S000005558",1084.40817762279,-1.85445572828847,0.26258349483267,-7.06234689072981,1.63713663044311e-12,1.87756183845676e-11,"S000005558","S000005558","HMS1"
"S000005562",2784.7221540031,-1.34981920080773,0.321185462884997,-4.2026161105898,2.63847833399575e-05,0.000106690920409593,"S000005562","S000005562","PEP12"
"S000005566",1626.64620758379,-1.26558551678077,0.520494205505946,-2.43150740852256,0.015036140817147,0.0312181392620835,"S000005566","S000005566","GLO4"
"S000005570",233.042037556925,1.71160728774483,0.183763603306232,9.31418004953099,1.22898100388058e-20,3.02028352014897e-19,"S000005570","S000005570","IRC23"
"S000005575",238.904318154681,1.12991016726456,0.331461713895066,3.40887082850922,0.000652323594159944,0.00196517073129964,"S000005575","S000005575","RSB1"
"S000005577",252.505362834684,-1.28409750312544,0.3523032637041,-3.64486405724574,0.000267533179030956,0.000882156227242819,"S000005577","S000005577","ETT1"
"S000005585",814.905605692094,1.0892966368294,0.175501370834867,6.20676996223772,5.4084675418616e-10,4.46087439308886e-09,"S000005585","S000005585","LPL1"
"S000005588",368.10184280586,-1.15668270692046,0.224246925554867,-5.15807609873985,2.49500219977814e-07,1.44307475935295e-06,"S000005588","S000005588",NA
"S000005592",445.19553891602,1.44908183046978,0.198796835437383,7.28926004924366,3.11661971552002e-13,3.94226203931639e-12,"S000005592","S000005592","MSA1"
"S000005600",240.349201349917,-2.66592328914063,0.218766591214927,-12.1861536276419,3.68402977327694e-34,2.24055992574752e-32,"S000005600","S000005600","CDC21"
"S000005601",618.731488386131,-1.07627614715305,0.285196697498795,-3.77380298086236,0.000160777748661455,0.000557628355236532,"S000005601","S000005601","UFE1"
"S000005606",270.184043684603,1.01489374379774,0.182214630944782,5.56977087150205,2.5507455154424e-08,1.71215593628525e-07,"S000005606","S000005606","DIA2"
"S000005617",381.009676668243,-1.01470063010539,0.282882322424968,-3.58700614943702,0.000334496438150146,0.00107700698080323,"S000005617","S000005617","TMA46"
"S000005618",495.988689796863,2.11650072414671,0.3131590624714,6.75854853901921,1.39380956641587e-11,1.43210365177302e-10,"S000005618","S000005618","ECM3"
"S000005621",202.219220032378,-1.45709763580304,0.498949569080865,-2.92033048247184,0.00349660367960357,0.00872117043693664,"S000005621","S000005621","RKI1"
"S000005627",168.660404619193,-1.62859849228763,0.459892708975714,-3.54125747267203,0.000398224772014862,0.00125930218083061,"S000005627","S000005627","RAS1"
"S000005630",261.12840445691,1.60579541003375,0.239715932708418,6.69874293248159,2.10220022984505e-11,2.08867121846486e-10,"S000005630","S000005630","PIN2"
"S000005631",38.0952358422401,1.83629430280019,0.493998059851472,3.7172095440057,0.000201435364874956,0.000680607369198716,"S000005631","S000005631",NA
"S000005640",129.765048418786,-1.28419167659566,0.414178057269634,-3.10057873432834,0.00193142857587269,0.00518001401128262,"S000005640","S000005640",NA
"S000005641",298.885511112177,-1.0292080753987,0.169459718251619,-6.07346740580849,1.25177416509206e-09,9.83933713840642e-09,"S000005641","S000005641","TRS33"
"S000005646",2319.66272700115,1.44205084906908,0.194380442033767,7.41870341471171,1.18272424238669e-13,1.57548289013502e-12,"S000005646","S000005646","GCY1"
"S000005647",188.127844692336,1.3476486282163,0.232034089299666,5.80797688944681,6.32322419797544e-09,4.62601857788701e-08,"S000005647","S000005647",NA
"S000005650",1587.19058104546,1.07142863263324,0.166699942496596,6.42728855563417,1.29900097338512e-10,1.17260642589982e-09,"S000005650","S000005650","UBP2"
"S000005653",526.872557868301,1.01335114017396,0.194195430301218,5.2182028104479,1.80667576822722e-07,1.07066877957639e-06,"S000005653","S000005653","RGA1"
"S000005660",251.506871772412,1.92245359146286,0.388345330726857,4.95037133024015,7.40720159344316e-07,4.02879501301908e-06,"S000005660","S000005660","BAG7"
"S000005661",214.54026036218,2.1683435527135,0.341744130114184,6.3449328361222,2.22522504618779e-10,1.95022998589471e-09,"S000005661","S000005661","IRC14"
"S000005662",2006.85945569182,1.77917901793511,0.333873861621502,5.32889579703633,9.88116652015745e-08,6.04005112871757e-07,"S000005662","S000005662","IDH2"
"S000005663",463.116933633055,2.2892258555534,0.17977913830958,12.7335455997756,3.84952726045309e-37,2.72682395708095e-35,"S000005663","S000005663","SIA1"
"S000005679",2235.54457687054,1.4734267415524,0.189380286834259,7.78025403901681,7.23790576439387e-15,1.11742129762604e-13,"S000005679","S000005679","PDR5"
"S000005687",1843.83758365194,1.03300301948739,0.404905045799234,2.55122288596915,0.0107345651911571,0.0231991446575581,"S000005687","S000005687","PNS1"
"S000028714",31.1331152464744,1.3518560439485,0.535139236991897,2.52617627432348,0.0115311606890145,0.0247166673223767,"S000028714","S000028714",NA
"S000005695",204.018062956856,-1.45193924446831,0.201851657361897,-7.19310043546063,6.33363158344914e-13,7.6422436400696e-12,"S000005695","S000005695",NA
"S000005704",4319.72233181425,2.40566985830499,0.335401540990549,7.17250687400025,7.36367165636689e-13,8.81444672822764e-12,"S000005704","S000005704","GAC1"
"S000005705",263.673702260162,2.55972256140555,0.272483867391846,9.39403343730637,5.77455626833642e-21,1.47951503368739e-19,"S000005705","S000005705","SYC1"
"S000005722",620.460309660471,1.0408612104208,0.203470817161511,5.11553069349785,3.12860064724852e-07,1.79745271918734e-06,"S000005722","S000005722","LIP5"
"S000005724",693.58189605096,-1.15509035272151,0.260840089427943,-4.42834671332455,9.49581692128638e-06,4.21950654487567e-05,"S000005724","S000005724","BFR1"
"S000005726",102.437667825348,1.25200062756805,0.379704700861259,3.29730083596074,0.000976188803091953,0.00284493358345433,"S000005726","S000005726",NA
"S000005727",513.401854085337,1.54722657555309,0.318471086883037,4.85829527162485,1.18400748987362e-06,6.23701583248386e-06,"S000005727","S000005727","MRM1"
"S000005728",363.13537847132,2.84188119963973,0.31426676278354,9.0428945602407,1.52577019942729e-19,3.46666504556668e-18,"S000005728","S000005728","HIS3"
"S000005730",1950.99349893513,-1.11317419889633,0.390658332840168,-2.84948279690675,0.00437903738407446,0.0106358144774152,"S000005730","S000005730","DED1"
"S000005740",26.4475079415346,-1.87253424739102,0.409525927769691,-4.57244369749428,4.82068781471028e-06,2.27115503383181e-05,"S000005740","S000005740","SPR2"
"S000005746",2460.99887924677,-1.31556551903038,0.458684253810316,-2.86812880124378,0.00412907400838368,0.0100856610971514,"S000005746","S000005746","RCN2"
"S000005748",507.481609247493,1.05615755317529,0.227753467125957,4.63728419375144,3.53016879078339e-06,1.6990524611756e-05,"S000005748","S000005748","ODC2"
"S000005750",277.521888724507,-1.42684843465764,0.320726354459951,-4.44880320814363,8.63500861734011e-06,3.8569278104603e-05,"S000005750","S000005750","RPB8"
"S000005752",220.037135179614,1.14300584375289,0.269237638795234,4.24534195466702,2.18260305654301e-05,8.9155040728938e-05,"S000005752","S000005752","ISU2"
"S000005758",502.929433625311,-1.02472191083549,0.171511949015784,-5.97463859932689,2.30600812548599e-09,1.7687229201976e-08,"S000005758","S000005758","MGE1"
"S000005773",1263.72976451643,-5.01543333894409,0.267755950979439,-18.7313608552783,2.74800970244551e-78,1.65457664184244e-75,"S000005773","S000005773","SRL1"
"S000005774",30.1920769664795,-3.79599879697409,0.557590747787438,-6.80785829398514,9.90623657376569e-12,1.03806053640469e-10,"S000005774","S000005774",NA
"S000005780",805.804534476158,-1.01104242107591,0.402950911425911,-2.50909575436413,0.0121040668293327,0.0257339641170241,"S000005780","S000005780","SEC63"
"S000005783",393.814493195282,-1.5749514502019,0.251797464171791,-6.25483443759932,3.97937836233601e-10,3.32014875085168e-09,"S000005783","S000005783","CDC31"
"S000005789",51.8158487741549,-2.36186028759209,0.36097225567384,-6.54305213341985,6.0275805907066e-11,5.72430011618997e-10,"S000005789","S000005789",NA
"S000005790",475.0004954666,-2.6080499269779,0.18743622430098,-13.9143323906801,5.18417325859145e-44,5.11703396557035e-42,"S000005790","S000005790","DSE3"
"S000005793",3066.0914299,2.19433627165333,0.255967950675729,8.57269930028548,1.01087203031947e-17,2.07022465801141e-16,"S000005793","S000005793","HRK1"
"S000005798",336.83148842679,-1.77708850768406,0.429837892097101,-4.13432259081202,3.56003132246411e-05,0.000141205194944377,"S000005798","S000005798","YTM1"
"S000005802",402.370788687487,-1.46411043873417,0.259228450281531,-5.64795429338134,1.62368329297068e-08,1.12758905501458e-07,"S000005802","S000005802","CAF20"
"S000005803",114.068252417469,-1.52314734305129,0.258776941182229,-5.88594693210588,3.95781303137486e-09,2.97503024493234e-08,"S000005803","S000005803",NA
"S000005810",95.3019614804693,-1.16494047883151,0.233247263357445,-4.99444435944472,5.90053993799058e-07,3.25340210317228e-06,"S000005810","S000005810","HUA2"
"S000005811",5865.24849776378,-1.12621145855323,0.293928745978005,-3.83157984363156,0.000127323040460101,0.000451479403186261,"S000005811","S000005811","RDL1"
"S000005817",800.49714352508,1.15361407774748,0.119852752542283,9.6252614418721,6.25476624150659e-22,1.71963230776763e-20,"S000005817","S000005817","YPK9"
"S000005827",199.628061658331,-1.70936288040154,0.412667225101791,-4.14223077681999,3.43943996704026e-05,0.00013696341297321,"S000005827","S000005827","RAX1"
"S000005833",1206.7604017971,2.75995063861876,0.303257758846455,9.10100585428444,8.94990581573023e-20,2.06465068645639e-18,"S000005833","S000005833","MCH5"
"S000005835",210.411268974672,1.3237771083191,0.293856087366024,4.50484834323074,6.64203603490221e-06,3.03831169452915e-05,"S000005835","S000005835","SNU66"
"S000005836",51.30087234156,-2.2530432463028,0.413174371803902,-5.45300822136211,4.95247785797601e-08,3.17559842203126e-07,"S000005836","S000005836",NA
"S000005837",612.48420059058,-1.34425295585842,0.510013347006231,-2.63572113112168,0.00839587003831806,0.0187227901854493,"S000005837","S000005837","NOP58"
"S000005840",44.9886936068631,-4.05413864151617,0.586011783257547,-6.91818621629049,4.57462721483894e-12,4.98982435879444e-11,"S000005840","S000005840","SPS4"
"S000005844",10782.8747898246,-2.60827988600162,0.56037698157282,-4.65450932456381,3.24753141175131e-06,1.57561536101165e-05,"S000005844","S000005844","FAA1"
"S000005851",358.616021393092,-1.02573403439033,0.432517505373226,-2.37154339800701,0.0177139662803452,0.0361422538034424,"S000005851","S000005851","FRT1"
"S000005854",616.256745403009,-1.85508918064402,0.284907609879536,-6.51119561681202,7.45549767719636e-11,6.95962038982935e-10,"S000005854","S000005854","SNC2"
"S000005856",1434.92194263529,1.32634261213232,0.206313902885179,6.42876022208974,1.28648870234676e-10,1.16480428223005e-09,"S000005856","S000005856","SCD5"
"S000005864",709.958540225122,3.05687117258694,0.167511308055204,18.2487451628014,2.11716634408424e-74,7.96716159858202e-72,"S000005864","S000005864","TEA1"
"S000005865",1562.03915994913,-1.2715050922352,0.364276256516612,-3.4904967575816,0.000482123463306966,0.00149324350440908,"S000005865","S000005865",NA
"S000005866",99.510444610828,-1.66487646032239,0.337907038884283,-4.9270250948887,8.34910352652849e-07,4.48838860118108e-06,"S000005866","S000005866","UBC11"
"S000005867",192.186808515945,-1.71418936116498,0.310303544002069,-5.52423391320837,3.30926339806448e-08,2.18956867249959e-07,"S000005867","S000005867","RPA43"
"S000005869",229.821231504572,-1.73245328048315,0.289581365223056,-5.98261313931127,2.1958588091838e-09,1.69286375033235e-08,"S000005869","S000005869",NA
"S000007356",933.571694583506,1.17840194168849,0.246274124611601,4.78491982682691,1.710555981221e-06,8.80278424182192e-06,"S000007356","S000007356",NA
"S000005871",716.115536883517,3.55072124890384,0.362720249779436,9.78914535668458,1.25350908290138e-22,3.66377581948991e-21,"S000005871","S000005871","TYE7"
"S000005872",27.8587149201468,2.23576548451532,0.512595572313656,4.36165586531297,1.29081789773305e-05,5.57933565129266e-05,"S000005872","S000005872",NA
"S000005873",787.934467461328,1.19953189134601,0.255499353924582,4.69485293375764,2.66798600269892e-06,1.3156383064906e-05,"S000005873","S000005873","REV1"
"S000005874",821.256448862097,-1.22599614344908,0.247831486899579,-4.94689419325418,7.54069369023112e-07,4.09400511351502e-06,"S000005874","S000005874","PYK2"
"S000005875",1513.99263110856,-2.47247576418806,0.386812940146067,-6.39191585280061,1.63820049307503e-10,1.45480902194761e-09,"S000005875","S000005875","PUT4"
"S000005885",264.191286762041,1.47184386473845,0.202436764810574,7.27063518385952,3.57801040569934e-13,4.50694574324597e-12,"S000005885","S000005885","HAP5"
"S000005896",3571.18471807115,-1.0090852111248,0.354704365060714,-2.84486268149554,0.00444305726207185,0.0107761006401004,"S000005896","S000005896","RPS12"
"S000005908",281.852564386962,1.42436321440429,0.249117683544581,5.7176319004644,1.08018821950117e-08,7.60167986807994e-08,"S000005908","S000005908","FRE3"
"S000005909",232.481903528022,2.16616654982316,0.362873650231782,5.96947876606513,2.38012733600228e-09,1.82325021502159e-08,"S000005909","S000005909","FIT2"
"S000005912",471.706709084355,1.35227628547154,0.453297401925574,2.98319884413007,0.00285252604834271,0.00731476121681068,"S000005912","S000005912",NA
"S000005913",354.270626008773,1.05449550024807,0.23350390189838,4.51596522231558,6.30290087504093e-06,2.90357813072849e-05,"S000005913","S000005913","PHR1"
"S000005914",70.2149908947383,1.11904160993928,0.451140226885425,2.4804740150638,0.0131207826802384,0.0276514639543982,"S000005914","S000005914",NA
"S000005915",872.22409098414,-4.65405146422682,1.03492254873254,-4.49700460186764,6.89174970783279e-06,3.13644935683003e-05,"S000005915","S000005915","FDH1"
"S000005917",208.827449868166,1.75748645676233,0.260497595917935,6.74665134842931,1.51296239728937e-11,1.54399094814904e-10,"S000005917","S000005917","FEX1"
"S000005920",1819.16763700122,1.12565601093857,0.286700189663274,3.92624787678251,8.62812409484601e-05,0.00031676789740895,"S000005920","S000005920","ERR1"
"S000005934",302.528643225356,-1.01570515590274,0.175387246822353,-5.79121443722489,6.98792897416327e-09,5.08758408143132e-08,"S000005934","S000005934","MRPS16"
"S000005935",1077.28123692332,2.92403847783492,0.329788963848667,8.86639274920279,7.55536457773195e-19,1.66025000447168e-17,"S000005935","S000005935","CIP1"
"S000005940",1090.30757107638,-1.58795302735832,0.195506495464633,-8.12225201819739,4.57611846803481e-16,7.8722312274393e-15,"S000005940","S000005940","VTC3"
"S000005944",1274.6344732048,-1.24170514055378,0.312017110160913,-3.97960592582058,6.9029598043888e-05,0.000258313989945463,"S000005944","S000005944","MET12"
"S000005945",565.258045421969,-2.29528636972942,0.314621930413335,-7.29537946294456,2.97818499992698e-13,3.78304892079333e-12,"S000005945","S000005945","RMI1"
"S000005948",70.2916331475572,-1.54094725426787,0.428308266891575,-3.59775277150549,0.000320978499408629,0.0010398362731214,"S000005948","S000005948","SMA1"
"S000005964",521.513667282791,-1.21693514453776,0.336953646821306,-3.61158027526298,0.000304336846982917,0.000990750152407967,"S000005964","S000005964","NOP4"
"S000005976",1197.63010747921,-1.30534527297204,0.381593493334058,-3.42077445180467,0.000624430953780934,0.00189119656575201,"S000005976","S000005976","LGE1"
"S000005979",1613.33855475231,3.06748487827683,0.377860248112242,8.11804071373405,4.7376987412071e-16,8.12697553299372e-15,"S000005979","S000005979","PDR12"
"S000005982",4722.98843207991,-1.25997025167917,0.42726289103101,-2.94893443387698,0.00318871618400342,0.00801974107931688,"S000005982","S000005982","ALD6"
"S000005988",179.799430567415,1.41579409059127,0.205863670183221,6.87733823715079,6.09812052679241e-12,6.58006876197439e-11,"S000005988","S000005988",NA
"S000005991",990.123804685574,2.68754800953193,0.201979367499546,13.3060522111892,2.13466597970865e-40,1.69116103471392e-38,"S000005991","S000005991","MUK1"
"S000005996",743.472553229003,1.32360214866483,0.176386142714269,7.50400302595739,6.18978743534407e-14,8.50432397419659e-13,"S000005996","S000005996","GCR1"
"S000006000",1324.70116844578,-1.31160722596035,0.349378108987797,-3.75411965494999,0.000173951758681071,0.000596788341321211,"S000006000","S000006000","RPL21B"
"S000006002",517.382005722329,-2.20437438227102,0.438964839537516,-5.02175614929318,5.12011621719286e-07,2.84918851605529e-06,"S000006002","S000006002","RPS9A"
"S000006005",980.674588830869,1.04737399573869,0.18720319055229,5.59485120231502,2.20811062513383e-08,1.50226373716732e-07,"S000006005","S000006005","BRO1"
"S000006009",595.605343594121,1.42187816881689,0.325220127506446,4.37204849441155,1.23086175971328e-05,5.34320018401851e-05,"S000006009","S000006009",NA
"S000006011",3370.45934314198,-1.01125664704515,0.381456667036347,-2.65103938253829,0.00802444840550037,0.0179410337354318,"S000006011","S000006011","RPS6A"
"S000006013",2727.79433180164,-2.27192552289299,0.348027218789221,-6.52801102970329,6.66487900646864e-11,6.27019320280433e-10,"S000006013","S000006013","SSU1"
"S000006030",531.733156929978,1.47522608157478,0.305484826524728,4.8291304624106,1.37130545693223e-06,7.16721367724735e-06,"S000006030","S000006030",NA
"S000006031",950.667519180172,1.56207078298677,0.163651077280673,9.54512985152982,1.35937199160748e-21,3.65391908994136e-20,"S000006031","S000006031","GDE1"
"S000006045",64.0808844027997,-2.16522712363773,0.309954533634713,-6.98562817664571,2.83584217363542e-12,3.16196402360349e-11,"S000006045","S000006045","SPC29"
"S000006048",480.745204284502,-1.84831091516657,0.358087864509476,-5.16161282845613,2.44831254102964e-07,1.41743171245572e-06,"S000006048","S000006048","HHO1"
"S000006052",5955.48192885918,-1.0494604879555,0.464610809441097,-2.25879481628493,0.0238961511349151,0.0467442254656674,"S000006052","S000006052","RPL5"
"S000006056",3187.30610049055,-1.32578999917148,0.439655211176979,-3.01552208518642,0.00256537255577956,0.00667218494961069,"S000006056","S000006056","ISU1"
"S000006057",54.4614102475794,-2.02593264667496,0.370263663408345,-5.47159456055147,4.46004258004071e-08,2.88441636674814e-07,"S000006057","S000006057",NA
"S000006058",982.882212740088,-1.06834548834842,0.247698023743159,-4.31309653667727,1.60983782602692e-05,6.7734685887548e-05,"S000006058","S000006058","GIP3"
"S000006068",3184.67671334976,-2.78362338903438,0.478632980129788,-5.81577848705613,6.03523441274122e-09,4.43148126818474e-08,"S000006068","S000006068","PXA1"
"S000006072",685.11287613611,-1.05968294819095,0.186692089045246,-5.67609990123433,1.3780032159883e-08,9.62524056086494e-08,"S000006072","S000006072","PRP46"
"S000006076",105.800997011157,-1.53506480879652,0.345806897113095,-4.43908094838976,9.03438349665137e-06,4.02337448471434e-05,"S000006076","S000006076","KIP2"
"S000006077",479.494824940729,1.32265682763208,0.210250211254167,6.29087038601423,3.15690848055381e-10,2.68092326677215e-09,"S000006077","S000006077","PRM4"
"S000006078",137.067248317878,-1.44576302732702,0.278069822441658,-5.19928057864084,2.00061339581333e-07,1.17633723205001e-06,"S000006078","S000006078","TGS1"
"S000006084",941.665596899463,-3.79361276779233,0.396585708598253,-9.56568198385412,1.11464140018662e-21,3.0230882299656e-20,"S000006084","S000006084","SVS1"
"S000006091",323.859013342011,1.06891257541931,0.282196300539665,3.78783341020114,0.00015196668338762,0.00053197174457957,"S000006091","S000006091","DAP1"
"S000006092",305.909894472713,1.08529020726345,0.239480316753528,4.53185556949311,5.84678212748323e-06,2.70379993775549e-05,"S000006092","S000006092","OYE3"
"S000006098",1322.36820019796,1.99920656221173,0.193729950771287,10.3195533486298,5.74899712305381e-25,2.00085038600619e-23,"S000006098","S000006098","CUP9"
"S000006103",134.155192153449,1.27980552032889,0.241522310628123,5.29891220815387,1.16494626947699e-07,7.04231073144675e-07,"S000006103","S000006103",NA
"S000006108",1325.32571330076,-2.46229714293478,0.426378285525936,-5.77491215317767,7.69932438340827e-09,5.53193700626506e-08,"S000006108","S000006108","MF(ALPHA)1"
"S000006110",61.3925253854133,1.17447442451746,0.330399969948282,3.55470499800985,0.000378403396732782,0.00120230440724437,"S000006110","S000006110","GUP2"
"S000006122",1306.41134964271,-1.11949829448355,0.451076889297517,-2.48183474047406,0.0130707878928176,0.0275653989151155,"S000006122","S000006122","YIG1"
"S000006130",45.7742560313898,-1.23312555397469,0.353455326651323,-3.48877343470097,0.000485242247024871,0.00150135846317407,"S000006130","S000006130","IPL1"
"S000006132",159.953908736188,-2.39973295874891,0.445930018556876,-5.38141156434132,7.39040088979658e-08,4.6016136253842e-07,"S000006132","S000006132","NIP7"
"S000006135",805.869031692215,1.34676585791326,0.116819985203989,11.5285569978593,9.47179698937105e-31,4.67456472729534e-29,"S000006135","S000006135","THI6"
"S000006139",1316.01332201462,-1.06976015293691,0.107915015918636,-9.91298702808397,3.65550626745629e-23,1.1707342146997e-21,"S000006139","S000006139","SAR1"
"S000006141",1983.45293592938,-1.29450940225573,0.338976033336229,-3.81888179383973,0.000134057977925354,0.000473131937332096,"S000006141","S000006141","RPL1A"
"S000006142",1747.93117081823,1.06573495513393,0.157972186196763,6.74634554849103,1.51615296861231e-11,1.54462893807356e-10,"S000006142","S000006142","FLC1"
"S000028722",101.429056707567,-3.1328042420815,0.309914185597809,-10.1086184100882,5.05926790396635e-24,1.69232511387674e-22,"S000028722","S000028722",NA
"S000006143",9194.20638333996,-2.89414297794392,0.232516970525028,-12.4470182602538,1.45167839683829e-35,9.50060394278623e-34,"S000006143","S000006143","FMP40"
"S000006144",65644.6764867313,-3.70645597393135,0.269374358010927,-13.7594981248401,4.46616457465122e-43,4.07436013696591e-41,"S000006144","S000006144","GRE1"
"S000006148",123.058420535645,-3.2986023173564,0.388857628436963,-8.48280212636005,2.19834338084795e-17,4.33974606429034e-16,"S000006148","S000006148","ALG5"
"S000006152",5250.69920313023,-1.47593433056894,0.15338620211819,-9.62234092889058,6.43497174841303e-22,1.76113476805431e-20,"S000006152","S000006152","FAS2"
"S000006162",96.9520675863623,-1.87044299609685,0.252876537982549,-7.39666483501892,1.39647429489068e-13,1.84794983066742e-12,"S000006162","S000006162","CIN2"
"S000006166",138.745759736212,-1.90848936855115,0.278215191868566,-6.85975972675409,6.89764633851763e-12,7.38980936018054e-11,"S000006166","S000006166",NA
"S000006170",578.552141633845,1.02952633020304,0.147691039126474,6.97081106810695,3.15118928569131e-12,3.50708145825275e-11,"S000006170","S000006170","GYP5"
"S000006171",428.750302951609,2.81669820562967,0.404525670762453,6.96296529295837,3.33183927806988e-12,3.69447592877693e-11,"S000006171","S000006171","ATG41"
"S000006174",114.791036523227,-1.02566441955428,0.285407585155519,-3.59368311460745,0.000326036327150808,0.00105258162239947,"S000006174","S000006174","VIK1"
"S000006176",118.41491247657,-2.31960206620569,0.272438548159267,-8.51422121384106,1.67713587693413e-17,3.3660117050068e-16,"S000006176","S000006176","BBP1"
"S000006177",655.103152689547,-3.38170170872258,0.310084989964243,-10.9057252629756,1.08226746638321e-27,4.52523084381481e-26,"S000006177","S000006177","CLN2"
"S000006183",4171.64418221236,1.05502199248617,0.0994495322524753,10.6086169395725,2.71741623599116e-26,1.0764186287436e-24,"S000006183","S000006183","FUM1"
"S000006184",314.326781160884,-1.25262283677541,0.239616667956597,-5.22761144897611,1.71713893900219e-07,1.01961474869154e-06,"S000006184","S000006184","KEL3"
"S000006185",167.695828519902,1.42866580698396,0.32798452959406,4.35589388545916,1.32524971109669e-05,5.70767418491641e-05,"S000006185","S000006185",NA
"S000006186",3886.760717724,-2.16658090258367,0.184844415380986,-11.7211055477012,9.93667007652166e-32,5.24813074831026e-30,"S000006186","S000006186","DIP5"
"S000006187",306.148188890395,-1.20858914059117,0.36243584025569,-3.33462921254845,0.000854132073680052,0.00250987272602616,"S000006187","S000006187","DIM1"
"S000006188",116.929939503066,-2.98694212269811,0.334802422952699,-8.92150688861683,4.59986168518709e-19,1.02958242403388e-17,"S000006188","S000006188","ACM1"
"S000006196",2879.96460244192,-6.89090605316101,0.891371789118948,-7.73067550182638,1.06977395604683e-14,1.5864800466399e-13,"S000006196","S000006196","FDH2"
"S000006197",1033.48063913561,-7.29706119881302,0.938866972075048,-7.77219927407323,7.71349718659018e-15,1.18175487431195e-13,"S000006197","S000006197",NA
"S000006202",1819.16763700122,1.12565601093857,0.286700189663274,3.92624787678251,8.62812409484601e-05,0.00031676789740895,"S000006202","S000006202","ERR2"
"S000006204",186.326651792005,1.43318242576802,0.337316180048594,4.24878055230423,2.14937343858723e-05,8.80365814539709e-05,"S000006204","S000006204","YRF1-7"
"S000006207",723.033420749358,2.08445167646943,0.138868273222173,15.0102800884876,6.28816163678545e-51,8.80488865467098e-49,"S000006207","S000006207",NA
"S000006209",327.518660788079,1.65465388423036,0.221200474303479,7.48033605913629,7.41327943141383e-14,1.00079272324087e-12,"S000006209","S000006209","HAL1"
"S000006211",229.728381859156,1.73318344294347,0.175216714944861,9.89165584738245,4.52480785969067e-23,1.40432309913389e-21,"S000006211","S000006211","REC8"
"S000006219",90.09211475436,2.05170688031456,0.393413318672857,5.21514342024771,1.83675066833463e-07,1.08635321945411e-06,"S000006219","S000006219",NA
"S000006224",300.571909815924,1.60853462992943,0.276720918485524,5.81284074486612,6.14214891276974e-09,4.50449191276329e-08,"S000006224","S000006224","ATP20"
"S000006236",515.525544549119,1.49193733343671,0.202675595066394,7.36120860011768,1.82252500896601e-13,2.37006977947826e-12,"S000006236","S000006236","SRO7"
"S000028425",33.1561739010521,1.12599920336435,0.40195786528946,2.80128665364836,0.00508992842391197,0.012080120297213,"S000028425","S000028425","SPO24"
"S000006245",943.93644375939,-1.40905676685405,0.302358344259711,-4.66022120310244,3.15869739104609e-06,1.53498926484976e-05,"S000006245","S000006245","TIF5"
"S000006250",45.6832482819224,-1.23254684643695,0.504101685750377,-2.44503615297826,0.0144837622393501,0.0302381180454671,"S000006250","S000006250","MCM16"
"S000006256",137.913386208957,-1.56350299141602,0.216921016463337,-7.20770636661789,5.69021660537588e-13,6.92137256181175e-12,"S000006256","S000006256","NHP6A"
"S000006262",349.886334187359,1.00288668706707,0.196099378834201,5.11417574614039,3.15113874466642e-07,1.80695298872729e-06,"S000006262","S000006262","YMC1"
"S000006263",94.274458577715,1.21440972299795,0.253964150061473,4.78181555429773,1.73719039570271e-06,8.92459332126791e-06,"S000006263","S000006263",NA
"S000006264",92.9818445847388,-2.39172966464126,0.288444474500023,-8.29182000725435,1.11528612443316e-16,2.02874252423325e-15,"S000006264","S000006264","ARO7"
"S000006266",485.748439142653,-1.04461490908963,0.22162772574929,-4.71337647651233,2.43645444607182e-06,1.20842074648125e-05,"S000006266","S000006266","FCY1"
"S000006269",680.469763675658,1.08237360588403,0.291976318242662,3.70705957386745,0.000209679631926688,0.000707272304666996,"S000006269","S000006269","ROX1"
"S000006273",1044.73326588267,-1.20277967306593,0.16120032244998,-7.4613974388243,8.5609587778288e-14,1.14800741205584e-12,"S000006273","S000006273","SPE3"
"S000006285",527.542552475653,1.08781641045801,0.158825877698888,6.84911316857546,7.43091965574872e-12,7.93290199419558e-11,"S000006285","S000006285","GRS2"
"S000006287",593.290271893574,1.42636843483631,0.176349244714565,8.08831609766745,6.04952400801629e-16,1.02893175288887e-14,"S000006287","S000006287","MDM36"
"S000006297",380.947364026468,-1.02544981207451,0.236935759279455,-4.32796558524136,1.50492977055113e-05,6.37213934492853e-05,"S000006297","S000006297","ASR1"
"S000006305",409.303109749061,-1.48593290910405,0.260563553912485,-5.70276574291403,1.1787893226083e-08,8.2721334631988e-08,"S000006305","S000006305","SNT309"
"S000006306",1982.42317604325,-1.2717753582565,0.455670243708345,-2.79099935933168,0.00525455762976586,0.0124361994845992,"S000006306","S000006306","RPL11A"
"S000006314",571.249905642713,-1.03151616978194,0.444156541392597,-2.32241580085199,0.0202105573611002,0.0404547093986651,"S000006314","S000006314","RPC40"
"S000006315",408.102792007749,1.03850625412813,0.19155183599509,5.42154163510474,5.90872308902443e-08,3.74094865604796e-07,"S000006315","S000006315","DBF20"
"S000006321",1408.2981187067,1.83975592191696,0.152541814803857,12.0606662788337,1.70398787173552e-33,9.67897261860334e-32,"S000006321","S000006321",NA
"S000006322",337.500416219971,-1.43454057708516,0.143539697456804,-9.99403372378478,1.6185805352546e-23,5.23950182944513e-22,"S000006322","S000006322","MRI1"
"S000006324",261.087560339092,-2.37790729291458,0.193715687513961,-12.2752438041096,1.2302066991655e-34,7.71570264132859e-33,"S000006324","S000006324","CLB5"
"S000006325",225.116954662998,1.196023764119,0.190652459031905,6.27331936966441,3.53430901361184e-10,2.97623420572824e-09,"S000006325","S000006325","THI22"
"S000006326",904.73246236284,1.1576172072397,0.120396617524431,9.61503097879631,6.90885508054137e-22,1.88227223710134e-20,"S000006326","S000006326","AXL1"
"S000006329",352.197676680219,1.34891033763897,0.289855790457301,4.65372913720584,3.25984970774165e-06,1.5790470708216e-05,"S000006329","S000006329","YLH47"
"S000006330",46.8674756872827,1.05504325177257,0.316217350840016,3.33644959383127,0.000848558147170077,0.00249592994827115,"S000006330","S000006330",NA
"S000006331",3319.19501400437,2.60021777514853,0.147537966318619,17.6240586747221,1.61026546882664e-69,4.61686113705009e-67,"S000006331","S000006331",NA
"S000007359",361.241999231455,1.72205073309872,0.200846137555701,8.57397983379761,9.99689404436516e-18,2.05431054747859e-16,"S000007359","S000007359",NA
"S000006341",312.741441822464,-1.23775355427273,0.343150193333669,-3.6070314932598,0.000309720081031296,0.00100583851558222,"S000006341","S000006341","RRP9"
"S000006343",257.055935396315,-1.18181692461719,0.157622605140274,-7.49776292280822,6.49161733858837e-14,8.86304489697066e-13,"S000006343","S000006343","LOA1"
"S000006349",3070.98161966159,2.54888145379367,0.515721320707355,4.94236199173938,7.71817382542826e-07,4.18281949621094e-06,"S000006349","S000006349","ASN1"
"S000006356",443.464391451477,-2.07432948015089,0.418888939413473,-4.95197959405507,7.34623092975927e-07,3.99924560832555e-06,"S000006356","S000006356","URN1"
"S000006357",81.08696598197,-2.85029266914413,0.506868811551237,-5.6233340939266,1.87306648315593e-08,1.28741247660752e-07,"S000006357","S000006357","MAY24"
"S000006358",1769.60378655331,-1.67494611467586,0.52262918769916,-3.20484610140068,0.00135134714301876,0.00378616153937456,"S000006358","S000006358","PIN3"
"S000006359",561.092029363424,1.26284115887719,0.336885633951411,3.74857527780283,0.000177841960551385,0.000608055902600734,"S000006359","S000006359","NCA2"
"S000006360",3408.81741051494,2.55629766798874,0.283622084739419,9.01304166894253,2.00419087766748e-19,4.53655386256988e-18,"S000006360","S000006360","TPO3"
"S000006361",389.240751551536,4.66599055491413,0.242564949101919,19.236046148422,1.84777117364996e-82,1.3906787795683e-79,"S000006361","S000006361","TDA6"
"S000006362",339.110237636757,1.47596874184137,0.264260132745473,5.58528721872314,2.33314292697456e-08,1.58018600262248e-07,"S000006362","S000006362","CUR1"
"S000007364",142.443435815097,1.42824229778116,0.237541672273976,6.01259679663216,1.82574747005226e-09,1.41660122644132e-08,"S000007364","S000007364",NA
"S000028726",42.026024718013,1.11696582880586,0.399118824369403,2.79857967253395,0.00513279048980213,0.0121767263747434,"S000028726","S000028726",NA
"S000006368",591.067944464757,1.3085402690139,0.174554322752347,7.49646441509456,6.5562204670475e-14,8.93099625160475e-13,"S000006368","S000006368","MMS1"
"S000006371",249.871310092723,2.40783089407625,0.207692003705699,11.5932768287419,4.45746708126269e-31,2.21805035506468e-29,"S000006371","S000006371","MET16"
"S000006378",91.2303840677193,-1.2041256452748,0.27661584699601,-4.35306096288896,1.34249798696456e-05,5.76546389408958e-05,"S000006378","S000006378",NA
"S000006379",227.922658178713,-3.06791923930184,0.296166151495367,-10.3587774085987,3.81810991463272e-25,1.33656045325602e-23,"S000006379","S000006379","DPB2"
"S000006381",40.9244609545256,1.27114654832882,0.305799011970622,4.1568039744057,3.22730674990237e-05,0.000129027981017013,"S000006381","S000006381",NA
"S000006383",450.389578259017,1.06238093613185,0.173894881072395,6.1093284033448,1.00051263994083e-09,7.98950478127819e-09,"S000006383","S000006383","HDA3"
"S000006386",57.574456355739,-1.08496740230419,0.483346810009743,-2.24469755429299,0.024787555165886,0.0482527868263173,"S000006386","S000006386","SMX3"
"S000006388",3331.23814584986,1.11120868895407,0.250736308894611,4.43178211345979,9.34574323467692e-06,4.15895935077529e-05,"S000006388","S000006388","GDB1"
"S000006391",395.662529740621,-1.36486938642882,0.297798144215965,-4.58320312916057,4.57906821280833e-06,2.16239762426031e-05,"S000006391","S000006391","RPO26"
"S000006395",2996.3145458746,1.62822141849133,0.146606585817257,11.1060591815492,1.1721924488334e-28,5.07753290246466e-27,"S000006395","S000006395","QCR2"
"S000006396",886.458044644772,2.26590347702363,0.36765693762255,6.1630918531718,7.13380978243616e-10,5.81226910690773e-09,"S000006396","S000006396","AQY1"
"S000006397",122.750651909981,1.21561346891798,0.1892007634,6.42499241056435,1.31876096632843e-10,1.18866164345262e-09,"S000006397","S000006397","HPA2"
