"","baseMean","log2FoldChange","lfcSE","stat","pvalue","padj","sgd","systematic","genename"
"S000029717",3736.82780548423,-2.95620352069921,0.625948830773051,-4.72275587933965,2.32670072012613e-06,1.17328852896813e-05,"S000029717","S000029717","ETS1-1"
"S000029707",3717.47985387149,-2.94713291575131,0.624441523716593,-4.71962994742945,2.36274070671245e-06,1.18848209952468e-05,"S000029707","S000029707","ETS1-2"
"S000119380",34.1924490559531,2.16812606857025,0.480873672811947,4.50872275018086,6.52190706587344e-06,3.00676894667871e-05,"S000119380","S000119380","HRA1"
"S000132612",276.63052496327,1.55941560264373,0.254375005672199,6.13038061079505,8.76690849527245e-10,8.19651491460178e-09,"S000132612","S000132612","ICR1"
"S000007436",25.9903319387323,-1.33132029472432,0.528653982047071,-2.51832075409541,0.01179158842747,0.0245664892462965,"S000007436","S000007436","NME1"
"S000132614",57.8938284853734,1.48180061586348,0.546265655051312,2.7126007321919,0.00667574880084275,0.0150148238811633,"S000132614","S000132614","PWR1"
"S000007287",26.4436312739741,-1.98887378953706,0.741868154698751,-2.68089926348797,0.00734246154779014,0.0162712406990226,"S000007287","S000007287","15S_RRNA"
"S000007260",12.3772997358867,-2.66276875429359,0.708658519298072,-3.75747794146477,0.00017163449125739,0.000579591291004345,"S000007260","S000007260","COX1"
"S000007261",43.3817846497885,-3.78777500982654,0.601018158335787,-6.30226384559636,2.93329269249297e-10,2.92285839369331e-09,"S000007261","S000007261","AI1"
"S000007262",25.9793291531659,-3.1282067552888,0.64532786269678,-4.84746891636795,1.25046617557288e-06,6.63353025825929e-06,"S000007262","S000007262","AI2"
"S000007268",18.8757165230237,-2.61065843185093,0.672405485640115,-3.88256563577204,0.000103360104432996,0.000368025540385019,"S000007268","S000007268","ATP6"
"S000007270",29.1933144548015,-2.66570007168593,0.476295372006625,-5.59673729445529,2.18423294141525e-08,1.62562009150324e-07,"S000007270","S000007270","COB"
"S000007273",85.3955642534725,-2.8671498338139,0.580262699606579,-4.94112379747629,7.76735684607174e-07,4.28664120716755e-06,"S000007273","S000007273","BI4"
"S000007288",85.9869667277454,-1.76270494827845,0.604719174944761,-2.91491492466642,0.0035578551510533,0.00856188883472899,"S000007288","S000007288","21S_RRNA"
"S000006490",20.5826485742341,-4.41536871866327,1.50758922908961,-2.928761119718,0.0034031585341373,0.00823216453367271,"S000006490","S000006490","RPR1"
"S000028470",42635.6639261714,-1.46503320177226,0.321551073624596,-4.55614464370489,5.21010652580227e-06,2.45846797741814e-05,"S000028470","S000028470","RUF5-1"
"S000028474",39008.6530791013,-1.48813633986228,0.377874962668863,-3.93817131823668,8.21049656708002e-05,0.000300154218763745,"S000028474","S000028474","RUF5-2"
"S000006491",56.1703821074049,-1.3815291505048,0.371292171528625,-3.72086797525785,0.000198539218925913,0.000655016239535847,"S000006491","S000006491","SCR1"
"S000007293",95.7861567407804,-1.04016182438136,0.441684753895803,-2.35498693402204,0.0185233570020101,0.036566928691509,"S000007293","S000007293","SNR11"
"S000007294",48.2888056789615,-3.03073648803862,0.471929589346678,-6.42200988548791,1.34486686478616e-10,1.39852217493566e-09,"S000007294","S000007294","SNR17A"
"S000007295",95.8976069286628,-1.37052334032094,0.356149171014306,-3.84817220384851,0.000119002393528263,0.00041827986656957,"S000007295","S000007295","SNR19"
"S000007497",45.2160874879465,-3.24782458138276,0.627466607861327,-5.17609150939957,2.26582355304818e-07,1.39636884471884e-06,"S000007497","S000007497","SNR30"
"S000006501",15.0755193508396,-1.78365918816023,0.634876271969239,-2.80945952292047,0.00496247589055337,0.0115407753329555,"S000006501","S000006501","SNR37"
"S000006502",14.7791046009179,-1.36905167108656,0.558341258433276,-2.45199803956484,0.0142065435941501,0.0289247136166849,"S000006502","S000006502","SNR42"
"S000028467",16.3617854893821,-2.8021658793899,0.565924250484533,-4.95148578098701,7.36490018366977e-07,4.07949070891221e-06,"S000028467","S000028467","SNR82"
"S000028466",49.1430173562831,-1.29586437653145,0.339498417572737,-3.81699680898752,0.000135085916555147,0.000468790953071205,"S000028466","S000028466","SNR84"
"S000029010",739.058501360815,-2.11981249174362,0.417374695001172,-5.07891953473046,3.79587425236984e-07,2.23411132683468e-06,"S000029010","S000029010","SRG1"
"S000000005",195.791054525283,-1.93021623108777,0.26134739853104,-7.38563399496981,1.51728644869601e-13,2.33050553765272e-12,"S000000005","S000000005","ERP2"
"S000000008",213.191277914728,1.33939922290872,0.213326561784977,6.27863315145334,3.41562441862536e-10,3.36587146064539e-09,"S000000008","S000000008","MDM10"
"S000000010",730.509993036141,-2.75855840916748,0.295917258946501,-9.32205988588927,1.14103176507033e-20,3.81675125416026e-19,"S000000010","S000000010","CYS3"
"S000000016",29.2910297515288,3.20199670127168,0.734353374635095,4.36029411979318,1.29887739683873e-05,5.63033895346724e-05,"S000000016","S000000016","LDS1"
"S000000021",954.575285010164,-1.72176624588976,0.206250665126395,-8.3479306349612,6.946935140381e-17,1.57839609359374e-15,"S000000021","S000000021","PMT2"
"S000000023",256.262966550767,-1.42993336884519,0.590735911247644,-2.42059665176805,0.0154950595283265,0.0312130322582984,"S000000023","S000000023","MAK16"
"S000028730",44.0927485171115,-1.61359493556486,0.337534947380906,-4.78052701827028,1.74836258950033e-06,8.98965939486037e-06,"S000028730","S000028730",NA
"S000000032",49.5329133198097,-1.2954009644794,0.360928934207445,-3.58907486129903,0.000331853543343019,0.00103635383011842,"S000000032","S000000032","MTW1"
"S000000034",384.367117688053,-1.65030858039045,0.403891361780906,-4.08602098622171,4.38834107109741e-05,0.000170545503437067,"S000000034","S000000034","RBG1"
"S000000047",972.470719254738,1.22132142305754,0.146044422732083,8.36267075599346,6.13141482783182e-17,1.40369766837929e-15,"S000000047","S000000047","AIM2"
"S000000050",16934.0316008188,3.1476590891955,0.650619475234788,4.83794169865513,1.31190607752521e-06,6.92630184580094e-06,"S000000050","S000000050","ACS1"
"S000000066",118.602476888505,-1.25050672277805,0.216400493876212,-5.77866852509764,7.52941015315953e-09,6.11802679246607e-08,"S000000066","S000000066","SEN34"
"S000000067",765.035016424993,-1.171898442173,0.184842054885434,-6.33999899481399,2.29766661390101e-10,2.31729492165795e-09,"S000000067","S000000067",NA
"S000000068",361.241999231455,1.63271691933164,0.201097625475843,8.11902634587683,4.69938504823748e-16,9.89335572567759e-15,"S000000068","S000000068",NA
"S000001821",16.4711797997401,-1.34942422187755,0.506166003451862,-2.66597166280427,0.00767661633053259,0.0169245356741621,"S000001821","S000001821",NA
"S000000080",7854.09531447885,2.29649774409738,0.529689969110214,4.33555075236764,1.45395621766798e-05,6.25751993322294e-05,"S000000080","S000000080","YAT1"
"S000000087",22.185716735321,1.38637369838955,0.462336998769107,2.99862157275004,0.00271203931783087,0.00673368607532357,"S000000087","S000000087",NA
"S000002144",18.6774698955724,1.76884801617265,0.540559282247202,3.27225537376629,0.00106693157638409,0.00291205576673102,"S000002144","S000002144",NA
"S000000091",13.2638158342196,3.19733024773831,0.737629948986276,4.33459928265168,1.46025873833546e-05,6.27567299323185e-05,"S000000091","S000000091",NA
"S000000098",450.245246676024,-1.92924033995671,0.405071908982392,-4.76271076116654,1.91009529949121e-06,9.74833378866283e-06,"S000000098","S000000098","HTB2"
"S000000105",149.191595012858,-2.51518172608637,0.286750712885767,-8.77131812777163,1.76586753997942e-18,4.7465573474179e-17,"S000000105","S000000105","ALK2"
"S000000111",6286.17433137421,3.5923519156566,0.517171364655971,6.94615394656717,3.75379135896314e-12,4.83973828101008e-11,"S000000111","S000000111","ACH1"
"S000000123",3648.66502243682,-1.18314394159229,0.354535099219598,-3.33717012560005,0.000846361244801732,0.00238239413508706,"S000000123","S000000123","RPL19B"
"S000000124",54.9598364379894,-1.39251525568438,0.337153391884228,-4.13021280284952,3.62427598861143e-05,0.000143375596106632,"S000000124","S000000124",NA
"S000000127",64.9987754560866,-3.06768609884013,0.440906683385663,-6.95767656612457,3.4593026290441e-12,4.48889248480055e-11,"S000000127","S000000127","SHE1"
"S000000131",364.501948737866,-1.02694825813496,0.226177652628804,-4.54044971374939,5.61343664147585e-06,2.6343337504541e-05,"S000000131","S000000131","POL12"
"S000000135",365.264951753711,-3.56741167375971,0.430868771015593,-8.27957817725111,1.23612361513861e-16,2.71631397326627e-15,"S000000135","S000000135","URA7"
"S000000139",698.997898500555,1.6968550538947,0.530290039850286,3.19986220064357,0.00137493307235667,0.00364690397738304,"S000000139","S000000139","ECM13"
"S000000150",446.11744906236,-1.21816424765816,0.263275205845061,-4.62696152396158,3.71069416866689e-06,1.80615113900916e-05,"S000000150","S000000150","TOD6"
"S000000151",309.567878357801,-1.1181075100998,0.215790898253526,-5.18143962117519,2.20179864228541e-07,1.36109133728957e-06,"S000000151","S000000151",NA
"S000000158",54.0303277965427,-1.09997567663235,0.399896547035516,-2.75065059897769,0.00594770452476301,0.013544299903025,"S000000158","S000000158",NA
"S000000160",4659.22621691952,1.20789442532096,0.112550883035026,10.731985327428,7.20317218333386e-27,4.33702997158532e-25,"S000000160","S000000160","PRX1"
"S000000165",474.829590908761,-1.40480407887382,0.26859217629392,-5.23024943711149,1.69281473986979e-07,1.06504049621275e-06,"S000000165","S000000165","AST1"
"S000000167",55.8685019552293,-2.19420725707307,0.388586615346427,-5.64663622064523,1.6361753173231e-08,1.24229654295112e-07,"S000000167","S000000167",NA
"S000007587",46.7313578689356,-1.94636439705806,0.380118009958082,-5.12042141142615,3.04853642598207e-07,1.8355237820838e-06,"S000007587","S000007587","KTI11"
"S000000172",2435.49485229994,-1.39277182404408,0.293150638192787,-4.75104483016044,2.0236825623087e-06,1.02650317671952e-05,"S000000172","S000000172","ILS1"
"S000000173",294.667881200426,-2.21789871109283,0.273557862754881,-8.10760359346774,5.16278468865471e-16,1.07934467397188e-14,"S000000173","S000000173",NA
"S000000174",2156.27708007274,-1.92230473825876,0.299347024508413,-6.42165974896715,1.34796452306379e-10,1.39932661954605e-09,"S000000174","S000000174","ATG8"
"S000000176",249.149873417793,1.92795315241856,0.26030334050728,7.40656323757258,1.29614450794524e-13,2.00104771342007e-12,"S000000176","S000000176","PET112"
"S000000177",112.837752977946,-4.0413323632554,0.377039973101145,-10.7185780065056,8.32737287003611e-27,4.867874956358e-25,"S000000177","S000000177",NA
"S000000178",163.499284268233,-1.00466982837919,0.246984659744148,-4.06774181611087,4.74709358012211e-05,0.000182517563511591,"S000000178","S000000178","ALG3"
"S000000179",25.0618423318135,-2.27766316504223,0.559019230104748,-4.07439143840445,4.61348277719099e-05,0.000178291269585796,"S000000179","S000000179",NA
"S000000183",1143.63449948438,-1.3867093758732,0.404478408260378,-3.42838912424843,0.000607174493137312,0.00179030245993132,"S000000183","S000000183","RPL23A"
"S000000186",308.136812746247,1.05019114587318,0.196867196513453,5.33451567590851,9.57999119690694e-08,6.31084540443946e-07,"S000000186","S000000186","MRP21"
"S000000188",3098.75919727707,-1.22760753739084,0.36696200808163,-3.34532597477436,0.000821859160444765,0.00232101970217539,"S000000188","S000000188","RPL32"
"S000000194",279.878572402772,1.06981563788641,0.207207415259905,5.16301811180123,2.42999617728736e-07,1.48991924475022e-06,"S000000194","S000000194","BNA4"
"S000000196",142.262875413962,1.42179832051501,0.329986468410878,4.30865643479863,1.64249282135622e-05,6.9693088635559e-05,"S000000196","S000000196",NA
"S000002149",305.940289588046,1.21984973150846,0.181785438101779,6.71038199894471,1.94115567765982e-11,2.26945598741549e-10,"S000002149","S000002149",NA
"S000000201",1892.17965049369,1.18136650927286,0.271206219099068,4.3559713092026,1.32478129677037e-05,5.73025013495288e-05,"S000000201","S000000201","PKC1"
"S000000202",473.284168702769,1.22604904252096,0.251246505446352,4.87986505660177,1.06158451767971e-06,5.70187366721636e-06,"S000000202","S000000202","SRO77"
"S000002151",34.7776207551106,19.6306421570868,3.45682814671895,5.67880187382736,1.35641480379033e-08,1.04068780613506e-07,"S000002151","S000002151",NA
"S000000205",1625.83974014285,1.04728573098267,0.260001536976384,4.02799823094043,5.62537668575839e-05,0.000212753725031101,"S000000205","S000000205","NTH2"
"S000000208",541.943175429265,-1.56757200994215,0.5101786795586,-3.07259411800272,0.00212206902747523,0.00539112979511745,"S000000208","S000000208","GPI18"
"S000000216",13.2821306268077,-2.96931200299875,0.681703180386973,-4.35572561259463,1.32626830833598e-05,5.7325638797494e-05,"S000000216","S000000216",NA
"S000002155",326.826132809453,1.55379086795443,0.238032781972414,6.52763394638015,6.6816747013997e-11,7.29723790881528e-10,"S000002155","S000002155",NA
"S000000217",89.198747441047,1.12192807543095,0.293119830466589,3.82754068070067,0.000129429997594703,0.000450982647869042,"S000000217","S000000217",NA
"S000000220",384.852384305713,-1.11451143102145,0.342164998392485,-3.25723389667998,0.00112503688024997,0.00304853602879617,"S000000220","S000000220",NA
"S000000222",68.0878373082196,2.94993116871848,0.365106105466268,8.07965444716734,6.49505536860963e-16,1.34850787497926e-14,"S000000222","S000000222","GAL7"
"S000000223",270.595528696602,1.64077250589717,0.363153194594927,4.51812769464232,6.23888565969606e-06,2.89624753716499e-05,"S000000223","S000000223","GAL10"
"S000000224",229.130448804834,1.66179144923538,0.437082277145171,3.80201059647047,0.000143526587060473,0.000495512374249489,"S000000224","S000000224","GAL1"
"S000000230",3892.97160954385,1.54174719463979,0.509669024054914,3.02499685457375,0.0024863571309134,0.00622468036807882,"S000000230","S000000230","ETR1"
"S000000233",417.967300792665,-1.8103967153376,0.233369245458423,-7.75764909288419,8.65181403448824e-15,1.63299599691704e-13,"S000000233","S000000233","CDS1"
"S000000234",166.201206143454,-1.4819299807431,0.417716285090752,-3.54769501127096,0.000388617942627323,0.0011999326320816,"S000000234","S000000234","RKM3"
"S000000235",6568.2460247234,-1.86443386360616,0.313786573373882,-5.94172607055641,2.8203643615894e-09,2.44436185736819e-08,"S000000235","S000000235","RPL4A"
"S000000238",392.204540650397,-1.45945206239815,0.585609568497145,-2.49219299155845,0.0126957033191026,0.0262232691884448,"S000000238","S000000238","HMT1"
"S000000240",2428.07997664272,-1.0067921785227,0.2474812469817,-4.06815542915518,4.73867697287623e-05,0.000182418503044467,"S000000240","S000000240","CSG2"
"S000000242",265.22009452513,1.28210367262915,0.236623851953704,5.41831967505961,6.01617757762165e-08,4.12567257344646e-07,"S000000242","S000000242","CHS2"
"S000000244",18.4991697951633,1.49796783010944,0.397071702982228,3.77253734995186,0.000161595766612614,0.000550010237860119,"S000000244","S000000244","FIG1"
"S000000246",215.677724494753,-1.10773839607366,0.229831154348124,-4.8197921609695,1.43707856379189e-06,7.53059184733768e-06,"S000000246","S000000246","CST26"
"S000000247",1064.41008186165,1.33486740641121,0.352922885514001,3.78232033456003,0.000155373233216263,0.000531837542464536,"S000000247","S000000247","QDR3"
"S000000250",3598.05406427862,-1.274753351944,0.505326423722425,-2.52263347432672,0.0116479736609556,0.0243032986923981,"S000000250","S000000250","ZTA1"
"S000000251",373.210822378746,1.38393225998718,0.247654390023656,5.58815961168703,2.29488671368677e-08,1.69748315762998e-07,"S000000251","S000000251","FMP23"
"S000000252",1320.13975838649,-2.04134253541743,0.375151412103883,-5.44138305109768,5.28684957035527e-08,3.67152494384188e-07,"S000000252","S000000252","RPS11B"
"S000000254",887.536851821822,3.14386432389898,0.190317473392996,16.5190524435297,2.67568775274506e-61,7.67157902822763e-59,"S000000254","S000000254","REG2"
"S000000255",71.8309482499422,2.81027495999687,0.276435559210881,10.1661123772178,2.80897119660894e-24,1.35302524598259e-22,"S000000255","S000000255",NA
"S000000258",21273.2108649648,2.37217901759762,0.639494577344706,3.70945915983733,0.000207702456192491,0.000683375130456277,"S000000258","S000000258","YRO2"
"S000028736",18.0803138732557,-4.61488560764575,1.34355169132473,-3.43484038421739,0.000592902941525152,0.00174993559358968,"S000028736","S000028736",NA
"S000000269",453.674977655914,-1.08415076107168,0.230370874650076,-4.70611036537697,2.52487862810409e-06,1.25742714804092e-05,"S000000269","S000000269","ECM2"
"S000000272",9612.51005967447,1.18950265150925,0.191389536673424,6.21508715776322,5.12961692564033e-10,4.93377372352723e-09,"S000000272","S000000272","BAP2"
"S000000273",1196.63858498324,1.14294098944727,0.466826760791777,2.44831934550783,0.0143524383850385,0.029165046073681,"S000000273","S000000273","TAT1"
"S000000277",858.158596246003,-2.01434170445898,0.11930568098032,-16.8838708090628,5.91369796337853e-64,1.87401975986853e-61,"S000000277","S000000277","RDH54"
"S000000280",236.508340999247,-1.31010883957753,0.21310114812056,-6.14782628405335,7.8551994732636e-10,7.39002437945627e-09,"S000000280","S000000280","ECM8"
"S000000282",2864.04966866941,-2.37255557612492,0.314279059712617,-7.54920031355075,4.379388657137e-14,7.44867206345251e-13,"S000000282","S000000282","ECM33"
"S000000286",845.46054466087,-1.60207745569734,0.487472598099514,-3.28649746045887,0.00101441688569209,0.00278895162956717,"S000000286","S000000286","UBC4"
"S000000288",457.312742512659,-3.0621653771583,0.384817853271868,-7.9574410363828,1.75633773443375e-15,3.52496983300854e-14,"S000000288","S000000288","MIS1"
"S000007522",1741.84832679613,-2.94101744459902,0.260875662104767,-11.2736367236048,1.77100614641735e-29,1.30039365946084e-27,"S000007522","S000007522",NA
"S000000292",528.653428373233,-2.70308320969623,0.232890473818461,-11.6066714339003,3.81166255538288e-31,3.06000269946138e-29,"S000000292","S000000292","POL30"
"S000000293",391.13525296008,-2.74468474181117,0.212525967747119,-12.9145853135322,3.72445147406603e-38,4.23111741987766e-36,"S000000293","S000000293",NA
"S000000296",237.984267884995,-1.86863086968929,0.348211798811588,-5.36636287474099,8.0340227820826e-08,5.40478784032618e-07,"S000000296","S000000296","PHO3"
"S000000297",2475.05250135048,-2.395243158561,0.231857757399732,-10.330657837044,5.12081812838876e-25,2.61291914839226e-23,"S000000297","S000000297","PHO5"
"S000000298",665.040142149064,1.17501054647786,0.178539605681822,6.58123188964506,4.66566238025885e-11,5.2118651561296e-10,"S000000298","S000000298","PBY1"
"S000000300",253.012621218785,-1.64673638767322,0.221704291658891,-7.42762521803975,1.10564699376836e-13,1.73814635756639e-12,"S000000300","S000000300",NA
"S000000301",490.446311602999,1.5687559304805,0.185118750268754,8.47432217537653,2.36452216236291e-17,5.64951902364567e-16,"S000000301","S000000301","VPS15"
"S000000302",385.168340803216,1.11971980487626,0.182159851911264,6.14690774683829,7.90080493122107e-10,7.42133330590984e-09,"S000000302","S000000302","MMS4"
"S000000303",63.4962746489862,1.37513438681926,0.25833317649986,5.32310408384577,1.02011335928545e-07,6.68346304271785e-07,"S000000303","S000000303",NA
"S000000305",2658.99559797761,-1.93808557072885,0.34308511088743,-5.64899352733718,1.61389931756282e-08,1.22734188415354e-07,"S000000305","S000000305","FES1"
"S000000309",908.256502290502,-1.2856736310166,0.292634035121513,-4.39345215085026,1.11564753476868e-05,4.90314876411842e-05,"S000000309","S000000309","VID24"
"S000000310",1085.42716348009,-1.58483962024595,0.417807121541072,-3.79323266295774,0.000148698708871558,0.00051044180508304,"S000000310","S000000310","PHO88"
"S000000317",27.504517085864,1.22416892611784,0.493462175894669,2.48077560128771,0.013109687454459,0.0269765646491107,"S000000317","S000000317",NA
"S000000318",1252.35314268272,-2.15221785944727,0.28235262117824,-7.62244689093445,2.48911544204306e-14,4.34404755841777e-13,"S000000318","S000000318","RAD16"
"S000000320",806.608631676469,1.26145615498808,0.385617691482894,3.2712611035483,0.00107069006562778,0.00291702483490719,"S000000320","S000000320",NA
"S000000321",7338.26167365168,1.74621860037673,0.395876726248866,4.41101606786296,1.0288668217274e-05,4.55835697838168e-05,"S000000321","S000000321","TKL2"
"S000000325",1636.87157103819,-1.19023833482763,0.427779092944947,-2.78236677401343,0.00539640160823442,0.0124251373167034,"S000000325","S000000325","GRS1"
"S000028600",110.912325771254,-1.45193874045529,0.548810742066403,-2.64560918576119,0.00815439660815859,0.0178345586260142,"S000028600","S000028600","MEO1"
"S000000332",363.439466181399,1.02834082082937,0.204933349610758,5.01792813508665,5.22317068806791e-07,3.00083117489093e-06,"S000000332","S000000332","ATG14"
"S000000333",339.706944529703,1.04787678168547,0.187893483590949,5.57697245087402,2.44740609898295e-08,1.79705269780199e-07,"S000000333","S000000333","OPY1"
"S000000334",224.114927365106,-1.21760150327821,0.309294778820232,-3.93670241677729,8.26089427459885e-05,0.00030181337637961,"S000000334","S000000334","SHE3"
"S000000340",554.630328363752,1.18518923387025,0.261589413173953,4.53072324101325,5.87821029438734e-06,2.74788075951135e-05,"S000000340","S000000340","MEC1"
"S000000343",1877.62916623354,1.02828212964225,0.303319314823717,3.39009775964932,0.000698677035592414,0.00202441502950045,"S000000343","S000000343",NA
"S000000346",325.803212860876,-1.25583217894856,0.364518546236975,-3.44518047685874,0.000570678222568851,0.00169430649807054,"S000000346","S000000346","MAK5"
"S000000353",3943.1325625909,1.07353469664304,0.374529197880493,2.86635782395151,0.0041522462319178,0.00981958938035234,"S000000353","S000000353","ARA1"
"S000000359",205.045681574632,-1.18217177730353,0.316054461162479,-3.74040528634018,0.000183723768966132,0.00061369584812233,"S000000359","S000000359","CNS1"
"S000000361",1113.91153862433,2.14325531424723,0.328934097387788,6.51575902671012,7.23230010954182e-11,7.81789568394099e-10,"S000000361","S000000361","ICS2"
"S000000362",594.97354987771,-2.38998027616773,0.278782459545902,-8.57292198390341,1.0089185531336e-17,2.54171489891941e-16,"S000000362","S000000362","AMN1"
"S000000366",1902.94593894868,-3.99818350699522,0.284328733489537,-14.0618341942649,6.51748246764528e-45,1.06058816047817e-42,"S000000366","S000000366","TOS1"
"S000002158",22.6246235686214,-1.86700132222747,0.44617376766747,-4.18447129240223,2.85830563801869e-05,0.000115579974791877,"S000002158","S000002158","YSY6"
"S000000372",244.535862124391,1.47346933780496,0.256885915447241,5.73588993868986,9.70016404498437e-09,7.7254877929697e-08,"S000000372","S000000372","PEX32"
"S000000375",218.213916398854,-1.25514812835219,0.159765961059555,-7.85616735898028,3.9606579220249e-15,7.69261978984255e-14,"S000000375","S000000375","SEC66"
"S000000379",86.7563218125884,-1.86476879800885,0.385262984417643,-4.84024905955499,1.29676507386411e-06,6.86100396286098e-06,"S000000379","S000000379","SWD3"
"S000000381",1104.14317567655,-3.72191973264743,0.358393888428169,-10.3849977715047,2.90176097875386e-25,1.53258796956816e-23,"S000000381","S000000381","EHT1"
"S000000385",2980.64870605915,-1.0958606077136,0.438078231376774,-2.501518060529,0.0123662134873265,0.0255953837769655,"S000000385","S000000385","RPS6B"
"S000000386",261.268787011816,-1.27186473628397,0.290166114087701,-4.38322972440386,1.16932694420316e-05,5.09444104996182e-05,"S000000386","S000000386","SMP1"
"S000000391",385.756420670266,-1.67200059554484,0.36434673470058,-4.58903686050291,4.4529580127819e-06,2.13552168870477e-05,"S000000391","S000000391","GDT1"
"S000000393",3101.4702685831,-1.85990490113945,0.444113896504195,-4.18790070695724,2.81546636992722e-05,0.000114077543831304,"S000000393","S000000393","RPS9B"
"S000000395",2107.02314634258,-1.3047805028162,0.432391008200851,-3.01759397875849,0.00254790024907989,0.00635760770812682,"S000000395","S000000395","RPL21A"
"S000000400",11032.9927548146,1.11106779269763,0.284420590920844,3.90642530169992,9.36715825217469e-05,0.000336513483510405,"S000000400","S000000400","PGI1"
"S000000406",380.878861298112,1.10267618328671,0.266929538025493,4.13096351735115,3.61245915185588e-05,0.000143002081218437,"S000000406","S000000406","MCM7"
"S000000416",7163.98449022644,-1.51148293577658,0.460581689785882,-3.28168264022664,0.00103189672816727,0.00282925783255699,"S000000416","S000000416","NGR1"
"S000000417",126.077296998119,-1.41169445350599,0.218182176739995,-6.47025561207179,9.78372704376241e-11,1.03528682830393e-09,"S000000417","S000000417","MET8"
"S000000433",932.618943351387,1.25881715180435,0.126943485254709,9.91635883699395,3.53414259837629e-23,1.49852623836786e-21,"S000000433","S000000433","ROT2"
"S000000434",3555.40581848604,1.80822840197585,0.197168339222438,9.17098763983542,4.68704834616394e-20,1.4931596874208e-18,"S000000434","S000000434","OM14"
"S000000437",102.165302060253,-1.18188905760452,0.349775876025193,-3.37898962911724,0.000727527525934916,0.00209566095109004,"S000000437","S000000437","PBP2"
"S000000444",503.919156384761,1.86203517692989,0.17827105516212,10.4449663757055,1.54510133225297e-25,8.38113074008572e-24,"S000000444","S000000444","THI2"
"S000000445",2561.25010673432,1.44015412872624,0.365449719239675,3.9407722948112,8.12196969653341e-05,0.000297098296128965,"S000000445","S000000445",NA
"S000000447",231.564547784331,-1.3341068066348,0.243574001625879,-5.47721348637176,4.32075812173458e-08,3.04628625889507e-07,"S000000447","S000000447","ALG7"
"S000000448",72.2319872405196,-1.11658584587192,0.273079874076469,-4.08886172826947,4.33495145501121e-05,0.000168793350930946,"S000000448","S000000448","GPX2"
"S000000451",343.880913676355,-1.28899984303293,0.311448043965441,-4.13873154129028,3.4923130700042e-05,0.000139068895466239,"S000000451","S000000451","ENP1"
"S000000452",616.019692532752,-1.07368267857747,0.403263515715998,-2.66248405009102,0.00775662455595911,0.0170821640275895,"S000000452","S000000452","HIS7"
"S000000456",122.457149580914,-1.76260591026313,0.255879695751309,-6.88841646887144,5.64168446039449e-12,7.16636753924794e-11,"S000000456","S000000456","DUT1"
"S000000463",279.62814241354,1.20938816628742,0.239570296493449,5.04815573545233,4.46095446118895e-07,2.58761144612896e-06,"S000000463","S000000463",NA
"S000000465",159.834722969452,-1.39994154518821,0.24450537160332,-5.72560650102788,1.03064864143278e-08,8.14374733604564e-08,"S000000465","S000000465","TAE1"
"S000000481",82.3509585880887,1.30364771652516,0.359970203541818,3.62154340469936,0.000292850658203371,0.000929068986975577,"S000000481","S000000481",NA
"S000000482",251.353520451839,1.22913589356498,0.361702366569927,3.39819699058385,0.000678315581888678,0.00197807574939802,"S000000482","S000000482","DPB3"
"S000000489",266.806853722446,1.67009046918966,0.25746895609637,6.48657024330554,8.78123493589555e-11,9.3578434600048e-10,"S000000489","S000000489",NA
"S000000498",636.080344281551,1.20467596271534,0.339230183242153,3.55120511742732,0.000383471435370546,0.00118464931368192,"S000000498","S000000498","SUL1"
"S000000501",396.855748700772,1.52199775871771,0.162368560660263,9.37372205880611,7.00188099002477e-21,2.40904716805366e-19,"S000000501","S000000501","MAL33"
"S000000503",37.8540936116557,-1.20060874747305,0.386859972345704,-3.10347110917995,0.00191264908173867,0.00491299493223059,"S000000503","S000000503","MAL32"
"S000028508",22.9891069668131,-1.00147831492806,0.410271183302197,-2.44101549338011,0.0146460264042721,0.0296814961225588,"S000028508","S000028508","VMA9"
"S000000520",420.893794435397,1.06383084388752,0.141171547814416,7.53573124583174,4.85605803864764e-14,8.17077555409641e-13,"S000000520","S000000520","BUD3"
"S000000524",243.782132719794,3.19155662595442,0.331077840737387,9.6398980337859,5.42418284151977e-22,2.08019139419048e-20,"S000000524","S000000524",NA
"S000000527",48.2018494505243,-1.26684370464618,0.324050623527556,-3.90940060801473,9.25254143482325e-05,0.000332991942492951,"S000000527","S000000527",NA
"S000007548",71.8940987274608,-3.30014935395596,0.439841177514671,-7.50304774237715,6.23508296827103e-14,1.02853245347835e-12,"S000007548","S000007548","HBN1"
"S000000532",111.088739354963,-1.41295488734729,0.239409944130604,-5.90182205036768,3.59508819297294e-09,3.05914916370316e-08,"S000000532","S000000532","FUS1"
"S000000537",398.337529544753,1.62287324070109,0.237343476734625,6.83765681293881,8.04989533175263e-12,9.97292588322687e-11,"S000000537","S000000537","STE50"
"S000000541",181.906550055992,-1.4900868250814,0.492906654599574,-3.02306088014153,0.00250231896790683,0.00625683658877368,"S000000541","S000000541","GFD2"
"S000000542",16.0341180698272,-2.17033359160287,0.645763819261975,-3.36087827602866,0.000776950581589449,0.00221900625299896,"S000000542","S000000542","SRO9"
"S000000543",794.752795186869,1.0652979800555,0.144822449788278,7.35588979203784,1.89659449113067e-13,2.89098618508804e-12,"S000000543","S000000543","ATG22"
"S000000548",4771.55135297665,-1.19698077250826,0.145189607837725,-8.24425928504539,1.66186445142307e-16,3.61230536534956e-15,"S000000548","S000000548","PDI1"
"S000000551",38.7196922687213,1.67661037998872,0.441158327783455,3.80047315079065,0.000144420066237077,0.000498311300179622,"S000000551","S000000551",NA
"S000087203",165.793485513014,-2.59073542370003,0.267604732629683,-9.68120181672998,3.62430141347146e-22,1.43565255332313e-20,"S000087203","S000087203",NA
"S000000555",710.586390693107,-1.31166933303425,0.316482002122851,-4.14453057120475,3.40510529496059e-05,0.000135902553927657,"S000000555","S000000555","APA1"
"S000000569",1665.11552095031,-2.88360583457042,0.703493317994727,-4.09898112861967,4.14972865347637e-05,0.000162349033285128,"S000000569","S000000569","CHA1"
"S000000598",20995.8620395735,3.2158538454242,0.5027199294025,6.39690940688657,1.58553331377092e-10,1.63187967217346e-09,"S000000598","S000000598","CIT2"
"S000000601",2070.0493060636,-1.89370729507275,0.303414467691437,-6.24132167948756,4.33888891499926e-10,4.21577027303831e-09,"S000000601","S000000601","SAT4"
"S000000602",1849.01011828655,-1.58286325257153,0.299631631742035,-5.28269743541056,1.27295530361336e-07,8.17107023779959e-07,"S000000602","S000000602","RVS161"
"S000000603",21816.2599230973,3.26235350566219,0.916200562660059,3.56074165266872,0.000369808797662555,0.00114538002609375,"S000000603","S000000603","ADY2"
"S000000604",2049.97465843184,1.46347784991435,0.138001132338048,10.6048249396201,2.82993465086745e-26,1.62276538408314e-24,"S000000604","S000000604","ADP1"
"S000000605",27202.2186352406,1.20451758166377,0.371147310208125,3.2453894950453,0.00117290076844102,0.00316257748624425,"S000000605","S000000605","PGK1"
"S000000607",706.833046112242,1.2023587517877,0.204535567372259,5.87848249199309,4.14044590013728e-09,3.50135179279868e-08,"S000000607","S000000607","POL4"
"S000000609",105.867467352882,-2.05648728504032,0.551370056938895,-3.72977686974436,0.000191649411767245,0.000637173444644165,"S000000609","S000000609",NA
"S000000613",198.570651326403,1.03253369064957,0.218774335659815,4.71962896166723,2.36275215600572e-06,1.18848209952468e-05,"S000000613","S000000613","PET18"
"S000000615",47397.5700564487,-1.46375518534028,0.601365379730124,-2.4340529646006,0.0149308101449548,0.0301875110418982,"S000000615","S000000615","HSP30"
"S000000627",2695.35376083331,-1.55189752713421,0.305644542127225,-5.0774586594392,3.82516700164269e-07,2.2469590748186e-06,"S000000627","S000000627","RPS14A"
"S000000630",388.888836473972,-3.24681430208049,0.337970303506995,-9.60680352205349,7.48361368291228e-22,2.79868558911893e-20,"S000000630","S000000630","ELO2"
"S000000634",211.168040110658,1.07920897197582,0.187765264495861,5.74764973102682,9.04924547666872e-09,7.23493167846227e-08,"S000000634","S000000634","BUD5"
"S000000637",34.6980241098905,-1.8506877556704,0.508200433586451,-3.64164930480243,0.000270896940873282,0.000864830583774142,"S000000637","S000000637",NA
"S000000638",779.436474675221,1.02669316814672,0.141419218153304,7.25992677341594,3.87299934744448e-13,5.60560794975077e-12,"S000000638","S000000638","TAF2"
"S000000639",50.4766239370491,-2.48238940490839,0.380300235899897,-6.52744639780293,6.69004372307928e-11,7.29723790881528e-10,"S000000639","S000000639",NA
"S000000643",342.080999086749,-1.01320930580111,0.17332125816492,-5.84584555021527,5.04001520418759e-09,4.20886706579937e-08,"S000000643","S000000643","BUD23"
"S000000644",614.943687360749,-1.01347103745759,0.274425689099366,-3.69306182953822,0.000221570124383335,0.000724646235150493,"S000000644","S000000644","ARE1"
"S000000646",25.7985015467424,-1.69244299247635,0.33620080561412,-5.03402420284166,4.80288993240278e-07,2.77792509923123e-06,"S000000646","S000000646",NA
"S000000653",375.781731078405,-1.44474923033793,0.483254608533183,-2.98962328517293,0.00279321701363028,0.00691243717183227,"S000000653","S000000653","PWP2"
"S000000661",309.915639580644,-2.11731548359135,0.367624264435459,-5.75945520582761,8.43858489713755e-09,6.78354067632379e-08,"S000000661","S000000661","HCM1"
"S000000668",120.670785661772,-2.61174933949005,0.597183972651926,-4.37344178527097,1.22302869356806e-05,5.31663185460991e-05,"S000000668","S000000668","RSA4"
"S000002133",748.154918854969,1.45866086264007,0.208816127843506,6.98538411617918,2.84077663021085e-12,3.7183295848912e-11,"S000002133","S000002133","PTC6"
"S000000677",385.331721777968,1.48822542404759,0.149706609151312,9.94094671226847,2.7618967163044e-23,1.18781286634777e-21,"S000000677","S000000677","SRB8"
"S000007223",120.802484467958,-2.59541219707997,0.399621172158166,-6.49468140805295,8.32093096211221e-11,8.88303640476554e-10,"S000007223","S000007223",NA
"S000000683",159.474290437286,-2.53751132278611,0.347147589184148,-7.30960375887865,2.67931294631211e-13,3.94428930311619e-12,"S000000683","S000000683",NA
"S000000684",953.676360855401,-1.05658497927389,0.228432917457891,-4.62536218961815,3.73944371893785e-06,1.81720666922718e-05,"S000000684","S000000684","ABP1"
"S000000697",99.1471892919986,1.45473137952877,0.24678874821258,5.89464223983051,3.75494026460302e-09,3.18878636575103e-08,"S000000697","S000000697",NA
"S000000698",35.6958833017313,1.26531128620697,0.360948672015074,3.50551583731585,0.000455723387659949,0.00138721461936327,"S000000698","S000000698",NA
"S000000702",120.561718121714,1.05268671505317,0.239879705552827,4.38839422712791,1.14190647311714e-05,4.99667069377784e-05,"S000000702","S000000702","ADH7"
"S000000703",181.718444207986,1.86731784124512,0.200519076500598,9.31241991451899,1.24952428253472e-20,4.11113972958554e-19,"S000000703","S000000703","RDS1"
"S000000704",137.792597165652,1.03595039330771,0.20729130034704,4.997558467593,5.80607377371648e-07,3.30107367247847e-06,"S000000704","S000000704","AAD3"
"S000002161",411.818834849699,-4.64581550477324,0.310356919514992,-14.9692667140577,1.16599770459539e-50,2.06484475863789e-48,"S000002161","S000002161","MCD1"
"S000002171",910.244364243331,-1.00651053770763,0.221543613478452,-4.54317107997124,5.54142423162561e-06,2.60256749599203e-05,"S000002171","S000002171","SLX5"
"S000002172",778.056480380408,-3.84261975489097,0.499969534278297,-7.68570781105246,1.52153408431253e-14,2.74286129390591e-13,"S000002172","S000002172","NOP1"
"S000002179",661.817720920949,2.60922337970172,0.263234119018451,9.91217775807715,3.68524353107391e-23,1.54089245143028e-21,"S000002179","S000002179","GPM2"
"S000002180",3250.96278227786,1.6662014126345,0.12777832884507,13.0397809056867,7.26655587140668e-39,8.57881037289012e-37,"S000002180","S000002180","GPD1"
"S000002181",476.524907116394,2.10857574241002,0.215791607948439,9.77135191890245,1.49444404691454e-22,5.99869840431495e-21,"S000002181","S000002181",NA
"S000002184",28.1085593492207,1.3087511759806,0.405152721658809,3.23026628235942,0.00123674973566384,0.00331248672528112,"S000002184","S000002184",NA
"S000002185",1171.11055988484,1.37973579471538,0.134830465540177,10.2331160037732,1.40911031048536e-24,6.95430588478061e-23,"S000002185","S000002185","MRX9"
"S000002195",95.3811098895637,1.13081905404632,0.393445414554784,2.87414470270529,0.00405123303583987,0.00959955691018962,"S000002195","S000002195","BSC1"
"S000002197",291.680502861709,1.02905554757835,0.197158304248036,5.21943801202379,1.79466868313479e-07,1.1255937647036e-06,"S000002197","S000002197","PRM7"
"S000002199",25.0441693769093,1.21126389287146,0.401554331830309,3.01643836675961,0.00255763207129464,0.00637924718362263,"S000002199","S000002199",NA
"S000002207",391.802080710258,3.33163596676252,0.333519440415099,9.98933064476228,1.69723920390672e-23,7.62617704979278e-22,"S000002207","S000002207","KNH1"
"S000002210",251.211830283037,-1.61797028570244,0.369932991085443,-4.3736847610024,1.22166756716623e-05,5.31478354184094e-05,"S000002210","S000002210","SLC1"
"S000002213",5788.17778196753,-3.16276140725956,0.225882647094745,-14.0017900796645,1.51993499134338e-44,2.40829699549434e-42,"S000002213","S000002213","PSA1"
"S000002214",553.536508224892,1.06476494237652,0.158164560749482,6.73200707750837,1.67338500264187e-11,1.97557864723661e-10,"S000002214","S000002214","MBP1"
"S000002219",12.879998350227,-1.38559516414598,0.528605569206762,-2.62122695041833,0.00876139149937703,0.0189552059711639,"S000002219","S000002219","RPS29B"
"S000002221",223.133420537989,-1.37393878752781,0.561992069745031,-2.44476543619406,0.0144946377323853,0.0294142951758314,"S000002221","S000002221","SYO1"
"S000002233",2030.11806075619,-1.06993872815585,0.373386830686732,-2.86549669196426,0.00416355623015498,0.00983474776844376,"S000002233","S000002233","RPL31A"
"S000002236",4350.8128366925,1.68523324464973,0.441792092887168,3.81453917302258,0.000136437294208924,0.000473207919603649,"S000002236","S000002236","MDH3"
"S000002238",428.573717780612,1.01844308839797,0.18271787744488,5.57385573124992,2.49162098282788e-08,1.82728988277791e-07,"S000002238","S000002238","THI3"
"S000002239",1140.29790305254,-1.30363946989338,0.250717333021062,-5.19963839031369,1.9967661154969e-07,1.24199677493872e-06,"S000002239","S000002239","RPP1A"
"S000002240",1183.00770642697,-1.49982274535705,0.447891951990804,-3.34862624499187,0.000812132716408414,0.00230316704883017,"S000002240","S000002240","RPL13A"
"S000002241",2069.83510677325,-1.66830010262915,0.364917759610173,-4.57171529390985,4.83747916982819e-06,2.29703959633561e-05,"S000002241","S000002241","RPS16B"
"S000002243",5102.17088237949,2.16271207551427,0.306985817340324,7.04499020264735,1.85474556743188e-12,2.51518537421337e-11,"S000002243","S000002243","NDE2"
"S000002245",115.338491265807,1.03007422647828,0.180489969120044,5.7070995773354,1.14917558244217e-08,8.98595608036923e-08,"S000002245","S000002245","LUC7"
"S000002253",1251.71628394701,-1.01793858719807,0.143019820225229,-7.11746515689234,1.09929997134718e-12,1.52861088394489e-11,"S000002253","S000002253","PMT1"
"S000002268",796.123265866568,1.6466220139463,0.260849813605554,6.31252900351408,2.74511993626022e-10,2.74557593624963e-09,"S000002268","S000002268","TMA17"
"S000002285",142.46867672083,-1.61457369418333,0.351835577838318,-4.58900064656137,4.453730501046e-06,2.13552168870477e-05,"S000002285","S000002285","PCL2"
"S000002288",1227.36708637036,-1.41379128728498,0.367241141678177,-3.84976280387429,0.00011823226566406,0.000416302030153981,"S000002288","S000002288","RPP1B"
"S000007232",512.464114595302,1.69901885768508,0.260101985942762,6.53212566419604,6.48427122182308e-11,7.09850855029033e-10,"S000007232","S000007232","STF1"
"S000002290",1281.42850108456,1.24600009973494,0.135679434427946,9.18341165695703,4.17645143620408e-20,1.337575217946e-18,"S000002290","S000002290","CDC53"
"S000002295",1210.89381980078,-1.48167632727831,0.375228011182818,-3.948735923546,7.85649623863361e-05,0.000288438803980567,"S000002295","S000002295","RPL35B"
"S000002312",896.391251372588,-1.03996483314329,0.303101673725624,-3.43107585108454,0.000601192472810196,0.00177353252268015,"S000002312","S000002312","SAS10"
"S000002320",901.488587083537,1.10350035450524,0.19293461310696,5.71955615809316,1.06802671380576e-08,8.41700110448231e-08,"S000002320","S000002320","ENT1"
"S000002326",220.83991376714,-1.63585765425614,0.420245143250844,-3.89262714995781,9.91644964122896e-05,0.000354554295070306,"S000002326","S000002326","NRP1"
"S000002330",3060.18904688324,1.59525860635904,0.195039495751347,8.1791567406061,2.85837100845266e-16,6.14651851496194e-15,"S000002330","S000002330","GLT1"
"S000002333",1964.15759662984,1.11198739269224,0.497395144223029,2.23562172974015,0.0253765599714721,0.0478223059744081,"S000002333","S000002333","DLD1"
"S000002341",3400.44930341572,1.50868450815098,0.377175813125737,3.99995030340941,6.33557868003074e-05,0.000236787828879361,"S000002341","S000002341","LYS20"
"S000002345",26.137518888861,1.58806200213633,0.371464717445372,4.27513550427537,1.91021078797692e-05,8.01489836544182e-05,"S000002345","S000002345",NA
"S000002351",1131.93867252245,-1.2673529816565,0.26883702680437,-4.71420546760747,2.4265571530936e-06,1.21448882949098e-05,"S000002351","S000002351","ARF1"
"S000002357",341.610139142272,-1.00391538660702,0.256741402318989,-3.91022007957915,9.22120659820134e-05,0.000332171395917407,"S000002357","S000002357","GGC1"
"S000002358",1036.38922753031,1.42033406335334,0.3228366943525,4.3995434478167,1.08478857850165e-05,4.79201176167163e-05,"S000002358","S000002358",NA
"S000002365",509.071373857835,1.14699272162497,0.197157895572193,5.81763524253575,5.96859671669661e-09,4.95681666637659e-08,"S000002365","S000002365",NA
"S000002367",347.996218126393,-1.28125965920914,0.464354747593283,-2.7592259276982,0.00579384638204506,0.0132339715729489,"S000002367","S000002367","NHP2"
"S000002372",280.43115547145,-1.06204790321606,0.356449178632059,-2.97952125262813,0.00288699202168601,0.00712173964348281,"S000002372","S000002372","NOP6"
"S000002375",265.607042340784,1.39178232049474,0.163331757328989,8.52119846902375,1.57910666769876e-17,3.83379082508639e-16,"S000002375","S000002375","RRI1"
"S000002377",4487.48799916968,1.26728318880875,0.461829456847092,2.74405014669373,0.00606862667492066,0.0137883778149801,"S000002377","S000002377",NA
"S000002378",78.0709728395172,-2.68593085774181,0.359394072070059,-7.47349794133006,7.8090661684321e-14,1.27258812635077e-12,"S000002378","S000002378","DTD1"
"S000002382",14837.4560376208,1.42369918657738,0.389144211065658,3.65853877840975,0.000253657364434631,0.000816722455219739,"S000002382","S000002382","HBT1"
"S000002385",415.900997504737,-1.18881733586328,0.205432102775067,-5.78691119744292,7.16924537857678e-09,5.88093003057368e-08,"S000002385","S000002385","GCS1"
"S000002386",736.435607752861,-5.28268231822124,0.332574264511725,-15.8842185999482,8.15073191020679e-57,1.88752141659058e-54,"S000002386","S000002386","HO"
"S000002387",1889.24245452837,-3.35942887191823,0.565289114926023,-5.94285080539338,2.80107357390003e-09,2.43717687694394e-08,"S000002387","S000002387",NA
"S000002388",4466.60979443882,-2.78556399258792,0.588818762765337,-4.73076635585753,2.23673837595986e-06,1.1307642117258e-05,"S000002388","S000002388","SSB1"
"S000002392",628.391201035806,-1.70772119071032,0.359289520284546,-4.75305037942065,2.00370394490762e-06,1.01722609209855e-05,"S000002392","S000002392","MFG1"
"S000002393",5005.07561246588,-1.56222759522532,0.484986054188719,-3.22118044783495,0.00127663740425125,0.00341021908207487,"S000002393","S000002393","GYP7"
"S000002395",500.622005193378,-2.12595688740628,0.164815399445368,-12.8990185053125,4.55866275684456e-38,5.08290897388168e-36,"S000002395","S000002395","PHO13"
"S000002397",384.664025668464,1.0348752279954,0.364320678482929,2.84056132170353,0.00450342137831732,0.0105670694149839,"S000002397","S000002397","GUD1"
"S000002398",370.365147719609,1.1514934177247,0.291314393503659,3.95275154061428,7.72576456424975e-05,0.000284159000863456,"S000002398","S000002398","ADY3"
"S000002401",9.83776357196014,1.63619151284889,0.636483358730334,2.57067445740103,0.0101500689420413,0.0215796486935136,"S000002401","S000002401",NA
"S000002402",177.44279486127,1.03962862894249,0.177233274161947,5.8658772392397,4.46764261656428e-09,3.76219247473196e-08,"S000002402","S000002402","AAD4"
"S000002403",84.8983955021086,2.46892260384744,0.275307260051176,8.96788048156995,3.02274793843209e-19,8.79225378613506e-18,"S000002403","S000002403","THI13"
"S000002404",398.010043552147,1.49244095705514,0.201526968269782,7.40566371770761,1.30496135305375e-13,2.00950698382011e-12,"S000002404","S000002404","HXT15"
"S000002409",1145.03322075019,-1.31764642568853,0.211901898118855,-6.21819076367813,5.02919914028492e-10,4.85269359353454e-09,"S000002409","S000002409","YRB1"
"S000002416",148.201922026554,1.39733082259264,0.19245236705568,7.26065802136047,3.85211728635556e-13,5.58881883883056e-12,"S000002416","S000002416","GAL3"
"S000002425",733.54476411349,1.06541303252844,0.449814963213143,2.36855845105268,0.0178575584209485,0.0354384836033391,"S000002425","S000002425",NA
"S000002428",76.9082908109035,-1.61080031958976,0.557541371064075,-2.88911353163897,0.00386329564185287,0.00921223883548361,"S000002428","S000002428","FAL1"
"S000002432",1987.48044406338,-1.36731533513752,0.347360770297508,-3.9362975098381,8.27483786889756e-05,0.000302139471247011,"S000002432","S000002432","RPS11A"
"S000002438",151.95229708776,1.00707064107098,0.287340290844686,3.50480135629614,0.000456948088896371,0.00139023973888077,"S000002438","S000002438","MIX14"
"S000002440",2372.96326676587,-1.22024589768432,0.44068452102445,-2.76897834951779,0.00562323718043089,0.012893187762138,"S000002440","S000002440","MRH1"
"S000007345",602.297463127338,1.51326598974772,0.196912733169944,7.68495752096288,1.53047767236189e-14,2.75074807919133e-13,"S000007345","S000007345",NA
"S000002444",2116.45036498547,-2.08047294682814,0.291898730088065,-7.12737923251831,1.02297959332866e-12,1.42908587736238e-11,"S000002444","S000002444","KRS1"
"S000002446",150.877612998773,5.7691554820396,1.08823353404041,5.30139469293857,1.14921330840246e-07,7.46430779923536e-07,"S000002446","S000002446","ENA2"
"S000002451",167.824997571278,-1.72835020224335,0.215640308522469,-8.01496813877569,1.10165570100873e-15,2.24090168100458e-14,"S000002451","S000002451","HEM13"
"S000002460",29.9898304712802,1.18003570588827,0.422607231622432,2.79227523239012,0.00523388158676093,0.0120971980936229,"S000002460","S000002460",NA
"S000002471",2823.00508909079,-1.46651104029251,0.420525033463313,-3.48733350834023,0.000487862572022147,0.0014701804535262,"S000002471","S000002471","RPS13"
"S000002484",82869.6972085304,-2.01911923115668,0.367798749205442,-5.48973925419431,4.02527526866916e-08,2.85938058652191e-07,"S000002484","S000002484","SED1"
"S000002490",236.185542386358,-1.16600400131144,0.338991424349653,-3.43962683878622,0.000582516754386653,0.00172381736670611,"S000002490","S000002490","RRP8"
"S000002492",1161.3127573986,1.01222806333748,0.229892689353837,4.40304590016571,1.06741571372844e-05,4.71872981817837e-05,"S000002492","S000002492","AFR1"
"S000002494",138.328327678671,-1.66291131128115,0.293813494192209,-5.65975131895507,1.51592500974586e-08,1.15976931177634e-07,"S000002494","S000002494","RRP1"
"S000002500",424.620516304796,-1.1895711406159,0.216510918893085,-5.49427782532905,3.92312471367069e-08,2.79540046165814e-07,"S000002500","S000002500","DNF2"
"S000002501",21.6062697094727,-2.20056720898814,0.508244249434473,-4.3297434480306,1.49283155824788e-05,6.40651376493978e-05,"S000002501","S000002501",NA
"S000002503",2199.41023231572,-1.03483545698755,0.336314268211374,-3.07698945540173,0.00209102697666812,0.00532124827832576,"S000002503","S000002503","GIS1"
"S000002508",335.366365838741,-1.80835073017911,0.55092269207489,-3.2824037858533,0.0010292610352119,0.00282331694442408,"S000002508","S000002508","ARX1"
"S000113555",105.559642044758,1.71433992730201,0.46633316142916,3.67621277896711,0.000236722100530535,0.000769602466141658,"S000113555","S000113555","COX26"
"S000002530",386.299190474154,-2.54102316232079,0.362304160542015,-7.01350809363977,2.3241551416561e-12,3.09595975838747e-11,"S000002530","S000002530","INO2"
"S000002533",199.047828067905,1.10485402726831,0.25186435261928,4.38670266664699,1.15081934994555e-05,5.03201402035013e-05,"S000002533","S000002533","SWF1"
"S000002536",3388.29125038091,-1.09799310873873,0.239629589992509,-4.58204309731971,4.6045496563113e-06,2.20206461323672e-05,"S000002536","S000002536","SAC6"
"S000002538",244.012046279251,1.3265650824089,0.196479004868968,6.75168872772738,1.46134134193754e-11,1.74578099599324e-10,"S000002538","S000002538",NA
"S000002540",518.554013434947,-3.9537950639433,0.338750374646449,-11.6717068374311,1.77819368302252e-31,1.44682488722684e-29,"S000002540","S000002540",NA
"S000002544",530.565378049025,1.24333599200464,0.243067157498515,5.1151953427202,3.13416431086557e-07,1.87956208323921e-06,"S000002544","S000002544","RGP1"
"S000002551",194.012795311224,-2.67853392584712,0.280435103503496,-9.55135035658518,1.28016634967702e-21,4.69992779963739e-20,"S000002551","S000002551","MKC7"
"S000002554",344.574988519847,-1.72763038321082,0.222801730032012,-7.75411565683352,8.8961223196025e-15,1.6634643629294e-13,"S000002554","S000002554","EKI1"
"S000002556",277.540613439621,-1.32332223195526,0.457108776047742,-2.89498321033559,0.00379178813012324,0.00904889271956879,"S000002556","S000002556",NA
"S000002565",3349.41664021063,-1.2870564751242,0.223411948570951,-5.76091155086746,8.36608747883374e-09,6.734253036104e-08,"S000002565","S000002565","HOM2"
"S000002572",296.782574493827,-1.23103970996883,0.216136295331966,-5.69566397017244,1.22892711139044e-08,9.5229988901954e-08,"S000002572","S000002572","TRM82"
"S000002580",444.537462732346,1.8783650393853,0.394393316973119,4.7626695447107,1.91048561212791e-06,9.74833378866283e-06,"S000002580","S000002580","ARG82"
"S000002583",887.019380813226,1.55919164719098,0.277590597158122,5.61687486230964,1.94442136439479e-08,1.46159313795518e-07,"S000002583","S000002583","NGG1"
"S000002589",446.810618079124,1.14535499235983,0.162711387377654,7.0391815276054,1.93372313881112e-12,2.61052623739502e-11,"S000002589","S000002589","SAS4"
"S000002592",151.957974235084,-1.1028404580066,0.29588893921795,-3.72721082755397,0.000193610498910566,0.000641921153050945,"S000002592","S000002592","ATC1"
"S000002599",98.7459231895773,1.50219351850892,0.509624996042729,2.94764489609722,0.00320204651985305,0.00779915942396247,"S000002599","S000002599","HST4"
"S000002617",236.667845926226,-2.18447544076576,0.176367751267257,-12.3859119655925,3.11523350843904e-35,2.93075327411117e-33,"S000002617","S000002617",NA
"S000002621",330.485827452466,-1.58442850621619,0.406497037480316,-3.8977615090071,9.70859577579155e-05,0.000347463777318785,"S000002621","S000002621","UPC2"
"S000002631",657.509771873,2.63432867487749,0.276878962919143,9.51436919260204,1.8281866874831e-21,6.55142089252841e-20,"S000002631","S000002631","CRF1"
"S000002637",623.233115587416,1.13985294667287,0.129604241937197,8.79487376057654,1.4320889631127e-18,3.90163241941246e-17,"S000002637","S000002637","IVY1"
"S000002655",2025.93903060598,-1.31495650020183,0.402395695859583,-3.26781949641104,0.00108379462712264,0.00295139188145881,"S000002655","S000002655","VHS1"
"S000002661",168.076352978865,-1.5297494246091,0.234622573852599,-6.520043657735,7.02869306427317e-11,7.63894601804851e-10,"S000002661","S000002661","MET32"
"S000002665",185.582925809615,-1.0004084108488,0.390724835634743,-2.56039114898752,0.0104554411165411,0.0221117706226533,"S000002665","S000002665","RKM4"
"S000002667",184.45874450162,1.00398839446307,0.368779239819473,2.72246451550405,0.00647969917356928,0.014628522206247,"S000002667","S000002667","YAP6"
"S000002669",312.072144492251,-2.49375365611234,0.258903209867234,-9.63199203822598,5.85826027247253e-22,2.21840157865139e-20,"S000002669","S000002669","EXG2"
"S000007397",511.826848590877,1.08522545824744,0.160046002499527,6.78070955412117,1.19587079568988e-11,1.451681060655e-10,"S000007397","S000007397",NA
"S000002670",5235.81323329688,-1.17092530426551,0.337773104850727,-3.46660313521108,0.000527079482817863,0.00157966429370152,"S000002670","S000002670",NA
"S000002679",26.0281820327145,1.31140805929274,0.464452519909995,2.82355677507546,0.00474940133071013,0.0110837772915526,"S000002679","S000002679",NA
"S000002682",44.1264081055815,1.08056954991377,0.374752314203339,2.88342328775444,0.00393378447194493,0.00935439032605863,"S000002682","S000002682",NA
"S000002683",665.37634733406,1.07182698553529,0.437480318852481,2.45000046709922,0.014285602938528,0.0290390328470212,"S000002683","S000002683","BSC2"
"S000002685",1373.29492156995,-1.35435663908443,0.263921739886151,-5.13166001280782,2.87197920354927e-07,1.73442194428988e-06,"S000002685","S000002685","MTH1"
"S000002692",524.140998412568,1.16046227980324,0.246360633953696,4.71042090280279,2.47205727404929e-06,1.23520803709965e-05,"S000002692","S000002692","DPP1"
"S000002693",188.079161244711,1.21106166104758,0.226647697506431,5.34336626566975,9.123614795121e-08,6.0699762078921e-07,"S000002693","S000002693","ZIP1"
"S000002707",305.398932117675,-1.31218484784409,0.529673329431378,-2.47734740439501,0.0132362995332704,0.027190637833443,"S000002707","S000002707","BFR2"
"S000002713",200.298130384257,1.67372159095163,0.288525724234754,5.80094407661842,6.5942591671792e-09,5.44636960844801e-08,"S000002713","S000002713","HNT2"
"S000002717",325.840392923792,-4.94716693734447,0.266161592371759,-18.5870804771658,4.08834343389104e-77,1.64106105436386e-74,"S000002717","S000002717","GIC2"
"S000002723",184.590887835662,1.27628089605047,0.200388288441293,6.36903935842728,1.90215796893776e-10,1.94116832728378e-09,"S000002723","S000002723","IPK1"
"S000002729",350.318514155302,-1.54690703377263,0.336458165817895,-4.59762071760766,4.27343029982746e-06,2.06172466628695e-05,"S000002729","S000002729","ASP1"
"S000002731",200.122516908432,1.64936654730035,0.299140015228115,5.51369413430896,3.51379047230184e-08,2.52163676206548e-07,"S000002731","S000002731","PEP7"
"S000002750",3734.97841844933,-1.77050769908403,0.32913537318799,-5.37926896746155,7.47889027798324e-08,5.06528665508854e-07,"S000002750","S000002750","HXT7"
"S000002751",14547.3285420721,-1.95788045114773,0.383586594549277,-5.10414200852946,3.32298677801938e-07,1.97314629097186e-06,"S000002751","S000002751","HXT6"
"S000002753",1062.49396379744,-2.31862587301951,0.198563812779787,-11.676981019653,1.67126373918829e-31,1.37844917447297e-29,"S000002753","S000002753","HXT3"
"S000002755",407.621039679751,-1.08957578571664,0.137042368916791,-7.9506490899775,1.85536803277126e-15,3.71135246688231e-14,"S000002755","S000002755","MRP1"
"S000002761",1270.49264419092,-2.67876675089257,0.0974447931662692,-27.4900963289214,2.30594662089164e-166,4.62803486812952e-163,"S000002761","S000002761","TRR1"
"S000002765",497.220346392951,1.29832431918382,0.335161686001528,3.87372534931664,0.000107184202705839,0.000381164216847043,"S000002765","S000002765","CNL1"
"S000002767",603.772497756008,1.23068950570955,0.374430764056304,3.28682796353904,0.00101322712905481,0.00278695319508406,"S000002767","S000002767","EAF1"
"S000002768",31.5864831438347,2.08943526286796,0.531109405916595,3.93409576179881,8.35104860642221e-05,0.000304368424087579,"S000002768","S000002768","OPI7"
"S000002777",442.468497172461,1.03310108160658,0.162256688346186,6.36707856012927,1.92662508817524e-10,1.96281043247092e-09,"S000002777","S000002777","XRS2"
"S000002782",149.471545982955,-1.86128332633916,0.259843204221015,-7.16310180948972,7.88717284584058e-13,1.1147574578593e-11,"S000002782","S000002782","PHO92"
"S000113553",227.338061038572,-1.47140987723799,0.385026167249851,-3.8215840958237,0.000132597180917385,0.000460951285394673,"S000113553","S000113553","WIP1"
"S000002785",639.290916005919,1.02720472198551,0.159800845315977,6.42803058991584,1.29267732147406e-10,1.34657615096805e-09,"S000002785","S000002785","ATP17"
"S000007605",131.211635671898,-1.30319409848277,0.440299750903034,-2.95978840735199,0.0030785040068066,0.00754095712977319,"S000007605","S000007605","SDH6"
"S000002788",3580.95414586217,1.90685918753973,0.253501664264363,7.52207758901009,5.39125721147237e-14,8.96706068239646e-13,"S000002788","S000002788","ARO10"
"S000002790",1561.69040274846,-1.90669023158088,0.431208760334829,-4.42173352438469,9.79121652156269e-06,4.3571999021677e-05,"S000002790","S000002790","RPP2B"
"S000002791",205.175679778859,1.07833409502053,0.364849846380829,2.95555584226549,0.00312106191624077,0.00762040299987253,"S000002791","S000002791","NKP1"
"S000002792",1216.38748373212,2.25463361339848,0.487587756931588,4.62405706736155,3.76306263214083e-06,1.8272096861387e-05,"S000002792","S000002792","ATO3"
"S000002803",787.173063319096,-1.31267076941086,0.241916436762349,-5.42613303576551,5.75880429647012e-08,3.96724950446757e-07,"S000002803","S000002803","SXM1"
"S000002806",396.278630401287,-1.46281800874158,0.478684356274393,-3.05591354630161,0.00224375942385246,0.00567633423992255,"S000002806","S000002806","UTP5"
"S000002808",160.818961702526,-1.71032456474923,0.286084869466634,-5.97838175761583,2.25365102758201e-09,1.98671051787281e-08,"S000002808","S000002808","URH1"
"S000002809",17.3041338065551,-1.25700247381918,0.497687437021554,-2.52568656613436,0.0115472451494021,0.0241242064693095,"S000002809","S000002809",NA
"S000002811",195.129102538436,-2.31351321961761,0.255584509709173,-9.05185225133611,1.4056340766859e-19,4.21060834613223e-18,"S000002811","S000002811","DIT1"
"S000002818",115.825517623049,-1.18516240352195,0.44005029771553,-2.69324304443055,0.00707606656836224,0.0157854749196403,"S000002818","S000002818","STE14"
"S000002820",174.65642220283,-1.33132455670701,0.279432558017067,-4.76438596187383,1.89429611650836e-06,9.69036271664983e-06,"S000002820","S000002820","RRP17"
"S000002821",159.9820715124,-1.30671023047076,0.262096073445316,-4.98561543976504,6.17648874983865e-07,3.48861526855333e-06,"S000002821","S000002821",NA
"S000002825",1304.36554939691,-1.44898360484437,0.364585140261345,-3.9743353330465,7.05760700615184e-05,0.000260378993774756,"S000002825","S000002825",NA
"S000002826",1922.1298505105,-1.59669030660074,0.341363600322104,-4.67738887536378,2.90550935430894e-06,1.43042287999134e-05,"S000002826","S000002826","RPL12B"
"S000002833",794.706748903322,1.25813004091287,0.255075048993845,4.93239164659821,8.12288408403844e-07,4.45833045305337e-06,"S000002833","S000002833","SNX41"
"S000002834",95.4068194829888,1.4831286732227,0.30552291210469,4.85439426786589,1.20755276474896e-06,6.42285794748543e-06,"S000002834","S000002834",NA
"S000002840",3340.8847079333,-3.54593636851961,0.315750658417411,-11.2301788578759,2.89891133263917e-29,2.0062465671058e-27,"S000002840","S000002840","NPL3"
"S000002841",74.4403637491133,-3.77764764270624,0.480152987019801,-7.86759167354812,3.61533330875728e-15,7.05971687171632e-14,"S000002841","S000002841",NA
"S000002850",58.9583114675759,1.0954759091813,0.243139982393127,4.5055358579818,6.62056575475544e-06,3.04293331369332e-05,"S000002850","S000002850",NA
"S000002851",777.824618583386,1.08120804259139,0.208243957926222,5.19202599373591,2.0801795206915e-07,1.28855564753945e-06,"S000002851","S000002851","SSN2"
"S000002855",1232.63622162283,-1.09034615465729,0.35659755321699,-3.05763779033507,0.00223089050607002,0.00564852470018823,"S000002855","S000002855","RPS17B"
"S000002857",217.649440343514,-1.36032162210822,0.501929005904256,-2.71018730957283,0.00672452208043165,0.0151132315962221,"S000002857","S000002857","UTP6"
"S000002858",2347.70340851359,-1.23642583889577,0.329383572995265,-3.75375683629963,0.000174203862490737,0.00058662273828676,"S000002858","S000002858","RPS18A"
"S000002863",17.7969134301859,1.36397804742472,0.507460501335589,2.68785066785466,0.00719135493246431,0.0159834433548791,"S000002863","S000002863",NA
"S000002866",660.663123065453,1.11147112047272,0.122493110537901,9.07374394847139,1.14996147456223e-19,3.49692830219152e-18,"S000002866","S000002866","HEH2"
"S000087209",209.783236394893,-1.08666185582588,0.336120798432226,-3.23295035860445,0.00122518850613238,0.00328590645675861,"S000087209","S000087209",NA
"S000002871",1964.74624619979,-1.01755312084551,0.265801170362492,-3.82824921146058,0.000129058044474068,0.000449947009715324,"S000002871","S000002871","STP1"
"S000002873",254.087082674588,-1.37643676484183,0.344900331402105,-3.99082470940598,6.58439335990339e-05,0.000245173979096959,"S000002873","S000002873","RMT2"
"S000002878",453.997803319918,1.40985271111648,0.232788617349211,6.05636446992394,1.39232342538337e-09,1.25873563727227e-08,"S000002878","S000002878","UGO1"
"S000002890",207.769480320821,-2.12730971702908,0.289253425539021,-7.35448409319565,1.91665927682975e-13,2.91419330954342e-12,"S000002890","S000002890","CWC21"
"S000002898",665.884743136784,1.20861002662825,0.341423612546492,3.53991341610468,0.000400258324955244,0.0012314539471413,"S000002898","S000002898","PKH1"
"S000002905",3942.66638019671,-2.65975436264581,0.19756116814186,-13.4629410610488,2.58421694007229e-41,3.3825152600381e-39,"S000002905","S000002905","ITR1"
"S000002908",999.268226485462,-1.49157100897962,0.396475067534762,-3.76208021920279,0.000168505979250936,0.00057062682849825,"S000002908","S000002908","RPL37B"
"S000002910",1203.761545247,-3.93426427097677,0.191791747907139,-20.5132093216109,1.64101082351504e-93,8.98229651671277e-91,"S000002910","S000002910","SAM2"
"S000002912",59.0407725782154,-1.17422067587292,0.322395051661839,-3.64217958625668,0.000270339363339855,0.00086424138294673,"S000002912","S000002912","SPG3"
"S000002915",569.898178367565,-1.66740070495904,0.234082623242824,-7.12312892712832,1.05504042893586e-12,1.47046259782936e-11,"S000002915","S000002915","GIN4"
"S000002921",1415.17602451348,1.32387393324336,0.212851400674899,6.2197097554711,4.98075366936447e-10,4.81366257515947e-09,"S000002921","S000002921","GRX2"
"S000002926",484.832566123517,1.51302932206691,0.360557510724207,4.19636057234775,2.71238309578874e-05,0.000110346342025297,"S000002926","S000002926","EUG1"
"S000002931",65.8865730837956,1.11005845005941,0.233703661527562,4.7498547639507,2.0356279207125e-06,1.03169324163384e-05,"S000002931","S000002931","SPS1"
"S000028739",159.520156223441,-2.91120168213708,0.438715915722581,-6.6357330058159,3.22893854179737e-11,3.67513023821587e-10,"S000028739","S000028739",NA
"S000002934",80.0406923080843,-1.46342630124941,0.329528708696867,-4.44096754736966,8.95553012709377e-06,4.03602147419398e-05,"S000002934","S000002934",NA
"S000002935",496.747248973893,-1.3557708272111,0.246219177353553,-5.5063575542059,3.66334119886315e-08,2.62270836603508e-07,"S000002935","S000002935","RBA50"
"S000002936",170.316707733256,-1.78902504379073,0.244586853618416,-7.31447752536127,2.58384747261203e-13,3.83185853019632e-12,"S000002936","S000002936","HLR1"
"S000002943",14.8007013154262,-2.68653782951072,0.717698681329395,-3.74326705538101,0.000181642996136399,0.000607595822076253,"S000002943","S000002943",NA
"S000000727",380.048461843437,-1.22758520814185,0.349376505345313,-3.51364556391262,0.000442002160810519,0.00134954108024348,"S000000727","S000000727","IRC22"
"S000000745",80.7687814171151,1.42179247946078,0.341740153412995,4.16044899980641,3.1762254061786e-05,0.000127578740297541,"S000000745","S000000745","MMS21"
"S000007256",52.5959580671997,-1.05744358711553,0.288637510623774,-3.66356952299892,0.000248724665638599,0.000803418032086914,"S000007256","S000007256","TIM9"
"S000000749",215.835466070163,1.07166606507457,0.365925592598264,2.92864474841779,0.00340443276679041,0.00823216453367271,"S000000749","S000000749",NA
"S000000752",242.153494668153,-4.08374427401656,0.352651072321652,-11.5801271980588,5.19688869341847e-31,4.01159831065034e-29,"S000000752","S000000752","SNU13"
"S000000757",1355.88163588597,-1.13234999052366,0.156711452433663,-7.22570031059468,4.9852604613355e-13,7.18092182720121e-12,"S000000757","S000000757","SPF1"
"S000000759",23.2594405690011,-1.33187328076004,0.357780707119384,-3.72259670311296,0.000197184348912775,0.00065125999166419,"S000000759","S000000759","MTC7"
"S000000765",141.909011866154,-1.21669163291794,0.281511832628127,-4.32199109202335,1.54627433279782e-05,6.60760664143056e-05,"S000000765","S000000765","CYC7"
"S000000766",624.985667916439,-4.3951856630277,0.300783387072968,-14.6124614986182,2.3391162534614e-48,3.91217193391418e-46,"S000000766","S000000766","UTR2"
"S000000775",51.8169536068198,1.61968267526801,0.283964381275146,5.70382337388515,1.17149469651962e-08,9.10355435904167e-08,"S000000775","S000000775","PAU2"
"S000028744",842.77639620576,-1.26496349868245,0.347690945771893,-3.63818360548377,0.000274567663677704,0.000875157174697437,"S000028744","S000028744",NA
"S000000780",1412.33673445208,-1.47583357213956,0.395896349445029,-3.72782819091005,0.000193136966175935,0.000641057151789032,"S000000780","S000000780","RPL12A"
"S000000783",307.333671826862,2.4943380305099,0.608256917988019,4.10079681257161,4.11729963259662e-05,0.000161185052586893,"S000000783","S000000783","SDD1"
"S000000791",464.130639886466,3.11809756650036,0.298299401929339,10.4529125648028,1.42093215150415e-25,7.77766589473318e-24,"S000000791","S000000791","SIT1"
"S000000795",46.8612896518681,1.97502211070596,0.584630853374798,3.37823790739933,0.000729519367448496,0.00209963485248919,"S000000795","S000000795","HXT13"
"S000000798",57.6515884897995,-1.18368216324434,0.329702003786601,-3.59015762612857,0.00033047805350219,0.00103259385580523,"S000000798","S000000798","RMD6"
"S000000803",644.659958574245,-3.00796259528735,0.278518203333505,-10.7998779228284,3.44661505871769e-27,2.09616861298376e-25,"S000000803","S000000803","MNN1"
"S000000804",640.916346246581,-1.34477112362569,0.100247429884649,-13.414519705623,4.97143415699012e-41,6.23604272067448e-39,"S000000804","S000000804","NOP16"
"S000000805",875.790721831035,-1.66253723765895,0.172558335671771,-9.63463880887975,5.70924262478928e-22,2.17565505340862e-20,"S000000805","S000000805","PMI40"
"S000000806",5125.69073382414,-1.84312983280219,0.331127906775976,-5.56621714777171,2.60328802379922e-08,1.90223266884649e-07,"S000000806","S000000806","FMP52"
"S000000818",257.751679102661,-1.71018375180527,0.317346361628435,-5.38901326307827,7.08455780422534e-08,4.81446078321002e-07,"S000000818","S000000818","BIM1"
"S000000824",440.888200618093,1.06511556703428,0.184792887134566,5.76383422300594,8.22241825274992e-09,6.63635124662296e-08,"S000000824","S000000824","SRB4"
"S000000826",12792.5588223077,4.08969755012682,0.236101805874636,17.321754634517,3.22376307510992e-67,1.2131423422023e-64,"S000000826","S000000826","YAT2"
"S000000828",975.512842592494,-1.4207954468982,0.11460993551539,-12.3967912599289,2.71998959864296e-35,2.59953291641734e-33,"S000000828","S000000828","CHO1"
"S000000837",751.098181298931,1.157368889135,0.245411592164531,4.71603186682019,2.40488785295724e-06,1.20464473898964e-05,"S000000837","S000000837","EDC2"
"S000000838",1773.90316914191,-1.37794017481863,0.33701932258413,-4.08860881997251,4.33967957550415e-05,0.000168793350930946,"S000000838","S000000838","ARB1"
"S000000843",538.485328735831,1.27385159248838,0.181104980979585,7.03377447488301,2.01019949998305e-12,2.70769825266173e-11,"S000000843","S000000843","YEN1"
"S000000845",1520.77941720264,-4.66703438398043,0.375550015044687,-12.4271979683587,1.8604179888542e-35,1.80670592111148e-33,"S000000845","S000000845","SAH1"
"S000000846",255.29700819976,1.72280936526478,0.26516902314279,6.497023463925,8.19246888101425e-11,8.76143075179162e-10,"S000000846","S000000846","ERG28"
"S000000847",511.330444375208,1.20074725704474,0.178935687132118,6.71049624750466,1.9396363479955e-11,2.26945598741549e-10,"S000000847","S000000847","ACA1"
"S000000848",145.361075585522,1.70269578019414,0.252888560979161,6.73298852902425,1.66213171355292e-11,1.96614833935208e-10,"S000000848","S000000848","SPO73"
"S000000851",531.770553043447,-1.13804665375425,0.382849514247444,-2.97256914636883,0.00295318682144569,0.00726947581844828,"S000000851","S000000851","TPA1"
"S000000856",1511.06795548912,1.41834181930515,0.442302729374017,3.20672183351097,0.00134256747228252,0.00357207191807911,"S000000856","S000000856","GIP2"
"S000002135",1164.32675368429,-1.45439405846369,0.355167555366111,-4.09495190788044,4.2225602920441e-05,0.000164770158900827,"S000002135","S000002135","RPL34A"
"S000002958",193.220220642391,1.03447203291864,0.275304216056111,3.7575597197095,0.000171578426842238,0.000579591291004345,"S000002958","S000002958","FCY22"
"S000000864",783.447376587061,-1.98076972345523,0.344634807722382,-5.74744535105354,9.06018682205706e-09,7.23493167846227e-08,"S000000864","S000000864","GPP2"
"S000000867",11587.6767604164,2.11565976692877,0.526364500350158,4.01938156072712,5.8351105972382e-05,0.000220270852075055,"S000000867","S000000867","ICL1"
"S000028749",176.517712293286,1.67031359215876,0.376400067847012,4.43760172975755,9.09667331519599e-06,4.09656469938632e-05,"S000028749","S000028749",NA
"S000000872",1749.77714475066,-5.33207741278296,0.330989271555352,-16.1095173499944,2.18724397749908e-58,5.72582434283564e-56,"S000000872","S000000872","RNR1"
"S000000874",688.172138796611,-1.95380872551142,0.182125100954226,-10.7278388057145,7.53375304160672e-27,4.44713010426609e-25,"S000000874","S000000874","VTC1"
"S000000875",2755.09586616153,-2.66003476629152,0.387659218218493,-6.86178643839772,6.80046792511617e-12,8.47735349422867e-11,"S000000875","S000000875","ALD5"
"S000000876",1780.56979948974,-1.51373027807581,0.393041375056134,-3.85132551976141,0.000117480217250195,0.000413896072594162,"S000000876","S000000876","RPS24A"
"S000000879",423.682935638552,1.23778671415355,0.263055532515604,4.70541981123369,2.53344073416274e-06,1.26061568970897e-05,"S000000879","S000000879","MRX1"
"S000028751",92.3042406783,1.36253229079986,0.329638887505574,4.13340883750199,3.57422103390025e-05,0.000141768016107466,"S000028751","S000028751",NA
"S000000890",3598.34100798154,-1.85803097994799,0.335034340231645,-5.54579264520565,2.92625451791968e-08,2.12532912574118e-07,"S000000890","S000000890","DOT6"
"S000028754",16.6359066149052,-1.78627880203887,0.599194591003791,-2.98113305570138,0.00287183985889467,0.00708993460011276,"S000028754","S000028754",NA
"S000000892",1332.17189150689,-1.08379971153642,0.255370277663096,-4.2440323183039,2.19538713336724e-05,9.07858923764021e-05,"S000000892","S000000892","TRP2"
"S000000898",755.516859103448,1.02906145975616,0.142645836646011,7.21410090860118,5.42914860342443e-13,7.8016476709352e-12,"S000000898","S000000898","SHC1"
"S000000904",2278.50971488228,-1.94631051371211,0.395512088776009,-4.92098868516348,8.6108109259508e-07,4.67921413223374e-06,"S000000904","S000000904","RPS8B"
"S000000908",25.5500130082657,1.80269263270694,0.483994443731037,3.72461431335918,0.000195614058022509,0.000646783219853665,"S000000908","S000000908","MAM1"
"S000000919",1793.68806074791,-1.37885332325793,0.303366654789232,-4.54517100508593,5.48906716138543e-06,2.57999011543339e-05,"S000000919","S000000919","RPL23B"
"S000000920",281.664259252407,-1.01611701269505,0.1854293516367,-5.47980674972032,4.25790641896475e-08,3.00902048692333e-07,"S000000920","S000000920","SHO1"
"S000000926",1356.78785384134,-3.62717922273201,0.283491027959198,-12.7946878913362,1.75556352249285e-37,1.92186326707808e-35,"S000000926","S000000926","DSE1"
"S000000929",180.190516823007,-1.91690856489458,0.529309633978806,-3.62152593083415,0.000292870442996121,0.000929068986975577,"S000000929","S000000929","LCP5"
"S000000930",92.2967325094135,1.17027490962269,0.218305222006547,5.36072797006932,8.28872538685946e-08,5.56991245025455e-07,"S000000930","S000000930","VFA1"
"S000000932",1694.92901523125,-2.40312322464998,0.365208557856128,-6.58013941063418,4.70007365954763e-11,5.23089528727103e-10,"S000000932","S000000932","COM2"
"S000000933",976.684887315799,-1.60154843879064,0.475704561813267,-3.36668715701599,0.000760769394154438,0.00217708770066724,"S000000933","S000000933","RPS26B"
"S000028756",59.4776016224768,-1.12553713199612,0.278697638770565,-4.03855998551431,5.37803411360313e-05,0.000204297434687725,"S000028756","S000028756",NA
"S000000949",487.857168227958,1.39115391487498,0.282096895629058,4.93147544843696,8.16108266055903e-07,4.46707988174781e-06,"S000000949","S000000949","SCC4"
"S000028759",332.133143212131,-1.73405481735623,0.232462901132936,-7.4594905634624,8.68576494230383e-14,1.39831525982918e-12,"S000028759","S000028759",NA
"S000000950",764.046877103209,-2.02976769219413,0.240907937821029,-8.42549112558531,3.59240212062861e-17,8.41628527949605e-16,"S000000950","S000000950","SPT15"
"S000000951",184.661119224269,-1.15047627707936,0.183255608141839,-6.27798673527575,3.42985168981077e-10,3.37436879482854e-09,"S000000951","S000000951","PEA2"
"S000000952",9612.04979837611,-4.02005346593787,0.538586138420289,-7.46408639057991,8.38795569409374e-14,1.35763121597146e-12,"S000000952","S000000952","SPI1"
"S000000954",915.164336865507,-1.35889736384743,0.27691984395828,-4.90718665886637,9.23920948638007e-07,4.99813839330588e-06,"S000000954","S000000954",NA
"S000000956",421.456137516447,-1.36537896968526,0.178615626842834,-7.64423020437439,2.1019905048008e-14,3.70060959924141e-13,"S000000956","S000000956","OXA1"
"S000000958",296.170975679587,-1.6837248705379,0.361216290994965,-4.66126504399927,3.14271697469628e-06,1.54215964993042e-05,"S000000958","S000000958",NA
"S000000965",333.392516599439,-1.49691942461647,0.141590443540928,-10.5721783701015,4.01068636584131e-26,2.25685444941407e-24,"S000000965","S000000965","GCG1"
"S000000966",911.837827445447,1.25579635969819,0.207063552669394,6.06478708352523,1.32128571222359e-09,1.19811163754492e-08,"S000000966","S000000966","CHD1"
"S000028763",32.2344452769935,1.00424070648527,0.387088869642435,2.59434146844086,0.00947723087731403,0.0203069064456611,"S000028763","S000028763",NA
"S000000977",1148.42922242805,1.15880967261739,0.233659397205239,4.95939682494144,7.07123912994351e-07,3.9395511559288e-06,"S000000977","S000000977","TMT1"
"S000000989",24.2822729588712,1.6483727058771,0.413880305009241,3.98272806395148,6.81286946944817e-05,0.000252587974603124,"S000000989","S000000989",NA
"S000000990",92.8390947966616,2.08022683421531,0.283981174871539,7.32522793159202,2.38493008519143e-13,3.5455960599846e-12,"S000000990","S000000990",NA
"S000001895",151.01047267727,-1.53397486532917,0.45094665431137,-3.40167700694369,0.000669737413194305,0.00195467230481964,"S000001895","S000001895","DEG1"
"S000001884",601.072040466726,-1.08294444631863,0.123167212290595,-8.7924734690234,1.4630274529065e-18,3.95017412284755e-17,"S000001884","S000001884","WWM1"
"S000001955",115.561446764744,-1.0937185240154,0.242289977401134,-4.51408900915717,6.35895078756035e-06,2.94290873880868e-05,"S000001955","S000001955","AUA1"
"S000001883",157.384281638288,1.45168798356293,0.211069051332576,6.87778702939993,6.07894564716945e-12,7.62527744616818e-11,"S000001883","S000001883","HXT10"
"S000001878",2898.17596736638,-2.01999068742461,0.30066508324516,-6.71840795619598,1.83720734500864e-11,2.16051277818301e-10,"S000001878","S000001878","MDJ1"
"S000001877",135.562874706337,-1.39257382312624,0.239768934986641,-5.80798268634686,6.32300532683059e-09,5.24391392187975e-08,"S000001877","S000001877","GNA1"
"S000001872",948.172482601064,-1.23864898171435,0.353867465904571,-3.50031890766806,0.00046470185819628,0.0014116901554994,"S000001872","S000001872","FRS2"
"S000001863",1233.78421065492,-2.22250869154964,0.222264449284205,-9.99938901028551,1.53340202865683e-23,6.99440425344151e-22,"S000001863","S000001863","HAC1"
"S000001857",898.29393122094,-1.52114648034484,0.20281975692583,-7.4999916349427,6.38219062321253e-14,1.04421656908594e-12,"S000001857","S000001857","TUB2"
"S000001849",1531.15218447174,-1.48063293131696,0.145855472685245,-10.1513704220901,3.26742532879813e-24,1.56136253211853e-22,"S000001849","S000001849","SEC53"
"S000001843",32.8724335315135,1.4127290212263,0.472946491382053,2.98708003329933,0.00281655977128533,0.00696447900735481,"S000001843","S000001843",NA
"S000001836",64.8390737632468,2.40285808128049,0.364995659400718,6.58325111379602,4.60270779350244e-11,5.1510973280071e-10,"S000001836","S000001836","THI5"
"S000001835",380.992319163393,1.1439581195335,0.436384824951895,2.62144340069481,0.00875582998490225,0.0189499828681152,"S000001835","S000001835","SNZ3"
"S000001828",54.1918853100691,2.33689699591021,0.457010587605224,5.11344169979904,3.16341420185406e-07,1.89521561287197e-06,"S000001828","S000001828",NA
"S000001902",1220.23760848511,1.01980685338008,0.16679550401892,6.1141147621365,9.70944164169264e-10,9.00778861704643e-09,"S000001902","S000001902",NA
"S000001910",917.046622188393,1.22678968954636,0.212841069621751,5.76387673547471,8.2203462790512e-09,6.63635124662296e-08,"S000001910","S000001910","CMK1"
"S000001923",90.5650621249103,-1.04076817192118,0.276554408068467,-3.76333965959971,0.000167659238537962,0.000568398803624476,"S000001923","S000001923","ECO1"
"S000001924",233.971172287278,-1.05563918310417,0.261808117428577,-4.03211020908148,5.5278251749793e-05,0.000209459001752992,"S000001924","S000001924","CDC14"
"S000002104",3146.44985155529,-1.64379528430129,0.340885262173452,-4.82213655650762,1.42028655296745e-06,7.45557570655361e-06,"S000002104","S000002104","RPL2A"
"S000006437",21.2338220247217,-1.29489828328925,0.435651251013286,-2.97232770542362,0.00295551040064221,0.00727222236300235,"S000006437","S000006437","RPL29"
"S000001941",234.017217844768,1.16156119630051,0.198454603363468,5.85303226336916,4.82690442327232e-09,4.04211286961372e-08,"S000001941","S000001941",NA
"S000001945",354.093794875462,1.04999617934449,0.205365354622719,5.1128204232572,3.17383987251211e-07,1.89957155789219e-06,"S000001945","S000001945","YMR31"
"S000001947",795.026347472294,-1.05496675417871,0.184059046484391,-5.73167564609855,9.94432978667052e-09,7.89024829160975e-08,"S000001947","S000001947","RET2"
"S000001952",64.3964946939207,-2.68497060727276,0.320544779009386,-8.37627309223508,5.46300674059146e-17,1.26510629173466e-15,"S000001952","S000001952","IRC7"
"S000002969",256.918643431447,-2.39847615517548,0.351617424683096,-6.82126648682772,9.02413629288547e-12,1.10660538939844e-10,"S000002969","S000002969","ERG26"
"S000002970",519.906149931111,-1.05104308485862,0.306759015843738,-3.42628262112437,0.000611903331611642,0.0018024804107797,"S000002970","S000002970","ERP6"
"S000002976",20028.8819419005,-3.75036806048243,0.235956600103314,-15.8943130170562,6.93849220550824e-57,1.6710664627746e-54,"S000002976","S000002976","PMA1"
"S000002977",4869.14666990987,-1.21075308998771,0.237300133079682,-5.10220147909127,3.35725053494851e-07,1.99152763260344e-06,"S000002977","S000002977","LEU1"
"S000002980",832.755145740937,-3.51440023849504,0.258690813907707,-13.5853306323775,4.89317327589664e-42,6.99753266099488e-40,"S000002980","S000002980","ERG4"
"S000002989",388.497113674204,1.96304258133141,0.23016576223366,8.52882097789404,1.47846776236939e-17,3.6039896345045e-16,"S000002989","S000002989","ALK1"
"S000002996",727.143178910742,-2.70083509102094,0.262312074098958,-10.2962667665921,7.32490267801673e-25,3.7061545398604e-23,"S000002996","S000002996","SCW11"
"S000002997",64.7772602488798,-1.29041541684374,0.519166402273556,-2.48555263051056,0.0129350458888498,0.0266481333334419,"S000002997","S000002997","CGR1"
"S000002998",1653.80568434544,-1.48679881071368,0.377786388988906,-3.93555420218524,8.30049272877055e-05,0.000302892525575318,"S000002998","S000002998","RPL30"
"S000003001",17.4026591423359,3.27501304964823,0.638112405961215,5.13234505245975,2.86154278743019e-07,1.72985432963024e-06,"S000003001","S000003001","HOP2"
"S000003013",1632.97787590752,-1.46572687707027,0.371449616044121,-3.94596417323035,7.94794982413476e-05,0.000291440961578047,"S000003013","S000003013","RIM8"
"S000003023",6307.79212866712,1.62546576329446,0.518337270671927,3.13592298926788,0.00171314182709109,0.00443648470577009,"S000003023","S000003023","OLE1"
"S000003024",1218.55596762484,1.08638488342664,0.205369824332734,5.2898953726839,1.22386349821886e-07,7.89383251080781e-07,"S000003024","S000003024","SDS23"
"S000003026",255.925206150364,-1.5634550861983,0.177811959086439,-8.79274428014296,1.45950407040251e-18,3.95017412284755e-17,"S000003026","S000003026","RAD6"
"S000003027",1526.81858823498,1.5793813761415,0.231593501633023,6.81962734275743,9.12769731219662e-12,1.11702978692553e-10,"S000003027","S000003027","PKP2"
"S000003031",103.718402609138,-1.58601144613668,0.358379995029786,-4.42550217124944,9.62181889400818e-06,4.29133122672765e-05,"S000003031","S000003031","PUS2"
"S000003035",220.936238228477,-1.19374711470665,0.260814310928975,-4.57700005208585,4.71691342639023e-06,2.24687782755503e-05,"S000003035","S000003035","NPY1"
"S000003038",71.8272375936102,-1.56671335164006,0.369193027581724,-4.24361576355408,2.19946827032724e-05,9.08922337380939e-05,"S000003038","S000003038","RPB9"
"S000003044",3228.45386082083,-1.55632323365594,0.3390500457104,-4.59024634665667,4.42723178502609e-06,2.12740323843911e-05,"S000003044","S000003044","RPL7A"
"S000003045",672.806966554425,-1.9066463387789,0.265698760050595,-7.17597002867396,7.17962830631891e-13,1.01954108566854e-11,"S000003045","S000003045","HNM1"
"S000003046",790.556450955019,-1.00403980663762,0.404993339749853,-2.47915140347191,0.0131695391072963,0.0270904663358493,"S000003046","S000003046","DBP3"
"S000003049",111.83558094221,2.10803617922095,0.515927882371553,4.08591249135633,4.39039246516283e-05,0.000170545503437067,"S000003049","S000003049",NA
"S000003054",563.662529805402,1.2150836275958,0.215342881850487,5.6425530166325,1.67546919032328e-08,1.26893081697314e-07,"S000003054","S000003054","MAD1"
"S000003057",70.4189094563114,-2.33151792171711,0.256865834890877,-9.07679264822274,1.11821363213405e-19,3.4350838158567e-18,"S000003057","S000003057","MF(ALPHA)2"
"S000003063",732.06842088045,1.12053831114245,0.200387583308502,5.59185500739013,2.24656391932886e-08,1.66788672728471e-07,"S000003063","S000003063","VPS45"
"S000003065",380.980464387065,-2.05046384687655,0.362557945217876,-5.65554795839418,1.55349842808008e-08,1.18550241260712e-07,"S000003065","S000003065","SRM1"
"S000003070",3681.03108614183,-1.44787610608278,0.361698663064903,-4.0029899303857,6.25469653092173e-05,0.000234201043611192,"S000003070","S000003070",NA
"S000003071",4995.84440239488,-1.32997358028332,0.369094163724748,-3.60334492114904,0.000314148208381249,0.000989271110179655,"S000003071","S000003071","RPL28"
"S000003072",434.449020777754,1.77059745586613,0.215690631120363,8.20896784746328,2.23097957694336e-16,4.8319165585525e-15,"S000003072","S000003072","VPS73"
"S000003078",559.178176436067,1.01487153769684,0.169775810695314,5.97771575079188,2.26288127921044e-09,1.99193102077866e-08,"S000003078","S000003078","CUE3"
"S000003085",1429.54341134896,1.65533426377772,0.500863454771702,3.30496115859008,0.000949895630803759,0.00263806346543793,"S000003085","S000003085",NA
"S000003088",449.029853255054,-2.44354446104955,0.367670735821013,-6.64601292129787,3.01138834270001e-11,3.44706638999939e-10,"S000003088","S000003088","PRP43"
"S000028634",108.282029548806,-1.64327220116686,0.386292335777479,-4.25396014616624,2.10022697348411e-05,8.71500110775179e-05,"S000028634","S000028634",NA
"S000003091",5938.17449479081,-1.74474135627283,0.446209316069893,-3.91014103345063,9.22422477950348e-05,0.000332171395917407,"S000003091","S000003091","RPS2"
"S000003092",481.888951434907,1.07070839614786,0.122905982993341,8.71160516413489,2.99601658232354e-18,7.80909776717317e-17,"S000003092","S000003092","MON1"
"S000003094",389.605639426275,-1.46650841773307,0.163592647124973,-8.96439078104021,3.12000791300053e-19,8.98830987759626e-18,"S000003094","S000003094","SCS3"
"S000003095",116.543154155783,-1.05590185439073,0.219999368623499,-4.79956765784076,1.59008513364497e-06,8.23915885514319e-06,"S000003095","S000003095","SOH1"
"S000003113",507.379928069673,1.01087230687175,0.145980304742183,6.92471706136704,4.36847741724383e-12,5.57258528161548e-11,"S000003113","S000003113","TIP20"
"S000003115",1605.28787924432,-3.76855700197256,0.243938334454578,-15.4488100871832,7.68490625606497e-54,1.49260711508926e-51,"S000003115","S000003115","RPL9A"
"S000003116",1153.94719905867,-2.16304438851759,0.251158765531235,-8.61225919765313,7.16346536049568e-18,1.84321474083523e-16,"S000003116","S000003116","ARO2"
"S000003125",139.388088923983,-3.43492670017181,0.305346719444259,-11.2492667562419,2.33525292224846e-29,1.6349485866114e-27,"S000003125","S000003125","ARI1"
"S000003128",542.277454614655,1.09512362437064,0.163799718725072,6.68574789318619,2.29748250955059e-11,2.67049077027106e-10,"S000003128","S000003128","AIM14"
"S000003133",964.123753089478,-2.89310639379267,0.360885201576801,-8.01669445339387,1.08628895121717e-15,2.21713416111139e-14,"S000003133","S000003133",NA
"S000003134",1365.08180862742,-2.86391292420898,0.364026308203347,-7.8673240358474,3.62307343192218e-15,7.05971687171632e-14,"S000003134","S000003134","CUP2"
"S000003143",47.0718955350378,-1.58095824117593,0.359691549480602,-4.3953166079627,1.10611415170446e-05,4.86835768085714e-05,"S000003143","S000003143","SAE2"
"S000003144",384.804288784959,-1.29434678421203,0.154430033318342,-8.38144469958034,5.22819650283454e-17,1.21540429125741e-15,"S000003144","S000003144",NA
"S000003146",724.047200190306,1.45843073068039,0.291725239791079,4.99932995761646,5.75298814877772e-07,3.2801838677832e-06,"S000003146","S000003146","MPT5"
"S000003147",389.749513773343,-1.05024100799972,0.229812028514755,-4.5700001639918,4.87723833107327e-06,2.31409393155179e-05,"S000003147","S000003147","TOS3"
"S000003155",1403.79248538077,1.07346493594956,0.284223917578173,3.77682830177129,0.000158838148099209,0.000541542746152512,"S000003155","S000003155","COX4"
"S000003157",3804.42213336404,-1.04724791986561,0.337942385831406,-3.09889485241448,0.00194243944227809,0.00497677782210911,"S000003157","S000003157","RPS26A"
"S000003170",1237.23468318415,-1.09310608534162,0.189445770084768,-5.77002107174261,7.92616207272882e-09,6.43172801076822e-08,"S000003170","S000003170","ARO8"
"S000003180",172.636580594876,1.59229820295718,0.192114691031908,8.28826881694702,1.14908644846746e-16,2.53430384843319e-15,"S000003180","S000003180","VAM7"
"S000003193",664.214825999631,-3.20230526736237,0.328275247237943,-9.75493977784213,1.75704929938313e-22,7.00608863018929e-21,"S000003193","S000003193","VRG4"
"S000003198",75.6120072554366,-1.04007978799191,0.226440100162453,-4.59317844871881,4.36545456915267e-06,2.10107129982959e-05,"S000003198","S000003198","SAP4"
"S000003210",364.669591654248,1.00281027962499,0.226313936523942,4.43105844486472,9.37716670366397e-06,4.20714759484059e-05,"S000003210","S000003210","KAP114"
"S000003222",2457.87944556353,-2.10018899665115,0.391158550547635,-5.36915016611758,7.91085301120718e-08,5.33384613443208e-07,"S000003222","S000003222","HXK2"
"S000003224",11194.4991818638,1.96475333102314,0.331847761062817,5.92064663847836,3.20678216821822e-09,2.76619418837276e-08,"S000003224","S000003224","ZRT1"
"S000003225",1318.51551085231,3.86554459236907,0.32260497948062,11.9822843360708,4.40029163340594e-33,3.78487941781959e-31,"S000003225","S000003225","ADH4"
"S000003226",511.044265277568,1.75077231669823,0.362411757791346,4.83089270438686,1.35922241477211e-06,7.15999838962632e-06,"S000003226","S000003226","MNT2"
"S000003227",19.7772078431507,1.38999429982664,0.476612199611117,2.91640520523978,0.00354090304258007,0.00852791088774985,"S000003227","S000003227","VEL1"
"S000003235",402.485553307397,1.22620734322852,0.163452277892785,7.50192875276319,6.28855528250644e-14,1.03349109926702e-12,"S000003235","S000003235","CUL3"
"S000003242",390.93474149172,1.08444613782295,0.314518420771604,3.44795746831773,0.000564842974882579,0.00167946644531754,"S000003242","S000003242","NMA2"
"S000003246",813.557134066908,-1.44893286625139,0.288375256809448,-5.02447013756389,5.04824339858029e-07,2.90310157620362e-06,"S000003246","S000003246","MSB2"
"S000003248",68.1726266026718,1.40097244013631,0.276729163824712,5.06261219733141,4.13550535120181e-07,2.4174638562705e-06,"S000003248","S000003248",NA
"S000003252",337.219796671551,-1.33816768646941,0.33594035372126,-3.98334904290696,6.79508406392833e-05,0.000252083802519485,"S000003252","S000003252","VMA7"
"S000003266",1417.56584232285,-1.59256087260332,0.453813359329774,-3.50928600902216,0.000449311456183756,0.00136908111218745,"S000003266","S000003266","RPL26B"
"S000003276",1454.78190396187,1.66167482583043,0.310231909876337,5.35623439411117,8.49742609979318e-08,5.69743903639808e-07,"S000003276","S000003276","RME1"
"S000003281",244.268191204016,-1.83138488470572,0.191241235786491,-9.57630752161811,1.00576515919417e-21,3.71516075061847e-20,"S000003281","S000003281","SCM4"
"S000003285",248.823748954541,2.01356738016404,0.312384150338228,6.44580519845162,1.14988279070185e-10,1.20827997954901e-09,"S000003285","S000003285",NA
"S000003286",511.317050167936,-1.0071719639224,0.429951954180287,-2.3425221216696,0.0191538984633619,0.0376634953128354,"S000003286","S000003286",NA
"S000003287",1070.37661397945,-1.23076451543678,0.290834388442065,-4.2318397147934,2.31787571577259e-05,9.53925474003196e-05,"S000003287","S000003287","MUP1"
"S000003291",103.720901939585,1.13160774023431,0.257235075924601,4.39911911766652,1.08691158429527e-05,4.79603116717868e-05,"S000003291","S000003291","SPR3"
"S000003298",360.161737789338,-1.407902563891,0.194405322827763,-7.24209884488788,4.41793660381363e-13,6.37899191644169e-12,"S000003298","S000003298",NA
"S000003299",2462.8879817318,2.75482885615953,0.296721574736283,9.28422160945977,1.62893431646707e-20,5.30152082132338e-19,"S000003299","S000003299",NA
"S000003302",1088.85713969949,1.73878535166835,0.215384666423445,8.07293007687888,6.86309148317584e-16,1.42002315533339e-14,"S000003302","S000003302","ROM1"
"S000003309",526.104228203409,1.13316715043771,0.132714424090803,8.53838727930888,1.36108077993942e-17,3.33132820163221e-16,"S000003309","S000003309","PEX8"
"S000003310",108.539029347713,-1.89098071986003,0.240247901879342,-7.87095622924408,3.51940765651121e-15,6.9023952768254e-14,"S000003310","S000003310","PAC10"
"S000003311",217.393055062559,-1.56610885614406,0.263581051963531,-5.941659479987,2.82151053125875e-09,2.44436185736819e-08,"S000003311","S000003311",NA
"S000003317",1381.96798580304,-1.61515254803302,0.495796816043884,-3.25769044045265,0.00112322862320274,0.00304637817130798,"S000003317","S000003317","RPL11B"
"S000003319",2226.98413809546,4.62061439261269,0.445862082088624,10.3633266389633,3.64074908786483e-25,1.90616958765514e-23,"S000003319","S000003319","PDC6"
"S000003321",512.768422099492,1.23638431916493,0.257190813466226,4.80726470165035,1.53009341511956e-06,7.9694571387845e-06,"S000003321","S000003321","NNF2"
"S000003332",1175.05443999255,1.03764533883372,0.134523237621145,7.71350256790592,1.22410891314593e-14,2.23344235334899e-13,"S000003332","S000003332","MDR1"
"S000003335",641.837609170514,-1.15477503910772,0.390409562731492,-2.95785541478123,0.00309787391891243,0.00756685552363965,"S000003335","S000003335","NOP7"
"S000007347",549.859514097622,1.22714110788681,0.132058628391705,9.29239628513283,1.50853095878616e-20,4.93633962111492e-19,"S000007347","S000007347",NA
"S000003342",1490.73271060063,-1.37224133016197,0.344902669456754,-3.97863354413391,6.93124761225109e-05,0.000256345466052603,"S000003342","S000003342","CLD1"
"S000003344",319.698830873104,1.02169206219911,0.122476518281246,8.3419424109769,7.30800442510598e-17,1.6541915279535e-15,"S000003344","S000003344","SHY1"
"S000003350",2566.87391569358,-1.10601004371719,0.226095573753255,-4.89178105239786,9.99275713442089e-07,5.38642709994165e-06,"S000003350","S000003350","RPS23A"
"S000003355",157.708444742732,-1.64698152540112,0.458451317557052,-3.59248945815531,0.000327533908462416,0.00102708145699695,"S000003355","S000003355","PPT1"
"S000003356",2033.99422533339,-2.44463069661213,0.298879957351425,-8.17930622807777,2.85482751295686e-16,6.14651851496194e-15,"S000003356","S000003356","ASN2"
"S000003359",687.241997573903,1.66725265367247,0.501582274017185,3.32398639273952,0.000887405256943668,0.00248630388648573,"S000003359","S000003359",NA
"S000003368",879.577277631511,-2.24053187800603,0.193407521240103,-11.5845126582464,4.93766786079779e-31,3.86099976491733e-29,"S000003368","S000003368","LSB1"
"S000003369",134.928815450741,-2.35971289675379,0.295900490269527,-7.97468397096738,1.52771225030372e-15,3.08669646277808e-14,"S000003369","S000003369",NA
"S000003370",5202.48372590435,-2.75449416822501,0.247723867902019,-11.1192118529107,1.01161685549013e-28,6.69334624934732e-27,"S000003370","S000003370","TPO2"
"S000003374",2738.304057415,-2.89028589678718,0.443369827571021,-6.5189052503222,7.08223705713217e-11,7.66945131672533e-10,"S000003374","S000003374","BTN2"
"S000003375",2411.14886832597,1.28995029865983,0.0978750278768048,13.1795650703005,1.15052182385316e-39,1.4137330411061e-37,"S000003375","S000003375","SKN1"
"S000003376",2804.35809752832,2.15707671864745,0.278096030303752,7.75658939212966,8.72438209600008e-15,1.63678785546887e-13,"S000003376","S000003376","THI4"
"S000003378",1309.41948167619,2.64697665718571,0.166690818678604,15.8795588033516,8.77937500024805e-57,1.95780062505531e-54,"S000003378","S000003378","ECL1"
"S000003380",1415.34521925155,-1.53650033970642,0.392318232502674,-3.91646426908274,8.98571264610581e-05,0.000324552944464326,"S000003380","S000003380","RPL24B"
"S000003383",22.4701856010949,-7.3137887751624,1.21771015931754,-6.00618194666405,1.89943031384454e-09,1.68928654647828e-08,"S000003383","S000003383",NA
"S000003384",117.189145672904,-4.69177658596203,0.451322726041301,-10.3956134164019,2.59611062288038e-25,1.39564125538953e-23,"S000003384","S000003384","RSR1"
"S000003389",1438.91907298309,-1.84159869132517,0.124842827845482,-14.75133752661,3.01627047199558e-49,5.18884700339582e-47,"S000003389","S000003389","CHO2"
"S000003391",824.436558726899,-2.36370285935836,0.673418511502949,-3.51000576756199,0.000448096974296675,0.001366071839109,"S000003391","S000003391","NSR1"
"S000003392",256.795841642488,-2.17139671983815,0.663416505741219,-3.27305199832509,0.00106392902817991,0.00290517763205046,"S000003392","S000003392",NA
"S000007368",530.838511660812,1.28817844685232,0.218271516173316,5.90172492241018,3.59720579289459e-09,3.05914916370316e-08,"S000007368","S000007368",NA
"S000007370",1075.07589098429,1.04311478540807,0.111536714016401,9.3522101184968,8.58350463212992e-21,2.91984640621776e-19,"S000007370","S000007370",NA
"S000029726",121.913651596397,-1.55933335169579,0.368607888561201,-4.23033092911383,2.33347771959673e-05,9.59035450490914e-05,"S000029726","S000029726",NA
"S000003398",430.209742472396,-1.17560945977917,0.193421568484874,-6.07796467057969,1.21717562646571e-09,1.10537171145551e-08,"S000003398","S000003398","TRS65"
"S000003400",295.344211174888,1.07628006484571,0.208574299970507,5.16017584619916,2.46717996023782e-07,1.5081107147809e-06,"S000003400","S000003400",NA
"S000003403",220.853546976615,1.00237583417135,0.162795296902547,6.157277594889,7.40060647800985e-10,6.98417736741337e-09,"S000003403","S000003403","MSM1"
"S000003412",3679.97355576793,1.27701167718823,0.256001171992613,4.98830402708109,6.09116578091277e-07,3.44688995929284e-06,"S000003412","S000003412","RNR4"
"S000003417",797.399640796692,-2.0119638531653,0.258206268293937,-7.79207982230285,6.59150681243419e-15,1.255932358154e-13,"S000003417","S000003417","TYS1"
"S000003419",230.091123421516,-1.03042101566415,0.435362881446318,-2.36680952735565,0.0179421640960079,0.0355829282022607,"S000003419","S000003419","HGH1"
"S000003421",3886.13517731505,-2.95509659593099,0.26396404014025,-11.1950726104998,4.31048963055445e-29,2.91611888377173e-27,"S000003421","S000003421","CRH1"
"S000003425",930.368145468871,1.12191205881373,0.152670941008473,7.34856320006222,2.00348732275289e-13,3.03090381163195e-12,"S000003425","S000003425","PDX1"
"S000003435",84.8537276614119,-1.3957484489396,0.328129211099549,-4.25365496800025,2.1030927383693e-05,8.72088249154376e-05,"S000003435","S000003435","YCH1"
"S000003440",120.640136165026,-2.59984636204826,0.526349101607255,-4.93939545846928,7.83651427271797e-07,4.32084729267719e-06,"S000003440","S000003440","SER2"
"S000003443",917.469455748642,-1.85681488845189,0.35924900514441,-5.16860133740799,2.35852392607279e-07,1.4493316289099e-06,"S000003443","S000003443","ZPR1"
"S000003457",248.579439598847,2.28181924732961,0.369552290249783,6.17455041555096,6.63520067021114e-10,6.30134751346077e-09,"S000003457","S000003457","AMA1"
"S000003462",165.829977849192,1.98016396644943,0.607373620694013,3.26020738962421,0.00111330775961918,0.00302219387766777,"S000003462","S000003462","BNS1"
"S000003466",1647.91249311854,-1.52800269542367,0.372960188929873,-4.0969592486746,4.18612559377656e-05,0.00016356042959201,"S000003466","S000003466","YHB1"
"S000003476",3189.12895359069,1.21280989944798,0.36932197107604,3.28388234232151,0.00102387657600385,0.00280982719422022,"S000003476","S000003476","LSC2"
"S000003477",388.412950120832,-1.07675591317861,0.332436308683996,-3.23898408522561,0.00119956266667289,0.00322292138154284,"S000003477","S000003477","SDA1"
"S000003480",1994.48808266545,1.46004784491711,0.356309722723747,4.09769296710748,4.17288266253514e-05,0.000163148873448858,"S000003480","S000003480","SOL4"
"S000003481",262.342029006081,-2.9726711015935,0.93643662237364,-3.17444985658346,0.00150120826496903,0.00394361909396969,"S000003481","S000003481","MGA1"
"S000003486",45177.9713761069,2.8592373554033,0.14778006104946,19.3479237665651,2.12220463244976e-83,9.82907237844618e-81,"S000003486","S000003486","ENO1"
"S000003488",5752.45361484728,1.06650402558942,0.242862024108883,4.39139890027133,1.12623700901924e-05,4.94607806805604e-05,"S000003488","S000003488","GND2"
"S000003491",256.123461036383,2.36220472310903,0.228416325177008,10.3416632820726,4.56543809311213e-25,2.34944468022463e-23,"S000003491","S000003491",NA
"S000003492",1736.05459182049,1.83719865846051,0.245834677766765,7.47330960444705,7.82025588357057e-14,1.27258812635077e-12,"S000003492","S000003492","TNA1"
"S000003496",752.315204893012,-1.42452278005045,0.312611811114938,-4.5568424781196,5.19283378835534e-06,2.45223939134804e-05,"S000003496","S000003496","MES1"
"S000003500",488.717537737892,-1.07311197728017,0.361772997094308,-2.96625780779438,0.00301447680881615,0.00739314251156091,"S000003500","S000003500","HUA1"
"S000007608",113.195955739978,-1.35056371057106,0.435817412770449,-3.09892094945372,0.00194226835553354,0.00497677782210911,"S000007608","S000007608","EFG1"
"S000003510",251.998466038564,1.02346407024686,0.206670245251262,4.95215975092384,7.33943121954919e-07,4.06912664575559e-06,"S000003510","S000003510","CWC22"
"S000003511",2468.05495798051,-6.93956910926299,0.408894766198991,-16.9715283317806,1.33414189231764e-64,4.46270462980252e-62,"S000003511","S000003511","SCW4"
"S000003512",585.645299823222,-2.59196319788022,0.456408876157489,-5.67903766399546,1.35454653615154e-08,1.04068780613506e-07,"S000003512","S000003512","PXR1"
"S000003515",196.098777144704,-1.03582223344461,0.319128156419005,-3.24578766432821,0.00117126164215928,0.00315957273630872,"S000003515","S000003515",NA
"S000003516",1018.00361113236,1.05550552077263,0.205565520249804,5.13464281115808,2.82680374937959e-07,1.71057139447382e-06,"S000003516","S000003516","ERV29"
"S000003517",1678.52996520724,-2.0141435857412,0.422598598156646,-4.76609149800022,1.8783398559357e-06,9.61690839505854e-06,"S000003517","S000003517","ZUO1"
"S000003520",264.564010001206,1.16611669106382,0.181118707739081,6.43841105990953,1.20730670612978e-10,1.26201279125128e-09,"S000003520","S000003520","MAL13"
"S000003524",60.2819536681854,-1.40462113383997,0.341699754512107,-4.11068815617251,3.94481673772384e-05,0.00015503747766211,"S000003524","S000003524","MAL12"
"S000028771",25.6410104685258,2.04708624787664,0.568211791290694,3.60268174517584,0.000314951045603206,0.000991280839297909,"S000028771","S000028771",NA
"S000001007",3065.69090176555,-1.36030335983452,0.410506736694389,-3.31371750629084,0.000920644705737223,0.00256629711724251,"S000001007","S000001007","RPS20"
"S000001012",933.254779524976,-1.12526126364348,0.228170140769344,-4.93167624759893,8.1526960697298e-07,4.46654986677371e-06,"S000001012","S000001012","OPI1"
"S000001013",1889.64282569465,-1.52075784479747,0.371623472049966,-4.09220073320073,4.27298511195751e-05,0.000166521963489296,"S000001013","S000001013","AIM17"
"S000001027",952.795466569948,1.10611674628926,0.197195264541017,5.60924598703629,2.03210016362883e-08,1.52559539715825e-07,"S000001027","S000001027","VMR1"
"S000001028",512.665271636586,-3.49139315968513,0.408463715235917,-8.5476213172781,1.25651188128539e-17,3.11335721696268e-16,"S000001028","S000001028","MUP3"
"S000001041",43.957784720543,2.98699857104861,0.580691519296404,5.14386463688641,2.69143494232048e-07,1.63523004921409e-06,"S000001041","S000001041",NA
"S000001045",489.798709443873,-1.64133814553907,0.122212068740717,-13.4302459851269,4.02073704693275e-41,5.15082079991108e-39,"S000001045","S000001045","TCD1"
"S000001052",2526.66877108027,-1.38724153900015,0.368011452137425,-3.76956078660865,0.000163535077435014,0.000555668567289061,"S000001052","S000001052","RPL27A"
"S000001055",202.517027377677,-1.40791956807727,0.225583238796064,-6.24124192733168,4.34110209148606e-10,4.21577027303831e-09,"S000001055","S000001055","ARD1"
"S000001056",36.9170152851154,1.10068741751244,0.306355070080849,3.59284870729235,0.000327082512669507,0.00102624481958473,"S000001056","S000001056","SPO13"
"S000001057",52.9597848381657,1.07140229977458,0.398344542906332,2.68963719687886,0.00715297374489154,0.0159216469197752,"S000001057","S000001057","MIP6"
"S000001059",366.068123321794,1.00247890455673,0.15958693688356,6.28171029617649,3.34868430239408e-10,3.31074354428813e-09,"S000001059","S000001059","YSC83"
"S000001061",2317.33205124734,-1.16925348155315,0.393200748286323,-2.97368071309395,0.00294251081441322,0.0072491234098126,"S000001061","S000001061","DED81"
"S000001062",1218.51525022894,-1.60135540212708,0.447966380442896,-3.57472228282812,0.000350599843021304,0.00108980983729028,"S000001062","S000001062",NA
"S000001063",347.580858558189,-1.28482366307314,0.390853829102116,-3.28722291406147,0.00101180706626216,0.00278431917091611,"S000001063","S000001063","RPS27B"
"S000003531",47.461700625963,2.33535476266564,0.86843319307685,2.6891587991835,0.00716323341099932,0.0159385914144963,"S000003531","S000003531","ECM12"
"S000001064",185.869810386399,1.61358412167262,0.666218685871297,2.42200369922428,0.0154351934186228,0.0311236770172564,"S000001064","S000001064",NA
"S000001067",692.515304340794,-2.21169378192247,0.297985303689109,-7.42215724917075,1.15227888172964e-13,1.80673727783703e-12,"S000001067","S000001067","THR1"
"S000001083",129.102118662479,-1.18904303690461,0.247640185824207,-4.8014946885425,1.57485686978592e-06,8.18137464450478e-06,"S000001083","S000001083","SRB2"
"S000001084",873.337819860832,-1.07079916002464,0.25158284014231,-4.25624879430939,2.07885368091007e-05,8.65015757619872e-05,"S000001084","S000001084","NCP1"
"S000001085",238.467418734501,-1.68751733144503,0.185853229147766,-9.07983864032482,1.0873593334745e-19,3.35743104966666e-18,"S000001085","S000001085","DOG2"
"S000001094",303.37979595662,-1.46788761878578,0.553869272143495,-2.6502420202966,0.00804341292474144,0.0176363398470023,"S000001094","S000001094","CIC1"
"S000028647",56.2623907539974,-1.68129283330515,0.409469477244285,-4.10602725414403,4.02522009769821e-05,0.000157888274972254,"S000028647","S000028647",NA
"S000001095",342.021195901774,-1.42988957857257,0.400701363213443,-3.56846696778246,0.000359076113230891,0.00111443158647587,"S000001095","S000001095","CUP1-1"
"S000001096",1851.67777175612,1.30520815887158,0.173483588308395,7.5235252602186,5.33186931937049e-14,8.89284907809688e-13,"S000001096","S000001096",NA
"S000001097",342.021195901774,-1.42988957857257,0.400701363213443,-3.56846696778246,0.000359076113230891,0.00111443158647587,"S000001097","S000001097","CUP1-2"
"S000001098",642.687952504044,1.01898636847816,0.112385668316674,9.06687110323462,1.2248367870694e-19,3.70590065072605e-18,"S000001098","S000001098","RSC30"
"S000028777",42.5633011548987,1.60204103395151,0.382002417315567,4.19379815763859,2.74322095942523e-05,0.000111450292825232,"S000028777","S000028777",NA
"S000001104",124.363255567146,-1.00081515199205,0.194293309817058,-5.15105308018271,2.59027857796824e-07,1.58175124928466e-06,"S000001104","S000001104","RPP1"
"S000001105",312.198787749515,-1.76771682139308,0.347955642688684,-5.08029359068234,3.76852000678651e-07,2.2223564114458e-06,"S000001105","S000001105","PAN5"
"S000028778",173.174451346547,-1.63736618755809,0.221066180044013,-7.40667879289403,1.29501611825393e-13,2.00104771342007e-12,"S000028778","S000028778",NA
"S000001108",155.848487817741,-1.40699283986138,0.585747054515432,-2.40204851055604,0.0163035462236801,0.0326016777857118,"S000001108","S000001108","SSF1"
"S000001110",561.609503611265,-2.61199562326629,0.511232153656505,-5.10921624272733,3.23497937174171e-07,1.93040741300861e-06,"S000001110","S000001110","DYS1"
"S000028780",33.8460715792913,-2.1198090061651,0.408001381764526,-5.19559271342988,2.04068600153532e-07,1.26669798095301e-06,"S000028780","S000028780",NA
"S000001112",174.766985331181,-1.3210023407323,0.330558608760927,-3.99627269029229,6.43476089547856e-05,0.000240047678758838,"S000001112","S000001112","TRM5"
"S000001113",2274.80117139832,-1.97878784724066,0.26258939880397,-7.53567301746965,4.85822562425929e-14,8.17077555409641e-13,"S000001113","S000001113","PCL5"
"S000001126",225.290314905901,-1.3737279268095,0.349625338808443,-3.92914292622869,8.52491615798156e-05,0.000309954832048351,"S000001126","S000001126","STE12"
"S000001128",481.136181641013,1.05018960529032,0.109274303820374,9.61058152350836,7.21403935216983e-22,2.71473318371341e-20,"S000001128","S000001128","NAM8"
"S000001131",418.056064232143,-2.32699036655252,0.520938187946896,-4.46692221916687,7.9352964366373e-06,3.6141013498482e-05,"S000001131","S000001131","GAR1"
"S000001134",917.583533927746,-3.37779647309461,0.473618952612506,-7.13188620189819,9.90027145501542e-13,1.38626824257321e-11,"S000001134","S000001134","HXT4"
"S000001139",5140.36379904153,-1.72682624401806,0.465289682094372,-3.71129279343834,0.000206203423027829,0.000678814002214632,"S000001139","S000001139",NA
"S000001147",110.588220776929,1.70387471657644,0.418280414179133,4.07352259110737,4.63073573907474e-05,0.000178800843290959,"S000001147","S000001147","YPT35"
"S000001158",87.9996418420837,-1.59561603161993,0.225443976225065,-7.07766097075486,1.46607853187108e-12,2.01996769803107e-11,"S000001158","S000001158","COX23"
"S000001165",198.16573645108,-2.85461473000299,0.320026042546515,-8.9199450997432,4.66519415458586e-19,1.32495915116799e-17,"S000001165","S000001165","EPT1"
"S000001170",277.562435371409,-1.16761554812023,0.364853396052579,-3.20023209528235,0.00137316961545646,0.00364383175613193,"S000001170","S000001170","FUR1"
"S000001180",2485.06049373238,-1.27430683323777,0.402580642137754,-3.1653455230014,0.00154898887991054,0.00405322122813619,"S000001180","S000001180",NA
"S000003533",31.0681116512761,-1.17439810856628,0.339191957634126,-3.46234066620489,0.00053549887847897,0.00160091298278147,"S000003533","S000003533",NA
"S000001182",273.526356773647,2.17975951557496,0.249378099873735,8.74078163510994,2.31503098124541e-18,6.0603484948168e-17,"S000001182","S000001182",NA
"S000001186",2061.88006228007,-4.68014858725996,0.368826624380005,-12.6892916017851,6.77962009874304e-37,7.16141975693541e-35,"S000001186","S000001186","DSE2"
"S000001187",67.5783494428427,-2.82762291463679,0.422723652358907,-6.68905773040597,2.24612118474893e-11,2.61584055190973e-10,"S000001187","S000001187","DCD1"
"S000001189",3542.84250128382,-1.77129656099365,0.266011591704189,-6.65871945521595,2.76223612482016e-11,3.16789023000804e-10,"S000001189","S000001189","CRP1"
"S000001192",178.621031128925,-3.51158184647439,0.36847343447846,-9.53008146013214,1.57159859893662e-21,5.73490616011962e-20,"S000001192","S000001192","SKG6"
"S000001196",30.6978570365606,-2.622704100282,0.467658311993172,-5.60816312470522,2.04485251050886e-08,1.53161036944092e-07,"S000001196","S000001196","SPO16"
"S000001198",614.153761249151,1.03845505554849,0.165036060947368,6.2922918154213,3.12812707776499e-10,3.1028753105804e-09,"S000001198","S000001198","LAM1"
"S000001206",315.262598191311,-2.69971172671928,0.213338221647868,-12.6546087516159,1.05499837855427e-36,1.05869087287921e-34,"S000001206","S000001206","SOL3"
"S000001211",163.181120938942,-1.21897025605683,0.258838077413513,-4.70939310103681,2.4845547970926e-06,1.24042325317533e-05,"S000001211","S000001211","MTG2"
"S000001212",187.55504062889,-1.22607077142226,0.252819353513084,-4.84959222616951,1.23715538294874e-06,6.57450358405503e-06,"S000001212","S000001212","DBP8"
"S000001214",478.439884211525,1.50426533317477,0.164549715567091,9.141707282754,6.14740402681426e-20,1.9480799813394e-18,"S000001214","S000001214","ATG7"
"S000001215",110.057023382902,-1.13369330362876,0.31793940625298,-3.56575272310441,0.000362813344040402,0.00112487082619324,"S000001215","S000001215","SPC97"
"S000001217",13350.3565799408,-1.11160755620447,0.422671362431741,-2.62995711327376,0.00853956403145859,0.0185152016684956,"S000001217","S000001217","ENO2"
"S000001222",951.673046560037,-3.42556229013104,0.179895965470895,-19.0419072554757,7.6683684859327e-81,3.2979461895572e-78,"S000001222","S000001222","OYE2"
"S000028784",180.607835892612,-2.35781455112124,0.240158609569937,-9.81773901565924,9.44378409773306e-23,3.84196108462505e-21,"S000028784","S000028784",NA
"S000001226",1211.02996924189,-3.19286805551786,0.200728120495794,-15.9064312844237,5.71813843670441e-57,1.43453798030822e-54,"S000001226","S000001226","GND1"
"S000001227",60.5095061361773,2.33862085169088,0.359811873249084,6.49956553843888,8.05523034583844e-11,8.64774846237243e-10,"S000001227","S000001227","SSP1"
"S000028785",45.9147628699995,1.81690224898919,0.312295921511687,5.81788657435668,5.95963176822192e-09,4.95620757962213e-08,"S000028785","S000028785",NA
"S000001237",693.459167734555,1.3499149307456,0.13783882361233,9.79343043830832,1.20148880878272e-22,4.85514370314146e-21,"S000001237","S000001237","MDM31"
"S000001239",310.583330418192,-1.41294878949837,0.409298527670238,-3.45212282472893,0.000556194481358003,0.00165866615763078,"S000001239","S000001239","UTP9"
"S000001246",3167.62717686364,-1.22205953882482,0.248090995952003,-4.92585204124556,8.3993538734204e-07,4.58084326737901e-06,"S000001246","S000001246","RPS4B"
"S000001251",2962.30203869431,-1.81102085080381,0.306017203098436,-5.9180360857728,3.25808495288037e-09,2.80642768258837e-08,"S000001251","S000001251","BAT1"
"S000001258",325.087638245523,-1.16886429036645,0.238869888986187,-4.89330947206174,9.91543028300397e-07,5.34953456397553e-06,"S000001258","S000001258","PHO12"
"S000001259",33.5341624089642,-6.78116374158515,0.933931596777038,-7.26087838229982,3.84584620329298e-13,5.58881883883056e-12,"S000001259","S000001259","IMD2"
"S000001263",288.598345288834,1.39933321683309,0.336953548831388,4.15289650958185,3.28293231907149e-05,0.000131339106266641,"S000001263","S000001263",NA
"S000001269",325.58220429223,1.14013714497667,0.163488984528819,6.97378571567124,3.0852390501288e-12,4.02954974421378e-11,"S000001269","S000001269","NAS2"
"S000001276",651.283946522972,1.29239155422408,0.191342467361753,6.75433724694619,1.43489636581415e-11,1.72059437450899e-10,"S000001276","S000001276","MNT3"
"S000001278",99.7564090176099,-1.41510478678254,0.246935820361921,-5.73065821195358,1.00041666902644e-08,7.92566942658973e-08,"S000001278","S000001278","SNL1"
"S000001279",1423.08542952751,1.2392651747665,0.162007385211969,7.64943630899945,2.01862227241349e-14,3.57474255947107e-13,"S000001279","S000001279","VID28"
"S000001280",4964.62715391702,-1.70744097991079,0.399601555286681,-4.27285869467112,1.92982760883846e-05,8.08593739235657e-05,"S000001280","S000001280","RPL2B"
"S000001282",130.368488195488,-1.09169089804159,0.363617989055805,-3.00230167620789,0.00267946499523341,0.0066555522839523,"S000001282","S000001282","HIS6"
"S000028656",18.5942051789457,-1.52523264742546,0.403714460836253,-3.77799854943541,0.000158093799647962,0.000539616081451462,"S000028656","S000028656",NA
"S000001286",359.109351486989,1.325414631312,0.242480077776462,5.46607640291949,4.60106083466219e-08,3.22502762345763e-07,"S000001286","S000001286",NA
"S000001290",22.375849623822,2.06270656401539,0.388193834025559,5.31359950420948,1.07480702181648e-07,7.03414465038804e-07,"S000001290","S000001290",NA
"S000001291",66.0584273388451,1.7230204648765,0.250368832538081,6.881928742526,5.90475504507332e-12,7.44035357546244e-11,"S000001291","S000001291",NA
"S000001296",1135.31969930603,-1.3230423990533,0.170827417969966,-7.74490661262533,9.56521217425555e-15,1.77753526238249e-13,"S000001296","S000001296","CAP2"
"S000001298",1304.18119558324,1.15630162469045,0.329768852503311,3.50640036471862,0.000454211450967777,0.00138331165719625,"S000001298","S000001298","CST6"
"S000001306",330.454854408,-1.06924870369553,0.15710635979629,-6.80589064046773,1.00425979847964e-11,1.22650065854887e-10,"S000001306","S000001306","AGE2"
"S000001309",4683.01570479543,-1.96431997396657,0.302225195601206,-6.49952420432391,8.05744375916116e-11,8.64774846237243e-10,"S000001309","S000001309","SYG1"
"S000028790",114.954700575903,-1.4042171091861,0.356143892490686,-3.94283641751017,8.05235809827806e-05,0.000294910268307374,"S000028790","S000028790",NA
"S000001313",1071.48245681129,-1.42402205785514,0.216230353017158,-6.58567142857202,4.52834263764465e-11,5.0773093149457e-10,"S000001313","S000001313","MMF1"
"S000001314",800.274157257742,-1.35515251744236,0.381426792952537,-3.55285088116762,0.000381080419467261,0.00117786714867165,"S000001314","S000001314","RPL34B"
"S000001328",370.242265775803,1.64946187861698,0.243781646041604,6.7661446437829,1.3225932411463e-11,1.59585849798434e-10,"S000001328","S000001328","RNR3"
"S000001335",418.727513265378,1.08799180560257,0.245928586857969,4.42401519686248,9.68832007146055e-06,4.31459875371775e-05,"S000001335","S000001335","SPO22"
"S000001340",1899.30809947848,-1.40217033069628,0.41882471674802,-3.34786910759108,0.000814354637957857,0.00230631668633314,"S000001340","S000001340","THS1"
"S000001341",124.302033418165,-1.23701397645083,0.290440241034086,-4.25909981360212,2.05251809105629e-05,8.56424908264027e-05,"S000001341","S000001341","AIR1"
"S000001345",773.509751173862,2.14219978286529,0.25689009443655,8.33897386181388,7.49379735561816e-17,1.68989340367704e-15,"S000001345","S000001345","CAB2"
"S000001369",3018.87792187451,1.25971678271107,0.238602359819855,5.27956548150723,1.29490597240749e-07,8.29823054685071e-07,"S000001369","S000001369","PFK26"
"S000001376",77.9826760315629,-1.08077635844964,0.273635347067306,-3.94969571743156,7.82506050831989e-05,0.000287459971449628,"S000001376","S000001376","POR2"
"S000001380",191.342658325488,-1.77365750106443,0.337324386770509,-5.25801741773001,1.45616730715003e-07,9.23876012260306e-07,"S000001380","S000001380","RHO3"
"S000001383",386.994529463563,-1.82860438780054,0.192632125344684,-9.4927280926198,2.25065471923518e-21,7.97128944971473e-20,"S000001383","S000001383","QDR2"
"S000001385",976.963133511749,-2.02700422875691,0.203842765128263,-9.94395963713239,2.6795921529117e-23,1.16070678796268e-21,"S000001385","S000001385","SIM1"
"S000001386",1506.82078898691,1.95787172499761,0.275338667682006,7.11077649020513,1.15391883161709e-12,1.60086296893237e-11,"S000001386","S000001386","AYR1"
"S000001389",100.944415659054,-1.56594198488226,0.302974239667991,-5.1685647816074,2.35898521230975e-07,1.4493316289099e-06,"S000001389","S000001389","RRT14"
"S000001395",1660.76731912674,-1.2393445785477,0.289747415594558,-4.27732746469743,1.8915045690452e-05,7.95859469617129e-05,"S000001395","S000001395","RPL16A"
"S000001398",14665.8502678777,1.13707600586244,0.304003481020657,3.74033876863792,0.000183772398964385,0.00061369584812233,"S000001398","S000001398","OM45"
"S000001399",1619.15454119236,1.95649936472112,0.417961895866263,4.68104720566955,2.85413202739097e-06,1.40743070736454e-05,"S000001399","S000001399","TMA108"
"S000001402",680.930211210745,-1.39988536816895,0.151367103250045,-9.24828009594967,2.28133854451653e-20,7.38491364329788e-19,"S000001402","S000001402","AXL2"
"S000001410",2090.16141913708,-1.14913704744942,0.30550459681926,-3.76143946576771,0.000168938309741973,0.000571769287777637,"S000001410","S000001410","RPL40A"
"S000001412",159.07452369328,1.03602174119228,0.212786719057986,4.86882708553797,1.12262584752862e-06,5.99763108071857e-06,"S000001412","S000001412","MCM10"
"S000001420",30.2292169769718,-1.98570471651828,0.547934634360562,-3.62398102254585,0.000290102900578541,0.000921260318767613,"S000001420","S000001420","AIM20"
"S000001424",845.529683993754,-2.10368776337625,0.25483707640198,-8.25503020627142,1.51863827070194e-16,3.31294240141174e-15,"S000001424","S000001424","SUC2"
"S000001451",428.310472648889,-1.76458308744899,0.483694947021648,-3.64813215088232,0.000264153766062727,0.000846895540715485,"S000001451","S000001451","SQT1"
"S000001453",137.912620072427,2.20818895381651,0.332673002355006,6.63771613020787,3.18580638548775e-11,3.63290534981473e-10,"S000001453","S000001453",NA
"S000001454",82.3812196986157,1.29673514707382,0.233686080265027,5.54904744691328,2.87230227286823e-08,2.09118887363236e-07,"S000001454","S000001454","RPR2"
"S000001455",1016.24169772586,1.28262214369369,0.379930993078794,3.37593449089237,0.000735654330691998,0.00211426001197924,"S000001455","S000001455",NA
"S000001456",325.779222584796,1.16054473356302,0.282512088698845,4.10794716398897,3.99191392284662e-05,0.000156786130002997,"S000001456","S000001456","MET28"
"S000028799",362.044939505733,1.00644981143403,0.250018654114407,4.02549887726973,5.68546517402265e-05,0.000214756498198183,"S000028799","S000028799",NA
"S000001465",166.498381516292,-1.40198228855481,0.279828411998745,-5.01014989343217,5.43876572927402e-07,3.1128144920113e-06,"S000001465","S000001465","YVH1"
"S000001472",762.816387369999,1.1989812332306,0.119729523889718,10.0140816924568,1.32183736801853e-23,6.07540671209129e-22,"S000001472","S000001472","MGA2"
"S000001473",842.240627954331,-1.48921510864634,0.346593294265688,-4.29672221963058,1.73342189706176e-05,7.33961550085012e-05,"S000001473","S000001473","LYS1"
"S000028803",74.0687550608615,1.31366212109718,0.352572143652174,3.72593849159326,0.000194589854974431,0.00064448890093599,"S000028803","S000028803",NA
"S000001477",8694.10069845874,-1.72674202109373,0.326428777051758,-5.28979717011878,1.22452077148223e-07,7.89383251080781e-07,"S000001477","S000001477","GTT1"
"S000003548",48.9171129225566,-1.19074313450424,0.440348662323387,-2.70409163552714,0.00684913982508973,0.0153589090826314,"S000003548","S000003548","RPC17"
"S000003549",1400.86839682395,-1.20540832716264,0.219900503961019,-5.4816078428648,4.21477676163972e-08,2.98204123170772e-07,"S000003549","S000003549","VTC4"
"S000003553",2078.1482350574,1.07658441592579,0.173386205320784,6.20916995059665,5.32651937110108e-10,5.10684285563687e-09,"S000003553","S000003553","TPH3"
"S000028659",21.585578967678,1.49677457341901,0.522748477873502,2.86327868329291,0.00419281609536953,0.00989222010588556,"S000028659","S000028659",NA
"S000028660",35.9590320607379,1.42802564479025,0.429738963605829,3.3230071409119,0.000890526347593744,0.00249335982934133,"S000028660","S000028660",NA
"S000003563",4335.56177638194,1.75706380995913,0.257429264570296,6.82542372520096,8.76661707415226e-12,1.07722043680553e-10,"S000003563","S000003563","RNR2"
"S000003566",476.544613978515,1.19743108515633,0.120174727893037,9.9640840145868,2.18882148679227e-23,9.61963078246444e-22,"S000003566","S000003566","VPS53"
"S000003571",3818.57456759391,-1.60228459761705,0.216049805358717,-7.41627420101911,1.20460977161665e-13,1.87900399867975e-12,"S000003571","S000003571","KAR2"
"S000003572",46.5283820969043,-1.48018899499231,0.287837094431726,-5.14245392142606,2.71172964129813e-07,1.6458996139371e-06,"S000003572","S000003572","TAD2"
"S000003574",41.280592961404,1.03860534294254,0.464458988724927,2.23616157326143,0.0253411893250356,0.0477855624572626,"S000003574","S000003574","IRC18"
"S000003575",66.6460601465222,1.00667879395765,0.284814178991618,3.5345108081409,0.000408530727307756,0.00125498138220408,"S000003575","S000003575","LOH1"
"S000003579",37.6152000199122,-1.31764505144322,0.402761451990105,-3.27152721525989,0.00106968292526418,0.00291560022318498,"S000003579","S000003579",NA
"S000003581",2003.55154762717,1.82886371680223,0.169245504404258,10.8059810701608,3.22491010380215e-27,1.98134527908089e-25,"S000003581","S000003581",NA
"S000003582",226.735236129501,1.2488433347158,0.173747066486291,7.18770889184676,6.58875524646588e-13,9.3853478758808e-12,"S000003582","S000003582","AIM22"
"S000003583",457.070479929897,1.39312422917978,0.140334280472204,9.92718403865484,3.17083705865132e-23,1.35401488866238e-21,"S000003583","S000003583","RTT101"
"S000003584",3701.01929375337,-1.68462903867551,0.459469116804685,-3.66646848952773,0.000245923206434653,0.000796077218248948,"S000003584","S000003584","UBX6"
"S000003586",443.219850058453,-1.38303402786534,0.45890790200652,-3.01375073695221,0.00258039716706854,0.00642803944680169,"S000003586","S000003586","MTR4"
"S000003587",298.815251923605,1.00168801002224,0.158798257108319,6.3079282371404,2.82795273359407e-10,2.82373190861856e-09,"S000003587","S000003587","IRC8"
"S000003588",36113.2870579397,3.01590010202454,0.249925643353091,12.0671895110968,1.57419176053716e-33,1.37365341886873e-31,"S000003588","S000003588","TDH1"
"S000003591",1958.95956385726,-1.22259949419242,0.202385394779003,-6.04094725080065,1.53212065942585e-09,1.37890859348327e-08,"S000003591","S000003591",NA
"S000003592",1872.64588921217,1.66613827221354,0.521924267614395,3.19229891307623,0.00141145184275173,0.00373461536658019,"S000003592","S000003592","ZAP1"
"S000003596",510.587218963067,-1.26422783503211,0.253840520256019,-4.98040200105575,6.34523278655601e-07,3.57386778370942e-06,"S000003596","S000003596","BNA3"
"S000003605",338.834221300003,-1.67885405736806,0.282471802565659,-5.94343945880338,2.79102862166977e-09,2.43195127801356e-08,"S000003605","S000003605","UTP18"
"S000003611",70.1012954506847,-1.65243306729414,0.241421461988275,-6.84459887569727,7.66904533170896e-12,9.52068493654013e-11,"S000003611","S000003611","APQ13"
"S000003615",1633.54487047404,-1.18147093851435,0.266009730039555,-4.44145760509837,8.93515524773808e-06,4.02985541173266e-05,"S000003615","S000003615","PRY1"
"S000003616",803.685112198161,-1.77790225465056,0.37037143984472,-4.80032222623848,1.58410540820998e-06,8.21524432629826e-06,"S000003616","S000003616","SCP160"
"S000003621",298.353108254288,1.03080394674588,0.319640115950771,3.22488916536569,0.00126021447042241,0.00336933895489046,"S000003621","S000003621","EXO70"
"S000003625",914.169746408009,2.78042949024626,0.264288664450022,10.5204265798999,6.95579427213996e-26,3.87785530671803e-24,"S000003625","S000003625","SIP4"
"S000003633",202.50321097908,-2.08848423938586,0.187703412691165,-11.1265118169274,9.32120956307353e-29,6.23588919769619e-27,"S000003633","S000003633","PHS1"
"S000003635",332.286323926014,1.0541947204686,0.170947904741768,6.16676011362089,6.97033778717617e-10,6.59318078181152e-09,"S000003635","S000003635","CHS6"
"S000003641",146.802691722263,1.08331964959696,0.2136408526529,5.07075138553682,3.96248129213838e-07,2.32082683462696e-06,"S000003641","S000003641","SET4"
"S000003643",72.4085978708754,-2.74857934129023,0.330421249885307,-8.31840973376953,8.9151357245214e-17,1.98807526656827e-15,"S000003643","S000003643",NA
"S000003644",143.546620946521,-2.05259602920251,0.272474137461234,-7.53317745429892,4.95202395185887e-14,8.30533042176665e-13,"S000003644","S000003644","PRM10"
"S000003649",301.67436983719,1.3292353221354,0.271218287138629,4.90097970958715,9.53599060008127e-07,5.14943492404389e-06,"S000003649","S000003649",NA
"S000003654",56.5826428541184,-1.0797213911331,0.362557565221195,-2.97806884949254,0.0029007081742787,0.00715199177613926,"S000003654","S000003654",NA
"S000003658",116.692143851421,-1.63070220708236,0.514730345270931,-3.1680708589738,0.00153454113920158,0.00402240844542129,"S000003658","S000003658","ALB1"
"S000003668",1049.06955352327,2.66129051615349,0.35796140446749,7.43457390360973,1.04905564573753e-13,1.65783833149231e-12,"S000003668","S000003668",NA
"S000003672",1025.75143438874,-1.5486356241529,0.421593770746713,-3.67328867646694,0.000239448711736493,0.000777589803476797,"S000003672","S000003672","RPS21B"
"S000003679",350.332333224368,-1.01439523383207,0.200574133990929,-5.05745787678659,4.24882239067739e-07,2.47889143549114e-06,"S000003679","S000003679","TIM17"
"S000003682",414.164576528294,1.27808113468258,0.164215251507893,7.78296244073983,7.0845671662977e-15,1.34562078575011e-13,"S000003682","S000003682","IDS2"
"S000003684",174.40704578032,-1.62671190239572,0.45401704327193,-3.58293136018115,0.000339759909009889,0.0010583002649501,"S000003684","S000003684","RPA34"
"S000003687",2143.07502274095,-1.3632543194823,0.348478468360257,-3.91201879960332,9.15277848728213e-05,0.000330191008220046,"S000003687","S000003687","SNA3"
"S000003688",149.064321903756,-1.31365962310909,0.412021208939243,-3.18833010196521,0.00143097074228762,0.00377723579101874,"S000003688","S000003688",NA
"S000003689",5144.8988048776,-2.51182541694458,0.470856488269984,-5.33458809535258,9.57616876426974e-08,6.31084540443946e-07,"S000003689","S000003689","INO1"
"S000003693",283.545031409737,-1.71356253587372,0.400222514900157,-4.281524582147,1.8561721388927e-05,7.82086245505456e-05,"S000003693","S000003693","FAR1"
"S000003694",1261.3341770832,-6.33752711042062,0.213784681415193,-29.6444397627931,4.00009410061328e-193,2.40845665797926e-189,"S000003694","S000003694","CIS3"
"S000003697",405.583984371418,2.52011461212201,0.151139133951282,16.6741369110554,2.02109556852282e-62,6.08450820903795e-60,"S000003697","S000003697","FMP33"
"S000003702",1379.39437452056,-1.35502618272732,0.318515820672833,-4.25418800191764,2.0980897265615e-05,8.71500110775179e-05,"S000003702","S000003702","QCR8"
"S000003705",22.6945850532629,-1.55809514976134,0.410814441107595,-3.79269809883159,0.000149019285902218,0.000511250780864534,"S000003705","S000003705",NA
"S000003707",592.520904071023,-2.61213235194706,0.352593136431159,-7.40834713456499,1.2788320539742e-13,1.9844968548914e-12,"S000003707","S000003707","TOH1"
"S000003711",62.623290052826,1.19871057270221,0.258965804149886,4.6288372962494,3.67724535951667e-06,1.79131830984222e-05,"S000003711","S000003711",NA
"S000003713",1440.71014577844,-1.37738934428863,0.368549591194113,-3.73732430370046,0.000185988968086802,0.000619723064112139,"S000003713","S000003713","RPL17B"
"S000003726",1278.63606078371,-3.08993685660167,0.458797724139615,-6.73485654794003,1.64091746183231e-11,1.94487481056936e-10,"S000003726","S000003726","RPS22A"
"S000003728",298.781978031323,-1.2358496004983,0.322761301143116,-3.82898939904295,0.000128670548681972,0.000448855952267761,"S000003728","S000003728","SOP4"
"S000003731",20.1082696348707,-1.5201646450877,0.522568681997594,-2.90902363164331,0.00362559453184806,0.008704028977774,"S000003731","S000003731",NA
"S000003732",411.715306333295,-1.66615198974391,0.229459102395859,-7.26121549481833,3.83627197191808e-13,5.58881883883056e-12,"S000003732","S000003732","ELO1"
"S000003741",378.174031803545,1.25317007643839,0.142939161731495,8.76715702861343,1.83234151292994e-18,4.90334588860051e-17,"S000003741","S000003741",NA
"S000003749",52.9890475158482,-1.26429833817509,0.265489519974129,-4.76214028447634,1.91550442859012e-06,9.76566652374354e-06,"S000003749","S000003749",NA
"S000003750",58.3803128107828,1.31307350593858,0.285005156779641,4.60719209706728,4.08142917857169e-06,1.97225401959712e-05,"S000003750","S000003750","HXT8"
"S000003755",170.435972121279,1.04626171922357,0.381859798959739,2.73991062184024,0.00614558941257264,0.0139474533935544,"S000003755","S000003755","HXT9"
"S000003763",215.101831817814,1.01980387066901,0.374768243232198,2.72115871364577,0.00650535196649986,0.0146754305696125,"S000003763","S000003763","MRX12"
"S000003764",1468.57835115112,-1.72146167206645,0.205561963179976,-8.37441735540954,5.5497751986038e-17,1.28027572685032e-15,"S000003764","S000003764","SAG1"
"S000003770",26.2724691656695,-1.10912688319157,0.377593086349376,-2.9373601458511,0.00331019438097528,0.00803656466445651,"S000003770","S000003770","SPC1"
"S000003773",113.08191698879,1.02752301148151,0.291124242868179,3.52949998721601,0.000416345724664153,0.00127768481559779,"S000003773","S000003773",NA
"S000003789",69.341779314577,8.19756254401241,2.71561108606179,3.01868061523516,0.00253878020098484,0.00633747744201066,"S000003789","S000003789",NA
"S000003791",209.735969329606,-1.89304178216088,0.244905840359606,-7.72967185829968,1.07824155302353e-14,1.99143938366708e-13,"S000003791","S000003791","RBH2"
"S000003797",324.006922844589,1.97262696758196,0.200653140542853,9.83102961780289,8.27681835572873e-23,3.39011723264236e-21,"S000003797","S000003797","HUL4"
"S000003798",19.0093868489193,1.7863736270965,0.479528716920424,3.72526934063251,0.000195106787101066,0.000645460420404131,"S000003798","S000003798",NA
"S000003799",31.8339101328366,2.28721888790322,0.587983272135469,3.88993870454235,0.00010026954564607,0.000357867773761108,"S000003799","S000003799",NA
"S000003800",806.470689981409,2.1066521438409,0.254937656670292,8.2634012226974,1.41579362233989e-16,3.09981578185763e-15,"S000003800","S000003800",NA
"S000003804",106.72699938315,-1.32489204382195,0.474875831315914,-2.78997572934083,0.00527119928625972,0.0121741046806942,"S000003804","S000003804","POL32"
"S000003806",8121.1446742426,-1.54169426485794,0.245891329405834,-6.26981955233338,3.61466753698967e-10,3.55039367703341e-09,"S000003806","S000003806","SSC1"
"S000003807",1125.17843112151,-2.40102036106177,0.44990549009856,-5.33672163132701,9.46421691337594e-08,6.26198352037764e-07,"S000003807","S000003807","TAH11"
"S000003808",17.3463608730175,3.03091655209045,0.825740171671899,3.67054511342675,0.000242033745204676,0.000783908111822138,"S000003808","S000003808","ANB1"
"S000003812",755.366475383658,1.28915604844192,0.137702266746149,9.36190869550789,7.83090483561832e-21,2.67897034177602e-19,"S000003812","S000003812","OSM1"
"S000003814",66.1298941505346,1.28015623207121,0.267562829949224,4.78450699715707,1.71407526659613e-06,8.84052352916836e-06,"S000003814","S000003814","BFA1"
"S000003815",160.472525711598,-1.24575305456934,0.266626331215999,-4.67228067418492,2.97873524931119e-06,1.46407877029409e-05,"S000003815","S000003815","KCH1"
"S000003820",1914.75894965212,1.03380998046238,0.215647260178985,4.79398615871277,1.63499559775515e-06,8.45005020951395e-06,"S000003820","S000003820","PTK2"
"S000003822",1668.28313388201,1.77484579311793,0.332473026030933,5.338315153882,9.3814285085517e-08,6.21403531903078e-07,"S000003822","S000003822",NA
"S000003824",49.7306793418183,-2.43763818369798,0.584086266916622,-4.17342149913269,3.00059078156596e-05,0.000121008419931739,"S000003824","S000003824","RPA12"
"S000003830",75.4504228758925,-2.42767582827345,0.537864439148622,-4.51354588921361,6.37526473426864e-06,2.94593008173687e-05,"S000003830","S000003830","HAM1"
"S000003831",442.650189577375,-1.9510523239258,0.387866264141695,-5.03021918712952,4.89919440044828e-07,2.82277985503341e-06,"S000003831","S000003831","LIA1"
"S000003852",475.243606027575,1.5539856816133,0.182871292981986,8.49770161447035,1.93381432554257e-17,4.6761028329686e-16,"S000003852","S000003852","BUD4"
"S000003856",1133.42026839552,3.25820631342103,0.41492401283425,7.85253736260038,4.07703371049028e-15,7.86789101630191e-14,"S000003856","S000003856","SFC1"
"S000003858",27.888915985302,-2.36746269662004,0.676335656515699,-3.50042567445959,0.000464515753801024,0.0014116901554994,"S000003858","S000003858","JJJ3"
"S000003859",119.939809810461,1.33840318368688,0.215541359266242,6.20949588627978,5.31548409688095e-10,5.10439070930147e-09,"S000003859","S000003859",NA
"S000003860",247.690131195734,1.50207042374077,0.300650836724234,4.99606267558309,5.85126506635969e-07,3.32362895891997e-06,"S000003860","S000003860","YUH1"
"S000003864",1702.02325390936,1.16351237078003,0.35754960970279,3.25412848792419,0.00113740822785277,0.00307652063787131,"S000003864","S000003864","URA8"
"S000003866",1537.18182043905,-2.70212077795968,0.21857554977679,-12.3624109865861,4.17445656515176e-35,3.86683122750442e-33,"S000003866","S000003866","ADO1"
"S000003880",278.740337299529,1.02120369978708,0.296034783683423,3.44960712751631,0.000561402931052256,0.0016725418346688,"S000003880","S000003880","JHD2"
"S000003884",7014.74270946302,-1.27848215480616,0.40574003783442,-3.15098840535896,0.00162718949664117,0.00423392738084551,"S000003884","S000003884","RPS5"
"S000003885",127.196523677949,-2.45456928884556,0.362060400460396,-6.77944698101292,1.20636757825705e-11,1.46147669792469e-10,"S000003885","S000003885",NA
"S000003888",1264.27088017951,1.27378609979099,0.220900323013525,5.76633878309447,8.10121307157174e-09,6.55846525201735e-08,"S000003888","S000003888","RSF2"
"S000003889",40.3538237270383,3.43859650124897,0.536984382943095,6.40353166772331,1.51823346676056e-10,1.56797319097175e-09,"S000003889","S000003889",NA
"S000003895",752.154567456251,1.42392492213916,0.126475880682309,11.2584701087464,2.10379219313315e-29,1.49022738762996e-27,"S000003895","S000003895","SGM1"
"S000003899",626.141517101668,1.2758124564396,0.165149289302133,7.72520706465504,1.11671665759561e-14,2.04992408395829e-13,"S000003899","S000003899","IML1"
"S000003904",789.033545427513,-1.45865579667508,0.256228970944328,-5.69278248005767,1.2498557555647e-08,9.67272686922245e-08,"S000003904","S000003904","PMT4"
"S000003906",4566.58873068594,-1.3316361552899,0.40368277697848,-3.29871926976188,0.000971269913039757,0.00268874305582178,"S000003906","S000003906","RPS4A"
"S000003910",517.270805192137,1.06764851665975,0.1413260368068,7.5545068749029,4.20449757692881e-14,7.19184088371828e-13,"S000003910","S000003910",NA
"S000003911",27.8099765565242,1.4406122931346,0.413758765355546,3.48176863853669,0.000498113864574969,0.00149882237811389,"S000003911","S000003911","DAN1"
"S000003912",518.669121419375,1.27430688683393,0.173427080485531,7.34779645293192,2.01501031718128e-13,3.04069601998709e-12,"S000003912","S000003912","DAN4"
"S000003914",137.759845239444,1.20769405221603,0.169127675141467,7.14072401932947,9.28405889522244e-13,1.30301441977003e-11,"S000003914","S000003914","PGU1"
"S000003916",2465.6955769042,-1.07562877132596,0.228629889893579,-4.70467256851951,2.54273711014242e-06,1.26318648021184e-05,"S000003916","S000003916","AAD10"
"S000003917",138.211814303732,1.63647468815718,0.204219215039669,8.01332376015301,1.11649215250962e-15,2.26343409099677e-14,"S000003917","S000003917","THI11"
"S000003921",382.462614007394,1.15658347520233,0.157864381441421,7.32643719021256,2.36351888471971e-13,3.52246217943004e-12,"S000003921","S000003921","MPH3"
"S000001484",299.418281432583,-1.77103070679927,0.219965999757084,-8.05138389003336,8.18630558345784e-16,1.68224388798634e-14,"S000001484","S000001484","MET14"
"S000001487",823.062284415435,-1.42023592185367,0.18923440340383,-7.50516764556209,6.1350034967939e-14,1.01480373775264e-12,"S000001487","S000001487","AUR1"
"S000001489",1567.97184606787,-2.39978963928365,0.51199312736421,-4.68715205541527,2.77033139576176e-06,1.36834826364902e-05,"S000001489","S000001489","RPL14A"
"S000001492",368.349547952334,-2.96867703079553,0.483872515203168,-6.13524624259562,8.50273871539322e-10,7.96189577066603e-09,"S000001492","S000001492","MRT4"
"S000001497",291.019984055337,-1.15531240817339,0.41008656466543,-2.81724032855345,0.00484382655868843,0.01128227454927,"S000001497","S000001497","URB1"
"S000001499",1946.41807211778,1.08504300861881,0.248106589803356,4.37329379070015,1.2238584538265e-05,5.31663185460991e-05,"S000001499","S000001499","ATP7"
"S000001509",2344.02296421329,-1.62969342855989,0.276610097787575,-5.89166281923455,3.82328690727792e-09,3.24225499559442e-08,"S000001509","S000001509","GPX1"
"S000001515",2042.15847442248,-1.67067023965992,0.381786393878766,-4.37592922756286,1.20916245315192e-05,5.26418447608656e-05,"S000001515","S000001515","IXR1"
"S000001516",337.551796561308,1.15685732863938,0.263809917078901,4.38519272303696,1.15883134306943e-05,5.05603153378335e-05,"S000001516","S000001516","TTI1"
"S000001524",504.426236620806,-1.10741900043625,0.19791795949147,-5.59534366300893,2.20185180665333e-08,1.63670984294564e-07,"S000001524","S000001524","VPS24"
"S000001533",1981.91909847473,2.58420912384697,0.157450893973456,16.4127942282921,1.54908971317259e-60,4.23957689227824e-58,"S000001533","S000001533",NA
"S000001536",43.7675403460959,-1.49185218077871,0.311825665746804,-4.7842507678315,1.71626306597122e-06,8.84052352916836e-06,"S000001536","S000001536",NA
"S000001539",2355.39880615052,-1.0181329938438,0.417322164170103,-2.43968109354671,0.0147002326439513,0.0297713086946623,"S000001539","S000001539","TMA19"
"S000001549",78.4062908091872,-1.20412234273227,0.503827239316131,-2.38995085769217,0.0168506273200734,0.0336068222695217,"S000001549","S000001549",NA
"S000001554",250.911513435292,1.10074928826548,0.254487617273188,4.32535500178713,1.52286412718896e-05,6.51795521999774e-05,"S000001554","S000001554",NA
"S000001561",73.7627537118251,-2.13222406675319,0.391539454318248,-5.44574510496224,5.15889693338137e-08,3.59927212466851e-07,"S000001561","S000001561","DHR2"
"S000001564",1242.46438868413,-2.88443041434181,0.300827528788197,-9.58831934683958,8.95314625777934e-22,3.32758602580799e-20,"S000001564","S000001564","TEF4"
"S000001569",132.147257130558,1.11909130277519,0.42419480382398,2.63815419870056,0.00833586682537399,0.0181651299875414,"S000001569","S000001569","SRX1"
"S000001572",180.039364375775,-1.36735831767715,0.224930203210387,-6.07903384321491,1.20908840920055e-09,1.10044456028834e-08,"S000001572","S000001572","MIF2"
"S000001574",826.266886452535,1.70391582730902,0.540666577311938,3.15150944928106,0.00162428906899865,0.00422820773214045,"S000001574","S000001574",NA
"S000001579",786.915478768953,-6.53096059454065,0.266084539490917,-24.5446827051129,4.92908389389153e-133,5.93560282502417e-130,"S000001579","S000001579","CWP1"
"S000001956",3453.92280616332,-4.04773833301106,0.189451808723068,-21.3655301593233,2.7966041666491e-101,1.87092818748825e-98,"S000001956","S000001956","CWP2"
"S000001582",153.433557605155,-1.39675749840676,0.379666150624105,-3.67890973717496,0.000234233143232703,0.000761922072071368,"S000001582","S000001582","UTP11"
"S000001584",844.242725321658,-1.49084731589208,0.216550318917712,-6.8845306871083,5.79783553870317e-12,7.33377474338903e-11,"S000001584","S000001584","HSL1"
"S000001592",2796.16864422169,-1.2497574867154,0.324217181680097,-3.85469233998997,0.000115875254888693,0.000409003899312882,"S000001592","S000001592","HAP4"
"S000001600",2028.00660473366,-1.01816034263106,0.1685055151225,-6.04229684643189,1.51935595743567e-09,1.3694673981617e-08,"S000001600","S000001600","SBA1"
"S000001603",772.823018302396,-1.61764250708061,0.491011917360505,-3.29450762779129,0.000985942687402813,0.00272435104215344,"S000001603","S000001603","OAC1"
"S000001604",609.351036150843,1.3368862917648,0.160389575661997,8.33524427162356,7.73383589641317e-17,1.73114282898447e-15,"S000001604","S000001604","DGR2"
"S000001607",854.359612517803,1.42379164462044,0.341352998651286,4.17102427764208,3.03233550372294e-05,0.000122125030554621,"S000001607","S000001607","SSH4"
"S000001610",383.613637521056,-1.00847253023357,0.130188593740954,-7.74624336322585,9.46510260968509e-15,1.7643771768704e-13,"S000001610","S000001610","PGM1"
"S000001611",229.511190879721,-1.91531484294154,0.226202799744645,-8.4672464050122,2.51262189288778e-17,5.97964285259973e-16,"S000001611","S000001611","PMU1"
"S000001612",1011.55679345694,1.04759912690043,0.140886291835886,7.43577755684518,1.03954643996255e-13,1.65147997757638e-12,"S000001612","S000001612","MYO3"
"S000001621",141.489383925751,-1.03974218328153,0.260263204458572,-3.99496419574375,6.4704030511584e-05,0.000241227843783435,"S000001621","S000001621","MRPL31"
"S000001623",373.882553469421,1.10294457656708,0.184738771575212,5.97029290149873,2.36828029111019e-09,2.07560635120444e-08,"S000001623","S000001623","TGL1"
"S000001627",83.2354481608676,-1.43799871242494,0.295886109527604,-4.85997370650746,1.17401344293367e-06,6.24998668426493e-06,"S000001627","S000001627","RPC25"
"S000001631",4809.27491468964,1.40530583574336,0.14540878147317,9.66451834274298,4.26622003737792e-22,1.66798122370471e-20,"S000001631","S000001631","SDH1"
"S000001633",5028.69474727985,1.28502203446757,0.13687524364824,9.3882721244317,6.09925776558337e-21,2.11055350612514e-19,"S000001633","S000001633","MCR1"
"S000001634",3382.42598300184,1.00374666253532,0.214651867185931,4.67616087245995,2.92295339531263e-06,1.43783516284129e-05,"S000001634","S000001634","NNR2"
"S000001639",198.72280274564,-1.0943883090406,0.319442525181393,-3.4259318117372,0.00061269417635664,0.00180392745029014,"S000001639","S000001639","RPS27A"
"S000001645",314.083482244457,2.5418850514513,0.31110665540561,8.17046182485963,3.07211148232504e-16,6.58262748579326e-15,"S000001645","S000001645",NA
"S000001646",21523.2842208279,1.20090614265114,0.175862799926269,6.82865360471129,8.57152610568717e-12,1.05540201804381e-10,"S000001646","S000001646","PIR3"
"S000001655",526.606288162678,-1.12377422980518,0.407530447695575,-2.75752213401401,0.00582412701774352,0.0132930510893987,"S000001655","S000001655","EBP2"
"S000001661",797.545613360083,-1.31055481436084,0.363691254503722,-3.603481794329,0.000313982749150312,0.000989267468672962,"S000001661","S000001661","STE3"
"S000001663",3348.25064020235,-1.49862951111991,0.330989849369469,-4.5277204541915,5.96233851427359e-06,2.78073123117283e-05,"S000001663","S000001663","RPL17A"
"S000001664",1096.5634883713,-1.2637666248462,0.227795651100116,-5.5478083920521,2.89272634043307e-08,2.10351513233666e-07,"S000001664","S000001664","PRS1"
"S000001670",2539.27247119656,2.36641904206985,0.536682312700463,4.40934792533513,1.03682336289348e-05,4.59023049116299e-05,"S000001670","S000001670","FAT3"
"S000001671",1245.17370664927,1.89785853957619,0.467130623007687,4.06280052323814,4.84874627780366e-05,0.000185832599227599,"S000001671","S000001671","PXA2"
"S000001672",393.945618603551,1.76590568540884,0.483948501604052,3.64895372039738,0.000263310529069235,0.00084464181967281,"S000001672","S000001672","HYM1"
"S000001676",705.255729760842,1.25565230190226,0.148139678389349,8.47613762601865,2.3279335247378e-17,5.5842580687037e-16,"S000001676","S000001676","SDS22"
"S000001680",574.722648239899,1.62233661885531,0.256711460864226,6.3196890913778,2.62090068506854e-10,2.63007383746628e-09,"S000001680","S000001680","PEX1"
"S000001681",1140.6743099623,1.57949382506149,0.332088927222807,4.75623754838946,1.97234367535821e-06,1.0029967288287e-05,"S000001681","S000001681","PTK1"
"S000001692",566.088253993925,1.16447968237019,0.190921100442121,6.09927179171694,1.06552762218175e-09,9.80969696201271e-09,"S000001692","S000001692","STE6"
"S000001695",922.25196633502,-1.20592246865978,0.390516160220394,-3.08802193481367,0.00201493597925162,0.00513847078825667,"S000001695","S000001695","SAC1"
"S000001697",185.707251929033,1.1339698144144,0.15378459115236,7.3737544569139,1.65888602383682e-13,2.53506414962474e-12,"S000001697","S000001697","YRA2"
"S000001698",556.337289683929,1.61069159844742,0.34103042618772,4.72301435520833,2.32374440261886e-06,1.17277997050865e-05,"S000001698","S000001698","OXP1"
"S000001699",884.421117349136,-2.79114768149931,0.363912622511548,-7.66982926350881,1.7222544579635e-14,3.0862184795828e-13,"S000001699","S000001699","URA1"
"S000001700",18245.5288891674,1.91087914395456,0.474592140216346,4.02636070433757,5.66467711789934e-05,0.00021410559276128,"S000001700","S000001700","JEN1"
"S000001703",125.021294829403,1.09418380972512,0.478605772072077,2.28619016646614,0.0222431358030193,0.0428015086832788,"S000001703","S000001703","FRE2"
"S000001721",1545.89156221071,-3.21603717520299,0.161116674420549,-19.9609207847007,1.2047196696859e-88,6.04468094264901e-86,"S000001721","S000001721","PRY2"
"S000001722",2741.56129700945,-2.15685815837153,0.319801347497203,-6.74436857521493,1.5369393493053e-11,1.825229156246e-10,"S000001722","S000001722","YPT52"
"S000001725",491.402873053137,1.59196779987007,0.261486927774709,6.08813531681277,1.14233305988715e-09,1.04370066063437e-08,"S000001725","S000001725","HEL1"
"S000001729",577.920209694455,1.36795902901973,0.182353168670718,7.50170144556088,6.29947240377005e-14,1.03349109926702e-12,"S000001729","S000001729","ALY1"
"S000001737",569.882741500387,1.09681293205826,0.202146041460978,5.42584422693229,5.76812485812166e-08,3.9691291166572e-07,"S000001737","S000001737","SET3"
"S000001747",1481.52333224983,1.93938350704638,0.572197805372662,3.38935852049152,0.000700563495384228,0.00202740750567909,"S000001747","S000001747","GAP1"
"S000001750",5120.28367648029,-3.44492724296319,0.328532984541215,-10.485788048874,1.0040510051478e-25,5.54623036880268e-24,"S000001750","S000001750","UTH1"
"S000001751",735.50203294419,-2.37767295896394,0.351016528250355,-6.77367806813962,1.25548878198917e-11,1.51793131653751e-10,"S000001751","S000001751","SHB17"
"S000001759",339.543136711095,1.12549119256202,0.207306875555103,5.42910691962487,5.66367477351295e-08,3.90618394173213e-07,"S000001759","S000001759",NA
"S000001764",314.840560123165,-1.52583367972666,0.334733383992069,-4.55835525435016,5.15557775489135e-06,2.43655680237055e-05,"S000001764","S000001764","TRM2"
"S000001765",474.875612720016,-1.67555338723793,0.420769285740861,-3.98211904722971,6.83035504173279e-05,0.000252981851979384,"S000001765","S000001765","RPS21A"
"S000001766",1579.19707392968,1.31662892150897,0.417141746043085,3.15631061623112,0.00159778608645823,0.00416461905911906,"S000001766","S000001766","GLG1"
"S000001767",2223.27898983003,-1.47126857776617,0.408411892763634,-3.60241365110702,0.000315276143684527,0.0009917856118728,"S000001767","S000001767","TIF1"
"S000001772",495.00842543501,1.10345016888266,0.21112759602041,5.2264611054255,1.72785144951687e-07,1.08594922521305e-06,"S000001772","S000001772","OAF3"
"S000001779",1307.64917266862,-1.50907534927873,0.374354648025134,-4.03113827286421,5.55073744568575e-05,0.000210194906669647,"S000001779","S000001779","DRE2"
"S000001784",2795.54618533561,1.16519212997264,0.302963076767215,3.84598724836665,0.000120068007269257,0.000421638052965823,"S000001784","S000001784","ECM4"
"S000001786",385.227693748281,1.25648813213699,0.166924677891376,7.52727606252827,5.18097574710154e-14,8.66518193702732e-13,"S000001786","S000001786",NA
"S000001800",266.617926254653,-2.55051210622876,0.364069536385696,-7.00556308981243,2.45994452494993e-12,3.26240660456465e-11,"S000001800","S000001800","SRP40"
"S000001801",287.326782744172,-1.17771003261626,0.21338185746892,-5.51926038411115,3.40429444673314e-08,2.45182498370577e-07,"S000001801","S000001801","PTR2"
"S000001802",1430.99163852435,-1.24405066447459,0.334692320814002,-3.71699793245612,0.000201604092567809,0.000664763549480165,"S000001802","S000001802","RPL40B"
"S000001808",1515.82924923182,-2.27695156085058,0.258815539028901,-8.79758444718546,1.39792598850973e-18,3.82586926218957e-17,"S000001808","S000001808","SKG1"
"S000001811",186.558843040274,2.11614660533317,0.302490993039799,6.99573426655631,2.63873261728176e-12,3.46895394948766e-11,"S000001811","S000001811","NFT1"
"S000001812",78.998083586237,1.29232220997883,0.359942955926745,3.59035282869055,0.00033023064633117,0.00103235655325024,"S000001812","S000001812",NA
"S000001813",621.689003665085,2.122062853437,0.408375954783486,5.19634623091873,2.03243567743505e-07,1.26287876303782e-06,"S000001813","S000001813","VBA5"
"S000003925",81.1674336907286,-1.24747877951546,0.297156029831688,-4.19805978772177,2.69211564755916e-05,0.000109595864191708,"S000003925","S000003925","RTT109"
"S000003930",175.213450237228,1.27042608800705,0.278020723113435,4.5695373847679,4.88801971439516e-06,2.3173832047538e-05,"S000003930","S000003930","LMO1"
"S000003931",423.622185183936,-1.54907969267733,0.453266927312627,-3.41758817891626,0.000631786244464808,0.00185289088062475,"S000003931","S000003931","DRS1"
"S000003947",5080.75327072655,-2.73831955782078,0.111387064308685,-24.5838201663356,1.88171327506589e-133,2.83244890729293e-130,"S000003947","S000003947","SSA2"
"S000003948",40.1281745675661,1.96877140903534,0.374108369778953,5.26256980082701,1.42055704873546e-07,9.0223354329496e-07,"S000003948","S000003948","PAU17"
"S000003955",324.98529370383,1.35053802855509,0.244419272020195,5.52549730384394,3.28553623658095e-08,2.36912738688071e-07,"S000003955","S000003955",NA
"S000003964",6058.21943828404,1.14510127614978,0.125554831693239,9.12032823195161,7.48971448456176e-20,2.36102465505478e-18,"S000003964","S000003964","SDH2"
"S000003967",2160.82482807645,-1.42467486905846,0.407353999359659,-3.49738770528332,0.000469838468715503,0.00142441964760123,"S000003967","S000003967",NA
"S000003968",4400.4033739687,-1.65167972958871,0.427979363186047,-3.85925086969838,0.000113735136606004,0.000402586277192681,"S000003968","S000003968","RPL8B"
"S000003975",72.780094842247,1.83890028601513,0.307896357786565,5.97246521275791,2.33694988479119e-09,2.05412777464639e-08,"S000003975","S000003975","AQY2"
"S000003987",10.8048878900685,-1.94400534911662,0.593817846937708,-3.27374018672859,0.00106134148074044,0.00289942697619701,"S000003987","S000003987","PAU18"
"S000003989",548.580127679513,1.50118026668373,0.269411879684481,5.57206411403174,2.51738737329318e-08,1.84169980250282e-07,"S000003989","S000003989",NA
"S000003994",1210.91795674036,2.91631588879089,0.284499292060711,10.2506964698125,1.17493847047212e-24,5.89525377559387e-23,"S000003994","S000003994","THI73"
"S000003995",881.037601544007,1.60270926157771,0.1661456376002,9.64641193549928,5.09057608893945e-22,1.96476657894259e-20,"S000003995","S000003995","SSL1"
"S000003998",63.2946350088529,-1.73157851282116,0.416704695059394,-4.15540917429392,3.24705916206556e-05,0.00012999031392817,"S000003998","S000003998","PAM18"
"S000003999",189.463701051416,-1.31884248399779,0.403074073618597,-3.27196059066236,0.0010680446255036,0.0029137728546249,"S000003999","S000003999","RLP24"
"S000004001",61.9540336773301,1.28053442102956,0.256505262837998,4.99223449398896,5.96847290821282e-07,3.38700993217242e-06,"S000004001","S000004001","LOT6"
"S000004006",327.453726312236,-1.29636008043935,0.200569498049112,-6.46339594528934,1.02378943935207e-10,1.07955100075986e-09,"S000004006","S000004006","PML1"
"S000004007",456.457658009861,-1.36565897580289,0.14392238801167,-9.48885711715788,2.33581078254277e-21,8.22451270274269e-20,"S000004007","S000004007","MEU1"
"S000004010",420.933932223259,-1.28259204183169,0.301496135363382,-4.25409115206678,2.09899790801631e-05,8.71500110775179e-05,"S000004010","S000004010","YEH2"
"S000004013",991.378031802984,-1.55840025457046,0.252092689429526,-6.18185421440442,6.33530193265116e-10,6.04514309611611e-09,"S000004013","S000004013","IZH3"
"S000004016",179.888542818451,-1.18449542139522,0.401174916397211,-2.95256600794658,0.00315144684751255,0.00768213014934133,"S000004016","S000004016","SED5"
"S000004019",4478.67998479063,-1.87392786826965,0.574690204372298,-3.260761805252,0.0011111333797598,0.00301765181756146,"S000004019","S000004019","RPL15A"
"S000004020",300.388819651398,1.08299559575158,0.21198968636953,5.10871832634234,3.24351465106662e-07,1.93358432812595e-06,"S000004020","S000004020",NA
"S000004021",202.863230184428,1.32269015742247,0.174603689109959,7.57538494269437,3.58064326257609e-14,6.17737910715491e-13,"S000004021","S000004021",NA
"S000004029",554.962158559521,1.05085909604465,0.175397235898933,5.99130933083899,2.08158275686206e-09,1.84311908515683e-08,"S000004029","S000004029","RIC1"
"S000004030",504.297223210095,-1.90742869048287,0.32715883385159,-5.83028331537622,5.53333482011374e-09,4.60805103069223e-08,"S000004030","S000004030","AFB1"
"S000004032",72.0308808865913,-2.90739179455264,0.399307334072038,-7.28108789013158,3.31138847747217e-13,4.85106326590266e-12,"S000004032","S000004032",NA
"S000004034",60169.1601132909,1.97598578874666,0.130600070944305,15.1300514192625,1.02615194531341e-51,1.87226086749457e-49,"S000004034","S000004034","PDC1"
"S000004038",2916.91429657185,-1.50751683705898,0.372673204029544,-4.04514416587749,5.2290935132726e-05,0.000199142138162013,"S000004038","S000004038","RPS0B"
"S000004043",339.860458155406,1.63424409790908,0.621175535171582,2.63088934669274,0.00851617589487593,0.01847780002272,"S000004043","S000004043",NA
"S000004050",986.930184998969,-2.60129783248699,0.451862464663075,-5.75683539996314,8.57054046159384e-09,6.88042988256754e-08,"S000004050","S000004050","FRS1"
"S000004051",1173.892054508,-2.2590294546183,0.501861944198802,-4.50129658311656,6.75401844667756e-06,3.10190275114001e-05,"S000004051","S000004051","RPL22A"
"S000004052",1123.95468814965,-2.17995327422944,0.498601464044288,-4.37213572649238,1.23036994031638e-05,5.34106518431502e-05,"S000004052","S000004052","BUD28"
"S000004053",58.5193642144841,-1.5028721464709,0.614047242187967,-2.4474861919677,0.0143856637223277,0.029222699484526,"S000004053","S000004053","BMT6"
"S000004060",491.215183868478,1.71949906838941,0.263744997296845,6.51955140765806,7.05179685605648e-11,7.6502466433002e-10,"S000004060","S000004060","XYL2"
"S000004063",64.6315681870731,-1.6804758515474,0.308763718779447,-5.44259493372594,5.25099596652619e-08,3.65505742363633e-07,"S000004063","S000004063","RFU1"
"S000004066",4438.57995401161,-1.09304117335461,0.372579391007982,-2.93371345741233,0.00334933260041918,0.00811522397872189,"S000004066","S000004066",NA
"S000004070",1196.07609670707,1.24242573924715,0.199147172980234,6.2387314901551,4.41133446660459e-10,4.27020013238364e-09,"S000004070","S000004070","EMP46"
"S000004071",123.232436239491,2.25766653849521,0.566616591957439,3.98446951702535,6.76310375937858e-05,0.000251052082214664,"S000004071","S000004071","GAL2"
"S000004073",533.77265250706,-1.65568049570197,0.350889907129293,-4.71851843573231,2.37568442589801e-06,1.19299382221284e-05,"S000004073","S000004073","EMP70"
"S000004074",244.843033021485,-1.42337978068172,0.29883937599095,-4.76302621085926,1.90711058192272e-06,9.74763396753539e-06,"S000004074","S000004074","RAX2"
"S000004076",779.420737534105,1.78103260682125,0.116605808709909,15.2739612762525,1.14030526174858e-52,2.14555561905882e-50,"S000004076","S000004076","SMC4"
"S000004079",837.31835984527,-1.25070617997879,0.15364946539096,-8.13999695212985,3.95287847846937e-16,8.4099933988919e-15,"S000004079","S000004079","ALT1"
"S000004080",593.752598945553,-1.14837082402401,0.257516904929923,-4.4593997599362,8.21895007612224e-06,3.72637789219368e-05,"S000004080","S000004080","XDJ1"
"S000004082",1539.45238104288,1.00406586750355,0.164163479495391,6.1162560064508,9.57993819406085e-10,8.9013592386482e-09,"S000004082","S000004082","SUL2"
"S000004084",1326.9537656405,-1.29916008451222,0.347530584967871,-3.73826115083461,0.000185297416818069,0.000617760657066221,"S000004084","S000004084","GIS3"
"S000007618",18.3260006934332,-1.81892978498846,0.492734062390473,-3.69150404614615,0.000222931849638052,0.000728703944989527,"S000007618","S000007618","MIM2"
"S000004092",380.596575763044,1.08116320039115,0.328582456058259,3.29038626517375,0.00100049938616899,0.00275824487368291,"S000004092","S000004092","APC9"
"S000004093",187.858883107456,-1.85959111227709,0.253506116972698,-7.335488131347,2.20914818426271e-13,3.31702773502389e-12,"S000004093","S000004093","CDC45"
"S000004100",10130.185222241,-4.38198601648208,0.195947624467076,-22.3630474133069,9.01427614744737e-111,9.04582611396344e-108,"S000004100","S000004100","CCW12"
"S000004103",801.586286329503,-2.32904009268681,0.169130564716845,-13.7706634905763,3.82682335957608e-43,5.61983010927014e-41,"S000004103","S000004103","HOG1"
"S000004111",1783.79399354104,-1.60869100781311,0.227794304685807,-7.06203348688614,1.64083429769051e-12,2.24024111256113e-11,"S000004111","S000004111","YPS3"
"S000004119",464.936408282602,-1.14946064881641,0.261309305291704,-4.39885080836767,1.08825603421964e-05,4.79677128992418e-05,"S000004119","S000004119","DIP2"
"S000004120",2942.99627884556,2.00935186386229,0.226005045817925,8.89073895049703,6.07038418365773e-19,1.69998991487457e-17,"S000004120","S000004120","ZRT2"
"S000004126",214.227037871135,2.37096632915619,0.359745585236507,6.59067526178939,4.37830605366316e-11,4.92743565403848e-10,"S000004126","S000004126","TIS11"
"S000004128",2116.12693435141,-1.26041267562415,0.230891944666536,-5.45888544290485,4.79132763370603e-08,3.35059043931986e-07,"S000004128","S000004128","NHA1"
"S000004136",136.063923991126,-1.57564469792695,0.286622272286547,-5.49728632515943,3.85680205126974e-08,2.75139871453733e-07,"S000004136","S000004136","SPE4"
"S000004138",609.03886137368,1.03217337669922,0.108468652680213,9.51586795995588,1.80202211693651e-21,6.49699111741003e-20,"S000004138","S000004138","PEP3"
"S000004140",3513.56083891858,-1.32636195509356,0.365073560993654,-3.63313615887022,0.000279997168848285,0.000891048072746048,"S000004140","S000004140","STM1"
"S000004154",1370.17440529879,2.99191506628711,0.220256325121189,13.583787274399,4.99740748086331e-42,6.99753266099488e-40,"S000004154","S000004154","SHH4"
"S000004155",287.029601197292,1.78148922328509,0.230109586300272,7.74191658821379,9.79292309898512e-15,1.81425199935352e-13,"S000004155","S000004155","PUS5"
"S000004156",940.666298362702,1.16229321825961,0.21494889260971,5.40730033147936,6.39818068007962e-08,4.36279115229438e-07,"S000004156","S000004156","SEC10"
"S000004157",4598.92306669501,-1.50034720947148,0.435132733890972,-3.44802193127444,0.000564708182163057,0.00167946644531754,"S000004157","S000004157","RPS31"
"S000004158",398.486166057173,-1.7009816969939,0.280493250957409,-6.06425178212999,1.32569340600582e-09,1.20030075151294e-08,"S000004158","S000004158","UPS2"
"S000004164",3217.26287464421,2.53897348195749,0.163452844027891,15.5333698661385,2.06250443113641e-54,4.2821859240939e-52,"S000004164","S000004164","IDP2"
"S000004165",947.506685278811,-1.7939037692809,0.54712762031563,-3.27876660338592,0.00104261828152148,0.00285569663842006,"S000004165","S000004165","CBF5"
"S000004167",1803.61679194904,-3.47080069883812,0.393807797009011,-8.81343824372961,1.21364979209741e-18,3.33670566128699e-17,"S000004167","S000004167",NA
"S000004169",439.158343040173,-2.88766767018468,0.265543623561456,-10.8745509737927,1.52404338021484e-27,9.46006720852941e-26,"S000004169","S000004169",NA
"S000004170",706.654034377277,-3.61784559267836,0.284575512372223,-12.7131303832856,4.99923730727759e-37,5.37507282627114e-35,"S000004170","S000004170","SAM1"
"S000004171",418.438654134574,1.06683682805592,0.317913476428468,3.35574584645191,0.000791512712792755,0.0022527287187937,"S000004171","S000004171","VTA1"
"S000004173",253.095093940491,-2.74744512096147,0.217773592045938,-12.6160619161845,1.72220434901525e-36,1.6999003910526e-34,"S000004173","S000004173","TOS4"
"S000004175",392.503637633965,-1.41590936694867,0.416669718891395,-3.39815758801931,0.000678413290567497,0.00197807574939802,"S000004175","S000004175","RPL37A"
"S000004176",166.342323915273,-1.68894569709399,0.407752375529693,-4.14208671353529,3.44160166064847e-05,0.00013714019588858,"S000004176","S000004176","EMG1"
"S000004177",239.063230801499,-1.00928386557628,0.203308489904548,-4.9642976840275,6.8950118789041e-07,3.85467655737062e-06,"S000004177","S000004177","SKG3"
"S000004182",575.406552870076,-1.02142150554694,0.146512357699194,-6.97157237510319,3.1341800697358e-12,4.08460999997386e-11,"S000004182","S000004182","HCR1"
"S000004184",1582.3836807252,-1.39656457962595,0.342690495106533,-4.07529417818198,4.59562138105604e-05,0.000177829282360787,"S000004184","S000004184","NCW2"
"S000004186",439.285296922623,-1.55259225067263,0.576451107467918,-2.6933632888528,0.0070735147805899,0.0157854749196403,"S000004186","S000004186","PWP1"
"S000004187",927.233007684909,-2.12353416490101,0.542045880824914,-3.91762808282816,8.94245336192457e-05,0.000323184343890443,"S000004187","S000004187","NOP56"
"S000004188",153.203457881522,-2.90230081110891,0.311382177788565,-9.32070303997818,1.15571936697639e-20,3.84452282241151e-19,"S000004188","S000004188",NA
"S000004195",149.935513488414,1.3056016934561,0.429740467400041,3.03811670647421,0.00238061737888795,0.00599485455386213,"S000004195","S000004195","HMX1"
"S000004199",199.336332840893,-1.1141886747051,0.164719057477732,-6.76417587476616,1.34070142017637e-11,1.61447265017638e-10,"S000004199","S000004199","PNP1"
"S000004200",74.4480297068552,-1.64058392284256,0.462939753430164,-3.5438389351673,0.000394346074746514,0.00121512677382229,"S000004200","S000004200","CLB4"
"S000004201",265.744225520447,1.60887075607971,0.190383925844784,8.4506648811906,2.89648543395021e-17,6.86041128253252e-16,"S000004201","S000004201","ATG38"
"S000004202",202.042294636566,-1.96917767617814,0.263918569209726,-7.46130778927234,8.56678670548629e-14,1.38285851886684e-12,"S000004202","S000004202","TUB4"
"S000004203",178.560027720261,2.44353660231616,0.210626411302305,11.6012829882433,4.05946247096551e-31,3.21605572864255e-29,"S000004203","S000004203","CRR1"
"S000004206",4106.19929135149,-2.67510185426946,0.296580718342685,-9.01981042199279,1.88415072889735e-19,5.53388855545901e-18,"S000004206","S000004206","CPR6"
"S000004207",524.655552297947,-2.54239561637321,0.323863104480911,-7.85021690089758,4.15318358194791e-15,7.98923908846912e-14,"S000004207","S000004207",NA
"S000004211",224.57109643703,-1.23179152278373,0.230091667582235,-5.35348166114485,8.62777831115964e-08,5.75374716456181e-07,"S000004211","S000004211","RSA3"
"S000004212",343.462655214503,-1.27534867719022,0.552421219414006,-2.30865258677623,0.0209628673336054,0.040675934326664,"S000004212","S000004212","UTP13"
"S000004214",508.07734976877,-1.94469532315789,0.170750704621381,-11.3890910580428,4.73907375163871e-30,3.56674538232709e-28,"S000004214","S000004214","UCC1"
"S000004218",624.799893116121,1.64122934330519,0.306456685285323,5.35550184450094,8.53192764603164e-08,5.70785959519517e-07,"S000004218","S000004218","ECM22"
"S000004222",121.68603566863,1.23941463226928,0.217247250893098,5.70508776140583,1.16283159620742e-08,9.05745024678513e-08,"S000004222","S000004222",NA
"S000004227",2194.19408226484,1.84009612836197,0.167875046285215,10.9611057097533,5.87768015656023e-28,3.72521181291043e-26,"S000004227","S000004227","THI7"
"S000004234",1227.09578052693,-1.52313897907805,0.125349400008644,-12.1511469458411,5.6566421574348e-34,5.0086238867522e-32,"S000004234","S000004234","MAP1"
"S000004239",7298.49456206654,-2.48309795240409,0.515245215455174,-4.81925475078986,1.4409546373098e-06,7.54433727934114e-06,"S000004239","S000004239","YEF3"
"S000004244",301.7537572779,1.15690581647511,0.164144279909207,7.04810315117305,1.81373172093189e-12,2.46511934350585e-11,"S000004244","S000004244","NDL1"
"S000004249",5580.93563614018,-1.68259284926394,0.290287188277639,-5.79630420221871,6.77922480941274e-09,5.59146747636632e-08,"S000004249","S000004249","HSP60"
"S000004254",40.9137341016001,-1.09025393503773,0.46394874465831,-2.3499447893553,0.0187761958786888,0.0369690894001261,"S000004254","S000004254","RPS28B"
"S000004255",395.128208755897,1.59585471302614,0.176295306346591,9.05216789997087,1.40157580598949e-19,4.21060834613223e-18,"S000004255","S000004255","NEJ1"
"S000004257",2939.04908694554,2.5886697830584,0.209548411794172,12.3535643190706,4.66001178976528e-35,4.25120166457224e-33,"S000004257","S000004257","BOP2"
"S000004261",685.39106825575,-1.15965274190361,0.241066436398665,-4.81051099119341,1.50544924352915e-06,7.84788735522856e-06,"S000004261","S000004261","CMG1"
"S000004263",374.378167285346,2.21060637645905,0.196150571576351,11.2699461372641,1.84682842789336e-29,1.33972939329469e-27,"S000004263","S000004263","PIG1"
"S000004265",63.8192362942837,1.13473518325868,0.266113705651434,4.26409898911782,2.00710455299553e-05,8.39220591221254e-05,"S000004265","S000004265","SMD2"
"S000004266",441.277221881088,-1.00267802580214,0.355152168624992,-2.82323498033003,0.00475417130274451,0.0110864383718112,"S000004266","S000004266","DBP9"
"S000004276",7232.99931918923,-4.26332105820291,0.247677921479289,-17.2131655205262,2.11545435723359e-66,7.49244157935497e-64,"S000004276","S000004276","CTS1"
"S000004278",96.381307081883,-1.54952277428243,0.321322278150954,-4.82233221798112,1.41889366716902e-06,7.45476332462888e-06,"S000004278","S000004278","RPS30A"
"S000004284",1489.17670216949,-1.6355877689365,0.367878931844671,-4.44599466660159,8.74861185969497e-06,3.95817939313071e-05,"S000004284","S000004284","GSP1"
"S000004291",5482.87890396375,-1.33011718031724,0.496469884262169,-2.67914977822673,0.00738093700668818,0.0163504862830278,"S000004291","S000004291","EXG1"
"S000004292",365.776206452469,-1.31675350673939,0.124083792841448,-10.6118089767123,2.62614659250706e-26,1.52038736860433e-24,"S000004292","S000004292","HRI1"
"S000004294",2086.10203438072,-3.28820011827638,0.500026710958181,-6.57604893141675,4.83113622526877e-11,5.3668397070744e-10,"S000004294","S000004294","MET17"
"S000004295",14561.9281932692,1.40327301237042,0.278539121963142,5.03797456702013,4.70483939752528e-07,2.72383057812497e-06,"S000004295","S000004295","ACO1"
"S000004297",107.925967167449,1.39982130831406,0.195769000646615,7.1503726519036,8.6542636737853e-13,1.2174607845762e-11,"S000004297","S000004297","UBC12"
"S000028525",986.804972414573,2.13516296884012,0.243777091882759,8.75866945638598,1.97568540081644e-18,5.26354061872379e-17,"S000028525","S000028525",NA
"S000004298",55.7318831454074,1.80298971215344,0.271975399523442,6.62923821534102,3.37423670523356e-11,3.83326022683231e-10,"S000004298","S000004298","CDA1"
"S000004299",24.4574462635656,3.16538288577399,0.608541293750633,5.20159094917739,1.9758973677984e-07,1.23028728557541e-06,"S000004299","S000004299","CDA2"
"S000004301",1650.73807736989,1.03413052683857,0.121862508783146,8.48604330540092,2.1379180106035e-17,5.14896173673747e-16,"S000004301","S000004301","CDC25"
"S000004302",83.5593285413866,1.39541517078728,0.443985089621118,3.14293250698594,0.00167264402662616,0.00434094382944661,"S000004302","S000004302",NA
"S000004303",2699.35349494423,1.02514247451835,0.388770046062607,2.63688647029475,0.00836708293231887,0.01821337900777,"S000004303","S000004303","ATG39"
"S000004305",92.0654069361376,-1.3959980093502,0.450731520226775,-3.09718301628392,0.00195369215141426,0.00500135222944952,"S000004305","S000004305","SPH1"
"S000004306",534.564202971441,-1.9942181693043,0.223617975466487,-8.91796898323664,4.74917379547803e-19,1.34247771936964e-17,"S000004306","S000004306","CDC3"
"S000004317",343.864338973282,-1.6875861989829,0.282605993753109,-5.97151594901136,2.35059076849847e-09,2.06310597917337e-08,"S000004317","S000004317","RPL38"
"S000004321",26.9033103085442,1.03033024406287,0.33843810564173,3.0443683110364,0.00233169487358513,0.00588149762624888,"S000004321","S000004321","REC102"
"S000004323",101.19154295541,-1.35175155906492,0.269670374759569,-5.01260681774965,5.36975485141944e-07,3.07624109994257e-06,"S000004323","S000004323","JIP3"
"S000004324",1032.49697900865,-1.39974570531241,0.144686692764898,-9.67432234826783,3.87651223575264e-22,1.52552157983442e-20,"S000004324","S000004324","MID2"
"S000004325",1184.89897066459,-1.02118294933121,0.352171175731269,-2.89967782630356,0.00373546389176594,0.00894283423153984,"S000004325","S000004325","RPS25B"
"S000004331",2178.81343133619,-1.69019566273634,0.308245146044382,-5.48328395248429,4.175020725287e-08,2.95738821022977e-07,"S000004331","S000004331",NA
"S000004332",4819.24924970505,-1.9036151215748,0.310884900791015,-6.12321510865031,9.17057533257829e-10,8.53416291768994e-09,"S000004332","S000004332","RPP0"
"S000004333",21.929267819658,-2.65755668752434,0.493866319740415,-5.38112558256899,7.40215304391998e-08,5.01895985106331e-07,"S000004333","S000004333","SPO77"
"S000004334",3506.86356129884,-1.85965121643119,0.186803749221056,-9.95510649109382,2.39566256843792e-23,1.04523799453368e-21,"S000004334","S000004334","FKS1"
"S000004336",952.862667123486,-1.1064303034586,0.308556757255127,-3.58582425256615,0.000336015204335798,0.00104772011667832,"S000004336","S000004336","RPL26A"
"S000004338",149.388607284841,1.76376271722161,0.452188511823085,3.90050315544431,9.5992974892948e-05,0.000344031965375262,"S000004338","S000004338","CIS1"
"S000004345",260.061746868553,1.66960365983098,0.328454173273004,5.08321645967715,3.71096381418283e-07,2.19270982582873e-06,"S000004345","S000004345","BUD8"
"S000004356",30.7606273749671,-1.38025224109904,0.430988530747202,-3.20252661644176,0.00136227710714812,0.00362291098151007,"S000004356","S000004356","GRX8"
"S000004364",686.023066341186,-2.78186244932329,0.179708943827408,-15.4798219280337,4.74785207682357e-54,9.5289391181849e-52,"S000004364","S000004364","ELO3"
"S000004369",1105.93501544212,1.56621518287397,0.353636857887769,4.42887993131935,9.4723735799288e-06,4.23559092278396e-05,"S000004369","S000004369","FBP1"
"S000004372",382.118194297117,-1.38544181731977,0.185558363665281,-7.46633991566605,8.24561783594662e-14,1.33819043100363e-12,"S000004372","S000004372","CSR1"
"S000004373",755.783679435176,-2.05245479326682,0.453300353277589,-4.52780320691687,5.96000469223503e-06,2.78073123117283e-05,"S000004373","S000004373","CTF3"
"S000004381",1173.16126871664,1.15392516662873,0.268938462533667,4.29066618347414,1.78137920968566e-05,7.52679594492446e-05,"S000004381","S000004381","STE23"
"S000006429",4513.42766801712,-1.20092967494761,0.327844065382613,-3.66311244202654,0.000249169094950976,0.000803688427181467,"S000006429","S000006429","CCW14"
"S000004393",384.379114868833,-1.01476277265757,0.317883895240119,-3.19224341922404,0.00141172306499527,0.00373461536658019,"S000004393","S000004393","DUS3"
"S000004401",394.86298238206,-1.4684344179313,0.42674717046397,-3.44099391762757,0.00057958156126184,0.00171735264781375,"S000004401","S000004401","UTP21"
"S000004406",1238.70543393609,-1.19261794077467,0.259575271227072,-4.59449752334609,4.33793279736981e-06,2.08949546983709e-05,"S000004406","S000004406","PUN1"
"S000004427",109.985865480522,-1.16545341382568,0.448664042898212,-2.59760823777465,0.00938755289457643,0.0201577945714139,"S000004427","S000004427","TSR2"
"S000004429",44.777768566911,-1.49952145654251,0.435025155351703,-3.44697642905317,0.00056689803969538,0.00168391371337241,"S000004429","S000004429","DIF1"
"S000004440",972.215567152015,-2.18070143175325,0.384010745578804,-5.67875106845349,1.35681768446441e-08,1.04068780613506e-07,"S000004440","S000004440","RPL6B"
"S000004441",472.573621610367,-1.23398944983767,0.220035667493504,-5.60813373529134,2.04519969611443e-08,1.53161036944092e-07,"S000004441","S000004441","FPR4"
"S000004445",129.492005447749,1.59940523643387,0.234170797306415,6.83007981708762,8.48674005455609e-12,1.04710372681316e-10,"S000004445","S000004445","RIF2"
"S000004448",113.89360430916,1.47064861986998,0.311986412292782,4.71382265997488,2.43112267281784e-06,1.2157632568967e-05,"S000004448","S000004448",NA
"S000004454",14.3926970251454,2.36638482939278,0.807050972983827,2.93213800442343,0.00336637119233463,0.00814994810978963,"S000004454","S000004454",NA
"S000004467",730.209457603085,-1.75736125160641,0.468743882503398,-3.74908626480832,0.000177480033689394,0.00059598844553477,"S000004467","S000004467","ERG6"
"S000004469",74.1359867239586,-1.10724396835292,0.271515045806477,-4.07802066756224,4.5420729810031e-05,0.000175983406812224,"S000004469","S000004469",NA
"S000004476",156.123252302597,-1.68738384735385,0.25122638219776,-6.71658697861428,1.86030285311075e-11,2.18340808549314e-10,"S000004476","S000004476","TRM9"
"S000004480",226.14057452071,-1.17643533574502,0.337275295899488,-3.48805664111139,0.00048654499657129,0.00146841474905049,"S000004480","S000004480",NA
"S000004483",197.104562553332,-1.65140140516288,0.381454005810568,-4.32922811140426,1.49632880424855e-05,6.41694852591204e-05,"S000004483","S000004483","UNG1"
"S000004486",1647.59378293963,-1.45406454627237,0.33406542581551,-4.35263404682706,1.34511576449488e-05,5.80985797562673e-05,"S000004486","S000004486","RPS17A"
"S000004488",1941.62574744605,-1.39211656671167,0.347309481439171,-4.00828840302045,6.11604029581475e-05,0.000229437249975705,"S000004488","S000004488","RPS18B"
"S000004491",693.329589921824,1.01217847007082,0.117740930885226,8.59665761482296,8.20713792653142e-18,2.10277350875088e-16,"S000004491","S000004491","USA1"
"S000004500",53.2146433805736,-1.56533213456932,0.308173974812752,-5.07937808674603,3.78672431853306e-07,2.23090676339409e-06,"S000004500","S000004500","CGI121"
"S000004506",4913.46046557479,3.72238637590615,0.26895691425614,13.8400843354455,1.46035158134419e-43,2.19819421781834e-41,"S000004506","S000004506","CAT2"
"S000004507",60.0261239753356,-1.63259961846434,0.516172192358297,-3.16289727078341,0.00156207442849007,0.00408163234006466,"S000004507","S000004507","RRN11"
"S000004516",186.250942873102,-1.23486933412938,0.220366632586599,-5.60370378961119,2.09819159267858e-08,1.56934305335624e-07,"S000004516","S000004516","SUR7"
"S000004520",429.362568426361,-4.03195482438236,0.327153645985675,-12.3243462937256,6.69844698600192e-35,6.01960437353994e-33,"S000004520","S000004520","IMD4"
"S000004522",91.1802581171126,1.4801464120121,0.291680024269346,5.07455529640687,3.88403274462538e-07,2.279313952767e-06,"S000004522","S000004522",NA
"S000004523",1203.10997184155,-1.43905491060085,0.243231958750799,-5.91638910442364,3.29086172206194e-09,2.8265732423017e-08,"S000004523","S000004523","SML1"
"S000004525",99.6495559800586,-2.61197244948039,0.386724876148019,-6.75408439068361,1.43740071479492e-11,1.72059437450899e-10,"S000004525","S000004525","OGG1"
"S000004529",86.6999412253922,-2.09995287268272,0.325971029178988,-6.4421457267899,1.17796092376017e-10,1.2356276519094e-09,"S000004529","S000004529","TEM1"
"S000004530",584.7689819321,1.08104397712684,0.120712368883028,8.95553609899231,3.38088734204809e-19,9.64754629690593e-18,"S000004530","S000004530","ORC1"
"S000004537",2718.13996650103,1.93920436261221,0.221695623509528,8.74714769698132,2.1881322035434e-18,5.77839649014685e-17,"S000004537","S000004537","TCB3"
"S000004540",979.511991094293,1.86591642141555,0.408646588217822,4.56608833944542,4.96909428489499e-06,2.35396669467763e-05,"S000004540","S000004540","HMG1"
"S000004546",1278.28036826238,-1.61162178755086,0.2480545238236,-6.49704654730239,8.19121245621728e-11,8.76143075179162e-10,"S000004546","S000004546","TDA9"
"S000004548",56.7908767903031,1.37986344203155,0.253406898273252,5.44524814215447,5.17332150130206e-08,3.60515842121987e-07,"S000004548","S000004548",NA
"S000004550",711.531314235966,-1.28869082314937,0.346144402261523,-3.72298617204194,0.000196880308674826,0.00065061269952312,"S000004550","S000004550","TUB1"
"S000004555",38.803659519778,2.03062794616157,0.735789309854029,2.75979539110785,0.00578375730126715,0.0132159403077531,"S000004555","S000004555",NA
"S000004556",2609.34721735194,1.64383127856035,0.313943931990209,5.23606641523372,1.64034946798048e-07,1.03311131241742e-06,"S000004556","S000004556","RPM2"
"S000004587",687.214159709087,-1.59094422466201,0.362066127150919,-4.39407087644755,1.11247519034529e-05,4.89277802853833e-05,"S000004587","S000004587","NGL3"
"S000004592",3950.060016476,-1.6818541968764,0.602171120605989,-2.79298382025343,0.00522243040404619,0.0120753661531345,"S000004592","S000004592","PHO84"
"S000004593",473.754875771371,-2.18473979065935,0.241775897077333,-9.03621832063996,1.62185584005272e-19,4.83425446186012e-18,"S000004593","S000004593","TUB3"
"S000004594",771.725242194766,-1.17806119025665,0.264973285278883,-4.44596212413165,8.74993650931237e-06,3.95817939313071e-05,"S000004594","S000004594","PGA3"
"S000004595",864.627231580595,-1.2739884698976,0.223490120675542,-5.70042409949364,1.19509734676939e-08,9.27278495476608e-08,"S000004595","S000004595","ERG13"
"S000004596",505.734998593499,-1.61545765273054,0.178022371285333,-9.07446429944071,1.14238060721908e-19,3.49150945993203e-18,"S000004596","S000004596","RSC9"
"S000004599",969.496128070044,-2.68699364197347,0.360932735341931,-7.44458282352234,9.72512447137561e-14,1.55731315005725e-12,"S000004599","S000004599","ERO1"
"S000004602",615.418086875996,1.54400643189016,0.302437967554074,5.10520039655437,3.30444143987965e-07,1.9660120463948e-06,"S000004602","S000004602",NA
"S000004604",1134.53909173362,-1.01304735651506,0.270378785736995,-3.74677086352653,0.000179125568743323,0.000600844038664931,"S000004604","S000004604","MIX17"
"S000004605",34.6392525160126,-1.03855849149642,0.448324888469477,-2.31653097610067,0.0205292951568547,0.0399634290783777,"S000004605","S000004605","AIM34"
"S000004611",373.029227774976,1.0965668251254,0.242247968271759,4.52662960580645,5.99318488263563e-06,2.79037814689473e-05,"S000004611","S000004611","ADI1"
"S000004618",1338.98888903412,-1.56260834745398,0.284074943419494,-5.50069051724309,3.78306729206038e-08,2.70199859614419e-07,"S000004618","S000004618","SOK2"
"S000004621",746.558637060432,1.48698306099492,0.124721370291544,11.9224400559344,9.04209123052344e-33,7.56144879152523e-31,"S000004621","S000004621","STB4"
"S000004627",150.634895894287,1.53783072261729,0.213467829875214,7.20403970713642,5.84543316426441e-13,8.35994134965226e-12,"S000004627","S000004627","CSI1"
"S000004628",396.19097388225,1.27171798639018,0.174200204843138,7.30032428799566,2.87074971299181e-13,4.215800980957e-12,"S000004628","S000004628","PEX12"
"S000004635",65.29836116771,-1.24371257905718,0.372378552720757,-3.33991463786002,0.000838041447686151,0.00236007837068209,"S000004635","S000004635","HOF1"
"S000004641",524.491119001663,-1.03889221501365,0.173319158589263,-5.99409911443,2.04616554606019e-09,1.81442750409844e-08,"S000004641","S000004641","CCS1"
"S000004642",748.216386992457,-1.03120951016795,0.274336331704424,-3.75892432388066,0.000170645438152295,0.000576898474517107,"S000004642","S000004642","SUB1"
"S000004647",814.977353159367,-1.06561364224922,0.209711548139682,-5.08133029249993,3.74800770565808e-07,2.21242690154582e-06,"S000004647","S000004647","IOC4"
"S000004652",416.124506894122,-1.27372153258113,0.401191218152149,-3.17484898709343,0.00149914498344564,0.00393991791589968,"S000004652","S000004652","ERB1"
"S000004653",216.611783627364,1.15665653561255,0.349005674512854,3.31414822187926,0.000919227650140698,0.00256353389601535,"S000004653","S000004653",NA
"S000004656",114.19414152488,1.28375282605269,0.25074689238779,5.11971579718449,3.0599644315807e-07,1.8405640202345e-06,"S000004656","S000004656","FAR3"
"S000004660",1370.34562012129,1.45265657077313,0.255648714694415,5.6822369418502,1.3294430241376e-08,1.02360312638523e-07,"S000004660","S000004660","AAC1"
"S000004667",75.8430354392878,1.02752364118369,0.249797966637902,4.11341875601874,3.89842281147351e-05,0.000153314198222613,"S000004667","S000004667","RIM9"
"S000004680",544.186812431884,1.13551512734011,0.140942303947991,8.05659546873252,7.84487296234701e-16,1.61760205843464e-14,"S000004680","S000004680","RCO1"
"S000004686",1973.800996809,2.12733787003629,0.387517487004218,5.4896564448797,4.02716282572758e-08,2.85938058652191e-07,"S000004686","S000004686","ISF1"
"S000004689",256.61436687753,1.1936328251702,0.402264020809354,2.96728706377621,0.00300440307805027,0.00737143884797908,"S000004689","S000004689",NA
"S000004699",188.627410758437,-2.05161705306427,0.609813513742506,-3.36433517268784,0.00076728299854612,0.00219364241892032,"S000004699","S000004699","UTP15"
"S000004701",539.773166252289,1.12604208083058,0.182337883844415,6.17557940834394,6.59212629252956e-10,6.27033055407906e-09,"S000004701","S000004701","SNO1"
"S000004707",71.5768019948234,2.03334135073428,0.287656476415607,7.06864443335702,1.56454456494843e-12,2.14093700580784e-11,"S000004707","S000004707","SRT1"
"S000004708",542.509039860764,1.20423761167929,0.187005704895108,6.43957686935139,1.19807027217137e-10,1.25453584499892e-09,"S000004708","S000004708",NA
"S000004710",3712.92422707492,1.15887279607044,0.387732596365398,2.98884542319552,0.00280033764884372,0.00692721157916516,"S000004710","S000004710","YPK2"
"S000004711",4657.85784246902,1.37910819467914,0.16545515925144,8.33523838675428,7.73422057792433e-17,1.73114282898447e-15,"S000004711","S000004711","PGM2"
"S000004712",240.137072262193,1.51978041036509,0.338223290866989,4.4934232839771,7.00872773695391e-06,3.21397941387658e-05,"S000004712","S000004712","YKU80"
"S000004722",4651.87692428869,-1.38550985072181,0.475387729300985,-2.91448383145918,0.00356277263397346,0.00856687461228203,"S000004722","S000004722","ASC1"
"S000004724",2934.29446097824,1.84365683353213,0.226463412800976,8.14108032166942,3.91766373632125e-16,8.36462884978378e-15,"S000004724","S000004724","SHH3"
"S000007524",591.139703090354,-3.48100924838601,0.308274143547394,-11.291927400492,1.43847211156675e-29,1.06926426959795e-27,"S000007524","S000007524",NA
"S000004730",75.6581995209111,-1.91120352912767,0.377926551045074,-5.05707662995006,4.25732199967733e-07,2.48144586254184e-06,"S000004730","S000004730","PKR1"
"S000004738",518.813266204378,-1.86726531948234,0.647021448836254,-2.88594037004622,0.00390246087711139,0.00929458739758215,"S000004738","S000004738","RRB1"
"S000004740",188.444536367734,1.2273749224658,0.154036759915265,7.96806504590837,1.61178028506224e-15,3.24566190513705e-14,"S000004740","S000004740","REC114"
"S000004744",3580.63951677614,-1.57764739402869,0.584875917832011,-2.69740528876045,0.00698821605149105,0.0156184294157489,"S000004744","S000004744","GAT2"
"S000004750",3250.3453895719,-1.06246366334906,0.317149571262186,-3.3500397276928,0.000807999707421867,0.00229371345515656,"S000004750","S000004750","RPL13B"
"S000004752",101.732974674643,-1.23161437326795,0.357132458518808,-3.44862065569737,0.00056345767353769,0.00167783316140971,"S000004752","S000004752","FDO1"
"S000004755",153.274905583909,2.56233277761454,0.573547384924317,4.46751714847878,7.91326697001494e-06,3.60679639867221e-05,"S000004755","S000004755",NA
"S000004756",189.925932674016,1.27925656998279,0.352163214738359,3.63256727688956,0.000280615380752653,0.000892543691237045,"S000004756","S000004756","OSW5"
"S000004760",1024.61870581796,1.5540579426444,0.246644725302388,6.30079536766544,2.96122130795377e-10,2.9421639431006e-09,"S000004760","S000004760","YIM1"
"S000004771",508.792134656927,-1.1492659063966,0.216810313313693,-5.30078984173497,1.15302755172509e-07,7.48023828560417e-07,"S000004771","S000004771","HLJ1"
"S000004772",876.874436132569,1.16585267331686,0.136453168323653,8.54397657188564,1.29680343286023e-17,3.20002191362763e-16,"S000004772","S000004772","DNF3"
"S000004773",183.386494125958,1.12566720230322,0.20300624609806,5.5449880185434,2.93974300273383e-08,2.13255332764583e-07,"S000004773","S000004773","INP2"
"S000004779",9171.31753670995,-1.25115938961969,0.399125500189262,-3.13475182374066,0.00171999556055318,0.00445040535887008,"S000004779","S000004779","ALD3"
"S000004783",511.702331286099,1.14437612486734,0.128491350646528,8.90625025816293,5.27876911924923e-19,1.48520882556073e-17,"S000004783","S000004783","HOT1"
"S000004786",482.760603323389,-1.37084007273973,0.377505163215567,-3.63131476418228,0.000281981014540535,0.000896413774312863,"S000004786","S000004786","PAI3"
"S000004791",205.894431266676,-1.06439423066844,0.266026139940056,-4.00108888137189,6.30516670334834e-05,0.00023594411883692,"S000004791","S000004791","SPT21"
"S000004796",187.959991529986,-1.03666875445913,0.2848716175805,-3.6390735000695,0.000273620702146725,0.000872600766750758,"S000004796","S000004796","ADD37"
"S000004803",21717.550703295,-2.25215602570991,0.425962393101371,-5.28721798493122,1.24190614246972e-07,7.98027415561387e-07,"S000004803","S000004803","SPG5"
"S000004807",659.632756748388,-1.47961561109644,0.350332623789635,-4.22345939436377,2.40580731750327e-05,9.86463830716355e-05,"S000004807","S000004807","RPL36A"
"S000004808",1271.16200357994,2.44989777786367,0.454458956233064,5.39080096070826,7.01443329670731e-08,4.77219241575986e-07,"S000004808","S000004808","ICY1"
"S000004809",3458.97142202267,1.88069930314423,0.29617328950291,6.34999633593143,2.15320056187353e-10,2.18624293137277e-09,"S000004809","S000004809",NA
"S000004812",615.032396971185,-3.14460959708141,0.23231625432675,-13.5359000436472,9.59993932553026e-42,1.28447188175595e-39,"S000004812","S000004812","CLN1"
"S000004815",544.408218704853,-1.28662484092647,0.305712634934088,-4.20860865369162,2.56947966556811e-05,0.000104958189052819,"S000004815","S000004815","ERG2"
"S000004819",1868.78157889593,1.58567225473009,0.417751809716868,3.79572803240465,0.000147210811979273,0.000506489313672687,"S000004819","S000004819",NA
"S000004827",300.669744888032,-1.52946821056063,0.338611258815422,-4.5168852799261,6.27558815923274e-06,2.91104131793069e-05,"S000004827","S000004827","SCJ1"
"S000004828",284.255852408045,-2.0731385484987,0.205929027314571,-10.0672478063612,7.71055197345015e-24,3.59885530481731e-22,"S000004828","S000004828","GAS3"
"S000004829",745.57615372553,-1.02512314615467,0.192416166068812,-5.32763523511879,9.94996915819283e-08,6.54025811151518e-07,"S000004829","S000004829","SKY1"
"S000004830",1232.28422181187,-2.47721085762932,0.488529205273204,-5.07075284525511,3.9624508969519e-07,2.32082683462696e-06,"S000004830","S000004830","GUA1"
"S000004855",2069.32717291436,-1.19585312508305,0.391906372978356,-3.05137453110286,0.00227796231534438,0.00575560684040643,"S000004855","S000004855","RPL20A"
"S000004860",1883.59351313379,1.39273792751915,0.427226877835957,3.25994922083045,0.00111432162182718,0.00302358291348419,"S000004860","S000004860","FAA4"
"S000004863",339.423993889316,1.6623756434186,0.213182151136795,7.79791194785294,6.29398997029212e-15,1.20305122575012e-13,"S000004863","S000004863","GTO3"
"S000004864",54.1578128398347,-3.44205555482886,0.491296166051691,-7.00607045744117,2.4510451903133e-12,3.25777993176079e-11,"S000004864","S000004864","HOR7"
"S000004868",817.917039481673,-1.12945789334361,0.291578460327667,-3.87359852327351,0.000107240023806492,0.000381164216847043,"S000004868","S000004868","GFD1"
"S000004869",50.5344407657193,-1.48806315465718,0.398761006688815,-3.73171681708196,0.000190179223045955,0.000632634862961156,"S000004869","S000004869","COX7"
"S000004871",587.769490283793,1.17636393203186,0.245314977498813,4.79532046524781,1.62414974954913e-06,8.40120759625025e-06,"S000004871","S000004871","ROY1"
"S000004880",311.623862921065,1.09617905670245,0.218069645687845,5.02673837637897,4.98892235542264e-07,2.87173054512426e-06,"S000004880","S000004880","PPA2"
"S000004882",238.232779244041,-1.92821316385781,0.174531569212458,-11.0479334630321,2.24319109450271e-28,1.45228533118288e-26,"S000004882","S000004882","TMA23"
"S000004884",1167.78997251646,1.15467533255601,0.24875749178185,4.6417710851041,3.45435439618043e-06,1.6895749650205e-05,"S000004884","S000004884","URA10"
"S000004887",36.5020804255094,-1.1132974289801,0.408553275755475,-2.72497491770553,0.00643063721085538,0.0145250593929038,"S000004887","S000004887","RCE1"
"S000004892",348.225526865704,1.00638447006212,0.226556608158021,4.44208835153542,8.90899621424029e-06,4.02408598694229e-05,"S000004892","S000004892",NA
"S000004894",277.230446970679,-1.17043016855927,0.165525250263851,-7.0710067901639,1.53813612034064e-12,2.10959398190683e-11,"S000004894","S000004894","GPI12"
"S000004903",273.52932802456,-2.61496665070084,0.536855261040374,-4.87089694461275,1.11092775540032e-06,5.94568534690252e-06,"S000004903","S000004903","HAS1"
"S000004909",581.425721211567,-1.16316588139025,0.198310120334595,-5.86538840996981,4.48082535933727e-09,3.76802367158794e-08,"S000004909","S000004909",NA
"S000004910",2081.9602809583,-1.12033091265948,0.210933011670728,-5.3113114148692,1.08839160896039e-07,7.11531582795932e-07,"S000004910","S000004910",NA
"S000004911",800.685747179005,-1.59584183794511,0.186198039661875,-8.5706693842914,1.0288523147698e-17,2.57042314822779e-16,"S000004911","S000004911","LCB1"
"S000004914",327.050087495295,-1.10326416619464,0.282438141630249,-3.90621521522035,9.37530182602969e-05,0.000336605201517739,"S000004914","S000004914","DYN3"
"S000004918",21415.1481364445,3.55068096208501,1.04617580827886,3.39396202243148,0.000688892452492103,0.0020057163715933,"S000004918","S000004918","ADH2"
"S000004919",91.7653793933331,-3.39683726898261,0.377489129572445,-8.99850354056543,2.288151445745e-19,6.68784458972362e-18,"S000004919","S000004919",NA
"S000004920",1933.82194897812,1.46493812202555,0.21295532284586,6.87908666685868,6.02375068779101e-12,7.5718168875135e-11,"S000004920","S000004920","UBP15"
"S000004921",1744.98868804091,-5.45352610215459,0.187203742590803,-29.1315014682965,1.43311734564683e-186,4.31439976906979e-183,"S000004921","S000004921","SCW10"
"S000004924",3973.23768647502,-5.07024623605397,0.23166880068043,-21.8857533736189,3.55095040832202e-106,3.0543246297867e-103,"S000004924","S000004924","GAS1"
"S000004933",56.481054453344,-3.89618842231442,0.689720775739225,-5.64893585833859,1.614440744477e-08,1.22734188415354e-07,"S000004933","S000004933",NA
"S000004934",22.9133547376477,1.60556292596208,0.503339918550639,3.18981838473149,0.00142362228456662,0.00376278743431767,"S000004934","S000004934",NA
"S000004935",1082.24593141112,-4.46870112569901,0.445054862002097,-10.0407871191349,1.00866036490902e-23,4.67164927470554e-22,"S000004935","S000004935","DIA1"
"S000004936",687.24138180746,1.21461649319419,0.264339870907081,4.59490461664462,4.32947264234598e-06,2.08709005440874e-05,"S000004936","S000004936",NA
"S000004937",674.379682072946,-1.64488161647094,0.164654375384297,-9.98990529484473,1.68742883793825e-23,7.62617704979278e-22,"S000004937","S000004937","ADH6"
"S000004938",449.946995369275,1.06762796193473,0.213109488143946,5.00976268693204,5.44971941831132e-07,3.11612161611134e-06,"S000004938","S000004938","FET4"
"S000004939",16.8100577336478,2.06342949292391,0.483315378937644,4.26932306077132,1.96067114040112e-05,8.20375325667487e-05,"S000004939","S000004939",NA
"S000004941",227.088471395983,1.14582472182591,0.184831857495762,6.1992815380984,5.67214887273615e-10,5.42957207674791e-09,"S000004941","S000004941","SNO4"
"S000004942",751.851520285239,1.15509515863304,0.252362156034939,4.57713302494184,4.71391724110149e-06,2.24687782755503e-05,"S000004942","S000004942","ERR3"
"S000004953",905.079691489844,1.3759704003231,0.454971874379079,3.0242977155477,0.00249211065659565,0.00623649138128113,"S000004953","S000004953","ASI3"
"S000004958",170.684134285605,1.75892115025604,0.356700327627708,4.93108924781208,8.17723610578789e-07,4.47185636629872e-06,"S000004958","S000004958",NA
"S000004959",3710.72884756083,2.1411404475749,0.337767706158653,6.33909165540293,2.31123720145681e-10,2.32708347658386e-09,"S000004959","S000004959","HEF3"
"S000004964",119.186273174867,-1.91446143064588,0.421715369697893,-4.53970039559466,5.63342174755579e-06,2.64165360919263e-05,"S000004964","S000004964",NA
"S000004965",450.902338442216,-1.14386478277158,0.265292465693464,-4.3117122824486,1.61995142704105e-05,6.89796855885019e-05,"S000004965","S000004965","ARK1"
"S000004969",20.1012833174764,-3.10650893403954,0.641442254338527,-4.84300638604337,1.27889176709385e-06,6.77835152259866e-06,"S000004969","S000004969","EFM6"
"S000004970",199.67325298507,1.07551567053112,0.153848915566836,6.99072636663394,2.73466670231725e-12,3.58723926245146e-11,"S000004970","S000004970","SSN8"
"S000004975",1199.66963949638,-1.91880280440025,0.219434780590254,-8.74429659345201,2.24409259195683e-18,5.9002975965817e-17,"S000004975","S000004975","HHF2"
"S000004978",34.2782093529921,1.17570641123942,0.341577734714862,3.44198784566818,0.000577456194970847,0.00171274076350713,"S000004978","S000004978",NA
"S000004985",548.776185000595,1.43912593570709,0.2055758721196,7.00046129377396,2.5512111006983e-12,3.37600923896801e-11,"S000004985","S000004985",NA
"S000004986",554.616981890548,1.349597183891,0.267113805349474,5.05251752946754,4.36024325081201e-07,2.53854358653148e-06,"S000004986","S000004986","COG6"
"S000004988",91.401811611295,-1.36612367280144,0.282382806553582,-4.83784296032278,1.31255778210578e-06,6.92630184580094e-06,"S000004988","S000004988",NA
"S000004989",342.121443654763,-1.10980216937233,0.272565895441397,-4.07168390445584,4.6674490447334e-05,0.000180030177439717,"S000004989","S000004989","YIP3"
"S000004990",1509.45146094433,-1.54814281244059,0.243957921692792,-6.34594196285259,2.21068569743026e-10,2.24083141148613e-09,"S000004990","S000004990","LAP2"
"S000004996",302.805117576794,1.01124157173991,0.212110335392073,4.76752615505838,1.86501789714465e-06,9.56496827828614e-06,"S000004996","S000004996","COG5"
"S000005005",525.720445550931,-1.57464712974261,0.364754362836002,-4.31700697833898,1.58159160080444e-05,6.75373264428618e-05,"S000005005","S000005005","NOP2"
"S000005006",217.311661966671,-2.18138503774666,0.243335355707183,-8.96452154027146,3.11630843856026e-19,8.98830987759626e-18,"S000005006","S000005006","GCD10"
"S000005008",2620.65611723108,-1.35473935081468,0.31799655229804,-4.26023282650235,2.04214062408555e-05,8.53277494630057e-05,"S000005008","S000005008","YDJ1"
"S000005009",134.572938273149,-1.42031723342277,0.287898439499883,-4.93339677662041,8.08117580957326e-07,4.44353968488042e-06,"S000005009","S000005009","AQR1"
"S000005010",890.174710301869,-4.08342589209078,0.292979062257308,-13.9376031195858,3.74300488173966e-44,5.77862369050115e-42,"S000005010","S000005010","SUN4"
"S000005013",2898.14037611565,-1.62451355947404,0.429196516135671,-3.7850110576399,0.00015370174420303,0.000526415359412083,"S000005013","S000005013","RPL16B"
"S000005016",163.75561663675,-1.00036665657917,0.382051423112391,-2.61840840279996,0.00883410050576678,0.0190782349875258,"S000005016","S000005016","RNH201"
"S000005018",1851.4096325682,-1.66101141410286,0.338325034775759,-4.9095137615334,9.13024929279252e-07,4.94808559783112e-06,"S000005018","S000005018","MLF3"
"S000005019",221.943285646161,-1.67911556404816,0.436782783227709,-3.84428056353307,0.000120906617719345,0.000423834648406702,"S000005019","S000005019","IMP4"
"S000005021",2525.82879924093,-2.43766618906337,0.373550265322148,-6.52567114886437,6.7697705463116e-11,7.37084782266585e-10,"S000005021","S000005021","APJ1"
"S000005022",373.086780680279,-1.07791719170612,0.179243737536256,-6.01369513112328,1.81341409516198e-09,1.61996532150895e-08,"S000005022","S000005022","NIS1"
"S000005033",101.399910097861,-1.24929387668118,0.216093322063146,-5.78127016954331,7.41387157083062e-09,6.06425940175474e-08,"S000005033","S000005033",NA
"S000005034",131.754507515587,-1.05019364856571,0.227436911021819,-4.61751632066866,3.8836014666833e-06,1.88118780618666e-05,"S000005034","S000005034","RHO2"
"S000005036",186.342508867473,1.09141081985113,0.185837410217685,5.87293386499886,4.28149311588364e-09,3.61554979673708e-08,"S000005036","S000005036",NA
"S000005037",807.156055390635,-1.41759467851044,0.320673499544493,-4.42067922832441,9.83911388481307e-06,4.37528099707973e-05,"S000005037","S000005037","YPT53"
"S000005040",705.870759633331,-1.78510225370473,0.253927064586878,-7.02998026858211,2.0656274723923e-12,2.75768137722262e-11,"S000005040","S000005040","RPS7B"
"S000005046",391.187087327858,-1.65870934992848,0.233826038066656,-7.09377519990156,1.30502055787392e-12,1.80632845493308e-11,"S000005046","S000005046","POL1"
"S000005048",12332.591970201,2.00747514421338,0.202468393651185,9.91500504356194,3.58238361609917e-23,1.5083588638135e-21,"S000005048","S000005048","LEU4"
"S000005052",158.536043479624,-1.10793185729988,0.207686885635574,-5.33462598714083,9.57416935376123e-08,6.31084540443946e-07,"S000005052","S000005052",NA
"S000005053",97.3293368754802,-1.15586432657319,0.223162163097065,-5.17948164031032,2.22503309071293e-07,1.37263568024412e-06,"S000005053","S000005053",NA
"S000005055",29.6007487196995,-1.22902811787254,0.472697297643518,-2.60003203741479,0.00932150575724585,0.0200445664872776,"S000005055","S000005055","CYB5"
"S000005056",582.762170431647,-2.55394950342931,0.307876962815676,-8.29535760023185,1.08259039721299e-16,2.39642528736007e-15,"S000005056","S000005056","DBP2"
"S000005057",139.179594317038,-1.45255506428492,0.578904487428734,-2.50914459263669,0.0121023933901419,0.0251270726213946,"S000005057","S000005057","RPC19"
"S000005058",103.612270390588,-1.37966579700356,0.391727795485297,-3.52200127972625,0.000428302075816476,0.00131170233900865,"S000005058","S000005058",NA
"S000005061",6278.09327953425,3.55882430072824,0.168203051463603,21.1579056964869,2.33359729926308e-99,1.4050589338863e-96,"S000005061","S000005061","MLS1"
"S000005068",302.550333024638,-1.17361858458239,0.294228822775093,-3.98879543313642,6.64096589838896e-05,0.000246975019605929,"S000005068","S000005068","NAF1"
"S000005072",54.3594701849144,1.38889940925846,0.251692549200069,5.51823807924655,3.42415337876229e-08,2.46024194433505e-07,"S000005072","S000005072","TEP1"
"S000005073",81.0113740283553,-2.20334947570289,0.381198963864899,-5.78005106142885,7.46779566820805e-09,6.07616185382171e-08,"S000005073","S000005073","NRK1"
"S000005076",310.238878689055,-1.66899860297561,0.461610100019298,-3.61560243787093,0.000299649950988976,0.000948077958436482,"S000005076","S000005076","KRE33"
"S000005085",194.12920417887,-3.24848579834753,0.359834690242382,-9.02771713355202,1.75290248622911e-19,5.17364013214973e-18,"S000005085","S000005085","AAH1"
"S000005086",283.097160901664,1.15963402414456,0.164449182396253,7.05162535469668,1.76839810914095e-12,2.40894231111712e-11,"S000005086","S000005086","MEP2"
"S000005088",2840.62347312829,-1.04211559045909,0.32811404712155,-3.17607734140392,0.0014928114603138,0.00392670065642176,"S000005088","S000005088",NA
"S000005097",114.453187006638,-1.68605455392412,0.34181000655004,-4.93272438376461,8.10905411746608e-07,4.45480062420286e-06,"S000005097","S000005097","GIM3"
"S000005101",1711.83452408152,-1.59574484893748,0.22654987242359,-7.04368019220885,1.87227601374722e-12,2.53325255702742e-11,"S000005101","S000005101","IGO1"
"S000005104",13592.4100406898,-2.4407903625318,0.308142643836116,-7.92097559800882,2.35654189781184e-15,4.66734827852799e-14,"S000005104","S000005104","YGP1"
"S000005106",1301.75069292156,-1.60679595079728,0.438449353261002,-3.66472418957082,0.000247605268642053,0.000800231520393883,"S000005106","S000005106","RPL42A"
"S000005113",428.973518094439,-1.97188174590479,0.207041264683271,-9.52410017839364,1.66477873336647e-21,6.03833298409611e-20,"S000005113","S000005113","PSD1"
"S000005114",39.1703121332813,-1.73132449671461,0.349310662767179,-4.95640322857411,7.18101077223248e-07,3.9886407619568e-06,"S000005114","S000005114",NA
"S000005117",1217.32850467242,1.65901905988183,0.214861062060524,7.72135743895051,1.15097286263486e-14,2.10638529055455e-13,"S000005117","S000005117","MDG1"
"S000005118",90.5640458444065,-1.35211233051436,0.584990410780037,-2.31134101619107,0.0208140261607872,0.0404262101658387,"S000005118","S000005118",NA
"S000005119",295.343114583196,-1.55186197948488,0.622813752848416,-2.49169510529834,0.0127135120313296,0.0262510479906158,"S000005119","S000005119","NOP13"
"S000005122",5577.56873501175,-1.05940915512609,0.445595315483917,-2.37751412169934,0.0174297755660394,0.0346809909726118,"S000005122","S000005122","RPS3"
"S000005126",175.839383711136,-1.96291531459003,0.614451362435309,-3.19458208508194,0.00140033456424483,0.00371100986413649,"S000005126","S000005126","IPI3"
"S000005134",1429.78424992965,-2.57027758697735,0.350468834984193,-7.33382637886553,2.23672830260855e-13,3.35008485323534e-12,"S000005134","S000005134",NA
"S000005136",4589.08836930721,-2.06894895385504,0.387563088993985,-5.33835396767402,9.37942078439424e-08,6.21403531903078e-07,"S000005136","S000005136","CHS1"
"S000005138",3889.0985143005,-1.00761854534681,0.368355440921856,-2.73545177675432,0.00622947131744577,0.0141218549707609,"S000005138","S000005138",NA
"S000005161",431.929694596831,-2.04535427279163,0.242045112745451,-8.45030188625477,2.90550552573624e-17,6.86041128253252e-16,"S000005161","S000005161",NA
"S000005162",265.911409143919,1.49039462323801,0.173755960671809,8.5775165207315,9.69434598970002e-18,2.4525066052094e-16,"S000005162","S000005162","MGS1"
"S000005167",632.635158721798,1.15183020048761,0.177121553454659,6.50304933545239,7.87079681373866e-11,8.47765073622906e-10,"S000005167","S000005167","ATG4"
"S000005181",550.880413833229,1.55735359172359,0.147183451845454,10.5810372850805,3.6489588204229e-26,2.07267745827984e-24,"S000005181","S000005181","YTP1"
"S000005183",1911.10793181355,1.9368332300744,0.454980905844062,4.25695497370656,2.07230070883649e-05,8.62885378140009e-05,"S000005183","S000005183","LAP3"
"S000005185",5468.18332673749,-1.09398935914348,0.426858705555772,-2.56288402908194,0.0103806715824148,0.0219768015463148,"S000005185","S000005185","ZWF1"
"S000005188",1513.65862644941,-1.3617165235946,0.19004600616169,-7.16519410797856,7.76764142585356e-13,1.10044633000151e-11,"S000005188","S000005188","SUI1"
"S000005191",692.350143683591,-1.53256685954477,0.358404182343674,-4.276085311067,1.90208359261181e-05,7.99193671396771e-05,"S000005191","S000005191",NA
"S000005192",279.076435330211,-2.25937919052523,0.683469339846466,-3.30575061499142,0.00094722353063048,0.00263185642728478,"S000005192","S000005192","RPA49"
"S000005194",484.224371530158,1.27732231104831,0.169845987407792,7.52047387484945,5.45780590251405e-14,9.05274086474851e-13,"S000005194","S000005194","RAD50"
"S000005197",308.677582369363,1.31907257971543,0.179402069650623,7.3526051415363,1.94380521524377e-13,2.94802297253973e-12,"S000005197","S000005197","TEX1"
"S000005198",477.559203286298,3.48435536303694,0.316897614726636,10.9952085503788,4.02980873477391e-28,2.58122110553976e-26,"S000005198","S000005198","RTC4"
"S000005214",536.058391836614,1.6804431948166,0.576727775556663,2.91375457544873,0.00357110534034593,0.00858348313541829,"S000005214","S000005214","ALP1"
"S000005220",71.3011182790694,-2.24399526221041,0.393321157278531,-5.70524931264076,1.16172920409624e-08,9.05745024678513e-08,"S000005220","S000005220",NA
"S000005224",766.737639909777,1.07665453920591,0.163122944479378,6.60026425247624,4.10425553357162e-11,4.63634569749245e-10,"S000005224","S000005224","ERG24"
"S000005233",363.949379088528,-5.07477255072822,0.322590783364504,-15.7313004971816,9.22957495436967e-56,1.98468824286642e-53,"S000005233","S000005233","PCL1"
"S000005234",385.427701799251,-1.00063431853779,0.177760861644295,-5.62910366928851,1.81148501767269e-08,1.3667858761162e-07,"S000005234","S000005234","RFC3"
"S000005237",753.794676153576,1.06713558152326,0.178428793721431,5.98073640059075,2.22131091821454e-09,1.96107229304542e-08,"S000005237","S000005237","MSB3"
"S000005240",12.5830902125859,1.87448778688902,0.707453889783618,2.64962538754626,0.00805810646639026,0.017662125603981,"S000005240","S000005240",NA
"S000005244",122.369731274182,-6.0915447661016,0.449337074413518,-13.5567374983522,7.22801221474787e-42,9.89087762386294e-40,"S000005244","S000005244","TOS6"
"S000005245",502.366855251847,-1.02205013023196,0.247329967496663,-4.13233438946596,3.59097488375481e-05,0.000142338774029544,"S000005245","S000005245","RPL18B"
"S000005246",1933.56989025553,-1.70713741162735,0.360085639490776,-4.74092056001329,2.1274934426992e-06,1.07734550197577e-05,"S000005246","S000005246","RPS19B"
"S000005256",651.404522706014,-1.20710142680496,0.180764193014638,-6.67776845996938,2.42607927725026e-11,2.8091198708315e-10,"S000005256","S000005256","RFA2"
"S000005257",419.779428295589,-1.27368702333671,0.420945757714179,-3.02577469898519,0.00247997018745072,0.00621127308595706,"S000005257","S000005257","EMW1"
"S000005262",44.3120055680937,3.46469878007256,0.526934150217136,6.57520257255075,4.85869737322006e-11,5.38751692157605e-10,"S000005262","S000005262","HXT14"
"S000005263",18.8750258685588,3.0506747340772,0.687728116464346,4.43587321943578,9.16998073097325e-06,4.12033238665596e-05,"S000005263","S000005263",NA
"S000005265",898.012582205539,1.14671412689129,0.445124469765487,2.57616510612286,0.00999029296108251,0.0212751526411476,"S000005265","S000005265","VNX1"
"S000005266",6680.4692962054,-2.71213903923558,0.365430627473504,-7.42176171161853,1.15572608893312e-13,1.80743552765359e-12,"S000005266","S000005266","KRE1"
"S000005268",18.930195140376,1.34656986567581,0.443554560464065,3.03586071636142,0.00239850134215738,0.00603484186424137,"S000005268","S000005268",NA
"S000005271",1133.06996882746,-3.30672772079974,0.438322480946363,-7.54405230062654,4.55588289406433e-14,7.70532890594419e-13,"S000005271","S000005271","EGT2"
"S000005272",12.851100615168,1.31189634180211,0.485496600562277,2.70217410437629,0.0068887679755518,0.0154290603892038,"S000005272","S000005272","MDJ2"
"S000005276",95.5070323626113,2.13666440033396,0.221372272760601,9.65190614745424,4.82503844894689e-22,1.8742939678135e-20,"S000005276","S000005276","THI12"
"S000005283",254.934453615189,1.82633315088545,0.529614963839487,3.44841682275231,0.000563883113551266,0.0016782700082512,"S000005283","S000005283","YRF1-6"
"S000005284",13040.477350482,1.62227860136619,0.178597328176541,9.08344272520467,1.05193713651168e-19,3.26480077264783e-18,"S000005284","S000005284","CIT1"
"S000005285",2306.02775438173,2.1604723100306,0.443682064372136,4.86941547454242,1.1192884826557e-06,5.98511185974241e-06,"S000005285","S000005285","ATO2"
"S000005291",312.58949445933,-1.58562071436401,0.200978536256099,-7.88950274940561,3.03392948726928e-15,5.98927522716339e-14,"S000005291","S000005291","LRO1"
"S000005292",70.0353856943542,-3.76460876857921,0.432494155861228,-8.70441534887962,3.19215990953835e-18,8.28448052384931e-17,"S000005292","S000005292","NRM1"
"S000005295",175.381036855166,-1.03044612049894,0.420532152591019,-2.45033849171832,0.0142721974775091,0.0290215808889166,"S000005295","S000005295","URK1"
"S000005297",117.323965898313,-3.25030788015077,0.317562884022464,-10.2351629982075,1.37962665921098e-24,6.86506786372672e-23,"S000005297","S000005297",NA
"S000005308",68.361784746469,-1.02015925802863,0.308727898917715,-3.30439607694972,0.000951812567829126,0.00264216849741778,"S000005308","S000005308",NA
"S000005312",470.783173469213,1.06570402663637,0.168506400355208,6.32441274865461,2.54197432752099e-10,2.55512978731283e-09,"S000005312","S000005312",NA
"S000005322",719.580836252623,1.56380811662215,0.213823460220545,7.3135478913735,2.60179516350588e-13,3.83956095085023e-12,"S000005322","S000005322","ZRG17"
"S000005324",147.80861225017,-1.8999983522097,0.393399245660224,-4.82969495536529,1.36742373609821e-06,7.19061861576184e-06,"S000005324","S000005324","COQ2"
"S000005325",43.0602028665827,-1.77617100626559,0.360787055190954,-4.92304527202483,8.52077303718909e-07,4.63446923730041e-06,"S000005325","S000005325",NA
"S000005326",412.601789936617,-2.55046560689482,0.280610741633093,-9.08898067141577,9.99718897894239e-20,3.11881216799027e-18,"S000005326","S000005326","MVD1"
"S000005336",388.110275243397,-1.78517818841985,0.51069001652257,-3.49561990769983,0.000472961894546919,0.00143270228996109,"S000005336","S000005336","NOG2"
"S000005337",161.657862582695,-1.22531306963372,0.473705210482163,-2.58665736099152,0.00969119077326391,0.0206990633720546,"S000005337","S000005337","ESF2"
"S000005345",171.566196472298,4.12137801672505,0.438379250436634,9.40139847545266,5.3842606010446e-21,1.87390942652541e-19,"S000005345","S000005345",NA
"S000005346",172.514954395263,1.0567641753238,0.204002733640207,5.18014713071237,2.21710957367754e-07,1.36915043519102e-06,"S000005346","S000005346",NA
"S000005347",482.33355194331,-1.33789848471758,0.286983954125876,-4.6619278377172,3.13261038734228e-06,1.53845408990113e-05,"S000005347","S000005347",NA
"S000005350",696.070865552429,-1.67735532313465,0.404899336100715,-4.14264774866763,3.433190500319e-05,0.000136895629155104,"S000005350","S000005350","DSE4"
"S000005351",323.227569163079,1.5507898178588,0.165989392313043,9.34270435145722,9.39043797748192e-21,3.1586495565597e-19,"S000005351","S000005351",NA
"S000005352",356.506331645244,1.35856954958391,0.256841456238713,5.28952595690484,1.22633778576976e-07,7.89709070387137e-07,"S000005352","S000005352","BSC5"
"S000005356",130.418474108782,1.53297869820311,0.29462526450044,5.20314746531461,1.95941264066946e-07,1.22128607758497e-06,"S000005356","S000005356","MAN2"
"S000005358",78.089644189313,-1.32620901881552,0.367517395320773,-3.60856121560719,0.000307899867030457,0.000971627410581961,"S000005358","S000005358","COS10"
"S000005359",10.8048878900685,-1.94400534911662,0.593817846937708,-3.27374018672859,0.00106134148074044,0.00289942697619701,"S000005359","S000005359","PAU6"
"S000005367",311.651724142253,-1.72032652530132,0.395608885761171,-4.34855380457728,1.3703820054934e-05,5.91050863544108e-05,"S000005367","S000005367","CSI2"
"S000005370",231.448003717655,-1.22574525853174,0.518396666749152,-2.36449293977593,0.0180547714818012,0.0357826790954328,"S000005370","S000005370","RCL1"
"S000005373",731.884139896801,1.08304536076924,0.147635947216161,7.33591907114265,2.2020505983185e-13,3.31463666311892e-12,"S000005373","S000005373","HRD1"
"S000005378",486.79674474718,1.08084699742745,0.212027441795414,5.0976750380753,3.43850424732113e-07,2.03571623137862e-06,"S000005378","S000005378","TLG2"
"S000005379",386.391651625788,-1.01988647831217,0.264109912123421,-3.86159864320264,0.000112647513255471,0.000399205813602819,"S000005379","S000005379",NA
"S000005389",72.1163310532147,-2.16827656377907,0.478741711782409,-4.52911561791082,5.92310828507412e-06,2.76672110042135e-05,"S000005389","S000005389",NA
"S000005390",2051.93747178698,-2.1520999236608,0.218141825956435,-9.86559965850196,5.86827462631846e-23,2.420060378429e-21,"S000005390","S000005390","GAS5"
"S000005399",1007.61832272339,-1.64023678819052,0.346757423801258,-4.73021390633762,2.24283391879002e-06,1.13289454908009e-05,"S000005399","S000005399","RPP2A"
"S000005400",3395.72382048106,-1.79645630481406,0.361384081497491,-4.97104437298391,6.65932047464411e-07,3.73679110697411e-06,"S000005400","S000005400","RPS15"
"S000005401",306.723793027265,-1.36688078214634,0.546087899583585,-2.50304169564761,0.0123131037044501,0.025502991883211,"S000005401","S000005401","NOP12"
"S000005407",106.927579073424,-1.15011463259559,0.43651581969773,-2.63476048449287,0.00841966725071779,0.0183013778038165,"S000005407","S000005407","LDS2"
"S000005408",1279.43215258108,-1.08345730806717,0.259712271083815,-4.17176016961293,3.02255680919819e-05,0.000121812681045397,"S000005408","S000005408","RRT8"
"S000005411",2223.97456119328,1.11058851334155,0.2252316253415,4.93087288100708,8.18629944007083e-07,4.47275035650331e-06,"S000005411","S000005411","GAL11"
"S000005412",285.726697174169,-1.0326337756124,0.23517647728696,-4.39088886577885,1.12888231062255e-05,4.95408191855565e-05,"S000005412","S000005412","SPE2"
"S000005413",151.208350530453,-2.15079628435045,0.371289263431984,-5.79277802021455,6.92315864475944e-09,5.68681285130922e-08,"S000005413","S000005413","DDR2"
"S000005414",483.346842900667,1.13880087116471,0.148691909498947,7.65879512208953,1.87685527046336e-14,3.34335668149701e-13,"S000005414","S000005414","AIM39"
"S000005416",1005.65759119828,1.81339904707465,0.182964794941195,9.91119109912635,3.7218232801726e-23,1.54545503240822e-21,"S000005416","S000005416","THI20"
"S000005417",93.207763492935,-1.47231765980454,0.260757296089119,-5.6463143386076,1.63924010360872e-08,1.24305600300102e-07,"S000005417","S000005417","GPM3"
"S000005425",566.811972988096,-1.11095159055046,0.315582605466687,-3.52031947042067,0.000431027298811259,0.00131870699499115,"S000005425","S000005425","MET22"
"S000005428",251.069733055717,-1.61112738136779,0.256563671597475,-6.27963955822826,3.39358856457264e-10,3.34963881103145e-09,"S000005428","S000005428","RTG1"
"S000005431",443.545087154599,1.08250151713935,0.162397678500961,6.66574502253705,2.63326085719238e-11,3.03733019562362e-10,"S000005431","S000005431","NBA1"
"S000005436",154.064035684862,-1.41146590518023,0.427178872870221,-3.30415663044515,0.000952625927058207,0.00264320769899422,"S000005436","S000005436","MDM20"
"S000005437",331.566196072927,-1.868025319497,0.603785886964233,-3.09385389726351,0.00197574757064922,0.00504494322429134,"S000005437","S000005437","BRX1"
"S000005439",12.248956072176,-2.93223434636824,0.72974658973359,-4.01815423000293,5.86558018407103e-05,0.000221282320102078,"S000005439","S000005439",NA
"S000005440",53.674172905838,-2.84479470857202,0.3881237375365,-7.32960763139225,2.30827534237203e-13,3.44866646065062e-12,"S000005440","S000005440","REX4"
"S000005442",1178.6088873082,1.34290385640081,0.175106728916744,7.6690591201627,1.73262568825487e-14,3.09559028753193e-13,"S000005442","S000005442","ATG19"
"S000005448",266.782889240213,1.13713712917201,0.461284299431583,2.46515463581407,0.0136954131889689,0.0280249473436622,"S000005448","S000005448","MPD2"
"S000005457",676.540940319318,-1.60499932869078,0.391036008986399,-4.10447961774949,4.05225994673238e-05,0.000158845424083826,"S000005457","S000005457","WRS1"
"S000005465",222.660225499992,1.14336809132454,0.328262016132798,3.48309592682813,0.000495650728356153,0.0014921565177162,"S000005465","S000005465","WSC3"
"S000005477",416.425225216907,2.29864856664143,0.214212119835574,10.7307120082927,7.30312704876852e-27,4.35367603570646e-25,"S000005477","S000005477","RRI2"
"S000005480",3441.52440179944,-1.39412333247435,0.403209490930415,-3.45756576626553,0.000545079181654545,0.00162632396072449,"S000005480","S000005480","RPL18A"
"S000005481",1369.74419089094,-1.26413760401344,0.430345358347759,-2.93749561716407,0.00330874848775059,0.00803629473366127,"S000005481","S000005481","RPS19A"
"S000005484",104.573853168186,-2.24784758550626,0.490343274383237,-4.58423252227462,4.55656957074042e-06,2.18258594951695e-05,"S000005484","S000005484","TRM11"
"S000005487",4011.93522743818,-1.02044740111696,0.333712887930999,-3.05786032851078,0.00222923452657689,0.00564670638810243,"S000005487","S000005487","RPL25"
"S000005491",29.7915059778627,2.7621308824079,0.371484918014718,7.43537825753255,1.04269159071705e-13,1.65211738623877e-12,"S000005491","S000005491",NA
"S000005493",246.938667717865,-1.00031999480509,0.24599038370653,-4.06650040433484,4.77244024881053e-05,0.000183375001519389,"S000005493","S000005493","HRT1"
"S000005494",76.2069857312932,-1.22443131951662,0.277269025950029,-4.41604075796514,1.00525138003566e-05,4.46358300825566e-05,"S000005494","S000005494",NA
"S000005498",638.091033537513,1.07356542971266,0.163884487923508,6.55074463309637,5.72508870634019e-11,6.31332584265097e-10,"S000005498","S000005498","RTC1"
"S000005512",190.671217052669,1.50234130682815,0.292446785166802,5.13714420205121,2.78944912211513e-07,1.69136688461785e-06,"S000005512","S000005512","FRE7"
"S000005514",1602.21774230802,3.94873921777302,0.392047681444704,10.0720891990021,7.34020532043735e-24,3.45276376830885e-22,"S000005514","S000005514","ZPS1"
"S000005516",161.039565114858,1.07779342086222,0.325468245195938,3.31151636686819,0.00092791811841877,0.00258537482230422,"S000005516","S000005516","HXT11"
"S000005529",406.494342175352,1.02589524677673,0.333182674534738,3.07907741064058,0.00207642720644078,0.00528632905284564,"S000005529","S000005529","YSP3"
"S000005530",120.633718370256,-1.12797105167937,0.500450432952194,-2.25391163121867,0.0242017278133719,0.0459390300013595,"S000005530","S000005530","UTP23"
"S000005535",139.321242136129,1.67639611916501,0.27788896340289,6.03261136619711,1.61331085784586e-09,1.44765196350074e-08,"S000005535","S000005535","TIR4"
"S000005536",181.717598913444,-1.81085910248749,0.436813447494654,-4.1456120750716,3.38907181063421e-05,0.000135405450377097,"S000005536","S000005536","TIR2"
"S000005537",367.340718153359,1.330228180133,0.321742172855917,4.13445389619066,3.55799667713982e-05,0.000141310672777433,"S000005537","S000005537","AUS1"
"S000005546",768.766856824079,-1.61296981946363,0.267110847972736,-6.03857848419644,1.55477801232843e-09,1.39721170331784e-08,"S000005546","S000005546","HSP10"
"S000005547",538.513083161483,-1.4671526680638,0.180925275452347,-8.10916365552376,5.09693598115956e-16,1.06929099451435e-14,"S000005547","S000005547","SFM1"
"S000005552",144.706821258532,-1.07538473954507,0.208951755494091,-5.146569537079,2.6529315002371e-07,1.61346470332602e-06,"S000005552","S000005552","BUB3"
"S000005554",475.430703633305,-3.12963533080941,0.30133609960398,-10.3858626129508,2.87557955674932e-25,1.53220039922014e-23,"S000005554","S000005554","CIN5"
"S000005556",1700.9264969893,-1.31163608453261,0.168725964531002,-7.77376551486009,7.61867135964835e-15,1.44251636026549e-13,"S000005556","S000005556","DFG16"
"S000005558",1084.40817762279,-1.18631791342617,0.261775361031437,-4.5318165497008,5.84786245462516e-06,2.73581816933163e-05,"S000005558","S000005558","HMS1"
"S000005559",224.960231831967,-1.21648376414017,0.252467373958188,-4.81838007449486,1.44728474896995e-06,7.57089615425546e-06,"S000005559","S000005559","EXO1"
"S000005562",2784.7221540031,-1.72060620892459,0.321339225562833,-5.35448545352941,8.58002225935484e-08,5.73366415355999e-07,"S000005562","S000005562","PEP12"
"S000005567",369.086472256004,1.12783707773941,0.378533184657779,2.97949327417372,0.00288725568339836,0.00712173964348281,"S000005567","S000005567",NA
"S000005570",233.042037556925,1.09457931907431,0.186470479314172,5.86998715882592,4.35828894409643e-09,3.67524618100904e-08,"S000005570","S000005570","IRC23"
"S000005575",238.904318154681,1.38980437386184,0.330864765121156,4.20052093897916,2.66301536849585e-05,0.000108557992780728,"S000005575","S000005575","RSB1"
"S000005577",252.505362834684,-2.49287132684845,0.358729055791223,-6.94917594938079,3.67426063350892e-12,4.74736550951871e-11,"S000005577","S000005577","ETT1"
"S000005578",1074.91475865742,-1.3423493474861,0.242786372300335,-5.52893201857955,3.22186156666536e-08,2.32599862025086e-07,"S000005578","S000005578","TMC1"
"S000005585",814.905605692094,1.01772445105712,0.175610019487806,5.79536665405242,6.81720764557967e-09,5.6151035887873e-08,"S000005585","S000005585","LPL1"
"S000005586",126.102613601521,1.02742181819127,0.228753618218216,4.49139045840657,7.07596916133281e-06,3.23946207094595e-05,"S000005586","S000005586","SLD7"
"S000005589",10928.1304187806,-1.33313301783087,0.419459912811598,-3.17821316677203,0.00148185759015071,0.00390129626160796,"S000005589","S000005589","RPL3"
"S000005594",37.55080096458,1.07953183228935,0.300904337198632,3.58762469939651,0.000333704149246802,0.0010415928888621,"S000005594","S000005594","VAM10"
"S000005600",240.349201349917,-2.34187432985771,0.214653709386319,-10.9100109965627,1.03243859227641e-27,6.4753257959336e-26,"S000005600","S000005600","CDC21"
"S000005603",151.425478803142,1.39792752715967,0.261970754563728,5.3361968952897,9.4916330301303e-08,6.27322968983694e-07,"S000005603","S000005603","RTS2"
"S000005605",84.278308966787,-1.53709144725894,0.546281372008217,-2.81373578895496,0.00489694584782601,0.011392778574096,"S000005605","S000005605","ATX2"
"S000005612",1754.11312182672,1.27668419139607,0.141382013138833,9.03003262616159,1.71620621827337e-19,5.09028455183447e-18,"S000005612","S000005612","TCB1"
"S000005616",608.497789277391,1.04626130436804,0.32065522697893,3.26288554290989,0.00110284050668722,0.00299648135864791,"S000005616","S000005616","PTC5"
"S000005619",479.589187367614,1.08907567035528,0.165497795699437,6.5806052929742,4.68536887761133e-11,5.22418629853663e-10,"S000005619","S000005619","CMR2"
"S000005626",1726.60360387886,3.2691738053069,0.369268273684437,8.85311313828335,8.51113094726272e-19,2.3615446743534e-17,"S000005626","S000005626","CRC1"
"S000005634",477.396968045149,-1.87815432042699,0.426076228246806,-4.40802418889952,1.04317897014017e-05,4.61497470919469e-05,"S000005634","S000005634","LEU9"
"S000005641",298.885511112177,-1.30475946351981,0.171349826902002,-7.61459458179683,2.64520423525691e-14,4.60311407528377e-13,"S000005641","S000005641","TRS33"
"S000005646",2319.66272700115,1.41414742567516,0.194396549980595,7.27455001550345,3.47577083849087e-13,5.07951849964891e-12,"S000005646","S000005646","GCY1"
"S000005647",188.127844692336,1.08251638159207,0.233281472319864,4.64038730048729,3.47756791991845e-06,1.69745263036318e-05,"S000005647","S000005647",NA
"S000005651",272.028352933413,1.57775949855151,0.184514778505194,8.55085707135974,1.22177842855034e-17,3.03980492491801e-16,"S000005651","S000005651","CAT5"
"S000005663",463.116933633055,1.56018441244333,0.181563104973939,8.59306968046879,8.46761516878095e-18,2.16031825979789e-16,"S000005663","S000005663","SIA1"
"S000005664",991.452646258889,1.1236112825042,0.130006548020565,8.64272838262318,5.48862950691183e-18,1.4183278223655e-16,"S000005664","S000005664","RUP1"
"S000005665",33.4342284104281,-1.02907254926067,0.418189935056725,-2.46077789777767,0.0138636159664999,0.0283246799234122,"S000005665","S000005665",NA
"S000005674",307.981761246423,1.02525454332156,0.226574161121052,4.52502853038831,6.03873587680226e-06,2.80766244897501e-05,"S000005674","S000005674","SPP2"
"S000005678",460.331965040491,1.35170681879721,0.218824031671829,6.17714063885071,6.52729255711335e-10,6.21848551999676e-09,"S000005678","S000005678","ATG40"
"S000005691",902.488136799431,1.05509102618708,0.192408513321769,5.48359845399683,4.16760161306848e-08,2.95561004856129e-07,"S000005691","S000005691","SEY1"
"S000005693",158.836790398029,-1.41061130453882,0.263977246152612,-5.34368520430474,9.10756815793743e-08,6.06600308395368e-07,"S000005693","S000005693","RPS28A"
"S000005695",204.018062956856,-1.05848664637746,0.198457170376368,-5.33357723669076,9.62965753537863e-08,6.33663038475571e-07,"S000005695","S000005695",NA
"S000005708",72.8276712945944,-1.64867085095137,0.357470635347064,-4.61204554424644,3.98725599605868e-06,1.92984472285123e-05,"S000005708","S000005708","RPS30B"
"S000005710",1844.97011799612,1.05348443899939,0.208513106191368,5.05236557184335,4.36371468536801e-07,2.53854358653148e-06,"S000005710","S000005710","SER1"
"S000005716",277.314436143351,1.18857942298819,0.216510725315435,5.48970228267699,4.02611789209341e-08,2.85938058652191e-07,"S000005716","S000005716","SPR1"
"S000005719",367.267687582331,1.08440001348235,0.173460241996618,6.25157673597327,4.06329369068656e-10,3.98454255889638e-09,"S000005719","S000005719","PEX27"
"S000005723",1210.38824066903,-1.10962839249892,0.209378964628487,-5.29961734440609,1.16045633977289e-07,7.51301894814253e-07,"S000005723","S000005723","MCA1"
"S000005724",693.58189605096,-2.06795983534651,0.263343336105238,-7.85271374598255,4.0713019327857e-15,7.86789101630191e-14,"S000005724","S000005724","BFR1"
"S000005728",363.13537847132,-1.25799818340183,0.331504156543141,-3.79481873325505,0.000147751362714795,0.000507768809877728,"S000005728","S000005728","HIS3"
"S000005730",1950.99349893513,-2.91488999622725,0.391824701488994,-7.43927063595079,1.01242719177557e-13,1.61265188404252e-12,"S000005730","S000005730","DED1"
"S000005732",429.021898488727,-1.44443256058648,0.426642664369732,-3.38557927093462,0.000710281913504475,0.00205014736395515,"S000005732","S000005732","NOC2"
"S000005734",1160.07985278895,-1.36965537868476,0.190003055252764,-7.20859660315821,5.65314599255385e-13,8.10418857646827e-12,"S000005734","S000005734","PTP2"
"S000005740",26.4475079415346,1.14228118986128,0.297142236448937,3.84422357290017,0.000120934716153914,0.000423834648406702,"S000005740","S000005740","SPR2"
"S000005743",760.490768871386,1.52702023057662,0.135626213625391,11.2590345904248,2.09036101907998e-29,1.49022738762996e-27,"S000005743","S000005743","RFC1"
"S000005746",2460.99887924677,-1.59609119105145,0.458775706325508,-3.4790229060625,0.000503245569408169,0.00151199679311706,"S000005746","S000005746","RCN2"
"S000005748",507.481609247493,-1.554263869183,0.236459661461423,-6.5730613821274,4.92911256657612e-11,5.4555490373814e-10,"S000005748","S000005748","ODC2"
"S000005750",277.521888724507,-1.6772798052821,0.321979347934383,-5.2092776013197,1.89577293125716e-07,1.18407145426342e-06,"S000005750","S000005750","RPB8"
"S000005752",220.037135179614,-2.10465485939009,0.302540869246252,-6.95659685461213,3.48590633026471e-12,4.5136864547363e-11,"S000005752","S000005752","ISU2"
"S000005754",357.719635374011,1.00716447944715,0.296908817505477,3.39216762879929,0.000693420034558605,0.00201500097880182,"S000005754","S000005754","MCP1"
"S000005756",5912.41437027891,1.34378182439809,0.134850786665941,9.96495354325942,2.16975279789312e-23,9.60594235008415e-22,"S000005756","S000005756","WTM1"
"S000005759",364.238125543156,-1.12637870184601,0.239387306424666,-4.70525659304528,2.53546852721734e-06,1.26061568970897e-05,"S000005759","S000005759","KIN4"
"S000005763",151.878484818051,2.45812976202814,0.318105592801142,7.72740189942146,1.0976368988313e-14,2.02106170271047e-13,"S000005763","S000005763","HES1"
"S000005773",1263.72976451643,-6.00409256911277,0.279724532587487,-21.4643045912854,3.3573506173995e-102,2.5268260084203e-99,"S000005773","S000005773","SRL1"
"S000005774",30.1920769664795,-7.72820912026734,1.2532272035033,-6.16664647772069,6.97534655043006e-10,6.59318078181152e-09,"S000005774","S000005774",NA
"S000005775",320.936980362135,1.0058309301231,0.180061379429409,5.58604478822968,2.32299349466041e-08,1.71406174403803e-07,"S000005775","S000005775","APC5"
"S000005781",13.6966805933162,1.69279503706784,0.528906224589361,3.20055797865134,0.00137161770915766,0.00364131844216855,"S000005781","S000005781","OSW1"
"S000005783",393.814493195282,-1.10714187600429,0.250233647292969,-4.42443247733213,9.66961407075904e-06,4.30945568616137e-05,"S000005783","S000005783","CDC31"
"S000005789",51.8158487741549,-1.33596223081681,0.333712733790941,-4.00333009663856,6.24570603207506e-05,0.000234009931668475,"S000005789","S000005789",NA
"S000005790",475.0004954666,-1.51495886503558,0.18091898187976,-8.37368665960343,5.5843119914154e-17,1.28332604963023e-15,"S000005790","S000005790","DSE3"
"S000005797",509.512448086179,-2.04554272079883,0.201902187389764,-10.131354926086,4.01053131640938e-24,1.90137079181896e-22,"S000005797","S000005797","FSF1"
"S000005798",336.83148842679,-2.14352941348483,0.43122938051836,-4.97074065525916,6.66976169690117e-07,3.73916528650297e-06,"S000005798","S000005798","YTM1"
"S000005802",402.370788687487,-1.03235418572397,0.257579364639847,-4.00790718296642,6.12591850998567e-05,0.000229664728198155,"S000005802","S000005802","CAF20"
"S000005815",1597.37605396512,1.09375026800882,0.167274687824801,6.5386477908384,6.20775229921021e-11,6.80817424290431e-10,"S000005815","S000005815",NA
"S000005819",1703.03890002622,-1.24233571981728,0.328709113933733,-3.77943801116427,0.000157182716945589,0.000537115288722698,"S000005819","S000005819","RPS10A"
"S000007253",2799.65810967538,-1.13364210357832,0.241359333010492,-4.69690601742358,2.64131908477351e-06,1.30892034645443e-05,"S000007253","S000007253","MBF1"
"S000005827",199.628061658331,-1.04621305379697,0.409418079653614,-2.55536603239924,0.0106076185204298,0.0223864252055757,"S000005827","S000005827","RAX1"
"S000005836",51.30087234156,-3.40607675466745,0.457712111069394,-7.4415263924512,9.9528493194348e-14,1.58955187671928e-12,"S000005836","S000005836",NA
"S000005837",612.48420059058,-3.30059982959771,0.514511329788479,-6.41501875372622,1.40805527215765e-10,1.45668398516515e-09,"S000005837","S000005837","NOP58"
"S000005842",78.4199215581716,-1.18154399495056,0.491279304044259,-2.40503515052226,0.0161709102899314,0.0323794648672022,"S000005842","S000005842","SFG1"
"S000005844",10782.8747898246,-1.64306786614024,0.560307506308122,-2.93243950445435,0.00336310436223864,0.00814531430612987,"S000005844","S000005844","FAA1"
"S000005854",616.256745403009,-1.99636317868301,0.28526445435493,-6.99828930035252,2.59106647643178e-12,3.41374425702314e-11,"S000005854","S000005854","SNC2"
"S000005855",3163.6566280756,1.61577689518751,0.258516314963582,6.25019312771472,4.09945450900007e-10,4.01346595100641e-09,"S000005855","S000005855","PDR10"
"S000005862",2001.74671029887,-1.27323511746465,0.207730876801615,-6.12925308489697,8.82925826520846e-10,8.24200992477831e-09,"S000005862","S000005862","ALA1"
"S000005865",1562.03915994913,-3.3348823033337,0.366274203813598,-9.10487899123486,8.6362657441399e-20,2.70827896070137e-18,"S000005865","S000005865",NA
"S000005867",192.186808515945,-2.08885876949219,0.31362134596502,-6.66044832842841,2.72993535261905e-11,3.14128150328008e-10,"S000005867","S000005867","RPA43"
"S000005869",229.821231504572,-1.24537109137718,0.286630843367849,-4.34486071611954,1.39364061502614e-05,6.0065212190926e-05,"S000005869","S000005869",NA
"S000005871",716.115536883517,1.56607221998899,0.364641062946309,4.2948323135499,1.74825427786352e-05,7.39721644906273e-05,"S000005871","S000005871","TYE7"
"S000005872",27.8587149201468,2.30192382719589,0.511807436689981,4.49763653706003,6.87130334644976e-06,3.15336261044009e-05,"S000005872","S000005872",NA
"S000005873",787.934467461328,1.65304613062909,0.255080756940262,6.48048151674654,9.14303548665858e-11,9.7261866899596e-10,"S000005873","S000005873","REV1"
"S000005875",1513.99263110856,2.49474495195753,0.379736276647242,6.56967770891965,5.04242827568382e-11,5.5707267243839e-10,"S000005875","S000005875","PUT4"
"S000005886",189.294687751184,-1.18313261233403,0.339211418678384,-3.48789146587012,0.000486845659385644,0.00146858602963976,"S000005886","S000005886","VTS1"
"S000005887",483.395751795633,-1.10698089042104,0.295213616889805,-3.74976229783549,0.000177002270645297,0.000594715776537574,"S000005887","S000005887","PDE2"
"S000005892",272.472616783638,1.04617085146182,0.360546609067141,2.90162443676456,0.00371233306457188,0.00889453138948957,"S000005892","S000005892",NA
"S000005896",3571.18471807115,-1.61341458269264,0.354902496002699,-4.54607843242772,5.46546764881895e-06,2.57090474324522e-05,"S000005896","S000005896","RPS12"
"S000005902",1930.92436698072,-2.22337050887319,0.273560935608122,-8.127514639218,4.38181721591358e-16,9.28976107641397e-15,"S000005902","S000005902","GDH1"
"S000005908",281.852564386962,1.20293352024209,0.249737748936623,4.81678691092616,1.45888338960702e-06,7.62494521599295e-06,"S000005908","S000005908","FRE3"
"S000005909",232.481903528022,1.66775078898829,0.363919074284609,4.58275178971246,4.58896631075636e-06,2.19635661025946e-05,"S000005909","S000005909","FIT2"
"S000005911",1070.53218861343,-1.57180348635402,0.404828599984263,-3.88263943410897,0.000103328729824982,0.000368025540385019,"S000005911","S000005911","FRE5"
"S000005914",70.2149908947383,2.52952516055771,0.442469961302797,5.71682912238798,1.08530154978279e-08,8.51968791557e-08,"S000005914","S000005914",NA
"S000005918",685.070259962737,1.92300959585314,0.418748568943326,4.59227741531316,4.38435022432152e-06,2.10848024765494e-05,"S000005918","S000005918","HSP33"
"S000005920",1819.16763700122,1.6562754462062,0.286522685286123,5.7806084169295,7.44309532950797e-09,6.06425940175474e-08,"S000005920","S000005920","ERR1"
"S000005935",1077.28123692332,-1.34296325531401,0.33658869651548,-3.9899238127037,6.60945219764911e-05,0.000245954954771602,"S000005935","S000005935","CIP1"
"S000005937",678.140464104787,1.40042877135132,0.528821580388015,2.64820654694875,0.00809200685872898,0.0177299757264946,"S000005937","S000005937","SWI1"
"S000005957",2784.72765531677,2.77152213126298,0.272478895034065,10.1715111950835,2.65753132062542e-24,1.29040290979723e-22,"S000005957","S000005957","PMA2"
"S000005967",30.4180054147838,1.04422904665008,0.396261625618291,2.63520103674122,0.00840874637740494,0.0182842404977808,"S000005967","S000005967","ELC1"
"S000005968",32.243202557147,1.33375100474917,0.423532473297151,3.14911155304356,0.00163767667994195,0.00425569757873565,"S000005968","S000005968","SGF11"
"S000005976",1197.63010747921,-1.70416812543842,0.381907009114225,-4.46225935834741,8.1099981580781e-06,3.68808904152479e-05,"S000005976","S000005976","LGE1"
"S000005979",1613.33855475231,1.00441654532565,0.37855060523151,2.65332172619664,0.00797038609795305,0.017488955792921,"S000005979","S000005979","PDR12"
"S000007388",152.677008073094,1.61538268619571,0.497925571599803,3.24422519816685,0.00117770594829958,0.00316843946144404,"S000007388","S000007388",NA
"S000005986",300.486401536412,1.10160726731796,0.209706064189791,5.25310162857743,1.49558956008154e-07,9.44905009575129e-07,"S000005986","S000005986","VPS28"
"S000005988",179.799430567415,-1.69385043523233,0.240897728863538,-7.03140890212314,2.04458339571859e-12,2.74023017223558e-11,"S000005988","S000005988",NA
"S000005989",48.0773793895845,-1.06202903425533,0.354678494639785,-2.99434290577426,0.00275036647135485,0.00682322065266896,"S000005989","S000005989",NA
"S000005991",990.123804685574,1.69390752579608,0.202879830272438,8.34931458450749,6.86602393103974e-17,1.56592159427236e-15,"S000005991","S000005991","MUK1"
"S000005993",154.217268075351,1.14981772482416,0.263743141417725,4.35961185054302,1.30293344256958e-05,5.64385773936074e-05,"S000005993","S000005993","UBP16"
"S000005995",559.303213922113,1.03541875621622,0.158186257177453,6.54556707195299,5.92700496201622e-11,6.52403964831804e-10,"S000005995","S000005995","YTA6"
"S000005996",743.472553229003,1.96640582317873,0.175435051235622,11.2087396978481,3.69415823549563e-29,2.52755985635446e-27,"S000005996","S000005996","GCR1"
"S000005997",378.979015677528,1.99946770958757,0.253771911289114,7.87899535228563,3.30023769929564e-15,6.49370300243761e-14,"S000005997","S000005997","GPI2"
"S000006000",1324.70116844578,-1.90310062735215,0.349959676632464,-5.43805688033832,5.38647800759597e-08,3.72781426249831e-07,"S000006000","S000006000","RPL21B"
"S000006002",517.382005722329,-1.48491829807163,0.437271097158269,-3.39587571125053,0.000684094154958237,0.00199367420474518,"S000006002","S000006002","RPS9A"
"S000006011",3370.45934314198,-1.44861022494002,0.381592199655318,-3.79622598745076,0.000146915582444129,0.000505762562547799,"S000006011","S000006011","RPS6A"
"S000006014",582.405470735607,-1.41459371712005,0.551538451545591,-2.56481431739871,0.0103231032357992,0.0218703042163079,"S000006014","S000006014","NOG1"
"S000006017",453.53118654708,1.11856694458599,0.221560361094384,5.04858783882141,4.45087817058626e-07,2.58675072056949e-06,"S000006017","S000006017","PNG1"
"S000006027",6298.48177508256,-1.83677823115418,0.347224502658765,-5.28988656356224,1.22392244404424e-07,7.89383251080781e-07,"S000006027","S000006027","SSE1"
"S000006030",531.733156929978,2.09998644154843,0.304782490964381,6.89011509455063,5.57472660860873e-12,7.09628518190975e-11,"S000006030","S000006030",NA
"S000006034",574.38864873659,2.26569662271876,0.481163599038822,4.70878642367116,2.49196011355456e-06,1.24206058308874e-05,"S000006034","S000006034",NA
"S000006035",112.921984156102,1.98074845229378,0.525592848215793,3.7685985625903,0.000164166661422602,0.000557499982191476,"S000006035","S000006035",NA
"S000006037",315.045837230186,1.41263856604908,0.38481132775779,3.67099007786546,0.00024161272070559,0.000783809370349332,"S000006037","S000006037","HOS3"
"S000006041",475.75125618583,1.16419198010403,0.190994248205506,6.09542952754986,1.09143987722245e-09,1.00176211901774e-08,"S000006041","S000006041","VPS30"
"S000006044",1172.19820424958,1.05314357553922,0.247279424980774,4.25892116022633,2.05415898498647e-05,8.56516014446229e-05,"S000006044","S000006044","RNY1"
"S000006045",64.0808844027997,-1.10027954140881,0.282226573669868,-3.89856818619729,9.6763154413243e-05,0.000346585932612812,"S000006045","S000006045","SPC29"
"S000006046",818.690145855903,1.13323320636198,0.256424835213158,4.41935823189652,9.89944355872008e-06,4.3988597540261e-05,"S000006046","S000006046","KAP120"
"S000006047",532.25202181099,-1.01083034377922,0.430236121100685,-2.3494780986617,0.0187997500625944,0.0370033655203926,"S000006047","S000006047","NAN1"
"S000006051",45.6027805819715,1.37238464286544,0.518512111614079,2.64677451524389,0.0081263518293494,0.0177922779507319,"S000006051","S000006051","SPO19"
"S000006052",5955.48192885918,-1.69855011721059,0.464713376673707,-3.65504890211758,0.000257132960169844,0.000827028607469355,"S000006052","S000006052","RPL5"
"S000006055",926.596011249432,1.57325175795266,0.230305814093205,6.83114216697963,8.42411959956544e-12,1.04151178868549e-10,"S000006055","S000006055","ODC1"
"S000006057",54.4614102475794,-2.9407807010169,0.394566337644365,-7.45319714442422,9.11049877852448e-14,1.46278168387989e-12,"S000006057","S000006057",NA
"S000006058",982.882212740088,-1.72255414094153,0.248686428799615,-6.92661095040905,4.31041850461174e-12,5.51019741322024e-11,"S000006058","S000006058","GIP3"
"S000006063",1058.65989664749,-1.49532362640809,0.440996195663369,-3.39078577346626,0.000696925539927394,0.00202140141228459,"S000006063","S000006063",NA
"S000006064",1730.16815250127,-1.37434004405428,0.449000245336996,-3.06088929422027,0.00220680672760146,0.00559696011242139,"S000006064","S000006064","RPL33A"
"S000006076",105.800997011157,-1.72352399469716,0.349011423516617,-4.93830252698047,7.88055233454617e-07,4.34115330341286e-06,"S000006076","S000006076","KIP2"
"S000006077",479.494824940729,2.12778892811983,0.208559347891052,10.2023186667776,1.93594574079319e-24,9.47669049212666e-23,"S000006077","S000006077","PRM4"
"S000006079",296.481607240119,1.42526420611429,0.194874832340446,7.31374179516598,2.59804154115569e-13,3.83956095085023e-12,"S000006079","S000006079","AIM44"
"S000006082",289.039131360987,1.24342700349504,0.242806709591318,5.12105701521974,3.03827758568748e-07,1.83117811245489e-06,"S000006082","S000006082","BEM4"
"S000006084",941.665596899463,-3.13093319260783,0.394748292617601,-7.93146734554927,2.16571548589713e-15,4.31780560946577e-14,"S000006084","S000006084","SVS1"
"S000006088",1045.79011957362,1.46944820006295,0.192655277716395,7.62734464106457,2.39638328739244e-14,4.19436737598543e-13,"S000006088","S000006088","REV3"
"S000006090",799.696389077716,-1.16268584596635,0.227111542482149,-5.11944850208456,3.06430428985639e-07,1.84133494303646e-06,"S000006090","S000006090","MEX67"
"S000006095",419.987361548039,1.31762965802121,0.191698868418209,6.87343472026491,6.26741970529478e-12,7.84535011342617e-11,"S000006095","S000006095","NIP100"
"S000006098",1322.36820019796,1.69738406518505,0.193973232537083,8.75060977735961,2.12202959939119e-18,5.62851991979486e-17,"S000006098","S000006098","CUP9"
"S000006102",1219.22597700631,1.180417810551,0.15304314927403,7.71297386488965,1.22919266899311e-14,2.23594231420167e-13,"S000006102","S000006102","CTI6"
"S000006103",134.155192153449,1.31585843807349,0.241307172274708,5.4530432132183,4.95150303098488e-08,3.45858465772158e-07,"S000006103","S000006103",NA
"S000006108",1325.32571330076,-4.05567596516569,0.430692535738994,-9.41663861948954,4.65759928034052e-21,1.63043053877502e-19,"S000006108","S000006108","MF(ALPHA)1"
"S000006110",61.3925253854133,1.26828867818788,0.329523073098949,3.84886152663137,0.000118668062096952,0.000417348365587471,"S000006110","S000006110","GUP2"
"S000006113",47.0113011951452,1.48986920096434,0.589336549449403,2.52804480284869,0.011469971403005,0.0240044135618676,"S000006113","S000006113","PRM3"
"S000006114",463.040095879268,1.3019176058437,0.380980559140266,3.4172809467802,0.00063249971281545,0.0018540802195043,"S000006114","S000006114","RSA1"
"S000006115",222.240834127224,1.16036277899527,0.207085226226131,5.60331028988128,2.102962655614e-08,1.57096006817021e-07,"S000006115","S000006115","DDC1"
"S000006118",556.491652047871,-1.01280438355742,0.302738155322628,-3.34547980078056,0.000821403418914428,0.00232101970217539,"S000006118","S000006118",NA
"S000006122",1306.41134964271,1.63757217938858,0.449678068568497,3.64165453877174,0.000270891432223706,0.000864830583774142,"S000006122","S000006122","YIG1"
"S000006129",223.965981652514,-1.01073347151187,0.242787081626632,-4.16304469224693,3.1403187170018e-05,0.000126305003307066,"S000006129","S000006129","RKM1"
"S000006132",159.953908736188,-1.86308315769868,0.441641376621888,-4.21854304492343,2.4588603311903e-05,0.000100712911932631,"S000006132","S000006132","NIP7"
"S000006133",313.89666567898,-1.73359082555208,0.346778276554486,-4.99913328705783,5.75885853653313e-07,3.28042452681797e-06,"S000006133","S000006133","PUS1"
"S000006141",1983.45293592938,-1.16625266308738,0.338907989531843,-3.44120734568224,0.000579124564199048,0.00171684342739659,"S000006141","S000006141","RPL1A"
"S000006142",1747.93117081823,-1.42850415374807,0.161667130666743,-8.83608280704104,9.91333105075332e-19,2.73798927782503e-17,"S000006142","S000006142","FLC1"
"S000028722",101.429056707567,-2.05165864742697,0.289262455833337,-7.0927236011889,1.31497929327815e-12,1.81593814789628e-11,"S000028722","S000028722",NA
"S000006143",9194.20638333996,-1.75694930501555,0.232251375618925,-7.56486070462862,3.8828045655303e-14,6.67953322544512e-13,"S000006143","S000006143","FMP40"
"S000006144",65644.6764867313,-2.39081155007683,0.269322577089825,-8.8771300791446,6.86075506883938e-19,1.91243547543898e-17,"S000006144","S000006144","GRE1"
"S000006148",123.058420535645,-2.90441035860256,0.380195339990684,-7.63925817363709,2.18476833711342e-14,3.83512832587752e-13,"S000006148","S000006148","ALG5"
"S000006152",5250.69920313023,-1.53115196149503,0.153424346382868,-9.97984998856743,1.86748904429903e-23,8.32900113757368e-22,"S000006152","S000006152","FAS2"
"S000006157",342.039408346888,1.28792510119525,0.182131372349228,7.07140721877238,1.5337033441991e-12,2.10831685740246e-11,"S000006157","S000006157","ENV7"
"S000006162",96.9520675863623,-1.75478688778659,0.250735312573387,-6.9985630255929,2.58601027707541e-12,3.41374425702314e-11,"S000006162","S000006162","CIN2"
"S000006165",200.49147552914,-1.6050053572173,0.260749850709815,-6.15534525848487,7.49141108026022e-10,7.05880846858322e-09,"S000006165","S000006165","HUT1"
"S000006166",138.745759736212,-2.75409758074567,0.295656394817948,-9.31519706327179,1.21726362188429e-20,4.02700234470622e-19,"S000006166","S000006166",NA
"S000006167",325.232749220726,-1.54607959880498,0.204585092010126,-7.55714692411923,4.1200649644828e-14,7.06749605445896e-13,"S000006167","S000006167","RBD2"
"S000006438",1480.90314475267,-1.15834978034143,0.325430779785885,-3.55943522337855,0.000371653185812083,0.00115050068471699,"S000006438","S000006438","RPL36B"
"S000006171",428.750302951609,1.08177038228731,0.406582241487904,2.66064346127989,0.00779914944371583,0.0171632597955457,"S000006171","S000006171","ATG41"
"S000028589",1086.54639584696,-1.28847825397288,0.316489483855933,-4.07115660929637,4.67802843745849e-05,0.000180322722291534,"S000028589","S000028589",NA
"S000006172",30.6589668383247,-1.72716793954637,0.402200933730933,-4.29429122285882,1.75252308981268e-05,7.4100712947768e-05,"S000006172","S000006172",NA
"S000006173",153.237692338394,-1.15542677663196,0.204515947251069,-5.64956812494203,1.6085143160612e-08,1.22593224012715e-07,"S000006173","S000006173","YAH1"
"S000006176",118.41491247657,-1.57178268489039,0.260908844887227,-6.02425987348097,1.69885217243915e-09,1.52214120985954e-08,"S000006176","S000006176","BBP1"
"S000006177",655.103152689547,-3.98096790795818,0.31378612561363,-12.6868831442854,6.99130559480261e-37,7.25769844591492e-35,"S000006177","S000006177","CLN2"
"S000006184",314.326781160884,-3.05050417556135,0.255074430029337,-11.9592707713215,5.80696246049638e-33,4.92446774290827e-31,"S000006184","S000006184","KEL3"
"S000006186",3886.760717724,1.54034108273782,0.182391225365601,8.44525869953571,3.03372866540676e-17,7.13518761500552e-16,"S000006186","S000006186","DIP5"
"S000006187",306.148188890395,-1.39372887685512,0.363060118321303,-3.83883772004308,0.000123618096638733,0.000432735209221982,"S000006187","S000006187","DIM1"
"S000006188",116.929939503066,-2.15269047796811,0.320380135064914,-6.71917588627005,1.82755204763711e-11,2.15336416415323e-10,"S000006188","S000006188","ACM1"
"S000006194",496.534188975261,-2.60313013493004,0.351108295146361,-7.41403769411062,1.22511074725136e-13,1.90604439514224e-12,"S000006194","S000006194","SAM4"
"S000006201",707.494945742194,1.75062637789254,0.328667215621957,5.32644052915264,1.00156051907741e-07,6.57622233954753e-07,"S000006201","S000006201","HSP32"
"S000006202",1819.16763700122,1.6562754462062,0.286522685286123,5.7806084169295,7.44309532950797e-09,6.06425940175474e-08,"S000006202","S000006202","ERR2"
"S000006206",4564.17802470445,2.80120700400392,0.41299295855393,6.78269918647567,1.17951070485451e-11,1.43471393008667e-10,"S000006206","S000006206","PDH1"
"S000006207",723.033420749358,1.76813641168739,0.139430885543154,12.681095761528,7.52721554731574e-37,7.68158725599798e-35,"S000006207","S000006207",NA
"S000006211",229.728381859156,2.26281201036379,0.173064422857976,13.0749692686449,4.57748902073456e-39,5.51221227876856e-37,"S000006211","S000006211","REC8"
"S000006213",88.4897947866538,1.01056113623843,0.31617699333749,3.19618807671989,0.00139256306252459,0.00369203971794829,"S000006213","S000006213","SUT2"
"S000006214",1086.85252942271,-1.39816132843176,0.46738001284394,-2.99148720529179,0.00277622171763726,0.00687886047814565,"S000006214","S000006214","RPA135"
"S000006219",90.09211475436,1.73692731509829,0.395156111013556,4.39554714374316,1.10494078837393e-05,4.86675090475453e-05,"S000006219","S000006219",NA
"S000006236",515.525544549119,1.17988613911725,0.203294248374005,5.80383433645689,6.48153182404987e-09,5.36799217504873e-08,"S000006236","S000006236","SRO7"
"S000006237",829.010145137128,-2.12740152871151,0.394990903522386,-5.3859506883326,7.20627195957123e-08,4.89165315316555e-07,"S000006237","S000006237","HTS1"
"S000006238",281.942521016058,-1.29880282538245,0.260753009150266,-4.98096965252654,6.32664617878626e-07,3.56673564068091e-06,"S000006238","S000006238","ARP7"
"S000028425",33.1561739010521,2.01801194843396,0.388486570498459,5.19454751252969,2.05218359624511e-07,1.27252290762016e-06,"S000028425","S000028425","SPO24"
"S000006245",943.93644375939,-1.20299747836288,0.302103895625782,-3.98206542775945,6.83189655071381e-05,0.000252981851979384,"S000006245","S000006245","TIF5"
"S000006247",1817.65662464464,-1.46183779584449,0.355963121977161,-4.10671135741496,4.01332229671114e-05,0.000157524208269216,"S000006247","S000006247","RPL43A"
"S000006248",2092.89647402265,-1.402700080018,0.36391974863732,-3.85442143568835,0.000116003625976864,0.000409172719394666,"S000006248","S000006248","OPI11"
"S000006250",45.6832482819224,-1.15785564500743,0.502660149943969,-2.3034562121873,0.0212531881356948,0.0411332194680227,"S000006250","S000006250","MCM16"
"S000006256",137.913386208957,-1.1594980752352,0.210658179053073,-5.50416831877713,3.70915052086964e-08,2.65235098410405e-07,"S000006256","S000006256","NHP6A"
"S000006264",92.9818445847388,-3.23707549386663,0.312852752630021,-10.3469618427644,4.3197669087351e-25,2.24218246185294e-23,"S000006264","S000006264","ARO7"
"S000006266",485.748439142653,-1.13401479584238,0.221910963814293,-5.11022428252524,3.21776589805217e-07,1.92204052303295e-06,"S000006266","S000006266","FCY1"
"S000006272",130.528370756118,1.29210166327983,0.282172635543652,4.579117534875,4.66941769719364e-06,2.23131459958753e-05,"S000006272","S000006272","HOS1"
"S000006278",1700.84746117032,-4.39878073385967,0.381385614265213,-11.5336828903064,8.92425888073e-31,6.80164085074371e-29,"S000006278","S000006278","TKL1"
"S000006282",265.112687770085,-1.40889304257277,0.164925345816998,-8.54261081335604,1.31222762565791e-17,3.22486634044337e-16,"S000006282","S000006282",NA
"S000006287",593.290271893574,2.26374095092569,0.174681988656014,12.9592121565749,2.08376655050532e-38,2.41276123088318e-36,"S000006287","S000006287","MDM36"
"S000006290",1368.66002868383,-1.15386205059118,0.166563226727808,-6.92747176708323,4.28428007835875e-12,5.48843624506341e-11,"S000006290","S000006290","SUA7"
"S000006295",859.027524889283,1.10272020703327,0.31135519128282,3.54167920724216,0.000397588681325935,0.00122449179041609,"S000006295","S000006295","NVJ2"
"S000006306",1982.42317604325,-1.6496408905053,0.455855337176494,-3.61878156505295,0.000295993340159625,0.000938246641373632,"S000006306","S000006306","RPL11A"
"S000006314",571.249905642713,-1.64420170429118,0.445147742349983,-3.69360899285091,0.000221093681345655,0.000723481008359886,"S000006314","S000006314","RPC40"
"S000006317",487.898340913896,-2.61645017438701,0.275017388424799,-9.51376270923486,1.83888080192211e-21,6.55142089252841e-20,"S000006317","S000006317","PIS1"
"S000006318",397.661666631535,-1.60142952248802,0.192532720905309,-8.31770057036501,8.96862422003035e-17,1.99262311545398e-15,"S000006318","S000006318",NA
"S000006325",225.116954662998,1.02512346902734,0.191410126825,5.35563862806788,8.52547514553646e-08,5.70785959519517e-07,"S000006325","S000006325","THI22"
"S000006327",64.8863028753925,-1.29098188977043,0.350158819546955,-3.68684670413483,0.000227050035535897,0.000740557022731114,"S000006327","S000006327",NA
"S000006328",372.090528596447,-1.13565079852467,0.302454704750307,-3.75477974284517,0.000173493977685573,0.000584559171597557,"S000006328","S000006328","CTR1"
"S000006331",3319.19501400437,1.63869806581749,0.147901878580379,11.0796298299005,1.57522464194694e-28,1.03091604012636e-26,"S000006331","S000006331",NA
"S000006336",3639.33542314519,-1.06888586356743,0.210854724813534,-5.06930003353104,3.99281385018848e-07,2.33631994091203e-06,"S000006336","S000006336","RPS23B"
"S000007359",361.241999231455,1.63271691933164,0.201097625475843,8.11902634587683,4.69938504823748e-16,9.89335572567759e-15,"S000007359","S000007359",NA
"S000113589",37.405648437882,-3.00319875054836,0.844464893946877,-3.55633345101174,0.000376066702474761,0.00116296744509529,"S000113589","S000113589",NA
"S000006352",1419.51431150194,1.05694408775498,0.136264507666588,7.7565618946139,8.72627307100991e-15,1.63678785546887e-13,"S000006352","S000006352",NA
"S000006356",443.464391451477,-1.6685836737253,0.418022001207457,-3.99161687400567,6.5624332698427e-05,0.000244507492065117,"S000006356","S000006356","URN1"
"S000006357",81.08696598197,-3.06665681010367,0.510374570345249,-6.00863951358154,1.87086585415563e-09,1.66634368459631e-08,"S000006357","S000006357","MAY24"
"S000006358",1769.60378655331,-3.25520073453325,0.523621874032463,-6.21670120360832,5.07715239134501e-10,4.89112552772613e-09,"S000006358","S000006358","PIN3"
"S000006359",561.092029363424,2.23671128332908,0.335830459012832,6.66023948483963,2.73381748500043e-11,3.14128150328008e-10,"S000006359","S000006359","NCA2"
"S000006363",1511.87471249067,-1.08955544900417,0.368710442895186,-2.95504363925461,0.0031262482731432,0.0076268804102898,"S000006363","S000006363","KRE6"
"S000006368",591.067944464757,1.60031845261797,0.174014695920518,9.19645575997169,3.69950821050358e-20,1.19116250991669e-18,"S000006368","S000006368","MMS1"
"S000006376",721.522814138509,1.17629048491882,0.197689175138037,5.95020179581141,2.67812091655844e-09,2.33695159979687e-08,"S000006376","S000006376",NA
"S000006379",227.922658178713,-2.28557339566228,0.288410708881991,-7.9247175131679,2.28665558188823e-15,4.5438789632175e-14,"S000006379","S000006379","DPB2"
"S000006381",40.9244609545256,1.52207604572541,0.301497192158389,5.04839210882536,4.45543970786334e-07,2.58690477155691e-06,"S000006381","S000006381",NA
"S000006383",450.389578259017,1.15909107727108,0.173667405354753,6.67420046325553,2.48583636509081e-11,2.87278709293891e-10,"S000006383","S000006383","HDA3"
"S000006390",142.352908298945,-1.04157248084545,0.405683120661019,-2.56745333438649,0.0102448577893384,0.0217310439578173,"S000006390","S000006390","PZF1"
"S000006396",886.458044644772,3.43203972891682,0.367026485981496,9.35093204442432,8.68787178021558e-21,2.93874584206056e-19,"S000006396","S000006396","AQY1"
"S000006397",122.750651909981,1.1552132477773,0.189670477646023,6.09063288137674,1.12465188352238e-09,1.03067412339243e-08,"S000006397","S000006397","HPA2"
"S000006399",15.2387697434675,1.05514777833483,0.451325638654557,2.33788574803843,0.0193931757855502,0.0380718328675571,"S000006399","S000006399",NA
"S000006405",121.683902876998,2.0385840931309,0.292929852767279,6.95929101753408,3.4198941188746e-12,4.44733963061424e-11,"S000006405","S000006405","ARR3"
