"","baseMean","log2FoldChange","lfcSE","stat","pvalue","padj","sgd","systematic","genename"
"S000029717",3167.77256776416,-4.43273391575392,0.53083495284304,-8.35049367418844,6.79782339611211e-17,7.77290318405043e-15,"S000029717","S000029717","ETS1-1"
"S000029707",3152.33400645373,-4.42392579051993,0.529279225409027,-8.35839681238408,6.35762896302536e-17,7.32819280391302e-15,"S000029707","S000029707","ETS1-2"
"S000119380",35.759204341359,2.94221132326088,0.568648121009137,5.17404562603593,2.2907884599103e-07,3.43931086738423e-06,"S000119380","S000119380","HRA1"
"S000132612",276.71682008677,1.31842843719686,0.227819296737957,5.78716753178876,7.1583178012808e-09,1.69735584023608e-07,"S000132612","S000132612","ICR1"
"S000178119",3025.55250290627,-2.14846607067011,0.334710012595437,-6.41888796218042,1.37273385874499e-10,5.13625262906861e-09,"S000178119","S000178119","IRT1"
"S000029715",136.064072812925,-3.02590976098463,0.548257534930062,-5.51913939745603,3.40663884944972e-08,6.579876902052e-07,"S000029715","S000029715","ITS1-1"
"S000029709",136.064072812925,-3.02590976098463,0.548257534930062,-5.51913939745603,3.40663884944972e-08,6.579876902052e-07,"S000029709","S000029709","ITS1-2"
"S000029716",46.674871461895,-3.50471189201613,0.769541475906761,-4.55428589847802,5.25638285659097e-06,5.12130062503441e-05,"S000029716","S000029716","ITS2-1"
"S000029712",46.674871461895,-3.50471189201613,0.769541475906761,-4.55428589847802,5.25638285659097e-06,5.12130062503441e-05,"S000029712","S000029712","ITS2-2"
"S000006478",227.474775593794,-1.15991936674328,0.309361740770037,-3.74939500875612,0.000177261689299276,0.00103963944405193,"S000006478","S000006478","LSR1"
"S000007436",24.0937036056998,-1.3412451195531,0.549309411030264,-2.44169332004983,0.0146185591462322,0.0431166045970073,"S000007436","S000007436","NME1"
"S000132614",57.8102529712512,1.74200703094581,0.526533658233359,3.30844382634652,0.000938160031980947,0.00427859647003946,"S000132614","S000132614","PWR1"
"S000007287",23.3524213335482,-2.20141481352693,0.758248147845663,-2.90329072320401,0.00369263673613057,0.0136874628810981,"S000007287","S000007287","15S_RRNA"
"S000007268",16.3680475496666,-3.08213181216861,0.739523888675522,-4.16772447701273,3.07655484362143e-05,0.000228550927130359,"S000007268","S000007268","ATP6"
"S000007270",26.2923291574316,-3.10224504999526,0.548515001354463,-5.6557159646223,1.55197943334496e-08,3.3058780984798e-07,"S000007270","S000007270","COB"
"S000007273",73.645069656284,-5.59275858531816,0.626229743273352,-8.9308415088756,4.22780425447756e-19,6.95517049972065e-17,"S000007273","S000007273","BI4"
"S000007288",78.3016420083531,-1.3443819203463,0.549552331981,-2.44632192806851,0.0144322070431595,0.042637357434452,"S000007288","S000007288","21S_RRNA"
"S000144908",2168.40399085836,-1.34053472443462,0.200561685164336,-6.68390237814472,2.32661825296994e-11,1.04245625986518e-09,"S000144908","S000144908","RME2"
"S000006490",17.4615120640624,-4.2938234413934,1.18262896801913,-3.63074434798045,0.000282605009659387,0.00155536134118661,"S000006490","S000006490","RPR1"
"S000028470",39727.6250699675,-2.11561946890612,0.324939453065903,-6.51081131867678,7.47459838157331e-11,2.96762318521743e-09,"S000028470","S000028470","RUF5-1"
"S000028474",36404.1628959055,-1.98275692139382,0.382459699510317,-5.18422443967939,2.16915593633674e-07,3.2791504124949e-06,"S000028474","S000028474","RUF5-2"
"S000007294",43.3939944934048,-2.32816963129162,0.462788921610646,-5.03073760536204,4.88596455681259e-07,6.57580898404165e-06,"S000007294","S000007294","SNR17A"
"S000007295",89.175518752741,-1.78628975900829,0.362848870818864,-4.92295802099938,8.52457442318142e-07,1.06226453557569e-05,"S000007295","S000007295","SNR19"
"S000028467",14.8450176936598,-2.23753947043015,0.613023167997894,-3.65000800497941,0.000262232136437145,0.00146010281499654,"S000028467","S000028467","SNR82"
"S000029010",673.336639969123,-2.46272662722159,0.339377887012062,-7.25659131448966,3.96966778155957e-13,2.65132998139397e-11,"S000029010","S000029010","SRG1"
"S000002136",2758.65528425381,1.23980358342411,0.200216888252378,6.1923027285356,5.92915340521906e-10,1.90012084351561e-08,"S000002136","S000002136",NA
"S000000004",22322.3563124837,1.06675591811651,0.185303064165476,5.7568174758508,8.57145014445207e-09,1.99530516147644e-07,"S000000004","S000000004","SSA1"
"S000000008",218.213270283291,1.9885206721937,0.247673581944628,8.02879603299098,9.843384890119e-16,9.69143229987688e-14,"S000000008","S000000008","MDM10"
"S000000009",268.142930157056,1.0929908390499,0.348788933865626,3.13367407313151,0.00172632489476068,0.00725503137924562,"S000000009","S000000009","SWC3"
"S000000013",261.580418491311,1.13315020774707,0.239060843180528,4.74000757577589,2.13710228260601e-06,2.34605245201902e-05,"S000000013","S000000013","NTG1"
"S000000024",620.732162974405,1.17459727344683,0.284419364189982,4.12980767604219,3.63066824153732e-05,0.000263329145146388,"S000000024","S000000024","DRS2"
"S000000031",104.968612771411,1.06048533239306,0.294289008038718,3.60355060306411,0.000313899600486812,0.00169752818379039,"S000000031","S000000031","POP5"
"S000000038",381.988597851087,2.58200805709388,0.384208960950462,6.72032232331717,1.81323011682435e-11,8.36016066444206e-10,"S000000038","S000000038","CLN3"
"S000000041",533.56876942481,1.20779866334198,0.200425596295513,6.02616973912436,1.67890861781725e-09,4.67770777279961e-08,"S000000041","S000000041","PTA1"
"S000000045",247.150859397208,1.07939637388756,0.233213417168411,4.62836309760038,3.68567387410332e-06,3.77629653638414e-05,"S000000045","S000000045","SPC72"
"S000000056",2480.23599896234,-1.55864179924389,0.325048030545018,-4.79511226888673,1.62583749846834e-06,1.85249580420748e-05,"S000000056","S000000056","BDH1"
"S000000058",9307.39733513693,-1.17927264736028,0.309309937523956,-3.81259217469839,0.000137516918775059,0.000833665094976567,"S000000058","S000000058","GDH3"
"S000000068",366.614236388274,1.68860872604525,0.235423256994747,7.17265043225075,7.35595131769371e-13,4.43622836218549e-11,"S000000068","S000000068",NA
"S000000069",667.762471492932,1.22843270063524,0.179858006614229,6.83001398581085,8.49063546562309e-12,4.28822094382158e-10,"S000000069","S000000069","BUD14"
"S000000070",744.464359868919,2.03201395175441,0.256606655691498,7.91878895844919,2.39835022800035e-15,2.25523814531638e-13,"S000000070","S000000070","ADE1"
"S000000071",67.1075730299033,2.8421487882666,0.30224999703172,9.40330460274024,5.28757396571323e-21,1.199607852253e-18,"S000000071","S000000071","KIN3"
"S000000075",603.237068706373,1.24343844327937,0.276025548125066,4.50479476166449,6.64371211939579e-06,6.24316747682604e-05,"S000000075","S000000075","UIP3"
"S000000111",6780.69595659764,2.98946125140229,0.535985535764923,5.57750359277126,2.4399474693491e-08,4.90619789802452e-07,"S000000111","S000000111","ACH1"
"S000000113",1877.67493941437,1.09497060146826,0.209795931833628,5.21921751245681,1.79680643267449e-07,2.80763768807821e-06,"S000000113","S000000113","PEP1"
"S000007591",156.732891717721,1.59814173312548,0.402019804882311,3.9752811023659,7.02961754947419e-05,0.000468630240833183,"S000007591","S000007591",NA
"S000000126",3313.03729385913,1.27727255231597,0.211608708645863,6.03601127992109,1.5797021557365e-09,4.44462262046097e-08,"S000000126","S000000126","PET9"
"S000000133",457.757438148757,1.44081132657366,0.325970427660674,4.420067602186,9.86700295495953e-06,8.67145693903331e-05,"S000000133","S000000133","APL3"
"S000000139",720.524447887066,2.96841125248248,0.565557170861501,5.24864930624212,1.5321843358455e-07,2.44960969935568e-06,"S000000139","S000000139","ECM13"
"S000000141",4832.67130707997,1.60071032089082,0.176694665243924,9.05918873487814,1.31424362419876e-19,2.43954339229518e-17,"S000000141","S000000141","COR1"
"S000000145",1257.76394894312,-1.90085063154054,0.219777315289755,-8.64898467357497,5.19596393784591e-18,7.21028277316811e-16,"S000000145","S000000145","MOH1"
"S000000155",113.513071286835,1.48243401258692,0.37661845671853,3.9361693144392,8.27925710900387e-05,0.000541828854665716,"S000000155","S000000155",NA
"S000000159",178.925226821718,1.3431660729511,0.251539696936946,5.33977773411961,9.3060603007252e-08,1.5630025837634e-06,"S000000159","S000000159","KIP1"
"S000000160",4705.09225254163,1.24633056836225,0.144802268343896,8.6071204727421,7.49186990861933e-18,1.01020091135751e-15,"S000000160","S000000160","PRX1"
"S000000167",52.00283316798,-1.39942579848105,0.356581120748581,-3.92456503457949,8.6886585096388e-05,0.000563461869683609,"S000000167","S000000167",NA
"S000000170",84.2996608622941,1.24362891931308,0.261850771177891,4.74938039601269,2.04040827093221e-06,2.25898957524664e-05,"S000000170","S000000170","AAR2"
"S000000171",30395.2312477929,-2.2055559788638,0.240933830655649,-9.1541979507895,5.47630867910029e-20,1.1024349288786e-17,"S000000171","S000000171","SSA3"
"S000000174",1969.99199732511,-2.54614808658024,0.221376965394234,-11.5014138080987,1.29772133688871e-30,7.72847127839596e-28,"S000000174","S000000174","ATG8"
"S000000176",249.839748734487,1.53169142833249,0.21352183902278,7.17346495020153,7.31229800734071e-13,4.43622836218549e-11,"S000000176","S000000176","PET112"
"S000000182",868.936518246352,-1.99112803795567,0.214585442066955,-9.27895209841119,1.71153511391759e-20,3.70651081564001e-18,"S000000182","S000000182",NA
"S000000190",48.3748850906309,1.33665776144078,0.343612598342134,3.89001383502788,0.000100238507013245,0.000636194041181309,"S000000190","S000000190",NA
"S000000191",389.772070101572,1.02178115403337,0.224761573681806,4.5460669156904,5.46576655573986e-06,5.30001366222455e-05,"S000000191","S000000191","MRX3"
"S000000193",68.5122937749176,1.586096924611,0.476970134708838,3.32535898831321,0.000883047558697789,0.00407667918490552,"S000000193","S000000193","BRN1"
"S000000194",282.176827647658,1.23732189392237,0.236589557998895,5.22982461435659,1.69670928779384e-07,2.66495229125685e-06,"S000000194","S000000194","BNA4"
"S000000195",7036.51740862214,1.81244758491782,0.281997726726323,6.42717090651158,1.30000635780013e-10,4.902636113994e-09,"S000000195","S000000195","ATP1"
"S000000196",147.077787545211,2.47858820490999,0.420376977129549,5.8961083497828,3.72174639606112e-09,9.4150303077702e-08,"S000000196","S000000196",NA
"S000002149",310.632748096095,1.56460681370519,0.265714356915668,5.88830363502626,3.90179779141633e-09,9.83569591405883e-08,"S000002149","S000002149",NA
"S000002155",338.483510488101,2.54178289390276,0.288493841818628,8.81052738554035,1.24558454239177e-18,1.91431611445221e-16,"S000002155","S000002155",NA
"S000000218",325.130479187778,1.31627176288383,0.2648055488228,4.97071065442303,6.67079392276602e-07,8.62076469603027e-06,"S000000218","S000000218","GRX7"
"S000000237",736.228311221799,1.44281186500319,0.216454146878049,6.6656697772396,2.63461046662363e-11,1.16583552320283e-09,"S000000237","S000000237","EDS1"
"S000000242",276.412079865418,2.67679379323561,0.25091850907255,10.6679806249831,1.43715751333597e-26,4.89078389002643e-24,"S000000242","S000000242","CHS2"
"S000000243",3607.53696662477,1.24005335510225,0.256356536019404,4.83722152888037,1.31666658111115e-06,1.54762462531428e-05,"S000000243","S000000243","ATP3"
"S000000250",3281.37820418813,-2.02599500925437,0.406491813612794,-4.98409793606385,6.22515448391579e-07,8.09609945756218e-06,"S000000250","S000000250","ZTA1"
"S000000251",370.185058884605,1.28986255319043,0.259400496488553,4.97247526759206,6.61034065764853e-07,8.55037095201542e-06,"S000000251","S000000251","FMP23"
"S000000254",917.386200249053,1.683435982825,0.226223079418576,7.44148646173353,9.95585884249933e-14,7.37300986714212e-12,"S000000254","S000000254","REG2"
"S000000255",72.9902188218211,1.4827965476255,0.314004827590914,4.72220939723031,2.33296300194951e-06,2.52665320744159e-05,"S000000255","S000000255",NA
"S000000258",21188.255840435,2.97166098725956,0.795119220629886,3.73737788014411,0.0001859493543153,0.00108480576376677,"S000000258","S000000258","YRO2"
"S000028736",19.0323943075171,2.82576012289016,0.732523156723543,3.85757105008028,0.000114519395892224,0.000712903190543361,"S000028736","S000028736",NA
"S000000269",432.218077413188,-1.40606436323259,0.253696823837346,-5.54230179930855,2.98521213156179e-08,5.86477902413878e-07,"S000000269","S000000269","ECM2"
"S000000270",161.018338358451,2.88540138882459,0.445386363544202,6.47842328593931,9.2686034278407e-11,3.5998953476665e-09,"S000000270","S000000270","NRG2"
"S000000271",6300.84460960389,-4.85540694548676,1.13732076671772,-4.26916230457951,1.96208461537189e-05,0.000155800418930613,"S000000271","S000000271","TIP1"
"S000000272",9695.43227127513,1.12766371242889,0.215009517333466,5.24471533360056,1.5652380350259e-07,2.48577191495836e-06,"S000000272","S000000272","BAP2"
"S000000280",222.424394960361,-1.59313482450508,0.175605660713367,-9.07222932354945,1.16606370454587e-19,2.22220647054321e-17,"S000000280","S000000280","ECM8"
"S000000282",2938.11788530029,1.00776037818689,0.375132762807264,2.68640992763584,0.00722244184364338,0.0239513599237111,"S000000282","S000000282","ECM33"
"S000000284",731.740135931812,1.11190003005989,0.343526955622942,3.23671843463813,0.00120912648942672,0.0053191889545633,"S000000284","S000000284","SEC18"
"S000007522",1603.69099641907,-1.75488899961958,0.233488077434539,-7.51596834794093,5.64912207583286e-14,4.34101622741285e-12,"S000007522","S000007522",NA
"S000000292",501.85720144241,-1.24695462944492,0.294853603034023,-4.22906356447349,2.34666042140489e-05,0.000181990327743571,"S000000292","S000000292","POL30"
"S000000293",371.322132900237,-1.30034864752067,0.291897937261036,-4.45480588085763,8.39691345648943e-06,7.56728146491825e-05,"S000000293","S000000293",NA
"S000000297",2663.0428211795,2.89219018616251,0.263525792715088,10.974979550823,5.04172630881516e-28,2.058896975197e-25,"S000000297","S000000297","PHO5"
"S000000298",673.006684207237,1.05180361606791,0.252070267020614,4.17266037958336,3.01063537305482e-05,0.000224705020298029,"S000000298","S000000298","PBY1"
"S000000301",498.593642208678,1.62002865577126,0.263392357473769,6.15062893741173,7.71762875248698e-10,2.37221651095261e-08,"S000000301","S000000301","VPS15"
"S000000305",2484.79523894456,-1.39557836307111,0.319709572737188,-4.36514412478452,1.27038969582065e-05,0.000108081428109313,"S000000305","S000000305","FES1"
"S000000306",464.34071580778,1.14221538019202,0.263706871183656,4.33138270180506,1.48175878815204e-05,0.000122704393737295,"S000000306","S000000306","EXO84"
"S000000314",595.335647115437,1.19372761058563,0.307291595398571,3.88467380319109,0.00010246736942016,0.000649187105993945,"S000000314","S000000314","ALG1"
"S000000317",27.9197997776179,1.9663387788663,0.544554520105034,3.61091260152801,0.000305121477842097,0.0016594753739715,"S000000317","S000000317",NA
"S000000318",1166.44625288417,-1.73862937738014,0.267156775644316,-6.50789924076226,7.62090039878448e-11,3.00899252485709e-09,"S000000318","S000000318","RAD16"
"S000000321",7179.50222174669,1.10710850756135,0.307172718811861,3.60418891314187,0.000313129246837873,0.00169400315104228,"S000000321","S000000321","TKL2"
"S000000327",417.417169890973,1.03292519565495,0.198097850463663,5.21421708129242,1.84595197135841e-07,2.8709675219397e-06,"S000000327","S000000327","TFC1"
"S000000329",350.913089050948,1.08725198948283,0.183238786371506,5.93352537971128,2.96498141600055e-09,7.6712921405528e-08,"S000000329","S000000329","PTC4"
"S000000335",129.966555065789,1.01320740874452,0.404459032480939,2.50509279649298,0.0122419270334293,0.0372919571800521,"S000000335","S000000335","CCZ1"
"S000000342",118.174247017727,1.89636852305736,0.276278748720479,6.86396811857571,6.69735838290183e-12,3.46830954227594e-10,"S000000342","S000000342",NA
"S000000376",610.317262080378,1.00152511438555,0.377159430890199,2.65544232056369,0.0079204477348359,0.025810980272232,"S000000376","S000000376","SMY2"
"S000000386",264.067263375857,1.45684367416406,0.261476448789409,5.57160570639917,2.52402146031361e-08,5.0584883304705e-07,"S000000386","S000000386","SMP1"
"S000000389",176.253436494563,1.13547224441832,0.38488533640216,2.95015719495191,0.0031761228751673,0.0120702803123548,"S000000389","S000000389","MBA1"
"S000000398",47.5370689187894,1.26343818042186,0.427480315827618,2.95554703606831,0.00312115101785674,0.0119088658564406,"S000000398","S000000398","AIM4"
"S000000400",11178.9615687372,1.06325426825338,0.350198447449237,3.03614786415495,0.00239621821812763,0.00953749568134176,"S000000400","S000000400","PGI1"
"S000000406",392.187560724222,1.6971636463968,0.327360733149403,5.18438369217069,2.16730343710968e-07,3.2791504124949e-06,"S000000406","S000000406","MCM7"
"S000000412",847.59182716738,1.17144704844363,0.27218267846371,4.30390006834994,1.67817382674843e-05,0.000136052969402809,"S000000412","S000000412","DUR1,2"
"S000000414",134.444544706496,-1.0153275870346,0.306748704992032,-3.30996535767274,0.000933075186460939,0.00426356893864648,"S000000414","S000000414","ERV15"
"S000000416",6374.81063982964,-3.2521772847726,0.363959394122535,-8.93554978190144,4.05158532146787e-19,6.81783567722074e-17,"S000000416","S000000416","NGR1"
"S000000420",530.411179472901,1.15023794560669,0.262849789086863,4.37602765291388,1.20861687892454e-05,0.00010381466977445,"S000000420","S000000420","YBP1"
"S000000422",2738.95686200187,1.07749538513807,0.138915869877615,7.75645997888754,8.73328522615571e-15,7.44411587591041e-13,"S000000422","S000000422","PYC2"
"S000000430",87.2904399404965,-1.44729903479364,0.275773438839155,-5.2481451472844,1.53638231890561e-07,2.45357681386792e-06,"S000000430","S000000430",NA
"S000000433",943.537510540369,1.08235724851818,0.194059196050523,5.57745920083266,2.4405700031452e-08,4.90619789802452e-07,"S000000433","S000000433","ROT2"
"S000000434",3555.71429133657,1.13733959129506,0.145470334998797,7.81836098270116,5.35155417998758e-15,4.81067697450078e-13,"S000000434","S000000434","OM14"
"S000000444",498.379363848321,1.23647311682417,0.254254213350893,4.86313717490976,1.15539715275753e-06,1.37873540193872e-05,"S000000444","S000000444","THI2"
"S000000452",622.72558347679,1.12419352196146,0.454136097075578,2.47545510960422,0.0133066488708081,0.0399562883005168,"S000000452","S000000452","HIS7"
"S000000453",2272.04917931468,1.50629557815228,0.417870238423296,3.60469696007981,0.000312517368508521,0.00169133311173506,"S000000453","S000000453","ARO4"
"S000000463",287.184256075318,1.13414702948305,0.334497703444718,3.39059735777972,0.000697404788745509,0.00334160464148158,"S000000463","S000000463",NA
"S000000464",355.942421927491,1.06102426538856,0.247001870925392,4.29561226161339,1.74211848468082e-05,0.000140440493522521,"S000000464","S000000464","RGD1"
"S000000473",1459.06033129141,-1.0412246216144,0.238990924927511,-4.35675380531798,1.32005604480801e-05,0.000111708472755719,"S000000473","S000000473","SDH8"
"S000000481",82.0225806832947,1.19083481079968,0.349061822227134,3.41152980638716,0.000645994382123187,0.00313627639391532,"S000000481","S000000481",NA
"S000000485",336.21587082085,1.03901618347266,0.296994704575416,3.49843336418417,0.000468000019134217,0.00238187933422039,"S000000485","S000000485","DUG2"
"S000000489",266.761948058448,2.04585179448165,0.262197017381323,7.802727181699,6.05834299636963e-15,5.41199352794444e-13,"S000000489","S000000489",NA
"S000000498",628.875574139727,1.26130471225737,0.278899108205479,4.52244082232096,6.11305806171859e-06,5.85608864406543e-05,"S000000498","S000000498","SUL1"
"S000000501",402.254694258322,1.13868890516642,0.21447301550186,5.30924089681831,1.10082756022409e-07,1.81477835274313e-06,"S000000501","S000000501","MAL33"
"S000000506",666.65737943571,1.02605902443152,0.253251462844278,4.05154234020133,5.08811161490833e-05,0.00035234679899169,"S000000506","S000000506","COS2"
"S000000510",217.360211963325,1.36851723943127,0.177824337472132,7.69589393041172,1.40508335573857e-14,1.16085875165152e-12,"S000000510","S000000510","PGS1"
"S000000520",425.813253109444,1.65710921702617,0.191545912931485,8.65123766759209,5.09438824029396e-18,7.13863638416878e-16,"S000000520","S000000520","BUD3"
"S000000524",254.832664123778,2.99500793573813,0.380065112266043,7.88024956534723,3.26727843667494e-15,3.0128523029287e-13,"S000000524","S000000524",NA
"S000000530",2425.27720924924,2.85016247781937,0.436705998365909,6.5265017849177,6.73235149242506e-11,2.71057746144314e-09,"S000000530","S000000530","AGP1"
"S000007548",74.545205573672,1.93224831116535,0.338391275835546,5.71010084818026,1.1290924784085e-08,2.52158106154572e-07,"S000007548","S000007548","HBN1"
"S000000534",200.122138283598,1.19939945335973,0.270808876140904,4.42895177754688,9.46921903510581e-06,8.37004005372711e-05,"S000000534","S000000534","BIK1"
"S000000535",3419.54622221486,2.51888557013671,0.305114127105099,8.25555209139515,1.51201660379751e-16,1.67529095488975e-14,"S000000535","S000000535","HIS4"
"S000000537",400.332073284977,1.39570177615234,0.249942608957895,5.58408901135964,2.34928367652314e-08,4.74269937691317e-07,"S000000537","S000000537","STE50"
"S000000551",40.0044341334227,2.75617563503369,0.487112857729054,5.65818699157958,1.52980408799156e-08,3.26350594472587e-07,"S000000551","S000000551",NA
"S000000552",134.921068998819,1.49566449020931,0.331448204603596,4.51251347702453,6.40638625610905e-06,6.06672669720321e-05,"S000000552","S000000552","POF1"
"S000087203",147.485850783005,-4.58698406940369,0.329098666545107,-13.9380208299173,3.72116613536508e-44,5.31866275727732e-41,"S000087203","S000087203",NA
"S000000554",349.925182909152,-1.10723876518044,0.292665792045373,-3.78328726921655,0.000154770609451589,0.000922492210546941,"S000000554","S000000554",NA
"S000007547",477.089395313273,1.22208680110704,0.261368560776154,4.67572227309191,2.92920811102166e-06,3.09183413664454e-05,"S000007547","S000007547","MIC10"
"S000000562",1125.76638018434,1.07298908893916,0.161056819187422,6.662177325696,2.69800211467425e-11,1.18653982230889e-09,"S000000562","S000000562","PRD1"
"S000000566",320.556371074338,1.06334003388989,0.251572289407922,4.22677726705302,2.37062114394335e-05,0.000183549772537282,"S000000566","S000000566","MRC1"
"S000000595",391.92470565886,1.39972038328321,0.276190528652334,5.06795214923956,4.02118455556284e-07,5.58007678181162e-06,"S000000595","S000000595","CDC10"
"S000000598",22672.8974794328,2.58190966462651,0.528155362263662,4.88854198802508,1.01585532778965e-06,1.23781928389578e-05,"S000000598","S000000598","CIT2"
"S000000599",69.0250298243717,-1.27949265936145,0.365163031665197,-3.50389428394975,0.000458507338096269,0.00233886901035101,"S000000599","S000000599",NA
"S000000601",1942.91366350715,-1.35692767143968,0.300928395405496,-4.509138028039,6.50915510221457e-06,6.13689669366443e-05,"S000000601","S000000601","SAT4"
"S000000603",19026.9626491417,-4.0281143148202,0.856080621099693,-4.70529786043494,2.53495568157486e-06,2.70995673573295e-05,"S000000603","S000000603","ADY2"
"S000000604",2080.48939044803,1.18420079063111,0.217936679971239,5.43369198240236,5.51998334323177e-08,9.91169873427283e-07,"S000000604","S000000604","ADP1"
"S000000605",27841.3043527826,1.52740629436544,0.417084802605868,3.66210009288875,0.000250156076069839,0.00139993440681071,"S000000605","S000000605","PGK1"
"S000000606",14738.9084318353,1.32720570711665,0.425854928852625,3.11656767879268,0.00182969676701185,0.00761556665430994,"S000000606","S000000606",NA
"S000000608",105.884225537766,1.43087686037258,0.361803742653487,3.9548426168244,7.65850494974251e-05,0.000506773200216064,"S000000608","S000000608","CTO1"
"S000000638",793.463613617091,1.47824753333311,0.238174851030454,6.20656432422454,5.41554605060798e-10,1.75123076247375e-08,"S000000638","S000000638","TAF2"
"S000000644",583.990724107049,-1.1191756846258,0.241327010190871,-4.63758981533239,3.52495451246223e-06,3.64033055250163e-05,"S000000644","S000000644","ARE1"
"S000000646",24.3810096795583,-1.15526251083226,0.372173565458472,-3.10409609400689,0.00190861330074562,0.00787978333551624,"S000000646","S000000646",NA
"S000000663",466.61722134852,1.20539013622023,0.288743141547332,4.17461045052263,2.98496375114251e-05,0.000223255295107692,"S000000663","S000000663","SED4"
"S000000677",390.731065100552,1.46403645352353,0.199628014232665,7.33382265585833,2.23679047155116e-13,1.53704068316734e-11,"S000000677","S000000677","SRB8"
"S000000678",989.415500340687,-1.08491810957963,0.268473296234563,-4.04106525600873,5.32089483201741e-05,0.000366690211350168,"S000000678","S000000678","AHC2"
"S000000679",1115.48379747093,-1.24265639297689,0.207512261277639,-5.98835165366105,2.1197835683012e-09,5.73827017835778e-08,"S000000679","S000000679","TRX3"
"S000000682",67.4243323378204,1.05832519002176,0.341501062277297,3.09903923274595,0.00194149308840059,0.00799014129355303,"S000000682","S000000682","CSM1"
"S000000695",558.461679940919,4.64306752520115,0.373730360318245,12.4235759739921,1.94661839238959e-35,1.98735833445888e-32,"S000000695","S000000695","GIT1"
"S000000702",121.812930838608,1.18472637448719,0.258531116293198,4.5825291418446,4.593856634976e-06,4.55972172803556e-05,"S000000702","S000000702","ADH7"
"S000000703",183.738499694495,1.91903380034777,0.24741869080675,7.75622000945212,8.74981786296053e-15,7.44411587591041e-13,"S000000703","S000000703","RDS1"
"S000000704",139.253530461602,1.03240529976219,0.292989335549155,3.52369582949884,0.000425572485838115,0.00219788618050131,"S000000704","S000000704","AAD3"
"S000002161",388.249179450888,-1.21736507081676,0.360000509431601,-3.38156485594656,0.000720742166217326,0.00343500092755727,"S000002161","S000002161","MCD1"
"S000002179",684.171357323244,3.13918068253714,0.326674661671622,9.60950159548244,7.29009993315751e-22,1.79650686801069e-19,"S000002179","S000002179","GPM2"
"S000002180",3325.18011577049,2.00255286530577,0.220405896786417,9.08574994818007,1.02986220103356e-19,1.98916492423955e-17,"S000002180","S000002180","GPD1"
"S000002181",490.410341346819,2.55267248299434,0.300625973954583,8.49119072918159,2.04530583741132e-17,2.58704038355044e-15,"S000002181","S000002181",NA
"S000002182",341.762418113939,-2.17451830446789,0.255049644187701,-8.52586292128905,1.51674798997621e-17,1.95305216402973e-15,"S000002182","S000002182","DIA3"
"S000002183",1966.36052386173,-1.36830511425928,0.315490693026696,-4.33706966482051,1.44394869278392e-05,0.000120480786141043,"S000002183","S000002183","RTK1"
"S000002194",126.857599674386,1.12744608987175,0.351262862032523,3.20969339983162,0.00132876623171985,0.00578673240401334,"S000002194","S000002194","PUS9"
"S000002195",94.577696219353,2.05476868515036,0.407115929035713,5.04713409278102,4.48486591462331e-07,6.12831630188441e-06,"S000002195","S000002195","BSC1"
"S000002197",290.167340308001,1.98420676149663,0.229219526473745,8.65636009296923,4.87068248292829e-18,6.89273908202912e-16,"S000002197","S000002197","PRM7"
"S000002206",5399.83921144317,1.52313501475428,0.361516027285151,4.21318807410132,2.51791231873813e-05,0.000193382701621301,"S000002206","S000002206","STP4"
"S000002207",391.72121155553,1.59344275116528,0.319637553425047,4.98515501101449,6.19121563033432e-07,8.06664038326057e-06,"S000002207","S000002207","KNH1"
"S000002213",5518.42374805716,-1.03412177065483,0.296449992250779,-3.48835148486031,0.000486008733027916,0.0024589461313869,"S000002213","S000002213","PSA1"
"S000002214",559.479655072163,1.3249386318873,0.219032402803562,6.04905308497009,1.45699648972996e-09,4.14012938920681e-08,"S000002214","S000002214","MBP1"
"S000002215",334.355089852386,1.1625073110305,0.191587782737409,6.06775283068982,1.29712323254347e-09,3.77391933431205e-08,"S000002215","S000002215",NA
"S000002217",81.9445385054875,2.01139282072932,0.346353904029997,5.80733405145945,6.34754133832632e-09,1.52993943252442e-07,"S000002217","S000002217","RAD59"
"S000002224",1289.5609226378,1.13605559291847,0.391793809645282,2.89962619355068,0.00373607920364186,0.0138233963390249,"S000002224","S000002224","IDP1"
"S000002227",76.9883567676971,1.18076058462266,0.279449359640905,4.22531147017101,2.38610517378932e-05,0.000184448898047435,"S000002227","S000002227","CBS1"
"S000002228",3486.87259435522,-2.16837222814219,0.323636100493441,-6.70003199530621,2.0837391084478e-11,9.4849946105237e-10,"S000002228","S000002228","BDF2"
"S000002235",447.402095474039,1.25392464030281,0.16181439994981,7.74915360247131,9.25070650198575e-15,7.77766753134602e-13,"S000002235","S000002235","VAM6"
"S000002237",902.66746100185,-1.07693169924267,0.272666379163905,-3.94963142337143,7.82716258326434e-05,0.000516976131250449,"S000002237","S000002237","MRK1"
"S000002238",433.592458922641,1.02716877699831,0.257048477440905,3.99601190882155,6.44184947532209e-05,0.000433898937562576,"S000002238","S000002238","THI3"
"S000002245",116.436158699715,1.16118222185765,0.230713313661419,5.03300916375259,4.82840036182997e-07,6.51059682751281e-06,"S000002245","S000002245","LUC7"
"S000002254",69.7166801652704,1.23296085350693,0.32831709532395,3.75539644772494,0.00017306730745251,0.00101629047880802,"S000002254","S000002254","OPI6"
"S000002268",791.10282778159,1.22987307144939,0.229023033769003,5.37008462078912,7.86997048379701e-08,1.34874686001092e-06,"S000002268","S000002268","TMA17"
"S000002272",24.8757783518612,-1.64942619506253,0.647243544344137,-2.54838570345869,0.0108222743464145,0.0335974733347745,"S000002272","S000002272",NA
"S000002274",557.276252123219,1.168196311659,0.290556157850338,4.02055258543418,5.80617864703804e-05,0.000396122727456395,"S000002274","S000002274","NUP84"
"S000002275",287.395977728546,1.42774803288976,0.299973559527301,4.75957959474699,1.93996611540685e-06,2.16793867767866e-05,"S000002275","S000002275","CYK3"
"S000002279",195.933380884161,1.41034384556597,0.280178094512534,5.03374058567905,4.81000481286847e-07,6.49805281572109e-06,"S000002279","S000002279",NA
"S000007232",512.419065430607,1.10415991292319,0.21950037108257,5.03033278475794,4.89629247804651e-07,6.58187265054286e-06,"S000007232","S000007232","STF1"
"S000002289",1659.75148054564,1.20397500068543,0.281163601567225,4.28211544444016,1.8512488796636e-05,0.000148234735221467,"S000002289","S000002289","LYS21"
"S000002315",82.3145561725584,1.23618579794673,0.35825890057757,3.45053757479243,0.000559471280512958,0.00277079799458479,"S000002315","S000002315","CMR1"
"S000028520",15.5420579501866,1.65650934597566,0.636509660940634,2.60248892927669,0.00925498031890778,0.0294351209831217,"S000028520","S000028520","MHF2"
"S000002320",903.888475247178,1.05267665631284,0.197964295468433,5.31750765370059,1.05198260892241e-07,1.74431408692901e-06,"S000002320","S000002320","ENT1"
"S000002328",1052.21890667994,-1.84781046459541,0.200402543671077,-9.22049406532604,2.9573438934242e-20,6.30885317443463e-18,"S000002328","S000002328","UGX2"
"S000002330",3027.44132271925,1.01431220583508,0.150405844767525,6.74383503781288,1.54259674977549e-11,7.25274188965165e-10,"S000002330","S000002330","GLT1"
"S000002338",191.788790548838,1.00414162704204,0.371855572763963,2.70035384861483,0.0069265762613564,0.023109606560123,"S000002338","S000002338","PCL9"
"S000002340",192.726369591398,1.22777264945758,0.261051956454397,4.70317352198071,2.5614854356251e-06,2.73627139995438e-05,"S000002340","S000002340","INH1"
"S000002363",11267.3595146049,-1.17934465339014,0.176966701244833,-6.66421787316091,2.66078498196133e-11,1.17378394281399e-09,"S000002363","S000002363","RTN2"
"S000002369",152.408345758951,-1.00108800495946,0.355357311504782,-2.81713073728605,0.00484547973616879,0.0171554228063068,"S000002369","S000002369","UGA4"
"S000002373",2591.9010245544,-1.73234534388373,0.511480845487223,-3.38692124870003,0.000706816736306101,0.00337937515973844,"S000002373","S000002373","PRR2"
"S000002375",269.831903898008,1.21944972174123,0.258239374323745,4.72216804635088,2.33343751054565e-06,2.52665320744159e-05,"S000002375","S000002375","RRI1"
"S000002377",4555.37452826442,-1.68018187401169,0.485959958570615,-3.45744920827164,0.000545315026433202,0.00270913718206804,"S000002377","S000002377",NA
"S000002379",235.712044840333,1.3559562561768,0.219894773350753,6.16638692914233,6.98679992215323e-10,2.18040024644839e-08,"S000002379","S000002379","CDC13"
"S000002380",47.7367011087008,1.08153223242545,0.389914628971109,2.77376674806829,0.00554113919893581,0.0192325164085453,"S000002380","S000002380",NA
"S000002384",404.555112037402,1.0969144641198,0.302435798912175,3.62693327993997,0.000286807365140771,0.00157424641703419,"S000002384","S000002384","SHS1"
"S000002386",686.350329983198,-1.61676948790551,0.346476698900496,-4.66631520398382,3.06649178212695e-06,3.20390109955705e-05,"S000002386","S000002386","HO"
"S000002392",587.353523336967,-1.14374417668775,0.303177121813353,-3.77252798577554,0.000161601833550072,0.000955107167974181,"S000002392","S000002392","MFG1"
"S000002393",4682.20416728151,-1.00352060871593,0.407827079431961,-2.4606522208228,0.0138684726903883,0.0413307089582402,"S000002393","S000002393","GYP7"
"S000002403",87.1243300512308,2.30331961564009,0.321845721947261,7.15659540758949,8.27053268073534e-13,4.92544681690626e-11,"S000002403","S000002403","THI13"
"S000002405",71.7207306780688,1.94033107074161,0.502617932234124,3.86044935189019,0.000113178699295787,0.000705171381444936,"S000002405","S000002405","SOR2"
"S000002416",151.208721499883,1.52326946265595,0.239851073230896,6.35089700511595,2.14063000660893e-10,7.66817661264698e-09,"S000002416","S000002416","GAL3"
"S000002426",1301.08792255856,1.47603727772244,0.150476744883059,9.80907235114319,1.02910228016306e-22,2.77527526233408e-20,"S000002426","S000002426","GCV1"
"S000002434",609.206310576227,1.06051046287004,0.2791123400493,3.79958285858203,0.000144939847297434,0.000872630681306751,"S000002434","S000002434","VPS54"
"S000002440",2448.09063418616,2.21519594882665,0.472812292963393,4.68514880385768,2.79756608293686e-06,2.96409281122435e-05,"S000002440","S000002440","MRH1"
"S000007345",612.934521865189,1.65499321334383,0.27544706723783,6.00838930666433,1.87375478023135e-09,5.17018862429471e-08,"S000007345","S000007345",NA
"S000002442",2463.87755773816,1.23772416589753,0.221507948596748,5.58771896782262,2.3007156736433e-08,4.65780865770307e-07,"S000002442","S000002442","ARO3"
"S000002443",514.663723349624,1.16858526301475,0.18012832671033,6.4875152307054,8.72635209333845e-11,3.39852181117402e-09,"S000002443","S000002443","EHD3"
"S000002446",160.831201154103,6.48037560851533,1.09636862699661,5.91076345030745,3.40525751622502e-09,8.72246338340578e-08,"S000002446","S000002446","ENA2"
"S000002448",708.15968678092,-1.01042282672668,0.233229274696821,-4.33231560677857,1.47549224873624e-05,0.000122469284037091,"S000002448","S000002448","RSM10"
"S000002450",661.760730660504,1.49195006569048,0.21186743090942,7.04190379468155,1.89630748021577e-12,1.06289893391074e-10,"S000002450","S000002450","NRG1"
"S000002453",2275.7047648094,1.75346078317498,0.521484318450397,3.36244201625358,0.000772563492022141,0.00364791872860008,"S000002453","S000002453","BAP3"
"S000002457",10793.5173795229,1.00555784583754,0.272346747623519,3.6921970047815,0.000222325137563957,0.00126450186677344,"S000002457","S000002457","TPI1"
"S000002460",30.5477703030093,1.84052187957785,0.459209291425531,4.00802404033308,6.12288888521882e-05,0.00041470220231925,"S000002460","S000002460",NA
"S000002462",7461.22389008362,2.44341580290474,0.713332354657177,3.42535395591166,0.000613998935701541,0.0030085316379781,"S000002462","S000002462","PST1"
"S000002466",1122.50518413735,-1.22108263023935,0.193887325855554,-6.29789814703546,3.01708642690878e-10,1.03911364577849e-08,"S000002466","S000002466","UBC5"
"S000002480",283.84731941356,-1.41630260195329,0.48871808678389,-2.89799506147514,0.00375556503332628,0.0138811199951726,"S000002480","S000002480","SNF11"
"S000002484",77675.4927570671,-1.10522564420103,0.303222970929689,-3.64492716634359,0.00026746753827004,0.00148487732402476,"S000002484","S000002484","SED1"
"S000002485",201.231201792222,-1.42146613247594,0.256998773911451,-5.53102301167281,3.18368552113037e-08,6.19951187377606e-07,"S000002485","S000002485","SHU2"
"S000002492",1156.2885864595,1.36096295744879,0.155271987807338,8.76502566024645,1.8673412359196e-18,2.78019877968738e-16,"S000002492","S000002492","AFR1"
"S000002496",320.786905826366,1.36944404151301,0.416691370271975,3.2864708492023,0.00101451273806083,0.00455845035055125,"S000002496","S000002496","VTC5"
"S000002503",2078.66864291562,-1.08245455579067,0.255563296890382,-4.23556343560148,2.27979329563058e-05,0.00017728555807643,"S000002503","S000002503","GIS1"
"S000007391",145.889531925435,1.69356511798396,0.423328595876962,4.00059229279229,6.31841379673802e-05,0.00042618729776676,"S000007391","S000007391",NA
"S000002515",256.595733436121,1.26217170125707,0.316781588060054,3.98435940985874,6.76624009044341e-05,0.000452549694022965,"S000002515","S000002515","TRS85"
"S000002518",2686.76897381753,-4.37419442968475,0.508947440404095,-8.59458970107349,8.35628315540589e-18,1.11622761813286e-15,"S000002518","S000002518","ALT2"
"S000002519",27.7322879910576,-2.63471112927188,0.630283690070638,-4.1801988069477,2.91254349611888e-05,0.000219215293259753,"S000002519","S000002519","IRC2"
"S000002534",3943.76073368025,1.63378787688327,0.364889246617879,4.47748979183871,7.55258377880894e-06,6.93720785842451e-05,"S000002534","S000002534","ARO1"
"S000002537",148.140025093079,1.17756177597566,0.236750851304372,4.97384389322328,6.56381727253381e-07,8.50558842033779e-06,"S000002537","S000002537","FIN1"
"S000002540",480.393866103122,-1.59036523772821,0.27628261212233,-5.75629868818543,8.59782032288245e-09,1.99818936382047e-07,"S000002540","S000002540",NA
"S000002545",316.363774791263,1.03816841771191,0.368139278316624,2.82004251885076,0.0048017286602456,0.017030051548608,"S000002545","S000002545","HPR1"
"S000002548",795.605603162303,1.0357346526445,0.198371641932695,5.22118304084973,1.77783708926857e-07,2.78625279790742e-06,"S000002548","S000002548","DOP1"
"S000002551",184.3243117468,-1.07384956251391,0.304763126898414,-3.52355474706708,0.000425799120814953,0.00219788618050131,"S000002551","S000002551","MKC7"
"S000002553",225.574655055447,2.94605644441984,0.275342845139041,10.6995932395925,1.02225968082883e-26,3.65278940452161e-24,"S000002553","S000002553","SWI5"
"S000002554",328.206613627151,-1.30327017612099,0.294212245628659,-4.42969385361991,9.43669544051201e-06,8.34645346109147e-05,"S000002554","S000002554","EKI1"
"S000002555",5026.1902695862,1.43624403779801,0.284603840110214,5.04646752918661,4.50053337242909e-07,6.14385133640201e-06,"S000002555","S000002555","KGD2"
"S000002556",252.491465486912,-2.20939991429741,0.383884424455392,-5.75537785215391,8.64482115149555e-09,2.00101479949317e-07,"S000002556","S000002556",NA
"S000002565",3337.83058026636,1.54314247092395,0.291154215012031,5.30008631631929,1.15747945482058e-07,1.89072615402864e-06,"S000002565","S000002565","HOM2"
"S000002583",883.192996817294,1.20150042731839,0.209637231447855,5.73133130513245,9.96454197215219e-09,2.26427978391051e-07,"S000002583","S000002583","NGG1"
"S000002585",1677.90364346205,1.45065572297291,0.208837296693562,6.94634409629203,3.74873777034162e-12,2.02191354533935e-10,"S000002585","S000002585","SDH4"
"S000002586",157.42554800425,-1.07191326113637,0.321453846765816,-3.33457904430452,0.000854286166294791,0.0039669630197698,"S000002586","S000002586","CSN9"
"S000002595",266.413886004598,1.14607149474078,0.214442431666231,5.34442500878082,9.07045178543211e-08,1.52882036991959e-06,"S000002595","S000002595",NA
"S000002599",104.034862037954,1.41255807619107,0.584573183027127,2.41639219383337,0.0156751672700317,0.0454914042214341,"S000002599","S000002599","HST4"
"S000002606",178.513519516681,1.31350912558763,0.383736429390797,3.4229461291254,0.00061946352710357,0.0030310847932246,"S000002606","S000002606","RKM2"
"S000007410",271.588645293688,2.0606722489035,0.334910656774142,6.1529013998894,7.60781078045326e-10,2.34856240788377e-08,"S000007410","S000007410",NA
"S000007392",65.8856724079345,-3.4739788739646,0.933468529099938,-3.72158114137415,0.000197979226943019,0.00114424467880977,"S000007392","S000007392",NA
"S000007393",491.554363829097,1.06533136504676,0.278292061560965,3.82810547692672,0.000129133418379413,0.000789774903250731,"S000007393","S000007393",NA
"S000002626",109.541656503389,-1.72224613213386,0.264129540505906,-6.5204601076999,7.00920477555942e-11,2.81411696227727e-09,"S000002626","S000002626","SPR28"
"S000002631",648.317994743345,1.00409848204398,0.225913550915303,4.44461378246595,8.80498990660699e-06,7.87545186077182e-05,"S000002631","S000002631","CRF1"
"S000002632",2470.05456877426,1.11714259994581,0.268836933095384,4.15546549755293,3.24625932186035e-05,0.000239415812628225,"S000002632","S000002632","HTB1"
"S000002637",630.554449664523,1.01232891398166,0.223008581395554,4.53941685852023,5.64100172797468e-06,5.44775930391501e-05,"S000002637","S000002637","IVY1"
"S000002643",309.458542899981,1.08465526361707,0.342670017329728,3.16530542143516,0.00154920240122184,0.00658814338609453,"S000002643","S000002643","PRP42"
"S000002664",10276.2169941291,-4.46602187675722,0.822411835849853,-5.43039591853902,5.62291657507234e-08,1.00460433259386e-06,"S000002664","S000002664","CTA1"
"S000002667",187.622113774005,1.93052400008895,0.400293815794903,4.82276748706525,1.41579975926394e-06,1.65057307986619e-05,"S000002667","S000002667","YAP6"
"S000007397",515.039822552849,1.1688534116526,0.188146405350152,6.21246741056409,5.21590005478734e-10,1.69465960111593e-08,"S000007397","S000007397",NA
"S000002670",4823.65011269454,-2.25801312326845,0.268900596903902,-8.39720383393349,4.57235943023156e-17,5.40105234184295e-15,"S000002670","S000002670",NA
"S000002671",491.679906136154,-2.53249199167805,0.286214336163837,-8.84823599551762,8.89134768953141e-19,1.38134817963557e-16,"S000002671","S000002671","DIN7"
"S000002679",26.6143938285202,1.85648761034296,0.554101756336482,3.35044527311622,0.000806817504953627,0.0037821720558551,"S000002679","S000002679",NA
"S000002682",45.5106893579054,2.09402125587512,0.441591331027022,4.74198904902637,2.11630066291054e-06,2.32500271906075e-05,"S000002682","S000002682",NA
"S000002701",8779.38598619235,-1.03946465274057,0.178847957767961,-5.81200180149211,6.17301761661917e-09,1.49290931970115e-07,"S000002701","S000002701","SSD1"
"S000002703",303.607704615187,1.20885820203798,0.320415131658228,3.77278749534031,0.000161433779725883,0.000955038499015747,"S000002703","S000002703","HDA2"
"S000002706",1266.78754721448,1.55815969661019,0.229639157253986,6.78525263392614,1.15883546764935e-11,5.61465604715668e-10,"S000002706","S000002706","ATP5"
"S000002713",199.505699738637,1.33556802471751,0.260118457394498,5.13446080718514,2.82954048663992e-07,4.11839329689861e-06,"S000002713","S000002713","HNT2"
"S000007255",504.160762158149,1.18100317982012,0.232430655219642,5.08109904308488,3.75257387516624e-07,5.28950082818058e-06,"S000007255","S000007255","TIM11"
"S000002731",206.399668493717,1.47686379470175,0.375273891749256,3.93542910170936,8.30481788729602e-05,0.000543041848334861,"S000002731","S000002731","PEP7"
"S000002733",291.790105113632,1.19482635875931,0.288974970542849,4.13470535705838,3.55410324170465e-05,0.000258781444899056,"S000002733","S000002733","YCG1"
"S000002735",779.99667604356,-1.05140342769196,0.251968739533206,-4.17275345203447,3.00940537133113e-05,0.000224705020298029,"S000002735","S000002735",NA
"S000002736",2247.02264347172,-1.24115269835777,0.25010447968235,-4.96253685633346,6.95783579509124e-07,8.95931054227379e-06,"S000002736","S000002736","SKP1"
"S000002737",2957.7035583357,-1.82747884001638,0.205922639110682,-8.87458925307442,7.01919779564655e-19,1.11472660103529e-16,"S000002737","S000002737","PEX3"
"S000002751",15093.1445807672,2.18068157315902,0.404613204162508,5.38954624002626,7.06358042876992e-08,1.22627828105903e-06,"S000002751","S000002751","HXT6"
"S000002753",1001.58995468855,-1.59920340301427,0.242866720464993,-6.58469550687072,4.55818571145811e-11,1.92183328536492e-09,"S000002753","S000002753","HXT3"
"S000002765",494.182314989843,1.13408448803233,0.280866101978648,4.03781189699618,5.3952086467039e-05,0.000371453358320515,"S000002765","S000002765","CNL1"
"S000002767",595.247735608384,1.07419724222401,0.323177989776233,3.32385643888612,0.000887818864071934,0.00409341774973553,"S000002767","S000002767","EAF1"
"S000002768",31.3025610067853,1.84468148681855,0.54215080842169,3.40252464473638,0.000667663333856472,0.00322286796042234,"S000002768","S000002768","OPI7"
"S000002782",135.018291130925,-4.67666797261069,0.319437432775933,-14.6403254370351,1.55322998429282e-48,3.70005269424954e-45,"S000002782","S000002782","PHO92"
"S000113553",211.092912326937,-1.43148966695813,0.33340523753481,-4.29354282956838,1.75844373931103e-05,0.000141676642423746,"S000113553","S000113553","WIP1"
"S000002785",658.077561489342,1.97129021067519,0.235578478220877,8.36787055236396,5.86687922612663e-17,6.8175044535795e-15,"S000002785","S000002785","ATP17"
"S000007605",122.625197195562,-1.08750413606173,0.376085861982104,-2.89163791037027,0.00383239351659224,0.0140958313259529,"S000007605","S000007605","SDH6"
"S000002787",585.216797362321,1.31826342143342,0.217265921601801,6.06751124020958,1.299075290339e-09,3.77391933431205e-08,"S000002787","S000002787","RGA2"
"S000002791",211.773860645747,1.07860282911447,0.433767397850147,2.48659266339581,0.0128972976851692,0.0389069387535085,"S000002791","S000002791","NKP1"
"S000002792",1130.29963792683,-1.67828489971695,0.418491887014056,-4.01031645246824,6.06374229290191e-05,0.000411729542006874,"S000002792","S000002792","ATO3"
"S000002794",309.297840232507,1.17407764099589,0.336160029854174,3.49261523300438,0.00047831517024065,0.00242689340725936,"S000002794","S000002794","MUS81"
"S000002811",180.3313212205,-1.66174714681733,0.224060983836094,-7.41649491297844,1.20260498377957e-13,8.7252959559195e-12,"S000002811","S000002811","DIT1"
"S000002840",3036.44130777071,-1.87572672062119,0.280595589812077,-6.68480471085597,2.31232792374119e-11,1.03931141553562e-09,"S000002840","S000002840","NPL3"
"S000002841",69.7344931240032,-1.55883741947805,0.567325933128837,-2.7476928665696,0.00600161994922026,0.0205267178593456,"S000002841","S000002841",NA
"S000002843",752.394146978876,-1.33562438645056,0.296092881840041,-4.51082909575687,6.45747329849122e-06,6.10024229050463e-05,"S000002843","S000002843","PPM1"
"S000002852",368.012863285728,1.10168635577637,0.205050286950214,5.37276183399762,7.75397162289656e-08,1.33366445735332e-06,"S000002852","S000002852",NA
"S000002863",17.8951777758697,1.63187999128252,0.57950951443358,2.81596755642147,0.00486305773662062,0.0172091320201828,"S000002863","S000002863",NA
"S000087209",194.773011213689,-1.85088410961703,0.287032469449031,-6.44834402592105,1.13078853975151e-10,4.33307254655987e-09,"S000087209","S000087209",NA
"S000002871",1858.58067471286,-1.25183964239197,0.19175222307953,-6.52842309876514,6.64657222381448e-11,2.68360047443447e-09,"S000002871","S000002871","STP1"
"S000002883",1440.64905323996,1.2602396777766,0.222570348958604,5.66220830255783,1.49437264784597e-08,3.21188996325752e-07,"S000002883","S000002883","JIP4"
"S000002892",305.501169250057,1.22772983739835,0.231417168147708,5.3052668789669,1.12508268426951e-07,1.84624647603491e-06,"S000002892","S000002892","VPS52"
"S000002898",659.106692215629,1.08184925188975,0.28076743889144,3.85318631021189,0.000116590605834699,0.000723905095219525,"S000002898","S000002898","PKH1"
"S000002910",1225.89091493531,1.1444602444866,0.249285262478662,4.59096632150312,4.41198532451363e-06,4.40366663710009e-05,"S000002910","S000002910","SAM2"
"S000002912",55.4416650050393,-1.62292208982812,0.337969084911776,-4.80198385675356,1.5710136113983e-06,1.80212660896596e-05,"S000002912","S000002912","SPG3"
"S000002916",659.071361725856,-1.18541369051942,0.314228295616178,-3.77246004595133,0.000161645857365812,0.000955107167974181,"S000002916","S000002916","GNP1"
"S000002921",1411.36651574692,1.00290017903109,0.17357894741675,5.77777543853408,7.56947419252204e-09,1.77944892489667e-07,"S000002921","S000002921","GRX2"
"S000002936",162.619844880858,-1.41148790033393,0.317830958742382,-4.4410019273107,8.95409928307408e-06,7.98882278732696e-05,"S000002936","S000002936","HLR1"
"S000002942",106.075288772912,1.54494539451357,0.358446705617051,4.31011185290157,1.63171992881752e-05,0.000133117425471397,"S000002942","S000002942","FIT1"
"S000002944",1146.2819541501,2.46633226318799,0.248637247624399,9.91939979529428,3.42811377957581e-23,9.60745691205433e-21,"S000002944","S000002944","STL1"
"S000000745",83.9127906993144,1.7134837846666,0.433889484858253,3.94912493725535,7.84374067246178e-05,0.000517831803378736,"S000000745","S000000745","MMS21"
"S000000746",682.031533290164,1.3841538009441,0.154807848142298,8.94110871996489,3.85285093559865e-19,6.71570712469653e-17,"S000000746","S000000746","PXP1"
"S000000750",1547.91835945809,1.29563449782803,0.297841976497832,4.35007352913354,1.36091890331096e-05,0.000114556029947135,"S000000750","S000000750","RIP1"
"S000000751",655.176776482026,1.10222409550929,0.334331926183431,3.29679581633658,0.000977945687834435,0.00443035743778687,"S000000751","S000000751",NA
"S000028619",29.8925291521292,-1.24286934835546,0.460762800050606,-2.69741686659374,0.00698797305596992,0.0232872695008109,"S000028619","S000028619",NA
"S000000756",974.709394191534,-1.25873296450141,0.190783473420385,-6.5977044129385,4.17572738966652e-11,1.77629974941975e-09,"S000000756","S000000756","ECM10"
"S000000765",133.457787641789,-2.20513879352499,0.292321217048624,-7.54354684134403,4.5735845248151e-14,3.59177162709793e-12,"S000000765","S000000765","CYC7"
"S000000766",573.003178642172,-2.44859658106878,0.309751626948123,-7.90503218722034,2.67864376918241e-15,2.48609450603404e-13,"S000000766","S000000766","UTR2"
"S000000775",52.1925054970007,1.36626781844388,0.333931868034032,4.09145681868446,4.28671773108817e-05,0.000302573965103966,"S000000775","S000000775","PAU2"
"S000002954",11.1641622289831,1.87185764833685,0.678583107011738,2.75847958635444,0.00580709320298028,0.0199617083093307,"S000002954","S000002954","SOM1"
"S000000791",479.889937112289,1.11172088661261,0.360671448034674,3.08236455275419,0.00205363165523542,0.00837240689061193,"S000000791","S000000791","SIT1"
"S000000792",271.749829926457,1.33584905492233,0.186791052194971,7.15156876748024,8.57917227016646e-13,5.0880543260369e-11,"S000000792","S000000792","HPA3"
"S000000795",46.0659192746841,1.48976828027313,0.594642517278769,2.50531745878293,0.0122341530660695,0.0372762203737649,"S000000795","S000000795","HXT13"
"S000000798",58.2553720820287,1.1475216124776,0.390732679964595,2.93684575495856,0.00331568974772765,0.0125240892083169,"S000000798","S000000798","RMD6"
"S000002956",17.1680314938631,2.59002628330882,0.983424065912213,2.63368202292908,0.00844645484699846,0.0272886932929812,"S000002956","S000002956",NA
"S000000802",21.8667998283101,1.53584653752368,0.549848105424877,2.79321965897638,0.00521862413980769,0.0182594356989648,"S000000802","S000000802",NA
"S000000804",613.08381060253,-1.22376350197619,0.18282117236691,-6.69377340782049,2.17488102868228e-11,9.83720713384679e-10,"S000000804","S000000804","NOP16"
"S000000806",4664.66787115712,-2.33596627407186,0.257727223758062,-9.06371566033986,1.26080788960053e-19,2.37114831132373e-17,"S000000806","S000000806","FMP52"
"S000000813",45.2643267632511,-1.46814693488438,0.36745260105446,-3.99547296895249,6.45652240386154e-05,0.000434568348605559,"S000000813","S000000813","TIR1"
"S000000824",449.949985545961,1.42844464038524,0.253600736552993,5.63265178090974,1.77459544066888e-08,3.73553647032111e-07,"S000000824","S000000824","SRB4"
"S000000826",13370.4904619359,1.58894021606041,0.285889016169064,5.55789179085066,2.73052569877796e-08,5.44635797162821e-07,"S000000826","S000000826","YAT2"
"S000000830",168.355989120459,-1.97384192760584,0.357881642388033,-5.51534835493377,3.48089778238039e-08,6.70518490614055e-07,"S000000830","S000000830","MIG3"
"S000000834",175.858152543887,1.62514256315259,0.273374074562387,5.94475743815171,2.76866526953543e-09,7.2836701080096e-08,"S000000834","S000000834","FIR1"
"S000000836",104.752009938025,1.59878750846048,0.416167412205473,3.84169317820376,0.000122188515425002,0.000754076187810689,"S000000836","S000000836",NA
"S000000839",2468.38740109014,2.37715839061839,0.370608726368469,6.41419972463075,1.41564517798289e-10,5.26922305440351e-09,"S000000839","S000000839","PHM8"
"S000028746",116.233725245416,-1.88464593970197,0.37633426164472,-5.00790422712342,5.50259013096933e-07,7.29578114489282e-06,"S000028746","S000028746","FMP49"
"S000000841",462.876546955492,-1.95550132799091,0.23046600485047,-8.48498818409107,2.15740652994915e-17,2.70489574847046e-15,"S000000841","S000000841","HVG1"
"S000000846",258.403829068755,1.9234644210015,0.247236449236373,7.779857811995,7.26061070128646e-15,6.36662016892561e-13,"S000000846","S000000846","ERG28"
"S000000847",513.238427009513,1.34388423723513,0.238190540679173,5.64205544604418,1.68031964934205e-08,3.55278235917838e-07,"S000000847","S000000847","ACA1"
"S000000848",149.339050118311,1.80798105721331,0.310092161974386,5.83046358121961,5.52736017532934e-09,1.35510392771839e-07,"S000000848","S000000848","SPO73"
"S000000854",2062.68837455191,2.37559789352756,0.804704431006781,2.9521372096279,0.00315582665768702,0.0120157611941672,"S000000854","S000000854","HOM3"
"S000000855",2060.59012054786,1.05834976839937,0.201879675873415,5.24247804451096,1.58434249110763e-07,2.50497867537625e-06,"S000000855","S000000855","PIC2"
"S000000867",12254.3099689003,3.51758971598124,0.548239257858111,6.41615802874814,1.39756375898865e-10,5.21550360501953e-09,"S000000867","S000000867","ICL1"
"S000002959",63.6402220074098,2.04822982339155,0.44859570739652,4.56587031400434,4.97426231771873e-06,4.8763464545373e-05,"S000002959","S000002959",NA
"S000028748",785.382388157407,1.90732924585912,0.343718582451132,5.54910133824462,2.87141713295713e-08,5.67517577927199e-07,"S000028748","S000028748",NA
"S000000869",2163.47802073222,1.95790829152644,0.312242632564313,6.27047074080496,3.59958188629412e-10,1.20771887091084e-08,"S000000869","S000000869","RGI1"
"S000028749",177.088191978575,1.75257829775471,0.429579787999048,4.07975036702285,4.50840894113794e-05,0.00031649650783735,"S000028749","S000028749",NA
"S000000872",1656.12060340183,-1.11262450121986,0.368253142746759,-3.02135778915807,0.00251643816127837,0.00995500986414385,"S000000872","S000000872","RNR1"
"S000000875",2775.41564925083,2.49032224609791,0.417621615663899,5.96310668004817,2.47486725827573e-09,6.59949211241326e-08,"S000000875","S000000875","ALD5"
"S000000877",521.937164481031,1.01336394835496,0.282607381585443,3.5857660287213,0.000336090189891828,0.00179578956415847,"S000000877","S000000877","PTP3"
"S000000879",431.151055492368,1.28601114851272,0.33675438559279,3.81884009097299,0.000134080639808393,0.000816537956873185,"S000000879","S000000879","MRX1"
"S000028751",91.2293108391256,1.13999629694229,0.284945973158591,4.00074541958102,6.3143261498874e-05,0.000426112670728709,"S000028751","S000028751",NA
"S000000889",210.263391992254,1.28201569428969,0.246189615023243,5.20743206072546,1.91471907137078e-07,2.96501405060699e-06,"S000000889","S000000889","AIM10"
"S000000893",3498.70658381295,1.77766178581855,0.243572984153212,7.29827157144968,2.91487852761123e-13,1.98392184738797e-11,"S000000893","S000000893","MET6"
"S000000895",568.467291716452,1.01295776688916,0.166230096495179,6.09370858975913,1.10324415876841e-09,3.2715080417587e-08,"S000000895","S000000895","TSC11"
"S000000903",995.81038302615,-1.71855496940775,0.279038566324331,-6.15884389045435,7.32779157725003e-10,2.2768722829051e-08,"S000000903","S000000903","AST2"
"S000000918",703.707637842701,-1.0071107195246,0.147508884523587,-6.82745803940749,8.64323956571013e-12,4.33890932225337e-10,"S000000918","S000000918","SLX8"
"S000000926",1277.75912145752,-1.13669505441636,0.252591146137547,-4.50013815526764,6.79093114598734e-06,6.37313058894268e-05,"S000000926","S000000926","DSE1"
"S000000936",128.711413365485,1.06864406734645,0.223967778989648,4.77141878250195,1.82932743502094e-06,2.05393378073482e-05,"S000000936","S000000936",NA
"S000000944",646.784417621681,-1.10004230531606,0.220213152855441,-4.9953524167477,5.8728421549857e-07,7.68686198912185e-06,"S000000944","S000000944","MAG1"
"S000028759",311.781083573234,-1.38602155612727,0.22178899001791,-6.24928025514409,4.12348437714001e-10,1.35176518812987e-08,"S000028759","S000028759",NA
"S000000950",711.601865636124,-1.62424407479126,0.218089125389717,-7.44761606929645,9.50419233112137e-14,7.07517817649572e-12,"S000000950","S000000950","SPT15"
"S000000952",8419.37935225042,-3.72674249673097,0.443555296195175,-8.40197947967035,4.39014566727549e-17,5.22902933519738e-15,"S000000952","S000000952","SPI1"
"S000000959",406.674860855768,1.36480104586546,0.330856513564474,4.12505418485438,3.70647485228063e-05,0.000268100430484044,"S000000959","S000000959","COG3"
"S000000960",1131.27736626305,2.67312500623132,0.184816168256781,14.4636967179046,2.05459856228797e-47,4.19519675011171e-44,"S000000960","S000000960",NA
"S000000962",863.758257867265,1.4288883122589,0.272539990758176,5.24285741803943,1.58108717953969e-07,2.50260011707207e-06,"S000000962","S000000962",NA
"S000000964",1614.42113009179,-1.4672744905843,0.220004261054231,-6.6693003287905,2.57025803961556e-11,1.14089124721196e-09,"S000000964","S000000964","RAD4"
"S000000970",298.595935608396,1.0328707839885,0.308033212180328,3.35311499911847,0.000799074980652301,0.00375573123921846,"S000000970","S000000970","CCA1"
"S000000977",1142.97953832304,1.29843441884445,0.295170841844893,4.39892507921481,1.08788371743876e-05,9.40660736439942e-05,"S000000977","S000000977","TMT1"
"S000000986",356.291082383516,1.20870324937072,0.243774456090456,4.95828508349624,7.11181531680544e-07,9.13289993918241e-06,"S000000986","S000000986","TOG1"
"S000000990",94.7216600993207,1.10236041117468,0.361745055914461,3.04734064267447,0.00230875907528875,0.00925121767959129,"S000000990","S000000990",NA
"S000001891",235.533667819638,-1.58459275542477,0.251737213936792,-6.29463054208045,3.08132871632655e-10,1.05585063645155e-08,"S000001891","S000001891","MSH4"
"S000001880",18179.2778350744,-1.08112586909987,0.220724567856266,-4.8980767279331,9.67792462813937e-07,1.18633427710117e-05,"S000001880","S000001880","HSP12"
"S000001878",2740.83647935909,-1.02831554372553,0.296841505579311,-3.4641905676859,0.000531829605619893,0.00265228211902482,"S000001878","S000001878","MDJ1"
"S000001876",3876.16574772027,1.71134091782958,0.200707109865865,8.52655852088793,1.50765920738973e-17,1.95305216402973e-15,"S000001876","S000001876","LPD1"
"S000028766",279.362234605516,1.16493885404253,0.243564697604879,4.7828723353511,1.72807886277776e-06,1.95406892291792e-05,"S000028766","S000028766",NA
"S000001873",964.836947731253,1.00043386593129,0.221742495000852,4.51169211353669,6.43124959543543e-06,6.07948746478562e-05,"S000001873","S000001873","GAT1"
"S000001866",436.778236886263,1.31770445914185,0.279274066606098,4.71832016182298,2.37800049889269e-06,2.5671269736158e-05,"S000001866","S000001866","CAF16"
"S000001864",1733.31399701877,1.42177807772077,0.261815946300475,5.43044874772086,5.62125219207612e-08,1.00460433259386e-06,"S000001864","S000001864","AGX1"
"S000001861",964.396681928461,1.03519200423897,0.250665918792424,4.12976765739029,3.63130025245596e-05,0.000263329145146388,"S000001861","S000001861","RIM15"
"S000001843",32.4470751311433,1.50637924190753,0.468886128424012,3.21267606480632,0.00131504518551841,0.00573571584882961,"S000001843","S000001843",NA
"S000001842",162.532214330312,1.16023898659554,0.406340974808165,2.85533347244465,0.00429916619885086,0.0155132498056489,"S000001842","S000001842","ZNF1"
"S000001841",189.996274701027,1.48199141654408,0.440912502375861,3.36119163906299,0.000776069589763228,0.0036584309520072,"S000001841","S000001841","DAK2"
"S000001836",66.4643792157192,2.09328708326038,0.397736066191842,5.26300544806694,1.41719377349359e-07,2.27594950612852e-06,"S000001836","S000001836","THI5"
"S000001835",389.860686343952,1.90440321865933,0.487916637617255,3.90313236285505,9.49557388269331e-05,0.000606977806374488,"S000001835","S000001835","SNZ3"
"S000001833",68.0938645095638,1.11733523986285,0.31395989923805,3.5588469819697,0.000372486456731839,0.00196455679928715,"S000001833","S000001833","DDI2"
"S000001832",37.0939011726505,1.65873297627236,0.396959159801686,4.17859856691817,2.93310874725967e-05,0.000220101921897411,"S000001832","S000001832","COS4"
"S000001828",54.3396039160139,1.91756922792296,0.483992284039515,3.96198305460258,7.43298169608297e-05,0.000492305872947701,"S000001828","S000001828",NA
"S000001907",313.439285265302,1.73323788106048,0.337436027686936,5.13649325752653,2.799123883342e-07,4.09228024426577e-06,"S000001907","S000001907","MIC19"
"S000001910",923.726219733691,1.34193993123028,0.16603708766745,8.08216977352674,6.36244445502117e-16,6.4956013282584e-14,"S000001910","S000001910","CMK1"
"S000001915",840.832901773554,1.33087878027084,0.123908584488766,10.7408117505491,6.54662135445045e-27,2.39925279536308e-24,"S000001915","S000001915","FAB1"
"S000001926",1187.04719589174,1.76877148014897,0.208283391472763,8.49213884814372,2.02868433550069e-17,2.58704038355044e-15,"S000001926","S000001926","MET10"
"S000001927",390.966719242551,1.23637950099354,0.258081936541923,4.79064717802403,1.66244228457111e-06,1.89031722938544e-05,"S000001927","S000001927","SMC2"
"S000001929",1472.82042805323,1.45296445105423,0.262722946086037,5.53040559532403,3.19491202972552e-08,6.21290852256693e-07,"S000001929","S000001929","QCR6"
"S000001931",41.8958650416156,1.25911422343994,0.414927804759402,3.03453807866658,0.00240904342176655,0.00957787416615003,"S000001931","S000001931",NA
"S000001945",363.138914853428,1.52959766061704,0.289390577411239,5.28558211639147,1.25305646512659e-07,2.03290988150446e-06,"S000001945","S000001945","YMR31"
"S000002970",485.046323160165,-1.56028137171463,0.229067434595779,-6.81144997527898,9.66198961151668e-12,4.74566383221333e-10,"S000002970","S000002970","ERP6"
"S000002973",1237.53640052611,-1.74143991002922,0.189296565294143,-9.19953252888262,3.59510344361957e-20,7.44707442313834e-18,"S000002973","S000002973","COG7"
"S000002976",19844.155515898,1.32824261132638,0.277004617112579,4.79501975516371,1.62658800411417e-06,1.85249580420748e-05,"S000002976","S000002976","PMA1"
"S000002977",4927.72834873973,2.22887609640227,0.253240844361146,8.80140840639306,1.3510969011943e-18,2.0543859583798e-16,"S000002977","S000002977","LEU1"
"S000002989",396.557406188532,2.61939354513764,0.207276111585422,12.6372186601838,1.31628226486713e-36,1.44720172398045e-33,"S000002989","S000002989","ALK1"
"S000002994",2297.75532813509,1.05827188138743,0.221974010730091,4.76754858781297,1.86481031335551e-06,2.09048892617963e-05,"S000002994","S000002994","TRP5"
"S000003021",330.641412474532,1.24685214012695,0.258430291620324,4.82471359030458,1.4020459563485e-06,1.63988894059649e-05,"S000003021","S000003021","PRM8"
"S000003023",6676.87071514752,2.38663234833593,0.53294944667667,4.47815897589973,7.52895257990871e-06,6.93371902220588e-05,"S000003023","S000003023","OLE1"
"S000003025",124.633095154205,1.0166044065163,0.290601571359613,3.49827566919201,0.000468276843850787,0.00238187933422039,"S000003025","S000003025","GEP7"
"S000003027",1537.85887349044,1.00579005479059,0.274318365948483,3.66650643792285,0.000245886731475299,0.00137825948155235,"S000003027","S000003027","PKP2"
"S000003049",108.205217242256,1.20124985959592,0.47346610480041,2.53714014037458,0.0111762204832649,0.03451636114246,"S000003049","S000003049",NA
"S000003057",66.8672281147887,-1.05986492845598,0.271908119939974,-3.89787891840064,9.70389115793216e-05,0.000618633881892616,"S000003057","S000003057","MF(ALPHA)2"
"S000003063",743.918558645699,1.09301358570196,0.269948386196333,4.04897247619406,5.14429936689658e-05,0.000356065234145534,"S000003063","S000003063","VPS45"
"S000003075",271.193624355094,1.13468582708791,0.306800930320092,3.69844324104257,0.000216925843705313,0.00123769997373807,"S000003075","S000003075","RMD9"
"S000003084",280.314482773666,2.04833506529239,0.285124394413818,7.18400496563446,6.76984038452371e-13,4.17074692310334e-11,"S000003084","S000003084","CDC20"
"S000003085",1440.02717235632,1.60388738518632,0.534246883331196,3.00214645181564,0.00268083170435904,0.0105206352675435,"S000003085","S000003085",NA
"S000003087",279.301666021408,1.0740312512002,0.236914132255409,4.53341993985537,5.8036269624726e-06,5.58594209930107e-05,"S000003087","S000003087","COQ8"
"S000003092",485.304570642871,1.06758805567115,0.199220876937131,5.35881616467364,8.37690390155488e-08,1.42877192678907e-06,"S000003092","S000003092","MON1"
"S000003093",689.552654474626,1.34750134141565,0.16894436284737,7.97600653081888,1.51143948598358e-15,1.44020030487755e-13,"S000003093","S000003093","MET13"
"S000003105",1543.91215407987,1.15850068633949,0.228261952707161,5.07531225681636,3.86860165710655e-07,5.42629278557644e-06,"S000003105","S000003105","SEC27"
"S000003107",1239.56455662136,-1.22200222091666,0.151315677413534,-8.07584674506016,6.70100002782547e-16,6.74488685899362e-14,"S000003107","S000003107","FLC3"
"S000003111",239.316127962062,1.0123747194531,0.289874967015359,3.49245307339513,0.000478605683037202,0.00242750568759784,"S000003111","S000003111","MRF1"
"S000003125",132.182984297596,-1.0113548424811,0.294791125555076,-3.43075063937819,0.000601913630266945,0.00295640945615308,"S000003125","S000003125","ARI1"
"S000003128",543.554921593131,1.04399036317001,0.195739420355772,5.33357236509884,9.62991601066327e-08,1.61171416323665e-06,"S000003128","S000003128","AIM14"
"S000003129",570.153896755381,1.19692529175865,0.128265028416056,9.33165732343001,1.04228181138817e-20,2.29189752771863e-18,"S000003129","S000003129","YIP5"
"S000003133",874.419125987659,-1.96716019449197,0.308755682465667,-6.37125178970825,1.8749153568034e-10,6.81887155083742e-09,"S000003133","S000003133",NA
"S000003134",1239.55894226359,-1.91150115636895,0.315198024796917,-6.06444522487265,1.32409893911875e-09,3.82753049872329e-08,"S000003134","S000003134","CUP2"
"S000003146",748.289323517773,2.45565829900693,0.372056464864648,6.60023015565739,4.10519961949851e-11,1.75294939985784e-09,"S000003146","S000003146","MPT5"
"S000003155",1444.30921696282,1.64680960320615,0.340171718589143,4.84111262992781,1.2911416287006e-06,1.52263096526548e-05,"S000003155","S000003155","COX4"
"S000003160",1782.1748797341,-1.32108055331142,0.216850064536564,-6.0921381606906,1.11412462880386e-09,3.2965403825796e-08,"S000003160","S000003160","IME4"
"S000003174",1101.6210852156,1.1306442160016,0.274381696015457,4.12069840087989,3.77725629850812e-05,0.000272160298963653,"S000003174","S000003174","CHC1"
"S000003180",174.878498219394,1.5510577749248,0.225529254460531,6.87741277128304,6.09493191784997e-12,3.17937452196458e-10,"S000003180","S000003180","VAM7"
"S000003203",1868.36931374548,1.64207876076206,0.252297978273923,6.50848957251348,7.59101776673812e-11,3.00549631412709e-09,"S000003203","S000003203","ADE5,7"
"S000003223",194.392482152013,-1.01545786468047,0.291570595393674,-3.48271698423297,0.00049635279619339,0.00249801778732117,"S000003223","S000003223","FZF1"
"S000003224",11227.5343991269,1.83135446318581,0.279800892433821,6.54520594003812,5.94134550456345e-11,2.42627575133501e-09,"S000003224","S000003224","ZRT1"
"S000003235",409.474794118922,1.25353802453426,0.264204853158166,4.74456850262259,2.08951261043548e-06,2.3026525629109e-05,"S000003235","S000003235","CUL3"
"S000007408",190.905502343982,1.78642636105378,0.313846539931353,5.69203777567381,1.25532070924296e-08,2.75188633392786e-07,"S000007408","S000007408",NA
"S000003276",1484.93386270837,1.62604183388017,0.368176553254215,4.41647307387724,1.00324391449232e-05,8.7917628877e-05,"S000003276","S000003276","RME1"
"S000003279",505.333053326285,1.03870515171289,0.305710860642826,3.39767173965878,0.00067961915089817,0.00327146793603244,"S000003279","S000003279","TFC4"
"S000003281",231.117347506807,-1.31451976509876,0.20164323987196,-6.51903711690736,7.0760144593593e-11,2.8329824836869e-09,"S000003281","S000003281","SCM4"
"S000003285",248.136236969733,1.19425556800991,0.288659415220521,4.13724792970138,3.51496251715803e-05,0.000256716194469799,"S000003285","S000003285",NA
"S000003287",1106.24611310039,1.39217644308786,0.359178552233013,3.87600104302638,0.000106187228629288,0.000668899981841524,"S000003287","S000003287","MUP1"
"S000003288",382.726820246054,1.1006687544825,0.292894251089857,3.75790494482879,0.000171341941890967,0.00100740040125363,"S000003288","S000003288","RSC1"
"S000003292",2052.2331442918,1.76933541209282,0.466482833944221,3.79292716332706,0.000148881836793268,0.00089185586474693,"S000003292","S000003292","ERG25"
"S000003293",1704.71068708383,1.20941250275363,0.268328693016633,4.50720528303198,6.56870756496365e-06,6.18081219394506e-05,"S000003293","S000003293","ADE6"
"S000003297",877.533036120159,2.13287710153664,0.466323584648832,4.57381348863753,4.7892621006833e-06,4.71763771227198e-05,"S000003297","S000003297","VHT1"
"S000003299",2573.13207393758,2.7717456174138,0.358886014770883,7.72319205356418,1.13452033726323e-14,9.42773208168802e-13,"S000003299","S000003299",NA
"S000003302",1119.8171745512,1.95465704833834,0.276359987824046,7.07286559001745,1.51766475452262e-12,8.64222403840312e-11,"S000003302","S000003302","ROM1"
"S000003308",85.689685928879,1.26477170328537,0.39454000944264,3.2056868074599,0.00134740555188052,0.00585008127370239,"S000003308","S000003308","MRPL25"
"S000003312",476.270931614965,1.46467982758481,0.285061587934839,5.13811712828742,2.77504904065183e-07,4.07644151470058e-06,"S000003312","S000003312","TWF1"
"S000003319",2418.88516599168,4.59451911497676,0.490732988905681,9.36256420262756,7.7824605022537e-21,1.73804231185488e-18,"S000003319","S000003319","PDC6"
"S000003324",266.078520782867,1.97136286248042,0.3084232614493,6.39174507531263,1.64003159416676e-10,6.02595670319422e-09,"S000003324","S000003324","DBF2"
"S000003340",203.842296055247,3.76151356986475,0.309338481843117,12.1598630324061,5.08438647512717e-34,3.82479662573645e-31,"S000003340","S000003340","CLB1"
"S000007347",558.081512300368,1.51047456429326,0.19686899317764,7.67248584915717,1.68694575275491e-14,1.362232522267e-12,"S000007347","S000007347",NA
"S000003342",1382.71320863077,-1.61479775024263,0.27400142125789,-5.89339187668953,3.78347699840078e-09,9.55428210921243e-08,"S000003342","S000003342","CLD1"
"S000003344",324.128565321145,1.16370813997191,0.194107741247921,5.99516604794024,2.03277625911709e-09,5.5447463877024e-08,"S000003344","S000003344","SHY1"
"S000003345",208.155925896731,1.04886036476583,0.202277365365302,5.18525818680527,2.15715812319291e-07,3.27654208871374e-06,"S000003345","S000003345","DAM1"
"S000003353",880.598488590802,1.72296264837871,0.239825072097379,7.18424739044426,6.75784026236218e-13,4.17074692310334e-11,"S000003353","S000003353","MEP1"
"S000003354",344.59582746071,1.61309301797215,0.30974658726889,5.20778302093714,1.91110211148038e-07,2.96262282856714e-06,"S000003354","S000003354",NA
"S000003361",115.116848128177,1.6087052374922,0.386977677349009,4.15710086564329,3.22311709633257e-05,0.000237954610836164,"S000003361","S000003361","SYF2"
"S000003363",47.0273390685785,-1.22109744683616,0.377519002025659,-3.23453240839295,0.00121842091921595,0.00535513228731658,"S000003363","S000003363","FHN1"
"S000003374",2501.59173946651,-1.97952056711252,0.422718780742029,-4.68283089679083,2.82939922932332e-06,2.99338291522711e-05,"S000003374","S000003374","BTN2"
"S000003376",2767.44701409694,1.4115866253993,0.28824225388763,4.89722310438775,9.72004589018075e-07,1.18945732798248e-05,"S000003376","S000003376","THI4"
"S000003378",1359.55453963747,2.19110476417979,0.246097203504153,8.90341187539259,5.41557704985964e-19,8.69717334535323e-17,"S000003378","S000003378","ECL1"
"S000003381",766.5673277976,1.09059830161319,0.307804476833046,3.54315282491727,0.000395373510026171,0.00206243561270221,"S000003381","S000003381","GPC1"
"S000003386",934.579418821908,-1.41769173219361,0.211119651849815,-6.71511022196131,1.87924114122706e-11,8.63665390082261e-10,"S000003386","S000003386","GTO1"
"S000007368",545.417433577325,1.9309319268759,0.277399304413328,6.9608391086619,3.38251903405832e-12,1.83826405147512e-10,"S000007368","S000007368",NA
"S000029726",114.315880074796,-1.25918079542405,0.337393732577864,-3.73208116761166,0.000189904285119216,0.00110517180260951,"S000029726","S000029726",NA
"S000003403",225.133598068377,1.18917389337824,0.240689634973617,4.94069424098212,7.78448993294199e-07,9.82133892229997e-06,"S000003403","S000003403","MSM1"
"S000003407",1942.58803617412,1.37550692403198,0.371586885768739,3.70171008911235,0.000214151229998202,0.00122679901016605,"S000003407","S000003407","ERG1"
"S000003411",163.58137031282,1.63606734401828,0.453461155146548,3.60795478388781,0.000308620257479086,0.00167531687814226,"S000003411","S000003411","OKP1"
"S000003412",3831.90974274041,1.9812807608741,0.320678155645463,6.17840886881166,6.47508465785524e-10,2.06581216550725e-08,"S000003412","S000003412","RNR4"
"S000003422",40.2576439669814,1.59228258424464,0.484090667078643,3.28922388414064,0.00100464075463619,0.00452415105987065,"S000003422","S000003422",NA
"S000003426",482.949413634277,1.11725794015104,0.182444315143705,6.1238298341662,9.1352458789438e-10,2.76631502855389e-08,"S000003426","S000003426","XKS1"
"S000003433",2476.90571158271,-1.05062290615055,0.282686108772325,-3.71657068935324,0.00020194515801827,0.00116528144673199,"S000003433","S000003433",NA
"S000003436",2681.77963463837,1.32762671162226,0.187685801900912,7.07366619198598,1.50893013384792e-12,8.62685536123531e-11,"S000003436","S000003436","ADE3"
"S000003439",405.130669446034,1.50077581335147,0.420201018045019,3.57156634301795,0.000354852632010749,0.0018822327938681,"S000003439","S000003439","CIR1"
"S000003453",428.986213972488,-1.03388925509541,0.16060069226911,-6.4376388450616,1.21346306475591e-10,4.60053782083718e-09,"S000003453","S000003453","TOS2"
"S000003461",496.941281256271,1.17574708572562,0.281532846396019,4.17623414381906,2.96374758160972e-05,0.000222017003060523,"S000003461","S000003461","SMI1"
"S000003465",1008.67578478479,1.08497110773898,0.137801738304436,7.87342105468963,3.4507285888393e-15,3.16161946924873e-13,"S000003465","S000003465","PHO81"
"S000003466",1738.47309131627,2.16183341207027,0.428550422634001,5.04452521311959,4.54648882188302e-07,6.18454384791959e-06,"S000003466","S000003466","YHB1"
"S000003471",270.24449918995,1.31198380392742,0.318211860576004,4.12298838123935,3.7398856956048e-05,0.000270243610956923,"S000003471","S000003471","PEX21"
"S000003476",3180.56800184851,1.72832920106078,0.285530559563726,6.05304456273111,1.42133527340645e-09,4.06302901255968e-08,"S000003476","S000003476","LSC2"
"S000003486",46288.1159988653,3.2842290987321,0.190257694067933,17.2620041193154,9.0900527635487e-67,1.29924124149402e-62,"S000003486","S000003486","ENO1"
"S000003491",267.650233398943,1.29229376614911,0.315997402180787,4.08957085479383,4.32172038055345e-05,0.000304888200391167,"S000003491","S000003491",NA
"S000003511",2216.54784299124,-1.74020807629081,0.320741439876778,-5.42557917355289,5.77669163617848e-08,1.0282223356899e-06,"S000003511","S000003511","SCW4"
"S000003512",525.415407420209,-2.37115544237742,0.376051793290816,-6.30539591801309,2.87458124519793e-10,9.94827838683149e-09,"S000003512","S000003512","PXR1"
"S000003513",1873.58498438509,-1.1977636857136,0.18916699243977,-6.33177950479374,2.42349659461964e-10,8.5528485992342e-09,"S000003513","S000003513","YOR1"
"S000003520",264.149481665017,1.16936268113281,0.17608992766607,6.64071305288028,3.12169246030694e-11,1.36447554541795e-09,"S000003520","S000003520","MAL13"
"S000003521",896.217424736308,-1.24551834276495,0.208693813007047,-5.96816132121219,2.39942076892648e-09,6.42226985960042e-08,"S000003521","S000003521","MAL11"
"S000003522",81.883384105867,-1.2327434650648,0.279310727961607,-4.41351993194566,1.01703349728097e-05,8.89694544120657e-05,"S000003522","S000003522",NA
"S000003524",60.5397072308167,1.4448165808713,0.285356493947255,5.06319853067145,4.1228011533638e-07,5.70447210890888e-06,"S000003524","S000003524","MAL12"
"S000003528",192.10461625113,2.27176033600178,0.362064876371047,6.27445655257006,3.50857584830772e-10,1.18273760848732e-08,"S000003528","S000003528","YRF1-3"
"S000028771",27.1366879039774,3.26282488001446,0.654232680709251,4.98725449862463,6.12433676037114e-07,7.98678333175043e-06,"S000028771","S000028771",NA
"S000000999",795.033559630626,1.57170169905808,0.376336934534104,4.17631530374188,2.96269086652714e-05,0.000222017003060523,"S000000999","S000000999","STE20"
"S000007372",478.59987817581,1.19813371509494,0.218500476114077,5.48343754852691,4.17139578564732e-08,7.84496841634963e-07,"S000007372","S000007372",NA
"S000001008",232.53956843157,1.48350206770813,0.235872482716448,6.28942405923416,3.18645937418676e-10,1.08697049726137e-08,"S000001008","S000001008","DUR3"
"S000001018",169.939657322801,1.03265463518113,0.261874419046832,3.94332000406828,8.03613110009209e-05,0.000528579943919081,"S000001018","S000001018",NA
"S000001020",313.669111898372,1.3764266457462,0.312131680813251,4.40976270707271,1.03483950700267e-05,9.02989076531698e-05,"S000001020","S000001020","WSC4"
"S000001022",453.05889771768,1.03600843335302,0.290962927127941,3.56062005417437,0.000369980105892991,0.00195277904487759,"S000001022","S000001022","ECM29"
"S000001027",963.635649467858,1.40891598246135,0.265681527324341,5.3030257566284,1.13898843784597e-07,1.86265008491218e-06,"S000001027","S000001027","VMR1"
"S000001030",221.811347925364,1.38224551070464,0.273510542111576,5.0537193193115,4.33288235451821e-07,5.94907660836972e-06,"S000001030","S000001030","CBP2"
"S000001035",100.414963755312,-1.17542031757198,0.28127573520209,-4.17888985954467,2.92935499612349e-05,0.000220017188437168,"S000001035","S000001035","ECM34"
"S000001040",760.786247440053,1.04498737718506,0.193921131915529,5.38872358501009,7.09598450695576e-08,1.22936856433841e-06,"S000001040","S000001040","COS8"
"S000001041",44.0731902639109,3.09528960973047,0.555567236772124,5.57140415211356,2.52694372626876e-08,5.0584883304705e-07,"S000001041","S000001041",NA
"S000003529",120.461239126595,1.21732097044265,0.344706903372963,3.53146675779087,0.000413261802404168,0.00214634845267543,"S000003529","S000003529","QCR10"
"S000001046",427.016291609076,1.45083727483407,0.312985702846174,4.63547459721229,3.56119458612657e-06,3.67510138769004e-05,"S000001046","S000001046","NEM1"
"S000001049",2900.86788241954,1.63955478966659,0.395773395070038,4.14266044683587,3.43300035276415e-05,0.000251243594685397,"S000001049","S000001049","ERG11"
"S000001060",3890.40863451719,1.97123420946442,0.33580354607587,5.87020069472121,4.35267910038238e-09,1.08763710457632e-07,"S000001060","S000001060","ARG4"
"S000001065",496.383679517571,1.23320067620176,0.245542748817445,5.02234613785566,5.10440847573435e-07,6.83761109125314e-06,"S000001065","S000001065","MYO1"
"S000001066",366.130807383907,1.03364997390077,0.377958996240627,2.73482040163609,0.00624143199274213,0.0212553699004678,"S000001066","S000001066","MAS2"
"S000001073",160.361958019131,1.14894578628361,0.262573233046249,4.37571557829445,1.21034752541557e-05,0.000103900883968557,"S000001073","S000001073","RRM3"
"S000001075",2417.54592284549,1.93070125061089,0.363520136877403,5.31112600032394,1.08949968042146e-07,1.7982143157777e-06,"S000001075","S000001075",NA
"S000001080",106.11447260024,1.5947597424328,0.333966490487913,4.77520885434618,1.79520842135194e-06,2.02038692648687e-05,"S000001080","S000001080","RRF1"
"S000001088",390.894388075342,1.47960535626457,0.358021471567084,4.13272798915729,3.58482885401391e-05,0.000260752971045398,"S000001088","S000001088","INM1"
"S000001091",420.986752602365,1.78138651332535,0.234683922970126,7.59057753415906,3.18482746311786e-14,2.52892994057464e-12,"S000001091","S000001091","FSH1"
"S000028647",52.5456055556681,-2.62137660657562,0.512042046310574,-5.11945576630566,3.06418626794466e-07,4.42835331928544e-06,"S000028647","S000028647",NA
"S000001095",324.583869372806,-1.44164591208034,0.431398455657173,-3.34179664571168,0.000832380187985154,0.0038829014448015,"S000001095","S000001095","CUP1-1"
"S000001097",324.583869372806,-1.44164591208034,0.431398455657173,-3.34179664571168,0.000832380187985154,0.0038829014448015,"S000001097","S000001097","CUP1-2"
"S000001098",647.205302639785,1.06628922946545,0.172123033176849,6.1949246988338,5.83129017250712e-10,1.87717636116316e-08,"S000001098","S000001098","RSC30"
"S000028777",42.701329888623,1.56023412866131,0.408225431932851,3.82199149443965,0.000132378256804903,0.00080720239953604,"S000028777","S000028777",NA
"S000001115",1077.50649482555,1.3213321409772,0.182433763184271,7.2428048290741,4.39499162376162e-13,2.85534614901931e-11,"S000001115","S000001115","OSH3"
"S000001121",637.20002269422,1.38928512323345,0.190992764287985,7.27401966463314,3.48945157878037e-13,2.35258167054282e-11,"S000001121","S000001121","IRE1"
"S000001123",522.169476327414,-1.18075887662026,0.170182491142949,-6.93819245852064,3.97148438585334e-12,2.13400098973691e-10,"S000001123","S000001123","LRP1"
"S000001134",868.055213572688,-1.15955136766849,0.399079915310117,-2.90556182655153,0.00366594416476068,0.0136108254528524,"S000001134","S000001134","HXT4"
"S000001139",4681.20525747379,-1.88528975243948,0.38593156075858,-4.88503647831702,1.03409706732029e-06,1.25556581299164e-05,"S000001139","S000001139",NA
"S000001146",1678.47880135512,1.09695832636987,0.19215907130984,5.70859506601755,1.13912545976169e-08,2.53606233588378e-07,"S000001146","S000001146","GRE3"
"S000001147",108.440449211443,1.02538680753638,0.382916554263526,2.67783358050041,0.0074100025270212,0.0244316415498763,"S000001147","S000001147","YPT35"
"S000001149",376.094510837163,1.34605570082629,0.393870786912476,3.41750580533762,0.000631977462619137,0.00308168177076789,"S000001149","S000001149","CDC12"
"S000001151",147.876865684333,1.17352009008568,0.400442923182754,2.93055519812522,0.00338356875520507,0.0127266705837227,"S000001151","S000001151","CTM1"
"S000001158",83.7460249452605,-1.35292852516625,0.284526201640884,-4.75502262133964,1.98424197873305e-06,2.20706386008027e-05,"S000001158","S000001158","COX23"
"S000007496",456.719447666648,-1.5824285478797,0.38556379651047,-4.10419381228581,4.0572722740146e-05,0.000289663299762691,"S000007496","S000007496","IGO2"
"S000001178",136.512553150951,1.52192921362027,0.440451571915119,3.45538377125731,0.00054951005533729,0.00272902961116605,"S000001178","S000001178","SPL2"
"S000001180",2313.50879684083,-1.44628596694095,0.323125849657287,-4.4759215905348,7.60824053803613e-06,6.96266566184081e-05,"S000001180","S000001180",NA
"S000001181",30367.0686666173,-2.93248309779706,0.258604369003409,-11.3396502506824,8.34774113139077e-30,4.26122371396315e-27,"S000001181","S000001181","SPS100"
"S000003533",28.8524181767153,-2.15282378596579,0.414603150694296,-5.19249258564646,2.07497136389382e-07,3.17193216086998e-06,"S000003533","S000003533",NA
"S000001186",1904.37690401221,-1.99242898635396,0.327206248006355,-6.0892143670657,1.13466106379907e-09,3.33697748660085e-08,"S000001186","S000001186","DSE2"
"S000001189",3268.08172497231,-1.93443586274224,0.202157928199028,-9.56893395166648,1.08013637706636e-21,2.61667614193381e-19,"S000001189","S000001189","CRP1"
"S000001195",126.518573804422,1.29274664134701,0.330860852870188,3.90722151059139,9.33635543278004e-05,0.000598943124778838,"S000001195","S000001195","SPO12"
"S000001203",751.673723025043,-1.75036756769919,0.259831116850498,-6.73655868825874,1.62181804239724e-11,7.55069878826835e-10,"S000001203","S000001203","PEX18"
"S000001214",486.513541640754,1.05954236708152,0.240663431910297,4.40258978554102,1.0696629938765e-05,9.2711158716904e-05,"S000001214","S000001214","ATG7"
"S000001220",71.8194946681646,1.04246042138596,0.366207806676386,2.84663626056222,0.00441838155088002,0.0158713062344127,"S000001220","S000001220",NA
"S000001227",62.4469799564077,1.60857932752148,0.433992128815686,3.70647120239508,0.000210167120959276,0.00120687772594252,"S000001227","S000001227","SSP1"
"S000001234",68.1611995335828,1.07562125382792,0.310335765684224,3.46599191187779,0.00052827917135567,0.00263699564383394,"S000001234","S000001234","CTF8"
"S000028785",46.1842565613042,1.25351624322572,0.359615470046522,3.48571278945136,0.00049082767903194,0.00247537725254249,"S000028785","S000028785",NA
"S000001251",2997.04168018143,1.94637287375104,0.358843916292569,5.4240096749032,5.82767254743354e-08,1.03471954932258e-06,"S000001251","S000001251","BAT1"
"S000003534",1287.14437485253,1.12360977108817,0.394396278679377,2.84893603674592,0.0043865698451839,0.0157758067147111,"S000003534","S000003534",NA
"S000001259",30.5590544365003,-2.5274824669399,0.56010772600007,-4.51249348940347,6.40699020434817e-06,6.06672669720321e-05,"S000001259","S000001259","IMD2"
"S000001263",298.305003104509,1.19395966413287,0.413937693887091,2.88439463659607,0.00392166965616865,0.0143761026918745,"S000001263","S000001263",NA
"S000001264",494.152985825001,1.50101068157925,0.257971209253548,5.81852015937164,5.93709002746512e-09,1.44563590736898e-07,"S000001264","S000001264","INP51"
"S000001268",151.155942650173,1.22282705057167,0.395958435140209,3.0882712478108,0.00201324620809677,0.00823564054159334,"S000001268","S000001268","YIA6"
"S000001272",194.303621780305,1.38316962127558,0.265813075375337,5.20354244922866,1.95525064429526e-07,3.01606793427978e-06,"S000001272","S000001272","DOT5"
"S000003536",86.869113482875,2.57536955117775,0.318529809032249,8.08517594947296,6.20745149143607e-16,6.38295713432343e-14,"S000003536","S000003536",NA
"S000001276",664.741145611806,1.23499063473067,0.281074000559392,4.39382736315987,1.11372270831787e-05,9.60098834136752e-05,"S000001276","S000001276","MNT3"
"S000001277",62.8444008546707,1.00198802980816,0.363044934198714,2.75995595977582,0.00578091539948004,0.0199188666169908,"S000001277","S000001277","BAR1"
"S000001304",542.219372204189,1.23674387868952,0.19418416253988,6.36892248324077,1.90360780707291e-10,6.90565136713023e-09,"S000001304","S000001304","PKP1"
"S000001309",4348.6035298758,-1.91250413231336,0.296876109133247,-6.4420951146829,1.17835391709041e-10,4.49125667652618e-09,"S000001309","S000001309","SYG1"
"S000028790",110.261530833721,-1.02764874271281,0.407781170270322,-2.52009856666892,0.0117321976061469,0.0360000644879041,"S000028790","S000028790",NA
"S000001323",140.555877103115,1.13279825781278,0.439137946978815,2.57959546790755,0.00989161130839594,0.0311068867834771,"S000001323","S000001323","SNP1"
"S000001330",480.44554458681,1.22720416809931,0.24396726219526,5.03020018774945,4.8996799133685e-07,6.58187265054286e-06,"S000001330","S000001330","SEC6"
"S000001336",690.465518426249,1.32447236715348,0.396157638806683,3.34329629776441,0.000827894510508117,0.0038670249146054,"S000001336","S000001336","SER33"
"S000003537",625.777934126052,1.28736462297707,0.196833684884394,6.5403674362606,6.13678721231246e-11,2.49894870728154e-09,"S000003537","S000003537",NA
"S000001356",1620.53735721369,1.22547544317265,0.43287389481137,2.83102182381932,0.00463995549955308,0.0165507571637415,"S000001356","S000001356","LYS12"
"S000001357",290.104162724782,1.01657316690558,0.374828858148687,2.71209952170311,0.00668585160736231,0.0224690517338419,"S000001357","S000001357","PRK1"
"S000001368",240.63637340083,1.48074552170673,0.33104544556544,4.47293730073089,7.71524051598957e-06,7.04625768019418e-05,"S000001368","S000001368","MOB1"
"S000001370",604.10168834369,1.39374703675937,0.197592494560905,7.05364361058649,1.74292444396784e-12,9.84648975400485e-11,"S000001370","S000001370",NA
"S000001378",1603.68786895216,1.46798973207367,0.222579933949796,6.59533726164544,4.24290219549533e-11,1.79951931988768e-09,"S000001378","S000001378","HIS5"
"S000001383",395.275360471572,1.16946448570368,0.253243081594845,4.61795235762715,3.87545197234627e-06,3.92993500571283e-05,"S000001383","S000001383","QDR2"
"S000001384",405.107037954587,1.05489704645774,0.222787638211762,4.73498913550602,2.19066833705889e-06,2.39646810725714e-05,"S000001384","S000001384","POG1"
"S000001393",106.875302918187,1.72508034540205,0.30588778902061,5.63958551900813,1.70459977100992e-08,3.59879535111445e-07,"S000001393","S000001393","FKH1"
"S000001400",327.618980651989,1.00357348093495,0.230267392116961,4.3582961169995,1.31078953889439e-05,0.000111055808413856,"S000001400","S000001400","TPM2"
"S000001401",224.871986296212,-1.06538823818319,0.361287006885102,-2.94886950784257,0.00318938613274249,0.012114242890058,"S000001401","S000001401","REV7"
"S000001407",472.767457789115,-1.01685616563675,0.223807083354088,-4.54344943152656,5.53410858921201e-06,5.35538348446901e-05,"S000001407","S000001407","PAN6"
"S000001412",160.375969605391,1.58489805121951,0.291222578323222,5.44222244149101,5.26199100703265e-08,9.56865616584195e-07,"S000001412","S000001412","MCM10"
"S000001420",31.8808724022811,2.04988468938725,0.529549354298889,3.87099837389331,0.000108390515175449,0.000679484926931007,"S000001420","S000001420","AIM20"
"S000001426",152.48643835085,1.00538395857867,0.206012759497859,4.88020237692666,1.05977033964084e-06,1.28258234246287e-05,"S000001426","S000001426","NIT1"
"S000001428",253.699135987449,1.01896492980314,0.218343017613027,4.66680794715893,3.05915020444525e-06,3.19856868120965e-05,"S000001428","S000001428",NA
"S000028798",18.4599205570492,-1.66019653543072,0.665046633821399,-2.49636108356963,0.012547480434828,0.0380524374824946,"S000028798","S000028798",NA
"S000001434",169.987387784003,-1.27103673324887,0.414968901663358,-3.06296864211765,0.00219153023423271,0.008845959231259,"S000001434","S000001434","IMA3"
"S000001440",374.414924533902,1.01181272607525,0.284416514158519,3.55750343494933,0.00037439620711333,0.00197317293077833,"S000001440","S000001440","SGN1"
"S000001446",272.251463100031,1.38736331997447,0.233812868537978,5.93364825747016,2.96276213561881e-09,7.6712921405528e-08,"S000001446","S000001446","EGH1"
"S000001449",282.931640120383,1.12634489329816,0.221298563881184,5.08970719711899,3.5861682210127e-07,5.08177345707279e-06,"S000001449","S000001449","DSN1"
"S000001453",137.106763551032,1.40409717376874,0.318934163404173,4.40246713861561,1.07026804647654e-05,9.2711158716904e-05,"S000001453","S000001453",NA
"S000001456",324.132697693733,1.53660604662535,0.279251820307846,5.50258202410783,3.74269003342689e-08,7.13256915303608e-07,"S000001456","S000001456","MET28"
"S000028799",360.624567878974,1.5925734578735,0.247654674689036,6.43062142829808,1.27083311107669e-10,4.80529567635426e-09,"S000028799","S000028799",NA
"S000001471",25.0899601427684,1.27748479483351,0.388476495886536,3.28844810010496,0.00100741356666715,0.0045351061758657,"S000001471","S000001471","DAL3"
"S000001472",771.31513071914,1.01185794309988,0.156972419123067,6.44608746398043,1.14774442766574e-10,4.38628639161134e-09,"S000001472","S000001472","MGA2"
"S000028803",73.4855771191832,1.0859689138747,0.326691627532152,3.3241406340229,0.000886914581466179,0.00409056796156699,"S000028803","S000028803",NA
"S000001477",7822.34915554679,-3.15463644255829,0.255626720982571,-12.3407929751342,5.46153153742172e-35,5.20411135095791e-32,"S000001477","S000001477","GTT1"
"S000003543",146.385345930853,1.1313771571875,0.375966891595584,3.00924677805004,0.00261896293837948,0.0103063979290358,"S000003543","S000003543","CTK2"
"S000028659",21.7903106124129,2.12144777763519,0.574695360289256,3.69143014582094,0.000222996643864254,0.00126689290706722,"S000028659","S000028659",NA
"S000028660",37.3908184710561,1.75559008478304,0.515668543226224,3.40449326964834,0.000662869337819483,0.00320405527407976,"S000028660","S000028660",NA
"S000003563",4515.50124329212,1.77520207097833,0.325178740083888,5.45915784814337,4.7839830264055e-08,8.77759555794786e-07,"S000003563","S000003563","RNR2"
"S000003566",482.259701385993,1.45999979967424,0.169557786054635,8.61063259698256,7.26585039188284e-18,9.89055234773157e-16,"S000003566","S000003566","VPS53"
"S000003567",160.276585086058,1.06111844160085,0.384597622613139,2.75903536374225,0.00579722611115824,0.0199517825202949,"S000003567","S000003567","MAD2"
"S000003575",68.3093472165026,1.16623344514533,0.365982531194787,3.18658227030137,0.00143964537159227,0.00619225136809156,"S000003575","S000003575","LOH1"
"S000003576",688.060974630078,1.09446771209559,0.237795252696783,4.60256333834873,4.17322589993078e-06,4.20055759068385e-05,"S000003576","S000003576","NUP192"
"S000003579",35.521801485524,-1.36847173289248,0.450380998206705,-3.03847573130609,0.00237778255932093,0.00947995707681285,"S000003579","S000003579",NA
"S000003582",231.794458296017,1.52665106603064,0.265098376762321,5.75880955845831,8.47092054767277e-09,1.97834750633802e-07,"S000003582","S000003582","AIM22"
"S000003583",461.120288087909,1.0804779685477,0.21541732409262,5.0157431538939,5.28288647273043e-07,7.03490887726504e-06,"S000003583","S000003583","RTT101"
"S000003584",3389.94667864778,-1.85375839392974,0.369284766171596,-5.01986153706745,5.17087381852008e-07,6.92015912809995e-06,"S000003584","S000003584","UBX6"
"S000003587",300.993340508496,1.18028079617131,0.220496697829519,5.35282753796098,8.65903702594041e-08,1.46987667709936e-06,"S000003587","S000003587","IRC8"
"S000003588",37250.5559273389,3.35145376654793,0.299951466440495,11.173320158489,5.50826780934522e-29,2.46030224371785e-26,"S000003588","S000003588","TDH1"
"S000003594",101.375255183576,1.19335348902356,0.383740193911143,3.1097953979246,0.00187216977760411,0.00775976678039787,"S000003594","S000003594","BIT61"
"S000003596",517.109819839592,1.54643522410659,0.31984452989272,4.83495911161989,1.33173005722158e-06,1.56404418306229e-05,"S000003596","S000003596","BNA3"
"S000003602",2345.22759892988,-1.8024395727561,0.31272381438385,-5.76367865142406,8.23000483401229e-09,1.92522846305299e-07,"S000003602","S000003602","MPM1"
"S000003603",429.611235687816,-1.89166248582396,0.312172605228316,-6.05966844669294,1.36402416012037e-09,3.92273587939648e-08,"S000003603","S000003603",NA
"S000003607",419.97098371674,1.0491737938105,0.233353030118977,4.49607958069183,6.92178388139891e-06,6.47891663502519e-05,"S000003607","S000003607","ARG2"
"S000003615",1693.78351930224,1.91646565604377,0.266071092355331,7.20283304390084,5.89741680299606e-13,3.73205161180703e-11,"S000003615","S000003615","PRY1"
"S000003618",1448.72553982304,1.47011535951507,0.164501472709097,8.93679147854687,4.00633379423138e-19,6.81783567722074e-17,"S000003618","S000003618","IML2"
"S000003619",251.274841481317,1.40632007702747,0.172299424017893,8.16207068040708,3.29329383932717e-16,3.51276483921666e-14,"S000003619","S000003619","TAX4"
"S000003625",940.753033718997,1.9639803254243,0.325629631889314,6.03133171274744,1.6261400841213e-09,4.55733729849918e-08,"S000003625","S000003625","SIP4"
"S000003635",334.94505878157,1.3481475454615,0.251387627769659,5.36282376910283,8.19309323186712e-08,1.39909058020402e-06,"S000003635","S000003635","CHS6"
"S000003637",1268.67386033423,1.29258268793921,0.220863560493163,5.85240356106284,4.84519203977201e-09,1.20021368846553e-07,"S000003637","S000003637","GSH1"
"S000003643",72.8237339426884,1.19941868197386,0.269813527659254,4.44536155165874,8.77441740245856e-06,7.85302116050972e-05,"S000003643","S000003643",NA
"S000003646",299.348321408791,1.19505636906065,0.328100070216407,3.64235328652145,0.00027015695592243,0.00149722891469534,"S000003646","S000003646","GZF3"
"S000003649",304.843200356363,1.08252246885228,0.302545357767184,3.5780501702006,0.000346167014704918,0.00184613693505962,"S000003649","S000003649",NA
"S000003663",340.596626121358,1.14771078885948,0.198604908244485,5.77886417311817,7.52066091849714e-09,1.77088643341153e-07,"S000003663","S000003663","SPT10"
"S000003665",844.997605463439,1.14199336489964,0.248611808730427,4.59347997479041,4.35914868074914e-06,4.3600638274281e-05,"S000003665","S000003665","TRK1"
"S000028805",215.959362451306,-1.11127376494241,0.386177495555013,-2.87762435080608,0.00400681956338922,0.01464317873166,"S000028805","S000028805",NA
"S000003680",465.916432910157,-1.04585993527228,0.320298247791569,-3.26526898752459,0.00109360169960867,0.0048724591934248,"S000003680","S000003680",NA
"S000003682",420.847688741318,1.0275738442812,0.250780531645047,4.09750245579516,4.17631738776042e-05,0.000297123466516972,"S000003682","S000003682","IDS2"
"S000003683",167.206939247365,1.18482070281159,0.362929945218666,3.26459890791798,0.00109619183074898,0.0048824773564647,"S000003683","S000003683","MRX5"
"S000003689",5498.06818871029,3.21223363343537,0.380774687110277,8.43604825156107,3.28247321116974e-17,3.97596522095331e-15,"S000003689","S000003689","INO1"
"S000003691",2118.70495980711,-1.32994818844006,0.184785672979444,-7.19724731358369,6.1440264843055e-13,3.85160397106046e-11,"S000003691","S000003691","FBP26"
"S000003695",19781.4545863695,1.95979290583815,0.515460084992321,3.80202650582992,0.000143517368683624,0.000866621778874116,"S000003695","S000003695","HSP150"
"S000003697",411.154214118309,1.43528424282006,0.233543190795974,6.14569081602529,7.96162357481897e-10,2.43673417034021e-08,"S000003697","S000003697","FMP33"
"S000003701",2159.12639699832,1.00575583730688,0.320947475524902,3.13370851620499,0.00172612228915127,0.00725503137924562,"S000003701","S000003701","HAL5"
"S000003707",597.478304251469,1.4600182909599,0.403502543635161,3.61836204998008,0.000296473458448061,0.00162045703311592,"S000003707","S000003707","TOH1"
"S000003711",64.0722233308993,1.77410646670545,0.321850065170227,5.51221409809913,3.54347503344725e-08,6.80737750713194e-07,"S000003711","S000003711",NA
"S000003721",906.90545316179,-1.64525304079705,0.230184836683289,-7.14753006541762,8.83531731258497e-13,5.21831365077590e-11,"S000003721","S000003721","ATG36"
"S000003736",608.332764876782,1.04815059521607,0.324262718318913,3.23241167115985,0.0012275007791064,0.00539172361271291,"S000003736","S000003736","ACO2"
"S000003740",261.803148746582,1.0582859989238,0.344813896175339,3.06915124553348,0.002146678827023,0.00870196324008764,"S000003740","S000003740","RCY1"
"S000003750",59.2868918492664,1.87853767257751,0.311085092910436,6.038661817583,1.55397541181377e-09,4.39821199228795e-08,"S000003750","S000003750","HXT8"
"S000003756",18.4599205570492,-1.66019653543072,0.665046633821399,-2.49636108356963,0.012547480434828,0.0380524374824946,"S000003756","S000003756",NA
"S000003757",169.987387784003,-1.27103673324887,0.414968901663358,-3.06296864211765,0.00219153023423271,0.008845959231259,"S000003757","S000003757","IMA4"
"S000003763",222.020251778521,1.4671276300854,0.442103359901567,3.31851725897775,0.0009049672981719,0.00415906675008713,"S000003763","S000003763","MRX12"
"S000003764",1378.42283712053,-1.59723351964116,0.137295038735998,-11.6335851196521,2.78164353539806e-31,1.80718322961112e-28,"S000003764","S000003764","SAG1"
"S000003769",7500.66654661255,1.79910339445831,0.701620853437811,2.56421026490738,0.0103410876982284,0.0323495658723525,"S000003769","S000003769","TDH2"
"S000003771",268.287235403094,1.22460748337656,0.297287977028565,4.11926340115294,3.8008546965346e-05,0.000273680686033094,"S000003771","S000003771","MET3"
"S000003777",5392.48784170918,1.42721888724456,0.391064187758209,3.64957705645753,0.000262672438019781,0.00146198487407193,"S000003777","S000003777","ILV3"
"S000003783",37.3062467556585,1.08212589880886,0.382007382510627,2.8327355657289,0.00461515470861395,0.0164828601324885,"S000003783","S000003783","LSM8"
"S000003784",30.6250218803733,1.2188615940155,0.462665860289859,2.6344316679253,0.00842782656785769,0.0272470440578684,"S000003784","S000003784",NA
"S000003786",832.455198701852,1.00502628016148,0.233455796005089,4.30499605218443,1.66988713456471e-05,0.000135529773887747,"S000003786","S000003786","BNA1"
"S000003789",68.7732056122019,8.96601360457391,2.68245204790756,3.3424692946768,0.000830365415979849,0.00387603294924885,"S000003789","S000003789",NA
"S000003797",325.319168996624,1.12953312859579,0.220066960998223,5.13267926940163,2.85646437395417e-07,4.1533515052825e-06,"S000003797","S000003797","HUL4"
"S000003798",19.1794018783962,1.37772597322712,0.562209502528146,2.45055618418359,0.0142635700537738,0.0422351785329581,"S000003798","S000003798",NA
"S000003807",1040.16609433784,-1.56768074071529,0.436010515656243,-3.59551131090442,0.000323755060411145,0.00174159995425536,"S000003807","S000003807","TAH11"
"S000003809",157.780319939587,1.98837379453511,0.391589092906997,5.07770474344481,3.82021741494181e-07,5.36896435710553e-06,"S000003809","S000003809","CYC1"
"S000003812",765.847489101309,1.14181927620003,0.212792988096219,5.36586889641182,8.05604443503327e-08,1.37733305155419e-06,"S000003812","S000003812","OSM1"
"S000003814",68.5149519605133,1.99072019726426,0.355460432358034,5.60039885187313,2.13859165603223e-08,4.40689684999636e-07,"S000003814","S000003814","BFA1"
"S000003818",443.684631781711,-1.52558161732632,0.240153844648849,-6.352517985115,2.11818651340736e-10,7.60684417993253e-09,"S000003818","S000003818","CDC8"
"S000003820",1916.98778550485,1.59281712009481,0.150712935898531,10.5685494785079,4.16892628121266e-26,1.38573170552029e-23,"S000003820","S000003820","PTK2"
"S000003822",1673.23482526088,2.04680820701594,0.288396596606079,7.09719958939626,1.27310139980449e-12,7.33727351105065e-11,"S000003822","S000003822",NA
"S000003823",441.506371410021,1.21665963852121,0.263467340382256,4.61787649564459,3.87686864762827e-06,3.92993500571283e-05,"S000003823","S000003823","NTA1"
"S000003838",4031.03771864836,1.33338853554884,0.391977047038454,3.40170054757831,0.0006696797309894,0.00323150992404845,"S000003838","S000003838","MIR1"
"S000003841",645.382861948402,1.37117898206456,0.230810916290074,5.94070247674642,2.83803284116115e-09,7.40219040122562e-08,"S000003841","S000003841","AIM24"
"S000003851",1391.56148525733,1.20981819693574,0.195880238812764,6.17631571346087,6.56147160482658e-10,2.08406919217303e-08,"S000003851","S000003851","JSN1"
"S000003852",486.540490744133,2.22154821222794,0.219124884201834,10.1382744379762,3.7364116634153e-24,1.11259441469156e-21,"S000003852","S000003852","BUD4"
"S000003856",1214.36741608982,3.67335194070463,0.452417954775956,8.11937700952592,4.68582775367408e-16,4.92459824141644e-14,"S000003856","S000003856","SFC1"
"S000003859",121.202396495166,1.38227054432415,0.238674668576959,5.79144218599154,6.97845810588728e-09,1.65961899679612e-07,"S000003859","S000003859",NA
"S000003861",379.163210886594,1.04726319861971,0.258075932809179,4.05796537174218,4.95021055822585e-05,0.000344801946923597,"S000003861","S000003861","AIM25"
"S000003863",96.3349462726739,1.10454750453421,0.336801114078367,3.27952449788274,0.00103982181881515,0.00465752844134281,"S000003863","S000003863","VPS25"
"S000003870",2945.06447797669,1.51068966903723,0.388270694089197,3.89081558828691,9.99078432976204e-05,0.000634377078744064,"S000003870","S000003870","CPA2"
"S000003871",284.859022424398,1.16175649583844,0.340715395666174,3.40975638499385,0.00065020931146537,0.00315138748347729,"S000003871","S000003871","YMR1"
"S000003872",191.546510905516,1.09625364362518,0.367399018833425,2.98382300286494,0.0028467139319074,0.0110655649248715,"S000003872","S000003872","PXP2"
"S000003882",8451.39377116528,1.59258837340139,0.284193235745499,5.60389260927939,2.09590594495798e-08,4.33527983665476e-07,"S000003882","S000003882","ATP2"
"S000003889",39.8455113262984,1.80915495509671,0.56976149924447,3.17528467173673,0.00149689572019142,0.00640144116906144,"S000003889","S000003889",NA
"S000003890",117.70584557177,1.19240886108864,0.362618437967482,3.28832937390671,0.00100783854308342,0.00453518742579834,"S000003890","S000003890","EFM3"
"S000003895",758.623048533508,1.10181221096545,0.185585960317699,5.93693730430522,2.9039565101409e-09,7.56033704907903e-08,"S000003895","S000003895","SGM1"
"S000003898",1320.34768484154,1.62931643402306,0.246558355673622,6.60823856312476,3.88919609274354e-11,1.66931771031782e-09,"S000003898","S000003898","MET5"
"S000003899",633.119518000734,1.18260757922794,0.238461480832465,4.95932330496092,7.07391555002437e-07,9.09239882702323e-06,"S000003899","S000003899","IML1"
"S000003907",81.0252182668551,-1.8204466031956,0.614902353868797,-2.96054583584182,0.00307094421788726,0.0117581049306891,"S000003907","S000003907",NA
"S000003908",549.024248684813,-1.53055266229789,0.463273709700548,-3.30377621317475,0.000953919464125986,0.00434077392574107,"S000003908","S000003908","HMS2"
"S000003910",520.81039606959,1.10407054887671,0.206112098638092,5.35665085248256,8.47787205749804e-08,1.44255030140261e-06,"S000003910","S000003910",NA
"S000003915",445.96568698575,1.05703198062262,0.369513072288305,2.86060781037237,0.00422829760996044,0.0153056269298197,"S000003915","S000003915",NA
"S000003916",2341.30314361261,-1.67049172210772,0.226302172739238,-7.38168662672354,1.56296728619983e-13,1.10591541691358e-11,"S000003916","S000003916","AAD10"
"S000003917",141.211584416799,1.49900538231781,0.245168892317895,6.11417447028372,9.70580743592884e-10,2.92668999328546e-08,"S000003917","S000003917","THI11"
"S000003922",330.400440790702,1.23802525892923,0.19543283579563,6.33478634175821,2.37670391832071e-10,8.42933724678855e-09,"S000003922","S000003922","COS5"
"S000001484",304.522171554302,1.44285695432116,0.265214441462094,5.44034082897923,5.31787342603797e-08,9.65798791338763e-07,"S000001484","S000001484","MET14"
"S000001487",780.99880593275,-1.27629328670574,0.207465259369082,-6.15184099056896,7.65886461354827e-10,2.35922741210012e-08,"S000001487","S000001487","AUR1"
"S000001488",1034.93795888613,-1.03227069389553,0.196859187914899,-5.24370086471032,1.57387292833437e-07,2.49394298943273e-06,"S000001488","S000001488","BYE1"
"S000001494",105.067641633902,1.03851367855544,0.314994781001078,3.29692344506459,0.000977501411071808,0.00443035743778687,"S000001494","S000001494","CCE1"
"S000001496",540.58790778981,1.1928914386116,0.278632607040002,4.28123417170748,1.85859650342315e-05,0.000148739752650767,"S000001496","S000001496","ARC19"
"S000001499",2014.85344994844,2.07157171957521,0.32354469891746,6.40273732348708,1.52615636105065e-10,5.6511276861391e-09,"S000001499","S000001499","ATP7"
"S000001500",266.816309833762,1.43788293501457,0.395824723164783,3.6326253790266,0.00028055218176187,0.00154703062445401,"S000001500","S000001500","HCS1"
"S000007615",45.2367527300779,1.15579796003187,0.420230111778894,2.75039300524946,0.00595238269575821,0.0203871956490355,"S000007615","S000007615",NA
"S000001509",2170.84379754146,-2.13409761543757,0.240724807424185,-8.86529991766508,7.62984123424106e-19,1.19838814023085e-16,"S000001509","S000001509","GPX1"
"S000001512",1509.42125616696,2.05589095829517,0.358089896063527,5.74127050468479,9.39688446280813e-09,2.14895471403067e-07,"S000001512","S000001512","MAE1"
"S000001513",296.95844266073,1.39406611814005,0.333182584581772,4.18409059372043,2.8630992472882e-05,0.000216405486734481,"S000001513","S000001513",NA
"S000001515",1878.67393056351,-1.81261504504288,0.30491401465469,-5.94467606579393,2.77004091935352e-09,7.2836701080096e-08,"S000001515","S000001515","IXR1"
"S000001516",347.170219395222,1.53971308575904,0.345971736227259,4.45040136095872,8.57099540964466e-06,7.69988921370529e-05,"S000001516","S000001516","TTI1"
"S000001524",482.762851010695,-1.14156215460631,0.217359476096551,-5.25195484966675,1.50493357823661e-07,2.4087363531619e-06,"S000001524","S000001524","VPS24"
"S000001531",187.881885720815,1.43456213526837,0.421984493851837,3.39956125442859,0.000674940599604252,0.00325362122622585,"S000001531","S000001531","ELM1"
"S000001540",610.918919049218,1.34515825468746,0.245719760986669,5.4743592834621,4.3909739371224e-08,8.15413048870105e-07,"S000001540","S000001540","NUP120"
"S000001543",53035.3853878649,1.13728837165884,0.217237699470007,5.2352256281183,1.64783441291008e-07,2.59103380238986e-06,"S000001543","S000001543","FBA1"
"S000001545",3177.4601131081,1.12414225204811,0.277842960992186,4.04596268350208,5.21085340472572e-05,0.000360497229979404,"S000001545","S000001545","MSN4"
"S000113563",246.326148693507,-4.01904802482666,0.498109145060727,-8.06860918872846,7.11034637791127e-16,7.10686578877523e-14,"S000113563","S000113563",NA
"S000001549",72.3718184490152,-1.58543440496906,0.464511359521805,-3.4131230000515,0.000642229487370873,0.00312011762848127,"S000001549","S000001549",NA
"S000028524",11.3777885618309,2.0406793015455,0.707816231639593,2.88306372519665,0.00393827760526857,0.0144194046268826,"S000028524","S000028524",NA
"S000001567",58.0623160258591,-1.03091486593981,0.372873578224274,-2.7647839003485,0.00569605169056355,0.0196984434583172,"S000001567","S000001567","HOT13"
"S000001568",5028.75626063327,1.84155791659986,0.255618549996977,7.20432033051448,5.83340839832561e-13,3.72218331416375e-11,"S000001568","S000001568","MDH1"
"S000001569",135.62028093093,1.64882419405764,0.5020112437006,3.28443678253748,0.00102186420075183,0.00458715609966893,"S000001569","S000001569","SRX1"
"S000001570",337.41022392639,1.02225573498373,0.33805394703523,3.02394261019291,0.00249503763851324,0.00987855206849575,"S000001570","S000001570","CYT2"
"S000001579",730.282032245507,-1.68053719653828,0.262866485271384,-6.39312080733033,1.62533744744604e-10,5.98735776709955e-09,"S000001579","S000001579","CWP1"
"S000001586",1535.17753981325,1.83040621546553,0.244771065554183,7.4780334486077,7.54429986419786e-14,5.67529883994632e-12,"S000001586","S000001586","APE1"
"S000001590",1615.96360872746,-1.2315839938276,0.15809139999736,-7.79032884678211,6.68350172256343e-15,5.89674630374068e-13,"S000001590","S000001590",NA
"S000001603",783.649763747803,2.22060721036329,0.525569920019251,4.22514136707433,2.38790828642523e-05,0.000184488503447977,"S000001603","S000001603","OAC1"
"S000001604",607.83888391601,1.03135453849378,0.132863596084086,7.76250657735519,8.32670521249442e-15,7.25692668305992e-13,"S000001604","S000001604","DGR2"
"S000001609",1117.99290711745,1.1707614030351,0.182720718455077,6.40738178425531,1.48039789231664e-10,5.49592911035888e-09,"S000001609","S000001609","YPK1"
"S000001612",1014.96195313012,1.98871955304534,0.138668462856343,14.341541775837,1.20351702670333e-46,1.91131876251897e-43,"S000001612","S000001612","MYO3"
"S000001614",63.755466570889,1.13955551529969,0.425122456845827,2.6805347422824,0.00735046338833832,0.024280141717014,"S000001614","S000001614",NA
"S000001616",1351.58750090794,-1.79325906641603,0.161317449438578,-11.1163365938216,1.04474305286901e-28,4.3919154278402e-26,"S000001616","S000001616",NA
"S000001617",294.14635971603,1.65083253750222,0.319800664163559,5.16206725780256,2.44237499825968e-07,3.64393171713212e-06,"S000001617","S000001617","OCT1"
"S000001623",381.894872695157,1.31265059106813,0.281115788811107,4.66943033196243,3.02036103202497e-06,3.17426619343624e-05,"S000001623","S000001623","TGL1"
"S000001631",4886.28925286519,1.82088103679764,0.162632613811592,11.1962846450166,4.25194002497694e-29,1.96041867022566e-26,"S000001631","S000001631","SDH1"
"S000001644",367.944811988153,1.0539730526732,0.309633758245058,3.40393456658896,0.000664226628705148,0.00320953049495696,"S000001644","S000001644","KDX1"
"S000001645",312.965872262845,1.7271407264807,0.295705875759047,5.84073861247194,5.19698906264613e-09,1.28291130694993e-07,"S000001645","S000001645",NA
"S000001646",21441.1924314013,1.79240608030881,0.217689169411932,8.23378620604247,1.81387287503036e-16,1.97905992387854e-14,"S000001646","S000001646","PIR3"
"S000001647",2141.69810972755,2.37127113191587,0.213160437133026,11.1243491700856,9.55002856316397e-29,4.13631994706978e-26,"S000001647","S000001647","PIR1"
"S000001660",78.4925815165367,1.41582800089172,0.444370457498903,3.18614340129759,0.00144183111418856,0.00619978703823621,"S000001660","S000001660",NA
"S000001662",701.101951679071,1.03166273478031,0.203383105048064,5.07250951123252,3.92603506024459e-07,5.49606455593301e-06,"S000001662","S000001662","COY1"
"S000001665",5116.97415517674,1.11967651948114,0.217961958257128,5.13702725206875,2.79118492574477e-07,4.09228024426577e-06,"S000001665","S000001665","FAS1"
"S000001668",933.015094022391,1.76073971769216,0.314552222085299,5.59760699199475,2.17330729876461e-08,4.43758303160607e-07,"S000001668","S000001668","ASH1"
"S000001670",2327.90582927208,-1.73095473740508,0.447420273553711,-3.86874453331469,0.000109397187371682,0.000684594570535662,"S000001670","S000001670","FAT3"
"S000001672",381.692444114912,1.07458345904786,0.416699291553042,2.57879838250475,0.00991446339054903,0.0311650374403161,"S000001672","S000001672","HYM1"
"S000001676",710.593372121014,1.34102645702387,0.191371638243423,7.00744618864632,2.42707315795136e-12,1.33938828751347e-10,"S000001676","S000001676","SDS22"
"S000001680",571.672578913689,1.21816985229167,0.184320333599133,6.60898246278672,3.86970553593438e-11,1.66595485617801e-09,"S000001680","S000001680","PEX1"
"S000001681",1130.81680018732,1.09963709401056,0.266798082516677,4.1216079352513,3.76237120233161e-05,0.000271456696592255,"S000001681","S000001681","PTK1"
"S000001691",117.695482228222,1.34509857997338,0.286280322835156,4.69853661841755,2.62032213026475e-06,2.79297134193713e-05,"S000001691","S000001691","CBT1"
"S000001693",3290.46980455688,1.19594536570302,0.166164580089245,7.19735436433382,6.13920639266437e-13,3.85160397106046e-11,"S000001693","S000001693","UBA1"
"S000001694",642.790892357061,1.16426599600293,0.420701050760697,2.76744256734741,0.00564979992937295,0.0195621585248371,"S000001694","S000001694","TRP3"
"S000001696",773.895606068531,1.38301312947125,0.306386198687958,4.5139537465909,6.36300999306502e-06,6.03941394839485e-05,"S000001696","S000001696","DOA1"
"S000001698",551.154194937188,1.26294407498997,0.29565084117148,4.2717418627517,1.93952014582921e-05,0.000154265784331312,"S000001698","S000001698","OXP1"
"S000001704",310.323327946312,-1.5635903786281,0.27027157650347,-5.78525644041605,7.24017934518736e-09,1.71330932749608e-07,"S000001704","S000001704","MCH2"
"S000001718",283.705670212231,1.35760009600658,0.264328916460286,5.13602565389609,2.80609370505968e-07,4.09678215795894e-06,"S000001718","S000001718","TOF2"
"S000001719",389.170820594389,1.12794986390166,0.413138283180814,2.73019932991298,0.00632960415122188,0.0215095178633891,"S000001719","S000001719",NA
"S000001721",1465.8028679739,-1.10879161242697,0.220675360238324,-5.02453745279719,5.04647315635039e-07,6.77269866889354e-06,"S000001721","S000001721","PRY2"
"S000001722",2490.93737438537,-2.2453322976706,0.236551793576726,-9.49192675194119,2.2680272268182e-21,5.31424805785451e-19,"S000001722","S000001722","YPT52"
"S000001724",765.713441750837,2.25503515407549,0.506490277166563,4.45227728099883,8.49643495143086e-06,7.64251383013224e-05,"S000001724","S000001724","MIC60"
"S000001729",583.053541731995,1.27974104853167,0.180352309191187,7.09578410318579,1.28620135363103e-12,7.38300238853347e-11,"S000001729","S000001729","ALY1"
"S000001731",240.88277806477,1.02018630012163,0.415895472413738,2.45298727153907,0.0141675351711369,0.0420204565679726,"S000001731","S000001731",NA
"S000001747",1424.53388185338,1.22913763606638,0.493791681160644,2.48918254997194,0.0128037204549755,0.0386736213996121,"S000001747","S000001747","GAP1"
"S000001757",1547.25720450664,-1.19974000748791,0.183076709667262,-6.55320936053753,5.63134774670741e-11,2.31289808458876e-09,"S000001757","S000001757","FMP46"
"S000001772",505.010048701158,1.28870110239699,0.297387472035334,4.33340750226314,1.46818983068952e-05,0.000122004867732822,"S000001772","S000001772","OAF3"
"S000001774",3002.99133300573,-1.10486801743884,0.308875757114303,-3.57706291928237,0.000347476557338222,0.00185045277960413,"S000001774","S000001774","CCP1"
"S000001778",390.323911308307,1.07723254036043,0.309050011566879,3.48562530348689,0.000490988211779049,0.00247537725254249,"S000001778","S000001778",NA
"S000001783",862.273804090204,-1.91221705844087,0.263791583839975,-7.24896916954292,4.1995545710283e-13,2.77596094807678e-11,"S000001783","S000001783",NA
"S000028669",34.1779736012792,-1.44957272037522,0.390537574301794,-3.7117368872042,0.000205841898983931,0.00118592312880229,"S000028669","S000028669",NA
"S000001788",581.334174014379,2.10418631131187,0.18539373777703,11.349824090836,7.43120533089515e-30,3.93385991831423e-27,"S000001788","S000001788","MTD1"
"S000001804",1973.33201565739,-1.02990483377985,0.281248523981656,-3.66190307134562,0.000250348586287566,0.00139993440681071,"S000001804","S000001804","ESL2"
"S000001805",5710.23621593039,2.55086269050019,0.47969181363034,5.31771153481877,1.05080486551846e-07,1.74431408692901e-06,"S000001805","S000001805","PCK1"
"S000001808",1399.11651471473,-1.83178940849749,0.205111709357045,-8.93069154481491,4.23353972906805e-19,6.95517049972065e-17,"S000001808","S000001808","SKG1"
"S000001810",331.599224329262,-1.03820527321916,0.287455619608413,-3.61170630316241,0.000304188954784904,0.00165566364460801,"S000001810","S000001810","FLO10"
"S000001811",186.602953727613,1.04458405613119,0.328892677462358,3.17606358460425,0.00149288225510004,0.00638664054838218,"S000001811","S000001811","NFT1"
"S000001814",456.559061897322,-1.34706906165804,0.242535007633843,-5.55412216487825,2.79010308595703e-08,5.5387421399422e-07,"S000001814","S000001814","GEX2"
"S000003924",829.035196984468,1.51756939670372,0.185843928716929,8.16582713883127,3.19240145571329e-16,3.43075142906091e-14,"S000003924","S000003924","DNM1"
"S000003930",180.270613083084,1.53888466956319,0.373866110210518,4.1161384451152,3.85272935389349e-05,0.000276718897764823,"S000003930","S000003930","LMO1"
"S000003939",1550.7993639446,-1.94185738041613,0.159457659348511,-12.1778871479105,4.07707310042248e-34,3.23742254579658e-31,"S000003939","S000003939","SDC25"
"S000003940",72.414497554247,-2.03956382678264,0.293364153576969,-6.95232802615581,3.59306720765734e-12,1.94529203026691e-10,"S000003940","S000003940",NA
"S000003955",323.330190240947,1.02122657928853,0.200012647478551,5.10581001832918,3.29380488736688e-07,4.71254787338687e-06,"S000003955","S000003955",NA
"S000003961",97.0857024133349,1.32780067126441,0.369109025495724,3.59731293343786,0.000321521575445583,0.00173219294302439,"S000003961","S000003961","ENT4"
"S000003975",75.9579570095721,3.75008298581325,0.326915533993373,11.4711067412577,1.84287113709246e-30,1.01308296778702e-27,"S000003975","S000003975","AQY2"
"S000003976",92.4868882616646,2.32890567874858,0.373473628647814,6.23579685446743,4.49484095377742e-10,1.47013184787965e-08,"S000003976","S000003976",NA
"S000003978",739.411846650753,2.56288864484465,0.424703228431672,6.03454005826326,1.59416083092632e-09,4.47649130774653e-08,"S000003978","S000003978","YCT1"
"S000003981",265.120396778032,1.50059303903239,0.305598711239748,4.91033824372102,9.09194283333983e-07,1.1260930582056e-05,"S000003981","S000003981",NA
"S000003984",690.826929885557,1.00206434550435,0.214714834324269,4.66695442193344,3.05697107126154e-06,3.19856868120965e-05,"S000003984","S000003984","MMP1"
"S000003996",495.218995298127,1.12973592409415,0.298299702219975,3.78725126336549,0.000152323045844127,0.000909420757832127,"S000003996","S000003996","SSK1"
"S000004001",63.4858083475987,1.82642903258536,0.291866209877473,6.25776116170525,3.90543304567141e-10,1.29513583577219e-08,"S000004001","S000004001","LOT6"
"S000004025",271.398040622429,1.13528569293868,0.172788114060621,6.57039229295814,5.01828729256176e-11,2.09114811290336e-09,"S000004025","S000004025","MLH2"
"S000004028",445.124860848606,1.27193497195502,0.239779986659626,5.30459188723102,1.12925350194743e-07,1.84884539557097e-06,"S000004028","S000004028","COX12"
"S000004029",563.327236757354,1.30193221035142,0.269669804867839,4.82787537518141,1.3799740415509e-06,1.61671876851533e-05,"S000004029","S000004029","RIC1"
"S000004034",60767.9859488747,1.2977965194838,0.180712281051058,7.18156238156898,6.89192242777579e-13,4.22773593391414e-11,"S000004034","S000004034","PDC1"
"S000004035",337.983433497142,1.2043293385477,0.221145204428356,5.44587589706409,5.1551071184767e-08,9.41021022278256e-07,"S000004035","S000004035","STU2"
"S000004043",307.867540511716,-1.85520220416387,0.546116637746303,-3.39708054275706,0.000681089170312027,0.00327660973115779,"S000004043","S000004043",NA
"S000004046",1940.77879952378,1.6930704108312,0.34796382021064,4.86565071565861,1.14080836371983e-06,1.36677065738873e-05,"S000004046","S000004046","ERG3"
"S000004047",397.663906767068,1.52827178667141,0.392300786983265,3.89566332105422,9.79303457347165e-05,0.000623205000706279,"S000004047","S000004047","MNL2"
"S000004048",2284.45448972433,1.55604501319648,0.281080638165068,5.53593809717578,3.0956689740102e-08,6.06115022541477e-07,"S000004048","S000004048","SHM2"
"S000004076",785.24120268676,1.68786397875509,0.188527214337185,8.95289300639805,3.46285452852325e-19,6.18682247202284e-17,"S000004076","S000004076","SMC4"
"S000004104",761.809577034923,1.13775775245862,0.20790200733517,5.47256742271073,4.43561916095218e-08,8.20159180691974e-07,"S000004104","S000004104","AVL9"
"S000004105",396.21235866304,1.25862081370928,0.181672666910945,6.92795914272698,4.26955003159076e-12,2.27704024632563e-10,"S000004105","S000004105","CFT2"
"S000004110",1954.84650419556,1.88404615136531,0.250464066486155,7.52222136211883,5.38533023167015e-14,4.16067702709522e-12,"S000004110","S000004110","YPS1"
"S000004122",74.8213025649845,1.10672086432001,0.280427281995103,3.94655204888136,7.92846924648384e-05,0.000522701157472295,"S000004122","S000004122","USB1"
"S000004123",358.431664568825,1.33256815831356,0.22211241469498,5.99952127909432,1.97900095673439e-09,5.41874725567139e-08,"S000004123","S000004123","CKI1"
"S000004124",153.196444321956,1.26361260566784,0.337181753981209,3.74757112669347,0.000178555213344472,0.00104550989935786,"S000004124","S000004124","PDC5"
"S000004126",222.651265195106,2.31502177999593,0.384365275717853,6.02297326591825,1.71241737103906e-09,4.7617862809847e-08,"S000004126","S000004126","TIS11"
"S000004132",3550.36960715779,-1.0320471802754,0.335532685551668,-3.07584692852963,0.00209905575440866,0.0085329362621624,"S000004132","S000004132","PUT1"
"S000004134",575.513260180046,1.0093783231454,0.159219129676678,6.33955433116056,2.30430745557991e-10,8.19290210512528e-09,"S000004134","S000004134","ACF2"
"S000004138",614.281396686249,1.14496261407722,0.156477873401828,7.31708956151906,2.53406736723094e-13,1.73298683635559e-11,"S000004138","S000004138","PEP3"
"S000004139",4804.34878577371,-1.92972408615029,0.327828344767151,-5.88638571664975,3.94732482964871e-09,9.90583567457358e-08,"S000004139","S000004139",NA
"S000004143",2010.68006112024,1.84647614161049,0.451194060895751,4.09242120329488,4.26892327065721e-05,0.000301759249789829,"S000004143","S000004143","ACS2"
"S000004156",946.639685662839,1.122211837527,0.243332914455338,4.61183740818169,3.99125143679942e-06,4.03729347389767e-05,"S000004156","S000004156","SEC10"
"S000004158",401.550964259354,1.12466138202399,0.325665017424727,3.45343012558584,0.000553505677029009,0.00274410566832315,"S000004158","S000004158","UPS2"
"S000004161",167.770788210351,1.02719993393459,0.290524010145671,3.53568000599863,0.000406727040611886,0.00211471429300316,"S000004161","S000004161",NA
"S000004164",3275.69179403097,2.59707003101222,0.152065574406335,17.0786191493453,2.14126506244668e-65,1.53025507687752e-61,"S000004164","S000004164","IDP2"
"S000004167",1640.9682682582,-1.78329079271652,0.333963000167576,-5.33978552061666,9.30566062778502e-08,1.5630025837634e-06,"S000004167","S000004167",NA
"S000004173",241.32751794501,-1.1244256536827,0.279279208190533,-4.02617030092545,5.66926361672744e-05,0.000387707104659739,"S000004173","S000004173","TOS4"
"S000004180",337.301406216157,1.64272578858982,0.226759752480445,7.24434460092948,4.34535311720069e-13,2.83598776731276e-11,"S000004180","S000004180","MMR1"
"S000004184",1624.55219180974,2.17936350462869,0.328439252677987,6.63551474697033,3.23372035155725e-11,1.40484999953823e-09,"S000004184","S000004184","NCW2"
"S000004195",148.01963638545,1.18972796646743,0.381112847072947,3.12172096953664,0.00179797261075558,0.00750318905854878,"S000004195","S000004195","HMX1"
"S000004206",3845.16950564145,-1.25135480210818,0.270104803076368,-4.63284913061831,3.60667381102052e-06,3.71018356461766e-05,"S000004206","S000004206","CPR6"
"S000004214",480.260855708181,-1.22511761286929,0.146236000448984,-8.37767450633121,5.39836905122266e-17,6.32449908599389e-15,"S000004214","S000004214","UCC1"
"S000004222",123.745918225122,1.47215682588802,0.256223097386698,5.74560545439898,9.15926520691161e-09,2.10471668171041e-07,"S000004222","S000004222",NA
"S000004224",107.763974264182,1.00329628723542,0.248189904264238,4.04245406439761,5.28946772269445e-05,0.000364876265253242,"S000004224","S000004224","TOP3"
"S000004227",2175.84831165255,1.85495680977266,0.229690348188598,8.07590229368089,6.69794985295208e-16,6.74488685899362e-14,"S000004227","S000004227","THI7"
"S000004241",415.870687929042,1.65822420256743,0.214094692738741,7.74528402061306,9.53684291383347e-15,7.97135062967379e-13,"S000004241","S000004241","SYM1"
"S000004242",116.156571858662,1.80172974557608,0.381738088189198,4.71980606945121,2.3606959639879e-06,2.55037244242472e-05,"S000004242","S000004242",NA
"S000004244",308.42043085359,1.14329965301986,0.23775376073861,4.80875528306289,1.5187299037709e-06,1.75340924996748e-05,"S000004244","S000004244","NDL1"
"S000004246",1805.17046585234,1.03766621412053,0.174886896509156,5.93335598511351,2.96804348543042e-09,7.6712921405528e-08,"S000004246","S000004246","HAP1"
"S000007377",24.0004214103276,1.80546897651849,0.531089090303845,3.39955952679343,0.000674944863622727,0.00325362122622585,"S000007377","S000007377",NA
"S000004250",464.556882464271,1.22296868402805,0.345477275891028,3.53993958321532,0.000400218641775332,0.00208618710681795,"S000004250","S000004250","LCB5"
"S000004252",235.01550488028,1.09308349544137,0.247402358536544,4.41824201639498,9.95069618419828e-06,8.7308349024399e-05,"S000004252","S000004252","YPT6"
"S000004261",647.43110500535,-1.24133692924128,0.183371495487673,-6.76951958067403,1.29210726409289e-11,6.19734534418780e-10,"S000004261","S000004261","CMG1"
"S000004263",379.830980732109,1.77483819474857,0.187672818262147,9.45708713272171,3.16640887554873e-21,7.29959388035773e-19,"S000004263","S000004263","PIG1"
"S000004264",380.597168152461,1.56191207516003,0.411810265710154,3.79279538470602,0.000148960895366841,0.000891955625252725,"S000004264","S000004264","MCM5"
"S000004272",22.6798193253655,2.23741293343989,0.672612202318954,3.32645308206719,0.000879588261835633,0.00406464759987608,"S000004272","S000004272",NA
"S000004273",252.621759523182,1.14008038341339,0.320484886324152,3.55736083685477,0.000374599435901794,0.00197351630569271,"S000004273","S000004273",NA
"S000004274",1563.05846890463,-2.13026328662816,0.724214128595519,-2.94148263961574,0.00326645151494125,0.012365665566827,"S000004274","S000004274","ECI1"
"S000004276",6677.69078020344,-1.76786104247368,0.20637713883579,-8.56616703015893,1.0698666443452e-17,1.41588925440981e-15,"S000004276","S000004276","CTS1"
"S000004280",203.301907610857,1.1353586342117,0.353819508270077,3.20886386328099,0.0013326057289125,0.0057963888263379,"S000004280","S000004280","GUF1"
"S000004285",211.35654719916,1.72744424800147,0.432355722614737,3.99542357749885,6.45786869403349e-05,0.000434568348605559,"S000004285","S000004285",NA
"S000004286",511.660831088118,2.33437538312542,0.40983936432781,5.69583008931828,1.22773100415651e-08,2.69968603729369e-07,"S000004286","S000004286","ATP14"
"S000004291",5680.54210065523,1.63078404160506,0.530982542637987,3.071257359052,0.0021315933488686,0.00864798857092787,"S000004291","S000004291","EXG1"
"S000004294",2107.7113891207,1.69468228796261,0.425254196169482,3.98510421114622,6.74505171229109e-05,0.00045134374589783,"S000004294","S000004294","MET17"
"S000004295",14453.0297199301,1.57506571627951,0.204746175544405,7.69277234161531,1.4398057372058e-14,1.18270939091278e-12,"S000004295","S000004295","ACO1"
"S000028525",1007.74755173606,2.79731917673984,0.294343412381529,9.50359022512774,2.02775920792698e-21,4.83046039315006e-19,"S000028525","S000028525",NA
"S000004298",58.0151117150002,1.43454079729509,0.378018333126549,3.79489742053025,0.000147704511756035,0.000885545548040689,"S000004298","S000004298","CDA1"
"S000004301",1648.95515507004,1.07157808361028,0.168012796075636,6.37795518341278,1.79468011021575e-10,6.54371500390656e-09,"S000004301","S000004301","CDC25"
"S000004306",541.727239616652,1.06651637641725,0.281498569066837,3.78870976130618,0.000151431702851403,0.000905233512695569,"S000004306","S000004306","CDC3"
"S000004311",336.25680171898,1.03992160165777,0.240445010548059,4.32498723632245,1.5254069421998e-05,0.000125736109716619,"S000004311","S000004311","BUD6"
"S000004319",4140.91812993295,-2.12955271857802,0.447585358035103,-4.75786948868646,1.95646920486388e-06,2.18467299571246e-05,"S000004319","S000004319","TMA10"
"S000004337",3672.48858006189,-1.41084381044678,0.203989910970615,-6.91624308150225,4.6377833769692e-12,2.46423188873683e-10,"S000004337","S000004337",NA
"S000004345",260.990550764417,1.58462335726817,0.302115390589999,5.24509312211327,1.56203411987651e-07,2.48577191495836e-06,"S000004345","S000004345","BUD8"
"S000004347",8296.38983398533,1.337533694692,0.349004837303289,3.83242165073394,0.000126888016826116,0.000778373572744924,"S000004347","S000004347","ILV5"
"S000004351",1733.26456760003,1.32189639224387,0.233381789190084,5.66409400164132,1.47803369294549e-08,3.18635529008596e-07,"S000004351","S000004351","ADE13"
"S000004369",1179.65079161627,3.2446551905624,0.393528869041601,8.24502456062353,1.65126298562373e-16,1.81550014257846e-14,"S000004369","S000004369","FBP1"
"S000004373",680.172642966096,-2.18821964391903,0.36946577924129,-5.92265851633839,3.16778207054869e-09,8.14336495222166e-08,"S000004373","S000004373","CTF3"
"S000004381",1205.98621362344,1.43433679877767,0.344450490267696,4.16413051891128,3.12541298794252e-05,0.000231819033921445,"S000004381","S000004381","STE23"
"S000004384",334.930824835327,1.03793015639394,0.337279263904351,3.07736130700371,0.00208841997861518,0.00849936980476844,"S000004384","S000004384","ART10"
"S000004385",105.462713440501,1.34988721997553,0.317803343253068,4.24755512688427,2.16115997911919e-05,0.00016925731277562,"S000004385","S000004385","ATP10"
"S000004387",118.417037120681,1.42469010364035,0.423582539272415,3.3634297251429,0.000769804326632072,0.00363609161948189,"S000004387","S000004387","COX8"
"S000004406",1271.74625802983,1.93615164755422,0.272529980774121,7.10436203038867,1.2087960911833e-12,6.99486742157204e-11,"S000004406","S000004406","PUN1"
"S000004409",451.27395762052,1.09681997698126,0.213610138822472,5.13468126104637,2.82622591748988e-07,4.11839329689861e-06,"S000004409","S000004409","VPS36"
"S000004411",369.341590687518,1.38161282833669,0.375537375073337,3.67902882653658,0.0002341238066986,0.00132109418442286,"S000004411","S000004411",NA
"S000004445",131.517899076812,1.49177093343048,0.301862431163219,4.94189001155917,7.73688613404802e-07,9.7968624650943e-06,"S000004445","S000004445","RIF2"
"S000004448",116.129895488595,1.54289863437686,0.336191738355592,4.58934131434523,4.4464687089688e-06,4.42880677751158e-05,"S000004448","S000004448",NA
"S000004454",14.2533186970536,2.93087279684992,0.825514717826301,3.55035801731958,0.000384707586968329,0.00201784423505994,"S000004454","S000004454",NA
"S000004463",4970.75019634368,-1.46310740908145,0.222298220905373,-6.58173242737855,4.64997872475865e-11,1.9490365370374e-09,"S000004463","S000004463","GLO1"
"S000004469",70.7876933265527,-1.14887956992544,0.299583942198271,-3.83491705695322,0.000125606673947171,0.000771972632856143,"S000004469","S000004469",NA
"S000004478",961.41571019532,1.19890534644139,0.27676036349882,4.33192575441353,1.47810789777866e-05,0.000122544061386023,"S000004478","S000004478","PPZ1"
"S000004497",1186.99704235828,-1.26188394477282,0.248080968430368,-5.08658101730609,3.64576019840894e-07,5.14401288409269e-06,"S000004497","S000004497","SRC1"
"S000004501",30.6555183674953,1.13563419601311,0.455763139457328,2.49172014517298,0.0127126158614242,0.0384634670845334,"S000004501","S000004501",NA
"S000004502",337.363613543581,1.13942689693739,0.374173261587195,3.045185249486,0.00232537031773095,0.00930213208825314,"S000004502","S000004502","YMD8"
"S000004506",4857.25093756108,1.21724424416469,0.194508375909477,6.25805566713067,3.89806691174189e-10,1.29513583577219e-08,"S000004506","S000004506","CAT2"
"S000004516",194.016657053961,1.74742220546671,0.275351080385962,6.34616070152089,2.2075464021457e-10,7.88811518146711e-09,"S000004516","S000004516","SUR7"
"S000004517",204.899881115589,1.12131577740735,0.313154500741434,3.58071103800995,0.000342660449549487,0.00182816192811154,"S000004517","S000004517",NA
"S000004522",91.2878177102398,2.00534210665523,0.272637687259627,7.35533713923266,1.90445825606312e-13,1.32677636604579e-11,"S000004522","S000004522",NA
"S000004521",1219.89281261027,1.10715040900517,0.188113679435175,5.88553906515182,3.96758653628469e-09,9.93147361875956e-08,"S000004521","S000004521","CMP2"
"S000004523",1130.41098567333,-1.36510026021042,0.200845293328686,-6.79677495840751,1.06987016253441e-11,5.21899461880694e-10,"S000004523","S000004523","SML1"
"S000004529",89.2328352712364,1.3700022689821,0.356335101639179,3.8447019748544,0.000120699037713467,0.000746495606247763,"S000004529","S000004529","TEM1"
"S000004531",256.488919930477,-1.52005408702073,0.287185304056062,-5.29293827209205,1.2036655801334e-07,1.96168667466895e-06,"S000004531","S000004531","SMA2"
"S000004535",2987.35253238663,1.07505125609572,0.150821112509507,7.12798916682141,1.01845790484363e-12,5.96590935816801e-11,"S000004535","S000004535","DAK1"
"S000004543",843.605668916239,1.07591142555452,0.291215443190071,3.69455484148997,0.000220272350220368,0.00125382425396246,"S000004543","S000004543","CPR3"
"S000004552",280.70128920182,1.00094504590101,0.37300478817658,2.68346433512044,0.00728637463917339,0.0241207682285254,"S000004552","S000004552","AIM33"
"S000004556",2604.82718858256,1.70399189065031,0.23643427412143,7.207042620966,5.71801104500411e-13,3.66491174288088e-11,"S000004556","S000004556","RPM2"
"S000004561",19.4047420281387,1.4594884006343,0.598939273399077,2.43678861189293,0.0148183390411099,0.0435351531170778,"S000004561","S000004561",NA
"S000004571",600.61909137765,1.05025177590981,0.317837041053747,3.30437186436116,0.000951894784648779,0.0043343205342418,"S000004571","S000004571","NUP188"
"S000004572",249.990358737144,1.22714136089246,0.250576017594357,4.8972817617327,9.71714586004955e-07,1.18945732798248e-05,"S000004572","S000004572","MDM1"
"S000004575",233.321846720915,1.66074879901105,0.445341936794378,3.72915430099691,0.000192123484814753,0.00111581510298954,"S000004575","S000004575","PML39"
"S000004583",585.211740484198,1.16904747841312,0.247389350944213,4.72553678624893,2.29508280518608e-06,2.492676180435e-05,"S000004583","S000004583","VAN1"
"S000004587",636.479035635724,-1.90619802658084,0.328327347764301,-5.80578510916265,6.40650863424957e-09,1.53896181360217e-07,"S000004587","S000004587","NGL3"
"S000004589",2614.50723301656,1.91371328131084,0.187292985296018,10.2177520331912,1.65125706840141e-24,5.02157814439602e-22,"S000004589","S000004589","NDI1"
"S000004592",4198.42107906881,2.03850568126868,0.756760599534287,2.69372597162587,0.00706582304930395,0.0235138088111063,"S000004592","S000004592","PHO84"
"S000004597",18558.4014907404,-1.14132867708914,0.239370815320099,-4.7680360513578,1.86030499818866e-06,2.08707530134305e-05,"S000004597","S000004597","MSC1"
"S000004599",904.798727752275,-1.48122244601115,0.365535386780769,-4.05219986785989,5.07382909766874e-05,0.000351698541673032,"S000004599","S000004599","ERO1"
"S000004601",666.65737943571,1.02605902443152,0.253251462844278,4.05154234020133,5.08811161490833e-05,0.00035234679899169,"S000004601","S000004601","COS3"
"S000004602",615.187306195166,1.49236800081575,0.259803988154502,5.74420743660125,9.23525183900941e-09,2.1187713408501e-07,"S000004602","S000004602",NA
"S000004603",265.223661036164,2.16050718490057,0.317078631180181,6.81378993235546,9.50604866434309e-12,4.71063177897312e-10,"S000004603","S000004603","CDC5"
"S000004605",35.8319413931807,1.34404312614217,0.541473076366664,2.48219751785413,0.0130574874675326,0.0393063230397953,"S000004605","S000004605","AIM34"
"S000004609",15.150533574408,1.46749598177871,0.53566509980136,2.73957736339908,0.00615182347623529,0.0209902155516426,"S000004609","S000004609",NA
"S000004613",403.634674134644,-1.05908932627372,0.226648226741389,-4.67283305720352,2.97073228477905e-06,3.12440592688352e-05,"S000004613","S000004613","HXT2"
"S000004617",1090.19093194608,2.51869844867005,0.529598042552146,4.75586812317579,1.97595434438834e-06,2.20298872420769e-05,"S000004617","S000004617","ERG5"
"S000004618",1270.18229700219,-1.28680557551379,0.248196948591122,-5.18461481020728,2.16461768341275e-07,3.2791504124949e-06,"S000004618","S000004618","SOK2"
"S000004619",232.196830089852,-3.02447964524442,0.363883605661408,-8.31166779208703,9.43662954644383e-17,1.07045830243906e-14,"S000004619","S000004619","SPO20"
"S000004620",555.502417588454,-2.93422956780306,0.597939969580131,-4.9072310216416,9.23712066402114e-07,1.1420948585714e-05,"S000004620","S000004620","PEX9"
"S000004621",758.311653558442,1.09783242616665,0.216080070493493,5.08067413926411,3.76097787504934e-07,5.29612381951529e-06,"S000004621","S000004621","STB4"
"S000004627",152.306933119983,1.27517056399227,0.261337817040862,4.87939548294646,1.06411495848201e-06,1.28675085461788e-05,"S000004627","S000004627","CSI1"
"S000004628",398.333915665439,1.06033010660988,0.179708927513967,5.90026395059017,3.62920501735404e-09,9.1972034242981e-08,"S000004628","S000004628","PEX12"
"S000004635",69.2445538183243,2.34848209163434,0.384862901569609,6.10212645089042,1.0466651498942e-09,3.11666353904953e-08,"S000004635","S000004635","HOF1"
"S000004639",996.588974479148,-2.10732226761519,0.508372932639537,-4.14522908738217,3.39474145209211e-05,0.000248838663711694,"S000004639","S000004639","MIH1"
"S000004647",782.097472619017,-1.02261779519686,0.237082589961753,-4.3133399013476,1.60806599375376e-05,0.000131638529488674,"S000004647","S000004647","IOC4"
"S000004658",724.866515592039,1.03790420935708,0.222670689943572,4.66116222849133,3.14428755292669e-06,3.2779943102831e-05,"S000004658","S000004658","STV1"
"S000004662",840.439444910438,1.26811599790814,0.396634805232773,3.1971878947031,0.00138774498382782,0.00599789508734534,"S000004662","S000004662","FET3"
"S000004667",76.3518784867829,1.2540338877184,0.284541453900408,4.40720981258964,1.04710747176113e-05,9.12023588902001e-05,"S000004667","S000004667","RIM9"
"S000004673",39.8145632254071,1.42679299227164,0.363524728270546,3.92488565787408,8.67709434258248e-05,0.00056296736013859,"S000004673","S000004673","NAT4"
"S000004680",549.405125199615,1.28359969538533,0.177085194821441,7.24848679009907,4.21453526714239e-13,2.77596094807678e-11,"S000004680","S000004680","RCO1"
"S000004700",111.714239686928,1.79480558434094,0.265197412419122,6.76780956483995,1.30746689520713e-11,6.25004158300855e-10,"S000004700","S000004700","CTF13"
"S000004701",544.417299966723,1.34302082717865,0.275794917339389,4.8696358879085,1.11804074939667e-06,1.34287028832997e-05,"S000004701","S000004701","SNO1"
"S000004708",542.881293909114,1.54334468169794,0.24041919845559,6.41939034657842,1.36821166806922e-10,5.13276886396677e-09,"S000004708","S000004708",NA
"S000004710",3615.69601858534,1.27964897252885,0.310544431534252,4.12066307615536,3.77783553588391e-05,0.000272160298963653,"S000004710","S000004710","YPK2"
"S000004711",4709.1795724802,2.06444083236833,0.140179917082859,14.7270798508753,4.31972200094123e-49,1.23483573118906e-45,"S000004711","S000004711","PGM2"
"S000004712",248.889184851695,1.21279261408307,0.407210524009053,2.97829388627517,0.0028985790933427,0.0112366126881332,"S000004712","S000004712","YKU80"
"S000004713",19471.5723134247,-2.46889008377363,0.513819359347247,-4.80497676636805,1.54769476431197e-06,1.78109511000894e-05,"S000004713","S000004713","SPG4"
"S000004714",5639.26309582281,1.76072016147586,0.439307435529894,4.00794527721134,6.12493072899976e-05,0.00041470220231925,"S000004714","S000004714","ILV2"
"S000004720",1855.79143826048,-2.0850703674298,0.246012493946808,-8.47546534722188,2.34141705545222e-17,2.91007599770249e-15,"S000004720","S000004720",NA
"S000004727",2029.35316565056,3.08053452011584,0.255227268380083,12.0697703645377,1.52559421671092e-33,1.09026590697246e-30,"S000004727","S000004727","ADE17"
"S000007524",606.358127189398,1.16977539206694,0.375779907088386,3.11292692877215,0.00185241875430712,0.00769778036187462,"S000007524","S000007524",NA
"S000004742",3862.4870147289,-1.63358459694938,0.259990657150417,-6.28324346287672,3.31581165882794e-10,1.12572199619068e-08,"S000004742","S000004742","GID8"
"S000004744",3255.43773701371,-2.03874966902386,0.483963569641289,-4.21260978493684,2.52436950977798e-05,0.000193774508073344,"S000004744","S000004744","GAT2"
"S000004748",1356.46713179665,-1.2035039332018,0.308710254490079,-3.8984903018195,9.67942767002837e-05,0.000617349663934474,"S000004748","S000004748","SIP5"
"S000004749",76.5363924662117,-1.08386136717512,0.361608827441845,-2.9973310520176,0.00272354774197319,0.0106592737886152,"S000004749","S000004749",NA
"S000004753",4324.88354313354,1.7056358193539,0.19072464431511,8.94292305789227,3.79009627873645e-19,6.68788223604692e-17,"S000004753","S000004753","NDE1"
"S000004755",146.142854942435,1.24065734948088,0.519902810220129,2.38632553064211,0.0170176799629664,0.0487051861655343,"S000004755","S000004755",NA
"S000004763",247.984412154789,1.21434205629228,0.189903396115589,6.39452522246175,1.61046965308362e-10,5.94791802364965e-09,"S000004763","S000004763","RIM13"
"S000004765",207.744553532278,-1.05506887322773,0.243386043215924,-4.33496045741499,1.45786326075255e-05,0.000121499939276596,"S000004765","S000004765","TPP1"
"S000004768",60.9271268251563,-1.47327048237366,0.390670531425769,-3.77113286993236,0.000162508110862224,0.000959805135766022,"S000004768","S000004768",NA
"S000004769",122.659275133504,-1.50086816203363,0.203711481019171,-7.36761695769314,1.73705024568095e-13,1.21704211576068e-11,"S000004769","S000004769","ATG16"
"S000004773",185.424142105086,1.35311886165781,0.224409639286526,6.02968244127052,1.64282165134953e-09,4.59507825102522e-08,"S000004773","S000004773","INP2"
"S000004777",313.228776895655,1.56940986733181,0.297822407016302,5.2696164907629,1.36709088024657e-07,2.20291205765099e-06,"S000004777","S000004777","MLH1"
"S000004779",8571.76302291892,-1.34624435043814,0.320191715686133,-4.20449463395171,2.61666146010792e-05,0.000200321061860324,"S000004779","S000004779","ALD3"
"S000004784",3828.81914367334,1.95778032236699,0.322838710989894,6.06426756061564,1.32556328053455e-09,3.82753049872329e-08,"S000004784","S000004784","DDR48"
"S000004785",3418.27742137109,1.41733736045645,0.328480073345707,4.31483513145949,1.59722060142847e-05,0.000130825639290643,"S000004785","S000004785",NA
"S000004786",444.661249857888,-2.29560889951339,0.325897904661637,-7.043951086144,1.86863765526091e-12,1.0515133073482e-10,"S000004786","S000004786","PAI3"
"S000004787",5132.31096814716,-2.17471821200518,0.321677070588955,-6.76056334392597,1.37456215967579e-11,6.52711526519801e-10,"S000004787","S000004787","SIP18"
"S000004794",352.92892362276,-1.61694906812694,0.311899873361173,-5.18419276898697,2.16952452695659e-07,3.2791504124949e-06,"S000004794","S000004794","RGM1"
"S000004803",19023.100763256,-4.34778572524001,0.331135262939325,-13.1299387647418,2.21835837135946e-39,2.88245420016734e-36,"S000004803","S000004803","SPG5"
"S000004808",1284.08663437292,1.86090326495757,0.491210126753122,3.78840574248349,0.000151617094141729,0.00090596284555507,"S000004808","S000004808","ICY1"
"S000004809",3429.46163276332,1.61830079621457,0.230343308487254,7.02560368192382,2.13142665910192e-12,1.18538837504061e-10,"S000004809","S000004809",NA
"S000004811",90.510007245709,1.71177928178948,0.34592634238077,4.94839239477541,7.48289391917474e-07,9.53235318955121e-06,"S000004811","S000004811","CIK1"
"S000004817",168.65218702207,1.19764622507611,0.373960157266156,3.2026038116775,0.00136191203693658,0.00590088796870872,"S000004817","S000004817","INP1"
"S000004818",4112.99242621495,1.03948936202502,0.219193466181375,4.74233735217671,2.11266430958217e-06,2.32279315206599e-05,"S000004818","S000004818","PFK2"
"S000004838",74.3340079026146,1.03098436721523,0.349055209089773,2.95364269137743,0.00314047385455548,0.0119698114141764,"S000004838","S000004838","MRPL44"
"S000004844",330.083239929286,1.15877502506585,0.373603296594069,3.1016188444528,0.00192465598264562,0.00793455666569191,"S000004844","S000004844","PEP5"
"S000004865",124.940604915032,-1.0970697125563,0.231977653778138,-4.72920427760484,2.25401506222573e-06,2.45740940384382e-05,"S000004865","S000004865",NA
"S000004868",771.092145578745,-1.15377281232773,0.233933889663528,-4.93204645973796,8.13725552017812e-07,1.02022625570093e-05,"S000004868","S000004868","GFD1"
"S000004874",1105.5415884191,1.04613895521319,0.164427274614971,6.36232010572987,1.98728729989204e-10,7.19096136135617e-09,"S000004874","S000004874","TPS3"
"S000004876",233.876910404946,1.24961956606717,0.291526401372913,4.28647134593032,1.81533605463092e-05,0.000145849343613489,"S000004876","S000004876","SAP30"
"S000004880",314.097256381399,1.09449939866012,0.234469808908935,4.66797582065337,3.0418168706506e-06,3.18977905592143e-05,"S000004880","S000004880","PPA2"
"S000004882",224.998454932134,-1.55674135600363,0.249768843791417,-6.23272835944132,4.58380626466773e-10,1.49580691645881e-08,"S000004882","S000004882","TMA23"
"S000004886",438.659033703893,1.01446615003128,0.227055271052564,4.46792600466176,7.89816146151095e-06,7.19492809237579e-05,"S000004886","S000004886","ZDS1"
"S000004902",391.112420514129,1.14383564868434,0.267789064491154,4.27140537220154,1.94244948950322e-05,0.000154412850686705,"S000004902","S000004902","ABZ2"
"S000004919",87.4739741864741,-1.00845312114556,0.385039362369602,-2.61909098056718,0.00881644301229752,0.0282604664666446,"S000004919","S000004919",NA
"S000004920",1924.93255675586,1.0438135029753,0.186385196133283,5.60030262397492,2.13977920233504e-08,4.40689684999636e-07,"S000004920","S000004920","UBP15"
"S000004948",231.728601459218,1.25717573062507,0.202364324193548,6.21243757087669,5.21689095704897e-10,1.69465960111593e-08,"S000004948","S000004948","PET8"
"S000004956",215.893823059151,1.15394567001656,0.376046982247253,3.06862100879148,0.00215049215123399,0.00871229714217331,"S000004956","S000004956",NA
"S000004957",500.775000944565,-1.80054213092455,0.283857131702817,-6.34312803812032,2.25146157018084e-10,8.02497262408847e-09,"S000004957","S000004957","SPO1"
"S000004960",248.144166593865,1.56498428850334,0.287867333592653,5.43647752237797,5.43441912134007e-08,9.79497509474321e-07,"S000004960","S000004960","PBI2"
"S000004964",111.146146036357,-1.84149643970798,0.445990641633533,-4.12900242247936,3.64340565302176e-05,0.000264073007092495,"S000004964","S000004964",NA
"S000004966",210.517050479266,1.52365022169365,0.409333910242068,3.72226728245557,0.000197441856592018,0.001142062507596,"S000004966","S000004966","HDA1"
"S000004978",34.4861426251047,1.02832310502591,0.432815734267792,2.37589122485475,0.0175066227914943,0.0499345758449069,"S000004978","S000004978",NA
"S000004981",2979.41267919565,2.52766229390915,0.309016831691212,8.17969131349757,2.84571926499802e-16,3.08135344353157e-14,"S000004981","S000004981","NCE103"
"S000004982",1994.35092239126,1.74189497880854,0.277878628114026,6.26854605779096,3.64434833704146e-10,1.21987519394224e-08,"S000004982","S000004982","IDH1"
"S000004985",558.618316860304,1.17382133687937,0.283251881727889,4.1440901635634,3.41165503597506e-05,0.000249809351583973,"S000004985","S000004985",NA
"S000004986",570.141204727083,1.32387378672446,0.342509136528926,3.8652218160979,0.000110988285354093,0.000693640385905578,"S000004986","S000004986","COG6"
"S000004990",1428.30723248979,-1.05224100235549,0.199857942510933,-5.26494463585265,1.40231610871224e-07,2.25712884480001e-06,"S000004990","S000004990","LAP2"
"S000004996",309.518839438969,1.08353816833104,0.307204293877497,3.52709317521166,0.000420148881085771,0.00217737054291477,"S000004996","S000004996","COG5"
"S000004997",1460.66665711216,1.27222000819661,0.33245279561093,3.82676886761838,0.00012983632117245,0.000793055785691379,"S000004997","S000004997","COX5A"
"S000005002",46.7611118987691,1.66244779421224,0.501676796264844,3.31378251214674,0.000920430706655712,0.00421792756980766,"S000005002","S000005002",NA
"S000005003",192.081830804376,1.08490130421716,0.363878899907666,2.98149000805611,0.00286849407244846,0.0111411374395396,"S000005003","S000005003",NA
"S000005004",587.789185643588,1.07656445232207,0.260677637589243,4.1298688383023,3.62970251333164e-05,0.000263329145146388,"S000005004","S000005004","ARP5"
"S000005010",829.335171844091,-1.59381897498265,0.270745578145285,-5.88677749014756,3.93798318993641e-09,9.90583567457358e-08,"S000005010","S000005010","SUN4"
"S000005021",2293.75032147311,-2.40145434279838,0.357660573628506,-6.71433901264365,1.88920622107065e-11,8.65462324287267e-10,"S000005021","S000005021","APJ1"
"S000005036",186.737489402409,1.09627665268164,0.201732155800228,5.43431783759482,5.50064579095344e-08,9.88940003649025e-07,"S000005036","S000005036",NA
"S000005048",12242.7210701569,1.38588577601577,0.142719358433147,9.71056618549014,2.71822950170696e-22,7.19475079035141e-20,"S000005048","S000005048","LEU4"
"S000005049",29.3472220523279,1.17517727357749,0.397695603383194,2.95496672223747,0.00312702778138399,0.0119249221129459,"S000005049","S000005049","RRT16"
"S000005056",557.861133701964,-1.05713943790989,0.32791847875623,-3.22378733250881,0.00126507312156434,0.00553803679219574,"S000005056","S000005056","DBP2"
"S000005061",6578.96233611012,3.54627951752845,0.245844446726935,14.4248916936789,3.60835880001935e-47,6.44678404108457e-44,"S000005061","S000005061","MLS1"
"S000005062",1414.6239602781,1.16734489250292,0.155346415860387,7.51446298929762,5.71450120526385e-14,4.36777356828001e-12,"S000005062","S000005062","DCP2"
"S000005069",2175.6492061909,-1.15904985643581,0.274251353684225,-4.22623203446555,2.37636953920199e-05,0.000183895234563152,"S000005069","S000005069","ESBP6"
"S000005072",55.6527574528836,1.43087291130764,0.332253474849886,4.30657019299532,1.65805331637932e-05,0.000134957608490943,"S000005072","S000005072","TEP1"
"S000005075",523.883245515663,-1.08485260064908,0.234092675934368,-4.63428681106298,3.58170129376107e-06,3.69359715669026e-05,"S000005075","S000005075","TOM22"
"S000005086",285.702110884328,1.06263464150148,0.221463722221581,4.79823345711802,1.60071141134779e-06,1.82885437269336e-05,"S000005086","S000005086","MEP2"
"S000005088",2670.25324782897,-1.65663387212265,0.264760407341118,-6.25710576879509,3.92187445503746e-10,1.2975775830058e-08,"S000005088","S000005088",NA
"S000005116",468.709411907344,1.48652964557064,0.165687535871846,8.97188577130161,2.91480607336275e-19,5.273585216022e-17,"S000005116","S000005116","APC1"
"S000005117",1220.35316105106,1.151721723427,0.171146437954959,6.72945190790415,1.70303362239411e-11,7.90307128729836e-10,"S000005117","S000005117","MDG1"
"S000005134",1341.18073783498,-1.49156193980573,0.349656442536952,-4.26579281360761,1.99193571213645e-05,0.000157582530060872,"S000005134","S000005134",NA
"S000005138",3594.7607692459,-2.04136269678362,0.28493766836943,-7.16424300256763,7.82175528799784e-13,4.67767147829929e-11,"S000005138","S000005138",NA
"S000005139",7197.2756823309,-2.17502145118532,0.315794878442246,-6.88745004958368,5.68013073435751e-12,2.98339949465203e-10,"S000005139","S000005139",NA
"S000005146",2644.44373532944,-3.33102879353897,0.531216450383555,-6.27056784693671,3.59733756596183e-10,1.20771887091084e-08,"S000005146","S000005146","SPS19"
"S000005161",434.34199830928,1.01054011168135,0.317724232694262,3.18055724963781,0.00146992092123201,0.00630918310125198,"S000005161","S000005161",NA
"S000005164",1063.07030333575,1.54444326586344,0.159150031929385,9.70432268935212,2.88989257383382e-22,7.51004264687397e-20,"S000005164","S000005164","ADE12"
"S000005165",663.249724039235,1.23101195965226,0.268803210137999,4.57960289618667,4.65859562557931e-06,4.60797974231177e-05,"S000005165","S000005165","POP1"
"S000005180",340.575239378267,1.13239779596423,0.373198924882736,3.03430079901769,0.00241093913927607,0.00958274558333504,"S000005180","S000005180","SIN4"
"S000005181",553.104315318419,1.06930518369949,0.180985584938905,5.9082339848251,3.45794637315864e-09,8.82579062706364e-08,"S000005181","S000005181","YTP1"
"S000005183",1852.3926335224,1.01841628527936,0.368896563824106,2.76070960033379,0.0057675935458551,0.0198932304017849,"S000005183","S000005183","LAP3"
"S000005184",1136.58262799077,-1.31741882726104,0.292130256528212,-4.50969660903238,6.49204033742733e-06,6.12480082791081e-05,"S000005184","S000005184","NAR1"
"S000005188",1429.59477350139,-1.48150184156137,0.205685640307363,-7.20274803504761,5.90109609087238e-13,3.73205161180703e-11,"S000005188","S000005188","SUI1"
"S000005194",490.26370830495,1.04189643692059,0.251588831657128,4.14126664549447,3.45393151791004e-05,0.000252646075667801,"S000005194","S000005194","RAD50"
"S000005197",314.637355487293,1.10065289742635,0.258635660815396,4.25561151913988,2.08478418913287e-05,0.00016354456868977,"S000005197","S000005197","TEX1"
"S000005198",473.195780053035,1.89577762525863,0.275707433698272,6.87604827997973,6.1535652698118e-12,3.19828757823345e-10,"S000005198","S000005198","RTC4"
"S000005213",25.933257968597,-1.94549584755974,0.557681050918101,-3.48854572762855,0.000485655744391806,0.00245803029553544,"S000005213","S000005213","BSC4"
"S000007387",1082.86670390603,1.06852027174422,0.213796231236777,4.99784428173967,5.79747704844329e-07,7.60214123425687e-06,"S000007387","S000007387",NA
"S000005240",12.8789041491555,3.03486609516386,0.783431631739585,3.8738110285706,0.000107146507434477,0.00067316265088395,"S000005240","S000005240",NA
"S000005241",709.321380393063,1.18904747166194,0.21874571293299,5.4357521147223,5.45657707156246e-08,9.82252595514385e-07,"S000005241","S000005241","MON2"
"S000005242",230.097396639195,1.10708449302031,0.389644938255569,2.84126491666157,0.00449349676401373,0.0160947994882769,"S000005242","S000005242","CLA4"
"S000005249",2935.93326841163,-1.08507300972096,0.260034795589535,-4.17279928734516,3.00879980895846e-05,0.000224705020298029,"S000005249","S000005249","BXI1"
"S000005264",113.844927816078,1.06888503550974,0.274639174826872,3.89196128405042,9.94371154520539e-05,0.000631949618121924,"S000005264","S000005264",NA
"S000005266",5972.47731425796,-2.88700604253745,0.286035223321165,-10.0931836611461,5.92171519070652e-24,1.72732806572997e-21,"S000005266","S000005266","KRE1"
"S000005268",19.4604261251554,1.6384079166078,0.54998715296843,2.97899306877418,0.00289197320041423,0.0112170889968848,"S000005268","S000005268",NA
"S000005272",13.1346602055723,1.46985134181771,0.592550062697926,2.48055216655512,0.0131179067240928,0.0394558587557784,"S000005272","S000005272","MDJ2"
"S000005273",456.961121697314,1.05300933231517,0.188095362203476,5.59827376911112,2.16496680637717e-08,4.43543161254033e-07,"S000005273","S000005273","PEX6"
"S000005276",99.368884880265,2.33792470377781,0.276882254852771,8.4437505936268,3.07314526458929e-17,3.75422780057904e-15,"S000005276","S000005276","THI12"
"S000005277",397.31144446617,1.3961607623629,0.34527793468145,4.04358524575566,5.26400046790503e-05,0.00036347033182496,"S000005277","S000005277","SNZ2"
"S000005280",737.646468740235,1.47553705307519,0.224896070546929,6.56097302850513,5.34577906434152e-11,2.20830116088536e-09,"S000005280","S000005280","COS1"
"S000005284",13317.0963188893,2.11245351551182,0.244677727618131,8.63361588353779,5.94423765463444e-18,8.16932584593173e-16,"S000005284","S000005284","CIT1"
"S000005311",309.049621188179,1.10353368986761,0.213736909253268,5.16304691465328,2.42962215090177e-07,3.62964760163317e-06,"S000005311","S000005311","CPR8"
"S000005323",117.588556983949,1.16844598646791,0.399242245009716,2.92665919269007,0.00342624107435688,0.0128601007551951,"S000005323","S000005323",NA
"S000005328",435.423855212123,1.00406623585039,0.228059403594493,4.40265220387797,1.0693551916677e-05,9.2711158716904e-05,"S000005328","S000005328","PET494"
"S000005333",713.940811311813,1.13370795184574,0.309619188991279,3.66162044264533,0.000250624986098601,0.00140038425578862,"S000005333","S000005333","LYS9"
"S000005339",185.348899889263,1.29171552205447,0.441343584298307,2.92677987855691,0.00342491190253251,0.0128584885271597,"S000005339","S000005339","BIO5"
"S000005340",404.45583422407,1.52306564032106,0.241339892542658,6.31087394742189,2.77464121017435e-10,9.64913547859414e-09,"S000005340","S000005340","BIO4"
"S000005341",572.052682019937,1.90265335845649,0.293772222603794,6.47662784994677,9.37951456507181e-11,3.63310031649245e-09,"S000005341","S000005341","BIO3"
"S000005342",329.770630171373,1.40446464386204,0.305288951378693,4.60044373541668,4.21591887364831e-06,4.23756177644552e-05,"S000005342","S000005342","MNT4"
"S000005345",167.359858135539,1.08946344825333,0.408826058766697,2.66485813438583,0.00770208068677708,0.0252259026709681,"S000005345","S000005345",NA
"S000005347",442.565141781542,-2.68689254934108,0.278012584404591,-9.6646436171064,4.26100383848466e-22,1.06846540111336e-19,"S000005347","S000005347",NA
"S000005348",895.128250939693,1.44541829744709,0.265501617604458,5.44410354441029,5.20669281621012e-08,9.49225260485858e-07,"S000005348","S000005348",NA
"S000005349",183.142850129828,2.6287220584983,0.415738476003956,6.32301846046428,2.56502643599173e-10,8.96379531775791e-09,"S000005349","S000005349",NA
"S000005351",320.714619573986,1.13996939412222,0.221364472737093,5.14973961280646,2.60848337919238e-07,3.85553804951362e-06,"S000005351","S000005351",NA
"S000005352",353.501812114905,1.56440078890338,0.279662354223327,5.5938912237509,2.22036093946378e-08,4.52074343415324e-07,"S000005352","S000005352","BSC5"
"S000005353",810.835351024068,-1.49791955533406,0.196579364673033,-7.61992265986576,2.53827753718895e-14,2.02679334296322e-12,"S000005353","S000005353","PDR18"
"S000005367",295.334736511616,-1.26911930016886,0.366961425719357,-3.45845424401487,0.000543284546016308,0.00270280752391615,"S000005367","S000005367","CSI2"
"S000005368",86.7027124629739,1.11829046669614,0.252625370396706,4.42667521848678,9.56966522451516e-06,8.45359858182912e-05,"S000005368","S000005368","COQ10"
"S000005374",20.8442789047714,-2.05304381101194,0.560275963928044,-3.66434390049188,0.000247973418771414,0.00138828205033287,"S000005374","S000005374",NA
"S000005405",1001.17990415562,-1.00263337451126,0.165819175457689,-6.04654661768656,1.47983427883734e-09,4.19668082290122e-08,"S000005405","S000005405","PSK2"
"S000005406",105.896329246577,-1.23829749234828,0.260117866577735,-4.76052456003909,1.93090434018648e-06,2.15950044869213e-05,"S000005406","S000005406",NA
"S000005407",98.3044865220111,-2.16275201020141,0.399253902363835,-5.41698402294016,6.06127546362071e-08,1.07087528061225e-06,"S000005407","S000005407","LDS2"
"S000005408",1192.24526275493,-2.21599648814943,0.223377085252245,-9.9204288821615,3.39295087383459e-23,9.60745691205433e-21,"S000005408","S000005408","RRT8"
"S000005413",140.297882433722,-1.62700002934914,0.368123219740042,-4.41971585084493,9.88307637684595e-06,8.67683112126899e-05,"S000005413","S000005413","DDR2"
"S000005414",488.993262487793,1.14806729327888,0.185922930674475,6.17496340614911,6.61787969969375e-10,2.09530365491267e-08,"S000005414","S000005414","AIM39"
"S000005416",1011.8583969496,1.39529330106,0.280562790054926,4.97319441678936,6.58585530250254e-07,8.52641574625623e-06,"S000005416","S000005416","THI20"
"S000005419",2365.52092972364,1.38696831013712,0.273655452065262,5.06830139750459,4.01381485055201e-07,5.57999907651124e-06,"S000005419","S000005419","ARG1"
"S000005421",2228.51380035985,-1.53445665754082,0.328783684187629,-4.66707057356635,3.05524411991131e-06,3.19856868120965e-05,"S000005421","S000005421","MAM3"
"S000005423",735.281257286409,1.02326033281394,0.221319639747631,4.62345020071764,3.77409379742883e-06,3.84758364098789e-05,"S000005423","S000005423","APM4"
"S000005428",238.302267534761,-1.30011005239099,0.283231593949294,-4.59027199000878,4.4266878858177e-06,4.41525819623115e-05,"S000005428","S000005428","RTG1"
"S000005430",107.586395164203,1.29079955279184,0.314610310271218,4.10285203838066,4.08088244632868e-05,0.000291058147731416,"S000005430","S000005430","NUF2"
"S000005431",453.410459583336,1.42028442661724,0.225962340350589,6.28549175235843,3.26817515914212e-10,1.11219113213377e-08,"S000005431","S000005431","NBA1"
"S000007339",20.092820811105,1.67449404933024,0.540852415400849,3.09602768084008,0.00196132051072666,0.00806013630241984,"S000007339","S000007339","ATP19"
"S000005441",5924.44601113794,-1.99016406056477,0.325923075749319,-6.10623858402552,1.02006492064467e-09,3.05069664341087e-08,"S000005441","S000005441","IRA2"
"S000005442",1185.82099383533,1.02488489345366,0.196326159024244,5.22031754987421,1.78616597734649e-07,2.79623990298066e-06,"S000005442","S000005442","ATG19"
"S000005443",2076.83945370134,-1.47765497601786,0.186432161275308,-7.92596602383311,2.26379488012539e-15,2.14280928620081e-13,"S000005443","S000005443","ATG34"
"S000005458",842.61240365707,1.00153391983721,0.270533876459139,3.70206472086122,0.000213852046007613,0.00122602275023317,"S000005458","S000005458","SDD3"
"S000005469",4257.46356561949,1.28900743535254,0.165379201398218,7.79425359691227,6.47903099651459e-15,5.75185031262007e-13,"S000005469","S000005469","ZEO1"
"S000005473",491.137107737333,1.86223693648242,0.178387142078193,10.4393002476947,1.64015222256451e-25,5.20948793713656e-23,"S000005473","S000005473","SKM1"
"S000005477",429.72571709545,2.00738952869444,0.280915676851842,7.14587933002103,8.94215891720962e-13,5.25968219768219e-11,"S000005477","S000005477","RRI2"
"S000005479",1202.38209142451,1.11585694755178,0.186452319536133,5.98467721038747,2.16819413894468e-09,5.85822284081973e-08,"S000005479","S000005479","MCH4"
"S000005486",3462.38289028479,1.60810912818462,0.243648894329619,6.60010845774285,4.10857097147118e-11,1.75294939985784e-09,"S000005486","S000005486","MDH2"
"S000005488",162.075932312362,1.24806189394857,0.379727558538153,3.28672983007413,0.0010135802584721,0.00455569265230873,"S000005488","S000005488","YGK3"
"S000005493",234.871017108475,-1.14714484618284,0.224690710697982,-5.10543957344446,3.30026438506433e-07,4.71706788557244e-06,"S000005493","S000005493","HRT1"
"S000005494",71.8410351763484,-1.44951530920256,0.289412907240228,-5.00846808466421,5.48649709411945e-07,7.2811980470055e-06,"S000005494","S000005494",NA
"S000005498",643.594193706007,1.04233693324701,0.245553148509073,4.24485265033568,2.18737110980137e-05,0.000170842050668804,"S000005498","S000005498","RTC1"
"S000005505",772.597619524583,1.10754683699391,0.2624341670982,4.22028445930015,2.43994244804271e-05,0.000187899231734237,"S000005505","S000005505","CTR9"
"S000005510",84.6034782134047,1.36781103040002,0.375270292927347,3.64486892828692,0.000267528112047003,0.00148487732402476,"S000005510","S000005510",NA
"S000005511",1515.46026016755,1.27358738757478,0.235196780265234,5.41498648977485,6.12933337326672e-08,1.07889854561701e-06,"S000005511","S000005511","GRE2"
"S000005512",189.358953961314,1.09850354362353,0.303450148074451,3.62004616110456,0.000294550463038701,0.00161056226786999,"S000005512","S000005512","FRE7"
"S000007627",24.3481577377912,1.89114564809919,0.534350380140783,3.53914906470346,0.000401419109211622,0.00208863608589796,"S000007627","S000007627",NA
"S000005529",403.499596950464,1.2477370010465,0.298474708884445,4.18037764643423,2.91025370017433e-05,0.000219158356884045,"S000005529","S000005529","YSP3"
"S000005536",162.934661570264,-3.33723999902688,0.384795427962436,-8.67276416639926,4.21754872223348e-18,6.08903271584678e-16,"S000005536","S000005536","TIR2"
"S000005545",1078.6869714,-1.21691744804104,0.230804192556635,-5.27251015053563,1.34570391927224e-07,2.17334984385967e-06,"S000005545","S000005545",NA
"S000005551",127.7545387886,2.1865873700702,0.313752772179966,6.96914119635569,3.1888154052138e-12,1.73960834300461e-10,"S000005551","S000005551","HST3"
"S000005554",432.396111716361,-3.29524001694706,0.275185110772352,-11.9746304867238,4.82582876211972e-33,3.28455097604653e-30,"S000005554","S000005554","CIN5"
"S000005556",1601.19810268722,-2.63347877553478,0.246562259208101,-10.6807861997732,1.2520674340885e-26,4.36482922815293e-24,"S000005556","S000005556","DFG16"
"S000005558",1016.9482512405,-1.74460414173217,0.217312281482265,-8.0280973069373,9.89959501701549e-16,9.69143229987688e-14,"S000005558","S000005558","HMS1"
"S000005562",2608.61206808594,-1.29445240491482,0.266388787002436,-4.8592601043038,1.17825254657645e-06,1.39873452227717e-05,"S000005562","S000005562","PEP12"
"S000005566",1502.14967120372,-1.54904970466895,0.428401122898,-3.61588619140424,0.000299321868025657,0.00163477549090207,"S000005566","S000005566","GLO4"
"S000005570",232.448948322676,1.05159311922084,0.218817099108096,4.80580870282609,1.54127217753107e-06,1.77654803974917e-05,"S000005570","S000005570","IRC23"
"S000005581",234.051305329605,-1.165084902391,0.253605588413271,-4.59408213234006,4.34658172050078e-06,4.35664042995215e-05,"S000005581","S000005581",NA
"S000005586",128.205826896681,1.19575934700537,0.309451843862492,3.86412093099924,0.000111489980164629,0.00069555926952992,"S000005586","S000005586","SLD7"
"S000005592",452.92897295679,1.46875077579052,0.275205828544011,5.33691740309794,9.45400798750255e-08,1.5859875136781e-06,"S000005592","S000005592","MSA1"
"S000005594",38.3879781161036,1.66336319423531,0.360707640422551,4.6113888585414,3.99987497622313e-06,4.04315509442413e-05,"S000005594","S000005594","VAM10"
"S000005595",688.81612082626,1.20965480662278,0.268284041218011,4.5088586005002,6.5177328732719e-06,6.14093315475776e-05,"S000005595","S000005595","VPS5"
"S000005618",495.570608612518,1.31977305401247,0.384464667953543,3.43275511124977,0.000597481490644162,0.00293678213016686,"S000005618","S000005618","ECM3"
"S000005619",487.326677027287,1.11613868752389,0.255692934987773,4.36515262956821,1.27034026852933e-05,0.000108081428109313,"S000005619","S000005619","CMR2"
"S000005646",2346.45758908207,1.36823382703441,0.224072486909489,6.10621074414679,1.02024277307101e-09,3.05069664341087e-08,"S000005646","S000005646","GCY1"
"S000005647",190.546280738014,1.32925886878389,0.288305849278183,4.6105858487155,4.01535776852889e-06,4.05593700251473e-05,"S000005647","S000005647",NA
"S000005652",153.216739790613,1.02910465585112,0.246133040674672,4.18109105965724,2.90113643283463e-05,0.000218702231194649,"S000005652","S000005652","IAH1"
"S000005653",532.23817033862,1.04368704530271,0.26871592484962,3.88397913479367,0.000102760730075136,0.000650757250759379,"S000005653","S000005653","RGA1"
"S000005654",977.143368827077,1.72186870219444,0.232007678036646,7.42160223646765,1.15711881926629e-13,8.48138424808875e-12,"S000005654","S000005654","ADE2"
"S000005655",249.993530063501,1.01919835388125,0.306938263890571,3.32053208668897,0.000898460306224949,0.0041344794452264,"S000005655","S000005655","AFI1"
"S000005661",218.283799590833,1.87568644503053,0.41888344071763,4.47782428882152,7.54076268449498e-06,6.93497185177915e-05,"S000005661","S000005661","IRC14"
"S000005662",2028.13919044325,1.47700580245019,0.388688771784279,3.79997033531477,0.000144713409853854,0.000872002009713798,"S000005662","S000005662","IDH2"
"S000005663",471.339342208381,2.17457122724073,0.23595884427914,9.21589200813426,3.08700790756531e-20,6.4886182386516e-18,"S000005663","S000005663","SIA1"
"S000005668",1263.46378560905,1.077742870665,0.227915463239528,4.72869569859918,2.25966757810852e-06,2.45981939786025e-05,"S000005668","S000005668","LSC1"
"S000005710",1888.38274579358,1.08336034620359,0.287175421651641,3.77246889713899,0.000161640121312023,0.000955107167974181,"S000005710","S000005710","SER1"
"S000005711",1977.33969404201,-1.14704893868492,0.25620725890858,-4.47703528608535,7.56867437061129e-06,6.94345717452806e-05,"S000005711","S000005711","GSP2"
"S000007353",20.2449874786553,-8.79373018043743,3.12833344932987,-2.81099515856315,0.00493885290633818,0.0174428032098571,"S000007353","S000007353",NA
"S000005722",626.29488065087,1.21047553648858,0.266238773181577,4.54657870460898,5.4524986122016e-06,5.29073745174457e-05,"S000005722","S000005722","LIP5"
"S000005730",1793.75004093172,-1.59880854378836,0.35629560397918,-4.48730920598669,7.21283558601348e-06,6.69032810140638e-05,"S000005730","S000005730","DED1"
"S000005740",25.9952791254035,-1.98003217368945,0.491654168385181,-4.02728645664245,5.64242734032257e-05,0.000386241446241525,"S000005740","S000005740","SPR2"
"S000005743",769.675975853542,1.23081046319016,0.178715198251013,6.88699380486617,5.69837026544465e-12,2.98339949465203e-10,"S000005743","S000005743","RFC1"
"S000005744",93.6672642206874,1.01330520775773,0.263434381857158,3.846518440813,0.000119808117391468,0.000741627294013103,"S000005744","S000005744",NA
"S000005746",2289.2877301125,-1.09917690171887,0.37437656607065,-2.93601950906148,0.00332453413444403,0.0125508627531982,"S000005746","S000005746","RCN2"
"S000005752",224.538532601253,1.8084095826684,0.34174148323871,5.29174733348132,1.21153198755626e-07,1.97225816607536e-06,"S000005752","S000005752","ISU2"
"S000005756",6035.00477512319,1.60831621504738,0.194149476211516,8.28390705157093,1.19198654258124e-16,1.3310205978995e-14,"S000005756","S000005756","WTM1"
"S000005776",263.682078828724,1.07689898501732,0.176226456951142,6.11088143998654,9.90823562666332e-10,2.98144024867156e-08,"S000005776","S000005776","CLP1"
"S000005783",373.923496691597,-1.23283449765127,0.217037040656695,-5.68029537226017,1.34462332275127e-08,2.9341528476464e-07,"S000005783","S000005783","CDC31"
"S000005800",349.185020542679,1.05518525648985,0.277566464285097,3.80155887782625,0.000143788559672595,0.000867526333220939,"S000005800","S000005800","MOD5"
"S000005801",622.068055647164,1.09605350688526,0.263372228977039,4.16161381608999,3.16006430450334e-05,0.000234146185092101,"S000005801","S000005801","RIM20"
"S000005805",196.165597164176,1.21283014080862,0.365903846022063,3.31461435563999,0.000917696346068339,0.0042094460444014,"S000005805","S000005805","RFM1"
"S000005806",187.085316301615,1.16639524312394,0.316893525146058,3.68071655167564,0.000232579437623373,0.00131445547724431,"S000005806","S000005806","FSH3"
"S000005815",1608.12228674815,1.0533851950338,0.200777233335677,5.24653705767854,1.54984686113634e-07,2.47231709667653e-06,"S000005815","S000005815",NA
"S000005835",213.113341579032,1.06177642161412,0.359175590886806,2.95614860406463,0.00311506964682046,0.0118951884750213,"S000005835","S000005835","SNU66"
"S000005842",82.0104295881842,1.79156168574588,0.516490621542365,3.46872065245996,0.000522942896964694,0.00261434866258005,"S000005842","S000005842","SFG1"
"S000005844",9640.1414014921,-2.75019108389549,0.460930930394248,-5.96660129000928,2.42246381404072e-09,6.47182715777273e-08,"S000005844","S000005844","FAA1"
"S000005853",1339.99313547022,1.17854647735825,0.235354763876653,5.0075318550846,5.51324292947055e-07,7.30313078692517e-06,"S000005853","S000005853","MYO2"
"S000005854",573.718343199341,-1.57440198670193,0.225511949049674,-6.98145705066446,2.92134220076488e-12,1.59979862358362e-10,"S000005854","S000005854","SNC2"
"S000005864",704.791318207609,1.72250847282823,0.261424686486858,6.58892813825682,4.43013130889922e-11,1.87336884018037e-09,"S000005864","S000005864","TEA1"
"S000005865",1417.96644551898,-2.4257688141809,0.325183949391248,-7.45968187766339,8.67316303002716e-14,6.49034131875279e-12,"S000005865","S000005865",NA
"S000005866",95.2922131167681,-1.08144677296929,0.32428485540908,-3.33486672266908,0.000853402907120886,0.00396420111722952,"S000005866","S000005866","UBC11"
"S000007356",944.52648582058,1.06374950535089,0.3163891180764,3.36215579037083,0.000773364778315277,0.00364929111140979,"S000007356","S000007356",NA
"S000005871",730.081019026041,3.04030321431528,0.41031605661746,7.40966180894494,1.26621897712003e-13,9.00401385073459e-12,"S000005871","S000005871","TYE7"
"S000005872",29.0006595445985,1.90529648820516,0.641587865216669,2.96965792450225,0.00298131527788938,0.0114702393719712,"S000005872","S000005872",NA
"S000005873",809.104660105621,1.16548181286693,0.33037950020871,3.52770620492694,0.000419177126558419,0.00217312247729397,"S000005873","S000005873","REV1"
"S000005875",1497.53653291026,1.21359935351467,0.321613212713648,3.77347479997723,0.000160989487513112,0.000953594175310779,"S000005875","S000005875","PUT4"
"S000005902",2015.99720698156,2.08822342499513,0.34489042002448,6.05474464859566,1.40640579630414e-09,4.03637160766147e-08,"S000005902","S000005902","GDH1"
"S000005908",282.660035378149,1.09517687178219,0.272827722083985,4.01417005360277,5.96553273276307e-05,0.000406025520711345,"S000005908","S000005908","FRE3"
"S000005909",235.44798312131,1.30389970770338,0.41010227886279,3.17945004187511,0.00147554802068896,0.00632953417158084,"S000005909","S000005909","FIT2"
"S000005910",841.007454204164,-2.01776257878267,0.592434586674125,-3.40588247912771,0.000659505618123978,0.00318995390857733,"S000005910","S000005910","FIT3"
"S000005911",991.229916841904,-1.64393630195645,0.329021082100174,-4.99644670628109,5.83963037592112e-07,7.65039752181856e-06,"S000005911","S000005911","FRE5"
"S000005912",493.683703618505,3.06718620886735,0.467181903521765,6.56529327387455,5.19305524161434e-11,2.1514301034317e-09,"S000005912","S000005912",NA
"S000005913",358.994872669383,1.68349487441499,0.22708105722139,7.41362971889677,1.22888726086616e-13,8.82637468319596e-12,"S000005913","S000005913","PHR1"
"S000005914",70.1767056159622,1.12678959126951,0.462123609599001,2.43828613787393,0.0147570877724794,0.0433855423916067,"S000005914","S000005914",NA
"S000005915",737.93681830759,-6.22267831394138,0.958032175858221,-6.49527069210072,8.28842442004831e-11,3.24565617084248e-09,"S000005915","S000005915","FDH1"
"S000005916",375.355972853482,1.29261836706287,0.435482915788752,2.96824127927421,0.00299509124102267,0.0115170403841638,"S000005916","S000005916",NA
"S000005928",212.784735156637,1.02353498547733,0.360272124372795,2.84100521865026,0.0044971576452446,0.0161016718996696,"S000005928","S000005928","TFC8"
"S000005935",1060.18138437514,1.590881812742,0.290348252529516,5.47921951960181,4.27206072937899e-08,7.99222041950443e-07,"S000005935","S000005935","CIP1"
"S000005948",65.126159710487,-2.02600355495682,0.390809377758319,-5.18412215842405,2.17034652642565e-07,3.2791504124949e-06,"S000005948","S000005948","SMA1"
"S000005957",2889.99631856743,2.97001084539772,0.230714743246443,12.8730864946296,6.38007241053243e-38,7.599197913645e-35,"S000005957","S000005957","PMA2"
"S000005963",387.656629772622,1.02801866017275,0.245400758522219,4.18914214594686,2.80010969102489e-05,0.000212093099172331,"S000005963","S000005963","SSN3"
"S000005966",549.795334084365,1.26037004183464,0.299893997161172,4.20271847307862,2.63728506931125e-05,0.000201576018693399,"S000005966","S000005966","VPS16"
"S000005976",1114.58119201948,-1.42276252023393,0.343033154484488,-4.14759477803849,3.35986395140096e-05,0.000246775618999866,"S000005976","S000005976","LGE1"
"S000005982",5077.47672032713,2.78456354883566,0.468655159586444,5.94160437984476,2.82245926841501e-09,7.38853668927761e-08,"S000005982","S000005982","ALD6"
"S000005988",179.528528075522,1.04764541548534,0.302392067784608,3.46452677532394,0.000531165260073572,0.00264989356447873,"S000005988","S000005988",NA
"S000005991",996.412646687042,1.56375529186247,0.288730868691467,5.41596158024058,6.09601909857011e-08,1.07435759526341e-06,"S000005991","S000005991","MUK1"
"S000005996",762.321605492079,1.62463664980916,0.264519990667712,6.14182937821897,8.1576457798681e-10,2.49139382759946e-08,"S000005996","S000005996","GCR1"
"S000005999",3603.53199328455,1.05016828155826,0.260110342318593,4.03739533075534,5.40479463963366e-05,0.000371934182880519,"S000005999","S000005999","ATP4"
"S000006009",612.68274793711,1.89867953575704,0.395093234651227,4.80564932333788,1.54250060682063e-06,1.77654803974917e-05,"S000006009","S000006009",NA
"S000006013",2583.62401796138,-1.17714521211406,0.264005372463899,-4.45879264171043,8.24226091161243e-06,7.46083820200611e-05,"S000006013","S000006013","SSU1"
"S000006017",456.998682679715,1.07043750854859,0.254371094992608,4.20817274297495,2.57444033290218e-05,0.000197405985397913,"S000006017","S000006017","PNG1"
"S000006018",177.316062785226,1.09003617093656,0.397303888077801,2.74358294405391,0.00607726930696504,0.0207556535733456,"S000006018","S000006018","MSY1"
"S000006030",527.114687245996,1.48528526666812,0.242434142642958,6.12655152643063,8.98041332181245e-10,2.73100101295032e-08,"S000006030","S000006030",NA
"S000006031",946.34399349643,1.02299187101794,0.178916167066733,5.71771622313136,1.07965248335483e-08,2.43783142884528e-07,"S000006031","S000006031","GDE1"
"S000006032",454.945346175604,1.18976364145314,0.204590340625229,5.81534610977832,6.0508557159497e-09,1.46663283786738e-07,"S000006032","S000006032","CAR1"
"S000006037",314.13488272637,1.17008061945875,0.36509384801916,3.20487629634709,0.00135120539218173,0.00586301720414494,"S000006037","S000006037","HOS3"
"S000006040",1874.83442328111,-1.44335342090714,0.214186725255966,-6.73876226074347,1.597415209747e-11,7.4613907166385e-10,"S000006040","S000006040","DBP1"
"S000006055",961.891100908376,1.98384111968882,0.278543706209707,7.12218971551722,1.06225699496222e-12,6.19707723632447e-11,"S000006055","S000006055","ODC1"
"S000006056",2977.96191027523,-1.33522899206761,0.353893196441717,-3.77297163520777,0.000161314633746822,0.000954728803371979,"S000006056","S000006056","ISU1"
"S000006057",50.0876381205313,-1.74369172578976,0.407050993274326,-4.28371814490237,1.83795720560051e-05,0.00014741819494752,"S000006057","S000006057",NA
"S000006068",2922.0034498985,-2.46444747744369,0.393795277449925,-6.25819459644757,3.89459673842917e-10,1.29513583577219e-08,"S000006068","S000006068","PXA1"
"S000006069",69.2039191683174,1.20990831705321,0.426295614123392,2.8381908632609,0.00453700440075349,0.0162321411514317,"S000006069","S000006069","PPT2"
"S000006070",348.228449113159,1.12208568433665,0.30006679295254,3.73945305075503,0.000184421087136248,0.00107632935828436,"S000006070","S000006070","ATG5"
"S000006072",655.629746458245,-1.25266450846098,0.221215711319868,-5.66263806936246,1.49063349553954e-08,3.20867839634738e-07,"S000006072","S000006072","PRP46"
"S000006076",107.851820840041,1.12176617342889,0.361356050395402,3.10432376101476,0.00190714510670959,0.00787827312433531,"S000006076","S000006076","KIP2"
"S000006077",497.104891482956,2.11362743159566,0.286445666239265,7.37880750421327,1.59713549052763e-13,1.12452500325672e-11,"S000006077","S000006077","PRM4"
"S000006079",305.895541402719,1.72320044901303,0.236282738140626,7.29295953895475,3.03219176784479e-13,2.05398658473012e-11,"S000006079","S000006079","AIM44"
"S000006082",298.804486474179,1.57004134163261,0.322868940064478,4.86278222153877,1.15747173947902e-06,1.37979512697028e-05,"S000006082","S000006082","BEM4"
"S000006084",886.198544472652,-1.22592112901654,0.34363206689034,-3.56753995664716,0.000360348443773733,0.00190546071285903,"S000006084","S000006084","SVS1"
"S000006092",306.162773872465,1.26918884399835,0.231138490523423,5.491031983138,3.99591977390174e-08,7.5547197524309e-07,"S000006092","S000006092","OYE3"
"S000006098",1356.94858805214,2.13548328409458,0.266358819831527,8.01731771241997,1.08079306569556e-15,1.05086906720997e-13,"S000006098","S000006098","CUP9"
"S000006102",1229.70752783792,1.29306249095942,0.18037930785502,7.16857441319555,7.57827387526364e-13,4.5511037184514e-11,"S000006102","S000006102","CTI6"
"S000006103",136.244024190992,1.49887202713649,0.305676277754979,4.90346204862499,9.4162141949594e-07,1.15922437113312e-05,"S000006103","S000006103",NA
"S000006110",62.9392628945036,1.06082917699128,0.437161369230894,2.42663064867239,0.0152397620657568,0.0445160342938455,"S000006110","S000006110","GUP2"
"S000006127",1114.34040274756,1.01493610480949,0.163648634148717,6.20192224694746,5.57776351733809e-10,1.79961566486035e-08,"S000006127","S000006127","PGC1"
"S000006128",1189.30218791236,1.01156744090451,0.252505790753376,4.00611581178552,6.17253931517879e-05,0.000417530073032893,"S000006128","S000006128","TYW1"
"S000006142",1753.38128837593,1.15307720211232,0.236049278752898,4.88490034031996,1.03481181536707e-06,1.25556581299164e-05,"S000006142","S000006142","FLC1"
"S000028722",93.1091470369388,-2.18938006281467,0.302143322086673,-7.24616399824524,4.2874093895443e-13,2.81100653232829e-11,"S000028722","S000028722",NA
"S000006143",8467.21958178801,-2.34276048518251,0.203992180004589,-11.484560266623,1.57735982926857e-30,9.01808161589427e-28,"S000006143","S000006143","FMP40"
"S000006144",58454.8349045286,-3.7448496991603,0.230282066753038,-16.2620118533868,1.83608622660771e-59,8.74772681230134e-56,"S000006144","S000006144","GRE1"
"S000006151",2912.33514039659,-1.9228476892041,0.44369612541198,-4.33370403543349,1.46621262380812e-05,0.000121982404144875,"S000006151","S000006151","USV1"
"S000006154",140.893820805162,1.50433090566329,0.270670747677901,5.55778900590118,2.73213367778453e-08,5.44635797162821e-07,"S000006154","S000006154","NSL1"
"S000006170",579.398877609812,1.09483198029794,0.161522909954692,6.77818385395021,1.21695925911985e-11,5.87635090898648e-10,"S000006170","S000006170","GYP5"
"S000006171",420.262534158209,1.29090743668524,0.349463668425154,3.69396750884768,0.000220782024897494,0.00125622511220537,"S000006171","S000006171","ATG41"
"S000006183",4249.58397790544,1.7334064055665,0.153965666911634,11.2583957211796,2.10556853134238e-29,1.00316303394922e-26,"S000006183","S000006183","FUM1"
"S000006192",61.2384100307156,1.19876173155234,0.380894359585871,3.14722888744191,0.00164825880243864,0.00696175031420078,"S000006192","S000006192","ATP15"
"S000006195",1228.58101686547,1.61460407987748,0.329110826523235,4.90595857004872,9.29721496656706e-07,1.14654955579934e-05,"S000006195","S000006195","SAM3"
"S000006196",2473.65803756121,-7.5425941983388,0.82222880127695,-9.17335197529554,4.58534325390515e-20,9.36261587543804e-18,"S000006196","S000006196","FDH2"
"S000006204",192.10461625113,2.27176033600178,0.362064876371047,6.27445655257006,3.50857584830772e-10,1.18273760848732e-08,"S000006204","S000006204","YRF1-7"
"S000006206",4436.58234800719,1.15942280448372,0.324867456539141,3.56891027754893,0.00035846915282943,0.00189692691647206,"S000006206","S000006206","PDH1"
"S000006207",731.114653269472,1.45218703832335,0.233905083376324,6.20844582495441,5.35111631839235e-10,1.73431985348712e-08,"S000006207","S000006207",NA
"S000006208",688.605316864833,1.14542222526281,0.222247826194804,5.15380620307545,2.55251735889661e-07,3.77806509161015e-06,"S000006208","S000006208","AIM45"
"S000006209",328.76148586984,1.38084075925508,0.239833302760545,5.75750216238211,8.53676760561437e-09,1.99047339946242e-07,"S000006209","S000006209","HAL1"
"S000122558",64.6910949488414,1.08404374220058,0.40358581454756,2.68603033884095,0.00723065229526478,0.023967465968511,"S000122558","S000122558",NA
"S000006217",234.899478532682,1.09531917838401,0.274485844428258,3.99043958228706,6.59509481714129e-05,0.000442760404985441,"S000006217","S000006217","CMR3"
"S000006219",89.7011858964078,2.01083501463551,0.352433094568356,5.70557942947522,1.15947971230879e-08,2.5773629126018e-07,"S000006219","S000006219",NA
"S000006223",520.034679074485,1.32144924460565,0.231421363315379,5.71014372084911,1.12880808012143e-08,2.52158106154572e-07,"S000006223","S000006223","MCM4"
"S000006224",309.085830307289,2.07949563375305,0.338191957943954,6.14886186648373,7.80409061718641e-10,2.39364521870054e-08,"S000006224","S000006224","ATP20"
"S000006225",390.090797972978,1.39684792326429,0.401979311825757,3.47492490824942,0.000510996372219336,0.00256089451196738,"S000006225","S000006225","AGC1"
"S000006229",662.18306383113,-1.33613071403456,0.233713400282121,-5.71696236682058,1.08445121832994e-08,2.44480461570818e-07,"S000006229","S000006229","CCL1"
"S000006230",4115.20212064809,-1.07529549166448,0.237671595277342,-4.52429113546237,6.05982620741044e-06,5.81295946191392e-05,"S000006230","S000006230","ATH1"
"S000006236",524.895283025355,1.46945179611233,0.286084567665098,5.13642454783697,2.80014698026441e-07,4.09228024426577e-06,"S000006236","S000006236","SRO7"
"S000006239",5493.70484130023,2.3977502564042,0.933499767846354,2.56856009930883,0.0102122002338147,0.0319883800004193,"S000006239","S000006239","GLN1"
"S000028425",34.2023163203415,1.47944444429285,0.49975318236632,2.96035022185894,0.00307289499075432,0.0117592739231196,"S000028425","S000028425","SPO24"
"S000006251",112.033904189731,1.36006056083403,0.378517825960795,3.59312155875823,0.0003267400644555,0.00175369723667385,"S000006251","S000006251","MSF1"
"S000006263",95.077042799538,1.21935622344056,0.346941351334476,3.51458890314003,0.000440435220215312,0.00225956231246858,"S000006263","S000006263",NA
"S000006265",525.830091559687,-1.02265243998088,0.291535691260141,-3.50781215006829,0.000451807958623041,0.00231023499929609,"S000006265","S000006265","JID1"
"S000006269",688.131767649623,1.36447909810002,0.329551173750203,4.1404164414668,3.46675876168255e-05,0.000253454644402704,"S000006269","S000006269","ROX1"
"S000006272",134.364827809162,1.19720508358795,0.358298008838034,3.34136683446973,0.000833669966620125,0.00388764921138709,"S000006272","S000006272","HOS1"
"S000006274",218.768454274875,1.01899597100654,0.323046641680101,3.15433079789019,0.00160866630252519,0.0068045775264849,"S000006274","S000006274","MED1"
"S000006282",253.241636198151,-1.1584087097505,0.189024235332183,-6.12836077720281,8.8789073190604e-10,2.7058896015209e-08,"S000006282","S000006282",NA
"S000006285",529.91372687108,1.12832383401737,0.186363446677633,6.05442673513717,1.40918591773811e-09,4.03637160766147e-08,"S000006285","S000006285","GRS2"
"S000006286",274.404792484181,1.0810172311787,0.353807580591591,3.05538176816665,0.00224774205943107,0.00905495413062239,"S000006286","S000006286","DIB1"
"S000006287",613.089641050848,2.14830951706231,0.263962851691668,8.13868127008917,3.99606417976122e-16,4.23079594972793e-14,"S000006287","S000006287","MDM36"
"S000006290",1309.26811787008,-1.13527758400931,0.186910792264188,-6.07390065740374,1.24839975932853e-09,3.64895250717438e-08,"S000006290","S000006290","SUA7"
"S000006305",392.638935671979,-1.19067324348461,0.240721696375969,-4.94626475888971,7.56510500468906e-07,9.61138185173518e-06,"S000006305","S000006305","SNT309"
"S000006311",153.778861642246,1.51570992751985,0.267543700020707,5.6652798305568,1.46784789572197e-08,3.17878029902334e-07,"S000006311","S000006311","YTH1"
"S000006317",463.273631958691,-1.14947759768956,0.329621159007776,-3.4872688426608,0.000487980557292328,0.00246381379442214,"S000006317","S000006317","PIS1"
"S000006320",40.8326793200284,1.3321348082337,0.49089338586285,2.71369475857203,0.00665374437260549,0.0223874690013301,"S000006320","S000006320","RRG8"
"S000006323",71.6837073939468,3.4235836026454,0.455021988195469,7.52399596384933,5.31269854460272e-14,4.1268695814134e-12,"S000006323","S000006323","CLB2"
"S000006329",354.846788581601,1.02160375236244,0.367166307112667,2.78240059769143,0.00539583916200997,0.0187692210130466,"S000006329","S000006329","YLH47"
"S000006330",47.4573052704425,1.09010212060719,0.437583762038545,2.49118503741728,0.0127317793885058,0.0384807195601423,"S000006330","S000006330",NA
"S000006331",3316.45961997747,1.67875772946996,0.148798197070405,11.2821106876425,1.6083994101344e-29,7.92719061001757e-27,"S000006331","S000006331",NA
"S000006332",209.264235431863,1.13107855619979,0.206746557261611,5.47084590515603,4.47892607317486e-08,8.27096774727238e-07,"S000006332","S000006332","ANT1"
"S000007359",366.614236388274,1.68860872604525,0.235423256994747,7.17265043225075,7.35595131769371e-13,4.43622836218549e-11,"S000007359","S000007359",NA
"S000006345",204.858259331196,1.11821852457377,0.256469510814254,4.3600446736284,1.30035893880646e-05,0.000110302850518461,"S000006345","S000006345","KAR3"
"S000006349",3071.13573034218,1.67126085631903,0.54157175348532,3.08594539054802,0.00202906084105673,0.00829321321167394,"S000006349","S000006349","ASN1"
"S000006352",1431.03214331606,1.05304055246647,0.183346759675625,5.74343694063366,9.27739227483674e-09,2.12502832987567e-07,"S000006352","S000006352",NA
"S000006353",10408.7442264822,-1.41710705361165,0.314328878419735,-4.50835780898035,6.53313306628733e-06,6.15138807091204e-05,"S000006353","S000006353","NCE102"
"S000006356",409.987618207079,-1.68675925534991,0.397177334939125,-4.24686684502891,2.1678070548457e-05,0.000169684919139702,"S000006356","S000006356","URN1"
"S000006357",72.2379246153974,-2.59663466483245,0.524142137453946,-4.954065852148,7.26785917485484e-07,9.29960681168962e-06,"S000006357","S000006357","MAY24"
"S000006358",1591.38439238214,-1.9757928769708,0.440316484205773,-4.48721078552092,7.21616721565861e-06,6.69032810140638e-05,"S000006358","S000006358","PIN3"
"S000006359",559.093684394297,1.87273860377837,0.277836715415325,6.74042881977961,1.579198544805e-11,7.4004868199665e-10,"S000006359","S000006359","NCA2"
"S000007364",142.063737164015,1.08007297947721,0.247416822625448,4.36539831049516,1.26891323538725e-05,0.000108081428109313,"S000007364","S000007364",NA
"S000028726",42.6155785763791,1.99059704256056,0.406244486216934,4.89999768636266,9.5837783898593e-07,1.1768122381981e-05,"S000028726","S000028726",NA
"S000006364",3898.92157033467,1.54827584177892,0.186491138205403,8.30214162816485,1.02251209695067e-16,1.15076892926897e-14,"S000006364","S000006364","GPH1"
"S000006368",601.346539917715,1.44198617438305,0.244275153431849,5.90312258174613,3.56685043318684e-09,9.07515375490817e-08,"S000006368","S000006368","MMS1"
"S000006371",248.761615303604,1.51924403029571,0.257446702787847,5.90119824353572,3.60870969400786e-09,9.16150757663486e-08,"S000006371","S000006371","MET16"
"S000006379",214.435130697774,-1.22042215210862,0.262620742936325,-4.64708970991117,3.36650786155263e-06,3.48677513515737e-05,"S000006379","S000006379","DPB2"
"S000006381",41.5415487112851,1.67096265415801,0.349463419681562,4.78150948010702,1.73983796857571e-06,1.96425782660764e-05,"S000006381","S000006381",NA
"S000006395",3033.34794396706,1.74806480632989,0.195632125638743,8.93546906277494,4.05454441029709e-19,6.81783567722074e-17,"S000006395","S000006395","QCR2"
"S000006396",931.873115074837,2.1847034453264,0.414492005274304,5.27079754862967,1.35832229589957e-07,2.19125288660186e-06,"S000006396","S000006396","AQY1"
"S000006397",124.253699519181,1.18686869111676,0.278122434301728,4.26743241370149,1.97735649823671e-05,0.000156751838210191,"S000006397","S000006397","HPA2"
"S000006398",374.121277906314,1.82637319165103,0.25294194327325,7.22052328695055,5.17879002386767e-13,3.33425431581714e-11,"S000006398","S000006398","OPT2"
"WBGene00008988",12.8099517812022,-2.95654479038062,1.13290555702339,-2.60970102234179,0.00906213851643916,0.0289571083870925,"WBGene00008988","WBGene00008988",NA
"WBGene00008998",19.1999260147188,-1.36792978556147,0.528252377541631,-2.58953834136537,0.00961047199042189,0.0304235827594906,"WBGene00008998","WBGene00008998",NA
"WBGene00008999",731.805540675449,1.03429162514831,0.182590258123901,5.66454988220934,1.47410976290243e-08,3.18269650168646e-07,"WBGene00008999","WBGene00008999",NA
"WBGene00009005",11.7142435306497,-3.7582143811782,1.00395704475206,-3.74340157362642,0.00018154573612866,0.00106171571460185,"WBGene00009005","WBGene00009005",NA
"WBGene00009016",37.2925572852253,-5.89051772914436,0.980933214783422,-6.00501404210776,1.91315346137417e-09,5.25859661988866e-08,"WBGene00009016","WBGene00009016",NA
"WBGene00009020",17.6481660110696,3.62066693960857,0.706889416705945,5.12197078360661,3.02358747214425e-07,4.37410280762731e-06,"WBGene00009020","WBGene00009020",NA
"WBGene00009028",65.1849081271926,-3.49552113304166,0.769156237066566,-4.5446178092152,5.50350198691371e-06,5.33298670501408e-05,"WBGene00009028","WBGene00009028",NA
"WBGene00009031",331.909077394462,-4.92955576025969,1.16545798391769,-4.22971555241227,2.3398698358419e-05,0.00018166083413193,"WBGene00009031","WBGene00009031",NA
"WBGene00009043",34.906750222647,-5.05686233151466,0.928492297009684,-5.44631586907168,5.14237834237053e-08,9.39897872730204e-07,"WBGene00009043","WBGene00009043",NA
"WBGene00009056",16.2637970568512,-1.5074756412296,0.531207545976199,-2.83782798766405,0.00454216534730914,0.0162465388661385,"WBGene00009056","WBGene00009056",NA
"WBGene00009057",172.69717323642,-1.42204847042201,0.33502620272391,-4.24458880786078,2.18994625028079e-05,0.000170949763819024,"WBGene00009057","WBGene00009057",NA
"WBGene00009071",41.3627208535039,1.88216478727745,0.519507558364099,3.62297864001111,0.000291229880130728,0.00159668150238147,"WBGene00009071","WBGene00009071",NA
"WBGene00009075",17.3679133481293,-4.878968322713,1.21007559499235,-4.03195332829089,5.53151738418064e-05,0.000379558223581824,"WBGene00009075","WBGene00009075",NA
"WBGene00009079",11.5567192925973,-4.95828193347082,1.56798298028748,-3.16220392428096,0.00156579871601271,0.00664685507810208,"WBGene00009079","WBGene00009079",NA
"WBGene00009081",318.86105130981,-1.98933497739845,0.535102947183431,-3.71766776443583,0.000201070459044563,0.00116070277509044,"WBGene00009081","WBGene00009081",NA
"WBGene00009089",96.7783994502911,3.25857885896284,0.762815659443782,4.2717776157596,1.93920914272892e-05,0.000154265784331312,"WBGene00009089","WBGene00009089",NA
"WBGene00009090",12.7014766367916,-7.11298688504924,1.63275569700373,-4.35643060263227,1.32200581347282e-05,0.000111807272733533,"WBGene00009090","WBGene00009090",NA
"WBGene00009096",42.2236349192495,-2.82581772494877,0.585878971251731,-4.82321070324714,1.41265602971733e-06,1.64825245981631e-05,"WBGene00009096","WBGene00009096",NA
"WBGene00009097",114.21864384266,-3.02035007665491,0.49580371928796,-6.09182617869938,1.1162985693476e-09,3.2965403825796e-08,"WBGene00009097","WBGene00009097",NA
"WBGene00009101",23.2411228513132,-2.39898723058964,0.729873416656357,-3.28685382402294,0.00101313409008073,0.00455511970730539,"WBGene00009101","WBGene00009101",NA
"WBGene00009115",42.1514349215839,-3.79989622931471,0.691413181819822,-5.49584001177597,3.88854931149768e-08,7.37122484207378e-07,"WBGene00009115","WBGene00009115",NA
"WBGene00009125",17.7354229771682,-1.60288744781307,0.673094815848081,-2.38136947436369,0.0172484022070592,0.0492767165191881,"WBGene00009125","WBGene00009125",NA
"WBGene00009129",32.2011030321495,-3.02117910173107,0.72713979122607,-4.15488072332956,3.25457275873222e-05,0.000239657951780317,"WBGene00009129","WBGene00009129",NA
"WBGene00009130",166.481096842356,-1.56926851721019,0.323580563850237,-4.84969955716035,1.23648616886738e-06,1.46434372273679e-05,"WBGene00009130","WBGene00009130",NA
"WBGene00009143",40.333151061609,-4.87272853034532,1.15321082430842,-4.22535795505343,2.38561265404609e-05,0.000184448898047435,"WBGene00009143","WBGene00009143",NA
"WBGene00009149",26.2610127300463,-6.34050780883269,1.39099754039565,-4.55824516197866,5.15828040630643e-06,5.03601788574711e-05,"WBGene00009149","WBGene00009149",NA
"WBGene00009156",157.624214665945,4.01719458701595,1.03178355603928,3.89344699622543,9.88298038651357e-05,0.000628649037224915,"WBGene00009156","WBGene00009156",NA
"WBGene00009157",50.067622386394,-1.87699268037161,0.587408602621747,-3.19537826309341,0.0013964768203573,0.00603198645916197,"WBGene00009157","WBGene00009157",NA
"WBGene00009160",35.3164169757612,-4.93025040937234,0.81910275152642,-6.01908661664813,1.75403997201063e-09,4.86805695532969e-08,"WBGene00009160","WBGene00009160",NA
"WBGene00009185",54.7788860953499,-4.04714063222093,1.50893896097684,-2.68211023565919,0.00731593479062572,0.0241996426666081,"WBGene00009185","WBGene00009185",NA
"WBGene00009193",10.2854851214116,-4.11938766889398,1.41886257132514,-2.90330279489062,0.00369249439013933,0.0136874628810981,"WBGene00009193","WBGene00009193",NA
"WBGene00009212",304.655073959598,3.10091253333269,1.15710610066012,2.67988608094248,0.00736472192216804,0.024316001486151,"WBGene00009212","WBGene00009212",NA
"WBGene00009213",63.4879234188128,-2.56386336892068,0.455771821552031,-5.62532225048492,1.85161983008964e-08,3.86918161278819e-07,"WBGene00009213","WBGene00009213",NA
"WBGene00009215",715.078451776567,-2.03374362806009,0.262062267861339,-7.76053586293533,8.45712846235112e-15,7.32592346135664e-13,"WBGene00009215","WBGene00009215",NA
"WBGene00009226",101.815108337307,-4.03124544227572,0.757408700327557,-5.32241765975533,1.02397137717349e-07,1.70578355407234e-06,"WBGene00009226","WBGene00009226",NA
"WBGene00009239",18.9168697877044,-2.56036429496802,0.706928033867304,-3.62181745850614,0.000292540524392555,0.00160183103005878,"WBGene00009239","WBGene00009239",NA
"WBGene00009241",89.2446045722955,-1.04258594658479,0.360971167026464,-2.888280399715,0.00387354398226802,0.0142252220294339,"WBGene00009241","WBGene00009241",NA
"WBGene00009269",23.587284686238,-5.29958385546522,1.05053037457961,-5.04467456030097,4.54293924394593e-07,6.18454384791959e-06,"WBGene00009269","WBGene00009269",NA
"WBGene00009271",93.4192552371412,-2.23804532322025,0.409158222646174,-5.46987741990372,4.50346940346452e-08,8.30555976564108e-07,"WBGene00009271","WBGene00009271",NA
"WBGene00009291",48.661994475073,-1.32707748577055,0.368852662878278,-3.59785252847282,0.000320855447181211,0.00173121438526276,"WBGene00009291","WBGene00009291",NA
"WBGene00009293",27.4105996086858,-1.48513356130369,0.437112233922816,-3.39760236856223,0.000679791490241122,0.00327146793603244,"WBGene00009293","WBGene00009293",NA
"WBGene00009308",165.219913222825,-4.67000237210118,1.04755392602125,-4.45800665349847,8.27253349602886e-06,7.47876794805442e-05,"WBGene00009308","WBGene00009308",NA
"WBGene00009311",46.2193847469462,-1.25733529415618,0.437457867741889,-2.87418603452354,0.00405070287349813,0.0147733340573893,"WBGene00009311","WBGene00009311",NA
"WBGene00009313",35.068194202359,-4.44198346695415,1.07901312706648,-4.11670938520515,3.84320177715526e-05,0.000276173368531323,"WBGene00009313","WBGene00009313",NA
"WBGene00009321",71.6940646450712,-5.34683232437475,0.969268645443893,-5.5163574613786,3.46097947617415e-08,6.67581371834778e-07,"WBGene00009321","WBGene00009321",NA
"WBGene00009324",15.6011290243803,-5.43317177831162,1.27424934355041,-4.26382152426565,2.00959981720574e-05,0.000158433071534393,"WBGene00009324","WBGene00009324",NA
"WBGene00009333",26.3010539510306,-1.18884208672046,0.436182564960509,-2.72556076795067,0.00641923587493824,0.0217572061561518,"WBGene00009333","WBGene00009333",NA
"WBGene00009340",350.720240578888,-1.07928860449636,0.362214551078924,-2.97969422068082,0.00288536250340842,0.0111944859558134,"WBGene00009340","WBGene00009340",NA
"WBGene00009343",13.0825162941462,5.4429736206097,1.14953857268576,4.73492038452686,2.19141105169319e-06,2.39646810725714e-05,"WBGene00009343","WBGene00009343",NA
"WBGene00009344",171.273176609435,-5.33124925523885,1.45223249721791,-3.67107144720429,0.000241535803543232,0.00135620575183218,"WBGene00009344","WBGene00009344",NA
"WBGene00009350",31.1782952309228,-1.01924297908765,0.383956088622404,-2.65458214960098,0.0079406702179916,0.0258591933073032,"WBGene00009350","WBGene00009350",NA
"WBGene00009358",47.3607244384397,-1.19497121109309,0.476355426422632,-2.50857058576443,0.0121220746496194,0.036989560904096,"WBGene00009358","WBGene00009358",NA
"WBGene00009361",176.145168820579,3.20397049431914,0.518374076318242,6.18080772301612,6.37744533046271e-10,2.03921311204258e-08,"WBGene00009361","WBGene00009361",NA
"WBGene00009367",676.186060033757,1.17789504346884,0.316279769490347,3.72421873636402,0.000195921003529823,0.00113372425240962,"WBGene00009367","WBGene00009367",NA
"WBGene00009370",99.7076766923987,1.00636308001869,0.278495643953378,3.61356847716859,0.000302011545351496,0.00164506517443176,"WBGene00009370","WBGene00009370",NA
"WBGene00009377",53.9971610721324,-4.93476197609224,1.57032975410662,-3.14250046093007,0.0016751144942658,0.00706682746946313,"WBGene00009377","WBGene00009377",NA
"WBGene00009386",56.4283397427998,-1.42765236119558,0.490214570617641,-2.91230095302312,0.00358776779348948,0.0133715684673651,"WBGene00009386","WBGene00009386",NA
"WBGene00009389",64.3633166538676,-1.66211174045707,0.407108944708253,-4.08271977823575,4.45116832643369e-05,0.000312939246875144,"WBGene00009389","WBGene00009389",NA
"WBGene00009400",15.8860422232938,-1.99069280421254,0.6623308343875,-3.00558678662977,0.00265068940901483,0.0104140472025973,"WBGene00009400","WBGene00009400",NA
"WBGene00009401",18.4516642925537,-5.56926809140985,1.38784380072425,-4.01289258092554,5.99792118599366e-05,0.000408035637845823,"WBGene00009401","WBGene00009401",NA
"WBGene00009402",11.4044595134067,-4.32063088288381,1.71839615928908,-2.5143392340165,0.0119255660519393,0.0364681462516835,"WBGene00009402","WBGene00009402",NA
"WBGene00009408",67.3985995052294,-1.22119708825969,0.484555436008882,-2.52024226230599,0.0117274088216335,0.0360000644879041,"WBGene00009408","WBGene00009408",NA
"WBGene00009410",10.2507513422321,3.35039992937415,0.981029642883262,3.41518725114898,0.000637381780885428,0.00310183785978734,"WBGene00009410","WBGene00009410",NA
"WBGene00009416",33.9942819379579,-3.91076306087635,0.888149945592092,-4.40326893030343,1.06631848444514e-05,9.25934999889091e-05,"WBGene00009416","WBGene00009416",NA
"WBGene00009429",39.4467271321068,4.18905215592417,0.693892312931898,6.03703496616672,1.56971719132043e-09,4.42524020030432e-08,"WBGene00009429","WBGene00009429",NA
"WBGene00009433",416.719656122101,1.12701001791272,0.335415264117454,3.3600439171369,0.000779300835080189,0.00367003190635952,"WBGene00009433","WBGene00009433",NA
"WBGene00009447",48.9878434114988,-1.02879325153056,0.32986740643983,-3.11880844074305,0.00181583974240247,0.0075600924666934,"WBGene00009447","WBGene00009447",NA
"WBGene00009449",25.1603956927471,-4.83102791763029,1.03681656146808,-4.65948181883765,3.17006393285786e-06,3.29765093102892e-05,"WBGene00009449","WBGene00009449",NA
"WBGene00009457",123.183932787279,-4.970075804503,1.07427605523145,-4.62644194692791,3.72001074081058e-06,3.79786525131469e-05,"WBGene00009457","WBGene00009457",NA
"WBGene00009458",25.7985169364678,-4.10080499386775,0.841873475641299,-4.87104667449459,1.11008610146649e-06,1.33443739682594e-05,"WBGene00009458","WBGene00009458",NA
"WBGene00009459",34.9860956757445,-5.98107806955324,0.874734225191616,-6.83759466281664,8.05338729603596e-12,4.08181080220716e-10,"WBGene00009459","WBGene00009459",NA
"WBGene00009466",15.7065759949443,-1.69838064598611,0.640253713602714,-2.65266816873158,0.00798583361254658,0.025994424920093,"WBGene00009466","WBGene00009466",NA
"WBGene00009470",109.273529139441,-4.97467453061147,0.870223254925573,-5.71654975025567,1.0870865345123e-08,2.44688627366681e-07,"WBGene00009470","WBGene00009470",NA
"WBGene00009471",32.9219394399011,-4.94019332593476,1.10312274060284,-4.47837139431558,7.52146614714684e-06,6.9312904991083e-05,"WBGene00009471","WBGene00009471",NA
"WBGene00009485",55.7845842051324,-1.65873944822065,0.328274349703639,-5.05290605165506,4.35137966649475e-07,5.96873988226578e-06,"WBGene00009485","WBGene00009485",NA
"WBGene00009488",119.742431051988,6.3375204359542,0.612843735676279,10.3411686650606,4.58906587820878e-25,1.42590257820083e-22,"WBGene00009488","WBGene00009488",NA
"WBGene00009489",10.4373948326758,-6.63949778027171,1.71057994752733,-3.88143085032021,0.000103843680382156,0.000656742355620424,"WBGene00009489","WBGene00009489",NA
"WBGene00009492",27.2636129542662,-6.29093539589002,1.26935581513572,-4.95600628356313,7.19568898312157e-07,9.21576905338321e-06,"WBGene00009492","WBGene00009492",NA
"WBGene00009500",38.2663108857425,-1.21801837311438,0.450915034064142,-2.70121482119649,0.00690866994554777,0.0230682228534685,"WBGene00009500","WBGene00009500",NA
"WBGene00009501",11.5060870022189,-5.93252877084535,1.49254098948205,-3.9747844867591,7.04430146079415e-05,0.000469390213422521,"WBGene00009501","WBGene00009501",NA
"WBGene00009502",16.1463584186584,-5.16409088178998,1.12275137271733,-4.59949638653449,4.23513538416798e-06,4.25388545649424e-05,"WBGene00009502","WBGene00009502",NA
"WBGene00009503",166.875733683672,-1.18220341391619,0.322433859776373,-3.66649896737308,0.000245893911562197,0.00137825948155235,"WBGene00009503","WBGene00009503",NA
"WBGene00009511",19.4049729785377,-1.65943078093326,0.495088777061235,-3.35178428156535,0.000802925560307122,0.00377059200773714,"WBGene00009511","WBGene00009511",NA
"WBGene00009513",12.7443952747377,-6.15333487821535,1.627885700583,-3.77995511356333,0.000156856633948441,0.000932900903254121,"WBGene00009513","WBGene00009513",NA
"WBGene00009515",60.247399208052,-1.62964642198258,0.536839237302676,-3.03563210127982,0.00240032049379424,0.00955116392477759,"WBGene00009515","WBGene00009515",NA
"WBGene00009526",37.1737458515401,-2.05769258454674,0.511363260066996,-4.02393512642492,5.72336890354102e-05,0.000391033038902064,"WBGene00009526","WBGene00009526",NA
"WBGene00009528",12.5612869237549,-1.90541306530439,0.715401960793953,-2.66341605101245,0.00773517098338027,0.0253151005088385,"WBGene00009528","WBGene00009528",NA
"WBGene00009532",867.916497585519,-1.21074377905019,0.254752531452798,-4.75262707752338,2.00790489926614e-06,2.22472749807837e-05,"WBGene00009532","WBGene00009532",NA
"WBGene00009548",53.0316082276882,-6.2672980927454,1.07467290311144,-5.83181922108581,5.48263012421753e-09,1.34644729150242e-07,"WBGene00009548","WBGene00009548",NA
"WBGene00009549",13.2089887427271,-3.02339477057796,0.787375859708085,-3.83983676067852,0.000123116144522533,0.000759473048623461,"WBGene00009549","WBGene00009549",NA
"WBGene00009550",10.4177512731034,-6.9968414955573,1.41567439535462,-4.94240873361607,7.71632305321454e-07,9.78610518186295e-06,"WBGene00009550","WBGene00009550",NA
"WBGene00009581",86.3523450365939,-6.07467298559525,0.860316653301411,-7.06097337798131,1.65340273042169e-12,9.3778115975862e-11,"WBGene00009581","WBGene00009581",NA
"WBGene00009592",19.1915033142479,-7.5477554960342,1.47567175654402,-5.11479294942314,3.14085285741387e-07,4.51177988854437e-06,"WBGene00009592","WBGene00009592",NA
"WBGene00009595",430.943576158803,-1.09999755020758,0.258061643933896,-4.26253794806233,2.02118161431616e-05,0.000159166660129041,"WBGene00009595","WBGene00009595",NA
"WBGene00009605",39.8362073165228,-4.26226476059855,0.948117158275787,-4.49550429859296,6.94052560292314e-06,6.48796157243822e-05,"WBGene00009605","WBGene00009605",NA
"WBGene00009620",39.8348513968579,-1.39246045054931,0.527655536632948,-2.63895733840835,0.00831614454033166,0.0269590959208348,"WBGene00009620","WBGene00009620",NA
"WBGene00009621",931.246706556744,-1.344577667889,0.300483830020592,-4.47470889796919,7.65154866260556e-06,6.99703039249016e-05,"WBGene00009621","WBGene00009621",NA
"WBGene00009626",146.985754967151,-1.35794686452119,0.456610982185639,-2.97396890898499,0.00293974860161424,0.0113377838000195,"WBGene00009626","WBGene00009626",NA
"WBGene00009641",33.7913983895018,-2.70116969239908,0.688205981267227,-3.92494364467058,8.67500444165131e-05,0.00056296736013859,"WBGene00009641","WBGene00009641",NA
"WBGene00009643",51.6068634209231,-3.39780944034565,0.756947703196384,-4.4888298438553,7.16154706749098e-06,6.65972623524064e-05,"WBGene00009643","WBGene00009643",NA
"WBGene00009645",345.83687112593,-1.05371230646835,0.223503543395486,-4.71452170493701,2.42279178743301e-06,2.60368142990827e-05,"WBGene00009645","WBGene00009645",NA
"WBGene00009653",58.1254548485274,2.84470999362105,0.723107195275041,3.9340086949889,8.35407590639446e-05,0.000544978580237773,"WBGene00009653","WBGene00009653",NA
"WBGene00009663",74.8582728614959,-1.29728657223234,0.452014240941664,-2.87001261183664,0.00410455427414175,0.014935436415557,"WBGene00009663","WBGene00009663",NA
"WBGene00009680",356.919770748636,-5.50939101931463,0.912416376272105,-6.03824214754294,1.55802144554767e-09,4.40094871960728e-08,"WBGene00009680","WBGene00009680",NA
"WBGene00009681",743.094841884491,-5.25143427172377,1.1156622721768,-4.70701071703139,2.51375697441411e-06,2.68930602060635e-05,"WBGene00009681","WBGene00009681",NA
"WBGene00009682",407.085978297134,-4.9423335203373,1.14870173456568,-4.3025385716911,1.68852263932605e-05,0.000136814365554916,"WBGene00009682","WBGene00009682",NA
"WBGene00009683",10.7559444443677,-5.91353284358671,1.63714099642397,-3.61210968175845,0.000303716047241817,0.00165371941456277,"WBGene00009683","WBGene00009683",NA
"WBGene00009685",21.8628917000404,-5.26339223923587,1.25916328238269,-4.18007125277354,2.91417769970161e-05,0.000219222851904395,"WBGene00009685","WBGene00009685",NA
"WBGene00009691",310.094521364755,3.49125614603309,1.45556596690418,2.39855576828207,0.0164598698437137,0.0473266786715349,"WBGene00009691","WBGene00009691",NA
"WBGene00009692",380.181394156184,2.54615580122236,0.638149930477911,3.98990218382621,6.61005492237726e-05,0.000443556408476705,"WBGene00009692","WBGene00009692",NA
"WBGene00009695",21.9958788391503,-7.02301106055867,1.48565922001219,-4.72720188180238,2.2763491688834e-06,2.476092745118e-05,"WBGene00009695","WBGene00009695",NA
"WBGene00009696",37.478294699564,2.03711927286911,0.593403223554678,3.43294271417352,0.000597068235272641,0.00293664703604675,"WBGene00009696","WBGene00009696",NA
"WBGene00009697",40.1279077588822,2.63642845876739,0.771466065664134,3.41742634719489,0.000632161964030747,0.00308168177076789,"WBGene00009697","WBGene00009697",NA
"WBGene00009698",69.4364288699173,4.5691832988768,0.785723462109677,5.81525628190928,6.05410602631888e-09,1.46663283786738e-07,"WBGene00009698","WBGene00009698",NA
"WBGene00009705",13.1666860450459,-4.13228903628874,1.17118969344215,-3.52828329981616,0.000418264253069625,0.00217001018423013,"WBGene00009705","WBGene00009705",NA
"WBGene00009708",35.0106470682071,-4.40166402694369,0.996464254131711,-4.41728241499156,9.99496015885487e-06,8.76429236506213e-05,"WBGene00009708","WBGene00009708",NA
"WBGene00009714",24.8640023052702,-7.25747051553434,1.39768266109389,-5.19250235948003,2.0748624020169e-07,3.17193216086998e-06,"WBGene00009714","WBGene00009714",NA
"WBGene00009738",35.6919702102121,-1.72760838302079,0.527293953349075,-3.27636676288054,0.00105151913227163,0.00470402596480702,"WBGene00009738","WBGene00009738",NA
"WBGene00009743",79.2549702938497,2.07069010030828,0.325694979410319,6.35775873505122,2.04718668432357e-10,7.38899981793857e-09,"WBGene00009743","WBGene00009743",NA
"WBGene00009753",20.1538540327801,-5.25338297392522,1.24345581812085,-4.22482479664158,2.39126742188047e-05,0.000184648218589614,"WBGene00009753","WBGene00009753",NA
"WBGene00009754",17.9788261875771,-4.85695060296474,0.997926354017691,-4.86704312739158,1.13280315707458e-06,1.35831841644857e-05,"WBGene00009754","WBGene00009754",NA
"WBGene00009755",16.4907506928318,-5.86803280222978,1.33426507155226,-4.3979512971909,1.09277491803636e-05,9.44318736607841e-05,"WBGene00009755","WBGene00009755",NA
"WBGene00009759",26.3367023927553,-5.02147866367256,0.895125760868751,-5.60980242463253,2.02557733170517e-08,4.20197050828185e-07,"WBGene00009759","WBGene00009759",NA
"WBGene00009773",78.4058822443669,-3.2774740430824,0.529251058264792,-6.19266412773545,5.91556981908673e-10,1.90002785222936e-08,"WBGene00009773","WBGene00009773",NA
"WBGene00009778",17.2890952883504,-2.91375633608249,0.811159006176389,-3.59209022386036,0.000328036229435728,0.00175907198148785,"WBGene00009778","WBGene00009778",NA
"WBGene00009781",40.5503288500526,-1.06281367982424,0.371362505084475,-2.86193049991,0.00421069229129464,0.0152517549213062,"WBGene00009781","WBGene00009781",NA
"WBGene00009787",337.017443841921,3.58775423324829,0.447678127774842,8.01413786079076,1.10912246909216e-15,1.07112753045502e-13,"WBGene00009787","WBGene00009787",NA
"WBGene00009796",184.122531221464,-1.04910453885806,0.319326694010659,-3.28536435736574,0.00101850569355124,0.0045735161413534,"WBGene00009796","WBGene00009796",NA
"WBGene00009809",73.538263021825,-1.29918506873412,0.308234092527351,-4.21492982194641,2.49855870923631e-05,0.000191999460382337,"WBGene00009809","WBGene00009809",NA
"WBGene00009813",348.559234919116,-1.52289969862146,0.390047430408702,-3.90439618337114,9.44609298950595e-05,0.000604626095382931,"WBGene00009813","WBGene00009813",NA
"WBGene00009823",141.27462449392,1.08164092539474,0.326712855822173,3.31067757548992,0.000930703791105632,0.00425409315199002,"WBGene00009823","WBGene00009823",NA
"WBGene00009831",45.3281739386032,-1.15643574655791,0.371541334211113,-3.11253591478146,0.00185487443402024,0.00770018015842326,"WBGene00009831","WBGene00009831",NA
"WBGene00009835",18.5221035359854,-5.22264111526721,1.01674960329324,-5.13660501892613,2.79746051154377e-07,4.09228024426577e-06,"WBGene00009835","WBGene00009835",NA
"WBGene00009839",17.4255417878239,-1.6502514195037,0.545883096112122,-3.02308576920056,0.00250211316764942,0.00990382262675523,"WBGene00009839","WBGene00009839",NA
"WBGene00009840",42.1082073502155,-1.590522005234,0.369726493556147,-4.30188810635628,1.69348830489794e-05,0.000137138970775673,"WBGene00009840","WBGene00009840",NA
"WBGene00009861",29.2039166774464,3.70648848153116,0.800150808127753,4.63223737810607,3.61735050841072e-06,3.71695117302044e-05,"WBGene00009861","WBGene00009861",NA
"WBGene00009877",78.5970607330527,-1.28708553232014,0.360877248192818,-3.56654662704711,0.000361716475128216,0.00191057412380177,"WBGene00009877","WBGene00009877",NA
"WBGene00009884",402.000536441107,-5.4564785567767,0.982697097857845,-5.55255385272953,2.81525944994768e-08,5.5809297251182e-07,"WBGene00009884","WBGene00009884",NA
"WBGene00009886",241.109117950517,-1.09902342241762,0.309372565411579,-3.55242689653335,0.000381695061286705,0.00200719923140944,"WBGene00009886","WBGene00009886",NA
"WBGene00009888",1175.94867029563,-1.18428018354728,0.335808259989316,-3.52665590651333,0.000420843310054734,0.00217859957646226,"WBGene00009888","WBGene00009888",NA
"WBGene00009895",3059.56876667404,-2.15874806764564,0.413619917835917,-5.2191588812752,1.7973752778224e-07,2.80763768807821e-06,"WBGene00009895","WBGene00009895",NA
"WBGene00009898",528.369717835173,1.17828691514759,0.319616155843634,3.68656869687165,0.000227298103900605,0.00128919515835371,"WBGene00009898","WBGene00009898",NA
"WBGene00009899",169.949872065131,3.259831734358,0.37287238203389,8.74248641472652,2.2803530816016e-18,3.32582516278895e-16,"WBGene00009899","WBGene00009899",NA
"WBGene00009926",401.594464778667,5.25431296554442,0.480025849082225,10.9458958837119,6.95269489027111e-28,2.76041300185125e-25,"WBGene00009926","WBGene00009926",NA
"WBGene00009938",48.250612032116,-4.71408786716301,0.720005764222027,-6.54729184322105,5.85897998272475e-11,2.39949572759556e-09,"WBGene00009938","WBGene00009938",NA
"WBGene00009939",239.616440506032,2.13737378745002,0.519570243244409,4.11373402391827,3.89309976229354e-05,0.000279337725413964,"WBGene00009939","WBGene00009939",NA
"WBGene00009941",21.3445602026577,-5.67727334394366,1.36983527274757,-4.14449347077798,3.40565659138511e-05,0.000249497948030074,"WBGene00009941","WBGene00009941",NA
"WBGene00009943",67.0116902590288,-1.15583202931012,0.39237234348052,-2.94575305450269,0.00322169496857743,0.0122207235100523,"WBGene00009943","WBGene00009943",NA
"WBGene00009948",95.771959695019,-4.20451233589332,0.764365408129789,-5.50065752737386,3.78377524849888e-08,7.19144429197667e-07,"WBGene00009948","WBGene00009948",NA
"WBGene00009951",68.7573480408786,1.6531972341519,0.451487158944772,3.6616705511975,0.000250575961031021,0.00140038425578862,"WBGene00009951","WBGene00009951",NA
"WBGene00009956",27.0789053989585,-5.25029989204202,1.09065922438154,-4.81387749232049,1.48029574679559e-06,1.71318762015784e-05,"WBGene00009956","WBGene00009956",NA
"WBGene00009959",328.836607426527,-4.95987227248978,0.979669898195348,-5.06279950177746,4.13144288941003e-07,5.71090069809841e-06,"WBGene00009959","WBGene00009959",NA
"WBGene00009962",48.4967295734627,-3.55079758148278,0.7240821511544,-4.90386011562606,9.39714215277308e-07,1.1578737309447e-05,"WBGene00009962","WBGene00009962",NA
"WBGene00009963",28.7235407824748,4.41978827480307,1.52726099253974,2.89393122484797,0.00380451483196462,0.0140221584562327,"WBGene00009963","WBGene00009963",NA
"WBGene00009964",34.8058008931938,2.59912377278533,0.81834708675625,3.17606528433759,0.00149287350782118,0.00638664054838218,"WBGene00009964","WBGene00009964",NA
"WBGene00009977",366.323741333708,1.03388323618229,0.322369467957434,3.20713758264105,0.00134062862877802,0.00582596685652912,"WBGene00009977","WBGene00009977",NA
"WBGene00009984",199.352276556797,-1.77276809042933,0.478846714717898,-3.70216195692962,0.000213770081685121,0.00122602275023317,"WBGene00009984","WBGene00009984",NA
"WBGene00009995",406.214810029545,-1.28559351266064,0.267630336930803,-4.8036165384085,1.55825124599238e-06,1.7903605352869e-05,"WBGene00009995","WBGene00009995",NA
"WBGene00010001",135.453656244415,-2.35645317996776,0.516601965398468,-4.56144834476224,5.08019748192663e-06,4.96657062990269e-05,"WBGene00010001","WBGene00010001",NA
"WBGene00010012",559.849932684203,-1.19990881102161,0.312295181897368,-3.84222645937568,0.000121923262109506,0.000752764226924912,"WBGene00010012","WBGene00010012",NA
"WBGene00010018",118.886059440273,-2.0612685536025,0.294716356268043,-6.99407586231077,2.67013056927547e-12,1.4678529317944e-10,"WBGene00010018","WBGene00010018",NA
"WBGene00010034",34.2362667108827,-2.9328336910553,0.408529545917464,-7.17900019806113,7.02230445505034e-13,4.28930758871942e-11,"WBGene00010034","WBGene00010034",NA
"WBGene00010035",50.2877857414702,-3.38291372187608,0.732323176128442,-4.619427367792,3.84800549291853e-06,3.90621750783271e-05,"WBGene00010035","WBGene00010035",NA
"WBGene00010046",41.5500191989907,-4.78741703171809,0.861796442013771,-5.55515989429159,2.77357754175808e-08,5.52102518821647e-07,"WBGene00010046","WBGene00010046",NA
"WBGene00010050",282.644683373404,1.12953658857945,0.377278937007366,2.99390312520255,0.0027543338210849,0.0107503730777003,"WBGene00010050","WBGene00010050",NA
"WBGene00010051",703.201194786846,1.39624362062183,0.451276782504238,3.09398505474567,0.00197487434515066,0.00811117213081562,"WBGene00010051","WBGene00010051",NA
"WBGene00010058",11.2797511001625,3.64260262590366,1.0268668012976,3.54729807342168,0.000389203976658112,0.002036197817853,"WBGene00010058","WBGene00010058",NA
"WBGene00010062",10.6178542214828,-3.89521216888668,0.889487131070517,-4.37916641267053,1.19134134256629e-05,0.000102392313946482,"WBGene00010062","WBGene00010062",NA
"WBGene00010063",142.177384973829,-1.3338628556408,0.245547162298057,-5.43220635562341,5.56615012055346e-08,9.98205566788841e-07,"WBGene00010063","WBGene00010063",NA
"WBGene00010064",116.912830514606,1.33495063009643,0.322766397895403,4.13596532600969,3.53465565349791e-05,0.000257627910532614,"WBGene00010064","WBGene00010064",NA
"WBGene00010065",404.827659955251,-1.66116007321709,0.33615314467568,-4.94167643387592,7.74536807217278e-07,9.7968624650943e-06,"WBGene00010065","WBGene00010065",NA
"WBGene00010072",19.8468605925777,-6.21957529726323,1.51035109468077,-4.11796655702615,3.82230147135929e-05,0.000274947936236227,"WBGene00010072","WBGene00010072",NA
"WBGene00010079",142.144121546655,-1.00266606939206,0.323791988631875,-3.09663643510344,0.00195729767382297,0.00805054838905084,"WBGene00010079","WBGene00010079",NA
"WBGene00010082",52.5941975223753,-4.80089044107249,0.828296137548546,-5.79610386121246,6.78732388246463e-09,1.61955292574402e-07,"WBGene00010082","WBGene00010082",NA
"WBGene00010083",108.388512865611,-1.38141343306435,0.510195961042269,-2.70761342414842,0.00677689091596312,0.0227322463886085,"WBGene00010083","WBGene00010083",NA
"WBGene00010091",126.696006277382,-5.50799619507802,1.25282260836113,-4.39646934715144,1.10025890222852e-05,9.49637710721753e-05,"WBGene00010091","WBGene00010091",NA
"WBGene00010092",19.4904384177413,-4.4917273461013,1.33215801863028,-3.37176767566934,0.000746874218267861,0.00353713492435472,"WBGene00010092","WBGene00010092",NA
"WBGene00010105",21.269519743909,3.59368019940633,0.827406423019438,4.34330710933085,1.40353712906084e-05,0.00011765839405083,"WBGene00010105","WBGene00010105",NA
"WBGene00010109",58.9416009658814,-1.34772794130892,0.376983788036366,-3.57502891126689,0.00035018919644917,0.00186346023263142,"WBGene00010109","WBGene00010109",NA
"WBGene00010114",35.3354156723834,-5.12914288276082,1.10144929826604,-4.65672173093703,3.21284228698292e-06,3.33486963019949e-05,"WBGene00010114","WBGene00010114",NA
"WBGene00010123",12.4921823563582,2.94636996183096,0.894141874876103,3.29519290463745,0.000983541381745241,0.00444865726876099,"WBGene00010123","WBGene00010123",NA
"WBGene00010124",69.360879814367,1.16713583428636,0.490161337199854,2.38112585736333,0.0172598138684004,0.049293807486094,"WBGene00010124","WBGene00010124",NA
"WBGene00010128",24.2698745740802,1.60190993309669,0.670086091187475,2.39060316900162,0.0168207225336955,0.048247759818204,"WBGene00010128","WBGene00010128",NA
"WBGene00010133",156.475282125802,-1.22566463727693,0.423676804053038,-2.89292362846349,0.00381674090467483,0.0140527248198138,"WBGene00010133","WBGene00010133",NA
"WBGene00010136",67.546308707093,-3.23899241631676,0.678436920723395,-4.77419833352101,1.80424507373522e-06,2.02895946804858e-05,"WBGene00010136","WBGene00010136",NA
"WBGene00010137",26.4437784566236,-1.29441858377873,0.482759735615008,-2.68128944542096,0.00733390507247541,0.0242422537467371,"WBGene00010137","WBGene00010137",NA
"WBGene00010148",32.1132426720661,1.9023274664809,0.548576498412233,3.46775239549431,0.000524830625545985,0.00262286857724782,"WBGene00010148","WBGene00010148",NA
"WBGene00010150",323.233336616002,-1.53236385807889,0.341721944618711,-4.4842418879147,7.31736193262881e-06,6.76500996785663e-05,"WBGene00010150","WBGene00010150",NA
"WBGene00010155",49.1579591096095,-4.30699681570678,0.654360116566673,-6.58199775118466,4.64168610047992e-11,1.9490365370374e-09,"WBGene00010155","WBGene00010155",NA
"WBGene00010183",140.391160250868,-1.72367210422931,0.302840374250581,-5.69168529293614,1.25791546414463e-08,2.75335156646542e-07,"WBGene00010183","WBGene00010183",NA
"WBGene00010191",38.8989342650488,-1.17279941730293,0.402489586861653,-2.91386275716508,0.00356986810349013,0.0133187483171977,"WBGene00010191","WBGene00010191",NA
"WBGene00010199",713.312984097468,1.03868385878842,0.306846793234962,3.38502432382621,0.000711719473833671,0.00339879934497316,"WBGene00010199","WBGene00010199",NA
"WBGene00010214",13.2789285199635,-2.0567156128184,0.74834362827014,-2.748357218692,0.00598947151532333,0.0204949763870042,"WBGene00010214","WBGene00010214",NA
"WBGene00010234",1173.32209962339,2.15877822236541,0.72949805963013,2.95926520141802,0.00308373595872757,0.0117933063671779,"WBGene00010234","WBGene00010234",NA
"WBGene00010240",9.9173661188506,5.85928687987992,1.31709985054404,4.44862770082289,8.64206625303938e-06,7.74456832079966e-05,"WBGene00010240","WBGene00010240",NA
"WBGene00010241",98.3807436041132,-4.6009246798994,0.795472843551859,-5.78388654898117,7.29941803223889e-09,1.72447242867422e-07,"WBGene00010241","WBGene00010241",NA
"WBGene00010242",27.9278447387492,-1.15863876216739,0.419867283394658,-2.75953571042667,0.00578835605075847,0.0199308535373382,"WBGene00010242","WBGene00010242",NA
"WBGene00010246",45.0868535276849,-4.47331807451045,0.824300323265516,-5.42680616306097,5.73713745712979e-08,1.02245518297701e-06,"WBGene00010246","WBGene00010246",NA
"WBGene00010254",109.403724615945,-5.24519466026368,1.45139012403676,-3.61391094881864,0.000301612691321901,0.00164414576547061,"WBGene00010254","WBGene00010254",NA
"WBGene00010265",67.4726703791753,-4.55811197337555,1.40007096219442,-3.25562924769993,0.00113141387340041,0.00501124837078155,"WBGene00010265","WBGene00010265",NA
"WBGene00010277",80.7580238357327,1.06343420032565,0.304098345593706,3.49700751659617,0.000470508574846012,0.00239067865633632,"WBGene00010277","WBGene00010277",NA
"WBGene00010282",11.5104058578063,-2.10717671335438,0.710950224841032,-2.96388782185918,0.0030377900472385,0.0116655381905373,"WBGene00010282","WBGene00010282",NA
"WBGene00010289",33.5013450852483,-3.7309245558211,0.757344392288574,-4.92632492405052,8.37906194981732e-07,1.04870343650384e-05,"WBGene00010289","WBGene00010289",NA
"WBGene00010300",14.7443487465326,-6.06583061428702,1.63607986062544,-3.70753944246229,0.000209282828293075,0.00120228274308397,"WBGene00010300","WBGene00010300",NA
"WBGene00010324",11.5747136327745,-3.94136097350493,1.11351207575451,-3.53957631832082,0.000400769872312695,0.00208732481276931,"WBGene00010324","WBGene00010324",NA
"WBGene00010334",46.5997043891643,-1.13278341683086,0.354906031824562,-3.19178406466424,0.00141396997341811,0.00609465405007992,"WBGene00010334","WBGene00010334",NA
"WBGene00010340",56.8920914709972,-1.92764634791378,0.390827299580057,-4.93222031824551,8.13001407382705e-07,1.02021326740307e-05,"WBGene00010340","WBGene00010340",NA
"WBGene00010342",12.2735633032682,-2.08506381845755,0.612228915305724,-3.40569314243569,0.000659963126643092,0.00319108693136323,"WBGene00010342","WBGene00010342",NA
"WBGene00010350",29.0407769142285,-1.12818375852515,0.414811037809745,-2.71975346770448,0.00653306038037288,0.0220801683652565,"WBGene00010350","WBGene00010350",NA
"WBGene00010366",70.9704088545469,-5.16779634874868,0.936324145667981,-5.51923858063271,3.40471682508732e-08,6.579876902052e-07,"WBGene00010366","WBGene00010366",NA
"WBGene00010368",33.5631149261134,-2.1326482526167,0.730485032757013,-2.91949616622206,0.00350597706639659,0.0131057106334229,"WBGene00010368","WBGene00010368",NA
"WBGene00010373",17.5639527015113,-5.18529370581798,1.25689642100713,-4.12547415932897,3.6997172330655e-05,0.000267747131201039,"WBGene00010373","WBGene00010373",NA
"WBGene00010407",91.7788173348067,-1.11686522283903,0.24737777653046,-4.5148163206225,6.33716674447945e-06,6.02642210770757e-05,"WBGene00010407","WBGene00010407",NA
"WBGene00010422",479.717279231163,-1.34087171072104,0.328251694105611,-4.08488892760942,4.40979057686103e-05,0.000310488358202339,"WBGene00010422","WBGene00010422",NA
"WBGene00010424",695.660740558151,-1.68192299259337,0.251129949245594,-6.69742098720579,2.12129856639058e-11,9.6253080664827e-10,"WBGene00010424","WBGene00010424",NA
"WBGene00010453",87.3140224733664,-1.31513362608973,0.431732423970913,-3.04617756987911,0.00231770912719336,0.00927927634593129,"WBGene00010453","WBGene00010453",NA
"WBGene00010456",1044.11883425817,-1.02239971206996,0.220941201726773,-4.627474206166,3.70152315581311e-06,3.78981880129203e-05,"WBGene00010456","WBGene00010456",NA
"WBGene00010466",75.7530864881909,-3.18543151999283,0.54745176204356,-5.81865241989917,5.93239492613443e-09,1.44563590736898e-07,"WBGene00010466","WBGene00010466",NA
"WBGene00010472",52.3593932237998,-1.01896704917815,0.388894512883612,-2.62016309158649,0.0087887723999726,0.0281844119167172,"WBGene00010472","WBGene00010472",NA
"WBGene00010474",50.447947095023,-5.45126210682971,0.916203070474335,-5.94984046932684,2.68403966841998e-09,7.11743580347437e-08,"WBGene00010474","WBGene00010474",NA
"WBGene00010485",75.1760801351124,-3.83230212915804,0.748898008875971,-5.11725506509222,3.10014256913491e-07,4.4622696616964e-06,"WBGene00010485","WBGene00010485",NA
"WBGene00010486",76.405936058049,-6.1028741125885,0.945365777538227,-6.45556911154605,1.07812964072078e-10,4.14239434269411e-09,"WBGene00010486","WBGene00010486",NA
"WBGene00010503",148.435247215591,-1.28354666076396,0.379544819406887,-3.38180524442345,0.000720111785890512,0.00343314134614179,"WBGene00010503","WBGene00010503",NA
"WBGene00010504",14.442048698075,2.01618945835924,0.612444711106919,3.29203505523825,0.00099465212743011,0.00448755140699449,"WBGene00010504","WBGene00010504",NA
"WBGene00010510",44.681698716768,-5.20572108268936,0.949981316341958,-5.47981417438266,4.25772774990801e-08,7.97584570503738e-07,"WBGene00010510","WBGene00010510",NA
"WBGene00010514",26.6998230517093,-1.20965110937971,0.432271800170254,-2.7983576742764,0.00513632001986819,0.0180244100279833,"WBGene00010514","WBGene00010514",NA
"WBGene00010522",73.1939621456786,-1.430471889171,0.35474621519331,-4.03238097520364,5.52145815172916e-05,0.000379049958514241,"WBGene00010522","WBGene00010522",NA
"WBGene00010524",57.297331020377,-1.55266393726645,0.431595323230958,-3.59749944842561,0.000321291177066972,0.00173219294302439,"WBGene00010524","WBGene00010524",NA
"WBGene00010525",27.4874676265904,-1.91456069658112,0.56337527183107,-3.39837545648472,0.000677873194092993,0.00326553473649179,"WBGene00010525","WBGene00010525",NA
"WBGene00010540",268.591797012521,-1.38412412870967,0.347798604187827,-3.97967131565076,6.90106145682454e-05,0.000461135443676452,"WBGene00010540","WBGene00010540",NA
"WBGene00010541",55.2202666536381,-1.04442023112938,0.39389171366627,-2.65154151481916,0.00801252621058645,0.0260694370880747,"WBGene00010541","WBGene00010541",NA
"WBGene00010547",22.769710080682,-6.87071299825519,1.46435413961009,-4.6919749891134,2.70580212508098e-06,2.87325629820078e-05,"WBGene00010547","WBGene00010547",NA
"WBGene00010550",140.44995367116,1.23766374211176,0.258130636761335,4.79471851013211,1.62903412388472e-06,1.85380451693346e-05,"WBGene00010550","WBGene00010550",NA
"WBGene00010558",30.2323292313161,1.12713151310624,0.47227602283551,2.38659482719242,0.0170052211809307,0.048689027712148,"WBGene00010558","WBGene00010558",NA
"WBGene00010563",69.9256505292367,-5.73041159960147,0.950459502547993,-6.02909601538979,1.64879315499787e-09,4.60277354773137e-08,"WBGene00010563","WBGene00010563",NA
"WBGene00010574",109.502156527636,-5.69532630463956,0.792161820982329,-7.18959959163017,6.49816065475433e-13,4.03818305384364e-11,"WBGene00010574","WBGene00010574",NA
"WBGene00010585",52.2330915484874,2.50860011901769,0.445066392048554,5.63646270272418,1.73578608092008e-08,3.6592316304706e-07,"WBGene00010585","WBGene00010585",NA
"WBGene00010611",39.8543573006924,-7.90961324807834,1.40737462680842,-5.62011926136212,1.908256851832e-08,3.9817102457277e-07,"WBGene00010611","WBGene00010611",NA
"WBGene00010612",58.9215241807826,-5.33516955015045,1.50208257699359,-3.5518483683026,0.000382535236581125,0.00201018167516883,"WBGene00010612","WBGene00010612",NA
"WBGene00010623",54.7392722653483,-1.64212087990996,0.421880741068292,-3.89238170899142,9.92649027219656e-05,0.00063113578941506,"WBGene00010623","WBGene00010623",NA
"WBGene00010630",68.5616230807942,-1.17091089981643,0.360484135445296,-3.24816208172391,0.00116153084952955,0.00512558210321883,"WBGene00010630","WBGene00010630",NA
"WBGene00010633",397.87126987149,-5.97084244132052,0.998534099409922,-5.97960795214601,2.23675290679996e-09,6.03205835790412e-08,"WBGene00010633","WBGene00010633",NA
"WBGene00010634",17.632547325037,-7.06054237313668,1.39312306704337,-5.0681397359397,4.0172245502904e-07,5.57999907651124e-06,"WBGene00010634","WBGene00010634",NA
"WBGene00010644",77.7621968171152,-1.01688511615352,0.329736060135549,-3.08393663627658,0.00204281098915218,0.00834225641941487,"WBGene00010644","WBGene00010644",NA
"WBGene00010649",21.9190008455951,-1.46563699879219,0.471931502976678,-3.10561382223432,0.00189884524709035,0.00785009811153759,"WBGene00010649","WBGene00010649",NA
"WBGene00010650",53.8039201012688,-6.2902973768865,1.16370420456542,-5.40540916859157,6.4660612394392e-08,1.13120456909797e-06,"WBGene00010650","WBGene00010650",NA
"WBGene00010651",131.487182108445,-5.05843411375557,1.58612861404108,-3.18917020282982,0.00142681842271484,0.00614077558442132,"WBGene00010651","WBGene00010651",NA
"WBGene00010658",63.2486784438863,4.77698404148991,0.658587048830557,7.25338290507281,4.06488809799844e-13,2.70229979463682e-11,"WBGene00010658","WBGene00010658",NA
"WBGene00010659",56.2561764558186,4.63578123726896,0.547756188374778,8.46322019843093,2.60093955974204e-17,3.2047611316718e-15,"WBGene00010659","WBGene00010659",NA
"WBGene00010679",37.1759574069723,-4.99126760244527,1.80661867501798,-2.76276763406954,0.00573135526541594,0.0198013683366183,"WBGene00010679","WBGene00010679",NA
"WBGene00010682",17.0335756204833,-4.62057813290175,1.09294022921872,-4.2276585758077,2.36135746072321e-05,0.000182931610764861,"WBGene00010682","WBGene00010682",NA
"WBGene00010684",13.9185264858196,-2.77741338948154,0.672472616660184,-4.13015090975078,3.62525187064797e-05,0.000263329145146388,"WBGene00010684","WBGene00010684",NA
"WBGene00010686",13.5083054424354,-2.46636878003318,0.76537713011548,-3.22242288538338,0.00127111376595363,0.00556107409145248,"WBGene00010686","WBGene00010686",NA
"WBGene00010691",14.0674949580637,3.17071137886841,0.690827083603939,4.58973229932923,4.43814831872013e-06,4.42360208643423e-05,"WBGene00010691","WBGene00010691",NA
"WBGene00010703",139.195281143588,-1.03233762485712,0.432143896347833,-2.38887470951619,0.0169000646393847,0.0484558924555115,"WBGene00010703","WBGene00010703",NA
"WBGene00010712",22.3913656849459,-4.36872298286468,1.13879946877725,-3.83625309164875,0.000124925668817616,0.000768645107365556,"WBGene00010712","WBGene00010712",NA
"WBGene00010719",77.8942560124359,-4.81643982111075,0.662263782156255,-7.27269095922621,3.52395902100265e-13,2.36469231395262e-11,"WBGene00010719","WBGene00010719",NA
"WBGene00010723",435.780478199049,-1.78992112083267,0.476480193275374,-3.75654884734781,0.000172272658011214,0.00101245604480028,"WBGene00010723","WBGene00010723",NA
"WBGene00010728",20.0273243269082,-6.88131977475534,1.40844161648696,-4.88576856449274,1.03026162881082e-06,1.2521708724994e-05,"WBGene00010728","WBGene00010728",NA
"WBGene00010738",150.445964348013,1.36558336301548,0.373881695335877,3.65244776636821,0.00025975244361306,0.00144742365557952,"WBGene00010738","WBGene00010738",NA
"WBGene00010740",46.7319541135367,-1.93134837476349,0.498258018760714,-3.87620128937857,0.000106099921493871,0.000668644699255686,"WBGene00010740","WBGene00010740",NA
"WBGene00010765",9.92676180319387,-3.27755157830497,1.08061153446295,-3.03305255753527,0.00242093432062244,0.0096171245816166,"WBGene00010765","WBGene00010765",NA
"WBGene00010772",139.014483365495,-1.74011828486461,0.311317564304853,-5.5895281358447,2.27687474020698e-08,4.6160809449331e-07,"WBGene00010772","WBGene00010772",NA
"WBGene00010774",16.3943217139018,-1.49446336772436,0.620841233505137,-2.40715868578338,0.0160771823891319,0.0464559772692704,"WBGene00010774","WBGene00010774",NA
"WBGene00010779",14.1830482952189,-3.21097645501849,0.992410168529519,-3.23553360983421,0.00121415590396508,0.00533967087242242,"WBGene00010779","WBGene00010779",NA
"WBGene00010786",11.0187667789453,-3.03072875968504,1.00356340782859,-3.01996738426587,0.00252801907464429,0.00999529090840688,"WBGene00010786","WBGene00010786",NA
"WBGene00010789",29.2993047961334,-1.1584869627221,0.336666540304998,-3.4410516758588,0.000579457854881738,0.00286184903933127,"WBGene00010789","WBGene00010789",NA
"WBGene00010790",1924.29753446464,-3.12585260679434,0.795925742619059,-3.92731688324147,8.58987749960449e-05,0.000558128109929301,"WBGene00010790","WBGene00010790",NA
"WBGene00010796",260.58171243872,-1.03535774849106,0.232485657980199,-4.45342632094426,8.45107169607174e-06,7.60649670982074e-05,"WBGene00010796","WBGene00010796",NA
"WBGene00010811",400.650821926611,-1.51426557271002,0.261051128965951,-5.80064747740479,6.60593458137526e-09,1.58155147356108e-07,"WBGene00010811","WBGene00010811",NA
"WBGene00010829",35.3437347090124,-6.68696884014311,1.37092646399645,-4.87770060302844,1.07329671312515e-06,1.2934763845445e-05,"WBGene00010829","WBGene00010829",NA
"WBGene00010834",491.553953124045,-1.20840721963577,0.216284236853049,-5.58712570651558,2.30858620300309e-08,4.66713190940923e-07,"WBGene00010834","WBGene00010834",NA
"WBGene00010867",174.03883831195,-1.7429995245204,0.393168798226198,-4.43320917728984,9.28407117220001e-06,8.2216375008832e-05,"WBGene00010867","WBGene00010867",NA
"WBGene00010869",49.6547550817703,-4.52888316668439,0.989560915112114,-4.57665930163711,4.72459964907752e-06,4.660365961647e-05,"WBGene00010869","WBGene00010869",NA
"WBGene00010871",18.7172450022362,-2.7981234735748,0.839703502238395,-3.3322755783629,0.000861389131004749,0.00399475498035395,"WBGene00010871","WBGene00010871",NA
"WBGene00010874",35.6109390147326,-2.71258086000854,0.844511547816548,-3.21201156694875,0.00131809068242979,0.00574724530932551,"WBGene00010874","WBGene00010874",NA
"WBGene00010876",18.4483140190807,-3.33895947703857,1.05046601923161,-3.1785506774231,0.00148013341297386,0.00634349231533293,"WBGene00010876","WBGene00010876",NA
"WBGene00010883",21.9756429193518,-5.28017865506518,1.05561359532073,-5.00199948017995,5.67387435430026e-07,7.46746649594969e-06,"WBGene00010883","WBGene00010883",NA
"WBGene00010884",95.4488287986263,-1.17834357587049,0.272894443825158,-4.31794638012288,1.57487675869418e-05,0.000129143508387928,"WBGene00010884","WBGene00010884",NA
"WBGene00010887",88.3014596046669,-1.38659323235993,0.30976526740918,-4.4762708355173,7.59581170522094e-06,6.96266566184081e-05,"WBGene00010887","WBGene00010887",NA
"WBGene00010888",111.05731490223,-1.09810558841115,0.3073366965053,-3.57297257664839,0.000352951736123019,0.00187601085143151,"WBGene00010888","WBGene00010888",NA
"WBGene00010893",18.1541923147811,6.91851806719735,1.42207016990057,4.86510315287825,1.1439712815823e-06,1.36941218824588e-05,"WBGene00010893","WBGene00010893",NA
"WBGene00010900",111.327577973444,-5.80391063776174,1.31482790487954,-4.41419794653163,1.01385161599719e-05,8.87927766387732e-05,"WBGene00010900","WBGene00010900",NA
"WBGene00010906",26.2640718249288,-2.6970072186434,0.714600269752826,-3.77414805563434,0.000160555392703986,0.000951417175753764,"WBGene00010906","WBGene00010906",NA
"WBGene00010915",16.9715292977566,-5.44309586323231,1.47058417263389,-3.70131541228508,0.000214484660001512,0.00122821684511282,"WBGene00010915","WBGene00010915",NA
"WBGene00010920",34.2801753893863,-2.36374367770897,0.770163573566495,-3.06914499573497,0.00214672373781215,0.00870196324008764,"WBGene00010920","WBGene00010920",NA
"WBGene00010925",29.2247215065108,1.74254596506701,0.642247922781331,2.71319828878654,0.00666372190017307,0.0224052169181778,"WBGene00010925","WBGene00010925",NA
"WBGene00010933",47.8803629242073,-5.11574982673625,0.997532070661004,-5.12840637128224,2.922051607062e-07,4.24439874184321e-06,"WBGene00010933","WBGene00010933",NA
"WBGene00010944",36.0404338396805,-1.51630435752499,0.634000598669265,-2.39164499325022,0.0167730573983359,0.0481400219667501,"WBGene00010944","WBGene00010944",NA
"WBGene00010953",157.402952498423,2.78997443621998,0.552529127969964,5.04946127721912,4.43057731752868e-07,6.0657319539691e-06,"WBGene00010953","WBGene00010953",NA
"WBGene00010960",742.108403202331,-1.11339824973214,0.250782262697283,-4.43970094917003,9.00839669021526e-06,8.02224385627705e-05,"WBGene00010960","WBGene00010960",NA
"WBGene00010965",5808.98415373422,-1.00444349417009,0.249176476250659,-4.03105264703907,5.5527602816462e-05,0.000380650372688581,"WBGene00010965","WBGene00010965",NA
"WBGene00010970",22.3976362354602,-1.14302354049041,0.430722774015133,-2.65373369937076,0.00796066243626226,0.0259183936677668,"WBGene00010970","WBGene00010970",NA
"WBGene00010976",69.1633528237465,1.24534398664785,0.284715157966911,4.37399959854818,1.21990602795348e-05,0.000104595781988837,"WBGene00010976","WBGene00010976",NA
"WBGene00010980",28.6960042480076,-2.93486773634818,0.831348028628458,-3.53025163383146,0.000415164604138964,0.00215544776133607,"WBGene00010980","WBGene00010980",NA
"WBGene00010982",14.4826032871318,-1.46474806211768,0.566627435534706,-2.58502848654946,0.00973709522002684,0.0307563098297997,"WBGene00010982","WBGene00010982",NA
"WBGene00010989",47.198677270671,-1.19055842961873,0.46481544594386,-2.56135728708663,0.0104264068346219,0.0325594566063473,"WBGene00010989","WBGene00010989",NA
"WBGene00010992",19.2976691617608,-4.56269546785061,1.31785251681837,-3.46222009642332,0.000535738845115457,0.00266991468383376,"WBGene00010992","WBGene00010992",NA
"WBGene00011019",60.0421801094643,-1.09782463413414,0.346569226589671,-3.16769219511212,0.00153654108668052,0.00654403508698589,"WBGene00011019","WBGene00011019",NA
"WBGene00011026",33.9351482975186,-1.75685722422397,0.532408386853537,-3.29983010712277,0.000967433753256395,0.0043924811420882,"WBGene00011026","WBGene00011026",NA
"WBGene00011042",17.1583876717633,-1.86470701559103,0.763558825528625,-2.44212620330865,0.0146010413879474,0.0430738255021533,"WBGene00011042","WBGene00011042",NA
"WBGene00011052",11.8192515198805,-2.66810699978824,0.944051022529367,-2.82623177785419,0.0047099170518174,0.0167584875333896,"WBGene00011052","WBGene00011052",NA
"WBGene00011055",73.2649204058181,-1.4049836086389,0.382548696027289,-3.6726921911627,0.000240008517208882,0.00134950501041171,"WBGene00011055","WBGene00011055",NA
"WBGene00011072",80.5413141454735,-1.09372967708235,0.322015699676986,-3.39651041293785,0.000682509605249645,0.00327902850011199,"WBGene00011072","WBGene00011072",NA
"WBGene00011088",30.2116218127537,-1.57603796634818,0.458677652323731,-3.43604698934804,0.000590268585766389,0.00290620354679952,"WBGene00011088","WBGene00011088",NA
"WBGene00011097",26.8045688800426,-1.88794453233234,0.568327991831146,-3.32192775909103,0.000893978361924616,0.0041165053888494,"WBGene00011097","WBGene00011097",NA
"WBGene00011099",11.182584633352,-1.65048696166776,0.649638691384336,-2.54062293942297,0.0110655183359989,0.0342114327441992,"WBGene00011099","WBGene00011099",NA
"WBGene00011114",37.9130456939414,-5.24254512879276,1.16571651085445,-4.49727277599427,6.88306579437764e-06,6.4511252064944e-05,"WBGene00011114","WBGene00011114",NA
"WBGene00011120",85.5024199838443,-5.17222083348867,1.52713780542772,-3.38687236679342,0.000706942680166371,0.00337937515973844,"WBGene00011120","WBGene00011120",NA
"WBGene00011129",14.6838779118183,-1.93026177268916,0.74154899350375,-2.60301313817291,0.00924084124019752,0.0294163349323259,"WBGene00011129","WBGene00011129",NA
"WBGene00011132",28.7197187405943,-5.44090919432975,1.20909282114941,-4.49999296923905,6.79557100874113e-06,6.37330029054704e-05,"WBGene00011132","WBGene00011132",NA
"WBGene00011133",18.9497420590495,-7.73741238965624,1.52550846758641,-5.07202192190911,3.93611032126971e-07,5.50445502278215e-06,"WBGene00011133","WBGene00011133",NA
"WBGene00011134",39.3885421407735,-6.75158519642511,1.27831840856155,-5.28161462058774,1.28050330965909e-07,2.07273316024432e-06,"WBGene00011134","WBGene00011134",NA
"WBGene00011166",50.960844480056,-2.24425095293652,0.624879645310292,-3.59149312956435,0.00032878884565534,0.00176138642089647,"WBGene00011166","WBGene00011166",NA
"WBGene00011167",12.971199702009,-5.26864900648484,1.10117085780828,-4.78458812192989,1.71338314620834e-06,1.94052181527383e-05,"WBGene00011167","WBGene00011167",NA
"WBGene00011171",26.0437416785962,-3.34916607317838,0.852663988194931,-3.9278849811266,8.5696175051938e-05,0.000557259067341833,"WBGene00011171","WBGene00011171",NA
"WBGene00011172",11.9271098259254,-5.56506968167813,1.52205523785933,-3.65628627874573,0.000255895568755897,0.001428159064517,"WBGene00011172","WBGene00011172",NA
"WBGene00011173",87.3296276318328,-5.82471997888609,1.5249493777381,-3.81961530259166,0.000133659969161946,0.000814323077251363,"WBGene00011173","WBGene00011173",NA
"WBGene00011175",34.2324099212177,5.49793773794698,1.07031291456962,5.13675735675651,2.79519476828657e-07,4.09228024426577e-06,"WBGene00011175","WBGene00011175",NA
"WBGene00011176",625.141675352509,-5.43706960608473,1.08887082268433,-4.99331003532729,5.93531629754353e-07,7.76152569449128e-06,"WBGene00011176","WBGene00011176",NA
"WBGene00011184",77.8460283701086,1.27953226268995,0.524336295462012,2.44028932149835,0.0146755032011645,0.0432310319979894,"WBGene00011184","WBGene00011184",NA
"WBGene00011190",31.8656311514327,4.54856841050228,0.684509138415237,6.64500757584192,3.03201479771292e-11,1.32934317496045e-09,"WBGene00011190","WBGene00011190",NA
"WBGene00011191",18.1023815404348,-3.78381342692032,0.990192478125891,-3.82129082022703,0.00013275498978817,0.000809154400444483,"WBGene00011191","WBGene00011191",NA
"WBGene00011203",81.7121883911153,-4.04318769382855,0.668222673154771,-6.05065924318327,1.44254288808234e-09,4.10722420305994e-08,"WBGene00011203","WBGene00011203",NA
"WBGene00011207",54.8258832127661,-1.97869041634217,0.451003860254642,-4.38730261693321,1.14765062331631e-05,9.88626661843215e-05,"WBGene00011207","WBGene00011207",NA
"WBGene00011212",39.1358678801275,-2.3321959134733,0.569413715463467,-4.09578457655352,4.20741038220171e-05,0.000298881687332427,"WBGene00011212","WBGene00011212",NA
"WBGene00011213",88.44472797594,-1.20669572980431,0.366568879546492,-3.29186626889111,0.000995249253375105,0.0044888285195615,"WBGene00011213","WBGene00011213",NA
"WBGene00011214",259.57009858357,-5.34439145846283,1.0667172131587,-5.01012957561387,5.43933997216906e-07,7.22532399834687e-06,"WBGene00011214","WBGene00011214",NA
"WBGene00011217",19.937868082058,-1.25027808805927,0.474226536445518,-2.63645745645216,0.00837767047781665,0.0271277852604063,"WBGene00011217","WBGene00011217",NA
"WBGene00011231",105.077652418862,2.24053668592264,0.536197851673417,4.17856333987568,2.93356301136618e-05,0.000220101921897411,"WBGene00011231","WBGene00011231",NA
"WBGene00011241",25.0505249657271,-4.56537362598234,1.00198874706496,-4.55631227332172,5.20595235870532e-06,5.07909058450342e-05,"WBGene00011241","WBGene00011241",NA
"WBGene00011252",105.110822625159,-1.59364083071026,0.279538553159083,-5.70096973279866,1.19127788701997e-08,2.63357968013088e-07,"WBGene00011252","WBGene00011252",NA
"WBGene00011262",26.598395957973,-2.25075817372025,0.836815762199991,-2.68966990751106,0.00715227271818774,0.0237406952998275,"WBGene00011262","WBGene00011262",NA
"WBGene00011284",104.798003833894,-1.86457897205659,0.34297028426971,-5.43656129284454,5.43186593275433e-08,9.79497509474321e-07,"WBGene00011284","WBGene00011284",NA
"WBGene00011297",28.568419638279,-3.82623025410686,0.743992551730335,-5.14283408511017,2.70624606548925e-07,3.98766752722039e-06,"WBGene00011297","WBGene00011297",NA
"WBGene00011322",15.6391591146886,-6.25780788073006,1.4761300726764,-4.23933364448291,2.24184253691331e-05,0.000174524266776154,"WBGene00011322","WBGene00011322",NA
"WBGene00011335",127.236987667536,-1.18367015168606,0.253606822281383,-4.66734349272649,3.05119001923976e-06,3.19726238599662e-05,"WBGene00011335","WBGene00011335",NA
"WBGene00011336",78.3452451114192,-4.8982992975496,0.956948840458502,-5.1186637053687,3.07708077895974e-07,4.43801368049158e-06,"WBGene00011336","WBGene00011336",NA
"WBGene00011345",18.4760031540424,2.02001115194815,0.580398984382801,3.48038367795602,0.000500696191451922,0.00251899002619582,"WBGene00011345","WBGene00011345",NA
"WBGene00011351",11.0879502801851,-2.97018475853344,0.802324946832438,-3.70197233709318,0.000213929947462501,0.00122602275023317,"WBGene00011351","WBGene00011351",NA
"WBGene00011364",172.01746541902,-1.3217301060326,0.240125554761884,-5.5043292137035,3.70576499778589e-08,7.08108276916495e-07,"WBGene00011364","WBGene00011364",NA
"WBGene00011374",209.833136600836,-1.10446291454943,0.261134243224715,-4.22948327615158,2.34228689290566e-05,0.000181749764171013,"WBGene00011374","WBGene00011374",NA
"WBGene00011378",48.0404515868538,-5.67111371369848,1.06434955397821,-5.32824361367149,9.9167055954003e-08,1.65777161491294e-06,"WBGene00011378","WBGene00011378",NA
"WBGene00011379",20.2150096015526,-4.0851049206795,1.4107103936343,-2.89577856597155,0.00378219177881962,0.0139650909570315,"WBGene00011379","WBGene00011379",NA
"WBGene00011383",163.183634272467,4.11806581098901,0.455800518933313,9.03479842591296,1.64304964966335e-19,3.01078315931259e-17,"WBGene00011383","WBGene00011383",NA
"WBGene00011397",82.6987349411654,-2.38333712138263,0.373418310040134,-6.3824859609227,1.74236005169852e-10,6.36919494090204e-09,"WBGene00011397","WBGene00011397",NA
"WBGene00011400",21.1523645387589,-3.10213491800092,1.03825225655352,-2.98784317435386,0.00280953678654039,0.0109448648923472,"WBGene00011400","WBGene00011400",NA
"WBGene00011401",83.7831797707096,-5.77229729972295,0.971323787074898,-5.94271176772679,2.80345128761512e-09,7.35224389979504e-08,"WBGene00011401","WBGene00011401",NA
"WBGene00011404",92.6923580364458,-1.53802244749589,0.329998592326057,-4.66069396434345,3.15145014051668e-06,3.28306682641435e-05,"WBGene00011404","WBGene00011404",NA
"WBGene00011416",52.6773131429349,-2.17393181120562,0.40084402899967,-5.42338579080446,5.84805859321388e-08,1.03576581750689e-06,"WBGene00011416","WBGene00011416",NA
"WBGene00011417",43.0893595701697,-1.41920826357221,0.319695561146174,-4.43924919846887,9.02732436454714e-06,8.02909440836791e-05,"WBGene00011417","WBGene00011417",NA
"WBGene00011419",52.6773131429349,-2.17393181120562,0.40084402899967,-5.42338579080446,5.84805859321388e-08,1.03576581750689e-06,"WBGene00011419","WBGene00011419",NA
"WBGene00011420",43.0893595701697,-1.41920826357221,0.319695561146174,-4.43924919846887,9.02732436454714e-06,8.02909440836791e-05,"WBGene00011420","WBGene00011420",NA
"WBGene00011423",395.842464525083,-1.74528460613125,0.423369907379567,-4.12236338887105,3.75005008428928e-05,0.000270704373003771,"WBGene00011423","WBGene00011423",NA
"WBGene00011425",25.4867372851365,-2.91801253414071,0.89297079343113,-3.26775808974513,0.00108402978580358,0.00483886250109012,"WBGene00011425","WBGene00011425",NA
"WBGene00011428",65.3611405638674,-1.2967611362427,0.305225264296913,-4.24853800759184,2.15170144459601e-05,0.00016860892953734,"WBGene00011428","WBGene00011428",NA
"WBGene00011430",58.3821972782136,-1.23255497878864,0.431719596774285,-2.85498964605272,0.00430382320029098,0.0155261345284601,"WBGene00011430","WBGene00011430",NA
"WBGene00011436",869.0608566286,-1.34127118722682,0.371820533817283,-3.60730800275258,0.000309390318655588,0.00167758566940224,"WBGene00011436","WBGene00011436",NA
"WBGene00011438",42.1665932518489,-6.3105024589581,1.09990199066633,-5.73733161000566,9.6179826666069e-09,2.19250121616926e-07,"WBGene00011438","WBGene00011438",NA
"WBGene00011445",89.2290207916899,-1.62962416163462,0.521771677005645,-3.1232514784757,0.00178864848702879,0.007468639446422,"WBGene00011445","WBGene00011445",NA
"WBGene00011446",1779.02027144148,-1.0245547050117,0.26107067083147,-3.92443433706534,8.69337665387747e-05,0.000563512165595785,"WBGene00011446","WBGene00011446",NA
"WBGene00011450",10.224392196546,-3.28040807035539,0.868819142011856,-3.77570878878106,0.000159553311890616,0.000946263687490695,"WBGene00011450","WBGene00011450",NA
"WBGene00011460",421.763586985812,-2.31255999896917,0.584640641128699,-3.95552384881176,7.63671290857721e-05,0.000505565250589597,"WBGene00011460","WBGene00011460",NA
"WBGene00011462",240.684883722565,-2.67679105863673,0.721643494950318,-3.70929839646239,0.000207834370436284,0.00119684796802812,"WBGene00011462","WBGene00011462",NA
"WBGene00011466",58.9212407205116,-5.11261040175889,1.53327426575869,-3.33443958196813,0.00085471466269182,0.00396766374597408,"WBGene00011466","WBGene00011466",NA
"WBGene00011467",26.2855445185316,-5.0059422294975,1.12671741309952,-4.44294387509863,8.87363189342393e-06,7.92692629079426e-05,"WBGene00011467","WBGene00011467",NA
"WBGene00011475",162.513382484739,2.57875400930217,0.716781862463888,3.59768312278143,0.00032106443869684,0.0017316883102996,"WBGene00011475","WBGene00011475",NA
"WBGene00011478",44.0295492478011,-4.68196082170058,0.807529553348856,-5.79788170263777,6.71577963761246e-09,1.60516117659523e-07,"WBGene00011478","WBGene00011478",NA
"WBGene00011487",689.854135147799,1.1395602401435,0.250318272905637,4.55244528062511,5.30259553568502e-06,5.16280640269387e-05,"WBGene00011487","WBGene00011487",NA
"WBGene00011491",63.7931859750672,-5.54346214989311,1.46359472320054,-3.78756636794294,0.000152130056343075,0.000908648096661752,"WBGene00011491","WBGene00011491",NA
"WBGene00011493",47.3131304292453,-5.67243526329728,1.07047983463308,-5.29896508068418,1.16460902340397e-07,1.90020054469325e-06,"WBGene00011493","WBGene00011493",NA
"WBGene00011495",58.6862889015201,-3.28047967481462,0.681069551524813,-4.81665883824951,1.45981966296626e-06,1.69537539689872e-05,"WBGene00011495","WBGene00011495",NA
"WBGene00011509",685.452760836322,1.10853704495031,0.427250648052717,2.59458247752858,0.00947058878621955,0.0300339750435846,"WBGene00011509","WBGene00011509",NA
"WBGene00011522",424.598792926729,-1.41854140307776,0.307071793968854,-4.61957571792362,3.84525538012471e-06,3.90620008160075e-05,"WBGene00011522","WBGene00011522",NA
"WBGene00011554",42.7376488032682,-2.10636645201841,0.75538111137583,-2.78848176145407,0.00529557291239072,0.0184744016687333,"WBGene00011554","WBGene00011554",NA
"WBGene00011579",51.0650110060614,-1.32814880774815,0.414301810820932,-3.20575187715557,0.0013471009198431,0.00585008127370239,"WBGene00011579","WBGene00011579",NA
"WBGene00011616",12.8072033251102,-1.41427257036269,0.566720075359142,-2.49553991795057,0.0125765603914428,0.038124449135714,"WBGene00011616","WBGene00011616",NA
"WBGene00011617",16.2323796435588,-5.84146663425874,1.66920727520555,-3.49954539560667,0.000466052240388781,0.00237563647356521,"WBGene00011617","WBGene00011617",NA
"WBGene00011642",237.726500518437,1.06534572523305,0.395503532759027,2.69364401830046,0.00706756044819753,0.0235141158021618,"WBGene00011642","WBGene00011642",NA
"WBGene00011669",18.7648402125346,-4.88390441392239,1.1212296817464,-4.35584652585663,1.32553631498654e-05,0.000111973348404861,"WBGene00011669","WBGene00011669",NA
"WBGene00011705",38.2848352217203,-1.52729194670948,0.42029724139877,-3.63383766599699,0.000279236588571557,0.00154097627816728,"WBGene00011705","WBGene00011705",NA
"WBGene00011706",156.269810835253,1.84788291466798,0.595673838932983,3.10217235320936,0.00192106075189105,0.00792501227093506,"WBGene00011706","WBGene00011706",NA
"WBGene00011708",45.6243444922974,-1.19734974596207,0.402942529203263,-2.97151494117432,0.00296334454590926,0.0114133881958181,"WBGene00011708","WBGene00011708",NA
"WBGene00011713",302.584412463409,-1.38128155298321,0.319052590270518,-4.32932248508639,1.49568776924821e-05,0.000123428783405685,"WBGene00011713","WBGene00011713",NA
"WBGene00011726",67.2451335961413,-1.34497772623328,0.272497983952564,-4.93573459415909,7.98496341584273e-07,1.0037738091701e-05,"WBGene00011726","WBGene00011726",NA
"WBGene00011733",447.708366112283,-1.0060529965147,0.318273965887383,-3.16096540824416,0.0015724717165787,0.00666795772629802,"WBGene00011733","WBGene00011733",NA
"WBGene00011736",700.33122966459,-1.17059515073717,0.358979893543746,-3.26089335862627,0.00111061801324283,0.00493596494504968,"WBGene00011736","WBGene00011736",NA
"WBGene00011748",244.691810365917,-6.14887252284019,1.06935373053042,-5.75008282786858,8.91997389097754e-09,2.05303038363514e-07,"WBGene00011748","WBGene00011748",NA
"WBGene00011777",89.6336795904386,-1.59185289114282,0.438462819858785,-3.6305310713814,0.000282838651365233,0.00155604805387347,"WBGene00011777","WBGene00011777",NA
"WBGene00011795",185.656995791164,-5.49692487384302,1.46748005578933,-3.74582594983639,0.000179801223428949,0.00105194387493654,"WBGene00011795","WBGene00011795",NA
"WBGene00011808",16.6075125094001,-3.19649585135506,1.08663816608438,-2.94163775129801,0.00326481598667372,0.0123646038414222,"WBGene00011808","WBGene00011808",NA
"WBGene00011821",139.273985381723,-1.16185664222807,0.341899113393753,-3.39824409222728,0.000678198798551856,0.00326600250259491,"WBGene00011821","WBGene00011821",NA
"WBGene00011823",74.2435436258433,-1.38209331271588,0.337435795610413,-4.09587047579142,4.20585043459822e-05,0.000298881687332427,"WBGene00011823","WBGene00011823",NA
"WBGene00011824",112.227734437364,-1.3781345987872,0.285710689506079,-4.82353180824155,1.41038262850472e-06,1.64702375346346e-05,"WBGene00011824","WBGene00011824",NA
"WBGene00011829",32.5802928143259,-1.18348828981886,0.399626165849893,-2.96148848837742,0.0030615593802889,0.0117316000596432,"WBGene00011829","WBGene00011829",NA
"WBGene00011831",316.809153019529,1.82656675456416,0.601338129995199,3.03750363307036,0.0023854652910803,0.00950528447321179,"WBGene00011831","WBGene00011831",NA
"WBGene00011844",9.89291298256096,-2.61309088237483,0.889159923892383,-2.93883115079656,0.00329452501806776,0.0124639084391854,"WBGene00011844","WBGene00011844",NA
"WBGene00011850",76.4167835877279,-1.34838165308783,0.476198655837266,-2.83155283317016,0.00463225800885413,0.0165356802498881,"WBGene00011850","WBGene00011850",NA
"WBGene00011888",20.4692612826732,-1.70759249412623,0.6122684271198,-2.788960557968,0.00528775043308102,0.0184557651995251,"WBGene00011888","WBGene00011888",NA
"WBGene00011891",766.090048526517,-1.54157936208818,0.348395410601479,-4.42479813217618,9.65325072904257e-06,8.50640645315693e-05,"WBGene00011891","WBGene00011891",NA
"WBGene00011910",159.708739003819,-5.81139620117021,1.14725977151956,-5.0654580117221,4.07419577039891e-07,5.64268218472012e-06,"WBGene00011910","WBGene00011910",NA
"WBGene00011911",74.1411580321576,-4.88408709911533,0.931745843767377,-5.24186625761296,1.58960574274414e-07,2.51052319127536e-06,"WBGene00011911","WBGene00011911",NA
"WBGene00011918",62.5798833879372,-6.13559492922218,1.08984447221531,-5.62978946596889,1.80429724326128e-08,3.79247360263727e-07,"WBGene00011918","WBGene00011918",NA
"WBGene00011919",41.8963946769438,-4.62528935057368,0.891964839086299,-5.18550636515189,2.15428729074556e-07,3.27566257942832e-06,"WBGene00011919","WBGene00011919",NA
"WBGene00011924",41.0480319449434,1.13538815305902,0.384636305597542,2.9518486334647,0.00315877734053663,0.0120203419936875,"WBGene00011924","WBGene00011924",NA
"WBGene00011927",37.7594018322866,-1.79696007676873,0.564258940458667,-3.18463731440045,0.00144935530862457,0.00622839309265514,"WBGene00011927","WBGene00011927",NA
"WBGene00011938",333.682611079114,1.40853299736817,0.32748891045899,4.30100975142654,1.7002157719896e-05,0.000137605798578977,"WBGene00011938","WBGene00011938",NA
"WBGene00011951",22.5978164616043,-3.6862238290145,1.12863977310487,-3.26607649035241,0.00109048789212694,0.0048601008550578,"WBGene00011951","WBGene00011951",NA
"WBGene00011954",67.8292114195729,-5.03458212885329,1.64494362016072,-3.06064114730047,0.00220863631008509,0.00890997425347056,"WBGene00011954","WBGene00011954",NA
"WBGene00011968",173.403130132459,-5.05514719763057,0.775874110559288,-6.51542193357448,7.24856142811918e-11,2.88589661537904e-09,"WBGene00011968","WBGene00011968",NA
"WBGene00011977",997.346403212461,2.81831759015832,0.267667703158697,10.5291656666078,6.33938612602461e-26,2.05929195225613e-23,"WBGene00011977","WBGene00011977",NA
"WBGene00011984",105.569199106212,-1.47636961834349,0.345495044435212,-4.27320056285305,1.92686990557373e-05,0.000153601514558646,"WBGene00011984","WBGene00011984",NA
"WBGene00012007",116.894777699657,-2.1788202878608,0.4220068304625,-5.16299768293541,2.43026149497162e-07,3.62964760163317e-06,"WBGene00012007","WBGene00012007",NA
"WBGene00012010",27.6611408537756,-8.09655164187729,1.42896148399791,-5.66603910080554,1.46136190847401e-08,3.16953653381168e-07,"WBGene00012010","WBGene00012010",NA
"WBGene00012011",10.210898794034,-3.64463336994394,1.20313824464813,-3.02927231027376,0.0024514361106675,0.0097274781592922,"WBGene00012011","WBGene00012011",NA
"WBGene00012012",49.0811392797796,-6.39998068170927,1.23138283018217,-5.19739314601492,2.02102640903413e-07,3.10942200907694e-06,"WBGene00012012","WBGene00012012",NA
"WBGene00012021",154.775885252536,1.64236880234804,0.635571062889371,2.58408366624129,0.00976381057684877,0.0308202616110644,"WBGene00012021","WBGene00012021",NA
"WBGene00012034",32.5895690768571,-1.50140000622803,0.602113832985697,-2.49354843548944,0.0126473327693011,0.0382983744219536,"WBGene00012034","WBGene00012034",NA
"WBGene00012035",15.7534942499208,-2.15673877876558,0.693976059773134,-3.10779997147256,0.00188485593752936,0.00779806629549538,"WBGene00012035","WBGene00012035",NA
"WBGene00012065",13.9648791393434,3.74602493841074,0.950475977180432,3.94120948698067,8.10717827785601e-05,0.000532517918774797,"WBGene00012065","WBGene00012065",NA
"WBGene00012066",9.5621761597041,3.03319562768243,0.958366893663388,3.16496286311388,0.00155102746246883,0.00659311108380076,"WBGene00012066","WBGene00012066",NA
"WBGene00012087",188.266751575871,-5.16249580645037,1.32074803538939,-3.90876659901928,9.27685355273737e-05,0.000596196348153216,"WBGene00012087","WBGene00012087",NA
"WBGene00012115",36.3916032707134,-5.40590806567189,1.07129351782592,-5.04615026201468,4.50800921341627e-07,6.14818470299224e-06,"WBGene00012115","WBGene00012115",NA
"WBGene00012120",19.3068287020074,-2.74983300659801,0.949230472328912,-2.89690763914413,0.0037686068672988,0.013922124051254,"WBGene00012120","WBGene00012120",NA
"WBGene00012123",163.565795532921,-1.04642971699235,0.437699226390762,-2.39075066597933,0.0168139670925543,0.0482380633588676,"WBGene00012123","WBGene00012123",NA
"WBGene00012130",284.249148454697,1.98147116874486,0.335274892057363,5.90998972987767,3.42129060988462e-09,8.74785450573896e-08,"WBGene00012130","WBGene00012130",NA
"WBGene00012134",334.894238080406,-1.28894135964514,0.188504312580309,-6.8377287606935,8.04585473093981e-12,4.08181080220716e-10,"WBGene00012134","WBGene00012134",NA
"WBGene00012136",188.877430310303,1.04044350139874,0.238999828664188,4.35332321037199,1.34089233984859e-05,0.000113136801732325,"WBGene00012136","WBGene00012136",NA
"WBGene00012138",23.0458152419325,-3.64762482157516,0.839505988291667,-4.34496581614362,1.39297353435658e-05,0.000116978676419264,"WBGene00012138","WBGene00012138",NA
"WBGene00012143",72.180025188027,-1.70836511995064,0.406463030536853,-4.20300246665545,2.63397717295362e-05,0.000201431123009233,"WBGene00012143","WBGene00012143",NA
"WBGene00012162",25.9130727593096,-1.64194507835151,0.474320296711945,-3.46167998656964,0.00053681504077786,0.00267434554821818,"WBGene00012162","WBGene00012162",NA
"WBGene00012169",68.4488717585232,-5.34683978028788,0.985720844762799,-5.42429411805178,5.81840094975156e-08,1.03435826834327e-06,"WBGene00012169","WBGene00012169",NA
"WBGene00012172",15.1393012246939,-6.37327133944491,1.487676591502,-4.28404357227283,1.83526946582258e-05,0.000147285269371152,"WBGene00012172","WBGene00012172",NA
"WBGene00012173",17.4109709089303,-5.55987376230026,1.27240145836603,-4.36959084394639,1.24479548493444e-05,0.000106347052397896,"WBGene00012173","WBGene00012173",NA
"WBGene00012177",44.1357854692162,-4.25851674338585,1.00867341136757,-4.2218984811071,2.42253221013393e-05,0.000186759724268847,"WBGene00012177","WBGene00012177",NA
"WBGene00012180",22.2137762991377,-3.62923850180096,1.03743334912748,-3.49828594275795,0.000468258804530968,0.00238187933422039,"WBGene00012180","WBGene00012180",NA
"WBGene00012184",254.51335640833,-1.10195323599653,0.304872790387626,-3.61446895472525,0.000300963875345692,0.00164186132454808,"WBGene00012184","WBGene00012184",NA
"WBGene00012186",182.72914396245,5.32310099061879,0.703837393880092,7.56296985199064,3.93968941348916e-14,3.11104866226522e-12,"WBGene00012186","WBGene00012186",NA
"WBGene00012191",25.3646584745266,-3.73258803451165,0.812926966781239,-4.59154165999773,4.39983791238762e-06,4.39461099103818e-05,"WBGene00012191","WBGene00012191",NA
"WBGene00012198",346.848253051854,1.51575964996256,0.39606781585809,3.82702049819078,0.000129703717531612,0.000792584538127118,"WBGene00012198","WBGene00012198",NA
"WBGene00012207",147.059358298105,-5.72956452760784,1.52826690509954,-3.74906013373014,0.000177498525248077,0.00104022311963519,"WBGene00012207","WBGene00012207",NA
"WBGene00012219",13.9979255119911,-2.64353563088374,1.10174744648947,-2.39940254847598,0.0164218503341362,0.0472553869188261,"WBGene00012219","WBGene00012219",NA
"WBGene00012223",10.6383573471127,-5.57026751957811,1.4440927078406,-3.85727833769587,0.000114656575605937,0.00071344642365505,"WBGene00012223","WBGene00012223",NA
"WBGene00012224",19.0514156491663,-2.37723827134245,0.580648072483484,-4.09411205168526,4.23789339236e-05,0.000300002584154464,"WBGene00012224","WBGene00012224",NA
"WBGene00012226",73.6332695127124,1.47511816328313,0.428402045295411,3.44330326963295,0.000574654514203157,0.002840088855984,"WBGene00012226","WBGene00012226",NA
"WBGene00012231",201.083449100515,-1.34861271695494,0.299971938651361,-4.49579625020308,6.93100825367719e-06,6.4833050372911e-05,"WBGene00012231","WBGene00012231",NA
"WBGene00012238",23.1017916193598,2.70923040356646,0.886436648516464,3.05631587784713,0.00224075054773618,0.00903442808992758,"WBGene00012238","WBGene00012238",NA
"WBGene00012239",273.366777037189,3.19650544183894,0.430802121735612,7.41989252272224,1.17215413117576e-13,8.54775459025259e-12,"WBGene00012239","WBGene00012239",NA
"WBGene00012250",12.2644831579384,-6.20904467799174,1.54378015524274,-4.02197466841737,5.77122658388905e-05,0.000393926177476247,"WBGene00012250","WBGene00012250",NA
"WBGene00012251",238.657878087658,-1.0164188222906,0.211681421555779,-4.80164397432849,1.57368301570646e-06,1.803741086086e-05,"WBGene00012251","WBGene00012251",NA
"WBGene00012255",17.5134727310109,4.36752853408621,1.03238124727728,4.23053842328575,2.3313261592082e-05,0.000181095895617189,"WBGene00012255","WBGene00012255",NA
"WBGene00012256",18.4696053907802,3.42706745634183,0.901809729917577,3.80021122266562,0.000144572805717967,0.000871522189846859,"WBGene00012256","WBGene00012256",NA
"WBGene00012257",10.7943052209777,3.66442439954043,0.998201995545988,3.67102491869503,0.000241579783401996,0.00135620575183218,"WBGene00012257","WBGene00012257",NA
"WBGene00012261",81.7827812488385,4.82642799874288,0.528067785957996,9.13978872993929,6.25744549409215e-20,1.24218983954249e-17,"WBGene00012261","WBGene00012261",NA
"WBGene00012294",13.6734614325471,-4.05430090411254,1.11203579656417,-3.64583668676766,0.000266523206922078,0.00148168657975,"WBGene00012294","WBGene00012294",NA
"WBGene00012296",62.1132135827649,-4.56617501906404,0.739489587012241,-6.17476581044603,6.62616142181857e-10,2.09530365491267e-08,"WBGene00012296","WBGene00012296",NA
"WBGene00012307",10.3209412854655,-4.62424785640099,1.34914930588065,-3.42752861840041,0.000609102098290215,0.0029865853484947,"WBGene00012307","WBGene00012307",NA
"WBGene00012308",19.594355595692,2.0768328428778,0.628487647209907,3.30449270100636,0.000951484534467946,0.00433383315842905,"WBGene00012308","WBGene00012308",NA
"WBGene00012317",391.122688769977,2.00893497647709,0.318510062886474,6.30728887580903,2.8396553432734e-10,9.85126063626377e-09,"WBGene00012317","WBGene00012317",NA
"WBGene00012324",222.348160645254,1.00247892270516,0.34812800006615,2.87962738565892,0.00398145418581197,0.0145653761652957,"WBGene00012324","WBGene00012324",NA
"WBGene00012345",14.7715569175851,-2.27052657298259,0.827342487336413,-2.74436114152971,0.00606287982035791,0.0207193369786364,"WBGene00012345","WBGene00012345",NA
"WBGene00012357",82.1096967040563,-6.30017146284685,0.926671595033857,-6.79871002479219,1.05560041319165e-11,5.1670194197768e-10,"WBGene00012357","WBGene00012357",NA
"WBGene00012381",15.6016950880742,-1.2495163272598,0.517961650259647,-2.41237228013586,0.0158490892519611,0.0459122482120552,"WBGene00012381","WBGene00012381",NA
"WBGene00012383",578.648795380406,-1.44835328299522,0.336258647866071,-4.30725958183264,1.65289594658769e-05,0.000134768064829309,"WBGene00012383","WBGene00012383",NA
"WBGene00012387",11.6796201702168,-2.19794604014526,0.701924381272292,-3.13131456719215,0.00174025647032237,0.00730498846705365,"WBGene00012387","WBGene00012387",NA
"WBGene00012398",32.4110977844908,-1.87435039991996,0.563639809240294,-3.32544005798015,0.000882790801263054,0.00407667918490552,"WBGene00012398","WBGene00012398",NA
"WBGene00012404",147.938182080952,-1.45938535114481,0.360091224602553,-4.05282120594744,5.06036759962823e-05,0.000351185655147464,"WBGene00012404","WBGene00012404",NA
"WBGene00012418",19.8206744575753,-1.94594368566057,0.589585420674805,-3.30052884183153,0.000965027940701368,0.00438573747422724,"WBGene00012418","WBGene00012418",NA
"WBGene00012420",61.6654438928592,3.75925577577007,0.446082682023392,8.42726231540397,3.5384604334789e-17,4.25001806518604e-15,"WBGene00012420","WBGene00012420",NA
"WBGene00012424",32.6719813213105,-2.40254108798895,0.540714192551094,-4.44327358350581,8.86003875591744e-06,7.91973320439825e-05,"WBGene00012424","WBGene00012424",NA
"WBGene00012437",22.1817207333836,-1.56627800156779,0.558041478797275,-2.8067411851598,0.00500454327916467,0.0176399351637733,"WBGene00012437","WBGene00012437",NA
"WBGene00012440",15.0633156537407,-1.56894038869457,0.646600696603723,-2.42644401241052,0.015247602769121,0.0445215531730613,"WBGene00012440","WBGene00012440",NA
"WBGene00012462",73.3041052203565,1.31813773461046,0.377975217685651,3.48736550158352,0.000487804208832585,0.00246381379442214,"WBGene00012462","WBGene00012462",NA
"WBGene00012467",18.5069810121819,3.99415714991167,0.957426160931103,4.17176521062191,3.02248992662806e-05,0.000225354452380255,"WBGene00012467","WBGene00012467",NA
"WBGene00012486",13.9671376211267,-7.20441685007747,1.35455968872976,-5.31864111269501,1.04545120314256e-07,1.73751558680425e-06,"WBGene00012486","WBGene00012486",NA
"WBGene00012491",23.9343929755167,-1.41053140082408,0.443687538415786,-3.17910979844164,0.00147728120373361,0.00633316744000134,"WBGene00012491","WBGene00012491",NA
"WBGene00012494",39.2446653125167,1.02171968524904,0.375254011839444,2.72274153776721,0.00647426871857612,0.0218993553773504,"WBGene00012494","WBGene00012494",NA
"WBGene00012529",252.313399471433,-1.69678474862129,0.482629985075976,-3.51570520085729,0.000438587684477546,0.00225089183994167,"WBGene00012529","WBGene00012529",NA
"WBGene00012535",45.210380857934,1.70906628357952,0.362870831564267,4.70984751298984,2.47902192767715e-06,2.65612147018661e-05,"WBGene00012535","WBGene00012535",NA
"WBGene00012545",164.440317309766,-1.3009316221482,0.313738776448585,-4.14654393975235,3.37531429028382e-05,0.000247783087575894,"WBGene00012545","WBGene00012545",NA
"WBGene00012547",24.0610159829936,-6.81037375488851,1.44640272055922,-4.70849069770515,2.49557752496802e-06,2.67185689620734e-05,"WBGene00012547","WBGene00012547",NA
"WBGene00012554",138.134848442905,-1.47712572085946,0.311699556017439,-4.73894072783608,2.14838329570297e-06,2.35662643480296e-05,"WBGene00012554","WBGene00012554",NA
"WBGene00012582",27.9544027822793,-1.32830691270692,0.459031609243678,-2.89371556546074,0.00380712862383927,0.0140281746379311,"WBGene00012582","WBGene00012582",NA
"WBGene00012583",104.273258164785,2.25330122670995,0.727853006959534,3.09581908045237,0.00196270075193797,0.00806349003950831,"WBGene00012583","WBGene00012583",NA
"WBGene00012592",64.7064997431415,-1.02112888021144,0.36359756757754,-2.80840404685511,0.00497877168837182,0.0175707614177527,"WBGene00012592","WBGene00012592",NA
"WBGene00012595",299.924921303004,-5.21032861170375,1.09970804355719,-4.73791988903717,2.15923132990562e-06,2.36670961643719e-05,"WBGene00012595","WBGene00012595",NA
"WBGene00012605",64.9558505383155,-2.94220700267321,0.605316047952952,-4.86061291885969,1.1702287093856e-06,1.39152071075278e-05,"WBGene00012605","WBGene00012605",NA
"WBGene00012627",13.6422240380724,-3.40593152410303,1.08943672525026,-3.12632339736908,0.00177006782211355,0.0073997014862442,"WBGene00012627","WBGene00012627",NA
"WBGene00012637",92.5781795584341,-4.1577277742973,1.24819883157671,-3.33098194703907,0.000865402145758629,0.00400946284256988,"WBGene00012637","WBGene00012637",NA
"WBGene00012638",38.9812712697128,-4.35362529162081,0.878156544515982,-4.95768700786762,7.13373650729855e-07,9.15282727996572e-06,"WBGene00012638","WBGene00012638",NA
"WBGene00012642",12.2070197858962,-4.53913805298866,1.49759017111293,-3.03096143427239,0.00243776382527674,0.00967591178969187,"WBGene00012642","WBGene00012642",NA
"WBGene00012662",26.6165793066834,-1.16804478496979,0.383911634984733,-3.04248342204121,0.00234634741180191,0.00937817213559416,"WBGene00012662","WBGene00012662",NA
"WBGene00012668",196.739758708054,-1.13964814139679,0.371566588411893,-3.06714375549143,0.00216114894947556,0.00874803226702187,"WBGene00012668","WBGene00012668",NA
"WBGene00012683",105.690630967593,-2.24515026413369,0.534535478301001,-4.20018942665846,2.66691761359546e-05,0.00020362314877735,"WBGene00012683","WBGene00012683",NA
"WBGene00012686",60.2497934700681,-1.21047520437639,0.324613886151896,-3.72896926476516,0.000192264598339672,0.00111618111456902,"WBGene00012686","WBGene00012686",NA
"WBGene00012689",46.40244520374,-5.22845248647441,0.942372601098011,-5.54817964824364,2.88659196771135e-08,5.69076675786184e-07,"WBGene00012689","WBGene00012689",NA
"WBGene00012720",10.7868579121101,-2.65368352504904,0.960205750379842,-2.76366135487034,0.00571568249058313,0.0197567714239189,"WBGene00012720","WBGene00012720",NA
"WBGene00012741",33.2133479911995,-6.32352873711304,1.28681867450762,-4.91407908696434,8.92007395497773e-07,1.10633217168938e-05,"WBGene00012741","WBGene00012741",NA
"WBGene00012758",19.6022610460207,-1.42894791678905,0.46883384170373,-3.04787707217612,0.0023046418312288,0.00923730950469806,"WBGene00012758","WBGene00012758",NA
"WBGene00012761",16.415453716832,-5.76854824207736,1.38552369933978,-4.16344249097013,3.13485009592531e-05,0.00023239840467355,"WBGene00012761","WBGene00012761",NA
"WBGene00012781",216.798619836796,-5.37405704366001,1.17337544018898,-4.57999789291184,4.64980614424713e-06,4.60566037558726e-05,"WBGene00012781","WBGene00012781",NA
"WBGene00012783",234.323348964024,-1.01516006400985,0.291315190691456,-3.48474812315931,0.00049260050637829,0.00248175503618784,"WBGene00012783","WBGene00012783",NA
"WBGene00012784",19.0859593743765,-4.33874775387558,1.01828204733671,-4.2608506800483,2.03650266272552e-05,0.000160196656897831,"WBGene00012784","WBGene00012784",NA
"WBGene00012786",65.3228776974403,-5.02633614632602,0.777524926112384,-6.4645337757307,1.01611600525752e-10,3.92522866571506e-09,"WBGene00012786","WBGene00012786",NA
"WBGene00012809",134.085523898987,-5.75086808485283,1.20971886871008,-4.75388805911986,1.99541547355688e-06,2.21510494537732e-05,"WBGene00012809","WBGene00012809",NA
"WBGene00012819",95.4478009546292,-1.26735304440481,0.359358947043367,-3.52670513655492,0.000420765074030007,0.00217859957646226,"WBGene00012819","WBGene00012819",NA
"WBGene00012827",66.459078935435,-5.27064467123324,0.788050596221056,-6.6882059305679,2.2592307796731e-11,1.01864938592643e-09,"WBGene00012827","WBGene00012827",NA
"WBGene00012831",51.1359413345767,-4.03100213075728,0.738079549635491,-5.46147381098424,4.72197915241329e-08,8.69732577647464e-07,"WBGene00012831","WBGene00012831",NA
"WBGene00012853",62.5330664962084,-1.04677537811415,0.372866181219022,-2.80737548975854,0.00499469841626171,0.0176182686237978,"WBGene00012853","WBGene00012853",NA
"WBGene00012854",118.089853499625,-1.15506145263462,0.320320630036283,-3.60595398586654,0.000311008247636758,0.00168444141094058,"WBGene00012854","WBGene00012854",NA
"WBGene00012855",39.3716519524111,-4.207141747687,1.10244509322966,-3.81619163940581,0.000135527259167448,0.000823243142915569,"WBGene00012855","WBGene00012855",NA
"WBGene00012859",29.7640016534429,-1.73423104778127,0.57609940438958,-3.01029828284377,0.00260991242728925,0.0102821053812693,"WBGene00012859","WBGene00012859",NA
"WBGene00012871",16.3126214010349,-5.01397280829643,1.34278531400849,-3.73400926863633,0.000188455553796956,0.00109763456822327,"WBGene00012871","WBGene00012871",NA
"WBGene00012877",11.7065840322313,-3.63183248979621,1.08611129743291,-3.34388611773055,0.00082613642566222,0.00386133679921194,"WBGene00012877","WBGene00012877",NA
"WBGene00012878",124.011828221294,2.62521109317577,0.406484232096975,6.45833438515636,1.05861628407889e-10,4.07838343621014e-09,"WBGene00012878","WBGene00012878",NA
"WBGene00012886",58.9673265731455,1.02808001889794,0.395358504126641,2.60037411151432,0.00931221789846222,0.0295908249050068,"WBGene00012886","WBGene00012886",NA
"WBGene00012899",67.3415543417141,3.05355642912281,0.651515327514124,4.68685278790561,2.77438378243178e-06,2.94171123162444e-05,"WBGene00012899","WBGene00012899",NA
"WBGene00012901",157.12381232137,-2.18151914190049,0.673406230708585,-3.23952919117633,0.00119727210476614,0.00527028339803587,"WBGene00012901","WBGene00012901",NA
"WBGene00012905",14.8804540681113,-4.08677831670795,0.893855089334467,-4.57208149897185,4.82903032251802e-06,4.74873045848071e-05,"WBGene00012905","WBGene00012905",NA
"WBGene00012911",337.367860618397,-1.49564168170254,0.199965152496269,-7.47951162005817,7.45993158790242e-14,5.64152392517932e-12,"WBGene00012911","WBGene00012911",NA
"WBGene00012912",22.3447299654396,-4.29240058972944,1.27212339037098,-3.37420145106967,0.000740301695318095,0.00351415879481286,"WBGene00012912","WBGene00012912",NA
"WBGene00012922",58.6631544576609,2.05043727097673,0.48089252747655,4.26381603751728,2.00964918975621e-05,0.000158433071534393,"WBGene00012922","WBGene00012922",NA
"WBGene00012923",44.1222250086428,1.04062258825318,0.409082236685599,2.54379803113513,0.0109654467627047,0.033953451165368,"WBGene00012923","WBGene00012923",NA
"WBGene00012925",33.2685612182429,-5.21874636196822,1.01947696622771,-5.11904293559345,3.07090050261856e-07,4.4335738266593e-06,"WBGene00012925","WBGene00012925",NA
"WBGene00012926",96.280956589682,-4.12103510329358,0.667450602998483,-6.17429227688172,6.64604955010749e-10,2.09588878199984e-08,"WBGene00012926","WBGene00012926",NA
"WBGene00012937",60.2862186660127,-4.13367916123355,0.744613437262858,-5.55144314401394,2.83320865012391e-08,5.60873285820235e-07,"WBGene00012937","WBGene00012937",NA
"WBGene00012938",21.7432156670865,-2.00659533265437,0.513485765461592,-3.90779154481637,9.3143613864064e-05,0.000597800481795719,"WBGene00012938","WBGene00012938",NA
"WBGene00012939",11.1267694886378,2.68518464513547,0.711628360452618,3.77329627985541,0.000161104776977753,0.000953881763605227,"WBGene00012939","WBGene00012939",NA
"WBGene00012946",15.478422496531,-4.02206367867837,0.925033513685838,-4.34801941678012,1.37372445060804e-05,0.000115565883299239,"WBGene00012946","WBGene00012946",NA
"WBGene00012959",29.6918185085809,-1.48997911741082,0.626169925133036,-2.37951242563153,0.0173355585510383,0.0494663881752824,"WBGene00012959","WBGene00012959",NA
"WBGene00012960",19.4178459986175,-1.24624958044185,0.477965068538719,-2.6074072405584,0.00912307851559688,0.0291062859873719,"WBGene00012960","WBGene00012960",NA
"WBGene00012968",78.0378451064804,-1.06451460514915,0.408462411098212,-2.60615071601581,0.00915661606192319,0.0291807164711412,"WBGene00012968","WBGene00012968",NA
"WBGene00012979",34.7022742347692,-5.58018796423076,1.19787859860062,-4.65839190277679,3.18689076188603e-06,3.31274397524633e-05,"WBGene00012979","WBGene00012979",NA
"WBGene00013033",45.970506626468,-4.37567761548509,1.00742270621309,-4.34343755456269,1.40270361882947e-05,0.000117657528309446,"WBGene00013033","WBGene00013033",NA
"WBGene00013037",86.6028178681248,-1.7396351037888,0.287435310784288,-6.05226650491229,1.42821928413816e-09,4.07455852858017e-08,"WBGene00013037","WBGene00013037",NA
"WBGene00013046",43.3216347985142,-1.27824031948947,0.404532010943417,-3.15980017627891,0.00157877376619875,0.0066900128788256,"WBGene00013046","WBGene00013046",NA
"WBGene00013074",42.2911575066919,2.17446484678664,0.53658871289099,4.05238648250955,5.06978246675992e-05,0.000351588553116932,"WBGene00013074","WBGene00013074",NA
"WBGene00013080",510.310778830482,-1.20664638967848,0.364125588698811,-3.31381926216827,0.000920309746091322,0.00421792756980766,"WBGene00013080","WBGene00013080",NA
"WBGene00013082",131.224676958783,2.14790170747507,0.351975699745925,6.10241476620559,1.04477827726233e-09,3.11666353904953e-08,"WBGene00013082","WBGene00013082",NA
"WBGene00013085",14.3538972657119,-3.66486836505407,1.09027513262524,-3.36141608240623,0.000775439157678836,0.00365787190782297,"WBGene00013085","WBGene00013085",NA
"WBGene00013087",27.8680247768717,-4.84322565593843,0.910884448401762,-5.31705823327684,1.05458325291478e-07,1.74660005027936e-06,"WBGene00013087","WBGene00013087",NA
"WBGene00013091",34.3843620352888,-1.99579494609109,0.42979313349311,-4.64361756985372,3.4236102221966e-06,3.54334981215467e-05,"WBGene00013091","WBGene00013091",NA
"WBGene00013100",62.9855269404021,3.6415228476617,0.62306309763187,5.8445490697529,5.07942302392783e-09,1.25605870728375e-07,"WBGene00013100","WBGene00013100",NA
"WBGene00013104",19.9943908070165,-1.83225008117622,0.478668794490836,-3.82780348805734,0.000129291915492399,0.000790406051382748,"WBGene00013104","WBGene00013104",NA
"WBGene00013107",24.1879010879439,-2.38723460268765,0.725533881689066,-3.29031443318691,0.00100075485262014,0.00451223631182954,"WBGene00013107","WBGene00013107",NA
"WBGene00013118",94.5850821520175,-1.15419303051694,0.261726155561579,-4.40992619954403,1.03405853677836e-05,9.0285880673018e-05,"WBGene00013118","WBGene00013118",NA
"WBGene00013138",37.4655670552388,-3.93397501818924,0.899399031069699,-4.37400406525941,1.21988105382337e-05,0.000104595781988837,"WBGene00013138","WBGene00013138",NA
"WBGene00013142",11.9852120230991,-6.26316055688675,1.44548708127375,-4.33290662920883,1.47153529879405e-05,0.000122211818859171,"WBGene00013142","WBGene00013142",NA
"WBGene00013145",31.2295730939992,5.47303374718379,0.942797975842983,5.80509704880327,6.43287326467868e-09,1.54270230825591e-07,"WBGene00013145","WBGene00013145",NA
"WBGene00013146",26.5210368308992,-3.35473964870259,0.677477041415477,-4.95181304106396,7.35252258380366e-07,9.38300047234873e-06,"WBGene00013146","WBGene00013146",NA
"WBGene00013148",21.7176622765879,-5.43653417522394,1.15410558617361,-4.71060381333789,2.46983951383938e-06,2.65025646931729e-05,"WBGene00013148","WBGene00013148",NA
"WBGene00013158",25.9702247608933,-2.6265024052429,0.871037711348428,-3.01537163204666,0.00256664558649592,0.010133995957952,"WBGene00013158","WBGene00013158",NA
"WBGene00013165",55.2828027811064,-3.90115940748335,0.718297818767887,-5.43111687875525,5.60024388417993e-08,1.00306122602235e-06,"WBGene00013165","WBGene00013165",NA
"WBGene00013170",11.1829539384002,-4.02470477290766,1.32076580645717,-3.04725088522964,0.00230944864594543,0.00925138719072253,"WBGene00013170","WBGene00013170",NA
"WBGene00013190",14.4772507926137,-3.85765926598969,1.1059791862451,-3.48800349406828,0.000486641719406722,0.0024598573300462,"WBGene00013190","WBGene00013190",NA
"WBGene00013192",27.3714796442587,-6.34973618126604,1.27945857261614,-4.96283062005094,6.94731651340891e-07,8.95383182381907e-06,"WBGene00013192","WBGene00013192",NA
"WBGene00013194",18.6592358267931,-6.55017907029348,1.57611091770351,-4.15591250382141,3.23991807096217e-05,0.00023907149709996,"WBGene00013194","WBGene00013194",NA
"WBGene00013230",26.7999775112573,2.28775345495497,0.858202656073404,2.66574967901206,0.00768168666341487,0.0251937465535082,"WBGene00013230","WBGene00013230",NA
"WBGene00013233",51.6060849661081,1.70704078226902,0.658008465835304,2.59425352544975,0.00947965557699577,0.030056059707631,"WBGene00013233","WBGene00013233",NA
"WBGene00013234",34.1445148697123,1.58130418088315,0.527392950536301,2.99834151987647,0.00271453295237179,0.0106269020784032,"WBGene00013234","WBGene00013234",NA
"WBGene00013249",54.4185546180654,-1.04966155034652,0.312797339793614,-3.35572403217718,0.000791575143046572,0.00372292975306504,"WBGene00013249","WBGene00013249",NA
"WBGene00013263",167.378607255501,2.93333925463878,0.489384736312902,5.99393286504806,2.04825958428085e-09,5.57633795011927e-08,"WBGene00013263","WBGene00013263",NA
"WBGene00013273",53.2661140658566,-1.11404897757642,0.408859234701502,-2.72477391488971,0.00643455315821774,0.0218039517046956,"WBGene00013273","WBGene00013273",NA
"WBGene00013279",10.1596382700764,-6.66638480101974,1.45371125461084,-4.58576954665204,4.52317303220256e-06,4.49580752081162e-05,"WBGene00013279","WBGene00013279",NA
"WBGene00013290",353.5539785172,-5.63959438761241,1.30975950823261,-4.30582435337497,1.66365026943877e-05,0.0001353361030227,"WBGene00013290","WBGene00013290",NA
"WBGene00013299",20.9455343175864,-6.78982546596572,1.51633609262611,-4.47778398139068,7.54218620756127e-06,6.93497185177915e-05,"WBGene00013299","WBGene00013299",NA
"WBGene00013303",48.4745965313755,-3.32654963125298,0.728290939092171,-4.56761089929196,4.93314689678278e-06,4.8393595467204e-05,"WBGene00013303","WBGene00013303",NA
"WBGene00013304",30.5512861232513,-3.87982811258982,1.02281062344287,-3.79330056186741,0.000148658036537475,0.000890888602192924,"WBGene00013304","WBGene00013304",NA
"WBGene00013310",29.5073386837873,-1.80674714926827,0.552217014865636,-3.2718063743615,0.00106862734698713,0.00477607588195342,"WBGene00013310","WBGene00013310",NA
"WBGene00013318",26.6093968553072,-4.68397343482206,1.14417591591681,-4.09375286585092,4.24446709557222e-05,0.000300178961885273,"WBGene00013318","WBGene00013318",NA
"WBGene00013329",24.4240195395942,-1.40563178350485,0.525223119554852,-2.6762564920908,0.00744496446105293,0.0245412539303112,"WBGene00013329","WBGene00013329",NA
"WBGene00013334",32.7056149151505,1.49560432333696,0.390546967352613,3.82951206477203,0.000128397588585883,0.000786620974564091,"WBGene00013334","WBGene00013334",NA
"WBGene00013335",12.4723444154937,-1.71986150795645,0.589039403685968,-2.91977327356074,0.0035028612844155,0.0130995280842885,"WBGene00013335","WBGene00013335",NA
"WBGene00013348",105.363064438672,-1.03772255792599,0.243272914676741,-4.26567240050093,1.99301044259367e-05,0.000157582530060872,"WBGene00013348","WBGene00013348",NA
"WBGene00013366",115.692585590081,-1.12770692400137,0.333955175937796,-3.37682121810089,0.000733286953503133,0.00348201675296355,"WBGene00013366","WBGene00013366",NA
"WBGene00013388",16.5429646902701,-1.76328281421462,0.692315596221443,-2.54693498722023,0.0108673677143035,0.0337008649903537,"WBGene00013388","WBGene00013388",NA
"WBGene00013403",25.446850041113,3.65941435309783,0.640898022154896,5.70982313347412,1.13093640182921e-08,2.52175881300233e-07,"WBGene00013403","WBGene00013403",NA
"WBGene00013404",18.5655481936278,4.87460129405993,0.870638798206838,5.59887901170913,2.15742293766704e-08,4.43543161254033e-07,"WBGene00013404","WBGene00013404",NA
"WBGene00013418",58.2347403773513,3.03709675539471,0.414068626531621,7.33476665651889,2.2210812271961e-13,1.53361903286541e-11,"WBGene00013418","WBGene00013418",NA
"WBGene00013429",18.4821858428704,-2.4146518312738,0.831299360240607,-2.9046718267351,0.0036763834723892,0.0136413678532863,"WBGene00013429","WBGene00013429",NA
"WBGene00013437",20.4811155096795,-3.78047052999074,1.04054646052577,-3.6331588001179,0.000279972590719245,0.00154444162066776,"WBGene00013437","WBGene00013437",NA
"WBGene00013438",191.685206187769,1.72049966469402,0.364344391265487,4.72217963536687,2.33330451520887e-06,2.52665320744159e-05,"WBGene00013438","WBGene00013438",NA
"WBGene00013449",22.1819131165293,-5.43063103222776,1.06664125418925,-5.09133788975334,3.55545780042961e-07,5.05653316831247e-06,"WBGene00013449","WBGene00013449",NA
"WBGene00013452",13.7575531557693,-3.31151743261157,1.12844358211341,-2.93458838802518,0.00333990414154763,0.0125922579517648,"WBGene00013452","WBGene00013452",NA
"WBGene00013455",14.2481757035828,-1.62575321265135,0.654146379605911,-2.48530491543923,0.0129440511569229,0.0390150407393292,"WBGene00013455","WBGene00013455",NA
"WBGene00013473",276.878347076244,-5.48566815711256,1.40023253601146,-3.9176836818393,8.9403916628321e-05,0.000577428911147127,"WBGene00013473","WBGene00013473",NA
"WBGene00013474",537.001119187056,-5.2268286143648,1.24752749711878,-4.18975022709831,2.79261677713457e-05,0.000211637707293661,"WBGene00013474","WBGene00013474",NA
"WBGene00013475",11.1123493203189,-4.15591720400636,1.42800401090037,-2.91029799096013,0.00361084302895233,0.0134330503417011,"WBGene00013475","WBGene00013475",NA
"WBGene00013478",16.6526263688884,-6.30445628784872,1.65914704562394,-3.79981768612792,0.000144802576681699,0.000872171609149396,"WBGene00013478","WBGene00013478",NA
"WBGene00013499",158.86959820378,-1.48995383432639,0.311294284616742,-4.78631927393329,1.69867758879984e-06,1.9253924485897e-05,"WBGene00013499","WBGene00013499",NA
"WBGene00013509",126.131143880011,1.44036031990379,0.417686570234553,3.44842382434022,0.000563868494880531,0.00279153466845702,"WBGene00013509","WBGene00013509",NA
"WBGene00013514",110.973401749983,-1.06355696199348,0.340862303671075,-3.12019531212165,0.00180731162144358,0.00753336395604933,"WBGene00013514","WBGene00013514",NA
"WBGene00013515",109.261522727269,-1.49471262714091,0.551024519202145,-2.71260638148221,0.0066756350074082,0.0224399932175177,"WBGene00013515","WBGene00013515",NA
"WBGene00013516",85.3234009597941,-2.06117574250167,0.350167510940627,-5.88625637188583,3.95041372315605e-09,9.90583567457358e-08,"WBGene00013516","WBGene00013516",NA
"WBGene00013521",11.5972381266286,-3.61021289729803,1.25759136694433,-2.87073606911762,0.00409517290348912,0.0149050945529845,"WBGene00013521","WBGene00013521",NA
"WBGene00013523",15.4195707525842,-6.35051202113928,1.34605332948391,-4.71787549723169,2.38320259065939e-06,2.56886233999206e-05,"WBGene00013523","WBGene00013523",NA
"WBGene00013524",10.5874808741503,-5.67122856416637,1.47860225536848,-3.83553355446021,0.000125291998478534,0.000770567355530847,"WBGene00013524","WBGene00013524",NA
"WBGene00013526",27.982010581627,-8.2557580104407,1.37701086746735,-5.99541964808529,2.02960632778215e-09,5.5447463877024e-08,"WBGene00013526","WBGene00013526",NA
"WBGene00013540",83.4006330197782,-1.20469059331506,0.395151478218343,-3.0486804674166,0.00229848812869399,0.00921781448468663,"WBGene00013540","WBGene00013540",NA
"WBGene00013543",90.5586470957592,1.86338509782574,0.44640917686709,4.1741639607479,2.99082311591784e-05,0.000223576541819109,"WBGene00013543","WBGene00013543",NA
"WBGene00013554",64.8136156188818,1.1443129572587,0.296574739906788,3.85843028175076,0.000114117610390734,0.000710711549156756,"WBGene00013554","WBGene00013554",NA
"WBGene00013556",32.9433453506573,-4.52603365265286,0.754188830318599,-6.00119422445025,1.95871522536249e-09,5.37349649061537e-08,"WBGene00013556","WBGene00013556",NA
"WBGene00013562",23.8391980598973,-1.54131737164824,0.482459942228801,-3.19470537704721,0.00139973653186945,0.00604110552660711,"WBGene00013562","WBGene00013562",NA
"WBGene00013590",35.4396618199203,-1.88409679343648,0.74023178032461,-2.54527952394891,0.0109190292939958,0.0338317116191375,"WBGene00013590","WBGene00013590",NA
"WBGene00013633",223.979700352533,-1.16392572195352,0.37794159136519,-3.07964444386558,0.00207247847331136,0.00844170271274984,"WBGene00013633","WBGene00013633",NA
"WBGene00013643",164.289038428586,-1.02774768503038,0.306646912832772,-3.3515670369421,0.000803555814424357,0.00377059200773714,"WBGene00013643","WBGene00013643",NA
"WBGene00013654",190.704657394503,1.99257089857799,0.397016263149103,5.01886467514724,5.1977747063452e-07,6.94965330942862e-06,"WBGene00013654","WBGene00013654",NA
"WBGene00013656",13.4229317077744,-7.16325572087297,1.44985421015163,-4.94067311783286,7.78533337925269e-07,9.82133892229997e-06,"WBGene00013656","WBGene00013656",NA
"WBGene00013657",30.2044835033677,-7.39680292972405,1.39438498419577,-5.30470638565449,1.12854495654695e-07,1.84884539557097e-06,"WBGene00013657","WBGene00013657",NA
"WBGene00013683",176.543891897304,1.51094672962475,0.276019680597001,5.47405433683835,4.39854096885784e-08,8.15413048870105e-07,"WBGene00013683","WBGene00013683",NA
"WBGene00013684",38.6206715787243,-4.44655361157791,1.03672606708968,-4.28903425189296,1.79451700126968e-05,0.00014442022240511,"WBGene00013684","WBGene00013684",NA
"WBGene00013696",173.924501261191,-5.77345300461293,1.30131809322941,-4.43661932824224,9.13826872643394e-06,8.12271610117664e-05,"WBGene00013696","WBGene00013696",NA
"WBGene00013700",109.866149053092,-5.57724574301662,1.71859652624425,-3.24523275698974,0.00117354658646004,0.00517540924414481,"WBGene00013700","WBGene00013700",NA
"WBGene00013702",112.673932722694,-1.62705009389969,0.351136234239744,-4.63367187787518,3.59236232966352e-06,3.70192031563667e-05,"WBGene00013702","WBGene00013702",NA
"WBGene00013704",227.775781022519,-1.29932348326502,0.276752536118419,-4.6948927785401,2.66746602022553e-06,2.83676278475324e-05,"WBGene00013704","WBGene00013704",NA
"WBGene00013710",35.1157437963846,-5.08470833706907,0.832315765540642,-6.10910972444001,1.00188433186375e-09,3.00838923431272e-08,"WBGene00013710","WBGene00013710",NA
"WBGene00013713",131.389001682357,-5.74715533698887,0.854308154285894,-6.7272626489125,1.72884513983856e-11,7.99688789116913e-10,"WBGene00013713","WBGene00013713",NA
"WBGene00013723",113.602548336528,-5.51452193938594,0.811819562928161,-6.79279262438016,1.09983423914871e-11,5.34691523134438e-10,"WBGene00013723","WBGene00013723",NA
"WBGene00013761",9.63964899165931,1.5441413122379,0.626557678622778,2.46448390135772,0.0137210727190209,0.0409426497647109,"WBGene00013761","WBGene00013761",NA
"WBGene00013762",49.2043210851819,-1.64073724066016,0.529324116168804,-3.09968352195184,0.00193727519408874,0.00797737664912426,"WBGene00013762","WBGene00013762",NA
"WBGene00013763",60.1318028807343,-1.06562468190051,0.341507135911831,-3.12035846353626,0.00180631079768219,0.00753138863222624,"WBGene00013763","WBGene00013763",NA
"WBGene00013771",123.551654340051,-5.07530825801725,1.46434123438846,-3.46593276131897,0.000528395405019269,0.00263699564383394,"WBGene00013771","WBGene00013771",NA
"WBGene00013781",11.2747518201909,-2.23723955527789,0.854629769740164,-2.61778799954287,0.00885017701780252,0.028355879873448,"WBGene00013781","WBGene00013781",NA
"WBGene00013800",20.8245145973771,-5.78284403491863,1.38273707603715,-4.18217182075709,2.88737624230784e-05,0.000217779781695546,"WBGene00013800","WBGene00013800",NA
"WBGene00013801",19.4711999024094,-4.95735663074465,1.20000447818703,-4.13111510903213,3.61007742321902e-05,0.000262455933927108,"WBGene00013801","WBGene00013801",NA
"WBGene00013806",25.7453922127982,-1.2758513959226,0.45661987895712,-2.7941214448143,0.00520409308073972,0.0182175122221437,"WBGene00013806","WBGene00013806",NA
"WBGene00013809",43.8262589206482,-1.76686610898484,0.609609215079556,-2.89835859642355,0.00375121419015543,0.0138722133039823,"WBGene00013809","WBGene00013809",NA
"WBGene00013811",15.4786799949558,-7.06043440073041,1.44134444551986,-4.89850599048437,9.65680951988302e-07,1.18476204693294e-05,"WBGene00013811","WBGene00013811",NA
"WBGene00013826",10.2866515352457,-2.17013471388091,0.672926412521857,-3.22492128931026,0.00126007307523003,0.00551783837753152,"WBGene00013826","WBGene00013826",NA
"WBGene00013836",17.6468428055202,-1.32992855170453,0.530400209886036,-2.50740577947788,0.0121621001459314,0.0370803962000422,"WBGene00013836","WBGene00013836",NA
"WBGene00013847",176.904809984409,1.16768792508292,0.29623447517456,3.94176918265452,8.08827938896909e-05,0.000531520815202461,"WBGene00013847","WBGene00013847",NA
"WBGene00013853",38.4097654469565,-3.24408984302959,0.719227882465929,-4.51051735078314,6.4669711251796e-06,6.10517954373792e-05,"WBGene00013853","WBGene00013853",NA
"WBGene00013854",139.446040210166,-6.11852011671065,0.686795162924225,-8.90879908160581,5.15883043995009e-19,8.37899584979621e-17,"WBGene00013854","WBGene00013854",NA
"WBGene00013858",131.706695038182,-6.28197188257172,0.873344567301287,-7.19300504952309,6.33805975555071e-13,3.95589030943608e-11,"WBGene00013858","WBGene00013858",NA
"WBGene00013859",302.591697186981,-1.29200871494484,0.291249918849204,-4.4360826607261,9.16106820873405e-06,8.13792093893324e-05,"WBGene00013859","WBGene00013859",NA
"WBGene00013868",10.412949623269,-3.14778613814571,0.923845547654505,-3.40726450015096,0.000656175058858267,0.00317798996966409,"WBGene00013868","WBGene00013868",NA
"WBGene00013869",218.653058049787,-1.15318801772239,0.275553252530517,-4.18499149304969,2.85176780869601e-05,0.000215777222285294,"WBGene00013869","WBGene00013869",NA
"WBGene00013879",24.7573936475459,-4.65907199967516,1.16354618732601,-4.00420030629152,6.22276228188869e-05,0.000420728199125048,"WBGene00013879","WBGene00013879",NA
"WBGene00013895",265.551892464054,-2.67771487976122,0.652900761043408,-4.10125862846588,4.10908981171532e-05,0.000292923793909462,"WBGene00013895","WBGene00013895",NA
"WBGene00013896",41.8748184078291,-1.15505242849256,0.440790040706789,-2.62041407886729,0.00878230577201428,0.0281699947036356,"WBGene00013896","WBGene00013896",NA
"WBGene00013947",180.582538950309,1.41480218906607,0.488514936979199,2.89612882221104,0.00377797277184874,0.0139531175266238,"WBGene00013947","WBGene00013947",NA
"WBGene00013956",170.63900598149,-5.34025875798745,1.35611968058672,-3.93789636300905,8.21990806278952e-05,0.00053868475901628,"WBGene00013956","WBGene00013956",NA
"WBGene00013978",15.7694463988398,-3.28169310714774,0.979133568429133,-3.35162965805851,0.000803374095571086,0.00377059200773714,"WBGene00013978","WBGene00013978",NA
"WBGene00013979",16.3899389298172,-4.97385623732779,1.12953360197736,-4.40346017915764,1.06537846560195e-05,9.25681119078948e-05,"WBGene00013979","WBGene00013979",NA
"WBGene00013982",24.7768747107748,2.97833333741073,0.639771756522856,4.65530606352162,3.23499786553243e-06,3.35299669993147e-05,"WBGene00013982","WBGene00013982",NA
"WBGene00013986",141.641687499909,-2.89928017696803,0.360953540259719,-8.03228076079235,9.56771096890719e-16,9.49661756101323e-14,"WBGene00013986","WBGene00013986",NA
"WBGene00013987",73.1686519567244,-5.07676093512195,0.777115976864113,-6.5328227526709,6.45415111551152e-11,2.62071539471608e-09,"WBGene00013987","WBGene00013987",NA
"WBGene00013988",21.2139928044991,-5.16046041229839,0.937801105628322,-5.50272374528809,3.73968165453327e-08,7.13256915303608e-07,"WBGene00013988","WBGene00013988",NA
"WBGene00013999",118.437734584855,-5.11749171550284,1.11202810799973,-4.60194457198384,4.1856460638721e-06,4.21009424285178e-05,"WBGene00013999","WBGene00013999",NA
"WBGene00014002",20.4469509996875,-1.36590727410324,0.509165504041543,-2.68263906973517,0.007304377498883,0.0241670063869293,"WBGene00014002","WBGene00014002",NA
"WBGene00014007",33.0443281223562,-4.30051205443838,1.09918855647423,-3.91244252781593,9.13672868069233e-05,0.000589044939256362,"WBGene00014007","WBGene00014007",NA
"WBGene00014029",91.7609103215183,-1.97382802237175,0.38523248014909,-5.1237320944689,2.99546518305373e-07,4.34090847451783e-06,"WBGene00014029","WBGene00014029",NA
"WBGene00014046",28.8726342681369,-4.6671254467769,0.878745619379552,-5.31112229051244,1.08952186207479e-07,1.7982143157777e-06,"WBGene00014046","WBGene00014046",NA
"WBGene00014047",22.1699702584832,-5.59929564260782,1.40209649805341,-3.99351660201816,6.51005182068921e-05,0.000437873744344051,"WBGene00014047","WBGene00014047",NA
"WBGene00014052",32.9368068655329,-1.15716866708702,0.464279883581538,-2.49239458354392,0.0126884989311719,0.0384067588359254,"WBGene00014052","WBGene00014052",NA
"WBGene00014053",178.111987291043,-1.93446272720974,0.325605353753993,-5.94112690380177,2.83069366983046e-09,7.39654563489704e-08,"WBGene00014053","WBGene00014053",NA
"WBGene00014057",69.2616644547533,-2.43739989931391,0.621501093079307,-3.9217950321495,8.78917442971337e-05,0.000568432896488205,"WBGene00014057","WBGene00014057",NA
"WBGene00014082",56.73861552355,-5.08714426017323,0.746626372516941,-6.8135073276665,9.52475046612489e-12,4.71063177897312e-10,"WBGene00014082","WBGene00014082",NA
"WBGene00014085",22.1087710800127,-3.7897563831356,0.916959826958103,-4.13295792434837,3.58124305650131e-05,0.000260624781092532,"WBGene00014085","WBGene00014085",NA
"WBGene00014088",1048.31622470443,-1.27331313138578,0.206127921126226,-6.17729575124394,6.52088523130886e-10,2.0757909267505e-08,"WBGene00014088","WBGene00014088",NA
"WBGene00014104",11.1341601846729,-6.09953755543426,1.43866701396845,-4.23971460818384,2.23804139842312e-05,0.000174323300859191,"WBGene00014104","WBGene00014104",NA
"WBGene00014116",92.7870584998704,-5.01748657472971,1.69397142978653,-2.96196646915232,0.0030568107111196,0.0117165447825241,"WBGene00014116","WBGene00014116",NA
"WBGene00014121",46.5143447893682,-5.15140426549737,0.967997295267663,-5.32171349102059,1.0279438016075e-07,1.71040753857695e-06,"WBGene00014121","WBGene00014121",NA
"WBGene00014125",58.9626040618599,-1.62196415549772,0.622751654077789,-2.60451199908835,0.00920051992910659,0.0293075621454692,"WBGene00014125","WBGene00014125",NA
"WBGene00014127",18.8416364443671,-6.52007045272007,1.51451067954581,-4.30506733348053,1.66934953222355e-05,0.000135529773887747,"WBGene00014127","WBGene00014127",NA
"WBGene00014129",27.0031424779271,-4.3514875984962,0.872985232368264,-4.9846061962484,6.20881376628579e-07,8.08220174512958e-06,"WBGene00014129","WBGene00014129",NA
"WBGene00014138",148.60713078758,1.31300050553016,0.31208022266227,4.20725316820567,2.5849349935646e-05,0.00019810442821994,"WBGene00014138","WBGene00014138",NA
"WBGene00014149",10.6700536324159,3.7432508830942,0.895041245454674,4.1822104870627,2.88688509639707e-05,0.000217779781695546,"WBGene00014149","WBGene00014149",NA
"WBGene00014150",88.3006736367596,-1.09748057808181,0.436068939754332,-2.51675934245647,0.0118439697888972,0.0362651799898689,"WBGene00014150","WBGene00014150",NA
"WBGene00014152",175.259055515864,-1.3304854030607,0.305748832175125,-4.351563319459,1.3517027229082e-05,0.000113914428175276,"WBGene00014152","WBGene00014152",NA
"WBGene00014153",56.3651940517522,1.47715970007674,0.335631027506683,4.40114166753348,1.07682786137573e-05,9.32228989863316e-05,"WBGene00014153","WBGene00014153",NA
"WBGene00014154",24.6350448967867,-4.8865644599497,1.12488024698279,-4.34407526761777,1.39863559359261e-05,0.000117385194005985,"WBGene00014154","WBGene00014154",NA
"WBGene00014158",229.749172655334,-5.03781273298981,0.679511386553134,-7.41387537086678,1.22661196045451e-13,8.82637468319596e-12,"WBGene00014158","WBGene00014158",NA
"WBGene00014159",50.5451197458242,2.27144373484267,0.406338551235787,5.5900276455054,2.27033463709387e-08,4.60935979658844e-07,"WBGene00014159","WBGene00014159",NA
"WBGene00014164",501.014097761065,-1.09212463530688,0.270608990846894,-4.03580321514441,5.44158120059419e-05,0.000374105435786882,"WBGene00014164","WBGene00014164",NA
"WBGene00014168",19.9570626483857,-5.25634611270244,1.21382696021664,-4.33039163322283,1.48844382329935e-05,0.000123115321564917,"WBGene00014168","WBGene00014168",NA
"WBGene00014169",112.489107018582,-5.64522083009271,0.835232850557486,-6.75885871386014,1.39082937254157e-11,6.58249146415121e-10,"WBGene00014169","WBGene00014169",NA
"WBGene00014174",14.0218147547189,-4.01091288468034,1.12986129841834,-3.54991616253704,0.000385353851314001,0.0020204925153452,"WBGene00014174","WBGene00014174",NA
"WBGene00014179",89.6801163358525,-5.23447899829081,0.942313233227141,-5.5549246404662,2.77731554630074e-08,5.52102518821647e-07,"WBGene00014179","WBGene00014179",NA
"WBGene00014181",27.5307195757479,-1.13162739999495,0.377359022923953,-2.99880837942227,0.00271037712593792,0.0106193586241861,"WBGene00014181","WBGene00014181",NA
"WBGene00014197",61.6358079834544,-4.75505141311916,1.0665708540974,-4.4582611599144,8.26271948503535e-06,7.4746233923804e-05,"WBGene00014197","WBGene00014197",NA
"WBGene00014199",361.663693449065,3.17496622323263,0.63085956172414,5.03276230696328,4.83462420778653e-07,6.51284484466474e-06,"WBGene00014199","WBGene00014199",NA
"WBGene00014214",43.3788121848187,-1.27006145071622,0.458035242011082,-2.77284657211048,0.00555683132211648,0.019282299122848,"WBGene00014214","WBGene00014214",NA
"WBGene00014223",22.1026014022635,-3.47385356057108,0.663211898299386,-5.2379240623981,1.6239284967107e-07,2.55907497282095e-06,"WBGene00014223","WBGene00014223",NA
"WBGene00014229",23.9513477919899,-3.07689438623093,0.74538675812425,-4.12791661871465,3.6606479657219e-05,0.000265188248221303,"WBGene00014229","WBGene00014229",NA
"WBGene00014233",104.81645437465,-1.1062272858425,0.22101128120983,-5.00529782817844,5.5775725549662e-07,7.36395423493248e-06,"WBGene00014233","WBGene00014233",NA
"WBGene00014238",38.8108150975139,-5.81444053793486,1.73339959877672,-3.35435668846248,0.000795497476631676,0.00374014652417649,"WBGene00014238","WBGene00014238",NA
"WBGene00014239",13.9221668224579,-5.89426747951775,1.43585135792273,-4.10506801208523,4.04195944724186e-05,0.00028871427475976,"WBGene00014239","WBGene00014239",NA
"WBGene00014240",76.2773871460819,-6.2087458493047,0.789490007935806,-7.86424880225912,3.7131889061413e-15,3.35902588832137e-13,"WBGene00014240","WBGene00014240",NA
"WBGene00014246",20.7556029299029,-6.02860814845921,1.19670566925478,-5.03766991612347,4.71233179745986e-07,6.37815893760358e-06,"WBGene00014246","WBGene00014246",NA
"WBGene00014247",82.3121144480608,-4.86315900816176,1.46838483598654,-3.31191039908446,0.000926612184254354,0.00423945837053376,"WBGene00014247","WBGene00014247",NA
"WBGene00014454",193.948687122459,-1.13241416488512,0.274694011937927,-4.122456681513,3.74853118209948e-05,0.000270704373003771,"WBGene00014454","WBGene00014454",NA
"WBGene00014472",223.498538717115,-1.49764178145583,0.312089081534023,-4.79876378274566,1.5964794697625e-06,1.82694003693478e-05,"WBGene00014472","WBGene00014472",NA
"WBGene00014665",62.2636286907853,-6.39285826072606,1.04949094930526,-6.09138960651158,1.11934761875924e-09,3.29872897214964e-08,"WBGene00014665","WBGene00014665",NA
"WBGene00014698",69.8347517512627,3.78848053398323,0.603709628060582,6.27533562145385,3.48880895776489e-10,1.18164801974724e-08,"WBGene00014698","WBGene00014698",NA
"WBGene00014813",27.0051467626899,-5.01655002310817,0.990200474217817,-5.0661963448067,4.0584331374395e-07,5.62630308762587e-06,"WBGene00014813","WBGene00014813",NA
"WBGene00014821",41.8377196403555,-2.16227129767853,0.404274823407616,-5.34851831596346,8.86772031934748e-08,1.50173372659281e-06,"WBGene00014821","WBGene00014821",NA
"WBGene00014999",154.178706219569,1.18216581317362,0.27492666012127,4.29993152592827,1.70850890426311e-05,0.000138198742323897,"WBGene00014999","WBGene00014999",NA
"WBGene00015024",127.634748141959,-5.40719473488174,1.29188706178124,-4.18550111294277,2.84537674419009e-05,0.000215407679050365,"WBGene00015024","WBGene00015024",NA
"WBGene00015032",13.8649083429284,-6.36456962601685,1.45890616633425,-4.3625627013483,1.28547727422453e-05,0.000109234998100423,"WBGene00015032","WBGene00015032",NA
"WBGene00015034",16.1828087800709,-5.57778979716892,1.24192195047631,-4.4912563104547,7.08042811608562e-06,6.59287029727764e-05,"WBGene00015034","WBGene00015034",NA
"WBGene00015038",33.0347706875767,-1.51012726140905,0.39626295369612,-3.81092213471742,0.000138449374845709,0.000838498692656658,"WBGene00015038","WBGene00015038",NA
"WBGene00015044",149.183748155203,-1.27442422699979,0.38570761853672,-3.30411992336227,0.000952750671699827,0.00433683609891899,"WBGene00015044","WBGene00015044",NA
"WBGene00015048",920.943139516841,1.31597798825413,0.30176028632578,4.36100457179908,1.29466661117294e-05,0.00010995050429884,"WBGene00015048","WBGene00015048",NA
"WBGene00015049",13.2169572261794,-4.19503574774302,1.17491145329457,-3.57051225943855,0.000356283777792283,0.00188885906379269,"WBGene00015049","WBGene00015049",NA
"WBGene00015051",92.2620850048499,-5.07513953769977,1.17211380968403,-4.32990337266642,1.49174784195316e-05,0.000123317246414323,"WBGene00015051","WBGene00015051",NA
"WBGene00015052",136.929700146378,-1.8586445313985,0.318478319669977,-5.83601588115801,5.34638022179567e-09,1.31524634268719e-07,"WBGene00015052","WBGene00015052",NA
"WBGene00015055",43.6671233699919,1.80759411901956,0.40618058764235,4.45022281717506,8.57812432403914e-06,7.70145294996806e-05,"WBGene00015055","WBGene00015055",NA
"WBGene00015056",176.849243339653,-1.0595465342727,0.356247952594667,-2.97418280317315,0.00293770006332673,0.0113329411619781,"WBGene00015056","WBGene00015056",NA
"WBGene00015063",67.9704645822544,1.39777679380339,0.346485771481379,4.0341535175522,5.47994838917738e-05,0.000376562030415925,"WBGene00015063","WBGene00015063",NA
"WBGene00015067",74.0084406268474,-1.2988448506917,0.253443986942846,-5.12478069161927,2.97884268822367e-07,4.32249731398791e-06,"WBGene00015067","WBGene00015067",NA
"WBGene00015084",22.7696314749707,-4.87573091892831,1.22601363313012,-3.97689779882802,6.98201544785926e-05,0.000466109046222571,"WBGene00015084","WBGene00015084",NA
"WBGene00015087",30.4757978127088,-1.15587770722003,0.434381560613949,-2.66097323649357,0.0077915150052251,0.0254371388275328,"WBGene00015087","WBGene00015087",NA
"WBGene00015089",50.7718572731414,-5.59676021553528,1.11182947589578,-5.03382968060463,4.8077686642375e-07,6.49805281572109e-06,"WBGene00015089","WBGene00015089",NA
"WBGene00015094",110.134651201721,-5.3922084041005,0.875284785507052,-6.16051883156726,7.25069917981916e-10,2.25782665309707e-08,"WBGene00015094","WBGene00015094",NA
"WBGene00015097",46.6079720218928,-6.0088865786336,1.04408973505991,-5.75514381269997,8.65680662483831e-09,2.00101479949317e-07,"WBGene00015097","WBGene00015097",NA
"WBGene00015106",28.2872931866403,-7.43474891490615,1.36713603472707,-5.43819248857003,5.38238080612817e-08,9.73802137493543e-07,"WBGene00015106","WBGene00015106",NA
"WBGene00015107",73.2551490843909,-1.70574524561981,0.448778684698919,-3.80086065532318,0.000144194377427408,0.00086960769475525,"WBGene00015107","WBGene00015107",NA
"WBGene00015110",82.9533221778796,-1.78433617192053,0.386530031114779,-4.61629376318932,3.90653865062377e-06,3.95720460193945e-05,"WBGene00015110","WBGene00015110",NA
"WBGene00015112",196.825977476911,1.77374798879731,0.64633547631121,2.74431476192597,0.00606373655507143,0.0207193369786364,"WBGene00015112","WBGene00015112",NA
"WBGene00015122",106.289888371194,-1.32522329782487,0.442604174373792,-2.9941500206134,0.00275210588437031,0.010747499837515,"WBGene00015122","WBGene00015122",NA
"WBGene00015137",107.115749662341,-1.22269041964077,0.344250526949408,-3.55174596383539,0.00038268413476068,0.00201018167516883,"WBGene00015137","WBGene00015137",NA
"WBGene00015165",14.3715032078703,-5.37961216296604,1.27215325720375,-4.228745343773,2.34998155985988e-05,0.000182149058758554,"WBGene00015165","WBGene00015165",NA
"WBGene00015167",34.1163618444642,-1.24118409264795,0.410905335802993,-3.02060836037192,0.00252267423495844,0.00997691832879386,"WBGene00015167","WBGene00015167",NA
"WBGene00015169",46.7727787675467,-2.64814144561989,0.880337730435333,-3.00809718141964,0.00262889057011385,0.0103397724046883,"WBGene00015169","WBGene00015169",NA
"WBGene00015171",210.759349471262,1.39887459406712,0.506663632879383,2.76095323068142,0.00576329289781154,0.0198932304017849,"WBGene00015171","WBGene00015171",NA
"WBGene00015193",16.1040730937282,-7.44378795056224,1.56544228344812,-4.75507019918113,1.98377473400489e-06,2.20706386008027e-05,"WBGene00015193","WBGene00015193",NA
"WBGene00015216",69.0725955418573,-1.12544704470805,0.370539938102538,-3.03731643738929,0.0023869473514938,0.0095085391568843,"WBGene00015216","WBGene00015216",NA
"WBGene00015227",18.1434317251653,-2.2538547100143,0.586485699213608,-3.84298323562942,0.000121547774344354,0.000750770241445055,"WBGene00015227","WBGene00015227",NA
"WBGene00015230",18.7112955287672,-3.73607084493135,1.17985113515935,-3.16656121573062,0.00154252875808981,0.00656171533910049,"WBGene00015230","WBGene00015230",NA
"WBGene00015236",83.6520552610183,-2.69466672246796,0.53420090791712,-5.04429453887418,4.5519765815514e-07,6.18454384791959e-06,"WBGene00015236","WBGene00015236",NA
"WBGene00015246",13.6856198029274,-4.53876792964208,1.33876999499533,-3.39025220658452,0.00069828350008266,0.00334469372207824,"WBGene00015246","WBGene00015246",NA
"WBGene00015268",26.4765837448147,1.34362449408126,0.496751659808704,2.70482134795217,0.00683411330196767,0.0228865935859944,"WBGene00015268","WBGene00015268",NA
"WBGene00015287",10.0315101081709,-2.9673700580313,1.00975654998938,-2.93869849921996,0.00329593526563772,0.0124659440994337,"WBGene00015287","WBGene00015287",NA
"WBGene00015293",85.4529587719539,-1.43663475103642,0.354324135344765,-4.05457773752427,5.02249463351447e-05,0.000349156205237462,"WBGene00015293","WBGene00015293",NA
"WBGene00015294",69.5116628422121,-2.06965105640257,0.447875286094104,-4.62104322489389,3.81815205963174e-06,3.88695494218778e-05,"WBGene00015294","WBGene00015294",NA
"WBGene00015298",147.309840626885,1.04388406875126,0.36711959911303,2.84344412903401,0.00446288332105785,0.0160070241675985,"WBGene00015298","WBGene00015298",NA
"WBGene00015305",11.9328818839956,-6.29362388981419,1.59969742441009,-3.93425893783321,8.34537779212065e-05,0.000544659747866578,"WBGene00015305","WBGene00015305",NA
"WBGene00015306",22.5499699916237,-4.47776792221038,1.06083778225432,-4.22097326953698,2.43249783287329e-05,0.000187426908491957,"WBGene00015306","WBGene00015306",NA
"WBGene00015331",47.6498743017022,-6.24625166729855,1.15541341282649,-5.40607508789287,6.4420798245864e-08,1.12897976056157e-06,"WBGene00015331","WBGene00015331",NA
"WBGene00015345",12.2158180008751,-6.1647402564351,1.4205031562305,-4.33982862297474,1.42593877839195e-05,0.000119326363931827,"WBGene00015345","WBGene00015345",NA
"WBGene00015348",79.7038202937786,-5.03922499876546,0.875569026900571,-5.75537147151473,8.64514769853547e-09,2.00101479949317e-07,"WBGene00015348","WBGene00015348",NA
"WBGene00015351",25.138243937677,-2.51569698741289,0.528095932657423,-4.76371210577914,1.90063624678894e-06,2.12731353761585e-05,"WBGene00015351","WBGene00015351",NA
"WBGene00015355",132.46068575789,1.51807948032903,0.267806573450359,5.66856690920779,1.43996837538644e-08,3.12788267316084e-07,"WBGene00015355","WBGene00015355",NA
"WBGene00015371",38.7472286564844,-1.55209261662629,0.399922374897967,-3.88098469614831,0.000104034388050373,0.000657657456171595,"WBGene00015371","WBGene00015371",NA
"WBGene00015386",18.6831880851469,-3.02145312775394,0.902209934318011,-3.34894686128443,0.000811193521208072,0.00380019305100851,"WBGene00015386","WBGene00015386",NA
"WBGene00015389",250.950741251411,-1.07798394688297,0.393130507250244,-2.74205111789197,0.00610568389069433,0.0208477161609398,"WBGene00015389","WBGene00015389",NA
"WBGene00015390",30.8645862149447,-1.43908026345116,0.517427440413188,-2.7812213869098,0.00541547926415724,0.0188283739047919,"WBGene00015390","WBGene00015390",NA
"WBGene00015393",36.064392888739,-1.90957649108405,0.519362262950155,-3.67677173970438,0.000236204219442543,0.00133125666738654,"WBGene00015393","WBGene00015393",NA
"WBGene00015403",182.71529926552,-1.15623067405636,0.355986173265742,-3.24796512024425,0.00116233518267118,0.00512754838454297,"WBGene00015403","WBGene00015403",NA
"WBGene00015422",14.7282767858368,-4.79436331316299,1.18220190675706,-4.05545219116976,5.00374066412052e-05,0.000348021729013502,"WBGene00015422","WBGene00015422",NA
"WBGene00015434",90.0445172331073,-1.57793886725502,0.349185521353534,-4.51891264316608,6.21580326235349e-06,5.93073938777159e-05,"WBGene00015434","WBGene00015434",NA
"WBGene00015449",72.8346392106761,2.33054530397289,0.607299367996015,3.8375559514631,0.000124264926631545,0.000765238516305331,"WBGene00015449","WBGene00015449",NA
"WBGene00015467",30.0749460739151,-7.18043101240515,1.51239572294772,-4.74771972933791,2.05722841072558e-06,2.27365195061691e-05,"WBGene00015467","WBGene00015467",NA
"WBGene00015471",37.5256021428791,-1.40387854148842,0.406353028714694,-3.45482485002984,0.000550650415833731,0.00273184532922996,"WBGene00015471","WBGene00015471",NA
"WBGene00015474",131.099455755075,1.72870676319352,0.308813389066865,5.59790094729093,2.16962647280998e-08,4.43640503231375e-07,"WBGene00015474","WBGene00015474",NA
"WBGene00015476",283.571989048079,-1.86207100948393,0.473914865212617,-3.92912555855054,8.52553181933823e-05,0.000554644634928545,"WBGene00015476","WBGene00015476",NA
"WBGene00015497",112.318475875291,-1.36703414126739,0.38488978544137,-3.55175479572615,0.000382671290877681,0.00201018167516883,"WBGene00015497","WBGene00015497",NA
"WBGene00015511",12.1050381092253,-3.27279675209231,1.1552442076264,-2.83299126754912,0.0046114645734076,0.0164737973375943,"WBGene00015511","WBGene00015511",NA
"WBGene00015516",72.3165136858796,-6.23111697670069,1.01198615793813,-6.15731443342693,7.39888582870754e-10,2.29397559977694e-08,"WBGene00015516","WBGene00015516",NA
"WBGene00015517",37.980474050432,-1.19692376847212,0.394006586428496,-3.03782680213985,0.00238290868835368,0.00949774508718324,"WBGene00015517","WBGene00015517",NA
"WBGene00015518",139.351374974051,2.09470346048046,0.471744000164818,4.44033937845232,8.98171211663358e-06,8.00845984298464e-05,"WBGene00015518","WBGene00015518",NA
"WBGene00015529",85.3140138409824,1.30953296758951,0.401888319614844,3.25844993167386,0.00112022641833959,0.004970939521058,"WBGene00015529","WBGene00015529",NA
"WBGene00015537",23.0014124097081,-2.2739921499261,0.641696754063145,-3.5437177070438,0.000394527429599852,0.00205877347618499,"WBGene00015537","WBGene00015537",NA
"WBGene00015541",72.1679344339645,1.82613973774243,0.408452104256784,4.47087851601415,7.78989407922558e-06,7.10535775841552e-05,"WBGene00015541","WBGene00015541",NA
"WBGene00015547",1150.04002080082,1.06544183762622,0.197055236038431,5.406818205117,6.41542004906204e-08,1.12648155726344e-06,"WBGene00015547","WBGene00015547",NA
"WBGene00015551",989.099175880777,-1.40945607434965,0.277982352913683,-5.07030773563997,3.97172968637446e-07,5.52754940675269e-06,"WBGene00015551","WBGene00015551",NA
"WBGene00015558",18.2014875006423,-5.17135862848875,1.06388571837843,-4.86082155174611,1.16899595114634e-06,1.39121225060238e-05,"WBGene00015558","WBGene00015558",NA
"WBGene00015569",318.743394806408,1.7525413985648,0.310096927803377,5.65159226497089,1.58968318637605e-08,3.3806434387304e-07,"WBGene00015569","WBGene00015569",NA
"WBGene00015572",32.7533504530102,-6.04336204214088,1.21996356643114,-4.95372338029737,7.2806688744705e-07,9.29960681168962e-06,"WBGene00015572","WBGene00015572",NA
"WBGene00015580",241.806046638357,-1.25239512891,0.334117171939048,-3.74837103295748,0.000177986819130086,0.00104260885484685,"WBGene00015580","WBGene00015580",NA
"WBGene00015597",30.3056385493883,-3.26546779288605,0.863909455208623,-3.7798727322616,0.000156908540643875,0.000932900903254121,"WBGene00015597","WBGene00015597",NA
"WBGene00015608",118.937460146848,-1.06932550642776,0.278518657774851,-3.83933168058055,0.000123369673367978,0.000760708689149489,"WBGene00015608","WBGene00015608",NA
"WBGene00015609",68.1674138867257,-1.22816138523164,0.426962846847885,-2.87650645553523,0.00402103970429222,0.0146838836212184,"WBGene00015609","WBGene00015609",NA
"WBGene00015613",163.711731657111,4.24396885754164,1.16623768742757,3.63902564913914,0.000273671543679018,0.00151494476134942,"WBGene00015613","WBGene00015613",NA
"WBGene00015619",167.206613688017,-1.03790224457155,0.280552398494466,-3.6994951750235,0.000216028747107922,0.00123458571867794,"WBGene00015619","WBGene00015619",NA
"WBGene00015623",240.821129532298,2.46502748555106,0.304399628790635,8.0979976728109,5.58711377362755e-16,5.78671138887381e-14,"WBGene00015623","WBGene00015623",NA
"WBGene00015627",72.2770285270125,-5.50515720565491,1.45735459268414,-3.77750015904886,0.000158410403923099,0.000941047341343664,"WBGene00015627","WBGene00015627",NA
"WBGene00015629",54.3368161258893,-4.82077257851842,1.65718997354404,-2.90900419111805,0.00362581999185184,0.0134747387268691,"WBGene00015629","WBGene00015629",NA
"WBGene00015634",60.3627500750439,-4.23141516892659,0.817946700553287,-5.17321625732376,2.30098436340155e-07,3.45099365226635e-06,"WBGene00015634","WBGene00015634",NA
"WBGene00015646",110.305059423122,1.39533458016706,0.354865436968011,3.93201037578885,8.42384289422845e-05,0.000549279135434339,"WBGene00015646","WBGene00015646",NA
"WBGene00015660",2463.59893455114,4.23648736729123,0.769368039323684,5.50645094513587,3.66139926468853e-08,7.00567331863363e-07,"WBGene00015660","WBGene00015660",NA
"WBGene00015661",13.3542411892637,-6.01552606210252,1.4997019396751,-4.01114775073622,6.04242791360429e-05,0.000410672478217528,"WBGene00015661","WBGene00015661",NA
"WBGene00015688",377.976771701765,-5.20252769491608,1.13141178713685,-4.59826188313063,4.26030266128272e-06,4.27615912483946e-05,"WBGene00015688","WBGene00015688",NA
"WBGene00015689",120.236222601756,-5.09430039281569,0.839658824725427,-6.0671075474989,1.30234353088097e-09,3.77573957137561e-08,"WBGene00015689","WBGene00015689",NA
"WBGene00015693",444.124140845114,1.3654798068822,0.274726360639016,4.97032685071093,6.68401288174639e-07,8.63004481651321e-06,"WBGene00015693","WBGene00015693",NA
"WBGene00015695",1015.13934186966,2.02882391563622,0.356261667311686,5.69475781928916,1.23547162741047e-08,2.71253394325312e-07,"WBGene00015695","WBGene00015695",NA
"WBGene00015696",19.8656227197324,-5.25201441594324,1.13462316517912,-4.62886231933588,3.67680110715104e-06,3.7726143736188e-05,"WBGene00015696","WBGene00015696",NA
"WBGene00015735",68.4702709525592,-1.13369138506097,0.340578228259806,-3.3287253587923,0.000872443900830993,0.00403685356897941,"WBGene00015735","WBGene00015735",NA
"WBGene00015739",25.2168313163084,1.3664528602965,0.426679300254993,3.20252906452194,0.00136226552834903,0.00590088796870872,"WBGene00015739","WBGene00015739",NA
"WBGene00015741",13.6945942147652,-1.49577849547811,0.554187973355927,-2.69904539144058,0.00695386909242,0.0231790230732181,"WBGene00015741","WBGene00015741",NA
"WBGene00015751",13.1099157793246,-1.8633203722888,0.574227948570868,-3.24491410932925,0.00117486054435241,0.00517960572499351,"WBGene00015751","WBGene00015751",NA
"WBGene00015753",53.1843096887309,-1.33968966431091,0.389366024095911,-3.44069482544503,0.000580222549303421,0.00286463588849527,"WBGene00015753","WBGene00015753",NA
"WBGene00015765",81.5818682421243,-3.65777482509052,0.698595583406775,-5.23589743761762,1.64185111413223e-07,2.5844689399e-06,"WBGene00015765","WBGene00015765",NA
"WBGene00015780",525.258709461809,-1.68302977278324,0.46879551142343,-3.59011494728897,0.000330532169393711,0.00176939936222633,"WBGene00015780","WBGene00015780",NA
"WBGene00015781",30.637269487001,5.84038309959012,0.927607215857793,6.29618118503886,3.05067770643269e-10,1.04815712639525e-08,"WBGene00015781","WBGene00015781",NA
"WBGene00015794",73.6967880389188,-2.12841340751925,0.454411714502601,-4.68388762787291,2.81484366355318e-06,2.98018966541968e-05,"WBGene00015794","WBGene00015794",NA
"WBGene00015796",54.3704128369565,-1.60637410384257,0.408014057970126,-3.93705577654432,8.24874393517043e-05,0.000540079235297256,"WBGene00015796","WBGene00015796",NA
"WBGene00015820",39.4502144518022,-4.7967481139544,0.999651987120723,-4.79841802522734,1.59923735569416e-06,1.82863196199493e-05,"WBGene00015820","WBGene00015820",NA
"WBGene00015824",35.1269844380191,1.12211165352354,0.37245871233579,3.01271420525102,0.0025892263242697,0.0102118686127999,"WBGene00015824","WBGene00015824",NA
"WBGene00015828",9.98099027289079,-2.96482962973601,1.19035605392524,-2.49070823805985,0.0127488762838588,0.0385242470877788,"WBGene00015828","WBGene00015828",NA
"WBGene00015855",24.2936529949961,-5.36404227022224,1.06131306943077,-5.0541564263401,4.32297196864528e-07,5.94117676421605e-06,"WBGene00015855","WBGene00015855",NA
"WBGene00015865",72.1433445754247,-2.44535424538841,0.812889603038969,-3.00822428561825,0.00262779124070564,0.0103382934774032,"WBGene00015865","WBGene00015865",NA
"WBGene00015887",661.994247640276,1.11393520204898,0.199699870508438,5.57804669183254,2.43234374289569e-08,4.90345403627758e-07,"WBGene00015887","WBGene00015887",NA
"WBGene00015889",28.9567531539712,-1.77337901924227,0.494252195555873,-3.5880043329859,0.000333218753735701,0.00178177914221638,"WBGene00015889","WBGene00015889",NA
"WBGene00015894",871.907877846786,2.39358370807892,0.243137214254122,9.84457980001861,7.2340882161357e-23,1.98840043986976e-20,"WBGene00015894","WBGene00015894",NA
"WBGene00015897",118.870695896912,1.03875684769212,0.212898603753328,4.87911535998452,1.06562724979046e-06,1.28749030272654e-05,"WBGene00015897","WBGene00015897",NA
"WBGene00015907",82.3497270116943,-5.4932389929404,0.719172242215105,-7.63828005377516,2.20142620067575e-14,1.76769576889092e-12,"WBGene00015907","WBGene00015907",NA
"WBGene00015908",18.4571870886064,-6.53277863746233,1.39799103848737,-4.6729760474937,2.9686639947489e-06,3.12440592688352e-05,"WBGene00015908","WBGene00015908",NA
"WBGene00015917",19.702403767154,-4.98623086434643,1.06212386394547,-4.69458509841222,2.67148383375522e-06,2.83892330378167e-05,"WBGene00015917","WBGene00015917",NA
"WBGene00015929",79.3465101562586,-5.90445755585811,0.943790316284653,-6.25611161078843,3.94694330091305e-10,1.30285590300116e-08,"WBGene00015929","WBGene00015929",NA
"WBGene00015931",52.3541360687382,-5.67704795171985,1.54060061952801,-3.68495759365534,0.000228740721841889,0.00129686280733285,"WBGene00015931","WBGene00015931",NA
"WBGene00015933",179.349441251275,7.83081762143805,0.72047043117149,10.869034012548,1.61905944534534e-27,6.25438287900566e-25,"WBGene00015933","WBGene00015933",NA
"WBGene00015935",10.4663734119831,-2.89293284271618,0.746632242344696,-3.87464226515495,0.000106781447068276,0.00067175493967732,"WBGene00015935","WBGene00015935",NA
"WBGene00015936",86.732210747958,-1.32426288759817,0.337564778314205,-3.92298892737426,8.74571721844952e-05,0.000565878389331367,"WBGene00015936","WBGene00015936",NA
"WBGene00015937",130.671772119333,-4.99376765617845,1.16336458902104,-4.29252162503988,1.76655339050834e-05,0.000142249845693159,"WBGene00015937","WBGene00015937",NA
"WBGene00015942",251.736159096772,-1.12756012017052,0.272014720422537,-4.14521728242873,3.39491635232494e-05,0.000248838663711694,"WBGene00015942","WBGene00015942",NA
"WBGene00015944",20.5176764063264,-5.97218788419593,1.37868715748141,-4.33179336718124,1.47899713292229e-05,0.000122546701570193,"WBGene00015944","WBGene00015944",NA
"WBGene00015947",239.209449521556,-1.60804817980204,0.310570312309094,-5.17772664053491,2.24606006112379e-07,3.37925646880445e-06,"WBGene00015947","WBGene00015947",NA
"WBGene00015954",171.098636143264,-1.11101187708354,0.396869147198079,-2.79944128921927,0.00511911247870626,0.0179861048815508,"WBGene00015954","WBGene00015954",NA
"WBGene00015965",65.2690712302958,1.27974330553656,0.477570052549299,2.67969756207537,0.00736887049610622,0.0243240799078167,"WBGene00015965","WBGene00015965",NA
"WBGene00015987",39.1636034138951,-6.78480382234087,1.27431359265271,-5.32428113571096,1.01353051267173e-07,1.6903607488468e-06,"WBGene00015987","WBGene00015987",NA
"WBGene00015988",19.6031232996361,-3.84935955410975,1.00268874753441,-3.83903735189532,0.000123517640803738,0.000761292643384141,"WBGene00015988","WBGene00015988",NA
"WBGene00015992",19.3776640895847,-6.73495543619668,1.45555750653603,-4.62706241832018,3.70888762027409e-06,3.79464071271135e-05,"WBGene00015992","WBGene00015992",NA
"WBGene00015993",27.6363526180645,-2.4450704277958,0.979179977380648,-2.49705925802984,0.0125228028106412,0.0379937211998503,"WBGene00015993","WBGene00015993",NA
"WBGene00015994",34.2966552335649,-5.8621753629111,1.07698797402622,-5.44312054014486,5.23551924668371e-08,9.53264669972614e-07,"WBGene00015994","WBGene00015994",NA
"WBGene00015997",17.1729709015314,-6.32453144675593,1.56980336145685,-4.02886858446173,5.60459356969642e-05,0.0003838354379093,"WBGene00015997","WBGene00015997",NA
"WBGene00016003",190.531827841045,-1.15741652150139,0.379409865876971,-3.05057044003357,0.00228407095954642,0.00918219726030055,"WBGene00016003","WBGene00016003",NA
"WBGene00016006",968.663157421281,-1.00317098378842,0.311551319666754,-3.21992211383167,0.00128225429293073,0.00560295341145183,"WBGene00016006","WBGene00016006",NA
"WBGene00016010",13.8382997848619,-2.533374709155,0.881780163517377,-2.87302302089615,0.00406564489435552,0.0148127102918745,"WBGene00016010","WBGene00016010",NA
"WBGene00016028",120.195631113509,-1.01019193328469,0.292147423080153,-3.45781565565115,0.000544573872822508,0.00270657953243155,"WBGene00016028","WBGene00016028",NA
"WBGene00016033",219.599966422012,-1.09312740112334,0.304254791592361,-3.5928025830006,0.000327140435152506,0.00175518702688993,"WBGene00016033","WBGene00016033",NA
"WBGene00016040",44.6377000182288,-5.67213825057904,0.948736809910278,-5.97862145890118,2.25033796818288e-09,6.0572656458075e-08,"WBGene00016040","WBGene00016040",NA
"WBGene00016053",35.0088697010792,-4.03788448607743,0.998081707126084,-4.04564521847041,5.21792072774473e-05,0.000360811518924313,"WBGene00016053","WBGene00016053",NA
"WBGene00016054",68.6335022856411,-5.12673776799031,1.30096359532736,-3.94072346559418,8.12362330648975e-05,0.000533352999171603,"WBGene00016054","WBGene00016054",NA
"WBGene00016058",368.452115872591,-5.3547098589246,1.12609870342949,-4.75509814780627,1.98350030997466e-06,2.20706386008027e-05,"WBGene00016058","WBGene00016058",NA
"WBGene00016061",367.809174531781,-1.58679226946437,0.364269129801402,-4.35609866345107,1.32401114601267e-05,0.000111910652335654,"WBGene00016061","WBGene00016061",NA
"WBGene00016071",30.9632209462157,2.99344306070636,0.773470610836286,3.87014453913099,0.000108770845571933,0.00068157023049524,"WBGene00016071","WBGene00016071",NA
"WBGene00016080",14.8897131390658,4.29831465825473,0.911242570141502,4.71698184336062,2.393690431126e-06,2.57822285848409e-05,"WBGene00016080","WBGene00016080",NA
"WBGene00016083",12.695004665948,-4.19697678753478,1.26573343404868,-3.31584571809088,0.000913662538649582,0.00419498190328252,"WBGene00016083","WBGene00016083",NA
"WBGene00016085",26.7300838726182,-4.57973522923049,1.05778281064587,-4.32956102437904,1.49406865382117e-05,0.000123392817727311,"WBGene00016085","WBGene00016085",NA
"WBGene00016088",665.496223994619,3.9430645251522,1.44457132482966,2.72957413550845,0.00634161884778873,0.0215452241957319,"WBGene00016088","WBGene00016088",NA
"WBGene00016099",89.5117880170717,-1.01497357586003,0.226764257251712,-4.4758975164829,7.60909799467946e-06,6.96266566184081e-05,"WBGene00016099","WBGene00016099",NA
"WBGene00016101",129.737458724478,-1.05500905309332,0.346436832492893,-3.04531433768656,0.00232437238419644,0.00930074313754752,"WBGene00016101","WBGene00016101",NA
"WBGene00016119",88.2785532289654,-2.26374397209046,0.3356621161678,-6.74411517729573,1.53962373342617e-11,7.25274188965165e-10,"WBGene00016119","WBGene00016119",NA
"WBGene00016125",18.5688904434332,-6.58033489614732,1.42039088694473,-4.63276338691646,3.60816844246732e-06,3.71018356461766e-05,"WBGene00016125","WBGene00016125",NA
"WBGene00016138",296.985641499304,1.18637429319187,0.374467535904033,3.168163270356,0.00153405342420252,0.00653742486598705,"WBGene00016138","WBGene00016138",NA
"WBGene00016147",94.0407362954251,-1.23239503377165,0.414091794242205,-2.9761397132415,0.0029190184525984,0.0112821878699267,"WBGene00016147","WBGene00016147",NA
"WBGene00016161",93.1870347949492,-4.74832595732148,0.68518032073667,-6.93003843457782,4.20726298371815e-12,2.25222508712672e-10,"WBGene00016161","WBGene00016161",NA
"WBGene00016172",128.623238948625,-1.13873325816672,0.303162578975185,-3.75618013943578,0.000172526530381434,0.00101353131884169,"WBGene00016172","WBGene00016172",NA
"WBGene00016177",19.0786522816919,-1.81898688543457,0.700959621834814,-2.59499524476636,0.00945922276947304,0.0300112477345346,"WBGene00016177","WBGene00016177",NA
"WBGene00016181",37.773915475588,-4.52170325762708,0.791092700744754,-5.71576915495521,1.09208910714679e-08,2.45428138497627e-07,"WBGene00016181","WBGene00016181",NA
"WBGene00016189",61.1506296219978,2.10287547405921,0.720469241602302,2.9187581545917,0.00351428754094144,0.0131285185108928,"WBGene00016189","WBGene00016189",NA
"WBGene00016234",64.682859983829,-1.66370640813422,0.461234211549626,-3.60707503145659,0.000309668136006255,0.00167845531586553,"WBGene00016234","WBGene00016234",NA
"WBGene00016260",176.122286696115,-1.41768787908343,0.32609436371258,-4.34747740789836,1.37712250595872e-05,0.000115783599868635,"WBGene00016260","WBGene00016260",NA
"WBGene00016264",334.971693556856,-1.17003280747088,0.336348431401008,-3.47863316203763,0.000503977973154934,0.00253371690830231,"WBGene00016264","WBGene00016264",NA
"WBGene00016269",291.604026768182,-1.30210602406319,0.284632333276404,-4.57469469148021,4.76914938629722e-06,4.70106566747215e-05,"WBGene00016269","WBGene00016269",NA
"WBGene00016274",494.547140095269,-1.4839402880559,0.301983473578236,-4.91397847197573,8.92465538345942e-07,1.10633217168938e-05,"WBGene00016274","WBGene00016274",NA
"WBGene00016281",22.4696876840359,-2.49711922968324,0.799998420084252,-3.12140520155059,0.00179990187432086,0.00750904772027673,"WBGene00016281","WBGene00016281",NA
"WBGene00016286",15.5516614781542,-4.59043216122511,1.42656096874491,-3.21783103687729,0.0012916388141257,0.00563878850650537,"WBGene00016286","WBGene00016286",NA
"WBGene00016288",56.9491245270665,-5.89248169577584,1.81074572038698,-3.25417402865188,0.00113722589739169,0.0050307551072174,"WBGene00016288","WBGene00016288",NA
"WBGene00016289",119.690632215248,-1.20510697931721,0.307695269916383,-3.91655997716409,8.98214770343354e-05,0.000579863762986339,"WBGene00016289","WBGene00016289",NA
"WBGene00016294",44.4865007827379,1.68295644904101,0.475910545714294,3.53628736365793,0.000405793026417484,0.00211062581025658,"WBGene00016294","WBGene00016294",NA
"WBGene00016295",74.426690039935,3.72154387372912,0.721929091027087,5.15499918203114,2.53632036344442e-07,3.76054221521899e-06,"WBGene00016295","WBGene00016295",NA
"WBGene00016305",13.5982442891425,1.40103520297387,0.573481818817698,2.44303333950895,0.0145643917535658,0.0429834506160884,"WBGene00016305","WBGene00016305",NA
"WBGene00016307",69.8498221656554,2.3896010243739,0.862994437925665,2.76896457191272,0.00562347497494255,0.0194898952029228,"WBGene00016307","WBGene00016307",NA
"WBGene00016308",16.5066438904366,2.95725174284617,0.771818747479333,3.83153655246675,0.000127345450148502,0.000780509656506234,"WBGene00016308","WBGene00016308",NA
"WBGene00016309",55.1324772285759,2.21957577104349,0.826618360108714,2.68512759715569,0.00725021212796254,0.0240211594680039,"WBGene00016309","WBGene00016309",NA
"WBGene00016310",32.1672564803932,-1.28006439247044,0.371290225965944,-3.44761133730423,0.000565567250995892,0.00279807986101914,"WBGene00016310","WBGene00016310",NA
"WBGene00016312",24.2345850501592,-8.27812770665732,1.38498907481138,-5.97703466201325,2.27235863507638e-09,6.10504172389975e-08,"WBGene00016312","WBGene00016312",NA
"WBGene00016322",48.1700645894296,-6.48191812590987,1.02378571822068,-6.33132305964895,2.43067805204138e-10,8.55706438370133e-09,"WBGene00016322","WBGene00016322",NA
"WBGene00016327",39.5484999631244,-5.42549619804777,1.07238711630558,-5.059270216467,4.20864104296202e-07,5.80638092925252e-06,"WBGene00016327","WBGene00016327",NA
"WBGene00016330",220.361724269494,-1.37261258933246,0.280845667388334,-4.88742661439926,1.02162557294026e-06,1.24273143098172e-05,"WBGene00016330","WBGene00016330",NA
"WBGene00016332",289.010521867496,-1.4326085351341,0.323147484376079,-4.43329626377916,9.28032025331841e-06,8.2216375008832e-05,"WBGene00016332","WBGene00016332",NA
"WBGene00016335",141.312763140319,-1.0379601991635,0.428628829102221,-2.42158279772629,0.0154530802765445,0.0449838852123524,"WBGene00016335","WBGene00016335",NA
"WBGene00016336",11.687062336495,-2.92843303791733,1.01961813035144,-2.87208804036073,0.00407769347645064,0.0148452554403742,"WBGene00016336","WBGene00016336",NA
"WBGene00016337",21.6149185276404,2.35918734384648,0.6660422461204,3.54209865453492,0.000396956982154291,0.00206994022106212,"WBGene00016337","WBGene00016337",NA
"WBGene00016344",15.7835214486706,-1.74374384284953,0.594155330406406,-2.93482824038084,0.0033373236606651,0.0125858488342708,"WBGene00016344","WBGene00016344",NA
"WBGene00016351",278.363659381658,-5.61808576818765,1.10975879255191,-5.06243861809717,4.13927356642981e-07,5.71619681980496e-06,"WBGene00016351","WBGene00016351",NA
"WBGene00016354",197.496398899924,-1.03296446106334,0.425690043221927,-2.42656476821756,0.015242529338423,0.0445160342938455,"WBGene00016354","WBGene00016354",NA
"WBGene00016355",59.8518599629197,1.53896608649143,0.315751055377572,4.87398556641764,1.0936898403066e-06,1.31583408143958e-05,"WBGene00016355","WBGene00016355",NA
"WBGene00016356",17.8492870473803,-3.90776359904818,1.13376924223028,-3.44670101595019,0.000567476221022607,0.0028055820225099,"WBGene00016356","WBGene00016356",NA
"WBGene00016357",88.7361976868675,-5.56194221450555,1.23799105177268,-4.49271600674449,7.03205329384189e-06,6.56064867681999e-05,"WBGene00016357","WBGene00016357",NA
"WBGene00016358",74.9683295085539,-4.88124756034719,1.30980061231247,-3.72671039734,0.000193995141480731,0.00112394509816947,"WBGene00016358","WBGene00016358",NA
"WBGene00016359",44.4151919888707,3.31607250905044,0.499707073727481,6.63603275477923,3.22238265045251e-11,1.40419253728408e-09,"WBGene00016359","WBGene00016359",NA
"WBGene00016360",72.4797481595729,-1.658446750804,0.321709505164092,-5.15510646773737,2.53486862807755e-07,3.76054221521899e-06,"WBGene00016360","WBGene00016360",NA
"WBGene00016382",11.2373257574952,-6.91569173288451,1.54217740410321,-4.48436847439484,7.31301968034752e-06,6.76500996785663e-05,"WBGene00016382","WBGene00016382",NA
"WBGene00016388",29.2856203367053,-5.57921230318567,1.0430080189365,-5.34915571298724,8.83654899413044e-08,1.49823006848288e-06,"WBGene00016388","WBGene00016388",NA
"WBGene00016398",21.3060866921529,-4.86933348457787,1.12719248669295,-4.31987752053237,1.56115823036099e-05,0.000128313022349336,"WBGene00016398","WBGene00016398",NA
"WBGene00016399",133.055568094884,-5.55093415578159,1.23709894311349,-4.48705755241465,7.22135723670414e-06,6.69032810140638e-05,"WBGene00016399","WBGene00016399",NA
"WBGene00016403",16.881438722348,-2.51103845595651,0.679583959999545,-3.69496427778871,0.000219917703817264,0.00125230427914747,"WBGene00016403","WBGene00016403",NA
"WBGene00016407",848.886798582969,-1.23151602890194,0.33010202567027,-3.73071333446486,0.000190938383641606,0.00110983420796644,"WBGene00016407","WBGene00016407",NA
"WBGene00016414",31.8223913783705,-5.24141939636831,0.946384299452462,-5.53836258632014,3.05312660308516e-08,5.98605466912157e-07,"WBGene00016414","WBGene00016414",NA
"WBGene00016416",84.5836456839141,-4.39580523306636,0.822634108422741,-5.34357278413189,9.11322119033093e-08,1.53421991134747e-06,"WBGene00016416","WBGene00016416",NA
"WBGene00016420",34.8929004113126,-5.15513997845016,0.906073034658335,-5.68954132973848,1.27381057470677e-08,2.78387989973759e-07,"WBGene00016420","WBGene00016420",NA
"WBGene00016422",473.150742709308,3.99016813293233,0.454875107675157,8.7720081086122,1.75507760828206e-18,2.64056044791321e-16,"WBGene00016422","WBGene00016422",NA
"WBGene00016440",506.690102872439,-5.11983837869007,1.07208786749967,-4.77557720210994,1.79192527484088e-06,2.01828116259265e-05,"WBGene00016440","WBGene00016440",NA
"WBGene00016447",411.153224274617,-5.36401150126621,0.946887432402745,-5.66488826201328,1.47120374965843e-08,3.18122771465476e-07,"WBGene00016447","WBGene00016447",NA
"WBGene00016450",354.699010034925,-1.20237605188626,0.245538242498152,-4.89689931659141,9.7360690188734e-07,1.19039892631957e-05,"WBGene00016450","WBGene00016450",NA
"WBGene00016457",1168.7019173958,2.92695824660963,0.923477708768164,3.16949528810385,0.00152703934116453,0.00651521591142227,"WBGene00016457","WBGene00016457",NA
"WBGene00016458",234.902755484486,1.06429850797936,0.217497009620005,4.89339375212021,9.9111831281654e-07,1.20973988429435e-05,"WBGene00016458","WBGene00016458",NA
"WBGene00016461",55.9181963424512,-3.46685390414033,0.693136835305052,-5.00168758541674,5.68306324835502e-07,7.47267920963554e-06,"WBGene00016461","WBGene00016461",NA
"WBGene00016462",58.4037079504691,-4.02545491167011,0.739112677904966,-5.44633454682494,5.14183865317674e-08,9.39897872730204e-07,"WBGene00016462","WBGene00016462",NA
"WBGene00016491",42.7743244477696,-4.92782393806814,1.07782558006568,-4.57200499710523,4.8307941556223e-06,4.74873045848071e-05,"WBGene00016491","WBGene00016491",NA
"WBGene00016512",62.6356685125157,-5.44210972598128,0.935632288587737,-5.81650483032786,6.00908071046019e-09,1.46067671079265e-07,"WBGene00016512","WBGene00016512",NA
"WBGene00016520",167.35204952569,2.74023956473466,0.495510560302483,5.53013353148697,3.19987115919647e-08,6.21409761934717e-07,"WBGene00016520","WBGene00016520",NA
"WBGene00016539",125.299030689443,1.22154740361551,0.253723353400069,4.8144854907754,1.47579625303943e-06,1.70936433101236e-05,"WBGene00016539","WBGene00016539",NA
"WBGene00016541",255.695027277354,-5.03477156911311,1.32211555707476,-3.80811763553616,0.000140028660227995,0.000846628443586602,"WBGene00016541","WBGene00016541",NA
"WBGene00016542",68.9977327645807,-2.40051845558045,0.434507192188078,-5.52469210806843,3.30063910371626e-08,6.40109019123697e-07,"WBGene00016542","WBGene00016542",NA
"WBGene00016545",17.0369122619771,3.90887763366804,0.70444179976548,5.54890075371645,2.87471298131458e-08,5.67517577927199e-07,"WBGene00016545","WBGene00016545",NA
"WBGene00016546",11.4001283535764,2.79252264489797,0.975404878050002,2.86293692777167,0.00419734106633474,0.015218821882578,"WBGene00016546","WBGene00016546",NA
"WBGene00016547",31.1512650007108,3.84588823166982,0.724860698800859,5.30569285661658,1.12245821736827e-07,1.84405693113157e-06,"WBGene00016547","WBGene00016547",NA
"WBGene00016549",24.5027819129383,4.94953361854012,0.892236439676484,5.54733409042874,2.90058176647568e-08,5.71047041160287e-07,"WBGene00016549","WBGene00016549",NA
"WBGene00016565",17.6320635716517,-1.17141073830064,0.474446213254299,-2.46900640278222,0.0135488794177612,0.0405445291487942,"WBGene00016565","WBGene00016565",NA
"WBGene00016570",21.341949642241,-1.74343891259173,0.521896694839107,-3.34058239845571,0.000836028684546949,0.00389229901896728,"WBGene00016570","WBGene00016570",NA
"WBGene00016575",61.8276090835495,1.01611293544163,0.311982864704602,3.25695110340026,0.00112615830398819,0.00499106376400097,"WBGene00016575","WBGene00016575",NA
"WBGene00016578",39.7004658448347,2.80093151617732,0.929205485480533,3.01432951047296,0.00257547917135749,0.0101660656714202,"WBGene00016578","WBGene00016578",NA
"WBGene00016587",39.583184716245,-2.94779774577156,0.624296744368622,-4.72178939320402,2.33778693333773e-06,2.52944652825104e-05,"WBGene00016587","WBGene00016587",NA
"WBGene00016599",71.204680347052,-1.19109354752702,0.383245674049494,-3.10791126470275,0.00188414630370905,0.00779806629549538,"WBGene00016599","WBGene00016599",NA
"WBGene00016605",54.6725136983849,-4.1536278521778,0.843395625651245,-4.92488664376282,8.44092717857448e-07,1.05364902450943e-05,"WBGene00016605","WBGene00016605",NA
"WBGene00016612",51.5046392242222,-6.0742555613822,0.93439574478075,-6.50073118944638,7.99305476294028e-11,3.13859153095345e-09,"WBGene00016612","WBGene00016612",NA
"WBGene00016617",123.167716925549,1.42543597677844,0.303379231430645,4.6985285382144,2.62042578152781e-06,2.79297134193713e-05,"WBGene00016617","WBGene00016617",NA
"WBGene00016635",25.0276266279885,-1.27144145437316,0.439239921250718,-2.89464001986154,0.00379593571891384,0.0140013701239833,"WBGene00016635","WBGene00016635",NA
"WBGene00016645",51.3548071794652,-2.03364277393355,0.610383193920193,-3.33174765326098,0.000863024735539345,0.00400104201915792,"WBGene00016645","WBGene00016645",NA
"WBGene00016657",94.8627368267404,-1.62242889562788,0.509495005578802,-3.18438626063616,0.00145061305071978,0.00623192435645861,"WBGene00016657","WBGene00016657",NA
"WBGene00016658",921.825632421331,-1.79451692272719,0.37220385544082,-4.82132814181048,1.42605549250487e-06,1.66117450320881e-05,"WBGene00016658","WBGene00016658",NA
"WBGene00016659",58.8510601859337,-3.8373949820854,0.900199133647919,-4.26282901043789,2.0185497794649e-05,0.000159047034166989,"WBGene00016659","WBGene00016659",NA
"WBGene00016670",20.1034085196618,-6.0939322494099,1.60053499904907,-3.80743454721734,0.000140415886408904,0.000848610682639518,"WBGene00016670","WBGene00016670",NA
"WBGene00016671",32.447574080366,1.68002894205765,0.533136648504343,3.15121638471261,0.00162591984751286,0.00687349079577088,"WBGene00016671","WBGene00016671",NA
"WBGene00016677",78.5363486490362,-1.24108962643242,0.445562024310007,-2.78544749937871,0.0053453895418616,0.0186254638522252,"WBGene00016677","WBGene00016677",NA
"WBGene00016680",173.726730022682,-4.85156098994253,1.00285998982873,-4.83772514523299,1.31333580683341e-06,1.54498013885349e-05,"WBGene00016680","WBGene00016680",NA
"WBGene00016698",32.4245673140835,-4.56894407402855,0.808467695886962,-5.65136256806897,1.59180930124226e-08,3.3806434387304e-07,"WBGene00016698","WBGene00016698",NA
"WBGene00016707",44.241106529992,-4.71016535102446,0.927389059744187,-5.07895289634291,3.79520783665658e-07,5.33906551272958e-06,"WBGene00016707","WBGene00016707",NA
"WBGene00016717",51.0263233625968,-1.42108186209374,0.391734031345399,-3.62767017512642,0.000285990273745347,0.00157137576546419,"WBGene00016717","WBGene00016717",NA
"WBGene00016719",63.0653377604162,-1.3260179471192,0.325110386417892,-4.07866989956682,4.52940954083759e-05,0.000317814681233145,"WBGene00016719","WBGene00016719",NA
"WBGene00016722",624.372414315428,-1.1159921084615,0.219969770357493,-5.07338852355846,3.90793450038295e-07,5.47608900136995e-06,"WBGene00016722","WBGene00016722",NA
"WBGene00016725",173.759537094984,1.02152228974065,0.343040802636114,2.97784485661972,0.00290282879616456,0.0112459548536828,"WBGene00016725","WBGene00016725",NA
"WBGene00016728",54.3427157517335,-1.48386720447716,0.43470735812855,-3.41348536372912,0.000641376035109939,0.00311703082959074,"WBGene00016728","WBGene00016728",NA
"WBGene00016730",9.89057630482542,-5.49070162378096,1.51586923571209,-3.6221472765767,0.000292167692716567,0.00160120890797465,"WBGene00016730","WBGene00016730",NA
"WBGene00016742",41.5056588450953,-8.00825081901517,1.40117099603691,-5.71539864989058,1.09447137219253e-08,2.45577383402635e-07,"WBGene00016742","WBGene00016742",NA
"WBGene00016749",443.642031989301,-1.11364042403967,0.395002190985073,-2.81932720743252,0.00481244334738022,0.0170638185969004,"WBGene00016749","WBGene00016749",NA
"WBGene00016751",65.2254917968174,-1.09239912510546,0.338082309856384,-3.23116322048767,0.0012328751569242,0.00540702197542729,"WBGene00016751","WBGene00016751",NA
"WBGene00016752",282.266460700946,-6.83375260970173,1.40205907368838,-4.87408322370061,1.09314902501018e-06,1.31583408143958e-05,"WBGene00016752","WBGene00016752",NA
"WBGene00016753",36.9263015126946,-5.29310458243234,0.996048301611038,-5.31410431991211,1.07183205866086e-07,1.77311291833793e-06,"WBGene00016753","WBGene00016753",NA
"WBGene00016759",30.5404909468601,-1.4481239971161,0.441195144287324,-3.28227546442131,0.00102972957711059,0.00461811259668704,"WBGene00016759","WBGene00016759",NA
"WBGene00016760",92.6527660828286,-1.11074007990311,0.289666486198239,-3.83454811939463,0.000125795344880571,0.000772665605663087,"WBGene00016760","WBGene00016760",NA
"WBGene00016763",123.827939074997,-1.49183612428494,0.31524334245147,-4.73233189536618,2.21955103153139e-06,2.42538554233013e-05,"WBGene00016763","WBGene00016763",NA
"WBGene00016765",14.1997195572305,-6.20463839636,1.47800416296918,-4.19798438449281,2.69301196039309e-05,0.000204880557533339,"WBGene00016765","WBGene00016765",NA
"WBGene00016766",17.0820003391302,-2.04802361210039,0.556172555235527,-3.6823528827903,0.000231091229193668,0.00130759577943986,"WBGene00016766","WBGene00016766",NA
"WBGene00016768",95.3390182886476,-1.12830573617348,0.281923021555388,-4.00217665782859,6.27624078257027e-05,0.000423942861556129,"WBGene00016768","WBGene00016768",NA
"WBGene00016783",242.276905418962,3.24989972076592,0.379882205893863,8.55501960961533,1.17848697509136e-17,1.54533159036521e-15,"WBGene00016783","WBGene00016783",NA
"WBGene00016785",29.1965129431113,2.66382275614859,0.677641245568219,3.93102216485495,8.45854726023311e-05,0.000551039270695131,"WBGene00016785","WBGene00016785",NA
"WBGene00016788",465.34958477807,2.10247839840078,0.459088521617812,4.57967973364204,4.65688458986856e-06,4.60797974231177e-05,"WBGene00016788","WBGene00016788",NA
"WBGene00016795",13.8465346725223,-1.86359738030282,0.675914714071655,-2.75714870752948,0.00583078276367226,0.0200286897479374,"WBGene00016795","WBGene00016795",NA
"WBGene00016800",27.4491205483032,-4.54902784361508,0.983894158059697,-4.6234930925762,3.77331312455703e-06,3.84758364098789e-05,"WBGene00016800","WBGene00016800",NA
"WBGene00016801",25.8703575439522,-1.76939145926488,0.457824491713964,-3.86478113619649,0.000111188855611935,0.00069431224528411,"WBGene00016801","WBGene00016801",NA
"WBGene00016807",12.3144960615505,-4.03904986570485,1.17997208350277,-3.42300459661288,0.000619330300083537,0.0030310847932246,"WBGene00016807","WBGene00016807",NA
"WBGene00016825",70.2857325929771,-4.80008635028015,0.972346274725845,-4.93660177968342,7.94955588600487e-07,1.00020248484743e-05,"WBGene00016825","WBGene00016825",NA
"WBGene00016826",12.5394691680027,-7.04775349282681,1.46706204236176,-4.80399143957193,1.55533481647418e-06,1.78844734769634e-05,"WBGene00016826","WBGene00016826",NA
"WBGene00016839",36.6249252276031,-5.29504462133234,1.18147962293365,-4.48170625929592,7.40486183093152e-06,6.83264623302158e-05,"WBGene00016839","WBGene00016839",NA
"WBGene00016842",12.6172967841403,-1.30240575793466,0.542077979135069,-2.40261698144011,0.0162782271630447,0.0469176650214555,"WBGene00016842","WBGene00016842",NA
"WBGene00016843",16.6145550664657,-5.62263135374654,1.34363830956015,-4.18463161830146,2.85628916082873e-05,0.00021600497870754,"WBGene00016843","WBGene00016843",NA
"WBGene00016845",446.982597134512,1.88722895901932,0.336562522560014,5.60736514768308,2.05429958786584e-08,4.25537739266181e-07,"WBGene00016845","WBGene00016845",NA
"WBGene00016846",56.7156211507221,-1.02497081373455,0.331524181242287,-3.09169246687761,0.00199018916925321,0.00815765745716462,"WBGene00016846","WBGene00016846",NA
"WBGene00016848",137.673045971772,-1.01457705081796,0.368168790804367,-2.75573887890207,0.00585597262124798,0.020110383631787,"WBGene00016848","WBGene00016848",NA
"WBGene00016862",426.310039883029,-1.12437652710801,0.294737696860963,-3.81483786798543,0.000136272373866523,0.000827066258885016,"WBGene00016862","WBGene00016862",NA
"WBGene00016866",309.744710317284,-1.00430313644473,0.264922856731323,-3.79092672046516,0.000150086234697787,0.000898317651815524,"WBGene00016866","WBGene00016866",NA
"WBGene00016874",64.6451185865342,-1.1778861540976,0.391315748812378,-3.01006580407874,0.00261191095264357,0.0102843094341968,"WBGene00016874","WBGene00016874",NA
"WBGene00016880",24.4879432791067,2.37644251138561,0.8607668115874,2.76084356343043,0.00576522842446446,0.0198932304017849,"WBGene00016880","WBGene00016880",NA
"WBGene00016883",37.4155411508182,-1.48420782492133,0.480680924120741,-3.08771942143582,0.00201698807485849,0.00824622727515803,"WBGene00016883","WBGene00016883",NA
"WBGene00016884",30.1877623604732,-1.92845797993319,0.40650460011301,-4.74400038621229,2.09538448022494e-06,2.3073444049195e-05,"WBGene00016884","WBGene00016884",NA
"WBGene00016890",42.2534620087041,-1.30806454944443,0.36403593090328,-3.59322923481409,0.000326605015620616,0.00175363091219589,"WBGene00016890","WBGene00016890",NA
"WBGene00016892",441.200789339563,1.76789240484917,0.31588482599425,5.59663605013224,2.18550829046683e-08,4.45612981392902e-07,"WBGene00016892","WBGene00016892",NA
"WBGene00016896",49.5462732334524,-1.42019888277463,0.369413406160969,-3.84447033889124,0.000120813096001166,0.000746877846515861,"WBGene00016896","WBGene00016896",NA
"WBGene00016898",374.786071508035,-1.99438811824007,0.642218010208775,-3.10546899423099,0.00189977537030774,0.00785009811153759,"WBGene00016898","WBGene00016898",NA
"WBGene00016912",48.5342146654096,-2.39893245431154,0.369671230030794,-6.48936746879574,8.61974930617711e-11,3.36617696265545e-09,"WBGene00016912","WBGene00016912",NA
"WBGene00016942",93.749336842379,-1.56607442707232,0.447979367954293,-3.49586284346941,0.000472531519445577,0.00239925151241053,"WBGene00016942","WBGene00016942",NA
"WBGene00016946",21.0999215964967,-7.76721950606864,1.41796687154945,-5.47771577877642,4.30851447160062e-08,8.04988200556702e-07,"WBGene00016946","WBGene00016946",NA
"WBGene00016953",44.0369993659562,-2.18383715822049,0.710289709807915,-3.07457242877849,0.00210804528798324,0.00856460810151916,"WBGene00016953","WBGene00016953",NA
"WBGene00016954",26.5598928003273,-7.97774582519363,1.46993586626806,-5.42727475957704,5.72210077968499e-08,1.02104851990059e-06,"WBGene00016954","WBGene00016954",NA
"WBGene00016963",16.8118715906917,-5.43734140972241,1.30008177287726,-4.18230723878917,2.88565648766399e-05,0.000217779781695546,"WBGene00016963","WBGene00016963",NA
"WBGene00016970",209.777594560101,1.07488603727764,0.314868400843053,3.41376281138298,0.00064072329338153,0.00311491769806197,"WBGene00016970","WBGene00016970",NA
"WBGene00016974",23.5994467653538,-1.77752735139764,0.513533214403058,-3.46136783667222,0.000537437933051573,0.00267651581083837,"WBGene00016974","WBGene00016974",NA
"WBGene00016975",66.6195832291518,-1.66112917982748,0.370559794368412,-4.48275610325921,7.36851294891052e-06,6.80349842240168e-05,"WBGene00016975","WBGene00016975",NA
"WBGene00016996",38.2671717445711,2.17855257840355,0.435493687185468,5.00248945623808,5.65946783362536e-07,7.45678351750883e-06,"WBGene00016996","WBGene00016996",NA
"WBGene00017026",31.1967100037419,-2.98043332051408,0.680543124050026,-4.3794922249409,1.18956165534551e-05,0.000102300870877578,"WBGene00017026","WBGene00017026",NA
"WBGene00017028",92.1177000338053,2.26370725308947,0.394390554479993,5.73976031468143,9.48106421413987e-09,2.164742025762e-07,"WBGene00017028","WBGene00017028",NA
"WBGene00017041",46.0179120700585,1.46407706654377,0.353963948637943,4.13623215634687,3.53055012081913e-05,0.000257488166855385,"WBGene00017041","WBGene00017041",NA
"WBGene00017046",304.008275462667,1.04587988414255,0.371148671369644,2.81795400286078,0.00483307330253626,0.0171240310580811,"WBGene00017046","WBGene00017046",NA
"WBGene00017048",47.7315571924731,-1.22228940981028,0.39544170694068,-3.09094713166822,0.00199519154954437,0.00817348031459949,"WBGene00017048","WBGene00017048",NA
"WBGene00017054",53.6516690358373,-1.68504397735422,0.326596922579874,-5.15939943353911,2.47743254223374e-07,3.68469753653973e-06,"WBGene00017054","WBGene00017054",NA
"WBGene00017056",9.89030934809264,-4.78196860219244,1.53025285182915,-3.12495323663434,0.00177833328078649,0.00743208116440975,"WBGene00017056","WBGene00017056",NA
"WBGene00017058",71.2635371198082,-4.93139487048547,0.808862966954233,-6.09670002454755,1.08280437215838e-09,3.21757232666524e-08,"WBGene00017058","WBGene00017058",NA
"WBGene00017059",86.4054177182224,-6.56679768020564,0.855634180963253,-7.67477249776638,1.65712491297549e-14,1.34575490802038e-12,"WBGene00017059","WBGene00017059",NA
"WBGene00017063",90.7677234377895,-1.83249110899873,0.39890189699789,-4.59383904360933,4.35165077118161e-06,4.35831437556163e-05,"WBGene00017063","WBGene00017063",NA
"WBGene00017069",54.3042591969896,-1.23161642036462,0.321162133708941,-3.83487432388526,0.000125628513539732,0.000771972632856143,"WBGene00017069","WBGene00017069",NA
"WBGene00017071",311.66742926885,-1.15081821507212,0.329028159911653,-3.49762833485476,0.000469414804379513,0.00238681814265257,"WBGene00017071","WBGene00017071",NA
"WBGene00017083",55.3556037195153,1.4370822201453,0.567391730320562,2.53278668572308,0.0113159792946555,0.0348500952507027,"WBGene00017083","WBGene00017083",NA
"WBGene00017091",19.4297434968674,-1.6532010904996,0.496956542908307,-3.32665122150255,0.000878963131393509,0.00406438694176882,"WBGene00017091","WBGene00017091",NA
"WBGene00017093",61.0521830256849,1.97067852257422,0.402806398834607,4.89237144264778,9.96281914852477e-07,1.21500489837768e-05,"WBGene00017093","WBGene00017093",NA
"WBGene00017105",53.4280463210096,1.86412685635816,0.349413437751813,5.33501764658017,9.55352658526901e-08,1.60080369851407e-06,"WBGene00017105","WBGene00017105",NA
"WBGene00017112",220.726047906793,-5.53705304016467,1.09910188632778,-5.03779777747863,4.70918585223194e-07,6.37815893760358e-06,"WBGene00017112","WBGene00017112",NA
"WBGene00017114",48.0177345451103,-5.57103340392103,1.61238908335486,-3.45514210027365,0.000550002863612734,0.00272958018389472,"WBGene00017114","WBGene00017114",NA
"WBGene00017116",16.72148465681,2.90440179733606,0.800391492431558,3.62872647298212,0.000284822822256562,0.00156575869173578,"WBGene00017116","WBGene00017116",NA
"WBGene00017124",78.295895019525,-1.27617753323582,0.300609161548852,-4.24530485584828,2.18296422115196e-05,0.000170591074974986,"WBGene00017124","WBGene00017124",NA
"WBGene00017133",82.1146482134012,2.98139883624337,0.419006570175727,7.11539877523399,1.11589719976052e-12,6.48354417730777e-11,"WBGene00017133","WBGene00017133",NA
"WBGene00017143",236.553455764956,2.73597365540086,0.539503735184915,5.07127843046925,3.9515214375661e-07,5.50478517613374e-06,"WBGene00017143","WBGene00017143",NA
"WBGene00017154",24.5254974334384,6.35560833532191,1.26975677140941,5.00537463428315,5.57534893216809e-07,7.36395423493248e-06,"WBGene00017154","WBGene00017154",NA
"WBGene00017175",30.1533109159089,-5.94322435355037,1.08050192241185,-5.50042922670991,3.78867806049005e-08,7.19144429197667e-07,"WBGene00017175","WBGene00017175",NA
"WBGene00017179",19.5413571970426,-3.71633729082608,1.08114728779491,-3.43740148338701,0.000587324330230467,0.00289546622916361,"WBGene00017179","WBGene00017179",NA
"WBGene00017184",202.531487811502,2.28353969725143,0.518174009962749,4.4068973999981,1.04861827716225e-05,9.12783254292329e-05,"WBGene00017184","WBGene00017184",NA
"WBGene00017208",41.8776988388763,3.23993435129881,0.776007041247621,4.17513524888876,2.97809067692443e-05,0.000222857853640214,"WBGene00017208","WBGene00017208",NA
"WBGene00017213",11.7017563891215,-5.04941554885503,1.51258604534984,-3.33826664894767,0.000843028064147687,0.00392233076851005,"WBGene00017213","WBGene00017213",NA
"WBGene00017215",46.7873785549827,-4.38631423948082,0.918073606881834,-4.7777369990829,1.77279042750508e-06,1.99830391012068e-05,"WBGene00017215","WBGene00017215",NA
"WBGene00017249",23.479340344517,2.24809894960201,0.844623211737169,2.66165897214482,0.00777566136298269,0.0253970584691754,"WBGene00017249","WBGene00017249",NA
"WBGene00017251",30.6071425316513,2.93507713718108,0.81548343796883,3.59918669162876,0.000319213968670813,0.00172365895512351,"WBGene00017251","WBGene00017251",NA
"WBGene00017252",22.1259138259094,2.20342796967227,0.65313516729991,3.37361710100735,0.000741874840818763,0.00351928878188602,"WBGene00017252","WBGene00017252",NA
"WBGene00017254",14.6413495143494,2.31792014517313,0.703773785305567,3.29355851776537,0.000989277467720703,0.00446612218766014,"WBGene00017254","WBGene00017254",NA
"WBGene00017258",139.406359432973,-1.14503813037258,0.368209584959009,-3.10974558280455,0.00187248552617311,0.00775976678039787,"WBGene00017258","WBGene00017258",NA
"WBGene00017262",350.460166099639,-1.8275476626905,0.41081232762369,-4.44861933248644,8.64240290469143e-06,7.74456832079966e-05,"WBGene00017262","WBGene00017262",NA
"WBGene00017279",36.6018935612203,-4.76837466945551,1.05194452412561,-4.53291457875979,5.81753455127901e-06,5.59555998259965e-05,"WBGene00017279","WBGene00017279",NA
"WBGene00017302",162.376031255562,-1.02417104599635,0.313306076841075,-3.2689153569015,0.00107960592268078,0.00482212732902386,"WBGene00017302","WBGene00017302",NA
"WBGene00017303",353.893236167841,-1.08394336242278,0.290491151184415,-3.73141611372063,0.000190406414733681,0.00110749844169683,"WBGene00017303","WBGene00017303",NA
"WBGene00017306",19.2130122744191,-2.12765208803165,0.56154418881168,-3.78893082757051,0.000151297030225922,0.000904806884108412,"WBGene00017306","WBGene00017306",NA
"WBGene00017309",11.6030729557412,2.58791658454443,0.814029002229153,3.17914543272737,0.00147709959655676,0.00633316744000134,"WBGene00017309","WBGene00017309",NA
"WBGene00017326",12.5246968039934,4.61893452044951,1.02939853012248,4.48702264991571,7.22253988698667e-06,6.69032810140638e-05,"WBGene00017326","WBGene00017326",NA
"WBGene00017327",22.4547494738169,-1.526490224368,0.627829871781836,-2.4313755891157,0.0150416130548859,0.0440643510538283,"WBGene00017327","WBGene00017327",NA
"WBGene00017339",132.19289903962,1.19349918126065,0.229294684951519,5.20508873336075,1.93903930054468e-07,2.99618256461461e-06,"WBGene00017339","WBGene00017339",NA
"WBGene00017354",19.956305601267,-2.12650612855958,0.682645535870639,-3.11509563429205,0.00183885280460477,0.00765144778346897,"WBGene00017354","WBGene00017354",NA
"WBGene00017361",183.987941676364,-1.0399184663208,0.414222486654941,-2.51053117545278,0.0120549677239318,0.0368244611408756,"WBGene00017361","WBGene00017361",NA
"WBGene00017381",52.7481668011244,1.52461628801498,0.505035821523575,3.0188280178138,0.0025375453660357,0.0100246367929099,"WBGene00017381","WBGene00017381",NA
"WBGene00017384",37.1990020563965,-3.95770855532566,0.833954156817487,-4.74571476498056,2.07771328519775e-06,2.29267804435031e-05,"WBGene00017384","WBGene00017384",NA
"WBGene00017386",277.594786924687,-5.77626599162555,0.961204599409344,-6.00940319592212,1.8620750766989e-09,5.14789924008845e-08,"WBGene00017386","WBGene00017386",NA
"WBGene00017387",25.0693982710477,-4.84654026299551,1.16635835570444,-4.15527546854873,3.24895865200132e-05,0.00023949131517821,"WBGene00017387","WBGene00017387",NA
"WBGene00017393",10.0272057537578,-6.87517080256147,1.48791224478806,-4.62068299165102,3.82478818206619e-06,3.88965619542429e-05,"WBGene00017393","WBGene00017393",NA
"WBGene00017398",203.404310265506,-1.07714439607216,0.40205128310753,-2.67912189645735,0.00738155165641584,0.0243603135130805,"WBGene00017398","WBGene00017398",NA
"WBGene00017421",18.4121383734232,2.94075564956898,0.683121596692303,4.30487875629787,1.67077213734143e-05,0.000135529773887747,"WBGene00017421","WBGene00017421",NA
"WBGene00017423",503.569462104278,1.92653119210047,0.314506194542993,6.12557471212898,9.03568594045929e-10,2.74197577806761e-08,"WBGene00017423","WBGene00017423",NA
"WBGene00017426",49.2120353749274,-1.55786807318484,0.636994220790017,-2.44565495626119,0.0144589301011331,0.0427074783912989,"WBGene00017426","WBGene00017426",NA
"WBGene00017428",71.3906276783092,-1.61625949943442,0.379558697268625,-4.2582596870137,2.06024535858118e-05,0.000161886129247943,"WBGene00017428","WBGene00017428",NA
"WBGene00017430",219.797335484896,-1.62072330412394,0.467080881922287,-3.46989861253536,0.000520654860309218,0.00260473220805028,"WBGene00017430","WBGene00017430",NA
"WBGene00017433",16.0638611670071,-1.72970036896192,0.547288672553351,-3.16048998582792,0.00157504019238322,0.00667617125436933,"WBGene00017433","WBGene00017433",NA
"WBGene00017434",23.1668002469884,-1.93294450665295,0.671790402177155,-2.87730295102255,0.00401090323270884,0.0146506107603137,"WBGene00017434","WBGene00017434",NA
"WBGene00017443",63.2222621523973,-1.11405856264465,0.371542412889609,-2.99846941828323,0.00271339386518772,0.0106253530178433,"WBGene00017443","WBGene00017443",NA
"WBGene00017444",11.806331519757,-6.24811810797468,1.44963274825695,-4.31013863027547,1.63152235711137e-05,0.000133117425471397,"WBGene00017444","WBGene00017444",NA
"WBGene00017446",41.2391221671871,-1.07434073635587,0.384486171085867,-2.79422464876101,0.00520243242219346,0.0182161603651178,"WBGene00017446","WBGene00017446",NA
"WBGene00017448",113.406312978078,-1.2911771925397,0.289369096453069,-4.46204245154807,8.11821377116817e-06,7.37189513540703e-05,"WBGene00017448","WBGene00017448",NA
"WBGene00017449",26.2599463966658,-1.03012097197871,0.428307878845271,-2.40509461267896,0.0161682792473301,0.0466572209331898,"WBGene00017449","WBGene00017449",NA
"WBGene00017467",516.055329347804,2.01787522385295,0.396417035144737,5.09028382979607,3.57527949812157e-07,5.0746246143646e-06,"WBGene00017467","WBGene00017467",NA
"WBGene00017468",33.7434611342721,-1.32094614389198,0.392655357081727,-3.36413630953479,0.000767836099088449,0.0036279938394285,"WBGene00017468","WBGene00017468",NA
"WBGene00017481",99.1320533783288,1.73174323287081,0.651067716793812,2.65985117707694,0.00781751856522881,0.0255012067162462,"WBGene00017481","WBGene00017481",NA
"WBGene00017484",473.400879720027,1.24881689113171,0.33897572004661,3.68408950045152,0.000229521590155725,0.00130077402382862,"WBGene00017484","WBGene00017484",NA
"WBGene00017485",182.89142622067,1.934018902336,0.337515792454733,5.73015824909998,1.00336983853288e-08,2.27637541303975e-07,"WBGene00017485","WBGene00017485",NA
"WBGene00017487",92.5751986227903,-2.34330959252325,0.350946990878184,-6.67710410241594,2.43709840927352e-11,1.08854523636708e-09,"WBGene00017487","WBGene00017487",NA
"WBGene00017488",33.1940126253791,3.44227286519675,0.805695502943722,4.27242407661446,1.93359398902968e-05,0.000153965787661288,"WBGene00017488","WBGene00017488",NA
"WBGene00017490",282.230198810854,1.87309033268654,0.528203517044817,3.54615270864925,0.000390899611526583,0.00204282564809852,"WBGene00017490","WBGene00017490",NA
"WBGene00017501",33.1906370023099,2.40259427576033,0.6604243399734,3.63795537253684,0.000274811027115281,0.00152007508148557,"WBGene00017501","WBGene00017501",NA
"WBGene00017504",44.0555570048343,-1.30304562549497,0.410590260310377,-3.17359117215777,0.00150565605474728,0.00643166228048502,"WBGene00017504","WBGene00017504",NA
"WBGene00017512",15.589095089216,-1.42136642704134,0.542039864521494,-2.62225441351275,0.0087350197105997,0.0280492197041565,"WBGene00017512","WBGene00017512",NA
"WBGene00017515",63.3944812299284,-1.4789109563049,0.52568016568704,-2.81332843207435,0.00490315433269977,0.0173338572538407,"WBGene00017515","WBGene00017515",NA
"WBGene00017529",19.7654749978419,-3.24270693950281,0.56894185344562,-5.69954015487586,1.20131026943316e-08,2.6456591187994e-07,"WBGene00017529","WBGene00017529",NA
"WBGene00017542",366.683474224839,-5.57057266937678,1.27743494797745,-4.36074860657023,1.2961821911365e-05,0.000110013848324905,"WBGene00017542","WBGene00017542",NA
"WBGene00017550",16.0548144952698,-6.24732457388796,1.63437133565284,-3.82246337634922,0.000132125106973767,0.00080600262653694,"WBGene00017550","WBGene00017550",NA
"WBGene00017553",41.9263142309041,-6.96217120825805,1.31767680284339,-5.28367137771152,1.26620300211997e-07,2.05190924141732e-06,"WBGene00017553","WBGene00017553",NA
"WBGene00017554",10.7285739625542,-4.09294382950533,1.42944452815754,-2.86331071187552,0.00419239225183078,0.0152047354619176,"WBGene00017554","WBGene00017554",NA
"WBGene00017555",17.4731670667267,-3.81603389641335,0.983774554701537,-3.87897194349684,0.000104898851443827,0.000661658995448638,"WBGene00017555","WBGene00017555",NA
"WBGene00017559",28.9661024112297,-5.35121641420865,1.11874425558126,-4.78323476300521,1.72496461294703e-06,1.95209178249025e-05,"WBGene00017559","WBGene00017559",NA
"WBGene00017569",205.306533172135,-1.78693691110625,0.298309113582192,-5.99021897000776,2.09558695762213e-09,5.68353403895504e-08,"WBGene00017569","WBGene00017569",NA
"WBGene00017571",149.52848661432,1.29369511247601,0.389274918130057,3.32334566709428,0.000889446241331956,0.00409827695917397,"WBGene00017571","WBGene00017571",NA
"WBGene00017592",85.3934240459181,-2.25743250486506,0.479012938538209,-4.71267542741958,2.4448544776556e-06,2.62541735906323e-05,"WBGene00017592","WBGene00017592",NA
"WBGene00017594",20.5476965155377,-1.48687815529189,0.595699896285844,-2.4960188251878,0.0125595935950468,0.0380810927564709,"WBGene00017594","WBGene00017594",NA
"WBGene00017618",17.055628278366,-1.58955024348867,0.547898407798689,-2.90117697161243,0.00371763856632334,0.0137682214717118,"WBGene00017618","WBGene00017618",NA
"WBGene00017625",47.0119338337978,-2.08367780363748,0.350436275447896,-5.94595351458496,2.74852145596567e-09,7.26148191684239e-08,"WBGene00017625","WBGene00017625",NA
"WBGene00017635",205.949337984051,-2.76047932365019,0.42422684106008,-6.50708313682407,7.66240114776149e-11,3.0170440662522e-09,"WBGene00017635","WBGene00017635",NA
"WBGene00017636",54.603797006164,-4.07780753598963,0.808381105504798,-5.04441223108898,4.54917587600904e-07,6.18454384791959e-06,"WBGene00017636","WBGene00017636",NA
"WBGene00017647",43.774953981365,-3.83723259883608,0.758781797861124,-5.05709626885172,4.25688376480807e-07,5.85598071707428e-06,"WBGene00017647","WBGene00017647",NA
"WBGene00017653",39.1344623002378,-1.34701587572675,0.378883003357547,-3.55522909127593,0.000377649889684207,0.00198885404320426,"WBGene00017653","WBGene00017653",NA
"WBGene00017658",263.047791213952,-1.9297549115433,0.330491253395618,-5.83904987413773,5.24993533836727e-09,1.29374699640144e-07,"WBGene00017658","WBGene00017658",NA
"WBGene00017659",1199.00535838973,-2.06302538067021,0.268586292258993,-7.68105238476158,1.57786936393307e-14,1.28871353249688e-12,"WBGene00017659","WBGene00017659",NA
"WBGene00017672",21.3993107733113,-6.69669959467824,1.51785774569166,-4.41194151012267,1.02447792148639e-05,8.95457861603973e-05,"WBGene00017672","WBGene00017672",NA
"WBGene00017673",19.8141707794412,-4.55681145884921,1.26911688683383,-3.59053725162973,0.00032999706090702,0.00176719669971676,"WBGene00017673","WBGene00017673",NA
"WBGene00017690",70.7256130458323,-1.31275468758381,0.438520356100899,-2.99360034105638,0.00275706833617094,0.0107580610780484,"WBGene00017690","WBGene00017690",NA
"WBGene00017700",11.0354856561001,-3.53091838585494,1.10242566333601,-3.20286301678624,0.00136068686929383,0.00589878599418161,"WBGene00017700","WBGene00017700",NA
"WBGene00017713",34.1559725378566,2.16327157596592,0.841085970673293,2.57199816831353,0.0101113426709701,0.0317211195777381,"WBGene00017713","WBGene00017713",NA
"WBGene00017717",225.799898468619,-1.07786167349123,0.326935568118002,-3.29686268060681,0.000977712909387754,0.00443035743778687,"WBGene00017717","WBGene00017717",NA
"WBGene00017736",31.7943585061888,-2.32790480729524,0.639930166581764,-3.63774819325978,0.000275032116183132,0.00152070949191703,"WBGene00017736","WBGene00017736",NA
"WBGene00017737",18.5214819007743,-2.97830842088945,0.716343312563549,-4.1576550917061,3.21530982226326e-05,0.000237500895553534,"WBGene00017737","WBGene00017737",NA
"WBGene00017747",170.709597031175,-2.17348986001842,0.421220534531018,-5.15998077453266,2.46975203271938e-07,3.67710060454771e-06,"WBGene00017747","WBGene00017747",NA
"WBGene00017755",188.504538425941,3.4294961293901,1.15052025534453,2.98082203547395,0.00287475801826677,0.0111588404751684,"WBGene00017755","WBGene00017755",NA
"WBGene00017766",234.843346976187,1.05573757897323,0.316027520117252,3.34065077174777,0.000835822847128695,0.00389229901896728,"WBGene00017766","WBGene00017766",NA
"WBGene00017773",421.75516697933,-1.09483312168013,0.295842959791985,-3.7007239328931,0.000214985265140961,0.00123009783613281,"WBGene00017773","WBGene00017773",NA
"WBGene00017785",47.0359113095881,-1.79567655198665,0.510265204418732,-3.51910445085551,0.000433006193921057,0.00222624371572434,"WBGene00017785","WBGene00017785",NA
"WBGene00017786",115.99172018953,-1.13368255723358,0.270045240404947,-4.19812086128074,2.69138987843676e-05,0.000204880557533339,"WBGene00017786","WBGene00017786",NA
"WBGene00017802",23.6134600147666,-3.95709839712606,0.966559540329601,-4.09400376491724,4.23987420410002e-05,0.000300002584154464,"WBGene00017802","WBGene00017802",NA
"WBGene00017808",41.1462376113274,-5.18787943813292,0.811976644084707,-6.38919786169577,1.66758173410244e-10,6.11147326295544e-09,"WBGene00017808","WBGene00017808",NA
"WBGene00017823",45.6712952014019,-1.16220271799867,0.329836708506253,-3.52356996060868,0.000425774676344782,0.00219788618050131,"WBGene00017823","WBGene00017823",NA
"WBGene00017834",1966.2524325553,-1.01003254079096,0.17245579110846,-5.85676209710891,4.719784719261e-09,1.17321535638952e-07,"WBGene00017834","WBGene00017834",NA
"WBGene00017851",413.453590683336,-5.68859984813198,1.01100727055385,-5.62666561736557,1.83726384572744e-08,3.84480412108087e-07,"WBGene00017851","WBGene00017851",NA
"WBGene00017853",18.4742754386124,-3.86506336026933,1.04492105309749,-3.69890466730671,0.000216531906390956,0.00123696664190485,"WBGene00017853","WBGene00017853",NA
"WBGene00017866",26.628249450562,-1.52003930233603,0.479751580384456,-3.16838831696589,0.00153286630391267,0.00653617484541285,"WBGene00017866","WBGene00017866",NA
"WBGene00017867",19.0749112164697,-2.2587392800233,0.619069251906797,-3.6486051811912,0.000263667951718153,0.00146695447018589,"WBGene00017867","WBGene00017867",NA
"WBGene00017901",22.3023482468303,-2.24942518695173,0.782452907521115,-2.87483778937972,0.00404235115009049,0.0147504020904374,"WBGene00017901","WBGene00017901",NA
"WBGene00017902",14.1915888642925,-4.51325636987626,1.05560678223221,-4.27550906818961,1.90701038183653e-05,0.000152103233189673,"WBGene00017902","WBGene00017902",NA
"WBGene00017904",212.454223273261,-1.16997195061461,0.453444433863847,-2.58018814046334,0.00987465008209055,0.0310672184951178,"WBGene00017904","WBGene00017904",NA
"WBGene00017909",60.7411313254847,-1.98864924459412,0.461101354043352,-4.31282456049164,1.61182016817835e-05,0.000131794883660029,"WBGene00017909","WBGene00017909",NA
"WBGene00017910",10.0817979818727,-3.90494125904763,1.29927551109292,-3.00547591770038,0.00265165593024389,0.0104149816463248,"WBGene00017910","WBGene00017910",NA
"WBGene00017912",13.2347040534488,2.57073305683458,0.67499371747875,3.80852886518238,0.000139796029383151,0.00084557962250249,"WBGene00017912","WBGene00017912",NA
"WBGene00017922",23.7273048678516,-5.40159743580606,1.26898786141294,-4.25661868017531,2.07541887871558e-05,0.000162988802381768,"WBGene00017922","WBGene00017922",NA
"WBGene00017955",59.6656679175065,-4.45129439987252,1.02136886975293,-4.35816533252018,1.31157290282053e-05,0.000111056347748897,"WBGene00017955","WBGene00017955",NA
"WBGene00017961",29.2462276651955,-1.01463977962084,0.414153322464241,-2.44991341270344,0.0142890571607229,0.0422843672874147,"WBGene00017961","WBGene00017961",NA
"WBGene00017968",644.13292811617,-1.87976695769384,0.426933096442687,-4.40295440516682,1.06786614849326e-05,9.26715899235833e-05,"WBGene00017968","WBGene00017968",NA
"WBGene00017975",119.018034703547,-5.05691692302773,1.44164487746052,-3.50774105474267,0.000451928710419917,0.00231023499929609,"WBGene00017975","WBGene00017975",NA
"WBGene00017978",90.2058150679704,-5.46805241556022,0.737839284642811,-7.41089899842798,1.25446099046324e-13,8.96500546834557e-12,"WBGene00017978","WBGene00017978",NA
"WBGene00018001",14.3361570066646,-6.14701276510397,1.48586122885951,-4.13700327171344,3.51871094317546e-05,0.000256858710473988,"WBGene00018001","WBGene00018001",NA
"WBGene00018004",20.0659546732062,-4.83503958384328,1.09149179873995,-4.42975347082313,9.43408718334999e-06,8.34645346109147e-05,"WBGene00018004","WBGene00018004",NA
"WBGene00018024",260.382442258098,-1.12144401289981,0.360268639698684,-3.11279942055948,0.00185321921396562,0.00769778036187462,"WBGene00018024","WBGene00018024",NA
"WBGene00018035",28.9942530538618,-1.53984490022886,0.480458864066451,-3.20494638645254,0.00135087640551933,0.00586301720414494,"WBGene00018035","WBGene00018035",NA
"WBGene00018041",51.5346665190155,2.0479723084371,0.648257352254672,3.15919642301649,0.00158204824803816,0.00670190148465009,"WBGene00018041","WBGene00018041",NA
"WBGene00018051",126.994058420117,-1.12348062412852,0.421492126372356,-2.66548424948752,0.00768775328046233,0.0252020774398275,"WBGene00018051","WBGene00018051",NA
"WBGene00018055",40.6933843149169,-1.12231153113038,0.367657772076518,-3.05259841181001,0.00226869326943253,0.0091290633164412,"WBGene00018055","WBGene00018055",NA
"WBGene00018068",40.7583493602464,-2.62100763890757,0.512162291517501,-5.11753341141478,3.09557238585663e-07,4.46018307571057e-06,"WBGene00018068","WBGene00018068",NA
"WBGene00018069",17.7015386075287,-1.64910670497991,0.612961364621304,-2.69039257637184,0.00713680081236479,0.0236948418144321,"WBGene00018069","WBGene00018069",NA
"WBGene00018081",19.3512069147242,-6.85160386549957,1.3845329687357,-4.94867512743752,7.47203422992954e-07,9.52701028085485e-06,"WBGene00018081","WBGene00018081",NA
"WBGene00018082",12.1346048825056,-4.46307404659279,1.12478918311022,-3.96792048999944,7.25025131376125e-05,0.000481591112783785,"WBGene00018082","WBGene00018082",NA
"WBGene00018083",36.0147564387971,-5.81260823109253,0.956964931666523,-6.07400338168094,1.24760098663969e-09,3.64895250717438e-08,"WBGene00018083","WBGene00018083",NA
"WBGene00018084",18.0169539780193,-2.2422695281668,0.620096212140752,-3.61600262066726,0.000299187346952619,0.00163466542430955,"WBGene00018084","WBGene00018084",NA
"WBGene00018101",266.747542184412,-1.53939816397529,0.317484272950209,-4.84873833173057,1.24249188417635e-06,1.46889466505646e-05,"WBGene00018101","WBGene00018101",NA
"WBGene00018103",40.8310202205285,2.68411392410501,0.632074435143096,4.2465155603032,2.17120708028772e-05,0.000169765113777639,"WBGene00018103","WBGene00018103",NA
"WBGene00018106",9.81684025902485,3.38570910948335,0.929808388301266,3.64129766098255,0.000271267279655447,0.00150279970081988,"WBGene00018106","WBGene00018106",NA
"WBGene00018119",57.2860247656804,-6.00115236203608,1.05272604786798,-5.70058314239479,1.19398281167341e-08,2.63357968013088e-07,"WBGene00018119","WBGene00018119",NA
"WBGene00018120",24.465352410346,-4.10530090352126,0.938713749498283,-4.37332563384252,1.22367987372615e-05,0.000104856453448249,"WBGene00018120","WBGene00018120",NA
"WBGene00018121",44.8468867315347,-6.98855465278514,1.29274483503983,-5.40598149252698,6.44544521526788e-08,1.12897976056157e-06,"WBGene00018121","WBGene00018121",NA
"WBGene00018122",51.3672150446041,-6.16047851427701,1.13306647979126,-5.43699652593369,5.41861942956105e-08,9.79119184661392e-07,"WBGene00018122","WBGene00018122",NA
"WBGene00018123",54.0263783329471,-5.05979038287378,1.0086654897383,-5.01632150038817,5.26701644371739e-07,7.02908179552313e-06,"WBGene00018123","WBGene00018123",NA
"WBGene00018124",55.9852317657999,-6.41454298013713,1.24929633510308,-5.13452477198525,2.82857837630897e-07,4.11839329689861e-06,"WBGene00018124","WBGene00018124",NA
"WBGene00018134",72.7772706208329,-4.51827539156559,0.821388258617173,-5.500779131141,3.78116629023186e-08,7.19144429197667e-07,"WBGene00018134","WBGene00018134",NA
"WBGene00018135",40.8959948373439,-4.09743772310972,0.922410019192812,-4.44210019172963,8.90850586470285e-06,7.95310895216726e-05,"WBGene00018135","WBGene00018135",NA
"WBGene00018138",2556.69813714766,2.74231254193756,0.181630514002085,15.0983030412284,1.66154686101353e-51,5.93712232111658e-48,"WBGene00018138","WBGene00018138",NA
"WBGene00018158",46.133291328482,-4.32747487477347,1.54733882886537,-2.79672092113576,0.00516241038552774,0.0181070752491652,"WBGene00018158","WBGene00018158",NA
"WBGene00018163",13.4923171576579,-7.0579544981125,1.4276906130493,-4.94361623842153,7.66865909164436e-07,9.7342934633102e-06,"WBGene00018163","WBGene00018163",NA
"WBGene00018178",16.7167631738487,-5.36830416638823,1.30276915731686,-4.12068718102339,3.77744026703324e-05,0.000272160298963653,"WBGene00018178","WBGene00018178",NA
"WBGene00018184",345.452488056252,-1.27750026674285,0.268156145570453,-4.76401636824397,1.89777100289378e-06,2.12577123388407e-05,"WBGene00018184","WBGene00018184",NA
"WBGene00018195",29.5061441379414,-1.34549043503726,0.566226233701533,-2.37624178279682,0.0174899981061242,0.0498971143574516,"WBGene00018195","WBGene00018195",NA
"WBGene00018196",21.200559019022,-3.06412500967954,1.19904386392309,-2.5554736585317,0.010604338706009,0.0330429067200755,"WBGene00018196","WBGene00018196",NA
"WBGene00018200",16.7805463461744,-2.12093305263708,0.750392705558614,-2.82643079673621,0.00470699135087365,0.0167522478530969,"WBGene00018200","WBGene00018200",NA
"WBGene00018204",37.4014699750411,2.36983505071612,0.608960503982697,3.89160714893171,9.9582393624896e-05,0.00063259162314695,"WBGene00018204","WBGene00018204",NA
"WBGene00018215",51.2051941008965,4.33332055596304,0.499784148320903,8.6703841458787,4.30664947384582e-18,6.15549409296783e-16,"WBGene00018215","WBGene00018215",NA
"WBGene00018216",139.88699864404,-1.06201851782765,0.251490540096184,-4.22289648517781,2.41182607842666e-05,0.000186135151938187,"WBGene00018216","WBGene00018216",NA
"WBGene00018217",178.403815824108,-1.57497342264625,0.251622133143332,-6.25928014746263,3.86758551635393e-10,1.29157476133754e-08,"WBGene00018217","WBGene00018217",NA
"WBGene00018225",62.2800172880862,-1.34586913972757,0.362953388277048,-3.70810463050491,0.000208816378465633,0.00120056818077606,"WBGene00018225","WBGene00018225",NA
"WBGene00018232",24.4404038444194,-2.9337132722162,0.785367130438918,-3.73546734834273,0.000187366890884648,0.00109173867566827,"WBGene00018232","WBGene00018232",NA
"WBGene00018235",15.8667695400525,-2.89098937732681,1.08433821106158,-2.66613252934848,0.00767294385169109,0.02517084839849,"WBGene00018235","WBGene00018235",NA
"WBGene00018236",15.0499208731204,2.67420102856838,0.717461331379832,3.72731032545728,0.000193534107917244,0.00112172871227136,"WBGene00018236","WBGene00018236",NA
"WBGene00018250",47.8528829064162,-1.21428657122787,0.487277871196557,-2.49197971630864,0.0127033291786497,0.038443507082456,"WBGene00018250","WBGene00018250",NA
"WBGene00018253",47.7658368764813,-4.9011373612682,0.85825555796734,-5.71058039271644,1.12591535504447e-08,2.52158106154572e-07,"WBGene00018253","WBGene00018253",NA
"WBGene00018257",75.4347316489117,-1.36265115625383,0.461136982598441,-2.9549812911892,0.00312688012011809,0.0119249221129459,"WBGene00018257","WBGene00018257",NA
"WBGene00018260",68.5551314235954,-1.06513653632812,0.332416913410704,-3.20421883892571,0.00135429494469053,0.00587463964930553,"WBGene00018260","WBGene00018260",NA
"WBGene00018261",10.9767698323211,-1.7474695893842,0.605833576747928,-2.88440531600195,0.00392153664946667,0.0143761026918745,"WBGene00018261","WBGene00018261",NA
"WBGene00018262",42.8250921218518,-1.68439392505812,0.441357133888156,-3.81639673572141,0.000135414709682839,0.000822909203017354,"WBGene00018262","WBGene00018262",NA
"WBGene00018282",33.2077117009683,-3.05155395929092,0.908323700285167,-3.35954457461904,0.000780710556817859,0.00367496597211778,"WBGene00018282","WBGene00018282",NA
"WBGene00018298",43.2763627065045,-1.60389109228532,0.407584008726814,-3.93511781116108,8.31558953013803e-05,0.000543460087582363,"WBGene00018298","WBGene00018298",NA
"WBGene00018301",28.1774803025148,-8.21805443082631,1.47576556191065,-5.56867204584077,2.56688097169672e-08,5.1312489130715e-07,"WBGene00018301","WBGene00018301",NA
"WBGene00018311",31.3497057880929,-1.93316667913543,0.42619940536719,-4.53582678621975,5.73782585079391e-06,5.53378845380549e-05,"WBGene00018311","WBGene00018311",NA
"WBGene00018314",180.190686042156,-5.41881054277782,1.06523658274046,-5.08695498312425,3.63858156366281e-07,5.14264556476557e-06,"WBGene00018314","WBGene00018314",NA
"WBGene00018336",44.1601587958891,-4.32441435229038,1.59104021219027,-2.71797929377112,0.00656819484305211,0.0221674637288651,"WBGene00018336","WBGene00018336",NA
"WBGene00018343",56.8263951968773,-1.53826853574014,0.534370828703424,-2.87865364857685,0.00399376681141395,0.014606680920046,"WBGene00018343","WBGene00018343",NA
"WBGene00018346",63.8700856319305,-1.81590581810435,0.362049795494689,-5.01562448232619,5.28614855816319e-07,7.03490887726504e-06,"WBGene00018346","WBGene00018346",NA
"WBGene00018347",29.7147617750964,-6.45532903304075,1.23748048935051,-5.21650974588604,1.82325986815015e-07,2.84496215016049e-06,"WBGene00018347","WBGene00018347",NA
"WBGene00018350",323.778803859728,-1.23667469124696,0.409854002697786,-3.01735418736132,0.0025499168292926,0.0100707270630227,"WBGene00018350","WBGene00018350",NA
"WBGene00018354",20.4230342622031,-1.23782741304038,0.427479064343925,-2.89564452692004,0.00378380747697805,0.0139674484164378,"WBGene00018354","WBGene00018354",NA
"WBGene00018355",114.594343979934,2.47011001500737,0.560267860926649,4.40880190936163,1.03944043579438e-05,9.05897692000555e-05,"WBGene00018355","WBGene00018355",NA
"WBGene00018359",37.6502447949994,-4.5242593267371,0.884344950889263,-5.11594409193797,3.1217552496921e-07,4.48885792594056e-06,"WBGene00018359","WBGene00018359",NA
"WBGene00018360",24.691531586164,-5.52267882873253,1.14852456483173,-4.80849865805146,1.52068049639451e-06,1.75424425625236e-05,"WBGene00018360","WBGene00018360",NA
"WBGene00018373",117.589357334183,-1.09800437814658,0.455670405177051,-2.40964601973646,0.0159680048176662,0.0462098993437748,"WBGene00018373","WBGene00018373",NA
"WBGene00018374",118.424051252215,-1.45637716847994,0.350110254293851,-4.15976724651313,3.18572070868486e-05,0.000235558748521638,"WBGene00018374","WBGene00018374",NA
"WBGene00018376",138.855445700636,-1.15666799071164,0.404408120941875,-2.86015025617619,0.00423440329274963,0.0153143538115563,"WBGene00018376","WBGene00018376",NA
"WBGene00018380",75.0334592183938,-5.51210168642566,1.00676023253493,-5.47508881290106,4.37292236507423e-08,8.1489151713176e-07,"WBGene00018380","WBGene00018380",NA
"WBGene00018384",153.567230085119,-1.63584004748328,0.39952469673061,-4.09446540068658,4.23143593870205e-05,0.000299702249117286,"WBGene00018384","WBGene00018384",NA
"WBGene00018394",13.246120009718,-3.21986364117561,0.940488068746039,-3.42360923883774,0.000617954093855369,0.00302687383943619,"WBGene00018394","WBGene00018394",NA
"WBGene00018398",71.8254709134861,-1.31440943484402,0.345074247146178,-3.80906267481392,0.000139494598496538,0.000844113588616013,"WBGene00018398","WBGene00018398",NA
"WBGene00018400",320.429284716573,-1.30823906752161,0.191618315572465,-6.82731743890566,8.65171172491577e-12,4.33890932225337e-10,"WBGene00018400","WBGene00018400",NA
"WBGene00018405",117.333940249509,-1.03105327036222,0.294207658742205,-3.50450860038849,0.000457450792073153,0.00233512291825056,"WBGene00018405","WBGene00018405",NA
"WBGene00018435",31.5362702958166,-1.62846663889712,0.575515246296691,-2.8295803619034,0.00466090930372237,0.0166172054572472,"WBGene00018435","WBGene00018435",NA
"WBGene00018437",65.5639521532229,2.20667358551542,0.712734185609582,3.09606811356763,0.0019610530835798,0.00806013630241984,"WBGene00018437","WBGene00018437",NA
"WBGene00018438",263.860252651591,1.36651903155959,0.550542762790696,2.48213058806317,0.0130599403985159,0.0393063230397953,"WBGene00018438","WBGene00018438",NA
"WBGene00018444",18.8778980260727,2.21759340613121,0.769712685287388,2.88106646612329,0.00396332052920903,0.0145064635912893,"WBGene00018444","WBGene00018444",NA
"WBGene00018452",19.9050490073846,2.72968534211078,0.715495975466981,3.81509531249174,0.000136130380107109,0.000826555447268865,"WBGene00018452","WBGene00018452",NA
"WBGene00018456",32.8617612190497,3.32339208695475,0.685675893909137,4.84688482776842,1.25415185584515e-06,1.48145392360288e-05,"WBGene00018456","WBGene00018456",NA
"WBGene00018458",20.3677625453536,2.22255814221662,0.910815778923219,2.44018405658735,0.0146797804552512,0.0432347212130447,"WBGene00018458","WBGene00018458",NA
"WBGene00018459",165.458379862226,-1.86004428359233,0.466216059015992,-3.98966154773431,6.61676415781819e-05,0.000443798264231325,"WBGene00018459","WBGene00018459",NA
"WBGene00018468",19.5277460666413,-1.78842643903011,0.707911870104202,-2.52634051575779,0.0115257706349261,0.0354274924053761,"WBGene00018468","WBGene00018468",NA
"WBGene00018470",50.9639196314881,-1.8201878418224,0.749583561621714,-2.42826541964774,0.0151712359304273,0.0443531346192671,"WBGene00018470","WBGene00018470",NA
"WBGene00018471",19.4234792704044,-2.60102939864655,0.713630625137058,-3.64478387982158,0.000267616594604897,0.00148487732402476,"WBGene00018471","WBGene00018471",NA
"WBGene00018489",112.919289539713,3.20073743697392,0.707326975783818,4.5251171615886,6.03620565809283e-06,5.79418989060583e-05,"WBGene00018489","WBGene00018489",NA
"WBGene00018497",34.6365754772253,-5.74590702856441,1.12700981076541,-5.09836469361526,3.42600287412711e-07,4.88213948952132e-06,"WBGene00018497","WBGene00018497",NA
"WBGene00018500",13.2111333578366,-6.12388728104826,1.62582249617494,-3.76663952888824,0.000165459629928286,0.000975624789837046,"WBGene00018500","WBGene00018500",NA
"WBGene00018522",1267.437645494,-1.36866007302128,0.333901708487895,-4.09899092526175,4.14955303207141e-05,0.000295366342068708,"WBGene00018522","WBGene00018522",NA
"WBGene00018525",21.2441131193001,-5.24353093823986,1.17639757071249,-4.45727793798834,8.30069512381625e-06,7.49001486140818e-05,"WBGene00018525","WBGene00018525",NA
"WBGene00018528",45.0491993976512,-8.83504083335792,1.39937043622683,-6.31358259731436,2.72648698489766e-10,9.50479962808348e-09,"WBGene00018528","WBGene00018528",NA
"WBGene00018530",21.2441131193001,-5.24353093823986,1.17639757071249,-4.45727793798834,8.30069512381625e-06,7.49001486140818e-05,"WBGene00018530","WBGene00018530",NA
"WBGene00018531",85.404807699283,-5.02965857180481,0.929281878511773,-5.41241434715127,6.21806002738953e-08,1.09317013495054e-06,"WBGene00018531","WBGene00018531",NA
"WBGene00018538",57.1026950182226,-2.26873669791517,0.775294692576812,-2.92628947371569,0.00343031589147764,0.012868636492622,"WBGene00018538","WBGene00018538",NA
"WBGene00018543",14.3313900701177,2.36684138451318,0.899274498435334,2.63194540558116,0.00848975039503073,0.0273869095286147,"WBGene00018543","WBGene00018543",NA
"WBGene00018547",49.3794528967411,3.8265188760967,0.710005912907036,5.38941832248898,7.06860962571211e-08,1.22627828105903e-06,"WBGene00018547","WBGene00018547",NA
"WBGene00018548",94.4798402971183,-5.4432089387269,1.41602380858506,-3.84400947620079,0.000121040328555615,0.000747959107672031,"WBGene00018548","WBGene00018548",NA
"WBGene00018561",55.6896036512982,2.49074794082581,0.570097932782994,4.36898258631978,1.24826718509194e-05,0.000106553269134491,"WBGene00018561","WBGene00018561",NA
"WBGene00018563",75.6327072116763,-4.65816883397398,0.76180432745355,-6.11465262942866,9.67675153095689e-10,2.92409745522129e-08,"WBGene00018563","WBGene00018563",NA
"WBGene00018575",29.9725038752819,-3.95877067767495,1.1349067059945,-3.48819040081884,0.000486301645278656,0.00245955747203391,"WBGene00018575","WBGene00018575",NA
"WBGene00018576",44.0404302607419,-1.16777482285417,0.375170992362408,-3.11264689069063,0.00185417716977711,0.00769952187322028,"WBGene00018576","WBGene00018576",NA
"WBGene00018579",38.7381920326607,-1.76809849393315,0.437190593395857,-4.04422812531152,5.24957859727932e-05,0.000362649719144095,"WBGene00018579","WBGene00018579",NA
"WBGene00018594",38.9347443323728,-1.31743536078979,0.523351445114688,-2.51730528899387,0.0118256312659107,0.036224549439276,"WBGene00018594","WBGene00018594",NA
"WBGene00018606",116.206055511964,3.61522212444771,0.638894643602993,5.65855757384342,1.52650508169896e-08,3.26133589427851e-07,"WBGene00018606","WBGene00018606",NA
"WBGene00018621",10.7445389220986,-1.87905295190932,0.738004597663184,-2.54612634915711,0.0108925754521238,0.0337643853691618,"WBGene00018621","WBGene00018621",NA
"WBGene00018645",16.1784873012858,-5.89115360764955,1.38817690987528,-4.2438060781308,2.1976027947176e-05,0.000171453803192679,"WBGene00018645","WBGene00018645",NA
"WBGene00018667",56.81666064067,-1.01342996488175,0.334006437355719,-3.03416297274068,0.0024120409127329,0.00958445948448465,"WBGene00018667","WBGene00018667",NA
"WBGene00018682",256.407673693346,1.6435964738409,0.28657654196251,5.73527917737217,9.7351854984794e-09,2.21568481416825e-07,"WBGene00018682","WBGene00018682",NA
"WBGene00018694",26.8250713005793,-2.34149139747088,0.70879266732388,-3.30349269316149,0.000954884578265528,0.00434110872397565,"WBGene00018694","WBGene00018694",NA
"WBGene00018731",352.26665272579,-2.08031813922409,0.410209430940147,-5.07135619592234,3.94990679006888e-07,5.50478517613374e-06,"WBGene00018731","WBGene00018731",NA
"WBGene00018743",333.545879917305,3.48321772155797,0.434930687743262,8.0086731511898,1.15952621773703e-15,1.11228914296076e-13,"WBGene00018743","WBGene00018743",NA
"WBGene00018745",17.990648399828,-7.57545506852075,1.45513676591183,-5.20600897866378,1.92945313699141e-07,2.98459671937427e-06,"WBGene00018745","WBGene00018745",NA
"WBGene00018746",52.4365351210876,1.6859654920425,0.654360736115376,2.57650772577106,0.00998039751217256,0.0313485546327276,"WBGene00018746","WBGene00018746",NA
"WBGene00018766",20.3109046998344,3.85909916332646,0.71604304083582,5.38947932350802,7.06621088144494e-08,1.22627828105903e-06,"WBGene00018766","WBGene00018766",NA
"WBGene00018773",33.4222327349117,-4.32022667833902,0.787989304369393,-5.48259558141641,4.19130416263372e-08,7.87205130046304e-07,"WBGene00018773","WBGene00018773",NA
"WBGene00018783",21.3715234169724,-2.74052719121082,0.887482130534952,-3.08798013719881,0.00201521939871547,0.00824135360968248,"WBGene00018783","WBGene00018783",NA
"WBGene00018789",56.4614662600236,-1.55311340951383,0.485008569925916,-3.20223910631325,0.00136363758877304,0.00590262630415903,"WBGene00018789","WBGene00018789",NA
"WBGene00018792",24.7826987771367,-7.14160950897033,1.39660897350086,-5.11353545944114,3.16184369122134e-07,4.53282165282113e-06,"WBGene00018792","WBGene00018792",NA
"WBGene00018803",52.5832376400021,-2.15299107401122,0.496762187921786,-4.3340478127337,1.46392358333391e-05,0.000121862899106532,"WBGene00018803","WBGene00018803",NA
"WBGene00018804",26.3514685891726,-1.72933534911999,0.599799660767673,-2.88318827474267,0.00393672069309618,0.0144194046268826,"WBGene00018804","WBGene00018804",NA
"WBGene00018807",33.7733408161406,-1.78526317882598,0.431223667774113,-4.13999349349524,3.47315672392524e-05,0.000253792582081101,"WBGene00018807","WBGene00018807",NA
"WBGene00018828",34.858058042617,1.97838563511907,0.790202123283179,2.50364505083731,0.0122921282951469,0.0374050222956217,"WBGene00018828","WBGene00018828",NA
"WBGene00018839",10.49775699392,-3.83674048746623,1.13492185979731,-3.38062083688427,0.000723222668258665,0.00344337828028684,"WBGene00018839","WBGene00018839",NA
"WBGene00018840",16.0667582709361,-4.09185867657079,1.01817821449802,-4.01880399551483,5.84943045204273e-05,0.000398692939680719,"WBGene00018840","WBGene00018840",NA
"WBGene00018841",19.4422392930656,-5.71108956914621,1.43168363652847,-3.9890723225659,6.63321971392417e-05,0.000444693289733199,"WBGene00018841","WBGene00018841",NA
"WBGene00018871",12.5713374731656,-1.66336142935549,0.67144159161941,-2.47729877046153,0.0132381034591159,0.0397588175543483,"WBGene00018871","WBGene00018871",NA
"WBGene00018878",153.449566946621,2.06332082430741,0.280540989359933,7.35479271323229,1.91223627933556e-13,1.32677636604579e-11,"WBGene00018878","WBGene00018878",NA
"WBGene00018895",35.4774675731769,-4.31958693241074,1.0546998781471,-4.09556028393536,4.21148617006583e-05,0.000298881687332427,"WBGene00018895","WBGene00018895",NA
"WBGene00018910",296.968810207135,3.72188769570058,0.304229330739505,12.2338227108267,2.05056394065681e-34,1.72404178845928e-31,"WBGene00018910","WBGene00018910",NA
"WBGene00018926",59.819185381432,-5.37249304977918,1.69492336714885,-3.16975572696047,0.00152567139035294,0.00651326797560174,"WBGene00018926","WBGene00018926",NA
"WBGene00018930",73.2313889861292,-4.93600650340019,1.30042423688809,-3.79568940918237,0.000147233734395123,0.000883464217342354,"WBGene00018930","WBGene00018930",NA
"WBGene00018946",51.8035250954212,1.88245266655406,0.526893186604151,3.57274057515632,0.000353264689961804,0.00187601085143151,"WBGene00018946","WBGene00018946",NA
"WBGene00018949",12.5336637995212,-4.61135768721645,1.06808701435188,-4.31739888721954,1.57878692562963e-05,0.000129389917018488,"WBGene00018949","WBGene00018949",NA
"WBGene00018965",10.8911871606385,2.87750457511745,0.717698520454726,4.00935001690444,6.08861106197016e-05,0.000413072644819721,"WBGene00018965","WBGene00018965",NA
"WBGene00018971",12.4859903521822,4.78749171153582,1.04242374805033,4.59265411066273,4.37644099835094e-06,4.37429868457552e-05,"WBGene00018971","WBGene00018971",NA
"WBGene00018980",13.0395499942145,-5.21038681039407,1.45932738939683,-3.57040294607754,0.000356432502770268,0.00188894688991303,"WBGene00018980","WBGene00018980",NA
"WBGene00018985",21.0581786740562,-1.18121293821605,0.490647801908217,-2.40745588510149,0.0160641028710669,0.0464389715611263,"WBGene00018985","WBGene00018985",NA
"WBGene00018986",137.434707782011,-1.23495914809968,0.234122533843429,-5.27484103228427,1.32871213626019e-07,2.14833513162522e-06,"WBGene00018986","WBGene00018986",NA
"WBGene00018990",112.327070011994,-1.29511865581757,0.538637790796234,-2.404433327827,0.0161975605314928,0.0467322835439293,"WBGene00018990","WBGene00018990",NA
"WBGene00018999",19.4093556147749,-2.80018448884515,0.884009075751734,-3.16759699153989,0.00153704429048176,0.00654422819298652,"WBGene00018999","WBGene00018999",NA
"WBGene00019014",43.7828355247039,-1.24287335823468,0.45768150177382,-2.71558573684477,0.00661586436997163,0.0222915015181529,"WBGene00019014","WBGene00019014",NA
"WBGene00019015",48.9629790398247,-5.53902099512665,1.08108042626167,-5.12359752389596,2.99760488655223e-07,4.34090847451783e-06,"WBGene00019015","WBGene00019015",NA
"WBGene00019020",23.6601441322602,-4.35413311502944,0.877541026497831,-4.96174307930229,6.98633669646831e-07,8.98791272750869e-06,"WBGene00019020","WBGene00019020",NA
"WBGene00019022",102.819818064548,-1.34329971945035,0.266881395439707,-5.03332095231726,4.8205504747427e-07,6.50614994669475e-06,"WBGene00019022","WBGene00019022",NA
"WBGene00019024",31.9367014687906,-4.06994165913921,0.87966786962572,-4.62667990916944,3.71574104333427e-06,3.79786525131469e-05,"WBGene00019024","WBGene00019024",NA
"WBGene00019026",75.7432323867339,-6.16523542093918,1.44439168457407,-4.26839581450319,1.96883745888133e-05,0.000156248299470328,"WBGene00019026","WBGene00019026",NA
"WBGene00019035",38.8097398942556,2.56087117763791,0.971439549165084,2.63616112792493,0.00838499050510028,0.0271453384573949,"WBGene00019035","WBGene00019035",NA
"WBGene00019040",11.0078847069906,3.10457987656138,0.857506910848594,3.62047213530801,0.000294065920776056,0.0016085282072913,"WBGene00019040","WBGene00019040",NA
"WBGene00019041",13.3974605321943,2.47436707047053,0.81822962399167,3.02404972628529,0.00249415439517909,0.00987855206849575,"WBGene00019041","WBGene00019041",NA
"WBGene00019043",23.7100301206864,2.36353571898091,0.793435851350433,2.97886176299968,0.00289321273148355,0.0112188522981808,"WBGene00019043","WBGene00019043",NA
"WBGene00019045",11.30795267561,2.31263590976914,0.948742295469932,2.43758070111509,0.0147859134392623,0.043448820063194,"WBGene00019045","WBGene00019045",NA
"WBGene00019048",11.9022504008789,-1.67732578951615,0.637300066661239,-2.63192470432887,0.00849026769196751,0.0273869095286147,"WBGene00019048","WBGene00019048",NA
"WBGene00019063",22.3306949828203,-4.71934572911555,1.18392200050289,-3.986196495302,6.71409154219965e-05,0.000449541161552496,"WBGene00019063","WBGene00019063",NA
"WBGene00019064",230.360214975775,-1.09935867405564,0.441275437691137,-2.4913207945762,0.0127269151713018,0.0384807195601423,"WBGene00019064","WBGene00019064",NA
"WBGene00019081",22.0242142317134,-5.8366203717965,1.40018478876018,-4.16846434745562,3.06658715438108e-05,0.000227928914183925,"WBGene00019081","WBGene00019081",NA
"WBGene00019084",10.5550254175392,-5.57064016125769,1.60220428088713,-3.47686011559853,0.000507322428175914,0.00254873794935618,"WBGene00019084","WBGene00019084",NA
"WBGene00019086",45.7272967222166,-4.06905538204492,0.968130676536474,-4.20300221928937,2.63398005250301e-05,0.000201431123009233,"WBGene00019086","WBGene00019086",NA
"WBGene00019090",26.1853806306215,1.89898199994944,0.544750995423273,3.48596334087269,0.000490368199396683,0.00247399670807511,"WBGene00019090","WBGene00019090",NA
"WBGene00019100",113.584888370622,1.40231774435625,0.364096483429867,3.85150038019075,0.000117396347819132,0.000727959218819457,"WBGene00019100","WBGene00019100",NA
"WBGene00019108",24.4065310803801,-1.64687149380387,0.470323508330729,-3.50157171528368,0.000462522473144588,0.00235848509049432,"WBGene00019108","WBGene00019108",NA
"WBGene00019111",78.2765886959052,-1.85060543996788,0.54065346486036,-3.42290498488871,0.000619557296459227,0.0030310847932246,"WBGene00019111","WBGene00019111",NA
"WBGene00019113",25.3059630371748,-1.78952862544595,0.67526706423332,-2.65010500323711,0.00804667578526144,0.0261567289057861,"WBGene00019113","WBGene00019113",NA
"WBGene00019115",26.2404199731681,-1.3723514649588,0.421280170092326,-3.25757432318269,0.00112368828003426,0.00498320713202906,"WBGene00019115","WBGene00019115",NA
"WBGene00019116",42.8713923711712,-1.50296920985657,0.389181374621378,-3.8618734293715,0.000112520859808758,0.000701378390425896,"WBGene00019116","WBGene00019116",NA
"WBGene00019117",39.0701159639327,-2.29436717452027,0.419120559710894,-5.47424153113106,4.39389437973264e-08,8.15413048870105e-07,"WBGene00019117","WBGene00019117",NA
"WBGene00019151",63.3721153811493,-4.41179634478226,0.947547025753374,-4.65601835568482,3.22383204663932e-06,3.34384843560347e-05,"WBGene00019151","WBGene00019151",NA
"WBGene00019156",17.6097390118434,-1.32002847573534,0.461354278954527,-2.86120349577477,0.0042203606457962,0.0152829021308247,"WBGene00019156","WBGene00019156",NA
"WBGene00019164",388.984180584709,-1.00306369798254,0.334955591819762,-2.99461696558952,0.00274789676312992,0.0107339951996217,"WBGene00019164","WBGene00019164",NA
"WBGene00019165",29.9501167450321,-4.28282769103507,0.953757790151812,-4.49047728391645,7.10637540753346e-06,6.61272289712733e-05,"WBGene00019165","WBGene00019165",NA
"WBGene00019166",129.851983087629,-1.87420589336723,0.396150111379655,-4.73104977009855,2.23361745535393e-06,2.43703009842547e-05,"WBGene00019166","WBGene00019166",NA
"WBGene00019169",11.6246511898832,-6.70431813599735,1.93060350546429,-3.47265407786828,0.00051533911078264,0.00257994462711603,"WBGene00019169","WBGene00019169",NA
"WBGene00019176",29.7796858203777,-1.45628971722886,0.496324078273694,-2.93415085218937,0.00334461610545798,0.0126066977835736,"WBGene00019176","WBGene00019176",NA
"WBGene00019189",43.1969024644967,-1.07253095051375,0.325588316275144,-3.29413218135073,0.000987260604738285,0.00445983433107595,"WBGene00019189","WBGene00019189",NA
"WBGene00019204",76.0327820932538,-1.61207674538737,0.575389359730266,-2.80171455750082,0.00508318272971465,0.0178818436514427,"WBGene00019204","WBGene00019204",NA
"WBGene00019208",10.5295051690151,2.50527570985771,0.849338697211362,2.94967804726582,0.00318105224228911,0.0120858000263259,"WBGene00019208","WBGene00019208",NA
"WBGene00019212",14.8225702334622,1.34038212664428,0.55685847973483,2.40704267856809,0.0160822903189218,0.0464559772692704,"WBGene00019212","WBGene00019212",NA
"WBGene00019216",16.7785111260761,-6.11140151114237,1.48947127028471,-4.10306773488434,4.07707822512813e-05,0.000290931997362737,"WBGene00019216","WBGene00019216",NA
"WBGene00019225",171.147884694573,-1.00095883638619,0.304604933492216,-3.28608872125101,0.0010158900679984,0.00456320450719709,"WBGene00019225","WBGene00019225",NA
"WBGene00019227",47.7727022201825,-1.0323836837082,0.369618321076696,-2.79310744310745,0.00522043490906111,0.0182613010658861,"WBGene00019227","WBGene00019227",NA
"WBGene00019239",14.418582523652,2.5129977322677,0.769965650708165,3.26377901398121,0.00109936877280927,0.00489205413130848,"WBGene00019239","WBGene00019239",NA
"WBGene00019243",16.4881010534704,1.87773367948363,0.738973396735434,2.54100308316768,0.0110534944790198,0.0341890492509479,"WBGene00019243","WBGene00019243",NA
"WBGene00019248",33.3872468580742,-5.49979165675982,1.05884501263627,-5.19414228817741,2.05665803351974e-07,3.15067666378325e-06,"WBGene00019248","WBGene00019248",NA
"WBGene00019255",35.6238094658633,-3.46302671848457,0.80578508741238,-4.29770514816227,1.7257551437622e-05,0.000139278476961,"WBGene00019255","WBGene00019255",NA
"WBGene00019257",10.0970248573628,-3.52235643009712,1.42665803412906,-2.46895636223534,0.0135507742072196,0.0405445291487942,"WBGene00019257","WBGene00019257",NA
"WBGene00019260",27.8983720400365,-4.16490035379847,0.99711772716666,-4.17693943285228,2.95457656384234e-05,0.000221562239386141,"WBGene00019260","WBGene00019260",NA
"WBGene00019272",21.6741687592291,3.56587452001676,1.04575995248359,3.40984038597777,0.000650009088829489,0.00315138748347729,"WBGene00019272","WBGene00019272",NA
"WBGene00019273",24.5778606495845,-3.48631962744374,0.927383659680602,-3.75930672386923,0.00017038484604001,0.00100259802571011,"WBGene00019273","WBGene00019273",NA
"WBGene00019278",17.2620737831931,3.15918721635342,0.646825117827879,4.8841443062112,1.03878978600812e-06,1.25825613656051e-05,"WBGene00019278","WBGene00019278",NA
"WBGene00019282",93.7249459220398,1.50700579858492,0.36119770374464,4.17224634310064,3.01611287702181e-05,0.000224996353607895,"WBGene00019282","WBGene00019282",NA
"WBGene00019294",194.980824900668,-1.11140236964695,0.26431763255944,-4.20479844225685,2.61314923570558e-05,0.000200159389206537,"WBGene00019294","WBGene00019294",NA
"WBGene00019310",14.5738932041992,4.95036969026922,1.06719822623775,4.63865996828071,3.50675453221547e-06,3.62415347280952e-05,"WBGene00019310","WBGene00019310",NA
"WBGene00019311",29.8526709150181,2.50647888474144,0.520149778581374,4.8187637252821,1.4445049483213e-06,1.67992752045211e-05,"WBGene00019311","WBGene00019311",NA
"WBGene00019313",72.2344971900679,2.12304566219871,0.834023979150593,2.54554511053856,0.0109107265367608,0.0338133162163752,"WBGene00019313","WBGene00019313",NA
"WBGene00019317",68.609764620695,1.28039695737623,0.356081352439483,3.59579896168203,0.00032339748609977,0.00174096660630263,"WBGene00019317","WBGene00019317",NA
"WBGene00019318",20.3225622379741,2.84707073669839,0.718390698788081,3.96312304920063,7.39756281337727e-05,0.000490642066318336,"WBGene00019318","WBGene00019318",NA
"WBGene00019332",311.443548646258,-1.10807737459559,0.2072424628321,-5.34676802935564,8.95386504285504e-08,1.51426844821839e-06,"WBGene00019332","WBGene00019332",NA
"WBGene00019337",56.2400663161519,-4.1082276436154,0.819018685876741,-5.01603652573279,5.27483049377982e-07,7.03294330667864e-06,"WBGene00019337","WBGene00019337",NA
"WBGene00019343",34.5311997286449,-1.72461070442086,0.489511540259036,-3.52312573368187,0.000426488980973686,0.00219985817576936,"WBGene00019343","WBGene00019343",NA
"WBGene00019361",190.27854807949,-1.02760133429807,0.379884937449221,-2.70503311133631,0.00682975813678461,0.0228773688889295,"WBGene00019361","WBGene00019361",NA
"WBGene00019373",91.5519350902797,-1.14182042434835,0.309673315753099,-3.68717731320034,0.000226755360901308,0.00128662738124748,"WBGene00019373","WBGene00019373",NA
"WBGene00019376",16.9628008612496,-2.65294147107901,0.789826340877413,-3.35889211814825,0.000782556110453445,0.00368172300418403,"WBGene00019376","WBGene00019376",NA
"WBGene00019388",13.3956713932361,2.43862118255971,1.02475568040387,2.37970984615437,0.0173262747583027,0.0494497693930552,"WBGene00019388","WBGene00019388",NA
"WBGene00019394",43.1486088888132,-1.06302274598168,0.395063449628758,-2.69076460244704,0.00712884767842782,0.0236793115051435,"WBGene00019394","WBGene00019394",NA
"WBGene00019406",174.248241160252,-5.66895877672012,1.20677127654834,-4.69762488293121,2.63204255703523e-06,2.80326261309273e-05,"WBGene00019406","WBGene00019406",NA
"WBGene00019407",103.779389793678,1.55298996566253,0.32864869596103,4.72537997183071,2.2968546983494e-06,2.49270646951465e-05,"WBGene00019407","WBGene00019407",NA
"WBGene00019410",80.6557569495547,-6.41980522252624,1.05550871914178,-6.08219061207387,1.18551508172486e-09,3.47937722034771e-08,"WBGene00019410","WBGene00019410",NA
"WBGene00019411",50.7481025932897,-2.05171806100543,0.620879431259287,-3.30453540205717,0.000951339600115579,0.00433383315842905,"WBGene00019411","WBGene00019411",NA
"WBGene00019414",18.6062997922232,3.19440540874297,0.715426780671618,4.4650347108116,8.00557717867029e-06,7.27886225284571e-05,"WBGene00019414","WBGene00019414",NA
"WBGene00019425",12.5865340550039,-5.76743490945678,1.6050100431532,-3.59339490370171,0.000326397333370099,0.00175317440280301,"WBGene00019425","WBGene00019425",NA
"WBGene00019426",47.5992547798113,2.36695098056224,0.457734246969983,5.17101570666933,2.32824994760147e-07,3.48822604832995e-06,"WBGene00019426","WBGene00019426",NA
"WBGene00019428",73.3260904337644,-1.25468321740221,0.276655458256843,-4.53518331179058,5.75534761064091e-06,5.54320642849667e-05,"WBGene00019428","WBGene00019428",NA
"WBGene00019430",280.198968773105,-5.02811919313199,1.09961518420415,-4.57261709856354,4.81669876090358e-06,4.74139637669386e-05,"WBGene00019430","WBGene00019430",NA
"WBGene00019431",17.5557147293915,-4.27589687172494,0.947402631825464,-4.51328371706769,6.38315404461707e-06,6.05404251889262e-05,"WBGene00019431","WBGene00019431",NA
"WBGene00019435",67.7601774157666,-2.16937458672025,0.496236510286769,-4.37165452712577,1.23308530747063e-05,0.000105472700776048,"WBGene00019435","WBGene00019435",NA
"WBGene00019459",14.9697259605887,-3.93190232218171,1.11600760469375,-3.52318595827191,0.000426392075974191,0.00219985817576936,"WBGene00019459","WBGene00019459",NA
"WBGene00019461",41.1145172676166,-4.53364318659147,1.01173832198265,-4.48104325801075,7.42790527578133e-06,6.84948710366081e-05,"WBGene00019461","WBGene00019461",NA
"WBGene00019473",15.7512342640197,2.87140957359268,0.994060758627648,2.88856546108591,0.00387003467150848,0.0142159870367182,"WBGene00019473","WBGene00019473",NA
"WBGene00019480",42.5214438199815,-1.14559232186078,0.320258749383849,-3.57708360525606,0.000347449070886031,0.00185045277960413,"WBGene00019480","WBGene00019480",NA
"WBGene00019489",367.421170327819,-2.43907318432354,0.498987790616891,-4.8880418122218,1.01843903419122e-06,1.23991048685648e-05,"WBGene00019489","WBGene00019489",NA
"WBGene00019491",95.2124358509085,1.44952028809439,0.314636221832621,4.60697207604249,4.08574843990535e-06,4.12121400505061e-05,"WBGene00019491","WBGene00019491",NA
"WBGene00019492",1223.73066058238,-1.30137732855578,0.278208910130676,-4.67769823743071,2.90113057724101e-06,3.06473461496717e-05,"WBGene00019492","WBGene00019492",NA
"WBGene00019495",27.9384110224541,-5.24238852080306,1.0157871590447,-5.16091237630261,2.45749192207598e-07,3.66266236102524e-06,"WBGene00019495","WBGene00019495",NA
"WBGene00019501",11.2109276252038,-3.76036201859265,1.08229442321105,-3.47443536430323,0.000511929682070635,0.00256467260632162,"WBGene00019501","WBGene00019501",NA
"WBGene00019511",373.886772166687,1.23213084417408,0.223709236353896,5.50773345015093,3.63483214436795e-08,6.97351085093303e-07,"WBGene00019511","WBGene00019511",NA
"WBGene00019512",31.5004181682728,-4.66120922877584,0.85682658433942,-5.44008474289981,5.32552330823033e-08,9.6596071883929e-07,"WBGene00019512","WBGene00019512",NA
"WBGene00019514",15.265840251412,6.60928821831858,1.32612869548769,4.9838965409673,6.23164085653496e-07,8.09716752385947e-06,"WBGene00019514","WBGene00019514",NA
"WBGene00019519",36.947467131983,-1.74783571074706,0.381070105580984,-4.58665134091871,4.50411935276799e-06,4.48310431121956e-05,"WBGene00019519","WBGene00019519",NA
"WBGene00019530",17.0712185701603,-4.53607978158239,1.1848006385076,-3.82855953495782,0.000128895453245378,0.000788656983405903,"WBGene00019530","WBGene00019530",NA
"WBGene00019531",33.386330327778,-3.7960837391178,0.799579156471424,-4.74760217095963,2.05842414055711e-06,2.27365195061691e-05,"WBGene00019531","WBGene00019531",NA
"WBGene00019540",10825.9966167657,-1.55756247145007,0.331738969760698,-4.69514471746757,2.66418041732394e-06,2.83537831011252e-05,"WBGene00019540","WBGene00019540",NA
"WBGene00019547",21.8740278346456,-3.01864431437884,0.66133198247339,-4.56449165378192,5.00706119360547e-06,4.90513541056909e-05,"WBGene00019547","WBGene00019547",NA
"WBGene00019550",10.1620323211039,-2.67010616754605,0.776510007349138,-3.438598527096,0.000584733709540417,0.00288491505366282,"WBGene00019550","WBGene00019550",NA
"WBGene00019556",17.0260903246138,-5.82045312158654,1.37423093532647,-4.23542577303705,2.28119050519683e-05,0.00017729774818259,"WBGene00019556","WBGene00019556",NA
"WBGene00019561",81.6255788011418,-5.16985185736557,0.865078916231391,-5.97616212852278,2.28455645395557e-09,6.12629744772738e-08,"WBGene00019561","WBGene00019561",NA
"WBGene00019564",91.3366599661437,2.76646618633945,0.521215512510228,5.30772035739279,1.11004768701896e-07,1.82786999891268e-06,"WBGene00019564","WBGene00019564",NA
"WBGene00019565",21.3341344844997,3.10740926905042,0.740639438325779,4.19557629293242,2.72178647456565e-05,0.000206818150350701,"WBGene00019565","WBGene00019565",NA
"WBGene00019572",370.627342098214,-2.33923085684673,0.311366853679729,-7.51278059691241,5.78844957057878e-14,4.40076115490864e-12,"WBGene00019572","WBGene00019572",NA
"WBGene00019576",42.3760616613274,1.37413210115889,0.526734130737751,2.60877740964737,0.00908663273303903,0.0290159163658014,"WBGene00019576","WBGene00019576",NA
"WBGene00019579",22.4855218900559,-2.05524704223017,0.492768855812434,-4.17081359340712,3.03514065361802e-05,0.000226179694276133,"WBGene00019579","WBGene00019579",NA
"WBGene00019586",69.5094056259631,-4.43799082330269,0.720851165270756,-6.15659797350227,7.43242025479688e-10,2.29938490696562e-08,"WBGene00019586","WBGene00019586",NA
"WBGene00019589",11.659194836987,-1.78093539821188,0.654997753538445,-2.71899466615094,0.00654806639998784,0.0221127259289219,"WBGene00019589","WBGene00019589",NA
"WBGene00019591",41.8298156300575,3.14741573360384,0.704674162265859,4.4664838050588,7.95156785501362e-06,7.23435769266134e-05,"WBGene00019591","WBGene00019591",NA
"WBGene00019592",45.2408898374517,-1.02973595141321,0.42154283981045,-2.44277889259426,0.0145746635891684,0.0430048857720859,"WBGene00019592","WBGene00019592",NA
"WBGene00019593",17.2659712852035,-1.59655356203976,0.617753480280379,-2.58445093877113,0.00975341797601679,0.0308010612309341,"WBGene00019593","WBGene00019593",NA
"WBGene00019624",272.613983266772,1.07240725564927,0.17369996769039,6.1739059017027,6.66232021214018e-10,2.09588878199984e-08,"WBGene00019624","WBGene00019624",NA
"WBGene00019626",19.2660844067731,-6.80800266354553,1.45612091993197,-4.67543771286768,2.93327299327642e-06,3.09183413664454e-05,"WBGene00019626","WBGene00019626",NA
"WBGene00019642",33.2822431635761,-3.9676337998119,1.17257001037307,-3.38370738183005,0.000715141767360817,0.00341286186340172,"WBGene00019642","WBGene00019642",NA
"WBGene00019660",129.922326673933,4.38620884675202,0.380267743751273,11.5345277605796,8.83707796577844e-31,5.49166762455962e-28,"WBGene00019660","WBGene00019660",NA
"WBGene00019661",15.0714883891473,1.7103780706552,0.523505748247554,3.26716196790718,0.00108631510645401,0.00484603677170638,"WBGene00019661","WBGene00019661",NA
"WBGene00019687",33.4495163500712,2.25140966660917,0.728484537793671,3.09053871401021,0.00199793757100258,0.00818144470304969,"WBGene00019687","WBGene00019687",NA
"WBGene00019700",67.5005670489844,2.44527171846248,0.663824314114946,3.68361276691511,0.000229951485661245,0.0013026938503988,"WBGene00019700","WBGene00019700",NA
"WBGene00019704",33.4923247075333,2.53848294701845,0.869503333388135,2.91946315734859,0.00350634838467845,0.0131057106334229,"WBGene00019704","WBGene00019704",NA
"WBGene00019705",43.4148239910135,3.82901098228642,0.571005652578309,6.70573218495643,2.00398969147314e-11,9.15112608952896e-10,"WBGene00019705","WBGene00019705",NA
"WBGene00019728",11.7988865007983,-2.44683312017703,0.862829294695277,-2.83582527299467,0.00457074445737762,0.0163364967565137,"WBGene00019728","WBGene00019728",NA
"WBGene00019729",191.333698532568,1.14259707875623,0.337216401323919,3.38832000540414,0.000703221672291762,0.00336496396453504,"WBGene00019729","WBGene00019729",NA
"WBGene00019730",1367.53769553924,1.61827853433601,0.178009113908561,9.09098696579819,9.81440395750218e-20,1.921606517323e-17,"WBGene00019730","WBGene00019730",NA
"WBGene00019732",48.648761241361,-1.25112032034476,0.415369984909105,-3.01206241615782,0.00259479238823923,0.0102281763941267,"WBGene00019732","WBGene00019732",NA
"WBGene00019738",49.1358463011301,2.52019588975081,0.645644934414948,3.90337746866161,9.48595844998855e-05,0.000606634470361013,"WBGene00019738","WBGene00019738",NA
"WBGene00019751",52.0997848639053,3.40860885318938,0.721254124518717,4.72594712087629,2.29045251953788e-06,2.48953900089391e-05,"WBGene00019751","WBGene00019751",NA
"WBGene00019759",15.5974833483945,2.07901749222977,0.708807122314917,2.93312161627247,0.00335572415670961,0.0126385679504217,"WBGene00019759","WBGene00019759",NA
"WBGene00019780",879.225147070101,-1.55285255306555,0.418712456435751,-3.70863710691594,0.000208377818995167,0.00119890682527373,"WBGene00019780","WBGene00019780",NA
"WBGene00019783",39.8703963875828,-4.91010969981845,0.894568326176994,-5.48880343305042,4.04665641681526e-08,7.63508646110348e-07,"WBGene00019783","WBGene00019783",NA
"WBGene00019785",115.74570819371,-4.70706038130264,1.15376146942698,-4.07975175634911,4.5083819969213e-05,0.00031649650783735,"WBGene00019785","WBGene00019785",NA
"WBGene00019788",67.5172812977519,2.43821059322912,0.819219160790496,2.97626167688314,0.00291785772581707,0.01128075208956,"WBGene00019788","WBGene00019788",NA
"WBGene00019791",67.5172812977519,2.43821059322912,0.819219160790496,2.97626167688314,0.00291785772581707,0.01128075208956,"WBGene00019791","WBGene00019791",NA
"WBGene00019797",13.5215422112412,2.53787147408477,0.932001364033232,2.72303407701266,0.00646853852969019,0.0218879785049389,"WBGene00019797","WBGene00019797",NA
"WBGene00019803",62.9948272945531,-1.13054143834509,0.402501477377287,-2.8087882949194,0.00497283357891801,0.0175541393784824,"WBGene00019803","WBGene00019803",NA
"WBGene00019805",50.0278709977879,-1.04944780265168,0.354637528822308,-2.95921248418554,0.00308426356961526,0.0117933063671779,"WBGene00019805","WBGene00019805",NA
"WBGene00019810",16.8297212279499,-2.81014912010625,1.01249631615293,-2.77546601925789,0.00551226593218353,0.019136948498591,"WBGene00019810","WBGene00019810",NA
"WBGene00019815",21.2751438504831,1.86256541710912,0.709484292757137,2.62523841066442,0.00865883146300873,0.0278614763846879,"WBGene00019815","WBGene00019815",NA
"WBGene00019843",45.9724263668547,2.18586488786827,0.459919264353861,4.75271435072238,2.00703808634995e-06,2.22472749807837e-05,"WBGene00019843","WBGene00019843",NA
"WBGene00019854",95.6761477871811,-1.58884228405776,0.293062570257046,-5.42151214556052,5.90969809953238e-08,1.04538756109674e-06,"WBGene00019854","WBGene00019854",NA
"WBGene00019855",39.5808434380238,4.31149042358258,0.763760341201398,5.64508287612916,1.65101697350436e-08,3.49599786700709e-07,"WBGene00019855","WBGene00019855",NA
"WBGene00019858",18.9099460495512,-1.52264309909623,0.595698822740973,-2.55606195776943,0.0105864267233946,0.0330014824770948,"WBGene00019858","WBGene00019858",NA
"WBGene00019867",81.2294942269984,1.10400427119997,0.292330531269255,3.77656164207874,0.000159008220595662,0.000943814159872839,"WBGene00019867","WBGene00019867",NA
"WBGene00019868",13.5233185847399,-1.31982555825644,0.51872666083847,-2.54435651355008,0.0109479280910043,0.0339139003477946,"WBGene00019868","WBGene00019868",NA
"WBGene00019872",53.6786402109471,1.05595346865428,0.299839154139214,3.52173308281148,0.000428735584230945,0.00220825863258122,"WBGene00019872","WBGene00019872",NA
"WBGene00019902",151.930051012668,-1.40414513407698,0.325027537215954,-4.32008052642026,1.55972274292955e-05,0.000128268798415949,"WBGene00019902","WBGene00019902",NA
"WBGene00019904",26.5096926344042,-1.51594623806604,0.602198255615117,-2.51735408385992,0.0118239934569052,0.036224549439276,"WBGene00019904","WBGene00019904",NA
"WBGene00019912",15.4997196713446,-5.31351266769495,1.65873972432082,-3.20334323088006,0.00135841975914416,0.00589074442276926,"WBGene00019912","WBGene00019912",NA
"WBGene00019918",120.09208308159,1.48285183914165,0.457696102019298,3.23981749593124,0.00119606226842985,0.00526820277431983,"WBGene00019918","WBGene00019918",NA
"WBGene00019920",34.1684982266612,-4.61997338658947,1.02227875881214,-4.51928923179208,6.20475822947659e-06,5.92415560279953e-05,"WBGene00019920","WBGene00019920",NA
"WBGene00019921",30.2127090397124,5.28469038071254,0.775853518398806,6.81145378011431,9.66173402419071e-12,4.74566383221333e-10,"WBGene00019921","WBGene00019921",NA
"WBGene00019923",52.2660519849423,3.16566299847404,0.683969100189987,4.62837136589169,3.68552675309062e-06,3.77629653638414e-05,"WBGene00019923","WBGene00019923",NA
"WBGene00019924",41.3155233885974,1.63350689321315,0.34896354071954,4.68102452721843,2.85444782009488e-06,3.01764960744202e-05,"WBGene00019924","WBGene00019924",NA
"WBGene00019927",39.4014662239333,4.65615860404526,0.703044383232403,6.62285157963645,3.52334751680901e-11,1.52603654720458e-09,"WBGene00019927","WBGene00019927",NA
"WBGene00019929",16.3960979558704,-2.77627339773051,1.15239005413118,-2.40914383786801,0.0159899946257746,0.0462548053402544,"WBGene00019929","WBGene00019929",NA
"WBGene00019931",45.1135575037044,-3.38106580162966,0.576261411478706,-5.86724311966983,4.43100732094825e-09,1.10527727117475e-07,"WBGene00019931","WBGene00019931",NA
"WBGene00019932",111.341478037489,-2.06520967312684,0.412486452156054,-5.00673334198505,5.53615382539381e-07,7.32668950244016e-06,"WBGene00019932","WBGene00019932",NA
"WBGene00019935",64.3223361967104,-1.73097355692847,0.413814536591622,-4.18296943163383,2.87726091726958e-05,0.000217360942338975,"WBGene00019935","WBGene00019935",NA
"WBGene00019944",84.5969636020319,-1.18567545915863,0.274312074223683,-4.32235971571485,1.54369235642928e-05,0.000127169999138004,"WBGene00019944","WBGene00019944",NA
"WBGene00019949",18.7490508877734,-5.34612038155143,1.38031384228148,-3.87311944413669,0.000107451132882594,0.0006747798955584,"WBGene00019949","WBGene00019949",NA
"WBGene00019950",17.8430881627529,-4.97245328294288,1.26198969582442,-3.94016947950952,8.14240644136399e-05,0.000534340749616233,"WBGene00019950","WBGene00019950",NA
"WBGene00019951",11.0992437498905,-4.61764003650809,1.40236361230947,-3.29275517132362,0.000992108252459036,0.0044774876073246,"WBGene00019951","WBGene00019951",NA
"WBGene00019952",27.7214721329383,2.14648749906815,0.88102141108581,2.43636246753949,0.0148358099413082,0.0435775239398105,"WBGene00019952","WBGene00019952",NA
"WBGene00019956",70.9747590323231,2.94178751896512,0.832391345162957,3.53413996440485,0.000409104375785957,0.0021255284780475,"WBGene00019956","WBGene00019956",NA
"WBGene00019972",53.5293520748514,-2.29501822753803,0.553185272650399,-4.14873341899041,3.34319850167667e-05,0.000245677820999818,"WBGene00019972","WBGene00019972",NA
"WBGene00019988",37.0078031638377,-1.03908876898047,0.346837029150521,-2.99589917352661,0.00273636895097887,0.010700662494211,"WBGene00019988","WBGene00019988",NA
"WBGene00019997",75.4634341880522,-1.86962717741779,0.526497684272522,-3.55106438882274,0.000383676539574893,0.00201391435187071,"WBGene00019997","WBGene00019997",NA
"WBGene00019998",75.9313088226618,-1.22615270860943,0.336430348562648,-3.64459601771362,0.000267812139453647,0.00148521664528254,"WBGene00019998","WBGene00019998",NA
"WBGene00020003",54.4108426610611,-4.08929182299038,0.831594196579202,-4.91741265128094,8.76955659953294e-07,1.09089009988794e-05,"WBGene00020003","WBGene00020003",NA
"WBGene00020006",84.0349909225699,1.03294106085259,0.32341704219058,3.19383621177238,0.00140395747789628,0.0060533225434605,"WBGene00020006","WBGene00020006",NA
"WBGene00020012",174.796979148383,-1.33590031579386,0.391440169004492,-3.41278290164067,0.00064303146047769,0.00312295231553096,"WBGene00020012","WBGene00020012",NA
"WBGene00020015",18.2992229953392,-1.19329600861133,0.482151852309459,-2.47493814012238,0.013325925498893,0.0400057662582814,"WBGene00020015","WBGene00020015",NA
"WBGene00020016",22.4857306381334,-2.19865003017347,0.694845899496332,-3.16422681887767,0.00155495561341296,0.00660278686349123,"WBGene00020016","WBGene00020016",NA
"WBGene00020019",10.2424135008965,-5.87595470703744,1.39834820079972,-4.20206834297562,2.64487252601534e-05,0.000202047904940338,"WBGene00020019","WBGene00020019",NA
"WBGene00020022",789.115742958388,-1.00538556824812,0.272948949606153,-3.68341981055001,0.000230125699220195,0.00130316427058409,"WBGene00020022","WBGene00020022",NA
"WBGene00020039",15.9484546725888,-4.27817564977442,1.49413284497377,-2.86331678214967,0.0041923119265109,0.0152047354619176,"WBGene00020039","WBGene00020039",NA
"WBGene00020042",17.405082910733,-6.66828038053902,1.43085686752509,-4.66034061958478,3.15686527412314e-06,3.28631284508682e-05,"WBGene00020042","WBGene00020042",NA
"WBGene00020047",152.742829507095,-1.60028929632591,0.375458996500338,-4.26222120455828,2.02404937475346e-05,0.000159304723091141,"WBGene00020047","WBGene00020047",NA
"WBGene00020049",134.270606276723,-1.53412766777892,0.458544392962086,-3.34564698931073,0.000820908354035782,0.00383941201054759,"WBGene00020049","WBGene00020049",NA
"WBGene00020052",40.011028936207,-1.64724794705968,0.477693380921012,-3.44833739141145,0.000564048983593637,0.00279153466845702,"WBGene00020052","WBGene00020052",NA
"WBGene00020053",24.3644637920177,-3.04054468829365,0.759523412344265,-4.00322707486926,6.24842757627772e-05,0.000422263713228073,"WBGene00020053","WBGene00020053",NA
"WBGene00020070",87.1160766294765,-6.32569574147629,0.964977637934854,-6.55527702695153,5.55386766770079e-11,2.28764929609358e-09,"WBGene00020070","WBGene00020070",NA
"WBGene00020071",50.943581364674,-6.19824409788329,1.54311689330574,-4.01670419446004,5.90177278738175e-05,0.000402068820066956,"WBGene00020071","WBGene00020071",NA
"WBGene00020072",45.5984199471007,-7.1906413696304,1.18639663173494,-6.06090844940709,1.35354862756754e-09,3.9004577689159e-08,"WBGene00020072","WBGene00020072",NA
"WBGene00020073",176.279139249111,2.45976082399079,1.02200519202151,2.40679875522494,0.0160930351950213,0.0464776221544633,"WBGene00020073","WBGene00020073",NA
"WBGene00020075",47.5735058776816,-2.29501384651383,0.385647101428665,-5.9510724649861,2.66391098329491e-09,7.07718953238553e-08,"WBGene00020075","WBGene00020075",NA
"WBGene00020080",9.3581977043171,2.47374428769307,0.87890722392284,2.81456815959706,0.00488428187717751,0.017271410408337,"WBGene00020080","WBGene00020080",NA
"WBGene00020081",28.2953370450114,2.22097749996842,0.905754146732797,2.4520754423039,0.014203487955176,0.0421008820703714,"WBGene00020081","WBGene00020081",NA
"WBGene00020084",96.6332027697428,-4.78061873014415,0.882652324219375,-5.41619684100665,6.0880076490255e-08,1.07427028799409e-06,"WBGene00020084","WBGene00020084",NA
"WBGene00020105",52.1205997626468,-4.24380679172453,0.857796365924057,-4.947335941617,7.52360672560837e-07,9.57568218424937e-06,"WBGene00020105","WBGene00020105",NA
"WBGene00020106",25.4768759186031,-1.13556139667301,0.45060117903262,-2.52010303015831,0.0117320488303069,0.0360000644879041,"WBGene00020106","WBGene00020106",NA
"WBGene00020116",47.7789206080661,-4.91801360332603,0.995917740969796,-4.93817250261754,7.88580731350107e-07,9.9354467521718e-06,"WBGene00020116","WBGene00020116",NA
"WBGene00020117",17.1897501296757,-4.2068066564304,1.55136673417824,-2.71167775081805,0.00669436381177468,0.0224870838922904,"WBGene00020117","WBGene00020117",NA
"WBGene00020134",16.5239523052993,1.14170328051677,0.472437597326154,2.41662240045764,0.0156652583816417,0.0454718801886281,"WBGene00020134","WBGene00020134",NA
"WBGene00020135",161.416394368528,-1.67580843205984,0.386039522853096,-4.34102814052422,1.41817557274959e-05,0.000118815846783762,"WBGene00020135","WBGene00020135",NA
"WBGene00020140",46.9257774776528,-4.54317367197526,0.883365343449699,-5.14302910530014,2.70343720338924e-07,3.98763962312098e-06,"WBGene00020140","WBGene00020140",NA
"WBGene00020143",167.164818562264,-1.69042680880836,0.331234270392107,-5.10341761076617,3.33573773125847e-07,4.75825343242289e-06,"WBGene00020143","WBGene00020143",NA
"WBGene00020160",604.320620718269,2.86191212153231,0.295165884578856,9.69594479258908,3.1372050282709e-22,8.00715561947786e-20,"WBGene00020160","WBGene00020160",NA
"WBGene00020170",11.0717794192042,2.7857719912771,0.864192594751899,3.22355457359233,0.00126610170719708,0.00554084252938393,"WBGene00020170","WBGene00020170",NA
"WBGene00020182",68.7988152478735,3.540742384889,0.504946963253474,7.01210749357773,2.34754723062133e-12,1.30052296772367e-10,"WBGene00020182","WBGene00020182",NA
"WBGene00020187",210.202456386137,-5.63223848425873,1.15848139146074,-4.86174273128114,1.16356785937426e-06,1.38590628450303e-05,"WBGene00020187","WBGene00020187",NA
"WBGene00020192",76.0134856503019,-2.42165846733389,0.460098734396997,-5.26334520460635,1.41457613861905e-07,2.27430109665715e-06,"WBGene00020192","WBGene00020192",NA
"WBGene00020195",368.71839651097,-1.09496954660203,0.303000398248852,-3.61375613012476,0.000301792937257682,0.00164450112551432,"WBGene00020195","WBGene00020195",NA
"WBGene00020204",15.496968617463,4.51580422789919,0.93324331325458,4.83882837815451,1.30606763916792e-06,1.53896329485796e-05,"WBGene00020204","WBGene00020204",NA
"WBGene00020205",234.417199524143,3.09273543056946,0.991374855770096,3.11964279966233,0.00181070469880126,0.00754530678133131,"WBGene00020205","WBGene00020205",NA
"WBGene00020223",117.754458752586,-4.75042134783364,1.1599375822667,-4.09541118458338,4.21419763762673e-05,0.000298925691486843,"WBGene00020223","WBGene00020223",NA
"WBGene00020230",168.60724664235,-1.27859741423205,0.246071516732784,-5.19603987982287,2.0357860441365e-07,3.12540171093909e-06,"WBGene00020230","WBGene00020230",NA
"WBGene00020237",98.0141994159704,-2.35353476830462,0.781975108995516,-3.00973105311222,0.00261479112829283,0.0102928145405369,"WBGene00020237","WBGene00020237",NA
"WBGene00020256",78.3148528802629,-1.9557389003876,0.387409297897406,-5.04824977356512,4.45875969908809e-07,6.09847391187235e-06,"WBGene00020256","WBGene00020256",NA
"WBGene00020258",24.9844920757347,-3.07751359177932,0.488936369518717,-6.29430286564417,3.08784416173474e-10,1.05585063645155e-08,"WBGene00020258","WBGene00020258",NA
"WBGene00020265",15.5088375059017,-5.65961467321024,1.29970834966983,-4.35452667103967,1.33354744644017e-05,0.000112583541949022,"WBGene00020265","WBGene00020265",NA
"WBGene00020279",10.8764744806077,-1.77359549226464,0.71277073660672,-2.48831131972138,0.0128351322811777,0.0387521220310251,"WBGene00020279","WBGene00020279",NA
"WBGene00020282",17.6181349769621,-4.98240972566877,1.19798026332337,-4.15900818920576,3.19632441305821e-05,0.000236220604115,"WBGene00020282","WBGene00020282",NA
"WBGene00020289",21.1693883154336,-4.09486417956234,1.09804459254703,-3.72923304513878,0.000192063461978741,0.00111581510298954,"WBGene00020289","WBGene00020289",NA
"WBGene00020293",16.987799090019,-3.98289993667126,1.05089845173314,-3.78999505623275,0.00015065028307378,0.000901316239419648,"WBGene00020293","WBGene00020293",NA
"WBGene00020307",108.132727927741,-1.47150387990008,0.32557085394083,-4.51976539695877,6.19081958277974e-06,5.91479841555286e-05,"WBGene00020307","WBGene00020307",NA
"WBGene00020313",11.6814017875183,-5.32871115984849,1.24619127001174,-4.27599782479482,1.90283080559625e-05,0.000151939445275906,"WBGene00020313","WBGene00020313",NA
"WBGene00020321",38.6368845341749,-1.10165789443317,0.343408414927402,-3.20801077243859,0.00133656492088551,0.00581007372695153,"WBGene00020321","WBGene00020321",NA
"WBGene00020329",15.2689609965623,-3.83084726110302,0.880364548703793,-4.35143289986333,1.35250714420879e-05,0.000113915053695794,"WBGene00020329","WBGene00020329",NA
"WBGene00020330",16.0427636209442,-1.49598258239691,0.549183518747171,-2.72401215864895,0.00644941321267125,0.0218336009115846,"WBGene00020330","WBGene00020330",NA
"WBGene00020343",133.998281966558,-1.36917986160407,0.337167987076385,-4.06082402269669,4.88998200486696e-05,0.000340939086807627,"WBGene00020343","WBGene00020343",NA
"WBGene00020350",595.20609902281,-5.02741809819285,1.33922249140707,-3.75398272538771,0.000174046863573847,0.00102162292446037,"WBGene00020350","WBGene00020350",NA
"WBGene00020353",208.100536698635,-5.50902793333783,1.13262943593941,-4.86392791722617,1.15078837705007e-06,1.37641993917796e-05,"WBGene00020353","WBGene00020353",NA
"WBGene00020358",24.986949234183,-1.40381649079028,0.452556139168957,-3.10197204123262,0.00192236113476336,0.00792738248677803,"WBGene00020358","WBGene00020358",NA
"WBGene00020359",22.3729028028769,-1.47684185279806,0.461418545073532,-3.20065560555809,0.00137115310993348,0.00593336100523135,"WBGene00020359","WBGene00020359",NA
"WBGene00020360",62.6373818347118,-1.68557598305278,0.417943275332362,-4.03302572989686,5.50632480265161e-05,0.000378192697762131,"WBGene00020360","WBGene00020360",NA
"WBGene00020362",29.4256542968723,2.62738988804119,0.968344754927352,2.71327941280408,0.00666209063615929,0.0224052169181778,"WBGene00020362","WBGene00020362",NA
"WBGene00020368",24.8942865904117,1.82444457323504,0.425708749752779,4.28566378843411,1.82194355858168e-05,0.000146297973498921,"WBGene00020368","WBGene00020368",NA
"WBGene00020370",20.4194160914425,-5.1145479332297,1.17847180258558,-4.33998329192801,1.42493549898753e-05,0.000119312261786929,"WBGene00020370","WBGene00020370",NA
"WBGene00020372",18.1633126989241,-4.49022642392367,1.09218604968597,-4.11122850837979,3.93559456203583e-05,0.000281962170802898,"WBGene00020372","WBGene00020372",NA
"WBGene00020373",23.627256931712,-1.51055026076155,0.444931469374712,-3.39501780551601,0.000686241374680072,0.00329474234743106,"WBGene00020373","WBGene00020373",NA
"WBGene00020377",13.5461890738212,-2.85153691337345,1.02481521409169,-2.78248885668701,0.00539437177255192,0.0187686844559602,"WBGene00020377","WBGene00020377",NA
"WBGene00020379",867.632233708307,3.38619831196757,0.494239819679545,6.85132637463956,7.31683670193823e-12,3.74837085952699e-10,"WBGene00020379","WBGene00020379",NA
"WBGene00020401",24.56977251728,-1.13746417180543,0.471219224858764,-2.4138747143569,0.0157838886644182,0.0457697546521665,"WBGene00020401","WBGene00020401",NA
"WBGene00020408",275.199818247734,-1.07890369445694,0.237229037412166,-4.54794112148433,5.41732857143641e-06,5.26018187986009e-05,"WBGene00020408","WBGene00020408",NA
"WBGene00020414",341.943190547157,-5.55429736572226,1.16815897585117,-4.75474441453926,1.98697626403135e-06,2.20838660511665e-05,"WBGene00020414","WBGene00020414",NA
"WBGene00020419",62.9120636657447,-2.30917412999421,0.584264212534952,-3.95227720687423,7.74109906437378e-05,0.000512001522105944,"WBGene00020419","WBGene00020419",NA
"WBGene00020435",13.4388275154248,-4.98525186360064,1.44864770144376,-3.44131417088655,0.000578895953621262,0.00286006217252288,"WBGene00020435","WBGene00020435",NA
"WBGene00020449",24.0740346696501,-2.15799956647653,0.726123637275206,-2.97194507339613,0.00295919619143405,0.0114035565284893,"WBGene00020449","WBGene00020449",NA
"WBGene00020453",32.0658778466048,-1.31469573748178,0.459110558285612,-2.86357112411234,0.00418894758350133,0.0152047354619176,"WBGene00020453","WBGene00020453",NA
"WBGene00020457",44.4069415054154,-1.09371688350744,0.323729156584761,-3.37849359954414,0.000728841290663274,0.0034678190970207,"WBGene00020457","WBGene00020457",NA
"WBGene00020508",114.020967004792,1.15134802694465,0.326885040236036,3.52218023227154,0.000428013047993889,0.00220533182947969,"WBGene00020508","WBGene00020508",NA
"WBGene00020528",13.8392253327758,1.67282721264488,0.596897602139615,2.80253632557499,0.0050702506173058,0.0178495300672788,"WBGene00020528","WBGene00020528",NA
"WBGene00020531",19.8321623440946,-3.9005935604838,1.11037735619296,-3.51285402095858,0.000443320972424246,0.00227110632934041,"WBGene00020531","WBGene00020531",NA
"WBGene00020542",13.2725666131686,2.05098451639269,0.839512358742769,2.44306649572638,0.0145630537315027,0.0429834506160884,"WBGene00020542","WBGene00020542",NA
"WBGene00020559",36.0222504656946,-2.0373706748478,0.630436442088304,-3.23168290858799,0.00123063534910508,0.00540217169679326,"WBGene00020559","WBGene00020559",NA
"WBGene00020566",68.3629465898952,-1.7933023847373,0.6618929715766,-2.70935402209474,0.00674143637326926,0.0226239375635449,"WBGene00020566","WBGene00020566",NA
"WBGene00020567",103.089759777901,-2.89175747584522,0.779672666423523,-3.70893786633582,0.000208130489276561,0.00119807051277885,"WBGene00020567","WBGene00020567",NA
"WBGene00020576",142.487772067939,-2.01211467545636,0.463833447454969,-4.33801116865707,1.43777850371371e-05,0.000120176421950761,"WBGene00020576","WBGene00020576",NA
"WBGene00020577",191.938263872033,-2.1110043491938,0.27214272011649,-7.75697526757353,8.69788834994759e-15,7.44411587591041e-13,"WBGene00020577","WBGene00020577",NA
"WBGene00020580",13.8523546112758,-2.40553794171936,0.79075995278469,-3.04205838098928,0.00234966317673947,0.00938879949262995,"WBGene00020580","WBGene00020580",NA
"WBGene00020585",21.3683933963357,-1.22902696288997,0.464314081862899,-2.64697326852316,0.00812157726750031,0.0263882027470748,"WBGene00020585","WBGene00020585",NA
"WBGene00020589",54.3724797709785,-1.08969507484009,0.34473821149929,-3.16093498919348,0.00157263594034497,0.00666795772629802,"WBGene00020589","WBGene00020589",NA
"WBGene00020616",11.7890033328636,-3.7302709475373,1.20585459864492,-3.09346661838766,0.00197832808011929,0.00812069019217259,"WBGene00020616","WBGene00020616",NA
"WBGene00020617",49.4001893296097,-1.92034898984373,0.461505992615361,-4.16104887167573,3.16789277473351e-05,0.000234483124957359,"WBGene00020617","WBGene00020617",NA
"WBGene00020626",10.9388320145174,2.73723122418275,0.833625755580416,3.28352525801813,0.00102517457685434,0.00459912750375991,"WBGene00020626","WBGene00020626",NA
"WBGene00020627",30.6848881854186,-2.06285418423179,0.688613770738973,-2.99566211407314,0.00273849692167617,0.0107060548417717,"WBGene00020627","WBGene00020627",NA
"WBGene00020632",28.4592233221346,-1.69591192054106,0.477542758581599,-3.55132999101121,0.000383289524797437,0.00201262203450763,"WBGene00020632","WBGene00020632",NA
"WBGene00020635",12.9262008659891,-3.1699081286873,0.981005572374783,-3.2312845288062,0.00123235199267863,0.00540638644301892,"WBGene00020635","WBGene00020635",NA
"WBGene00020651",91.5231971112835,-1.294368820892,0.435179466190044,-2.97433339910101,0.0029362585358426,0.0113304382431961,"WBGene00020651","WBGene00020651",NA
"WBGene00020658",174.679307271433,-1.91745781430245,0.419624189567544,-4.56946444455107,4.88972108605486e-06,4.80335281669981e-05,"WBGene00020658","WBGene00020658",NA
"WBGene00020659",32.9569933873345,-5.02166005462446,1.11896433759287,-4.48777488782806,7.19709173393241e-06,6.68842861853679e-05,"WBGene00020659","WBGene00020659",NA
"WBGene00020661",166.542371929824,-5.17901882001451,0.667993909516553,-7.75309287439868,8.9680977528464e-15,7.58467580955228e-13,"WBGene00020661","WBGene00020661",NA
"WBGene00020673",85.3797121723158,1.45012266965796,0.35407028715387,4.09557853982753,4.21115428869265e-05,0.000298881687332427,"WBGene00020673","WBGene00020673",NA
"WBGene00020674",292.488320197613,-2.62580637135178,0.441374888923973,-5.94915215442643,2.69534996077582e-09,7.1341920350683e-08,"WBGene00020674","WBGene00020674",NA
"WBGene00020700",11.6717258603689,-2.79629100504868,0.880660998176717,-3.17521839940454,0.00149723765676712,0.00640144116906144,"WBGene00020700","WBGene00020700",NA
"WBGene00020707",19.5341855334568,-4.28251675891326,1.21663949523167,-3.51995539820757,0.000431619373296484,0.00222071119601391,"WBGene00020707","WBGene00020707",NA
"WBGene00020713",202.044463834514,-5.5730373489317,1.5077444166874,-3.69627457230183,0.000218786349647517,0.00124685538098563,"WBGene00020713","WBGene00020713",NA
"WBGene00020715",150.242220302856,-6.04220595362327,1.04408052447932,-5.78710723163474,7.16088694929237e-09,1.69735584023608e-07,"WBGene00020715","WBGene00020715",NA
"WBGene00020722",41.7599514992573,-1.21711466213516,0.435249145210224,-2.79636313024187,0.00516812961308293,0.0181226880666816,"WBGene00020722","WBGene00020722",NA
"WBGene00020726",161.051649780328,1.85835905857212,0.263950472995874,7.04055968333561,1.91469172993041e-12,1.06901128499591e-10,"WBGene00020726","WBGene00020726",NA
"WBGene00020735",79.3113151210649,-1.3081445543803,0.326035298550659,-4.01227891641017,6.01353889185881e-05,0.00040890347945451,"WBGene00020735","WBGene00020735",NA
"WBGene00020736",58.9938546559251,-1.50808715377317,0.348327133588803,-4.32951386311884,1.49438863419839e-05,0.000123392817727311,"WBGene00020736","WBGene00020736",NA
"WBGene00020741",40.4822169361785,-4.91746284277904,0.720838393262157,-6.82186588387036,8.98655460992506e-12,4.49107779858947e-10,"WBGene00020741","WBGene00020741",NA
"WBGene00020758",108.269444249269,2.11012348410436,0.573887126172627,3.67689635796017,0.000236088904763159,0.00133113164330565,"WBGene00020758","WBGene00020758",NA
"WBGene00020760",128.961476454058,2.17155002524247,0.480186898055395,4.52230169968518,6.11707853186153e-06,5.85608864406543e-05,"WBGene00020760","WBGene00020760",NA
"WBGene00020774",20.6614374154138,1.42792699451329,0.457392788326813,3.12188349041703,0.0017969803897775,0.00750123852543509,"WBGene00020774","WBGene00020774",NA
"WBGene00020786",191.890281258973,-2.07937744920233,0.380887083961275,-5.4593015535642,4.78011283026009e-08,8.77759555794786e-07,"WBGene00020786","WBGene00020786",NA
"WBGene00020788",277.546517183879,-1.03884600443532,0.358940718918883,-2.89419937521797,0.00380126712371297,0.0140138021664249,"WBGene00020788","WBGene00020788",NA
"WBGene00020802",19.813770104692,-4.87287749081032,1.08166564817359,-4.50497572797867,6.63805293760077e-06,6.24195333138999e-05,"WBGene00020802","WBGene00020802",NA
"WBGene00020811",73.0981810650635,-1.30606304892834,0.359395397543908,-3.63405613386791,0.000279000119393351,0.00154026601254893,"WBGene00020811","WBGene00020811",NA
"WBGene00020817",15.2577289620854,2.24297920851742,0.623301916937782,3.5985437354933,0.000320004041573309,0.00172727257031998,"WBGene00020817","WBGene00020817",NA
"WBGene00020833",38.1045055812475,3.18551720524995,0.460673579261688,6.91491187828769,4.68154295373662e-12,2.47827012732435e-10,"WBGene00020833","WBGene00020833",NA
"WBGene00020835",10.6400371384766,3.58414019914764,0.866528244943911,4.13620700774691,3.53093687145145e-05,0.000257488166855385,"WBGene00020835","WBGene00020835",NA
"WBGene00020836",114.22658545153,-1.07067841951632,0.337846990010123,-3.16912226888342,0.00152900058637049,0.00652163693852385,"WBGene00020836","WBGene00020836",NA
"WBGene00020840",536.388319026941,-5.27837597900615,1.39003380674087,-3.79730043500312,0.000146280457949472,0.000878803223129332,"WBGene00020840","WBGene00020840",NA
"WBGene00020841",50.8741781149528,-5.42682920078851,1.03453397187137,-5.24567520095249,1.55711008744979e-07,2.48113427869787e-06,"WBGene00020841","WBGene00020841",NA
"WBGene00020849",13.9728053710209,-1.7201877858601,0.616064586438842,-2.79221988039215,0.00523477706101845,0.0182949680631559,"WBGene00020849","WBGene00020849",NA
"WBGene00020860",114.679924265395,-5.80970471493294,1.19086302539982,-4.87856671255908,1.06859521115128e-06,1.28998575616429e-05,"WBGene00020860","WBGene00020860",NA
"WBGene00020862",189.466482238325,-1.49335462122625,0.231838846005539,-6.44134771612249,1.18417226545291e-10,4.50142930588258e-09,"WBGene00020862","WBGene00020862",NA
"WBGene00020869",149.704005716063,-1.43089858193545,0.318539567468046,-4.49205916021401,7.05378215905789e-06,6.57662807563042e-05,"WBGene00020869","WBGene00020869",NA
"WBGene00020878",15.8648461282605,-2.03652033114503,0.610364002043866,-3.33656690814913,0.000848200095578038,0.00394511030461988,"WBGene00020878","WBGene00020878",NA
"WBGene00020881",17.007920619859,-2.89187494952797,0.873287955055737,-3.31147925811412,0.000928041195144383,0.00424388979110195,"WBGene00020881","WBGene00020881",NA
"WBGene00020890",18.1481633561668,-5.32705033680671,1.37558119839974,-3.87258152626965,0.000107688636900243,0.0006759743905205,"WBGene00020890","WBGene00020890",NA
"WBGene00020897",67.0709004052059,-1.95182793398298,0.477619938445808,-4.08657130255972,4.37794981996848e-05,0.000308398406982797,"WBGene00020897","WBGene00020897",NA
"WBGene00020902",129.039773256257,2.56623163087714,0.374465178821355,6.85305811064855,7.22877034213618e-12,3.7299933032546e-10,"WBGene00020902","WBGene00020902",NA
"WBGene00020905",77.4870936349591,-4.51031690715469,0.905566565269096,-4.9806575023167,6.3368604071228e-07,8.21894245000056e-06,"WBGene00020905","WBGene00020905",NA
"WBGene00020914",23.5351615089149,-2.57514409656894,0.905083739846072,-2.84519982317536,0.00443835703639242,0.0159350507714536,"WBGene00020914","WBGene00020914",NA
"WBGene00020919",109.437451714701,1.34721695035593,0.397089634530121,3.39272756880219,0.000692004244005803,0.00331906599314596,"WBGene00020919","WBGene00020919",NA
"WBGene00020920",56.0060202645446,1.6647345278297,0.408345999551284,4.07677442575418,4.56647539875858e-05,0.000319944278796355,"WBGene00020920","WBGene00020920",NA
"WBGene00020924",36.5548727558254,-1.0967013868449,0.416564157749793,-2.63273103660451,0.00847013933310512,0.0273528471504906,"WBGene00020924","WBGene00020924",NA
"WBGene00020940",47.7860565740581,-1.10679605487339,0.393836370710954,-2.81029416576078,0.00494962377021624,0.0174765248388589,"WBGene00020940","WBGene00020940",NA
"WBGene00020952",184.667741513098,-1.6966505093221,0.344457459316888,-4.92557342984187,8.41133154375228e-07,1.05182118770649e-05,"WBGene00020952","WBGene00020952",NA
"WBGene00020966",15.3921948382847,-3.035889777819,1.13165097071896,-2.68270858804657,0.00730285944465169,0.0241670063869293,"WBGene00020966","WBGene00020966",NA
"WBGene00020978",22.7173054065261,-7.95312980881993,1.39471807397727,-5.70232074654359,1.18187169873477e-08,2.61899103721178e-07,"WBGene00020978","WBGene00020978",NA
"WBGene00020981",49.465587861221,-2.03842144366901,0.444533144042973,-4.58553309463006,4.5282953666208e-06,4.49777106845803e-05,"WBGene00020981","WBGene00020981",NA
"WBGene00020986",9.98414248704858,-4.6288407948207,1.38468424116967,-3.34288544434551,0.000829121197384563,0.00387148947213903,"WBGene00020986","WBGene00020986",NA
"WBGene00020987",20.903316538557,-7.78015654048185,1.39105171019858,-5.5930031094036,2.2317529241364e-08,4.53747433068016e-07,"WBGene00020987","WBGene00020987",NA
"WBGene00020990",268.671900969472,-5.31147562896167,1.30406773510058,-4.07300593826288,4.64102405926873e-05,0.000325008117977109,"WBGene00020990","WBGene00020990",NA
"WBGene00020991",14.1531109266573,-6.07564610308919,1.82283689632821,-3.33307171657955,0.00085892799039799,0.00398463413396899,"WBGene00020991","WBGene00020991",NA
"WBGene00020995",13.954488671531,-2.52991702268601,0.756411204968636,-3.34463186963355,0.000823918510252489,0.00385223005137024,"WBGene00020995","WBGene00020995",NA
"WBGene00021002",94.841867059536,2.61881835732759,0.478388248011548,5.4742531159845,4.39360697368411e-08,8.15413048870105e-07,"WBGene00021002","WBGene00021002",NA
"WBGene00021006",20.3782916676545,-4.70228130287226,1.13706768509855,-4.13544537805127,3.5426687587826e-05,0.000258080349486645,"WBGene00021006","WBGene00021006",NA
"WBGene00021007",99.2099361050048,-5.39161665975669,1.74918835887244,-3.08235338544799,0.00205370870765308,0.00837240689061193,"WBGene00021007","WBGene00021007",NA
"WBGene00021010",13.6743095232551,-7.0506681955423,1.53135503552874,-4.60420218170234,4.14050068864912e-06,4.1705550629219e-05,"WBGene00021010","WBGene00021010",NA
"WBGene00021018",63.4873237713196,-2.1919561852924,0.429223267714006,-5.10679720828396,3.27665066716082e-07,4.69270220297892e-06,"WBGene00021018","WBGene00021018",NA
"WBGene00021053",25.5688925700084,2.47739408088015,0.633273238352081,3.91204606612918,9.15174489566167e-05,0.000589747023416106,"WBGene00021053","WBGene00021053",NA
"WBGene00021072",10.6524012956308,-4.60297262122788,1.07841541167689,-4.26827414685262,1.96991139470742e-05,0.000156248299470328,"WBGene00021072","WBGene00021072",NA
"WBGene00021075",13.1887331583995,-1.77056615070272,0.634803503488226,-2.78915623649447,0.00528455648297606,0.0184539862719709,"WBGene00021075","WBGene00021075",NA
"WBGene00021079",113.066385940806,-1.63997758760606,0.392260081876569,-4.18084241394235,2.90431098477164e-05,0.000218826130233743,"WBGene00021079","WBGene00021079",NA
"WBGene00021092",12.2687457569115,2.54908550437571,0.815916839342328,3.12419768959593,0.0017829062603902,0.00744683786667362,"WBGene00021092","WBGene00021092",NA
"WBGene00021095",82.8528692915274,3.26632856399578,0.9061234241604,3.6047280943237,0.000312479907671994,0.00169133311173506,"WBGene00021095","WBGene00021095",NA
"WBGene00021110",15.8416599246464,-7.45826187798528,1.51310193202999,-4.92912058342244,8.26005830736097e-07,1.03471527946635e-05,"WBGene00021110","WBGene00021110",NA
"WBGene00021113",233.838340445012,-5.4798725464573,1.31126140712096,-4.17908474747919,2.92684611693102e-05,0.000219944329912172,"WBGene00021113","WBGene00021113",NA
"WBGene00021114",274.565884301627,-1.31570920331994,0.390903550636524,-3.36581543241937,0.000763177543700473,0.00360717481220597,"WBGene00021114","WBGene00021114",NA
"WBGene00021115",10.5019697207649,-5.86554373075232,1.45700395229803,-4.02575691129801,5.679233591153e-05,0.000388203183731946,"WBGene00021115","WBGene00021115",NA
"WBGene00021121",434.424656034766,-1.14417743765754,0.438810486683261,-2.60745235672416,0.00912187637452303,0.0291062859873719,"WBGene00021121","WBGene00021121",NA
"WBGene00021130",10.6921565787369,3.20115189370905,0.839336254136608,3.8139087617536,0.00013678598457608,0.000829831102523733,"WBGene00021130","WBGene00021130",NA
"WBGene00021154",14.2711647032434,-5.62177287420341,1.22765182534777,-4.57928930510151,4.66558499663507e-06,4.61170168443327e-05,"WBGene00021154","WBGene00021154",NA
"WBGene00021167",82.8941930938373,-2.53209816396605,0.473706825545416,-5.34528536938569,9.02747121875535e-08,1.52337244545065e-06,"WBGene00021167","WBGene00021167",NA
"WBGene00021186",37.444410921782,1.23805272037959,0.458548414725527,2.69993893909904,0.00693522033432878,0.0231330464967471,"WBGene00021186","WBGene00021186",NA
"WBGene00021187",134.56192361563,1.04118544382432,0.436079516322424,2.38760456488512,0.0169585777438371,0.0485846766271123,"WBGene00021187","WBGene00021187",NA
"WBGene00021197",64.702466860654,-1.91882499359992,0.507909608272499,-3.77788677817343,0.000158164750898353,0.000939978704611291,"WBGene00021197","WBGene00021197",NA
"WBGene00021204",20.396521854265,3.26430357201592,0.681551857715803,4.78951606552159,1.67184013577115e-06,1.89949213518101e-05,"WBGene00021204","WBGene00021204",NA
"WBGene00021207",40.9392847439695,-5.28664935315404,0.98734006033689,-5.35443619227826,8.58235991029731e-08,1.45859298689512e-06,"WBGene00021207","WBGene00021207",NA
"WBGene00021214",29.9275359914547,-4.3454012861991,0.955211444484345,-4.54915119714137,5.38627334215583e-06,5.24070829676197e-05,"WBGene00021214","WBGene00021214",NA
"WBGene00021215",28.5666123199902,-2.49475289690312,0.717747850681453,-3.47580685129816,0.000509318959613622,0.00255427925956403,"WBGene00021215","WBGene00021215",NA
"WBGene00021224",296.968810207135,3.72188769570058,0.304229330739505,12.2338227108267,2.05056394065681e-34,1.72404178845928e-31,"WBGene00021224","WBGene00021224",NA
"WBGene00021235",47.2453988637468,-1.64956329690049,0.340193845308296,-4.84889224085051,1.24152838013217e-06,1.46889466505646e-05,"WBGene00021235","WBGene00021235",NA
"WBGene00021236",511.922379708326,1.31603230887155,0.36862328724996,3.57012797180976,0.000356806872451323,0.00189023003259702,"WBGene00021236","WBGene00021236",NA
"WBGene00021256",11.1375200066323,-1.98016980568546,0.801950341265276,-2.46919254696152,0.0135418331077491,0.0405432385021069,"WBGene00021256","WBGene00021256",NA
"WBGene00021271",19.4354500315705,-2.77603639324988,0.818433179979039,-3.39189131276542,0.000694119682491361,0.00332809547864778,"WBGene00021271","WBGene00021271",NA
"WBGene00021287",34.1080713872492,-1.65581466103049,0.580777833990296,-2.85102936807013,0.0043577944336353,0.0156891576423046,"WBGene00021287","WBGene00021287",NA
"WBGene00021288",95.8236543506983,-5.01965880537152,0.906954458188771,-5.53463160145439,3.11883185057272e-08,6.0898174371907e-07,"WBGene00021288","WBGene00021288",NA
"WBGene00021299",28.7253007990821,2.04649673168724,0.843478800280544,2.42625746018343,0.0152554434912983,0.0445264557527316,"WBGene00021299","WBGene00021299",NA
"WBGene00021328",12.9716618964872,-2.05947332922604,0.618154083373171,-3.33165044868395,0.000863326206123476,0.00400114184958588,"WBGene00021328","WBGene00021328",NA
"WBGene00021336",50.8396004673351,-1.40526270565435,0.408545129750743,-3.43967557883192,0.000582411869367535,0.00287445195057672,"WBGene00021336","WBGene00021336",NA
"WBGene00021358",28.0061841954656,-4.2587333680223,0.994323693932696,-4.2830452437258,1.84352666653855e-05,0.000147781977817361,"WBGene00021358","WBGene00021358",NA
"WBGene00021370",172.847703346256,-1.08133411987878,0.249696346750688,-4.3305964782835,1.48705973262298e-05,0.00012307205997904,"WBGene00021370","WBGene00021370",NA
"WBGene00021381",125.331193034319,-5.07674993908581,1.53919145796939,-3.29832257890997,0.000972643253184933,0.00441333016437214,"WBGene00021381","WBGene00021381",NA
"WBGene00021386",14.3967956927887,-4.72431877541991,1.26421036813145,-3.73697202183417,0.000186249638652532,0.00108611427387215,"WBGene00021386","WBGene00021386",NA
"WBGene00021398",392.667138565836,-5.49358689092129,0.997615795749086,-5.50671602668068,3.65589270061009e-08,7.00451399059249e-07,"WBGene00021398","WBGene00021398",NA
"WBGene00021412",27.2626113244393,-1.21270034808118,0.507859542474965,-2.38786563342158,0.0169465363262409,0.0485599125322696,"WBGene00021412","WBGene00021412",NA
"WBGene00021415",50.8390415324485,1.45475197238289,0.421174558355652,3.45403572823232,0.000552264205589011,0.00273890086415119,"WBGene00021415","WBGene00021415",NA
"WBGene00021428",21.2220513667878,-5.38667771245785,1.0873687779076,-4.95386461511549,7.27538354247953e-07,9.29960681168962e-06,"WBGene00021428","WBGene00021428",NA
"WBGene00021458",84.7876059742408,2.10059902725406,0.779522515349317,2.69472527847736,0.00704466871240983,0.0234488704952198,"WBGene00021458","WBGene00021458",NA
"WBGene00021463",66.8478252860216,3.6503923954388,0.754468305678248,4.83836414063437,1.30912133793066e-06,1.54129087998706e-05,"WBGene00021463","WBGene00021463",NA
"WBGene00021468",1145.6928005463,2.63481139204245,0.532653425053054,4.94657739557389,7.55297053495246e-07,9.60450247829854e-06,"WBGene00021468","WBGene00021468",NA
"WBGene00021471",24.0004024735236,-4.18451355283152,0.907934747851376,-4.60882630908681,4.04948443036354e-06,4.08751984203292e-05,"WBGene00021471","WBGene00021471",NA
"WBGene00021472",80.8329556556953,-4.67536983732903,0.87083637500911,-5.36882699379677,7.92503965195668e-08,1.35655798497505e-06,"WBGene00021472","WBGene00021472",NA
"WBGene00021491",120.025131479992,2.93877466575166,0.810634383903425,3.6252775901272,0.000288651227958046,0.0015831511900247,"WBGene00021491","WBGene00021491",NA
"WBGene00021505",50.8889357471719,2.53927275990844,0.487398060362615,5.20985405239256,1.88989237243077e-07,2.93292417797535e-06,"WBGene00021505","WBGene00021505",NA
"WBGene00021518",95.8172806890444,1.59454873627735,0.407637621154237,3.91168197813131,9.16555546840091e-05,0.000590104884278623,"WBGene00021518","WBGene00021518",NA
"WBGene00021525",33.5343059530151,7.68085306915372,1.28938636017395,5.95698334215163,2.56936420330594e-09,6.83871928451618e-08,"WBGene00021525","WBGene00021525",NA
"WBGene00021527",17.0363125837687,-1.68856838834084,0.602124989308463,-2.80434862914451,0.00504183557312617,0.0177538693881972,"WBGene00021527","WBGene00021527",NA
"WBGene00021532",48.3520233847052,-1.0129396574369,0.382502114594728,-2.64819361458993,0.00809231643815895,0.0262991084244215,"WBGene00021532","WBGene00021532",NA
"WBGene00021533",97.8897385265563,-1.07220636564309,0.38020220823944,-2.82009505049441,0.00480094263754263,0.017030051548608,"WBGene00021533","WBGene00021533",NA
"WBGene00021537",12.8575224254066,-3.16025598156859,1.07823258411905,-2.93095944985805,0.00337916887533645,0.0127168143062622,"WBGene00021537","WBGene00021537",NA
"WBGene00021540",20.0858734100311,-1.8313953508962,0.653750694711021,-2.80136658471275,0.00508866773566003,0.01789233159798,"WBGene00021540","WBGene00021540",NA
"WBGene00021557",46.184283143928,2.76498254415192,0.84428886724624,3.27492479341848,0.00105690106201646,0.0047251444727561,"WBGene00021557","WBGene00021557",NA
"WBGene00021576",433.624739181421,3.93658225170642,1.01772677520633,3.86801482245402,0.000109724996641383,0.000686045221782714,"WBGene00021576","WBGene00021576",NA
"WBGene00021579",113.11077141019,-6.05604814921706,0.957408649113835,-6.32545794820473,2.52482660107523e-10,8.84493789440399e-09,"WBGene00021579","WBGene00021579",NA
"WBGene00021590",79.1790798476975,1.60794331037311,0.355505792283591,4.52297359220083,6.09768504977296e-06,5.84535294543292e-05,"WBGene00021590","WBGene00021590",NA
"WBGene00021603",23.7041329711042,-1.29183160253392,0.451611757120581,-2.86049152212173,0.00422984862329727,0.0153056269298197,"WBGene00021603","WBGene00021603",NA
"WBGene00021605",144.056142984801,1.13862997240244,0.424873005039907,2.67993014123242,0.00736375262706747,0.024316001486151,"WBGene00021605","WBGene00021605",NA
"WBGene00021611",16.5604656755282,-1.24454371199992,0.512923803310426,-2.42637152724751,0.0152506488725466,0.0445215531730613,"WBGene00021611","WBGene00021611",NA
"WBGene00021633",36.3238340198529,-2.59883116223581,0.719992918282138,-3.60952322758462,0.000306760305992806,0.0016671197922263,"WBGene00021633","WBGene00021633",NA
"WBGene00021639",19.7606439632552,-3.01883981342099,0.910752530151085,-3.31466530531647,0.000917529113789982,0.0042094460444014,"WBGene00021639","WBGene00021639",NA
"WBGene00021650",23.3376374827148,-6.13449278666939,1.39972184821467,-4.38265130639625,1.17243684898914e-05,0.000100888861424454,"WBGene00021650","WBGene00021650",NA
"WBGene00021678",31.7546854332642,-4.05127487000782,0.934456188145034,-4.33543586248801,1.45471586714614e-05,0.00012130836574749,"WBGene00021678","WBGene00021678",NA
"WBGene00021703",36.3459362368471,-3.10255786134768,0.701564132191996,-4.42234390126805,9.76358858007251e-06,8.59304012161184e-05,"WBGene00021703","WBGene00021703",NA
"WBGene00021709",1013.71251275661,1.13722593557491,0.293460505537473,3.87522652662264,0.000106525555334336,0.000670440230028032,"WBGene00021709","WBGene00021709",NA
"WBGene00021719",33.4104447138043,2.21504646239097,0.867184712826857,2.55429602209008,0.0106402752740804,0.0331404346246308,"WBGene00021719","WBGene00021719",NA
"WBGene00021720",23.1301995711506,-4.84275035887226,1.24095516996105,-3.90243779638251,9.52287155134004e-05,0.00060820010926173,"WBGene00021720","WBGene00021720",NA
"WBGene00021725",88.0342847385803,2.81744308280131,0.615026317755338,4.58101222901181,4.62730781468107e-06,4.58655413281807e-05,"WBGene00021725","WBGene00021725",NA
"WBGene00021726",74.5020079259199,3.94472270949786,0.667272737661539,5.91170969058643,3.38574886329351e-09,8.68806256787327e-08,"WBGene00021726","WBGene00021726",NA
"WBGene00021731",13.873615659508,2.9760473562657,0.770054504326837,3.86472300277925,0.000111215339864543,0.00069431224528411,"WBGene00021731","WBGene00021731",NA
"WBGene00021787",32.3155479691787,-4.91385913847423,0.952713270621748,-5.15775237944089,2.49931844672034e-07,3.71338446558979e-06,"WBGene00021787","WBGene00021787",NA
"WBGene00021791",101.263545339506,-2.36615432037451,0.662852244124823,-3.56965574356408,0.000357450655982406,0.00189293894996537,"WBGene00021791","WBGene00021791",NA
"WBGene00021797",16.232829216321,1.96810135145182,0.629276322062566,3.12756301556209,0.00176262030276598,0.00737288030068308,"WBGene00021797","WBGene00021797",NA
"WBGene00021814",45.6735376168361,-1.85987701739113,0.480088744057656,-3.87402754264067,0.000107051306079739,0.000672860298064076,"WBGene00021814","WBGene00021814",NA
"WBGene00021834",301.880067220363,-1.09891730366635,0.271039176171205,-4.05445928219693,5.02504020346493e-05,0.000349163342868859,"WBGene00021834","WBGene00021834",NA
"WBGene00021858",44.2269737706503,-3.3165084574702,0.771609571242825,-4.29816915325237,1.72214718332587e-05,0.000139144430137233,"WBGene00021858","WBGene00021858",NA
"WBGene00021871",17.0231790253993,-3.87412354336663,1.06689209523974,-3.63122340174062,0.000282080871706587,0.00155367317892187,"WBGene00021871","WBGene00021871",NA
"WBGene00021872",90.3019261647102,1.32757351483862,0.426488169774608,3.11280267290936,0.00185319879270543,0.00769778036187462,"WBGene00021872","WBGene00021872",NA
"WBGene00021873",17.370612750485,-3.68476117276622,0.811071317706603,-4.54307912550194,5.5438430149114e-06,5.36117376266094e-05,"WBGene00021873","WBGene00021873",NA
"WBGene00021875",56.0376523881233,-1.50931468505274,0.385200231978664,-3.91826006256492,8.9190449948599e-05,0.000576310624374017,"WBGene00021875","WBGene00021875",NA
"WBGene00021876",1047.90127432687,-1.26530393391123,0.230800988606925,-5.48222926404425,4.1999944967163e-08,7.87802117343388e-07,"WBGene00021876","WBGene00021876",NA
"WBGene00021878",40.0784025925846,-6.27595276680625,1.05764972040296,-5.9338669937105,2.95881556850549e-09,7.6712921405528e-08,"WBGene00021878","WBGene00021878",NA
"WBGene00021880",26.3680667551714,-4.96569685353582,1.08476101814857,-4.57768740806254,4.70144534204474e-06,4.64072916255839e-05,"WBGene00021880","WBGene00021880",NA
"WBGene00021895",126.882391157852,-1.04323559782589,0.29733156540766,-3.50866076528251,0.000450368951574091,0.00230473448795148,"WBGene00021895","WBGene00021895",NA
"WBGene00021898",344.248203202267,-1.00779410498137,0.183490579318054,-5.4923479381168,3.96625011893741e-08,7.50855800661886e-07,"WBGene00021898","WBGene00021898",NA
"WBGene00021908",25.3507487538873,-5.15191473139228,1.07946111756711,-4.77267281567646,1.81796997300244e-06,2.04278654277703e-05,"WBGene00021908","WBGene00021908",NA
"WBGene00021913",284.222167498993,2.67988681958424,0.54688104656079,4.90031028948148,9.56854135519739e-07,1.17595151839928e-05,"WBGene00021913","WBGene00021913",NA
"WBGene00021919",25.8319587601657,4.72734091829037,0.723715791601996,6.53204057883837,6.4879570285047e-11,2.62697931468605e-09,"WBGene00021919","WBGene00021919",NA
"WBGene00021948",58.0875269445885,-1.40140285066733,0.437137174430456,-3.20586518978445,0.00134657058404853,0.00585001013915065,"WBGene00021948","WBGene00021948",NA
"WBGene00021968",30.4235434551248,-4.9453227043697,0.952004415548671,-5.19464261257606,2.0511348771035e-07,3.14558699554081e-06,"WBGene00021968","WBGene00021968",NA
"WBGene00021969",117.771169519413,-5.59320634139696,1.2528793867727,-4.46428155850225,8.03378630971754e-06,7.29986698822586e-05,"WBGene00021969","WBGene00021969",NA
"WBGene00021977",1819.59568770713,1.5007176254905,0.25614300039978,5.85890546744682,4.65927814254142e-09,1.16019272633004e-07,"WBGene00021977","WBGene00021977",NA
"WBGene00021978",442.019891457654,1.06257000355975,0.359367448829974,2.95677865933395,0.00310871187662791,0.0118772571111047,"WBGene00021978","WBGene00021978",NA
"WBGene00021979",526.737318493418,2.60282473183318,0.297429520687959,8.75106386821595,2.11350709326217e-18,3.11426359628826e-16,"WBGene00021979","WBGene00021979",NA
"WBGene00021993",380.41861753553,-4.76851916897128,1.20912095154565,-3.94379004257228,8.02038834176012e-05,0.000528030449418597,"WBGene00021993","WBGene00021993",NA
"WBGene00021994",58.6700394543211,-2.12860836907474,0.598277959363024,-3.55789200615218,0.000373842943882376,0.00197098384246064,"WBGene00021994","WBGene00021994",NA
"WBGene00021996",210.458597077775,-5.25046431773363,1.17484427445859,-4.46907256721598,7.85594772436309e-06,7.16103704236745e-05,"WBGene00021996","WBGene00021996",NA
"WBGene00021999",17.14929528252,-2.15360339305926,0.851041428571172,-2.53055059455212,0.0113883659041225,0.0350579181278535,"WBGene00021999","WBGene00021999",NA
"WBGene00022002",419.662625187175,-5.81426107192418,1.21070313708777,-4.80238375024767,1.56787845933183e-06,1.79997484491806e-05,"WBGene00022002","WBGene00022002",NA
"WBGene00022003",13.3970583518089,-3.12508412892214,0.841468938279903,-3.71384371633528,0.000204134887085625,0.00117696649500397,"WBGene00022003","WBGene00022003",NA
"WBGene00022006",64.442696343116,-5.62900206242579,0.90002121511242,-6.2542993075143,3.99304573231253e-10,1.31201385406766e-08,"WBGene00022006","WBGene00022006",NA
"WBGene00022007",64.442696343116,-5.62900206242579,0.90002121511242,-6.2542993075143,3.99304573231253e-10,1.31201385406766e-08,"WBGene00022007","WBGene00022007",NA
"WBGene00022008",10.5449860005607,-6.88745812192248,1.53816596878266,-4.47770803782208,7.54486897748309e-06,6.93497185177915e-05,"WBGene00022008","WBGene00022008",NA
"WBGene00022012",23.1021166180936,-2.22183912898873,0.490285139880241,-4.53172847443724,5.85030166555781e-06,5.62329265002137e-05,"WBGene00022012","WBGene00022012",NA
"WBGene00022032",23.1135112962875,-5.92560719696323,1.32059841463035,-4.48706217674954,7.22120055777994e-06,6.69032810140638e-05,"WBGene00022032","WBGene00022032",NA
"WBGene00022033",13.3661043315435,3.59804645279327,0.778696161174024,4.62060381467474,3.82624824093371e-06,3.88965619542429e-05,"WBGene00022033","WBGene00022033",NA
"WBGene00022039",23.5441669455175,-1.47188742018416,0.520428370058736,-2.82822287343414,0.00468072072416564,0.0166795166568186,"WBGene00022039","WBGene00022039",NA
"WBGene00022064",19.0228542543707,-4.08380562109065,0.981424631835778,-4.16109957771469,3.16718938594744e-05,0.000234483124957359,"WBGene00022064","WBGene00022064",NA
"WBGene00022072",421.38489405998,-1.80392610591768,0.321195188670436,-5.61629242761978,1.95098369412936e-08,4.05901163612678e-07,"WBGene00022072","WBGene00022072",NA
"WBGene00022079",14.7756168766141,-5.1516150249611,1.78126906581496,-2.89210379488859,0.003826715011623,0.0140785682525425,"WBGene00022079","WBGene00022079",NA
"WBGene00022090",142.620251640053,-6.28270206210386,1.36665678516323,-4.59713230879214,4.28345629779658e-06,4.29638181504607e-05,"WBGene00022090","WBGene00022090",NA
"WBGene00022102",10.8021641311297,-3.71695755727988,1.08141996105333,-3.43710833084631,0.000587960392462131,0.0028968348464189,"WBGene00022102","WBGene00022102",NA
"WBGene00022103",19.8862879943065,1.85226050219764,0.499455820017926,3.70855724963053,0.000208443536052978,0.00119890682527373,"WBGene00022103","WBGene00022103",NA
"WBGene00022104",28.7704647634209,1.03354255938447,0.419001068511537,2.46668239547942,0.0136371255673398,0.0407431930882083,"WBGene00022104","WBGene00022104",NA
"WBGene00022108",33.8117336138303,-3.99476110494123,0.812905616787684,-4.91417579414338,8.9156726001126e-07,1.10633217168938e-05,"WBGene00022108","WBGene00022108",NA
"WBGene00022111",20.0937878757332,2.77686039304244,0.720203539982618,3.85566057216194,0.000115417541307608,0.000717244746917234,"WBGene00022111","WBGene00022111",NA
"WBGene00022112",65.1624569891823,3.14559773122453,0.705324282174969,4.45978936316303,8.2040241296387e-06,7.43093262895602e-05,"WBGene00022112","WBGene00022112",NA
"WBGene00022129",147.540044217124,1.0887194135204,0.25116948380524,4.33460067292493,1.46024951020999e-05,0.000121627891896453,"WBGene00022129","WBGene00022129",NA
"WBGene00022133",12.6082578392435,-5.10680230579345,1.32418372273375,-3.85656628919327,0.000114990924614831,0.000714910107437917,"WBGene00022133","WBGene00022133",NA
"WBGene00022143",26.8647686896532,-6.00561686281537,1.26551176205435,-4.74560335422427,2.07885730460925e-06,2.29267804435031e-05,"WBGene00022143","WBGene00022143",NA
"WBGene00022155",26.7689472126673,-2.63141653716793,0.675447031720294,-3.89581479167357,9.78691569316315e-05,0.000623093033418178,"WBGene00022155","WBGene00022155",NA
"WBGene00022157",27.2792156086919,-8.35926211995605,1.35403388033174,-6.1735989338081,6.67527464649082e-10,2.09588878199984e-08,"WBGene00022157","WBGene00022157",NA
"WBGene00022162",44.4363408037404,-5.65085473665628,1.16282424451784,-4.85959487282566,1.17626204712655e-06,1.39753228924188e-05,"WBGene00022162","WBGene00022162",NA
"WBGene00022177",29.2152685863677,-1.51802949099878,0.471343182688523,-3.22064590462516,0.00127902069090802,0.00559053294652854,"WBGene00022177","WBGene00022177",NA
"WBGene00022196",131.160524331915,-1.92105904269815,0.448164674303648,-4.28650260238174,1.81508077114851e-05,0.000145849343613489,"WBGene00022196","WBGene00022196",NA
"WBGene00022200",384.61668059103,-2.42619160973067,0.308339290424705,-7.86857752182293,3.58696260443452e-15,3.26550678376959e-13,"WBGene00022200","WBGene00022200",NA
"WBGene00022230",18.9266370765792,-1.67271431725872,0.477226490787333,-3.50507431911222,0.0004564798376892,0.00233099904254796,"WBGene00022230","WBGene00022230",NA
"WBGene00022254",19.2434244760577,-1.60372136992731,0.551097819398778,-2.91004847683282,0.00361372700547004,0.0134402810536517,"WBGene00022254","WBGene00022254",NA
"WBGene00022288",15.7372428276775,-4.10818940184292,0.979801804584183,-4.19287797044464,2.75437625673139e-05,0.000209072224309409,"WBGene00022288","WBGene00022288",NA
"WBGene00022298",35.2714127964925,-1.82746933829885,0.607099633786819,-3.01016379617939,0.00261106838390783,0.0102838248584168,"WBGene00022298","WBGene00022298",NA
"WBGene00022324",26.1470543621225,-1.53750900055436,0.443495989664681,-3.46679346912888,0.000526706420538117,0.00263132291812349,"WBGene00022324","WBGene00022324",NA
"WBGene00022326",17.8171853346502,1.35552453388888,0.518986035295736,2.61187092079742,0.00900482458392251,0.0287932791449674,"WBGene00022326","WBGene00022326",NA
"WBGene00022334",41.2145942965625,3.62225911043522,0.528686763532219,6.8514276511,7.31165753082212e-12,3.74837085952699e-10,"WBGene00022334","WBGene00022334",NA
"WBGene00022338",15.2747325930441,-3.58939753657698,0.966016784386148,-3.71566787926759,0.000202667649268969,0.00116897849515794,"WBGene00022338","WBGene00022338",NA
"WBGene00022349",274.746032788331,4.24321339516395,1.00036412922145,4.24166887957716,2.21863852796715e-05,0.000173000548173675,"WBGene00022349","WBGene00022349",NA
"WBGene00022353",24.8888915083124,-1.40934938546865,0.48694426725188,-2.89427246658526,0.00380038231329036,0.0140138021664249,"WBGene00022353","WBGene00022353",NA
"WBGene00022358",307.353067151932,-1.02928481463852,0.237897788167708,-4.32658421318703,1.51439437262989e-05,0.000124900396814767,"WBGene00022358","WBGene00022358",NA
"WBGene00022383",28.578708092633,-3.23099732145232,1.18067071690625,-2.73657784104157,0.00620819053626719,0.0211673824749206,"WBGene00022383","WBGene00022383",NA
"WBGene00022385",17.0432690529003,-3.058276185255,0.927587747279312,-3.29702089557044,0.000977162310816826,0.00443035743778687,"WBGene00022385","WBGene00022385",NA
"WBGene00022389",182.737052141326,-1.06689635874032,0.373971974950822,-2.85287783631546,0.00433252734794111,0.015609985728289,"WBGene00022389","WBGene00022389",NA
"WBGene00022396",56.6360703126354,-1.73662516314799,0.507987097967134,-3.41864029637293,0.000629348637740627,0.00307215849700368,"WBGene00022396","WBGene00022396",NA
"WBGene00022397",24.9857978912134,-1.6919708038478,0.519197456271454,-3.25881951733443,0.0011187681624724,0.00496601035596833,"WBGene00022397","WBGene00022397",NA
"WBGene00022410",206.104580047175,-1.4150530837325,0.437445654366096,-3.23480887193417,0.00121724183204352,0.00535159566453337,"WBGene00022410","WBGene00022410",NA
"WBGene00022413",154.739694756485,-1.50648424222872,0.532778272346904,-2.82760074954374,0.00468982555748967,0.0167077957859421,"WBGene00022413","WBGene00022413",NA
"WBGene00022416",19.4812343162775,2.28035600911119,0.602995633046313,3.78171231123335,0.000155753302531807,0.000927962464813305,"WBGene00022416","WBGene00022416",NA
"WBGene00022418",102.747274923055,2.55957593153052,0.378004985350706,6.77127559351048,1.27651843626507e-11,6.14319124900224e-10,"WBGene00022418","WBGene00022418",NA
"WBGene00022441",29.1142731741026,5.52244832725524,0.894717807201622,6.17227944141137,6.73123929847118e-10,2.10524296046058e-08,"WBGene00022441","WBGene00022441",NA
"WBGene00022467",26.1480825137097,-4.10109675905982,0.948990144596443,-4.32153777614183,1.54945516946649e-05,0.000127571213923874,"WBGene00022467","WBGene00022467",NA
"WBGene00022484",30.3181672364655,-1.47981892653599,0.548127862697325,-2.69976957429938,0.00693875160269703,0.0231394252583641,"WBGene00022484","WBGene00022484",NA
"WBGene00022487",26.6614647614775,-1.9067944802455,0.417839433068302,-4.56346225209865,5.03168601689085e-06,4.92588275612472e-05,"WBGene00022487","WBGene00022487",NA
"WBGene00022500",1914.31708132999,-1.08252069914839,0.294225514585628,-3.67922102429816,0.000233947449991758,0.00132109418442286,"WBGene00022500","WBGene00022500",NA
"WBGene00022505",47.1730910728507,-3.14356106183575,0.79997481281511,-3.92957504596121,8.50961160088751e-05,0.000553861013713503,"WBGene00022505","WBGene00022505",NA
"WBGene00022519",48.8656699521199,-1.02252218058064,0.389284507259242,-2.62667062652893,0.00862247512083724,0.0277569902932718,"WBGene00022519","WBGene00022519",NA
"WBGene00022548",10.3874816012936,-3.50882783129157,0.765051593160532,-4.58639373169085,4.50967776951365e-06,4.48551317742927e-05,"WBGene00022548","WBGene00022548",NA
"WBGene00022554",246.418638694551,1.10896825510258,0.263036141879631,4.21602996142661,2.48640740423691e-05,0.000191271372598268,"WBGene00022554","WBGene00022554",NA
"WBGene00022557",36.6964896724975,1.70794821831205,0.650707176568907,2.62475700255502,0.00867108258587135,0.0278830063748175,"WBGene00022557","WBGene00022557",NA
"WBGene00022572",10.85083523815,-2.18669552535394,0.761299437275459,-2.87231990237599,0.00407470257966739,0.0148381462346971,"WBGene00022572","WBGene00022572",NA
"WBGene00022574",23.2190290775725,-1.78060538773509,0.540166635335506,-3.29640016849455,0.000979324130112664,0.00443519638520288,"WBGene00022574","WBGene00022574",NA
"WBGene00022589",52.675732668719,-4.54334821684852,0.873139998700607,-5.20345903705003,1.95612885683716e-07,3.01606793427978e-06,"WBGene00022589","WBGene00022589",NA
"WBGene00022597",193.501017990637,-2.02119442766788,0.393128064626696,-5.14131299577188,2.72825114583239e-07,4.01595196986429e-06,"WBGene00022597","WBGene00022597",NA
"WBGene00022610",288.754140758617,-1.38908777147165,0.421574064924434,-3.29500291181488,0.00098420659995663,0.00444895408346419,"WBGene00022610","WBGene00022610",NA
"WBGene00022614",12.4320845697041,-1.62005361549862,0.658758906871126,-2.45925117459634,0.0139227172348308,0.0414577911327992,"WBGene00022614","WBGene00022614",NA
"WBGene00022617",13.9918566370552,-3.56822143536712,1.24168606971757,-2.87369047812444,0.00405706351565913,0.014785213877949,"WBGene00022617","WBGene00022617",NA
"WBGene00022621",71.0570512728991,-5.22585786388436,0.86073599465019,-6.07138297499478,1.2681335700585e-09,3.69906798302982e-08,"WBGene00022621","WBGene00022621",NA
"WBGene00022632",22.6385939979761,-3.90715693073686,0.990767226397676,-3.94356699195922,8.02785522331807e-05,0.000528278704911994,"WBGene00022632","WBGene00022632",NA
"WBGene00022633",237.226525784044,-1.56032706504973,0.302756290391317,-5.15373954091253,2.5534253680091e-07,3.77806509161015e-06,"WBGene00022633","WBGene00022633",NA
"WBGene00022634",29.8267237632779,-4.48434028442547,1.138156213223,-3.94000422114888,8.14801754107445e-05,0.000534463582903061,"WBGene00022634","WBGene00022634",NA
"WBGene00022635",24.1114848474087,-1.62705906944005,0.487668804286238,-3.33640178567797,0.000848704101232549,0.00394617037049994,"WBGene00022635","WBGene00022635",NA
"WBGene00022645",587.813588110403,2.41864246209825,0.297991012860312,8.11649465157535,4.79841857753859e-16,5.00611654954445e-14,"WBGene00022645","WBGene00022645",NA
"WBGene00022650",44.7677294975354,-4.8245758495748,0.803374648801412,-6.00538722098436,1.9087580551181e-09,5.25662406200442e-08,"WBGene00022650","WBGene00022650",NA
"WBGene00022652",20.0962185952546,-6.08429183688456,1.25250792497137,-4.85768729728686,1.18764775781171e-06,1.40871779273052e-05,"WBGene00022652","WBGene00022652",NA
"WBGene00022657",9.91814206577672,-2.63268595152254,0.791428164440808,-3.32650020533789,0.000879439550445918,0.00406464759987608,"WBGene00022657","WBGene00022657",NA
"WBGene00022675",48.5561813270554,-1.18034866442317,0.474523201103088,-2.487441418416,0.0128665642081915,0.0388224197229641,"WBGene00022675","WBGene00022675",NA
"WBGene00022683",27.1537489923488,1.79031622098129,0.497191907515446,3.6008555125682,0.000317171811472689,0.00171392691923597,"WBGene00022683","WBGene00022683",NA
"WBGene00022705",70.0891789764373,-4.39389909379361,0.910931662395241,-4.82352219730744,1.41045062215019e-06,1.64702375346346e-05,"WBGene00022705","WBGene00022705",NA
"WBGene00022706",33.3902433903448,-4.32164829664986,0.834733794112205,-5.17727726747449,2.25147487986745e-07,3.38384126792277e-06,"WBGene00022706","WBGene00022706",NA
"WBGene00022707",31.2112896376494,-6.47982192382213,1.27313937779875,-5.08964064486461,3.58742700495799e-07,5.08177345707279e-06,"WBGene00022707","WBGene00022707",NA
"WBGene00022708",24.8236047155919,-5.1406618565426,1.06738730770629,-4.81611671736042,1.46378923228249e-06,1.69683207599461e-05,"WBGene00022708","WBGene00022708",NA
"WBGene00022709",40.7505450632519,-5.29564110911608,0.950258514030539,-5.57284258012541,2.50616014241981e-08,5.03097569039414e-07,"WBGene00022709","WBGene00022709",NA
"WBGene00022727",42.4082743491649,1.1637883677885,0.409608497736372,2.84122124960779,0.00449411213585064,0.0160947994882769,"WBGene00022727","WBGene00022727",NA
"WBGene00022732",31.9054250371496,-5.27863395316136,0.957128843764986,-5.51507144262541,3.48638304500047e-08,6.70671236368664e-07,"WBGene00022732","WBGene00022732",NA
"WBGene00022736",32.9098985271831,1.13349617380461,0.422272671533602,2.68427546989483,0.00726871884142256,0.0240713156627555,"WBGene00022736","WBGene00022736",NA
"WBGene00022741",45.9553238246847,2.41733565770486,0.595364524229601,4.06026150253558,4.9017784974603e-05,0.000341594929615798,"WBGene00022741","WBGene00022741",NA
"WBGene00022743",277.172499158446,-2.27489141002807,0.501569765193756,-4.53554334390408,5.74553766231687e-06,5.5374895352323e-05,"WBGene00022743","WBGene00022743",NA
"WBGene00022751",458.511660278247,-5.25445366317528,0.962443238585206,-5.45949459928602,4.774918604696e-08,8.77759555794786e-07,"WBGene00022751","WBGene00022751",NA
"WBGene00022753",27.4642447387427,-4.36095803599848,0.969790592589494,-4.49680381447508,6.89825838886774e-06,6.46112759843294e-05,"WBGene00022753","WBGene00022753",NA
"WBGene00022754",349.080687871454,-5.67094186624186,1.05478269235166,-5.37640777324319,7.59865932054488e-08,1.30852575504275e-06,"WBGene00022754","WBGene00022754",NA
"WBGene00022760",12.0731300985706,-2.94757271295723,1.01257811250495,-2.91095835131714,0.00360322043832473,0.0134081826933026,"WBGene00022760","WBGene00022760",NA
"WBGene00022761",21.135828400833,-3.27791996158965,0.72228281433289,-4.53827766152402,5.67155514914378e-06,5.47356770740797e-05,"WBGene00022761","WBGene00022761",NA
"WBGene00022780",26.881929014718,-7.20768421657207,1.44413141415106,-4.99101684648909,6.0062258378263e-07,7.84707366545259e-06,"WBGene00022780","WBGene00022780",NA
"WBGene00022782",21.0209286468466,-1.86197245598817,0.719023858428578,-2.58958368927771,0.00960920624696465,0.0304235827594906,"WBGene00022782","WBGene00022782",NA
"WBGene00022797",80.762235160422,-1.98952946382712,0.490757918109931,-4.0539936094958,5.03505923026289e-05,0.000349689512041533,"WBGene00022797","WBGene00022797",NA
"WBGene00022813",61.3206630456579,1.10495667391604,0.3081634755388,3.5856185486749,0.000336280197142048,0.00179613335491453,"WBGene00022813","WBGene00022813",NA
"WBGene00022816",231.75094737209,5.68355789570973,0.52542699460191,10.817026825993,2.85902012467718e-27,1.07536775373713e-24,"WBGene00022816","WBGene00022816",NA
"WBGene00022834",21.4992020574717,-2.10260940134257,0.769087074014194,-2.73390292515014,0.00625884937995871,0.0213045330287568,"WBGene00022834","WBGene00022834",NA
"WBGene00022837",11.2676934872957,2.76534851900495,0.774018574048683,3.57271596796463,0.000353297898566517,0.00187601085143151,"WBGene00022837","WBGene00022837",NA
"WBGene00022847",160.188992915987,-1.01063267694789,0.343427787707016,-2.94278073331119,0.00325278714331993,0.0123255797029352,"WBGene00022847","WBGene00022847",NA
"WBGene00022849",59.0036400505059,-4.67567471975334,0.792077311451017,-5.90305346732873,3.56834563090911e-09,9.07515375490817e-08,"WBGene00022849","WBGene00022849",NA
"WBGene00022867",63.9361663261858,-1.63488655955269,0.291400308203422,-5.61044897183637,2.01802372107513e-08,4.19238561705332e-07,"WBGene00022867","WBGene00022867",NA
"WBGene00022876",50.1130804591571,-5.60548314253645,0.995796530674372,-5.62914508121485,1.81105019526365e-08,3.80107789146892e-07,"WBGene00022876","WBGene00022876",NA
"WBGene00022887",44.8913915118939,-2.73853654108283,0.528662411017002,-5.18012342851203,2.21739130994929e-07,3.33963898768231e-06,"WBGene00022887","WBGene00022887",NA
"WBGene00022888",41.8357353899798,-5.99702199941055,1.133979416791,-5.28847517918913,1.23340221769834e-07,2.00329748835936e-06,"WBGene00022888","WBGene00022888",NA
"WBGene00022893",75.1814964753957,-1.33262730181524,0.341486597353006,-3.90242929633241,9.5232060765952e-05,0.00060820010926173,"WBGene00022893","WBGene00022893",NA
"WBGene00023021",48.8999451587039,-1.2122852619113,0.41007474091379,-2.95625441159801,0.00311400113517523,0.01189428600349,"WBGene00023021","WBGene00023021",NA
"WBGene00023036",42.5577008838785,-1.27827507786332,0.381985204541871,-3.3463994486289,0.00081868365836324,0.00383026040228667,"WBGene00023036","WBGene00023036",NA
"WBGene00023069",101.4293931765,-1.50960893257221,0.301862019475452,-5.00098997282092,5.70366793677025e-07,7.4928792114207e-06,"WBGene00023069","WBGene00023069",NA
"WBGene00023245",18.1287849343913,2.48353377664943,0.690694726860825,3.59570397755456,0.000323515518529335,0.00174096660630263,"WBGene00023245","WBGene00023245",NA
"WBGene00023417",123.806322167951,-1.00223297231466,0.201137855701549,-4.98281623227498,6.2665459179802e-07,8.13512632204278e-06,"WBGene00023417","WBGene00023417",NA
"WBGene00023423",42.7108115258492,2.68160857386049,0.740418018370728,3.62174948113945,0.00029261742247838,0.00160183103005878,"WBGene00023423","WBGene00023423",NA
"WBGene00023424",40.140425186139,-5.73090141510211,1.01991034461202,-5.61902469700134,1.92038407462676e-08,4.00117340796506e-07,"WBGene00023424","WBGene00023424",NA
"WBGene00023432",77.2374337365054,-1.26454146466675,0.318640547501988,-3.96855163154921,7.23107912887934e-05,0.000480939106510341,"WBGene00023432","WBGene00023432",NA
"WBGene00023451",303.577221347341,-1.19106557771881,0.355749262049528,-3.34804792245216,0.000813829373531148,0.00381129201699892,"WBGene00023451","WBGene00023451",NA
"WBGene00023486",78.662684518667,-2.0934436238663,0.475182329496698,-4.40555865384058,1.05511596403255e-05,9.17321926637298e-05,"WBGene00023486","WBGene00023486",NA
"WBGene00023490",53.6752084998266,-5.34168143602201,1.02717331773893,-5.20037012622212,1.98892056052888e-07,3.06332344521974e-06,"WBGene00023490","WBGene00023490",NA
"WBGene00023491",96.3624301171448,1.3386520612921,0.379873463263626,3.52394202477656,0.000425177267221167,0.00219735432414127,"WBGene00023491","WBGene00023491",NA
"WBGene00023501",35.3055812320187,-2.03354404875067,0.469256899245664,-4.33354107743458,1.467298871328e-05,0.00012200176130245,"WBGene00023501","WBGene00023501",NA
"WBGene00043062",85.9762533878064,-1.27323040767399,0.346865730147363,-3.67067224292545,0.000241913385338209,0.0013575453540004,"WBGene00043062","WBGene00043062",NA
"WBGene00043067",11.2852166377656,2.17610140838511,0.72345826830817,3.00791559611861,0.00263046183815424,0.0103431062043297,"WBGene00043067","WBGene00043067",NA
"WBGene00043147",131.458924269338,-5.2362894178431,1.45473949054152,-3.59946880653794,0.00031886787885985,0.00172244088909442,"WBGene00043147","WBGene00043147",NA
"WBGene00043534",20.5207331130571,-1.66227818317604,0.493502663996239,-3.36832666659871,0.000756259332400536,0.0035792101450334,"WBGene00043534","WBGene00043534",NA
"WBGene00043743",411.981516301965,-5.7182699856284,1.50298268507636,-3.8046146788031,0.000142025102144017,0.000857973281886911,"WBGene00043743","WBGene00043743",NA
"WBGene00043982",48.8529369539885,-1.41650563995391,0.332586573667547,-4.2590583989414,2.05289836490148e-05,0.00016139755956841,"WBGene00043982","WBGene00043982",NA
"WBGene00043983",50.6935419267981,-1.80641630490214,0.572035730121072,-3.157873205787,0.00158924665366359,0.00673040071727815,"WBGene00043983","WBGene00043983",NA
"WBGene00043985",27.0277470257777,-1.32335644661326,0.422930186056272,-3.12901866606699,0.00175391166140303,0.00734720380317512,"WBGene00043985","WBGene00043985",NA
"WBGene00044003",10.005339099823,-5.50188504961503,1.58288692775806,-3.47585475192956,0.000509228002080138,0.00255427925956403,"WBGene00044003","WBGene00044003",NA
"WBGene00044005",30.4717301482353,-4.47765496759733,0.792458264193256,-5.65033538031899,1.6013509702146e-08,3.39586193134679e-07,"WBGene00044005","WBGene00044005",NA
"WBGene00044007",37.6260273119234,-1.30114759482743,0.419274289101377,-3.1033326599066,0.00191354416460838,0.00789785929677955,"WBGene00044007","WBGene00044007",NA
"WBGene00044019",153.889458012619,-1.24661161604655,0.37734409355486,-3.30364682352002,0.000954359799859175,0.00434110872397565,"WBGene00044019","WBGene00044019",NA
"WBGene00044035",14.6131074097422,-2.54167825713568,0.743976217651989,-3.41634342177938,0.000634681511697965,0.00309185509430777,"WBGene00044035","WBGene00044035",NA
"WBGene00044047",11.5369388656934,2.21960362763059,0.645687473222941,3.43758198769362,0.000586933003099652,0.00289476653323096,"WBGene00044047","WBGene00044047",NA
"WBGene00044049",166.579136035266,-1.0858326630113,0.309699975687024,-3.50607926462551,0.000454759770413319,0.00232304553199341,"WBGene00044049","WBGene00044049",NA
"WBGene00044062",18.5859024375835,-5.06325846214575,1.01265302249596,-4.99999343276139,5.7332267136258e-07,7.52479425324642e-06,"WBGene00044062","WBGene00044062",NA
"WBGene00044066",70.6611670456799,3.76040317514891,0.739107726902721,5.087760604137,3.62316321215362e-07,5.12731403874373e-06,"WBGene00044066","WBGene00044066",NA
"WBGene00044068",99.4996263798914,1.9693426708347,0.41765931062524,4.71518920022776,2.41486248008326e-06,2.59711282376449e-05,"WBGene00044068","WBGene00044068",NA
"WBGene00044070",114.016371200937,-1.13537420876282,0.426524970015659,-2.66191732859423,0.00776969587533424,0.0253891776740175,"WBGene00044070","WBGene00044070",NA
"WBGene00044078",54.7113476240589,-2.10285926737112,0.481323898911043,-4.36890682579584,1.24870024347773e-05,0.000106553269134491,"WBGene00044078","WBGene00044078",NA
"WBGene00044082",129.127970906047,-1.43077392691802,0.316557160358303,-4.51979644149751,6.18991186607182e-06,5.91479841555286e-05,"WBGene00044082","WBGene00044082",NA
"WBGene00044120",17.1553440964669,-2.0723804709006,0.561364035134035,-3.69168728524938,0.000222771265739318,0.00126653528290059,"WBGene00044120","WBGene00044120",NA
"WBGene00044122",21.029556643209,-5.40956207218281,1.19509277017191,-4.52647878658378,5.9974616584787e-06,5.76086824493522e-05,"WBGene00044122","WBGene00044122",NA
"WBGene00044150",14.1892600917822,-1.79346817531583,0.643781935567131,-2.78583177972507,0.00533905709353325,0.0186079353908487,"WBGene00044150","WBGene00044150",NA
"WBGene00044167",16.9169164773718,-1.86557694301034,0.583909389181291,-3.19497678505581,0.00139842088670526,0.00603855883192699,"WBGene00044167","WBGene00044167",NA
"WBGene00044174",36.4687749309184,-2.31927287812227,0.585251601421967,-3.96286464229607,7.40557732823971e-05,0.000490945810540492,"WBGene00044174","WBGene00044174",NA
"WBGene00044175",10.4137736042076,-2.19795517551004,0.865289818181757,-2.54013756931594,0.0110808873666765,0.0342441347312231,"WBGene00044175","WBGene00044175",NA
"WBGene00044177",76.2566879408586,-5.75406815331781,0.998080163184525,-5.76513627418322,8.1591886543901e-09,1.91179153175734e-07,"WBGene00044177","WBGene00044177",NA
"WBGene00044178",120.80539294093,-1.71819227936559,0.356734155457414,-4.81645015785629,1.46134645559311e-06,1.69537539689872e-05,"WBGene00044178","WBGene00044178",NA
"WBGene00044191",204.886338897379,-1.3568174641817,0.392952626652714,-3.45287796073401,0.000554639867334979,0.00274877518162928,"WBGene00044191","WBGene00044191",NA
"WBGene00044205",20.5378868138927,-3.24946901785929,0.798707940851566,-4.06840705051057,4.73356365670587e-05,0.00033100208094568,"WBGene00044205","WBGene00044205",NA
"WBGene00044206",157.115432368751,-2.86551789267662,0.560289509646561,-5.11435221138484,3.14819458047337e-07,4.51778565649657e-06,"WBGene00044206","WBGene00044206",NA
"WBGene00044221",25.174593001819,-2.583415543539,0.538134593293964,-4.80068662325853,1.58122541864762e-06,1.8109338869175e-05,"WBGene00044221","WBGene00044221",NA
"WBGene00044243",10.3591432495751,-3.64797878968391,1.37111773060328,-2.66058756900389,0.00780044403804111,0.0254547366748223,"WBGene00044243","WBGene00044243",NA
"WBGene00044260",60.8540348062134,-1.39590264329741,0.572470714066419,-2.43838262639135,0.0147531488965697,0.0433855423916067,"WBGene00044260","WBGene00044260",NA
"WBGene00044281",64.3726389112337,3.23769613956318,0.771061072222198,4.19901387348234,2.6807989729381e-05,0.000204464566276437,"WBGene00044281","WBGene00044281",NA
"WBGene00044283",100.104089088383,-1.83200944737806,0.388007347841071,-4.72158441733546,2.34014464757402e-06,2.53008225777424e-05,"WBGene00044283","WBGene00044283",NA
"WBGene00044291",20.311340547576,-1.34171273864315,0.518419108082427,-2.58808504108962,0.00965111506539839,0.030511698214939,"WBGene00044291","WBGene00044291",NA
"WBGene00044296",55.0608099590537,-1.91603250776907,0.56421786238364,-3.39590898394184,0.000684011003936904,0.00328513752663648,"WBGene00044296","WBGene00044296",NA
"WBGene00044300",15.3820041544847,-3.91082995075398,1.05733866716751,-3.69874863389858,0.000216665042872963,0.00123723270386866,"WBGene00044300","WBGene00044300",NA
"WBGene00044303",15.8200043756108,2.2086823360227,0.526865757882209,4.19211592892414,2.76364701283603e-05,0.000209664579376143,"WBGene00044303","WBGene00044303",NA
"WBGene00044312",27.9125962900884,-3.48750129375355,0.780587847700207,-4.46778835210994,7.90324406093311e-06,7.19497244349789e-05,"WBGene00044312","WBGene00044312",NA
"WBGene00044314",11.3080875068876,1.87353417105434,0.758285220317823,2.47075126991013,0.0134829560977539,0.0404100687675555,"WBGene00044314","WBGene00044314",NA
"WBGene00044330",41.6829451559163,1.24620750989352,0.317121804993264,3.92974399827217,8.50363481251601e-05,0.00055372415660725,"WBGene00044330","WBGene00044330",NA
"WBGene00044347",24.355211979064,-3.10435677102767,0.763880169026406,-4.06393161768329,4.82529678824547e-05,0.000336757651339807,"WBGene00044347","WBGene00044347",NA
"WBGene00044350",98.7821821935464,-1.23788563804752,0.307052588828004,-4.03151018127688,5.54195952960713e-05,0.00038009226274796,"WBGene00044350","WBGene00044350",NA
"WBGene00044388",27.2190540946538,-4.86625181350693,1.25600826700502,-3.87437880891549,0.000106897023874292,0.000672186169043227,"WBGene00044388","WBGene00044388",NA
"WBGene00044389",26.0924771494163,-1.4445519235858,0.465891027371056,-3.10062190237309,0.00193114705593365,0.00795672668505611,"WBGene00044389","WBGene00044389",NA
"WBGene00044401",11.5110629456505,-1.63212692524343,0.606352484737937,-2.69171309811458,0.00710860682865408,0.0236231847016863,"WBGene00044401","WBGene00044401",NA
"WBGene00044417",22.5193691720883,4.66886833053321,0.858529560394928,5.43821499679697,5.38170104578283e-08,9.73802137493543e-07,"WBGene00044417","WBGene00044417",NA
"WBGene00044418",28.3127719129514,-1.68838133014702,0.528318251990733,-3.19576566545846,0.00139460327514515,0.00602571481609725,"WBGene00044418","WBGene00044418",NA
"WBGene00044433",54.3520761645837,-1.27611483677087,0.415164645274207,-3.07375604184221,0.00211382211422286,0.00858563781716035,"WBGene00044433","WBGene00044433",NA
"WBGene00044436",30.4291061971999,1.85293958515717,0.695905217824153,2.66263211957319,0.00775321261094826,0.025352703694414,"WBGene00044436","WBGene00044436",NA
"WBGene00044445",52.2134218341818,-1.30474290927129,0.405398768090535,-3.21841853495694,0.00128899580473047,0.00563068980348795,"WBGene00044445","WBGene00044445",NA
"WBGene00044447",34.9447554031807,-5.43810042904113,1.08271728078631,-5.02264120610671,5.0965700779146e-07,6.83351558383053e-06,"WBGene00044447","WBGene00044447",NA
"WBGene00044459",40.788962998808,1.16207658948142,0.476507879535775,2.4387353061476,0.0147387596063361,0.0433637486729851,"WBGene00044459","WBGene00044459",NA
"WBGene00044467",22.4948005640996,-1.26829554114014,0.445483693295432,-2.84700778104361,0.00441322836637839,0.0158567805532042,"WBGene00044467","WBGene00044467",NA
"WBGene00044472",10.7233651710514,3.09523986646525,0.910532402136743,3.39937366226799,0.000675403746692797,0.00325473558714772,"WBGene00044472","WBGene00044472",NA
"WBGene00044475",26.0707530874329,-6.48323381067101,1.27830338852758,-5.07174890472501,3.94176268044899e-07,5.50445502278215e-06,"WBGene00044475","WBGene00044475",NA
"WBGene00044479",21.5730557037484,3.37376559419108,0.784958782320059,4.29801624006222,1.72333539432229e-05,0.000139161767181065,"WBGene00044479","WBGene00044479",NA
"WBGene00044485",16.49076656923,-1.46786180578962,0.469252562210526,-3.12808479696926,0.00175949410875836,0.00736195822496582,"WBGene00044485","WBGene00044485",NA
"WBGene00044488",35.7286510605062,1.18294632428905,0.344974211571628,3.42908624647565,0.000605617045167503,0.00297357761132914,"WBGene00044488","WBGene00044488",NA
"WBGene00044489",28.9703301440023,-1.67580523293579,0.571800063320926,-2.93075384287817,0.00338140605233328,0.0127218838394313,"WBGene00044489","WBGene00044489",NA
"WBGene00044500",153.287188746195,-1.62182814048826,0.309223426693955,-5.24484240352661,1.56415968310026e-07,2.48577191495836e-06,"WBGene00044500","WBGene00044500",NA
"WBGene00044509",16.6403234282462,-1.87187570721161,0.634077483136475,-2.95212455416701,0.00315595600671153,0.0120157611941672,"WBGene00044509","WBGene00044509",NA
"WBGene00044526",21.5039184175887,2.59077837424337,0.782257928200464,3.31192344729991,0.000926568967923594,0.00423945837053376,"WBGene00044526","WBGene00044526",NA
"WBGene00044527",129.022702528108,-1.06905126097665,0.270520788186136,-3.95182665311871,7.75569143923294e-05,0.00051272940675743,"WBGene00044527","WBGene00044527",NA
"WBGene00044529",26.4898346039438,-3.42239885749016,0.953531329385243,-3.58918344056576,0.00033171536842889,0.00177506842416852,"WBGene00044529","WBGene00044529",NA
"WBGene00044554",32.5020003175733,-1.30003620328099,0.541598262576671,-2.40036996628465,0.0163785087616597,0.0471496527150861,"WBGene00044554","WBGene00044554",NA
"WBGene00044567",21.1761318636435,3.05369724472867,0.930478794297424,3.28185581814836,0.00103126321624646,0.00462209004384154,"WBGene00044567","WBGene00044567",NA
"WBGene00044607",49.0237733684916,-1.01764144300348,0.386271469903695,-2.6345239612369,0.00842553567039271,0.0272470440578684,"WBGene00044607","WBGene00044607",NA
"WBGene00044615",23.1164576493961,-1.52135837122813,0.630311278179311,-2.41366198558696,0.015793106016528,0.0457871935688103,"WBGene00044615","WBGene00044615",NA
"WBGene00044633",48.2789144125424,-5.19907400027659,0.791732643811927,-6.56670410259301,5.14411225651425e-11,2.13734873495227e-09,"WBGene00044633","WBGene00044633",NA
"WBGene00044634",10.3715545261059,-6.78967413082372,1.5428757104216,-4.40066175451581,1.07921242454222e-05,9.33727795640552e-05,"WBGene00044634","WBGene00044634",NA
"WBGene00044644",167.193905008065,1.0457411690023,0.415790529131781,2.5150673133078,0.0119009659042502,0.0364007073976992,"WBGene00044644","WBGene00044644",NA
"WBGene00044660",12.2671818041654,-2.62944157332812,0.728847537238907,-3.60767024512319,0.000308958809545804,0.00167651794412991,"WBGene00044660","WBGene00044660",NA
"WBGene00044674",123.187754949787,-4.64303529023239,0.712517563225121,-6.51638012853504,7.20243163009384e-11,2.87554065052881e-09,"WBGene00044674","WBGene00044674",NA
"WBGene00044676",32.4301775093886,-1.15118694919804,0.386757975943123,-2.97650474147515,0.00291554573869321,0.01128075208956,"WBGene00044676","WBGene00044676",NA
"WBGene00044684",29.5241216290181,-5.43114340955597,1.16425249302094,-4.66491885747527,3.08738843387396e-06,3.22337785868229e-05,"WBGene00044684","WBGene00044684",NA
"WBGene00044699",42.2912047273352,-1.05376999458469,0.317810136695203,-3.31572178767636,0.00091406777611098,0.00419549477326725,"WBGene00044699","WBGene00044699",NA
"WBGene00044725",23.9179969600027,1.68006196906982,0.495728869836958,3.38907429301501,0.000701290072719833,0.0033568449462105,"WBGene00044725","WBGene00044725",NA
"WBGene00044728",289.191516411822,-1.28821942111585,0.232711813244024,-5.5356855466766,3.10013339332276e-08,6.06158776891413e-07,"WBGene00044728","WBGene00044728",NA
"WBGene00044733",14.3290986524531,3.07839771664236,0.832769541160171,3.69657818218674,0.000218524983157736,0.00124586261837795,"WBGene00044733","WBGene00044733",NA
"WBGene00044761",16.6383072796482,-2.19103662995373,0.655844947476731,-3.34078449240697,0.000835420417688942,0.00389229901896728,"WBGene00044761","WBGene00044761",NA
"WBGene00044763",18.2246036606609,-4.88424367704361,1.02160484118984,-4.78095196901675,1.74467046399735e-06,1.96815903251098e-05,"WBGene00044763","WBGene00044763",NA
"WBGene00044777",17.2070809397398,-4.82764737455572,1.33853924725637,-3.60665358483217,0.000310171302986412,0.00168054527429294,"WBGene00044777","WBGene00044777",NA
"WBGene00044779",112.531886413925,-1.14093639114996,0.337255301652337,-3.38300505747454,0.000716973119466761,0.0034193182504299,"WBGene00044779","WBGene00044779",NA
"WBGene00044792",21.183898931211,-1.27569565152703,0.468225446778954,-2.72453293665024,0.00643925073667639,0.0218146979804019,"WBGene00044792","WBGene00044792",NA
"WBGene00044798",18.9772270658462,2.90205065958402,0.845721749541585,3.43144853630292,0.000600367031625656,0.0029498267387506,"WBGene00044798","WBGene00044798",NA
"WBGene00044811",18.4991300483596,1.649407674762,0.566610040667073,2.91101031817251,0.00360262120254237,0.0134081826933026,"WBGene00044811","WBGene00044811",NA
"WBGene00044921",25.0806015756885,-1.81817297155815,0.543193663032556,-3.34719105780359,0.000816349252328447,0.00382184076761562,"WBGene00044921","WBGene00044921",NA
"WBGene00044949",89.0762429607148,1.66632853795532,0.308431040563872,5.40259675196423,6.56830081225527e-08,1.14628478033656e-06,"WBGene00044949","WBGene00044949",NA
"WBGene00045013",13.4601134302714,-1.66440806878673,0.623751534097078,-2.66838312661798,0.0076217290446435,0.0250254097283722,"WBGene00045013","WBGene00045013",NA
"WBGene00045036",11.2242073531059,-3.82642846817039,0.986363305080677,-3.87932970383303,0.000104744702121962,0.000660978378555937,"WBGene00045036","WBGene00045036",NA
"WBGene00045058",55.6586045150591,1.71348594855238,0.51783020549703,3.30897257510833,0.000936390089281127,0.00427461627150915,"WBGene00045058","WBGene00045058",NA
"WBGene00045077",19.4404376162771,2.52909249332961,0.716815169976038,3.52823517032173,0.000418340315350617,0.00217001018423013,"WBGene00045077","WBGene00045077",NA
"WBGene00045183",13.7539460011629,3.53816308127485,0.797716441828806,4.43536436727245,9.19166885035895e-06,8.16003247690562e-05,"WBGene00045183","WBGene00045183",NA
"WBGene00045245",224.158782886425,-1.49087116422799,0.346302218883988,-4.3051158292677,1.66898387209779e-05,0.000135529773887747,"WBGene00045245","WBGene00045245",NA
"WBGene00045247",12.6244488394766,-3.94719401730983,1.31344746497247,-3.00521651803756,0.00265391855536518,0.0104210049208336,"WBGene00045247","WBGene00045247",NA
"WBGene00045252",21.8330133846464,-1.71021191932932,0.626572670140625,-2.72947097891373,0.00634360323493861,0.0215468443528939,"WBGene00045252","WBGene00045252",NA
"WBGene00045255",41.2487572597694,-1.19959371676529,0.306913166863642,-3.90857690800295,9.28413928488231e-05,0.00059622646884431,"WBGene00045255","WBGene00045255",NA
"WBGene00045261",242.140486931158,1.71164960751494,0.317730040337815,5.38711922138395,7.15959453027545e-08,1.23888722301728e-06,"WBGene00045261","WBGene00045261",NA
"WBGene00045271",104.695756034804,-1.58936126722103,0.449578502133983,-3.53522523803278,0.000407427711808455,0.002117587012683,"WBGene00045271","WBGene00045271",NA
"WBGene00045272",124.901479306381,1.28252335211024,0.44392359507858,2.88906326748237,0.00386391324140132,0.0142008001952556,"WBGene00045272","WBGene00045272",NA
"WBGene00045305",117.040289426683,1.07355443787906,0.299637189226672,3.58284777884139,0.000339868678990483,0.00181462197564848,"WBGene00045305","WBGene00045305",NA
"WBGene00045306",12.981049667653,-5.24545204348961,1.44611232626322,-3.62727842659632,0.00028642438429808,0.00157274826153379,"WBGene00045306","WBGene00045306",NA
"WBGene00045338",29.9646447471559,-2.22908194064003,0.448891817635513,-4.96574420175772,6.84381139509782e-07,8.82839316517447e-06,"WBGene00045338","WBGene00045338",NA
"WBGene00045355",115.018117001773,-4.89993156604309,1.44815460775014,-3.38356936463825,0.000715501311831096,0.00341343800066818,"WBGene00045355","WBGene00045355",NA
"WBGene00045379",15.1647627318312,3.03619732031502,0.685995889327856,4.42597013706585,9.60098066788891e-06,8.47602326659272e-05,"WBGene00045379","WBGene00045379",NA
"WBGene00045390",13.6952691729973,-1.78092970783244,0.694847958637782,-2.56304949261687,0.0103757256763194,0.0324437206501058,"WBGene00045390","WBGene00045390",NA
"WBGene00045392",29.9725663374451,-1.56214138422339,0.492321651628384,-3.17300971642524,0.00150867475320121,0.00644263168434564,"WBGene00045392","WBGene00045392",NA
"WBGene00045400",39.8156216604249,-1.10931410739756,0.444044365109986,-2.49820557259587,0.0124823784559114,0.0379032579711794,"WBGene00045400","WBGene00045400",NA
"WBGene00045405",15.9348759973431,-3.05393172608841,0.839580720205311,-3.63744861285238,0.000275352104906202,0.00152189003690037,"WBGene00045405","WBGene00045405",NA
"WBGene00045411",13.1282561670258,2.49578354071885,0.735577846066404,3.39295637309548,0.000691426493194694,0.00331852211794216,"WBGene00045411","WBGene00045411",NA
"WBGene00045416",63.30980621546,-1.55305808071829,0.369896183168659,-4.19863234979678,2.68531889208999e-05,0.000204700068931425,"WBGene00045416","WBGene00045416",NA
"WBGene00045457",48.7607617287119,1.16374422663454,0.460732399236501,2.52585715387725,0.0115416399384351,0.0354686432251241,"WBGene00045457","WBGene00045457",NA
"WBGene00050899",43.8907189359562,-1.95355698684299,0.623993458728424,-3.13073311829895,0.00174370544399176,0.0073151693310755,"WBGene00050899","WBGene00050899",NA
"WBGene00050903",17.5668598027616,4.90745008041273,0.8766015330478,5.5982677367108,2.16504212419062e-08,4.43543161254033e-07,"WBGene00050903","WBGene00050903",NA
"WBGene00050904",53.5068531203801,-2.38503440853443,0.468542980600314,-5.09032150151654,3.57456924360592e-07,5.0746246143646e-06,"WBGene00050904","WBGene00050904",NA
"WBGene00050913",19.1167318510067,-4.45392525605065,1.01852468646206,-4.37291831533487,1.22596604048316e-05,0.000104931841294262,"WBGene00050913","WBGene00050913",NA
"WBGene00050915",15.6772378297627,-3.61815336587474,1.06060896645153,-3.41139239844443,0.000646320052154055,0.00313679202222,"WBGene00050915","WBGene00050915",NA
"WBGene00050943",61.5486094459081,-3.15733624641907,0.424972035957127,-7.42951530753801,1.08996333968941e-13,8.03033299700037e-12,"WBGene00050943","WBGene00050943",NA
"WBGene00050956",44.6814011191907,-4.86614868898316,0.809205100933773,-6.01349235610097,1.81568496173515e-09,5.02937696862025e-08,"WBGene00050956","WBGene00050956",NA
"WBGene00077437",74.9718277874891,-1.22440076648003,0.332484827221534,-3.68257636509893,0.00023088867178335,0.00130696704388096,"WBGene00077437","WBGene00077437",NA
"WBGene00077490",27.7875243430202,3.02297893715075,0.973857933476716,3.10412723790069,0.00190841239667977,0.00787978333551624,"WBGene00077490","WBGene00077490",NA
"WBGene00077519",40.6424676052187,-7.19144613726455,1.20975491654064,-5.94454797326128,2.77220775117695e-09,7.2836701080096e-08,"WBGene00077519","WBGene00077519",NA
"WBGene00077563",11.1627467305457,-6.90769519564827,1.63071270745935,-4.23599764940229,2.27539156580558e-05,0.000177039584377023,"WBGene00077563","WBGene00077563",NA
"WBGene00077569",17.0330167729142,-6.5989359429644,1.36655478726225,-4.82888502127654,1.37299652992711e-06,1.61118550100559e-05,"WBGene00077569","WBGene00077569",NA
"WBGene00077593",65.9085106230408,1.52501031595607,0.516766683519096,2.95106160012291,0.0031668375198723,0.0120446004980135,"WBGene00077593","WBGene00077593",NA
"WBGene00077701",141.593731279699,-1.19095999569715,0.304115543659854,-3.91614312561811,8.99768439390188e-05,0.000580604528406499,"WBGene00077701","WBGene00077701",NA
"WBGene00077764",338.660477026304,-2.21516790815921,0.391287252012624,-5.66123198945346,1.5029008722297e-08,3.22053405798787e-07,"WBGene00077764","WBGene00077764",NA
"WBGene00077770",140.406724695058,-1.75238192932464,0.38525028526587,-4.54868431340752,5.3982351392486e-06,5.24877379899866e-05,"WBGene00077770","WBGene00077770",NA
"WBGene00077775",15.8063769372715,-1.50509880328763,0.61288619695546,-2.45575575166202,0.0140588675093931,0.0417961744972877,"WBGene00077775","WBGene00077775",NA
"WBGene00077783",53.0819948759349,-2.2155061594859,0.633626930918275,-3.49654670813172,0.000471321973563834,0.00239396054305184,"WBGene00077783","WBGene00077783",NA
"WBGene00086554",37.3217850074723,-5.42375191439743,1.08213817111367,-5.0120696775862,5.38476972117773e-07,7.15948963951566e-06,"WBGene00086554","WBGene00086554",NA
"WBGene00086555",10.4285677016006,2.29758814904941,0.961756952772212,2.38894883205859,0.0168966554360899,0.0484558379109216,"WBGene00086555","WBGene00086555",NA
"WBGene00138721",11.7400191566127,-3.3872926934045,0.985443059788283,-3.43732969628123,0.000587480029705063,0.00289546622916361,"WBGene00138721","WBGene00138721",NA
"WBGene00164968",31.2401439317369,-1.21935181037312,0.431616885588727,-2.82507902514036,0.0047268956366695,0.016806348093263,"WBGene00164968","WBGene00164968",NA
"WBGene00175035",19.8610477836104,-3.22003768050767,0.926381769654302,-3.47592945585414,0.000509086178541575,0.00255427925956403,"WBGene00175035","WBGene00175035",NA
"WBGene00185005",38.3197368115802,-1.28114273427358,0.430986826912382,-2.97257979658398,0.00295308436430964,0.0113830730364287,"WBGene00185005","WBGene00185005",NA
"WBGene00185076",10.292467716761,-1.86010347476336,0.714733828418435,-2.6025121532017,0.00925435350958075,0.0294351209831217,"WBGene00185076","WBGene00185076",NA
"WBGene00185092",25.4201581116114,-1.36949961269862,0.470174135181559,-2.91274978826681,0.00358261539376185,0.0133593325914527,"WBGene00185092","WBGene00185092",NA
"WBGene00189952",20.9570705795247,-2.70882568036076,0.801239721720246,-3.38079304723556,0.000722769578192452,0.00344236773778898,"WBGene00189952","WBGene00189952",NA
"WBGene00194658",15.5499303710575,3.55959380090934,1.36579267456244,2.60624754196293,0.00915402779966743,0.0291807164711412,"WBGene00194658","WBGene00194658",NA
"WBGene00194663",30.7942585297684,-2.5344359129862,0.487756208093574,-5.19611205543073,2.03499622520319e-07,3.12540171093909e-06,"WBGene00194663","WBGene00194663",NA
"WBGene00194700",52.9007851774105,-6.6662265498753,1.05330841504124,-6.32884581066818,2.47001773491675e-10,8.67419250249759e-09,"WBGene00194700","WBGene00194700",NA
"WBGene00194703",294.041128654605,-5.47492171032391,1.51166824493468,-3.62177463783431,0.000292588962245448,0.00160183103005878,"WBGene00194703","WBGene00194703",NA
"WBGene00194717",28.6867633924354,-2.99838745887039,0.714250391675531,-4.19795003799242,2.69342032886828e-05,0.000204880557533339,"WBGene00194717","WBGene00194717",NA
"WBGene00194769",38.3223208108802,-2.10659530508073,0.507429399430769,-4.1515042436325,3.30297139250951e-05,0.000242971539439724,"WBGene00194769","WBGene00194769",NA
"WBGene00194816",22.4730511445188,-4.88643335488538,1.21060553246839,-4.03635471987484,5.42881165957643e-05,0.000373407146536699,"WBGene00194816","WBGene00194816",NA
"WBGene00194894",14.6313203993607,-7.25951329719104,1.60705597948463,-4.51727468729441,6.26406240217839e-06,5.96881626095571e-05,"WBGene00194894","WBGene00194894",NA
"WBGene00194912",18.1003621463598,-5.93390734967055,1.32119889436858,-4.49130511307797,7.07880565079119e-06,6.59287029727764e-05,"WBGene00194912","WBGene00194912",NA
"WBGene00194985",28.0554655320655,-1.32112082825241,0.449378879726745,-2.93988188553888,0.00328337383517425,0.0124250098560089,"WBGene00194985","WBGene00194985",NA
"WBGene00195183",36.1346898021842,-1.69137227879489,0.344710743271554,-4.90664219728852,9.26488254342395e-07,1.14453730504026e-05,"WBGene00195183","WBGene00195183",NA
"WBGene00195185",17.9504226384387,-1.50902313779978,0.555762275260225,-2.71523132276873,0.00662294917869057,0.0223101137428763,"WBGene00195185","WBGene00195185",NA
"WBGene00195233",18.5855848414723,-1.96788220611746,0.488738504743557,-4.02645215594383,5.66247545176531e-05,0.000387428250991295,"WBGene00195233","WBGene00195233",NA
"WBGene00206380",41.5586105210801,1.18309168646213,0.376908202305664,3.13893855115062,0.00169561000677748,0.00714275090682891,"WBGene00206380","WBGene00206380",NA
"WBGene00206484",25.6821783989517,-1.88114056947942,0.476667969654779,-3.94643795940771,7.9322463234818e-05,0.000522709067319158,"WBGene00206484","WBGene00206484",NA
"WBGene00206519",16.0947809543187,2.39972081907539,0.926958896953696,2.58881038518719,0.00963081093871911,0.0304542435281222,"WBGene00206519","WBGene00206519",NA
"WBGene00219216",32.6582461310078,-2.0882517832104,0.603007342785136,-3.46306194807729,0.000534065421891348,0.00266250333976039,"WBGene00219216","WBGene00219216",NA
"WBGene00219217",21.3624563135717,2.49406128991537,0.761009288891,3.27730728957317,0.00104802243604415,0.00469131997443755,"WBGene00219217","WBGene00219217",NA
"WBGene00219271",13.1500479275821,-2.64923581678719,0.651771929210159,-4.06466694568702,4.81010991396445e-05,0.000335861753787464,"WBGene00219271","WBGene00219271",NA
"WBGene00219286",21.0761393294632,-3.2239136034877,0.823549909486523,-3.91465479669324,9.05336405258889e-05,0.000583933810485799,"WBGene00219286","WBGene00219286",NA
"WBGene00219304",17.5489535593632,-1.70071902812861,0.624552995658751,-2.72309802362691,0.0064672865664966,0.0218879785049389,"WBGene00219304","WBGene00219304",NA
"WBGene00219308",22.6113766639256,-1.43298020927357,0.579691864609113,-2.47196881094723,0.0134371238795271,0.0403057317125039,"WBGene00219308","WBGene00219308",NA
"WBGene00219313",416.624212793078,1.86309345527702,0.507090685877829,3.67408336844483,0.000238704791105964,0.00134323133042423,"WBGene00219313","WBGene00219313",NA
"WBGene00219316",237.430346141427,-1.06450665885579,0.368039089597616,-2.89237390522738,0.00382342623244769,0.0140737139171709,"WBGene00219316","WBGene00219316",NA
"WBGene00219326",28.7265454708332,-4.88648974621251,0.988945154286051,-4.94111298794948,7.76778754386567e-07,9.81653292347233e-06,"WBGene00219326","WBGene00219326",NA
"WBGene00219571",16.4726382060134,-2.10500833506418,0.634265935664085,-3.31881032340198,0.000904018124539433,0.00415604086653011,"WBGene00219571","WBGene00219571",NA
"WBGene00219609",57.3232635545738,-1.32944974012727,0.372712818383268,-3.5669547022667,0.000361153879922184,0.00190901346365672,"WBGene00219609","WBGene00219609",NA
"WBGene00219696",30.1351903407225,-1.29966885853397,0.380383440883169,-3.41673353476277,0.00063377279552412,0.00308848092956913,"WBGene00219696","WBGene00219696",NA
"WBGene00219796",32.0139932202182,2.31471211686843,0.530099018553999,4.36656555822813,1.26215416999596e-05,0.000107637049831458,"WBGene00219796","WBGene00219796",NA
"WBGene00220259",16.7119793392574,-2.79866186319222,0.83500201682181,-3.35168275861717,0.00080322003409668,0.00377059200773714,"WBGene00220259","WBGene00220259",NA
"WBGene00235094",22.6952870109026,2.62017542898789,0.65710568603215,3.98744902788695,6.6787547465985e-05,0.000447536059977179,"WBGene00235094","WBGene00235094",NA
"WBGene00235133",16.6156213698066,-2.50910291850275,0.655296387475027,-3.82895887488525,0.000128686506691725,0.000787727034536315,"WBGene00235133","WBGene00235133",NA
"WBGene00235158",21.4971488782048,1.58340672145109,0.603973024585766,2.62165139335001,0.00875048875445066,0.028086848364555,"WBGene00235158","WBGene00235158",NA
"WBGene00235267",38.6948387904915,2.40982545577814,0.529850743594328,4.54812130569204,5.41269350887343e-06,5.25925413476056e-05,"WBGene00235267","WBGene00235267",NA
"WBGene00235272",19.106181158551,2.09146078204516,0.765430542822722,2.73239786634638,0.00628751621737131,0.0213970164987829,"WBGene00235272","WBGene00235272",NA
"WBGene00235293",12.1363319936454,-6.31094180530149,1.35168986393311,-4.66892737283544,3.02776382587362e-06,3.17747853427957e-05,"WBGene00235293","WBGene00235293",NA
"WBGene00235300",13.3887348193393,-4.59089801250066,1.1131357000687,-4.12429321260412,3.71874917567552e-05,0.000268852210257614,"WBGene00235300","WBGene00235300",NA
"WBGene00235340",37.5472975625616,-1.14927801008768,0.44515550241194,-2.58174503934167,0.00983021780471283,0.0309683277678555,"WBGene00235340","WBGene00235340",NA
"WBGene00235352",26.741802165758,-2.47498444797171,0.654692190300444,-3.78037875606233,0.000156589961016097,0.000931781978685709,"WBGene00235352","WBGene00235352",NA
"WBGene00235383",15.3198321797697,-5.40146595047964,1.33171864141904,-4.05601136943161,4.99178306226995e-05,0.00034752827719934,"WBGene00235383","WBGene00235383",NA
"WBGene00255375",220.000559041249,-5.90548744952157,1.27999057821489,-4.61369603029227,3.95570822701339e-06,4.00417405727354e-05,"WBGene00255375","WBGene00255375",NA
"WBGene00269337",12.7904463380837,-6.4097676313981,1.52922181127834,-4.19152250126482,2.77088700575854e-05,0.000210102323465818,"WBGene00269337","WBGene00269337",NA
"WBGene00269379",10.8805208873833,-3.7390629499244,1.21682128840317,-3.0728119121183,0.00212052096064339,0.00860560727403663,"WBGene00269379","WBGene00269379",NA
"WBGene00269383",18.6618404513413,-1.83013365003861,0.486124429846908,-3.76474321731776,0.000166720322037552,0.000982653015621745,"WBGene00269383","WBGene00269383",NA
"WBGene00269394",12.5074112354804,-6.20325148239587,1.38587633004016,-4.47604980901586,7.60367527725231e-06,6.96266566184081e-05,"WBGene00269394","WBGene00269394",NA
"WBGene00269421",25.0154923706947,-1.36340795881427,0.514018355834112,-2.65244994335237,0.00799099756499545,0.0260053115201457,"WBGene00269421","WBGene00269421",NA
"WBGene00271716",22.5510319367053,-1.5247487363535,0.486856027087035,-3.13182676504264,0.00173722347009909,0.0072943992532686,"WBGene00271716","WBGene00271716",NA
"WBGene00271815",18.2608854716474,-3.88403271499772,1.41954711867323,-2.73610693432136,0.00621708193081408,0.0211875898991716,"WBGene00271815","WBGene00271815",NA
"WBGene00271819",22.5194392044327,-5.58112260696792,1.19395741600573,-4.67447375605658,2.94708316864549e-06,3.1041016749779e-05,"WBGene00271819","WBGene00271819",NA
"WBGene00271824",27.4198372552094,2.41977270785414,0.760928632682646,3.18002583149389,0.00147261924509695,0.00631886726813889,"WBGene00271824","WBGene00271824",NA
"WBGene00284846",28.3290613023465,-1.6884304280402,0.411817632363014,-4.09994690696455,4.13244932014523e-05,0.000294442164171664,"WBGene00284846","WBGene00284846",NA
"WBGene00284847",148.432924678356,2.41690214927977,0.489069848089367,4.94183429774254,7.73909786714514e-07,9.7968624650943e-06,"WBGene00284847","WBGene00284847",NA
"WBGene00284850",10.3408682163867,-5.70100214770486,1.49309870504941,-3.81823527702826,0.000134409709643376,0.000817845031899861,"WBGene00284850","WBGene00284850",NA
"WBGene00302974",60.1811602669857,4.45029772992617,0.700542533353342,6.35264458336824,2.11644339002685e-10,7.60684417993253e-09,"WBGene00302974","WBGene00302974",NA
"WBGene00302993",13.7078919448493,2.53808388811273,0.832728077190147,3.04791438842427,0.00230435566908845,0.00923730950469806,"WBGene00302993","WBGene00302993",NA
"WBGene00303058",22.8118917096285,2.92517950509873,0.868465641457015,3.36821558097703,0.000756564127583707,0.00357946741991193,"WBGene00303058","WBGene00303058",NA
"WBGene00303233",16.171561801135,-4.14095426361817,0.859141131954573,-4.81987662981211,1.43647024434361e-06,1.67194374612404e-05,"WBGene00303233","WBGene00303233",NA
"WBGene00304173",15.5473285341914,2.4719112444853,0.842798095815242,2.93298152518274,0.00335723868759926,0.0126409411385291,"WBGene00304173","WBGene00304173",NA
