"","baseMean","log2FoldChange","lfcSE","stat","pvalue","padj","sgd","systematic","genename"
"S000178119",3185.39671688781,3.81367749421896,0.399376441546931,9.54907975905436,1.3085341349246e-21,7.87868402638103e-20,"S000178119","S000178119","IRT1"
"S000007273",85.3955642534725,2.20196053113577,0.693586718790443,3.17474437079159,0.00149968553842044,0.00661025375316945,"S000007273","S000007273","BI4"
"S000144910",253.36322152133,1.12098096935076,0.183146355030889,6.12068402432411,9.31745062348903e-10,1.61207960356401e-08,"S000144910","S000144910","RME3"
"S000002136",2783.07517104988,1.06396572115869,0.235238178609524,4.52292960032132,6.09895302766066e-06,5.20876541553827e-05,"S000002136","S000002136",NA
"S000000004",22569.2702888114,1.07084285024992,0.209025275694924,5.12303044064795,3.00663786716587e-07,3.32164524737719e-06,"S000000004","S000000004","SSA1"
"S000000005",195.791054525283,-1.31126267013479,0.26305300982209,-4.9847848957198,6.20307835380108e-07,6.45055868190609e-06,"S000000005","S000000005","ERP2"
"S000000031",103.493972952279,-1.14420733354512,0.25187622392647,-4.54273657000331,5.55286254151875e-06,4.8037047934604e-05,"S000000031","S000000031","POP5"
"S000002134",3215.42033076092,1.04626216459425,0.433169570622791,2.41536394878795,0.0157194938378069,0.045613046938523,"S000002134","S000002134","FUN19"
"S000000032",49.5329133198097,-1.56452776271788,0.35052850676871,-4.46333959294845,8.06920114842636e-06,6.71058841362916e-05,"S000000032","S000000032","MTW1"
"S000000035",173.457912245501,2.45573137474032,0.290543063811075,8.45221132636352,2.85836623383895e-17,1.11333920854457e-15,"S000000035","S000000035",NA
"S000000038",359.896498295309,-2.21139037426534,0.334836437492851,-6.60438986516381,3.99157821808833e-11,8.11935555780737e-10,"S000000038","S000000038","CLN3"
"S000000048",1181.73193465428,1.01675961611013,0.154029567356997,6.60106779209194,4.08206821133025e-11,8.27546555569677e-10,"S000000048","S000000048","OAF1"
"S000000049",3276.28530690301,1.05706237205259,0.299091357289197,3.53424579577705,0.000408940591329435,0.00217511598974782,"S000000049","S000000049","FLC2"
"S000000056",2661.77966838186,1.03304417354909,0.417783300811063,2.4726794286502,0.0134104375862219,0.0399328608836013,"S000000056","S000000056","BDH1"
"S000000057",8105.76077857224,3.17923661785769,0.429424235894495,7.40348669710108,1.32654456380989e-13,3.71494177613922e-12,"S000000057","S000000057","BDH2"
"S000000066",118.602476888505,-1.9232030281286,0.250025949446534,-7.69201369852156,1.4483710642283e-14,4.42672191762365e-13,"S000000066","S000000066","SEN34"
"S000000070",717.111741547593,-1.47026222055785,0.198885205790159,-7.39251677728658,1.44075313681543e-13,3.97925442053472e-12,"S000000070","S000000070","ADE1"
"S000000071",63.685897933386,-2.00496928493937,0.236158255500307,-8.48993942935341,2.06744825367631e-17,8.18954337854281e-16,"S000000071","S000000071","KIN3"
"S000000076",245.074087147375,2.39186869723048,0.307451055177724,7.77967307950154,7.27122034582784e-15,2.29214752367693e-13,"S000000076","S000000076",NA
"S000001821",16.4711797997401,2.07465365615675,0.388020905007178,5.34675742823283,8.95438926391891e-08,1.0868779403356e-06,"S000001821","S000001821",NA
"S000000087",22.185716735321,1.46920605530397,0.409735021466254,3.58574683229751,0.000336114916090045,0.00183262011591192,"S000000087","S000000087",NA
"S000000098",450.245246676024,-1.7438646994863,0.404698617610866,-4.30904535770641,1.63960742560957e-05,0.000128375504676141,"S000000098","S000000098","HTB2"
"S000000099",359.482776365649,-1.23789518089003,0.387058210830407,-3.19821449655908,0.00138281383473696,0.00615822640454972,"S000000099","S000000099","HTA2"
"S000000105",149.191595012858,-2.35541233381002,0.282218221096665,-8.34606753829423,7.05734597429857e-17,2.62298025378097e-15,"S000000105","S000000105","ALK2"
"S000000106",66.9940905407967,-1.03360301974552,0.367825972659868,-2.81003272354913,0.00495364630660157,0.0178065100967451,"S000000106","S000000106",NA
"S000000120",411.470157250077,-1.04508831978907,0.28293077591639,-3.69379512145369,0.000220931829020132,0.00127173092020097,"S000000120","S000000120","NCL1"
"S000000127",64.9987754560866,-3.42422779002987,0.468454735514823,-7.30962359952815,2.67891737873987e-13,7.16878290550788e-12,"S000000127","S000000127","SHE1"
"S000000128",255.164152292903,-1.0029727326751,0.23454052277374,-4.27633025122342,1.89999306536787e-05,0.000146477058214852,"S000000128","S000000128","HEK2"
"S000000135",365.264951753711,-2.08095044646401,0.427276385038814,-4.87026786251005,1.11447063415137e-06,1.11280724514518e-05,"S000000135","S000000135","URA7"
"S000000138",347.196982587216,-1.30366509343082,0.315797738032402,-4.12816475999286,3.6567007235048e-05,0.000258415434932188,"S000000138","S000000138","FUI1"
"S000000144",55.1925472434166,1.01302993356542,0.367829911616002,2.7540716553334,0.00588588800585066,0.0206520580904585,"S000000144","S000000144","RRT1"
"S000000145",1323.25960970307,1.34226263637619,0.242628647382293,5.53216881377278,3.16295267410696e-08,4.14003001104304e-07,"S000000145","S000000145","MOH1"
"S000000159",174.465709217514,-1.12789869747098,0.164984786860718,-6.83638000164928,8.12193293928434e-12,1.81119104546041e-10,"S000000159","S000000159","KIP1"
"S000000164",291.702393820365,-1.1977470177682,0.425086126295691,-2.81765727855122,0.00483754155692581,0.0174621329222124,"S000000164","S000000164","PRS4"
"S000000165",474.829590908761,2.7773306054039,0.238119593036348,11.6635954647376,1.95604401835561e-31,2.50581724138705e-29,"S000000165","S000000165","AST1"
"S000000166",14.6887346439607,2.32049209903391,0.439097098097554,5.28469012682559,1.25917714043716e-07,1.47787632798678e-06,"S000000166","S000000166",NA
"S000000171",31711.5224101874,1.98535467979674,0.256101370268659,7.75222201159658,9.02983376114012e-15,2.83169943103253e-13,"S000000171","S000000171","SSA3"
"S000000177",112.837752977946,-1.73491830150752,0.335506168163278,-5.17104740877133,2.32785494055579e-07,2.61492809647134e-06,"S000000177","S000000177",NA
"S000000197",1895.52214811053,2.01977279093625,0.322968244148932,6.25378137797618,4.0063174280329e-10,7.26567386571871e-09,"S000000197","S000000197","ECM21"
"S000000205",1625.83974014285,1.53723381583719,0.259385084691646,5.92645416626263,3.09545729930908e-09,4.89179748008923e-08,"S000000205","S000000205","NTH2"
"S000000210",3183.58598428171,2.43402401986273,0.250378538586878,9.72137641508822,2.44454413475393e-22,1.58264518659714e-20,"S000000210","S000000210","UGA2"
"S000000222",68.0878373082196,1.23472968740477,0.38832150381685,3.17965828641602,0.00147448815797035,0.00650395106164064,"S000000222","S000000222","GAL7"
"S000000233",417.967300792665,-2.71468260122355,0.234360146830668,-11.5833798448035,5.00337138621291e-31,6.27610398258082e-29,"S000000233","S000000233","CDS1"
"S000000234",166.201206143454,-1.7926173406525,0.417093576545409,-4.2978780817003,1.72440962475186e-05,0.000133797298332873,"S000000234","S000000234","RKM3"
"S000000242",265.22009452513,-1.31634347441585,0.223596408369895,-5.88714051362677,3.92934628962352e-09,6.11333178548404e-08,"S000000242","S000000242","CHS2"
"S000000251",373.210822378746,1.63664545800499,0.236960549326486,6.90682673827703,4.9561462874797e-12,1.14772910757366e-10,"S000000251","S000000251","FMP23"
"S000000258",21273.2108649648,2.66487717288143,0.639104712555252,4.16970352514972,3.04996140375147e-05,0.000219925959425001,"S000000258","S000000258","YRO2"
"S000028736",18.0803138732557,-1.76696815271205,0.62389843672578,-2.83214069582399,0.00462374986301727,0.0168827155398587,"S000028736","S000028736",NA
"S000000270",150.180216407322,-2.93080596036323,0.352747802468211,-8.30850239138585,9.69174244252055e-17,3.53660492402523e-15,"S000000270","S000000270","NRG2"
"S000000273",1196.63858498324,-2.71025759922963,0.469037002337647,-5.77834496153161,7.54390140063336e-09,1.11786763573947e-07,"S000000273","S000000273","TAT1"
"S000000276",61753.7250072265,1.05957419594675,0.250005038221419,4.23821137159776,2.25307597423712e-05,0.000168728488070668,"S000000276","S000000276","HSP26"
"S000000282",2864.04966866941,-3.32988637964379,0.314422347401304,-10.5904888986589,3.29864486462201e-26,2.87842619273755e-24,"S000000282","S000000282","ECM33"
"S000000288",457.312742512659,-1.91577143374007,0.381530887028231,-5.02127481384834,5.13296571596912e-07,5.4700153231593e-06,"S000000288","S000000288","MIS1"
"S000000292",528.653428373233,-2.03033035423316,0.240669524256509,-8.4361755419818,3.27890209113299e-17,1.24165216922715e-15,"S000000292","S000000292","POL30"
"S000000293",391.13525296008,-2.03323107245165,0.224478212101262,-9.05758760914606,1.33367410287795e-19,6.58200965035095e-18,"S000000293","S000000293",NA
"S000000296",237.984267884995,-2.34500103624862,0.347084321105838,-6.7562862787269,1.41573557674215e-11,3.04433710984446e-10,"S000000296","S000000296","PHO3"
"S000000297",2475.05250135048,-5.34025598342706,0.232564356053917,-22.9624869177674,1.10564314577278e-116,3.32853869034895e-113,"S000000297","S000000297","PHO5"
"S000000309",908.256502290502,1.74543708368936,0.291687583023914,5.98392658883344,2.1782151802381e-09,3.50669347599294e-08,"S000000309","S000000309","VID24"
"S000000310",1085.42716348009,-1.01793845119359,0.41768971057839,-2.4370685353585,0.0148068727163762,0.0433830562653533,"S000000310","S000000310","PHO88"
"S000000311",165.327660170808,1.1656767885969,0.1697978654302,6.86508505653789,6.6451647504394e-12,1.50983158348663e-10,"S000000311","S000000311","IML3"
"S000000312",1078.07727843979,1.69791871339821,0.345754032618157,4.91077052823086,9.07192024667562e-07,9.11887008434622e-06,"S000000312","S000000312","AIM3"
"S000000318",1252.35314268272,1.29770398162237,0.28216885269125,4.59903341295547,4.24455708177128e-06,3.75830561608012e-05,"S000000318","S000000318","RAD16"
"S000000325",1636.87157103819,-1.07711885190378,0.42734871135248,-2.5204682342317,0.0117198816140134,0.0360208187277635,"S000000325","S000000325","GRS1"
"S000000344",2547.52866993813,1.01073600839557,0.239181861066448,4.22580543478076,2.38087643153973e-05,0.00017697848141112,"S000000344","S000000344","IRA1"
"S000000351",1138.54333072049,1.24645511462102,0.145198081632711,8.58451503356649,9.12204197864014e-18,3.81415380231891e-16,"S000000351","S000000351","RTC2"
"S000000362",594.97354987771,-1.46608525975031,0.280892693677145,-5.21937840588838,1.79524632368416e-07,2.0433228950666e-06,"S000000362","S000000362","AMN1"
"S000000363",986.288500390643,1.12194203905837,0.146048912031665,7.68196095028163,1.56671599801964e-14,4.69313284779913e-13,"S000000363","S000000363","IFA38"
"S000000364",270.792872938275,-1.86774473617643,0.215479233664248,-8.6678642039663,4.40301406397652e-18,1.9072336459858e-16,"S000000364","S000000364","CDC28"
"S000000366",1902.94593894868,-2.7185374403714,0.281904218704758,-9.64347909677278,5.23818960386945e-22,3.25145769122659e-20,"S000000366","S000000366","TOS1"
"S000002158",22.6246235686214,-1.45740083605834,0.379297693964449,-3.84236671946372,0.00012185358715866,0.000749418231136153,"S000002158","S000002158","YSY6"
"S000000373",10226.6023588712,2.70108964075853,0.246299349736672,10.9666941615817,5.5255863050419e-28,5.4540254332225e-26,"S000000373","S000000373","SSE2"
"S000000379",86.7563218125884,-1.02936484788624,0.381348473089065,-2.69927617527351,0.0069490482163042,0.023625194415792,"S000000379","S000000379","SWD3"
"S000000387",912.721735061813,1.69041560946821,0.295035633462187,5.72953032700325,1.00709084043882e-08,1.44718232703631e-07,"S000000387","S000000387","YPC1"
"S000000422",2778.8076121544,1.7236611908575,0.161914795181414,10.6454829463006,1.83032660782892e-26,1.66975704632393e-24,"S000000422","S000000422","PYC2"
"S000000430",92.2961557127823,1.28414669292572,0.313752328875458,4.0928674458874,4.26071310653496e-05,0.00029487073120054,"S000000430","S000000430",NA
"S000000436",11.2243999642543,-2.04618384364494,0.658039406093303,-3.10951566835925,0.00187394345179054,0.00803633441825556,"S000000436","S000000436",NA
"S000000437",102.165302060253,-1.21985670677455,0.34959842047071,-3.48930840457489,0.000484272077111102,0.00252014016965077,"S000000437","S000000437","PBP2"
"S000007595",24.4274059635167,-1.27018638146655,0.512522299032021,-2.47830461984874,0.0132008387825608,0.0395041005515898,"S000007595","S000007595","DAD3"
"S000000443",190.947578284908,1.11662870979148,0.379623572758638,2.9414103599447,0.00326721390101581,0.0127822578934478,"S000000443","S000000443","ERT1"
"S000000444",503.919156384761,2.94624419357764,0.158869974136089,18.5450032934094,8.94952094751022e-77,8.9808442708265e-74,"S000000444","S000000444","THI2"
"S000000456",122.457149580914,-1.45658621757407,0.254685573162187,-5.7191547973803,1.07055232058157e-08,1.52743969720892e-07,"S000000456","S000000456","DUT1"
"S000000460",1786.47973793084,1.34980299175859,0.335488067018113,4.0234009029171,5.73637269769902e-05,0.00038419021148883,"S000000460","S000000460","RIB5"
"S000000469",384.251531704307,-1.11568004117261,0.164115204736851,-6.79815159699272,1.05969917351557e-11,2.31175678396278e-10,"S000000469","S000000469","TSC10"
"S000000489",266.806853722446,1.27490991407978,0.235412004233195,5.41565379485439,6.10651568929843e-08,7.6280769637481e-07,"S000000489","S000000489",NA
"S000000500",3673.36618895526,-6.61137994497863,0.594788470557264,-11.1155146278884,1.05440927235226e-28,1.15429058706054e-26,"S000000500","S000000500","PHO89"
"S000000502",1138.63854168597,1.29437951329597,0.311719536996911,4.15238494759087,3.29028184103871e-05,0.000235282505521308,"S000000502","S000000502","MAL31"
"S000000515",3092.89712671076,1.18963214941792,0.292672001269789,4.06472824273101,4.80884598235303e-05,0.000330148935686974,"S000000515","S000000515","ILV6"
"S000029705",585.934472564383,2.00016765338604,0.118788810379149,16.8380140099217,1.28476523745015e-63,8.59507943854148e-61,"S000029705","S000029705",NA
"S000007548",71.8940987274608,-1.61525265371906,0.273811840461403,-5.89913369340487,3.65415064078092e-09,5.71471195016673e-08,"S000007548","S000007548","HBN1"
"S000000535",3407.81766094245,1.11465617949122,0.239118482381019,4.66152247367936,3.13878785780156e-06,2.8504738600035e-05,"S000000535","S000000535","HIS4"
"S000000541",181.906550055992,-1.53751093652106,0.492838193944012,-3.11970735104132,0.00181030797547756,0.00778561737167883,"S000000541","S000000541","GFD2"
"S000000542",16.0341180698272,-1.48412943741034,0.568115638092412,-2.61237209099484,0.00899163318413094,0.029193153457185,"S000000542","S000000542","SRO9"
"S000000554",369.90946437454,1.24363832827681,0.366705931157656,3.39137772969956,0.000695421847382619,0.00341528135651774,"S000000554","S000000554",NA
"S000000568",77.0267818769898,-1.43170450748457,0.319325410117561,-4.48352828219176,7.34188666774364e-06,6.16534164943995e-05,"S000000568","S000000568","VAC17"
"S000000598",20995.8620395735,-1.31275159429399,0.502643851820147,-2.61169332826875,0.00900950317720176,0.0292274884859546,"S000000598","S000000598","CIT2"
"S000000613",198.570651326403,1.92988466342666,0.208781854110241,9.24354595686096,2.38460736008892e-20,1.27059477124738e-18,"S000000613","S000000613","PET18"
"S000000615",47397.5700564487,3.37865452560277,0.60134619479574,5.61848491741167,1.92639207862921e-08,2.64812938480057e-07,"S000000615","S000000615","HSP30"
"S000000617",958.652439343111,1.7689750407037,0.124589928587758,14.19837912065,9.37559355142514e-46,2.56592948968776e-43,"S000000617","S000000617",NA
"S000007222",355.253588921123,-1.06281783908207,0.177122472276676,-6.00046863292357,1.96748857149463e-09,3.1930589458138e-08,"S000007222","S000007222","RIM1"
"S000000630",388.888836473972,-2.92378207135711,0.344155416360539,-8.4955282769519,1.97034676012018e-17,7.85659459780373e-16,"S000000630","S000000630","ELO2"
"S000000639",50.4766239370491,-1.2703407141811,0.365586189978517,-3.47480498170829,0.000511224863976998,0.00264213296652833,"S000000639","S000000639",NA
"S000000657",897.704924401752,1.55940694452115,0.398046403351264,3.91765113663148,8.94159843600986e-05,0.000569707557494343,"S000000657","S000000657",NA
"S000000663",456.748942048008,-1.2888496853042,0.220717611949781,-5.83936041133611,5.24015998080397e-09,7.92738774985445e-08,"S000000663","S000000663","SED4"
"S000000668",120.670785661772,-1.59517976965823,0.592439424331151,-2.69256181163019,0.00709053908032108,0.0240248372552691,"S000000668","S000000668","RSA4"
"S000000669",427.818387806729,1.01617367528271,0.169202271851777,6.00567394374518,1.90538763872239e-09,3.10063215479663e-08,"S000000669","S000000669","SSK22"
"S000007223",120.802484467958,-1.67891964920541,0.388299512627516,-4.32377480426029,1.53381867844855e-05,0.000120720552456715,"S000007223","S000007223",NA
"S000000683",159.474290437286,-1.68624563456558,0.338536089002415,-4.98099224674847,6.32590746326553e-07,6.5556435174392e-06,"S000000683","S000000683",NA
"S000000695",508.755548051283,-4.28438506788204,0.303387148090778,-14.1218410036278,2.78616343593949e-45,7.29369132512683e-43,"S000000695","S000000695","GIT1"
"S000002161",411.818834849699,-3.06876525258001,0.311341260167596,-9.85659674830146,6.41882022285084e-23,4.44226627146953e-21,"S000002161","S000002161","MCD1"
"S000002172",778.056480380408,-1.28601732767628,0.496026298317137,-2.59263940649788,0.00952425725711576,0.0306333081971656,"S000002172","S000002172","NOP1"
"S000002176",188.348329115401,-1.10302408160186,0.284712672558414,-3.87416573941068,0.000106990582621542,0.000666863662488927,"S000002176","S000002176","ERP3"
"S000002182",351.878765842348,1.57347667476109,0.186485345482398,8.43753524273358,3.240994142417e-17,1.23506491971473e-15,"S000002182","S000002182","DIA3"
"S000002195",95.3811098895637,1.86961061882155,0.334880694898547,5.58291548991187,2.36519691615969e-08,3.22191190773698e-07,"S000002195","S000002195","BSC1"
"S000002197",291.680502861709,1.64458166964065,0.163564650695368,10.0546277123388,8.76521003587326e-24,6.43601580804792e-22,"S000002197","S000002197","PRM7"
"S000002199",25.0441693769093,-1.20839145697421,0.416642776522097,-2.90030578967718,0.00372798776856928,0.0142969518181883,"S000002199","S000002199",NA
"S000002200",324.49494207329,-1.33503801098359,0.20998664431778,-6.3577282037196,2.04759350072838e-10,3.82874548692099e-09,"S000002200","S000002200","SIR2"
"S000002201",155.244622607798,-1.40108568546477,0.262324800759797,-5.34103402120832,9.24179085419681e-08,1.11512670807854e-06,"S000002201","S000002201","PRP11"
"S000002206",5493.4399795167,2.16142583213416,0.342228022986157,6.31574765057036,2.68858458939437e-10,4.96563429838759e-09,"S000002206","S000002206","STP4"
"S000002207",391.802080710258,-1.52439736189283,0.336546033120597,-4.52953596795652,5.91133708581757e-06,5.0773410262065e-05,"S000002207","S000002207","KNH1"
"S000002228",3769.4101544161,1.88007644512722,0.411340485672049,4.57060880369105,4.86309350142297e-06,4.25591365873077e-05,"S000002228","S000002228","BDF2"
"S000002259",252.367675895917,-1.20656346706019,0.181687098045639,-6.64088688761548,3.11801257209939e-11,6.42929921116796e-10,"S000002259","S000002259","DUN1"
"S000002282",7080.83932252243,1.57423160710432,0.404454292890869,3.89223611857938,9.93245069720024e-05,0.000626214075554083,"S000002282","S000002282",NA
"S000002286",2087.84187918781,1.69032939835034,0.315709799025695,5.35406060745289,8.60020325613812e-08,1.04821505678558e-06,"S000002286","S000002286","VCX1"
"S000002287",432.739131121519,2.66803331630203,0.218139046396519,12.2308837430794,2.12612801620698e-34,3.20035419639555e-32,"S000002287","S000002287",NA
"S000002327",2376.70298443185,1.07177669621918,0.226594420516762,4.7299341871478,2.24592632642883e-06,2.09980161668137e-05,"S000002327","S000002327","SFA1"
"S000002329",842.828073607301,1.59004372237982,0.219514364945364,7.24346091325535,4.37377335146117e-13,1.14997770083614e-11,"S000002329","S000002329","UGA3"
"S000002330",3060.18904688324,1.35672498863692,0.194000979967722,6.99339245019616,2.68317569764445e-12,6.33545132373225e-11,"S000002330","S000002330","GLT1"
"S000002341",3400.44930341572,1.79407381947215,0.376821587942089,4.76106963316516,1.92569585189245e-06,1.83749837151259e-05,"S000002341","S000002341","LYS20"
"S000002345",26.137518888861,1.40898608511355,0.381418638428638,3.69406720898137,0.000220695429313121,0.00127158581808067,"S000002345","S000002345",NA
"S000002367",347.996218126393,-1.12278900749764,0.465302073959128,-2.41303245855781,0.0158204106144464,0.0458616717908434,"S000002367","S000002367","NHP2"
"S000002377",4487.48799916968,2.71976466154193,0.462361286896507,5.88233647284295,4.04514931031664e-09,6.24949719255018e-08,"S000002377","S000002377",NA
"S000002378",78.0709728395172,-1.10088891904049,0.331880586098794,-3.31712358345895,0.00090949377130264,0.00430169834800722,"S000002378","S000002378","DTD1"
"S000002382",14837.4560376208,1.05119647806318,0.389134519253956,2.70137041575885,0.00690543836479967,0.0234901945731406,"S000002382","S000002382","HBT1"
"S000002386",736.435607752861,-4.10576584295984,0.346511766901189,-11.8488496932649,2.18164929369748e-32,2.91904675496723e-30,"S000002386","S000002386","HO"
"S000002397",384.664025668464,1.02714922409799,0.3613168233904,2.84279379647972,0.00447199931008793,0.0164382831782902,"S000002397","S000002397","GUD1"
"S000002398",370.365147719609,1.27145458127114,0.286072314581379,4.44452159983295,8.80876582902848e-06,7.28538173854128e-05,"S000002398","S000002398","ADY3"
"S000002399",155.470273985381,-1.23395017486369,0.36252992132206,-3.40371953400085,0.000664749708614021,0.00328879046472064,"S000002399","S000002399","LRG1"
"S000002418",2194.07991633162,1.57931538586373,0.274899540921162,5.74506374427398,9.18863644212109e-09,1.33634734343022e-07,"S000002418","S000002418","SNQ2"
"S000002425",733.54476411349,1.20903792763373,0.451009957389722,2.68073444460339,0.00734607862519747,0.0247237224160503,"S000002425","S000002425",NA
"S000002435",3097.45653246065,1.07475298510948,0.171351974818664,6.27219491486369,3.55993530447308e-10,6.51500622134724e-09,"S000002435","S000002435","REG1"
"S000002442",2492.93751308306,1.75280102457167,0.143355631104866,12.2269422628364,2.23182725525146e-34,3.27751997655342e-32,"S000002442","S000002442","ARO3"
"S000002449",16.7221677199147,-1.55375588629969,0.480417385110034,-3.23417914183897,0.00121992909817995,0.00553101890070896,"S000002449","S000002449",NA
"S000002453",2250.39608485271,1.24032835316352,0.491888240750017,2.52156536873559,0.0116833965444922,0.0359456977998914,"S000002453","S000002453","BAP3"
"S000002494",138.328327678671,-1.66528635818543,0.300904527062765,-5.53426820939146,3.12530426176728e-08,4.09966382573002e-07,"S000002494","S000002494","RRP1"
"S000002508",335.366365838741,-1.48638425277572,0.550177171302109,-2.70164654279981,0.00689970675926953,0.0234839651766884,"S000002508","S000002508","ARX1"
"S000002520",172.3342373712,-1.26921631731067,0.209400351464933,-6.06119478038803,1.3511408734637e-09,2.25352332385732e-08,"S000002520","S000002520","PDS1"
"S000002530",386.299190474154,-1.77545800285416,0.366217779285647,-4.84809341129589,1.24653705199234e-06,1.23039337541736e-05,"S000002530","S000002530","INO2"
"S000002534",3937.60949459291,1.31975730683331,0.301549573318463,4.37658489219458,1.20553251482789e-05,9.71688255927541e-05,"S000002534","S000002534","ARO1"
"S000002540",518.554013434947,-1.02331610975113,0.334472059510248,-3.05949654284882,0.00221709346513769,0.00921537356128423,"S000002540","S000002540",NA
"S000002551",194.012795311224,-1.35953543940726,0.284439817853114,-4.77969452261896,1.75561738767122e-06,1.69400196973853e-05,"S000002551","S000002551","MKC7"
"S000002553",216.09147671284,-1.13765407091594,0.217677433030918,-5.22632987294716,1.72907764286033e-07,1.97173797114811e-06,"S000002553","S000002553","SWI5"
"S000002554",344.574988519847,-1.26720676910344,0.234020557166676,-5.4149378347172,6.13100030102904e-08,7.64280596532005e-07,"S000002554","S000002554","EKI1"
"S000002565",3349.41664021063,1.09506723685066,0.220263786229238,4.97161723948108,6.63966930124603e-07,6.84545357239766e-06,"S000002565","S000002565","HOM2"
"S000002578",9949.54823484411,1.05298425685709,0.385902458702348,2.72862800718582,0.00635984013917094,0.02204816831287,"S000002578","S000002578","HSP42"
"S000002580",444.537462732346,1.40629240982701,0.391933746872964,3.58808707095801,0.000333113053555085,0.00182168364709824,"S000002580","S000002580","ARG82"
"S000007392",69.1792800399336,3.62481068380703,1.23654639051409,2.93139886349111,0.00337439220237894,0.0131417952461343,"S000007392","S000007392",NA
"S000002626",114.798348769395,-1.72982584859051,0.332307429002304,-5.20549857637553,1.93476430790424e-07,2.18970223644576e-06,"S000002626","S000002626","SPR28"
"S000002630",990.48027111763,3.19764718682399,0.122739647892321,26.0522760308818,1.26778489632138e-149,7.63333286075104e-146,"S000002630","S000002630",NA
"S000002650",852.172138397239,2.36197777499455,0.131941415370361,17.9017162152192,1.14343342393316e-71,8.60576580687693e-69,"S000002650","S000002650","AMD2"
"S000002655",2025.93903060598,2.17819540650561,0.401404773225168,5.4264312529332,5.74919542066456e-08,7.19665397667803e-07,"S000002655","S000002655","VHS1"
"S000002666",8657.09339671553,2.00218496003301,0.267363745527914,7.48861801019305,6.96025886956183e-14,1.98614780348966e-12,"S000002666","S000002666","HSP78"
"S000002677",17.7735717742452,1.08191255294368,0.437914347884341,2.47060311718634,0.0134885424661422,0.0401059329326628,"S000002677","S000002677",NA
"S000002689",14.2386327608278,-3.58108830625581,0.9304693666556,-3.84869017142109,0.000118751089011787,0.000732582281700789,"S000002689","S000002689","PHM6"
"S000002701",9155.82459911996,1.45578361364499,0.251792909617506,5.78167040468472,7.39625090674248e-09,1.10229769082912e-07,"S000002701","S000002701","SSD1"
"S000002702",2339.01136559762,1.34923897545253,0.4976291559754,2.71133425212575,0.0067013035189873,0.022964455599216,"S000002702","S000002702","DPL1"
"S000002705",1131.05881382697,1.94702106074654,0.116505688431195,16.7118111309766,1.07519707906486e-62,6.47376161304953e-60,"S000002705","S000002705","SUR2"
"S000002717",325.840392923792,-2.66255857315902,0.240923974936279,-11.0514471374766,2.15709293646106e-28,2.27857132814597e-26,"S000002717","S000002717","GIC2"
"S000002721",915.735000082828,1.52294175215831,0.211183780373127,7.21145226904986,5.53582531161053e-13,1.43052378545953e-11,"S000002721","S000002721","PIB1"
"S000002751",14547.3285420721,-2.21458944891916,0.383275214764984,-5.77806590044467,7.55642132114208e-09,1.11786763573947e-07,"S000002751","S000002751","HXT6"
"S000002759",971.971091698773,1.27004600723783,0.116007419067456,10.9479722714918,6.79517377904074e-28,6.5989905360652e-26,"S000002759","S000002759","SBE2"
"S000002761",1270.49264419092,-1.20795215675642,0.0912738483787032,-13.2343730237441,5.55584257687918e-40,1.04841692200071e-37,"S000002761","S000002761","TRR1"
"S000002782",149.471545982955,1.01227846216324,0.359006742661013,2.81966420647165,0.00480739272874109,0.0173845715433935,"S000002782","S000002782","PHO92"
"S000002788",3580.95414586217,1.08022424769765,0.253280509513856,4.26493238572134,1.99962747592156e-05,0.000152401987753464,"S000002788","S000002788","ARO10"
"S000002795",645.936463644923,1.19281010868625,0.20171526059122,5.91333598256361,3.35247348800013e-09,5.2565736643877e-08,"S000002795","S000002795","CIN10"
"S000002807",497.262391303815,-1.35288412061201,0.270647503490668,-4.99869425419866,5.7719839988136e-07,6.0651161704811e-06,"S000002807","S000002807","HPT1"
"S000002828",1193.10235708274,1.32638333038644,0.252031819437995,5.26276139792243,1.41907693466332e-07,1.64312735069382e-06,"S000002828","S000002828","HKR1"
"S000002829",1008.71282517571,1.02236246691553,0.133476521500973,7.65949288623075,1.86668688400043e-14,5.53661168894907e-13,"S000002829","S000002829","ARO80"
"S000002855",1232.63622162283,-1.0627491917182,0.356133668267098,-2.98413007927445,0.00284385843097076,0.0114000476783455,"S000002855","S000002855","RPS17B"
"S000002857",217.649440343514,-1.20846611214881,0.502848052968025,-2.40324309702687,0.0162503806616294,0.0467927029955384,"S000002857","S000002857","UTP6"
"S000002859",166.095337712508,-1.01645409753519,0.402358192606957,-2.52624183181008,0.0115290089637387,0.0355615588989092,"S000002859","S000002859","YHP1"
"S000002883",1455.50944411441,1.63911204804582,0.211926460773159,7.73434351739721,1.03938035638449e-14,3.20928673117489e-13,"S000002883","S000002883","JIP4"
"S000002896",106.301307221209,-1.73536001870931,0.267970197741808,-6.47594409129538,9.42209331107896e-11,1.84789654156373e-09,"S000002896","S000002896","PAC11"
"S000002905",3942.66638019671,-2.44083379970646,0.196556030587526,-12.4180051480006,2.08700629850514e-35,3.39617970899985e-33,"S000002905","S000002905","ITR1"
"S000002910",1203.761545247,-1.98178654179038,0.17408030734669,-11.3843235458192,5.00551567896462e-30,5.90945292216588e-28,"S000002910","S000002910","SAM2"
"S000002913",3762.92000781237,1.06126123545192,0.24163903507096,4.39192796453713,1.12349926260672e-05,9.10442672968377e-05,"S000002913","S000002913","PSP1"
"S000007236",35.3217246678976,1.10535580557341,0.43315806454092,2.55185322878592,0.0107151646815436,0.0335148085961424,"S000007236","S000007236","SNA2"
"S000002944",1090.53964887909,-2.44745018860869,0.270380159469963,-9.0518852914597,1.40520873875701e-19,6.87866814313491e-18,"S000002944","S000002944","STL1"
"S000002945",189.344577420116,1.38255676845362,0.145020377862085,9.5335344510579,1.52017487716572e-21,9.06234944100477e-20,"S000002945","S000002945",NA
"S000002946",243.199509498923,1.56655798641102,0.160255780362986,9.77536025760008,1.43645371999302e-22,9.71785151469433e-21,"S000002946","S000002946","PAD1"
"S000007256",52.5959580671997,-1.62087428137044,0.300369210843388,-5.3962730628059,6.80393732252913e-08,8.44670239565936e-07,"S000007256","S000007256","TIM9"
"S000000752",242.153494668153,-1.76669623631853,0.335341114105046,-5.26835559974047,1.37651260088874e-07,1.60619813371145e-06,"S000000752","S000000752","SNU13"
"S000000765",141.909011866154,2.58198341331133,0.294542741653965,8.76607380922903,1.85004760201657e-18,8.1905416262807e-17,"S000000765","S000000765","CYC7"
"S000000766",624.985667916439,-1.6792317689371,0.30384185085029,-5.52666383593251,3.26377471915597e-08,4.26273049545296e-07,"S000000766","S000000766","UTR2"
"S000000772",2011.65943829217,1.6127222027394,0.52100813288741,3.09538777024794,0.00196555742017433,0.00835188512834837,"S000000772","S000000772","GLY1"
"S000000792",267.62449957961,-2.11143919722964,0.234023861326692,-9.02232441281753,1.8413998665477e-19,8.94118435200296e-18,"S000000792","S000000792","HPA3"
"S000000796",227.691419236278,1.03260170908834,0.241539055227698,4.27509210928604,1.91058289409024e-05,0.000146917236338663,"S000000796","S000000796","DSF1"
"S000000799",54.9111968563101,-1.71509455894555,0.365526068923283,-4.6921265123378,2.70379835041993e-06,2.48543051417991e-05,"S000000799","S000000799",NA
"S000000803",644.659958574245,-1.36177511135052,0.276127251813288,-4.93169400125464,8.15195496891728e-07,8.29103393038022e-06,"S000000803","S000000803","MNN1"
"S000000805",875.790721831035,-1.06732954008616,0.172227750512547,-6.1971984010115,5.74770319933938e-10,1.02085312575877e-08,"S000000805","S000000805","PMI40"
"S000000811",448.489807490812,-1.10250670313663,0.173710183100715,-6.34681676950055,2.19815673561947e-10,4.09755470748136e-09,"S000000811","S000000811","NTF2"
"S000000813",46.8715277924388,1.56384956563286,0.340532781109094,4.5923613008401,4.38258775035685e-06,3.86914381890009e-05,"S000000813","S000000813","TIR1"
"S000000825",685.189231649416,-1.26110836578568,0.124631232824467,-10.1187185363226,4.56351169638667e-24,3.43461299049302e-22,"S000000825","S000000825","PRO3"
"S000000828",975.512842592494,-2.12494598521569,0.116313230264284,-18.269168351592,1.45653528799903e-74,1.25282842414888e-71,"S000000828","S000000828","CHO1"
"S000000833",363.852885114979,-1.00709907294098,0.154325011382614,-6.52583183968866,6.76251580429535e-11,1.35272782915822e-09,"S000000833","S000000833","YPT31"
"S000000834",172.131941946319,-1.22523290455363,0.280091656033962,-4.37439987289399,1.21766996330611e-05,9.80159204420596e-05,"S000000834","S000000834","FIR1"
"S000000837",751.098181298931,1.06161123399862,0.24388623630475,4.35289522723241,1.34351367250573e-05,0.000106578337577826,"S000000837","S000000837","EDC2"
"S000000839",2468.02454638317,1.60249852553152,0.300519693587536,5.33242432933848,9.69101575367162e-08,1.16003192550411e-06,"S000000839","S000000839","PHM8"
"S000028746",122.908789301772,1.1034597295253,0.359619385417723,3.06841003090963,0.00215201117552937,0.00899809672768218,"S000028746","S000028746","FMP49"
"S000000841",488.115396132409,1.21813353183876,0.211465243480316,5.76044323781344,8.38933397619900e-09,1.22602378326928e-07,"S000000841","S000000841","HVG1"
"S000000845",1520.77941720264,-3.04999716659073,0.368595506068367,-8.27464555692391,1.28838294821831e-16,4.67310465736291e-15,"S000000845","S000000845","SAH1"
"S000000855",2096.70771980378,1.62926157104932,0.262216005070105,6.21343296956159,5.18393517055536e-10,9.26186162074594e-09,"S000000855","S000000855","PIC2"
"S000000856",1511.06795548912,1.36830049243813,0.442802552351319,3.0900917015323,0.00200094706267788,0.00848163188881503,"S000000856","S000000856","GIP2"
"S000000862",467.113142437347,1.63040477040562,0.200751806886947,8.12149487313845,4.60476284429613e-16,1.58430154774326e-14,"S000000862","S000000862","FCY21"
"S000000864",783.447376587061,1.4106687414928,0.334499134090007,4.21725678103914,2.47292319055351e-05,0.000183142318946159,"S000000864","S000000864","GPP2"
"S000002959",61.5617332262769,-1.3549119781621,0.40180828676373,-3.37203592557764,0.000746147148732053,0.00362302579235136,"S000002959","S000002959",NA
"S000028749",176.517712293286,1.72033000489817,0.3543817949089,4.85445367006059,1.20719087690269e-06,1.19986575861454e-05,"S000028749","S000028749",NA
"S000000871",2418.76866418656,1.61447743788774,0.189365112761628,8.52573852882836,1.51837900505205e-17,6.13567784524725e-16,"S000000871","S000000871","ARG5,6"
"S000000872",1749.77714475066,-3.70209523418279,0.330228832195419,-11.2106965632607,3.61338466094446e-29,4.02892389695307e-27,"S000000872","S000000872","RNR1"
"S000000874",688.172138796611,-1.39755393619166,0.177976338830211,-7.85247042037942,4.07921115286456e-15,1.31341873536885e-13,"S000000874","S000000874","VTC1"
"S000000890",3598.34100798154,1.13284688200498,0.334509148026835,3.38659462285945,0.000707658681239591,0.0034697173613547,"S000000890","S000000890","DOT6"
"S000000900",673.472900899233,1.20661580945513,0.196652388689291,6.13578008127613,8.47423206092362e-10,1.47041358036949e-08,"S000000900","S000000900","UBP9"
"S000000903",1068.03483171434,1.08107857563894,0.356505390150179,3.0324326237635,0.00242591246706101,0.00997025185267874,"S000000903","S000000903","AST2"
"S000000905",10354.0291142096,4.28705617027114,0.323938813250548,13.2341540899434,5.57205472579683e-40,1.04841692200071e-37,"S000000905","S000000905","SSA4"
"S000000926",1356.78785384134,-2.50513829810015,0.285033325452253,-8.78893123856773,1.50989440886277e-18,6.78438375803192e-17,"S000000926","S000000926","DSE1"
"S000000932",1694.92901523125,2.25648866835482,0.357154368413905,6.31796463354406,2.65030644712889e-10,4.90999849789631e-09,"S000000932","S000000932","COM2"
"S000000952",9612.04979837611,1.96036108014823,0.538605358211215,3.63969843645609,0.000272957520535761,0.00153610870158644,"S000000952","S000000952","SPI1"
"S000000958",296.170975679587,-1.17650594781144,0.359386593537894,-3.27365007200077,0.00106167997517194,0.0049055356242268,"S000000958","S000000958",NA
"S000000969",1730.2192108909,1.2151130087414,0.0963299837549325,12.6140684486432,1.7663387262081e-36,3.03860727728541e-34,"S000000969","S000000969","BCK2"
"S000000971",1519.24700557874,1.19492122982398,0.12415935078259,9.62409373351474,6.32621065581056e-22,3.88674636312606e-20,"S000000971","S000000971","RPH1"
"S000000977",1148.42922242805,2.00833482730479,0.229178666362045,8.76318402225153,1.89811429464594e-18,8.34200450223591e-17,"S000000977","S000000977","TMT1"
"S000000978",874.740436307041,1.23156134517362,0.138604613967528,8.88542819694406,6.36750415583559e-19,2.9952142595536e-17,"S000000978","S000000978","ECM32"
"S000001895",151.01047267727,-1.08669599684127,0.445884139785818,-2.4371712287485,0.0148026681139443,0.0433830562653533,"S000001895","S000001895","DEG1"
"S000001877",135.562874706337,-1.34223999817833,0.241774944281528,-5.55160917177338,2.83051857853684e-08,3.77883644376282e-07,"S000001877","S000001877","GNA1"
"S000002965",14.276770148202,-1.32494709008401,0.469293429012256,-2.823280719853,0.00475349304033862,0.0172414346963125,"S000002965","S000002965","SMX2"
"S000001875",18.957595252268,1.17214639343466,0.368105562990595,3.18426699100066,0.00145121092630229,0.00642428794705627,"S000001875","S000001875",NA
"S000001857",898.29393122094,-1.91023318026471,0.20229961398065,-9.44259429208515,3.63661834857226e-21,2.10539221891862e-19,"S000001857","S000001857","TUB2"
"S000001849",1531.15218447174,-1.35688026491234,0.146694509361404,-9.2497004204122,2.25122748422374e-20,1.21023577522421e-18,"S000001849","S000001849","SEC53"
"S000001841",195.811973257634,2.79830904891761,0.486045017784359,5.75730425480695,8.54677849595227e-09,1.24600855506365e-07,"S000001841","S000001841","DAK2"
"S000001840",713.002723723385,1.43769088573769,0.393851203818326,3.65034020919448,0.000261893194653677,0.00148201026786634,"S000001840","S000001840","AQY3"
"S000001836",64.8390737632468,-1.71712938257787,0.361746997756302,-4.74676885565928,2.06691925717561e-06,1.94451888241474e-05,"S000001836","S000001836","THI5"
"S000001901",141.846147523161,-1.23422140538455,0.323395308760713,-3.81644808056811,0.000135386547261742,0.00082456544620164,"S000001901","S000001901","SAD1"
"S000001918",1132.9839309211,2.40750454357408,0.284847861638056,8.4518961445924,2.86609495639276e-17,1.11333920854457e-15,"S000001918","S000001918","ROG3"
"S000001923",90.5650621249103,-1.60757896263157,0.284276178396423,-5.65499005825878,1.55855293706592e-08,2.17727314015636e-07,"S000001923","S000001923","ECO1"
"S000001924",233.971172287278,-1.44307895644396,0.259202822155162,-5.56737362828602,2.58607498837767e-08,3.49904663034201e-07,"S000001924","S000001924","CDC14"
"S000006437",21.2338220247217,-1.0630212165935,0.389398637370976,-2.72990481880081,0.00633526137481742,0.0220234461534502,"S000006437","S000006437","RPL29"
"S000002969",256.918643431447,-1.19611517806041,0.340446603623525,-3.5133708644164,0.000442459429763205,0.00232262269102376,"S000002969","S000002969","ERG26"
"S000002976",20028.8819419005,1.22386607798492,0.233920868401366,5.23196620442168,1.67716418969496e-07,1.9198109479379e-06,"S000002976","S000002976","PMA1"
"S000002980",832.755145740937,-1.16921347929053,0.25127444780317,-4.65313321554447,3.2692888262089e-06,2.94676467404248e-05,"S000002980","S000002980","ERG4"
"S000002996",727.143178910742,-2.53394955931976,0.266998948777913,-9.49048515328602,2.29961470467254e-21,1.35744903302288e-19,"S000002996","S000002996","SCW11"
"S000002997",64.7772602488798,-1.30533012005499,0.520037555087991,-2.51006895037441,0.0120707589969479,0.0367617804353178,"S000002997","S000002997","CGR1"
"S000002998",1653.80568434544,-1.00888997174178,0.377487108930864,-2.67264748351063,0.00752552860215238,0.0251868858885823,"S000002998","S000002998","RPL30"
"S000003023",6307.79212866712,-1.51193349328068,0.518190193263723,-2.91771923308322,0.00352601682811451,0.0136461976425389,"S000003023","S000003023","OLE1"
"S000003045",672.806966554425,-1.66308170076099,0.263784631622667,-6.3046951997566,2.88761589565158e-10,5.30660223168272e-09,"S000003045","S000003045","HNM1"
"S000003065",380.980464387065,-1.46989571222709,0.35871125541601,-4.0977128262184,4.17252477725509e-05,0.000289766686088269,"S000003065","S000003065","SRM1"
"S000003085",1429.54341134896,1.99109843411252,0.498819891639331,3.99161795165974,6.56240344278819e-05,0.000431827662612324,"S000003085","S000003085",NA
"S000003088",449.029853255054,-1.09451144527118,0.36434580297573,-3.00404570694091,0.002664152980771,0.0108092082865379,"S000003088","S000003088","PRP43"
"S000028634",108.282029548806,-1.04715339216584,0.380450065532036,-2.75240691758446,0.00591589615565212,0.0207452596116374,"S000028634","S000028634",NA
"S000003093",693.994362187252,1.03356318704089,0.173425984382736,5.95967894153569,2.5273397984429e-09,4.0471045017087e-08,"S000003093","S000003093","MET13"
"S000003102",679.883653477327,1.22166433458865,0.190660135691826,6.40754990630705,1.47876690543521e-10,2.81761251190677e-09,"S000003102","S000003102","PCL10"
"S000003115",1605.28787924432,-1.28962322991405,0.240325946610317,-5.36614230840896,8.04384846050081e-08,9.8439047928202e-07,"S000003115","S000003115","RPL9A"
"S000003131",597.169472186442,1.14944954853071,0.155478033474526,7.39300287534853,1.43549371259045e-13,3.97925442053472e-12,"S000003131","S000003131","RAD54"
"S000003147",389.749513773343,2.39824884732569,0.201604484111448,11.8958110376153,1.24438228762754e-32,1.70282403495578e-30,"S000003147","S000003147","TOS3"
"S000003148",1789.82562635059,2.13375101280907,0.26140717171292,8.16255728114597,3.28004944104157e-16,1.13501021175352e-14,"S000003148","S000003148","ATG1"
"S000003152",939.362366578584,1.64275694523406,0.294498882446214,5.57814322278146,2.43099465852444e-08,3.30406745800805e-07,"S000003152","S000003152","STR3"
"S000003164",1117.2496119065,1.47989117922263,0.275276012183484,5.37602665587954,7.61475234446008e-08,9.35682119714166e-07,"S000003164","S000003164","DSD1"
"S000003177",641.714056990635,1.31212152541856,0.271350607439197,4.83552087021796,1.32797439903512e-06,1.30630392966019e-05,"S000003177","S000003177","MIG2"
"S000003194",29.2410383088545,-1.27729240211687,0.36220320057791,-3.52645255502684,0.000421166618729746,0.00223225722832025,"S000003194","S000003194","OST5"
"S000003203",1814.00864122417,-1.35344558867265,0.202989320844788,-6.66757040734935,2.60072707574621e-11,5.41833139206502e-10,"S000003203","S000003203","ADE5,7"
"S000003217",2805.27202868645,1.74749080799628,0.223389628883891,7.82261386406865,5.173762001378e-15,1.64821275186756e-13,"S000003217","S000003217","PDE1"
"S000003218",313.793456340234,1.27492798375496,0.191908067645635,6.64343088540272,3.0646422013791e-11,6.34096587439985e-10,"S000003218","S000003218","ZIP2"
"S000003246",813.557134066908,-1.07595946784089,0.289549850719671,-3.7159731395703,0.000202423087524395,0.00117530319188465,"S000003246","S000003246","MSB2"
"S000003249",572.78632337213,1.28603275753968,0.158919239953338,8.09236665061628,5.85164498992829e-16,1.9905511008112e-14,"S000003249","S000003249",NA
"S000003251",2295.52724112516,1.5606404090825,0.117354852635152,13.2984735955864,2.36241967784338e-40,4.74137629343167e-38,"S000003251","S000003251","UGA1"
"S000003254",173.819796261001,1.70600552634154,0.399492005185367,4.2704372157584,1.95090136903162e-05,0.000149635377617063,"S000003254","S000003254",NA
"S000003255",1685.15761584542,1.69952904903201,0.356380817013069,4.7688567058021,1.85274382600899e-06,1.77633289433123e-05,"S000003255","S000003255","MTL1"
"S000003269",136.612665064521,-1.01353623713376,0.238805892643095,-4.24418437047754,2.19389921996128e-05,0.000164706573608315,"S000003269","S000003269","ACB1"
"S000003275",13211.4683005553,1.06437586263738,0.281543881219605,3.7804972284486,0.000156515461834979,0.000938625095327101,"S000003275","S000003275","NQM1"
"S000003284",1843.67374862197,2.14102159251334,0.601370991296595,3.56023423726702,0.000370524136872253,0.00199367813057001,"S000003284","S000003284","FMP48"
"S000003287",1070.37661397945,-2.18485213121946,0.289851996983232,-7.53781983204987,4.77893479446289e-14,1.37674480370627e-12,"S000003287","S000003287","MUP1"
"S000003296",26.0292927276914,-1.09109561050243,0.37294540954823,-2.92561748333125,0.00343773345726187,0.0133625520633788,"S000003296","S000003296",NA
"S000003297",867.513491001823,1.14149786248932,0.415974397247305,2.74415413555049,0.00606670452537136,0.0211509136926815,"S000003297","S000003297","VHT1"
"S000003298",360.161737789338,1.70453858877727,0.188986548361567,9.01936462438675,1.89183331565087e-19,9.11258271482712e-18,"S000003298","S000003298",NA
"S000003311",217.393055062559,1.11397085482875,0.256095040354718,4.34983376986053,1.36240769655832e-05,0.000107934957118127,"S000003311","S000003311",NA
"S000003319",2226.98413809546,-2.04810851644105,0.441791301975962,-4.63591860518905,3.55355788948144e-06,3.19342866456235e-05,"S000003319","S000003319","PDC6"
"S000003324",255.705903547878,-1.30595486208103,0.209031118868224,-6.24765761744943,4.16653749957577e-10,7.53355023571943e-09,"S000003324","S000003324","DBF2"
"S000003328",176.392308533914,1.11311898749073,0.210933101657704,5.27711856860223,1.31230981331966e-07,1.53425580310634e-06,"S000003328","S000003328","TPC1"
"S000003329",1586.22157853986,2.16686786448802,0.140716892210508,15.3987757294018,1.66797433474796e-53,7.17348104965534e-51,"S000003329","S000003329","ASK10"
"S000003331",248.280454499152,-1.21813052049174,0.2194074117159,-5.55191144622332,2.82562732635355e-08,3.77883644376282e-07,"S000003331","S000003331","TEL2"
"S000003340",187.354652127528,-4.02383132186365,0.291624585587969,-13.7979838488269,2.62080293222611e-43,6.06917479035899e-41,"S000003340","S000003340","CLB1"
"S000003353",860.961698095741,-1.0557903647405,0.236566909096336,-4.46296723736013,8.0832416217748e-06,6.71299280064912e-05,"S000003353","S000003353","MEP1"
"S000003354",342.405055412213,-1.18013529561261,0.359509937916908,-3.28262217854288,0.0010284640684473,0.00478845503114345,"S000003354","S000003354",NA
"S000003358",83.8703714668191,1.79257204412948,0.23427993483417,7.65141088757054,1.9878604720445e-14,5.86711171675486e-13,"S000003358","S000003358",NA
"S000003360",273.13287049769,-1.53710362781787,0.614014780604008,-2.50336584130078,0.0123018309683177,0.037333328760202,"S000003360","S000003360","UTP8"
"S000003370",5202.48372590435,3.79151893889025,0.235185701399862,16.1213837249566,1.8052147211201e-58,9.0576648632201e-56,"S000003370","S000003370","TPO2"
"S000003372",549.006715920891,1.96339035779445,0.19213534610717,10.218787940764,1.63370779295345e-24,1.24513349637629e-22,"S000003372","S000003372","CBF2"
"S000003375",2411.14886832597,1.07624148065162,0.0978919542866979,10.9941770852752,4.076145777896e-28,4.15974130995115e-26,"S000003375","S000003375","SKN1"
"S000003376",2804.35809752832,2.86130635840889,0.275707844153362,10.3780375462125,3.12125146432007e-25,2.61014653703766e-23,"S000003376","S000003376","THI4"
"S000003383",22.4701856010949,-2.88903658575503,0.540369412685226,-5.3464102851394,8.97157177124716e-08,1.0868779403356e-06,"S000003383","S000003383",NA
"S000003384",117.189145672904,-2.89853606662085,0.419874369488456,-6.90334127837386,5.07934034467869e-12,1.17175127261726e-10,"S000003384","S000003384","RSR1"
"S000003386",968.060430657232,1.80352273015753,0.200339936672707,9.00231256987926,2.21012283345348e-19,1.05612298255741e-17,"S000003386","S000003386","GTO1"
"S000003389",1438.91907298309,-1.53528813699526,0.122908873118517,-12.4912717694095,8.33111480990677e-36,1.39337895195691e-33,"S000003389","S000003389","CHO2"
"S000003393",3428.84246348646,2.41215922850753,0.232845308549177,10.3594925040033,3.7896737879325e-25,3.1257021749509e-23,"S000003393","S000003393","RTS3"
"S000003412",3679.97355576793,-1.05489321116799,0.255526972130227,-4.12830474361966,3.65447575395993e-05,0.000258415434932188,"S000003412","S000003412","RNR4"
"S000003416",2218.49073264814,1.01603761465122,0.158772930999158,6.39931257965257,1.56078030875899e-10,2.95517554686725e-09,"S000003416","S000003416","UBR1"
"S000003440",120.640136165026,-1.54137654437134,0.515116220646581,-2.99228889052762,0.00276894101137548,0.0111373268632725,"S000003440","S000003440","SER2"
"S000003457",248.579439598847,1.55046624962138,0.368939159129722,4.20249846418775,2.63985040118367e-05,0.000194311780724336,"S000003457","S000003457","AMA1"
"S000003460",54.4167972828576,-1.04639805558297,0.244558963806002,-4.27871479048723,1.87975541645967e-05,0.000145102658493637,"S000003460","S000003460",NA
"S000003466",1647.91249311854,-3.01201984112126,0.371762220208265,-8.10200627550022,5.40601544658676e-16,1.84941017067607e-14,"S000003466","S000003466","YHB1"
"S000003469",984.682669531987,1.46382084063047,0.156308708291984,9.36493466439543,7.60973581175298e-21,4.28207657220231e-19,"S000003469","S000003469",NA
"S000003470",436.078139089642,1.18133570302733,0.175468193782952,6.73247770754739,1.66797949541849e-11,3.57398738146431e-10,"S000003470","S000003470","KEL2"
"S000003472",5312.55053597548,1.25778559217476,0.163585994906548,7.6888341993659,1.48481728857886e-14,4.49250497212728e-13,"S000003472","S000003472","PFK1"
"S000003480",1994.48808266545,1.77797113119116,0.356079678966482,4.99318336938437,5.93921189076195e-07,6.2083324295621e-06,"S000003480","S000003480","SOL4"
"S000003482",4716.50948463004,1.589704055308,0.294143929491871,5.4045108394866,6.49854938354819e-08,8.08424914015365e-07,"S000003482","S000003482","RIE1"
"S000003491",256.123461036383,-1.23945308622875,0.232750739206096,-5.32523802268672,1.00820929024411e-07,1.20206497753659e-06,"S000003491","S000003491",NA
"S000003492",1736.05459182049,-1.01194108753634,0.246908442137018,-4.09844669051366,4.15932005565669e-05,0.000289766686088269,"S000003492","S000003492","TNA1"
"S000007608",113.195955739978,-1.08553262402619,0.435889833246726,-2.49038298494049,0.0127605507451077,0.0384156380181468,"S000007608","S000007608","EFG1"
"S000003511",2468.05495798051,-3.86549592476879,0.402599787970852,-9.60133621592629,7.89146443959532e-22,4.79944519099024e-20,"S000003511","S000003511","SCW4"
"S000003513",1957.11732020139,1.04339634395173,0.227297550439783,4.59044253637106,4.42307220117147e-06,3.89916804147195e-05,"S000003513","S000003513","YOR1"
"S000003517",1678.52996520724,-1.24796399198156,0.421920350135798,-2.95781891435171,0.00309824074490794,0.0122244479194566,"S000003517","S000003517","ZUO1"
"S000003518",1016.66161986455,1.59449034171047,0.216288628785211,7.37204887129735,1.68025393613722e-13,4.57774160610055e-12,"S000003518","S000003518","BIO2"
"S000003521",941.675021681283,1.12841090583024,0.268465942183134,4.20318084541426,2.63190147332133e-05,0.000194199494741026,"S000003521","S000003521","MAL11"
"S000001000",805.867339968075,1.01374060641736,0.250877556458033,4.04077838101448,5.3274084878798e-05,0.000358394709558931,"S000001000","S000001000",NA
"S000001002",540.237414910563,1.06684487040134,0.136564216244884,7.8120381732232,5.62705112483279e-15,1.78318288540096e-13,"S000001002","S000001002","ETP1"
"S000001005",153.431333700342,-1.46765077822366,0.238993512704674,-6.14096492249666,8.20216967652047e-10,1.4273197578708e-08,"S000001005","S000001005","OTU2"
"S000001010",9.37034501078208,-1.69573979244492,0.565979330890895,-2.99611611218327,0.00273442291905141,0.0110348260024186,"S000001010","S000001010",NA
"S000001012",933.254779524976,-1.07882703612561,0.230735372714047,-4.67560315280575,2.93090906086544e-06,2.66974333668242e-05,"S000001012","S000001012","OPI1"
"S000001017",837.485313074592,1.05676137714889,0.0984054108486648,10.7388543783843,6.68689850701581e-27,6.29090873605347e-25,"S000001017","S000001017","SNF6"
"S000001018",171.046940350728,1.19730248449147,0.19586905333492,6.11277005788237,9.79164098976586e-10,1.68926849281892e-08,"S000001018","S000001018",NA
"S000001035",104.838628196464,1.19448498741846,0.30120117244527,3.96573817333166,7.31691474647135e-05,0.000475244268484401,"S000001035","S000001035","ECM34"
"S000001036",147.124297362959,1.52150655051059,0.270712361854379,5.62038076166257,1.90537058320324e-08,2.62522569369948e-07,"S000001036","S000001036",NA
"S000003530",171.034513897896,-1.09202346865882,0.273420502408959,-3.9939341016405,6.49859320981572e-05,0.000428565495249731,"S000003530","S000003530","TIM10"
"S000001055",202.517027377677,-1.32262882159815,0.225473081326153,-5.86601652764451,4.46389320297709e-09,6.82159923226524e-08,"S000001055","S000001055","ARD1"
"S000001057",52.9597848381657,-1.30763252839255,0.408999975032811,-3.19714574136013,0.0013879478081281,0.00617652162064988,"S000001057","S000001057","MIP6"
"S000001060",3883.75694499725,1.18882097954814,0.266065498128032,4.46815159392098,7.88983869661229e-06,6.57050052452318e-05,"S000001060","S000001060","ARG4"
"S000001071",364.578723144836,1.81698774562134,0.150718217394875,12.0555283696125,1.81365681566581e-33,2.60000659217234e-31,"S000001071","S000001071","YHI9"
"S000001072",1989.13055357798,1.68392531943196,0.251465486698464,6.69644706134636,2.13547758972739e-11,4.49920432234858e-10,"S000001072","S000001072","SLT2"
"S000001073",158.676730246562,-1.17685690157224,0.266177545394323,-4.42132299262439,9.8098407117216e-06,8.02377323619027e-05,"S000001073","S000001073","RRM3"
"S000001088",397.231347569021,2.2808484355059,0.290224544339065,7.8589095236591,3.87491988796321e-15,1.26798329594709e-13,"S000001088","S000001088","INM1"
"S000001096",1851.67777175612,-1.00550354327992,0.175226916663973,-5.7382938787204,9.56350631820694e-09,1.38417960437317e-07,"S000001096","S000001096",NA
"S000028778",173.174451346547,-1.24800791597208,0.21796085570002,-5.72583509072712,1.02926166859804e-08,1.47552012062591e-07,"S000028778","S000028778",NA
"S000001113",2274.80117139832,1.70083578473053,0.259947206347963,6.54300466862414,6.02949472864815e-11,1.21416681475554e-09,"S000001113","S000001113","PCL5"
"S000001134",917.583533927746,1.76737425810977,0.468967443959721,3.76865021415339,0.000164132700195463,0.0009794281346649,"S000001134","S000001134","HXT4"
"S000001159",575.90763686405,-1.01189749018892,0.296364994190912,-3.41436239104905,0.000639314792495173,0.00318651851458066,"S000001159","S000001159","TOM71"
"S000001165",198.16573645108,-2.52423426235525,0.322275872596855,-7.83252634463547,4.78162960126704e-15,1.53139318240579e-13,"S000001165","S000001165","EPT1"
"S000001169",128.353360853066,-1.0964084545815,0.242339955405892,-4.52425788700482,6.0607788098566e-06,5.18351551337309e-05,"S000001169","S000001169",NA
"S000001171",108.112738201061,-1.16749407230769,0.229737206106314,-5.0818676351771,3.73741822278445e-07,4.07662955061325e-06,"S000001171","S000001171","ARP1"
"S000001178",135.285665381334,-4.300564510725,0.538601932044697,-7.98468080944075,1.40886377374696e-15,4.6866125865914e-14,"S000001178","S000001178","SPL2"
"S000001181",32318.8955802901,1.45167965053694,0.288189916676578,5.03723262520004,4.72310638400617e-07,5.07818277466092e-06,"S000001181","S000001181","SPS100"
"S000001186",2061.88006228007,-1.98094012282029,0.368340362995949,-5.37801534077893,7.53114008544048e-08,9.27300500090739e-07,"S000001186","S000001186","DSE2"
"S000001187",67.5783494428427,-1.64507878808313,0.406498745861474,-4.04694677371461,5.18900344473154e-05,0.000350650838840949,"S000001187","S000001187","DCD1"
"S000001191",85.6452311504167,-1.22336477377462,0.38728855941719,-3.15879398972073,0.00158423433399244,0.00694732332481317,"S000001191","S000001191","IMP3"
"S000001192",178.621031128925,-1.86883354395422,0.359782381529822,-5.19434424778613,2.05442684319597e-07,2.31642397432264e-06,"S000001192","S000001192","SKG6"
"S000001196",30.6978570365606,-2.29683950314118,0.534215023699284,-4.29946632207428,1.71209889376312e-05,0.000133301170850324,"S000001196","S000001196","SPO16"
"S000001206",315.262598191311,-1.40394472334054,0.205845561221012,-6.8203789045184,9.08006994002216e-12,2.00260443622247e-10,"S000001206","S000001206","SOL3"
"S000001215",110.057023382902,-2.44657097021986,0.333654340748199,-7.33265140424541,2.25643321804805e-13,6.09236968872974e-12,"S000001215","S000001215","SPC97"
"S000001236",2083.93819949369,-1.01937233138046,0.197791467015414,-5.15377304573517,2.55296895792073e-07,2.84656038808161e-06,"S000001236","S000001236","EGD2"
"S000001252",841.731685942416,1.28858674008049,0.142027681008802,9.0727858888341,1.16012103453429e-19,5.77280061895119e-18,"S000001252","S000001252","CRG1"
"S000028652",19.7087433702903,1.95624781398577,0.4456089900994,4.3900546385956,1.13322183185607e-05,9.17087184086749e-05,"S000028652","S000028652",NA
"S000001257",99.2013079303223,1.52803529143771,0.258338976940295,5.91484610466215,3.32186027282572e-09,5.22217250722811e-08,"S000001257","S000001257",NA
"S000003535",66.9187375716428,1.42839189014057,0.348578005633839,4.09776826722973,4.17152581707617e-05,0.000289766686088269,"S000003535","S000003535",NA
"S000001258",325.087638245523,-1.49767201042843,0.243829758224744,-6.14228559029281,8.1342436433481e-10,1.41960234714779e-08,"S000001258","S000001258","PHO12"
"S000003536",82.9130247278499,-1.43270797913897,0.23554434960578,-6.08254021604352,1.18293212212783e-09,1.98950678975745e-08,"S000003536","S000003536",NA
"S000028787",30.2842609992734,-1.02571424486849,0.346622774479198,-2.95916575709611,0.00308473129805528,0.0121871175496003,"S000028787","S000028787",NA
"S000028656",18.5942051789457,-1.0645680814891,0.400064219156193,-2.6609929869121,0.00779105798710115,0.0259027941139349,"S000028656","S000028656",NA
"S000001285",1364.2409897031,1.87409057424663,0.138900540401818,13.49232025178,1.73551495371362e-41,3.87019834678137e-39,"S000001285","S000001285","YKE4"
"S000001290",22.375849623822,1.06088639641728,0.391168826820184,2.71209340744569,0.00668597493612246,0.0229380370885432,"S000001290","S000001290",NA
"S000001291",66.0584273388451,1.13026317367452,0.266042704427652,4.24842762031794,2.15276176442312e-05,0.000162022232294895,"S000001291","S000001291",NA
"S000001307",2011.62876650234,1.16241015086473,0.247804941219395,4.69082716892068,2.72102749295205e-06,2.49745526449151e-05,"S000001307","S000001307","PIG2"
"S000001309",4683.01570479543,1.04551866272954,0.302372785909089,3.45771415766194,0.00054477906230226,0.00278921320928733,"S000001309","S000001309","SYG1"
"S000001318",760.188190587952,1.15310408590805,0.252645295038333,4.56412254078626,5.01587762529872e-06,4.37056428103091e-05,"S000001318","S000001318","VHR1"
"S000001334",214.899062641436,1.42391150243801,0.336729861659587,4.22864635592519,2.35101556695537e-05,0.000175408484865406,"S000001334","S000001334","HOP1"
"S000001361",338.376315884327,1.00184906325636,0.219647365048381,4.56117041529582,5.08692737814992e-06,4.4260678820579e-05,"S000001361","S000001361","SGA1"
"S000001369",3018.87792187451,1.6869494862319,0.238144166094126,7.08373215225073,1.40323006390008e-12,3.43449114420422e-11,"S000001369","S000001369","PFK26"
"S000001379",996.148113290738,1.25752759971345,0.394968866422851,3.18386512613667,0.00145322706923944,0.00642428794705627,"S000001379","S000001379","PRM5"
"S000001380",191.342658325488,-1.3090410717658,0.330962255142767,-3.95525789247817,7.64521364283134e-05,0.000494434278662594,"S000001380","S000001380","RHO3"
"S000001383",386.994529463563,-1.87421157138746,0.183292622122409,-10.2252428367564,1.52844393351572e-24,1.17984114406386e-22,"S000001383","S000001383","QDR2"
"S000001393",102.990129183256,-2.34999461174027,0.267660612328118,-8.77975504613836,1.63831075045732e-18,7.30686594703966e-17,"S000001393","S000001393","FKH1"
"S000001400",327.463965501265,-1.08727122282338,0.286512954819157,-3.79484140083526,0.000147737864843018,0.000891312308837486,"S000001400","S000001400","TPM2"
"S000001408",1028.88819665959,1.03861744841143,0.311947537860614,3.32946192021401,0.000870139618501495,0.00413505180978493,"S000001408","S000001408","ATG32"
"S000001413",898.361403142746,1.1580543328503,0.119682174209392,9.67608033945148,3.81045616878777e-22,2.43839554867269e-20,"S000001413","S000001413","ESL1"
"S000001420",30.2292169769718,-3.85411428660001,0.540623769189109,-7.12901375457625,1.01090633290068e-12,2.51515166545247e-11,"S000001420","S000001420","AIM20"
"S000001426",153.994444881703,1.10832903974019,0.188599021762889,5.87664256887616,4.18670843045127e-09,6.43065598462936e-08,"S000001426","S000001426","NIT1"
"S000001456",325.779222584796,1.24843921194085,0.271204692831819,4.60330976910876,4.15829019282625e-06,3.68734392503783e-05,"S000001456","S000001456","MET28"
"S000028799",362.044939505733,1.28012747029398,0.237527095856694,5.38939553686249,7.0695058276685e-08,8.75833221983375e-07,"S000028799","S000028799",NA
"S000001458",281.746081508585,1.39023046985585,0.461549228180844,3.01209575267913,0.00259450744008371,0.0105693702954966,"S000001458","S000001458","FLO11"
"S000028800",46.7627873440064,-1.71264596204892,0.543934928728626,-3.1486228804096,0.00164041739585073,0.0071468546602151,"S000028800","S000028800",NA
"S000001465",166.498381516292,-1.17634559256995,0.276435737677015,-4.2554034527344,2.08672394896712e-05,0.0001576432232965,"S000001465","S000001465","YVH1"
"S000001471",24.7654419175114,-1.69074527237486,0.356341724683046,-4.74473000286095,2.08784628260314e-06,1.96114235063238e-05,"S000001471","S000001471","DAL3"
"S000001474",1292.94904541179,2.80558572241719,0.190102468962327,14.7582813507445,2.7212734104409e-49,9.10265955792483e-47,"S000001474","S000001474",NA
"S000003542",1745.54740491455,1.05300403292117,0.18247599450903,5.77064416475372,7.89690719650366e-09,1.15968971293045e-07,"S000003542","S000003542","CYR1"
"S000003548",48.9171129225566,-2.34614506846241,0.474447607765159,-4.9450034736474,7.61425067158918e-07,7.77040733790482e-06,"S000003548","S000003548","RPC17"
"S000003549",1400.86839682395,-1.29255777627802,0.219739799364899,-5.88221969808759,4.04800515710774e-09,6.24949719255018e-08,"S000003549","S000003549","VTC4"
"S000003553",2078.1482350574,1.2339049596825,0.171906299268261,7.17777629403205,7.0854369036295e-13,1.80768710155734e-11,"S000003553","S000003553","TPH3"
"S000003562",139.534884368759,1.57372747793466,0.352100951535252,4.46953486229674,7.83898819910568e-06,6.53719500648412e-05,"S000003562","S000003562","RRN7"
"S000028660",35.9590320607379,-1.08110331994481,0.411700456175213,-2.62594637370211,0.00864084295785792,0.0283387128830319,"S000028660","S000028660",NA
"S000003574",41.280592961404,-1.73553241340997,0.572190381907221,-3.03313803986901,0.00242024862069049,0.00995376840517583,"S000003574","S000003574","IRC18"
"S000003615",1633.54487047404,-1.96302299492136,0.264165352680913,-7.43103883609032,1.07748067973486e-13,3.04577989327869e-12,"S000003615","S000003615","PRY1"
"S000003618",1473.98607178261,2.18050545363152,0.198647127647161,10.9767781666823,4.94237457744254e-28,4.95967288846359e-26,"S000003618","S000003618","IML2"
"S000003620",1096.99577679409,1.08804564367291,0.233744034473889,4.65485951811296,3.24201677105674e-06,2.92656416469755e-05,"S000003620","S000003620","ALY2"
"S000003624",599.885549188084,2.2068440186129,0.309870527874099,7.12182611800224,1.0650637356226e-12,2.63899125604267e-11,"S000003624","S000003624","ARG3"
"S000003625",914.169746408009,1.03483244110892,0.258880422260335,3.99733758185958,6.40589149719404e-05,0.00042291527088383,"S000003625","S000003625","SIP4"
"S000003633",202.50321097908,-1.20792436034353,0.187214480412122,-6.45208830900515,1.10319258598907e-10,2.135795035447e-09,"S000003633","S000003633","PHS1"
"S000003651",414.853037617568,-1.19638839215798,0.247769462306685,-4.82863538153508,1.37471858827178e-06,1.34588302763973e-05,"S000003651","S000003651","ASF1"
"S000003652",4402.5978308889,-1.19532486309816,0.286931397239112,-4.16589078295271,3.10139163398478e-05,0.000223366974021798,"S000003652","S000003652","NCA3"
"S000003654",56.5826428541184,-1.01404063920673,0.357531556180995,-2.83622696144165,0.00456499926494413,0.0167114450637996,"S000003654","S000003654",NA
"S000003658",116.692143851421,-1.24910538063364,0.522256970693337,-2.39174477456061,0.0167684984711229,0.0480090961933576,"S000003658","S000003658","ALB1"
"S000003666",2112.61938890263,1.19793033117477,0.178893476245714,6.69633323872239,2.1371407344157e-11,4.49920432234858e-10,"S000003666","S000003666","URA2"
"S000003668",1049.06955352327,1.69123962009385,0.356216129331366,4.74779068333706,2.0565070342e-06,1.9377509941969e-05,"S000003668","S000003668",NA
"S000003669",524.702730749169,2.46289866588412,0.252349505226115,9.75987119006738,1.67367662061064e-22,1.10738537721941e-20,"S000003669","S000003669","MRS3"
"S000003680",484.8532556395,1.45545250860819,0.329680183304474,4.41474065568574,1.01131156793328e-05,8.25082242618735e-05,"S000003680","S000003680",NA
"S000003681",194.009807680399,-1.29057973587241,0.217678965421368,-5.92882152565452,3.0511649308467e-09,4.83449053911262e-08,"S000003681","S000003681","SFH5"
"S000003689",5144.8988048776,-3.46181666234869,0.469116870247427,-7.37943331801906,1.58964672235785e-13,4.35057405241663e-12,"S000003689","S000003689","INO1"
"S000003694",1261.3341770832,-3.69878199425803,0.169117629647773,-21.8710610003322,4.90046345523674e-106,9.83523015466013e-103,"S000003694","S000003694","CIS3"
"S000003696",34.6505842988589,-1.351346261584,0.466052485091877,-2.89955810731831,0.00373689073386779,0.0143219726980382,"S000003696","S000003696","PIR5"
"S000003697",405.583984371418,1.16522701918528,0.136319360909258,8.54777348876306,1.25485681237207e-17,5.17499511458373e-16,"S000003697","S000003697","FMP33"
"S000003699",2242.56120872141,1.27475433971763,0.188313005482155,6.76933776535384,1.29373192418721e-11,2.80412688400053e-10,"S000003699","S000003699",NA
"S000003704",209.237547211073,-1.40384154283605,0.386208556301097,-3.63493123063172,0.000278054796438554,0.00156026834050003,"S000003704","S000003704","SET2"
"S000003705",22.6945850532629,-1.53179599284286,0.433030982681314,-3.53738197520655,0.000404114755056845,0.00215515938015701,"S000003705","S000003705",NA
"S000003708",830.815076888043,-1.26354645263735,0.232427942052923,-5.43629325061803,5.44003952081101e-08,6.85240124577471e-07,"S000003708","S000003708","CPS1"
"S000003724",54.0245620460143,-1.04757254300395,0.338813159336773,-3.09188859445298,0.00198887475693348,0.00843905208703066,"S000003724","S000003724","BUD19"
"S000003726",1278.63606078371,-1.52102431956132,0.457742955076235,-3.32287870887712,0.000890936442636488,0.00422388056780653,"S000003726","S000003726","RPS22A"
"S000003731",20.1082696348707,-1.35897055560046,0.511685663395852,-2.65586990767246,0.00791041240323578,0.0262127644908545,"S000003731","S000003731",NA
"S000003732",411.715306333295,-1.03049132746517,0.230209673913182,-4.4763163508663,7.5941933483272e-06,6.35064418753863e-05,"S000003732","S000003732","ELO1"
"S000003734",322.594147258402,-1.16597782091987,0.20204515310589,-5.77087746474569,7.88598055225868e-09,1.15968971293045e-07,"S000003734","S000003734","PHO90"
"S000003744",135.052443447887,-1.63842961115275,0.60610183125792,-2.70322498077973,0.00686702487929473,0.0233859484152905,"S000003744","S000003744","NUC1"
"S000003754",12.0266825837357,-1.75721113048391,0.56395579808642,-3.11586676907369,0.00183405115043909,0.00787086384660993,"S000003754","S000003754",NA
"S000003776",564.984939989964,-1.09110114806273,0.140832548981609,-7.74750692189214,9.37142269493639e-15,2.90852247660887e-13,"S000003776","S000003776",NA
"S000003777",5412.92500328925,1.24691886161094,0.341415342527688,3.65220511878377,0.000259998074477007,0.00147267018478463,"S000003777","S000003777","ILV3"
"S000003784",29.7310481312223,-1.14184897339477,0.344639240890855,-3.31317168191068,0.000922443377545225,0.00435610319701945,"S000003784","S000003784",NA
"S000003786",835.11616365949,1.12273709803274,0.160448580733463,6.99748849693993,2.60591449960378e-12,6.18728870519775e-11,"S000003786","S000003786","BNA1"
"S000003809",151.578585342747,-1.51158262464503,0.315863156487308,-4.78556170164079,1.70509792344852e-06,1.64789640402625e-05,"S000003809","S000003809","CYC1"
"S000003813",669.920306201628,1.22612646868078,0.212716383143773,5.76413744235229,8.20765103882513e-09,1.20239092225708e-07,"S000003813","S000003813","RAD7"
"S000003824",49.7306793418183,-1.56516086061829,0.569289554270536,-2.74932299192425,0.00597185076862829,0.0208806698477996,"S000003824","S000003824","RPA12"
"S000003830",75.4504228758925,-1.48034262948286,0.531284077646433,-2.78634856900044,0.00533055174935292,0.018997553586561,"S000003830","S000003830","HAM1"
"S000003831",442.650189577375,-1.02653058286408,0.388296353487837,-2.64367814336487,0.00820105975751815,0.0270419391018712,"S000003831","S000003831","LIA1"
"S000003832",15.4354610128097,-1.53179748562901,0.567789058558225,-2.69782846735136,0.00697933930969796,0.0237014111583144,"S000003832","S000003832",NA
"S000003834",3595.77505333305,-1.494767219732,0.162816615662091,-9.18067983205246,4.283783157154e-20,2.20450071702771e-18,"S000003834","S000003834","OPI3"
"S000003854",332.431872178979,1.2598275617795,0.47130338162176,2.67307133983299,0.007516026486144,0.0251807738125523,"S000003854","S000003854","IME1"
"S000003856",1133.42026839552,-1.27147450787298,0.410680328906372,-3.09601999019254,0.0019613713814265,0.00834587780040209,"S000003856","S000003856","SFC1"
"S000003857",4813.22531893166,2.57174412996786,0.303757807298114,8.46642972848398,2.53029371817376e-17,9.95744998504851e-16,"S000003857","S000003857",NA
"S000003866",1537.18182043905,-2.1597205566907,0.216946988292284,-9.95506125109695,2.3967524234351e-23,1.71795789779795e-21,"S000003866","S000003866","ADO1"
"S000003870",2931.59490951321,1.12973067666414,0.339682334343141,3.32584465674012,0.000881510422386644,0.0041824856211111,"S000003870","S000003870","CPA2"
"S000003872",192.076326125052,1.47021699201615,0.291259822063969,5.047785106774,4.46961474216749e-07,4.82285848791944e-06,"S000003872","S000003872","PXP2"
"S000003873",71.1323275321618,-1.01797086389108,0.28078540825006,-3.62544076002873,0.000288469021329602,0.00160942150466188,"S000003873","S000003873","NNF1"
"S000003876",328.187453001551,1.74311419642961,0.295652988077527,5.89581119326459,3.72845108761402e-09,5.81580414469534e-08,"S000003876","S000003876",NA
"S000003891",1365.51966956166,1.34077751064584,0.138851394085549,9.65620489067445,4.62687733498771e-22,2.90191962853761e-20,"S000003891","S000003891","STR2"
"S000007348",59.1239032058284,-1.19236907959735,0.299270349312664,-3.98425397750184,6.76924455241052e-05,0.000444466973283138,"S000007348","S000007348","TIM8"
"S000003898",1322.14024662624,1.20119547032336,0.216348892622971,5.55212211054241,2.82222331353781e-08,3.77883644376282e-07,"S000003898","S000003898","MET5"
"S000003904",789.033545427513,-1.20441000865805,0.257176895540758,-4.68319677833256,2.82435136944887e-06,2.57657872658358e-05,"S000003904","S000003904","PMT4"
"S000003911",27.8099765565242,1.06052042485643,0.437862249450963,2.42204123828035,0.015433599024005,0.0448699660664095,"S000003911","S000003911","DAN1"
"S000003912",518.669121419375,1.00373658288577,0.169597680087214,5.9183391091765,3.25208916526523e-09,5.12587143038271e-08,"S000003912","S000003912","DAN4"
"S000003914",137.759845239444,1.18766576588396,0.176495712961177,6.72914795468833,1.70659456245952e-11,3.64376094346409e-10,"S000003914","S000003914","PGU1"
"S000003915",451.970353177468,2.90804005565487,0.282332887684217,10.3000400679762,7.0431959081958e-25,5.65427767509958e-23,"S000003915","S000003915",NA
"S000003916",2465.6955769042,2.13507907103436,0.229057945328944,9.32113080805046,1.15106879186247e-20,6.35833504202195e-19,"S000003916","S000003916","AAD10"
"S000003918",18.6950637458474,1.55485933504847,0.549933917242553,2.82735668104408,0.0046934018964637,0.0170645971126859,"S000003918","S000003918",NA
"S000003921",382.462614007394,1.19778408154464,0.148141819025255,8.08538797097154,6.1966615919189e-16,2.09607300252493e-14,"S000003921","S000003921","MPH3"
"S000001493",2123.38820623991,1.0086937825531,0.144155520238459,6.99726088105776,2.61015002677334e-12,6.18728870519775e-11,"S000001493","S000001493","UFD4"
"S000001533",1981.91909847473,1.45794095070822,0.15697738588271,9.28758586792598,1.5782734296416e-20,8.5610669548397e-19,"S000001533","S000001533",NA
"S000001534",428.912826050882,2.25279378912102,0.17358552768542,12.9780046710094,1.63073690317596e-38,2.97535360424924e-36,"S000001534","S000001534","SFK1"
"S000001535",302.917874779995,1.13905126357928,0.18710685225694,6.08770469835655,1.14540883494311e-09,1.94267791413872e-08,"S000001535","S000001535","ASK1"
"S000001540",601.543170376088,-1.03756897100146,0.226361244470376,-4.58368645847083,4.56849124006648e-06,4.01560376006428e-05,"S000001540","S000001540","NUP120"
"S000001545",3258.90230113448,2.89054542601742,0.241118044096355,11.9880925413542,4.10243333033236e-33,5.74436071672817e-31,"S000001545","S000001545","MSN4"
"S000001554",250.911513435292,2.22856355010121,0.251074043229842,8.87612085037841,6.9232618679305e-19,3.23139222533407e-17,"S000001554","S000001554",NA
"S000001564",1242.46438868413,-2.12286434485704,0.300695948692222,-7.05983686873646,1.66698185475676e-12,4.01475909899619e-11,"S000001564","S000001564","TEF4"
"S000001579",786.915478768953,-2.07127764692685,0.222019151485641,-9.32927467322928,1.06597876234671e-20,5.94283160008291e-19,"S000001579","S000001579","CWP1"
"S000001956",3453.92280616332,-2.72608244233684,0.185505108390218,-14.6954575321042,6.89313223296441e-49,2.18439732498309e-46,"S000001956","S000001956","CWP2"
"S000001590",1657.15039560559,1.14026182436256,0.188549738664724,6.04753860937538,1.47075428777998e-09,2.44624628915006e-08,"S000001590","S000001590",NA
"S000001596",406.965922893871,-1.30372316955841,0.224755407352475,-5.80063093883132,6.6065862018587e-09,9.89508843815702e-08,"S000001596","S000001596","RAD27"
"S000001605",175.32029922147,-1.04200638104089,0.250291987356253,-4.16316316014444,3.13868916731718e-05,0.000225513693035999,"S000001605","S000001605","SRP21"
"S000001610",383.613637521056,-1.32687096583757,0.139846601595374,-9.48804583522657,2.35405781903172e-21,1.37609535227087e-19,"S000001610","S000001610","PGM1"
"S000001614",65.4906888196438,3.1803152540593,0.344352819540669,9.23563006773551,2.56770315404762e-20,1.34436006004528e-18,"S000001614","S000001614",NA
"S000001615",216.126291472507,2.74611214684163,0.354381414799286,7.74902980845362,9.25972824638606e-15,2.88874734567308e-13,"S000001615","S000001615","RMA1"
"S000001646",21523.2842208279,1.74129886511547,0.175455576543321,9.92444298107296,3.25917354440238e-23,2.28180045474962e-21,"S000001646","S000001646","PIR3"
"S000001657",1025.18078777785,1.0227778907402,0.254749163406518,4.01484298147858,5.94853829696325e-05,0.000396196339447077,"S000001657","S000001657","TPO5"
"S000001660",76.0561901830017,-1.43650488055195,0.326699666304045,-4.3970197362095,1.09747369246724e-05,8.90737654112531e-05,"S000001660","S000001660",NA
"S000001661",797.545613360083,-1.31100697654554,0.362718529141628,-3.61439207323659,0.000301053190849441,0.00166144936948165,"S000001661","S000001661","STE3"
"S000001665",5026.74815194642,-1.87145376815791,0.151619678165257,-12.3430796767563,5.30857800367395e-35,8.41130214740022e-33,"S000001665","S000001665","FAS1"
"S000001668",901.464801476453,-1.08061631512166,0.242907106401608,-4.44868135448878,8.63990810563203e-06,7.15555525502207e-05,"S000001668","S000001668","ASH1"
"S000001700",18245.5288891674,-1.93184570453685,0.474794236523919,-4.06880613943495,4.72546431016529e-05,0.00032507769588737,"S000001700","S000001700","JEN1"
"S000001721",1545.89156221071,-1.45858213844789,0.160698240619507,-9.07652836039099,1.12093116979314e-19,5.62427214443707e-18,"S000001721","S000001721","PRY2"
"S000001741",35.4507282489782,-1.47809607594827,0.612141757752882,-2.41463036498969,0.0157511852253384,0.0456829895191534,"S000001741","S000001741",NA
"S000001742",110.510862222667,-1.5973009300544,0.448416114823709,-3.56209528884207,0.000367906792858789,0.00198136565277529,"S000001742","S000001742","DAL80"
"S000001747",1481.52333224983,-1.86775936629836,0.572998695928165,-3.2596223683771,0.00111560643823251,0.00512753157602897,"S000001747","S000001747","GAP1"
"S000001750",5120.28367648029,-1.00573390821655,0.327976885799294,-3.06647801038031,0.00216596739411937,0.00904389020803933,"S000001750","S000001750","UTH1"
"S000001765",474.875612720016,-1.46477217107705,0.421518118667211,-3.47499219181487,0.000510868220935041,0.00264213296652833,"S000001765","S000001765","RPS21A"
"S000001766",1579.19707392968,1.69865913350286,0.417244271590953,4.07113829753939,4.67839624382824e-05,0.000322597844354278,"S000001766","S000001766","GLG1"
"S000001767",2223.27898983003,-1.03907654243001,0.408104528305129,-2.5461039277004,0.0108932751377764,0.0339514972748233,"S000001767","S000001767","TIF1"
"S000001769",452.102565502243,1.42423463291627,0.189042931122757,7.53392165714691,4.92386753881559e-14,1.41174316434327e-12,"S000001769","S000001769","KTR2"
"S000001783",909.621343084605,1.67198865378071,0.281713668840321,5.93506399836216,2.93730899833056e-09,4.67871361876939e-08,"S000001783","S000001783",NA
"S000028669",35.9490324884392,1.23550320103232,0.362603832667961,3.40730872021332,0.000656068750757292,0.00325469991652006,"S000028669","S000028669",NA
"S000001784",2795.54618533561,1.06942539956519,0.303417510995529,3.52460013285441,0.000424122484594259,0.00224200305508519,"S000001784","S000001784","ECM4"
"S000001791",52.6592480147676,-1.08617933400519,0.314870068429296,-3.44961126163407,0.000561394334716175,0.00286696801469558,"S000001791","S000001791","DAD2"
"S000001800",266.617926254653,-1.330151302234,0.358995013624001,-3.70520829469556,0.000211217086569992,0.00122341545352284,"S000001800","S000001800","SRP40"
"S000001806",195.477994172834,1.01391773073683,0.186439262426236,5.43832730049541,5.37831065774941e-08,6.78884873591387e-07,"S000001806","S000001806","UBP11"
"S000001807",330.636969922989,1.54213917943697,0.18773123593055,8.2146115524828,2.12852146714708e-16,7.62846890100747e-15,"S000001807","S000001807","BAS1"
"S000001810",347.777501431308,1.17101351647923,0.336543808151398,3.47952774086527,0.000502298363114544,0.00260270089872002,"S000001810","S000001810","FLO10"
"S000003925",81.1674336907286,-1.47153367632769,0.31421041182888,-4.68327471315334,2.82327726391593e-06,2.57657872658358e-05,"S000003925","S000003925","RTT109"
"S000003932",14.3228970236422,-1.63556410489477,0.600166286215854,-2.72518490701514,0.00642654847836451,0.0222027495210929,"S000003932","S000003932","COX17"
"S000003935",183.566363202984,1.04806972670816,0.267330521957665,3.92050155378117,8.83648662760922e-05,0.000563606843059694,"S000003935","S000003935","YEH1"
"S000003948",40.1281745675661,1.03841063472963,0.379101168177448,2.73913857802617,0.00616004025329697,0.0214514762088497,"S000003948","S000003948","PAU17"
"S000003949",33997.2031181437,1.92838684166124,0.277464979681834,6.95001885957825,3.65237382142917e-12,8.52362123210274e-11,"S000003949","S000003949","HSP104"
"S000003950",859.082615483972,1.03624496606592,0.143244589255378,7.23409499411171,4.6864367045175e-13,1.22682762599565e-11,"S000003950","S000003950","ISA1"
"S000003951",363.939608620363,1.43649016650619,0.236151135041778,6.08292721630178,1.18007926766376e-09,1.98950678975745e-08,"S000003951","S000003951","TPO1"
"S000003963",2238.65747488431,1.0011134091472,0.332850940779246,3.00769289341189,0.00263239006954486,0.0107019720518093,"S000003963","S000003963","VPS13"
"S000003965",58.7594729866028,1.26203671298268,0.337237284059715,3.74228109593957,0.00018235736595526,0.00107782737025054,"S000003965","S000003965","ATG10"
"S000003971",2495.25242172708,1.27750150216878,0.124147989130801,10.2901505784586,7.80542140815242e-25,6.18374240769549e-23,"S000003971","S000003971","YBT1"
"S000003979",551.211968366935,1.78660780369896,0.252533183507682,7.07474470833103,1.4972413807377e-12,3.62871901996262e-11,"S000003979","S000003979",NA
"S000003983",375.350085299741,1.16937786757885,0.132690163918977,8.81284515024712,1.22009028394017e-18,5.56527545424526e-17,"S000003983","S000003983","GTT2"
"S000003994",1210.91795674036,3.29879470200924,0.280227734090256,11.7718351922539,5.45252835965037e-32,7.13688548988149e-30,"S000003994","S000003994","THI73"
"S000004001",61.9540336773301,-1.04585810061791,0.233952484231608,-4.47038681402729,7.80782557523125e-06,6.52023825082765e-05,"S000004001","S000004001","LOT6"
"S000004013",991.378031802984,1.39551637755688,0.247211626624982,5.64502728536254,1.65155053966864e-08,2.29653251716971e-07,"S000004013","S000004013","IZH3"
"S000004035",332.337782606544,-1.86833541104464,0.216745969741285,-8.6199314952649,6.69941802645234e-18,2.82078293267619e-16,"S000004035","S000004035","STU2"
"S000004046",1874.22883776687,-1.47449302528191,0.283415044195782,-5.20259264805768,1.96527328606363e-07,2.22005824678971e-06,"S000004046","S000004046","ERG3"
"S000004050",986.930184998969,-1.31343291473623,0.449691986656726,-2.92073898069891,0.00349202259989445,0.0135299022354984,"S000004050","S000004050","FRS1"
"S000004063",64.6315681870731,-1.00899323427705,0.299000753994684,-3.37455080228657,0.000739362677339712,0.00360170119762331,"S000004063","S000004063","RFU1"
"S000004074",244.843033021485,-1.40917697454562,0.295258392786449,-4.77269066341101,1.81780882063546e-06,1.74840685448021e-05,"S000004074","S000004074","RAX2"
"S000004082",1539.45238104288,2.54022380573598,0.159715818340435,15.9046475930236,5.88334308054122e-57,2.72489297599528e-54,"S000004082","S000004082","SUL2"
"S000004084",1326.9537656405,1.38690892804609,0.34655445106358,4.00199427186594,6.28108196955638e-05,0.000416502142496684,"S000004084","S000004084","GIS3"
"S000004091",97.3474231845983,-1.07929472363529,0.234231645352473,-4.60780917117823,4.06933865061858e-06,3.62985007635178e-05,"S000004091","S000004091",NA
"S000004099",6405.40863143124,1.42432397020388,0.169504132766847,8.40288638957868,4.35636104151123e-17,1.6393531144337e-15,"S000004099","S000004099","AHP1"
"S000004100",10130.185222241,-2.59650224789795,0.19439826803634,-13.3566120425135,1.08386054475923e-40,2.33068726428404e-38,"S000004100","S000004100","CCW12"
"S000004111",1783.79399354104,1.36039388308004,0.224227438527851,6.06702681889251,1.30299805954645e-09,2.17926425459143e-08,"S000004111","S000004111","YPS3"
"S000004113",19.1486033613993,1.23748749403235,0.428335692969273,2.88905994607627,0.00386395405493197,0.0147245995979401,"S000004113","S000004113",NA
"S000004120",2942.99627884556,1.05727786727624,0.225410172684126,4.69046207935714,2.72588746774388e-06,2.4981078300283e-05,"S000004120","S000004120","ZRT2"
"S000004122",73.9942624880693,-1.86523540940665,0.278417444787435,-6.69942004112104,2.0924832429712e-11,4.43621183307379e-10,"S000004122","S000004122","USB1"
"S000004123",352.129584726788,-1.25307371319054,0.180082810913091,-6.95831938005053,3.44355857611674e-12,8.09908835421831e-11,"S000004123","S000004123","CKI1"
"S000004124",150.369431392001,-1.09226210951507,0.291944250608225,-3.74133796860016,0.000183043173080942,0.00107943481402581,"S000004124","S000004124","PDC5"
"S000004128",2116.12693435141,1.0338973003827,0.230704910772273,4.48147071044903,7.41304078768568e-06,6.20777727157934e-05,"S000004128","S000004128","NHA1"
"S000004129",172.468809963613,1.05255354822725,0.29892760841317,3.52109848205267,0.000429762972948208,0.00226982707028172,"S000004129","S000004129","SLS1"
"S000004143",1926.6511781973,-1.65703794203744,0.405401545100247,-4.0873991775924,4.36236157158277e-05,0.000301558886595866,"S000004143","S000004143","ACS2"
"S000004168",3295.88464810114,1.02502030549918,0.295940223720615,3.46360590193665,0.000532986748148351,0.0027358168888331,"S000004168","S000004168","TFS1"
"S000004169",439.158343040173,-1.26140477095403,0.250702782640376,-5.03147495081244,4.86720710906316e-07,5.19600248292008e-06,"S000004169","S000004169",NA
"S000004173",253.095093940491,-2.79590967073416,0.249356890316557,-11.2124821062084,3.54121297949869e-29,4.02295157538898e-27,"S000004173","S000004173","TOS4"
"S000004176",166.342323915273,-1.0905099616282,0.406053321032843,-2.68563241609343,0.00723926829990999,0.0244325305121962,"S000004176","S000004176","EMG1"
"S000004183",496.635414226902,1.34814977478712,0.401261289750962,3.35978029583625,0.000780044784375115,0.00376334106307898,"S000004183","S000004183","UPS1"
"S000004188",153.203457881522,-1.51149701050825,0.304217056449952,-4.96848213623064,6.74790152766609e-07,6.9332960918221e-06,"S000004188","S000004188",NA
"S000004199",199.336332840893,-1.84987711817344,0.160828224098598,-11.5021920346478,1.28607150294499e-30,1.58029316719016e-28,"S000004199","S000004199","PNP1"
"S000004200",74.4480297068552,-2.00469428623567,0.454364965564628,-4.41207935947368,1.02382570436283e-05,8.34161646274508e-05,"S000004200","S000004200","CLB4"
"S000004202",202.042294636566,-1.7835082163732,0.269948934699407,-6.60683554228199,3.92621774266916e-11,8.01347695885119e-10,"S000004202","S000004202","TUB4"
"S000004206",4106.19929135149,1.12879571920832,0.295996241335848,3.81354747652875,0.00013698619534566,0.000833125133511335,"S000004206","S000004206","CPR6"
"S000004207",524.655552297947,1.07939213581245,0.319169331765853,3.38187923582929,0.000719917858384417,0.00351551129386259,"S000004207","S000004207",NA
"S000004213",613.709262613485,1.00303143711105,0.180704194650628,5.5506815381364,2.84558042274884e-08,3.78274979584268e-07,"S000004213","S000004213","IFH1"
"S000004227",2194.19408226484,2.44610263024572,0.161942321109641,15.1047768951615,1.50615318374255e-51,5.3344401878317e-49,"S000004227","S000004227","THI7"
"S000007377",23.8558816935425,1.08851365259507,0.324668750193034,3.35268993997079,0.000800303069980107,0.00385181837278195,"S000007377","S000007377",NA
"S000004250",462.04271233976,1.0326843625897,0.274632593344432,3.76023963512061,0.000169750669546512,0.00100895240013775,"S000004250","S000004250","LCB5"
"S000004276",7232.99931918923,-2.47430608909752,0.248136073614528,-9.97156944193967,2.0299542802802e-23,1.47257285802013e-21,"S000004276","S000004276","CTS1"
"S000004288",477.480697714834,2.33619062890722,0.154283630580829,15.1421808011142,8.53362878578799e-52,3.4253985946153e-49,"S000004288","S000004288",NA
"S000004291",5482.87890396375,-1.25011988099933,0.496094788870665,-2.51992141228728,0.0117381038203173,0.0360235559746103,"S000004291","S000004291","EXG1"
"S000004298",55.7318831454074,-1.9545065467897,0.303756722286818,-6.43444705379782,1.23923624939366e-10,2.37625524127365e-09,"S000004298","S000004298","CDA1"
"S000004306",534.564202971441,-1.16539362802153,0.214570883433148,-5.43127571353187,5.59526078481536e-08,7.02934023507828e-07,"S000004306","S000004306","CDC3"
"S000004318",412.874285707343,1.5245373857247,0.228481942973962,6.67246332852847,2.51544920046671e-11,5.25886098472572e-10,"S000004318","S000004318",NA
"S000004320",474.310326635305,1.54582526142654,0.543389860972327,2.844781201218,0.00444419388748426,0.0163560460859063,"S000004320","S000004320","NMA1"
"S000004323",101.19154295541,1.13689635205449,0.221294943116081,5.13747099705811,2.78460426608273e-07,3.09337680555057e-06,"S000004323","S000004323","JIP3"
"S000004329",1446.34394706036,1.32217516777285,0.318168299752512,4.15558422633967,3.24457388095796e-05,0.000232566420681522,"S000004329","S000004329","VRP1"
"S000004330",353.548511354473,1.27750721177585,0.401107363578523,3.18495078319786,0.0014477862874904,0.0064143644127886,"S000004330","S000004330","OPI9"
"S000004333",21.929267819658,-1.80922329518554,0.517279444033406,-3.49757431124347,0.000469509889987016,0.00245605477637865,"S000004333","S000004333","SPO77"
"S000004351",1694.02926922949,-1.20250284403221,0.146860918557677,-8.18803842330558,2.65518064250756e-16,9.29467595845234e-15,"S000004351","S000004351","ADE13"
"S000004359",548.204889729651,-2.55291810119228,0.168760498098006,-15.1274624687923,1.06732241585073e-51,4.01646766614828e-49,"S000004359","S000004359","RPS22B"
"S000004364",686.023066341186,-1.75367227860952,0.179430350142431,-9.77355434695116,1.46229958797558e-22,9.7827842435566e-21,"S000004364","S000004364","ELO3"
"S000004367",1942.05682240162,2.00985950184216,0.227051685162681,8.85199112440901,8.59715397512015e-19,3.98180492955373e-17,"S000004367","S000004367","STP3"
"S000004369",1105.93501544212,-2.31231608256129,0.351605664196967,-6.57644719075386,4.81822013574757e-11,9.73506826756246e-10,"S000004369","S000004369","FBP1"
"S000004373",755.783679435176,-1.09251868089188,0.457981097637943,-2.38551042068458,0.0170554391762092,0.0486455704784252,"S000004373","S000004373","CTF3"
"S000006429",4513.42766801712,1.02509245114615,0.327472209623047,3.13031891263729,0.00174616621510448,0.00753826777364692,"S000006429","S000006429","CCW14"
"S000004397",134.552656910637,-1.03662787623035,0.252286487785452,-4.10893141891893,3.97494085731361e-05,0.000277968860649074,"S000004397","S000004397","DUS4"
"S000007380",1428.87897210832,1.61153849281658,0.260967431630542,6.17524755003939,6.60598822945804e-10,1.16641217388759e-08,"S000007380","S000007380",NA
"S000004406",1238.70543393609,-1.10154583807321,0.255560575726886,-4.31031208526629,1.63024310491608e-05,0.000127808512170569,"S000004406","S000004406","PUN1"
"S000004422",1509.50244727796,1.06801827752714,0.12498126591817,8.54542694603855,1.28061949880961e-17,5.24531292675693e-16,"S000004422","S000004422","SEN1"
"S000004427",109.985865480522,-1.09309933631861,0.450402846270041,-2.42693700843808,0.015226899401035,0.0443761671314772,"S000004427","S000004427","TSR2"
"S000004435",511.922228066812,1.03561443233334,0.229469170750607,4.51308743978891,6.38906655359266e-06,5.42715609759461e-05,"S000004435","S000004435","ECM7"
"S000004444",372.566795226082,1.14468673350479,0.20673870992619,5.53687663966494,3.07913263944747e-08,4.04791651137843e-07,"S000004444","S000004444","SST2"
"S000004446",2382.53673812545,1.10419558575483,0.23397016171402,4.71938634253917,2.36557171525705e-06,2.20140761940691e-05,"S000004446","S000004446","FMP27"
"S000004458",1625.19048409265,1.01223864210174,0.295401715883252,3.42665119285155,0.000611073467809241,0.00306861830665508,"S000004458","S000004458","YRF1-4"
"S000004467",730.209457603085,-2.26018805514739,0.470181200697965,-4.80705747442099,1.5316796782542e-06,1.49227238556125e-05,"S000004467","S000004467","ERG6"
"S000004500",53.2146433805736,-1.10482187615132,0.280718823773058,-3.93568860577904,8.29584830136375e-05,0.000534217140347713,"S000004500","S000004500","CGI121"
"S000004516",186.250942873102,-2.89038919005907,0.217010689051968,-13.3191097760485,1.79231883466773e-40,3.72122472535669e-38,"S000004516","S000004516","SUR7"
"S000004520",429.362568426361,-1.43164174920169,0.316979457285564,-4.51651271492945,6.28663440512659e-06,5.35386502875067e-05,"S000004520","S000004520","IMD4"
"S000004525",99.6495559800586,-1.83874076735449,0.386408477796044,-4.75854147362942,1.94996830526586e-06,1.85185475804507e-05,"S000004525","S000004525","OGG1"
"S000004529",86.6999412253922,-2.16821365076526,0.292307329645516,-7.41758221866921,1.19277644999013e-13,3.35593785298625e-12,"S000004529","S000004529","TEM1"
"S000004535",3011.45979657,1.13494461835486,0.1551848789198,7.31350004107945,2.60272227675191e-13,6.99597804835859e-12,"S000004535","S000004535","DAK1"
"S000004550",711.531314235966,-1.72273161290815,0.346731083441588,-4.96849488026465,6.74745814708017e-07,6.9332960918221e-06,"S000004550","S000004550","TUB1"
"S000004552",279.594856650908,1.50630494955593,0.275443849088074,5.46864616706064,4.53486008735129e-08,5.80944523105151e-07,"S000004552","S000004552","AIM33"
"S000004572",243.769047458661,-1.49660581643396,0.175304134605543,-8.53719634052852,1.37517770748959e-17,5.59455741675328e-16,"S000004572","S000004572","MDM1"
"S000004592",3950.060016476,-3.89667170166354,0.602262071334517,-6.47005994089771,9.7964048661368e-11,1.903469479501e-09,"S000004592","S000004592","PHO84"
"S000004594",771.725242194766,1.16600579041362,0.262100884408135,4.44869078960432,8.63952864390318e-06,7.15555525502207e-05,"S000004594","S000004594","PGA3"
"S000004599",969.496128070044,1.11319430486008,0.359378314625993,3.0975555829477,0.00195123801141783,0.00832039948069884,"S000004599","S000004599","ERO1"
"S000004605",34.6392525160126,-3.14143571641937,0.483442910198503,-6.49804899430522,8.13683080011562e-11,1.60629043434414e-09,"S000004605","S000004605","AIM34"
"S000004615",128.791221534971,-1.03801965707269,0.428025518956479,-2.42513497700644,0.0153026960338789,0.0445323986563484,"S000004615","S000004615","SEC59"
"S000004617",1029.62757918127,-1.37659379479153,0.493388879717488,-2.79007868109991,0.00526952339810326,0.0188295551216497,"S000004617","S000004617","ERG5"
"S000004618",1338.98888903412,1.1514938118382,0.283936685625458,4.05545979133227,5.00357795857579e-05,0.000341570781049715,"S000004618","S000004618","SOK2"
"S000004622",1155.34288982168,1.04512824223909,0.292672341956467,3.57098397222157,0.00035564265995616,0.00192392134375206,"S000004622","S000004622","FMS1"
"S000004635",65.29836116771,-2.74743578083806,0.334760498256729,-8.20716839395741,2.26465845792865e-16,8.06834826934224e-15,"S000004635","S000004635","HOF1"
"S000004646",1039.66134636468,1.08373710599794,0.181684647058404,5.96493497686444,2.44731479590297e-09,3.92940863630182e-08,"S000004646","S000004646","MCM1"
"S000004662",815.217777523637,-1.1997242320836,0.337939045973269,-3.55012019587252,0.00038505530269424,0.00205715880880392,"S000004662","S000004662","FET3"
"S000004666",2375.19612512161,1.53271516305159,0.212823440967789,7.20181553348518,5.94160414402249e-13,1.52882045090425e-11,"S000004666","S000004666","ARG7"
"S000004701",539.773166252289,1.12599715597733,0.173896919622892,6.4750839659445,9.47592314358874e-11,1.85241991063467e-09,"S000004701","S000004701","SNO1"
"S000004708",542.509039860764,1.27649546184007,0.176544592007826,7.2304421637763,4.81423986643359e-13,1.25482849505613e-11,"S000004708","S000004708",NA
"S000004709",391.239586333754,2.13592208526874,0.350905903738659,6.08687988008171,1.15132281831234e-09,1.94722322726366e-08,"S000004709","S000004709",NA
"S000004710",3712.92422707492,2.36124205766587,0.386749628690659,6.10535054851859,1.0257529763286e-09,1.749621079939e-08,"S000004710","S000004710","YPK2"
"S000004720",1983.21872436072,1.07095370682781,0.32463273701958,3.29897014287629,0.000970402319749633,0.0045504613451811,"S000004720","S000004720",NA
"S000004722",4651.87692428869,-1.52267788825307,0.475508216987261,-3.20221151571364,0.00136376821180761,0.00609143056624155,"S000004722","S000004722","ASC1"
"S000004723",35.927924973209,-1.73993296367878,0.353022210101667,-4.92867846240524,8.27876923267692e-07,8.39166154039524e-06,"S000004723","S000004723","SPC24"
"S000004724",2934.29446097824,1.15277882100879,0.226673787285141,5.08562915375245,3.66409386705449e-07,4.00390366125863e-06,"S000004724","S000004724","SHH3"
"S000007524",591.139703090354,-2.03425520271148,0.292430151176196,-6.95637982105955,3.49127812217453e-12,8.1793718185264e-11,"S000007524","S000007524",NA
"S000004731",1073.54941000697,1.17035366494967,0.133117009805083,8.79191672546858,1.47029735950059e-18,6.65613564026545e-17,"S000004731","S000004731","EPO1"
"S000004742",4115.62655531294,1.01856234795834,0.326475076588102,3.1198778130418,0.00180926072495347,0.00778561737167883,"S000004742","S000004742","GID8"
"S000004744",3580.63951677614,1.63524441666642,0.585046733366178,2.7950663142032,0.00518890701727251,0.0186077481542572,"S000004744","S000004744","GAT2"
"S000004752",101.732974674643,-3.08678389000817,0.39053118692871,-7.90406501023349,2.69952121419537e-15,8.88186733916411e-14,"S000004752","S000004752","FDO1"
"S000004753",4339.59596778657,1.01747409636895,0.235655595196536,4.31763181994631,1.57712220196154e-05,0.000123966746449222,"S000004753","S000004753","NDE1"
"S000004781",1754.59235271277,1.46464923989098,0.158500091835663,9.2406838565719,2.44926789646472e-20,1.29360017584334e-18,"S000004781","S000004781","EAR1"
"S000004789",103.332893761583,-1.11292580804434,0.302037726489264,-3.68472449114366,0.000228950157280312,0.00131286561617596,"S000004789","S000004789","MMT1"
"S000004793",965.650110072796,1.88805641644529,0.246060384961527,7.67314257734132,1.67832754673313e-14,5.00257928657436e-13,"S000004793","S000004793",NA
"S000004794",377.508263359975,1.49910356875025,0.381610836622073,3.92835691465147,8.5528213497908e-05,0.000549003596450857,"S000004794","S000004794","RGM1"
"S000004798",9321.64612154456,1.02745598110411,0.160892229838798,6.38598882079974,1.70293442160083e-10,3.21422199136634e-09,"S000004798","S000004798","HSC82"
"S000004808",1271.16200357994,2.32529555102448,0.4509599593693,5.15632375494395,2.5184530378847e-07,2.81328492413799e-06,"S000004808","S000004808","ICY1"
"S000004811",87.5681493930983,-1.39375808557271,0.276588726821412,-5.03909939349276,4.6772754984935e-07,5.0379026433684e-06,"S000004811","S000004811","CIK1"
"S000004812",615.032396971185,-3.39644607480741,0.23459883913066,-14.4776763917223,1.67670062660992e-47,4.80734022515159e-45,"S000004812","S000004812","CLN1"
"S000004815",544.408218704853,-1.04786087320908,0.305025057190496,-3.43532719200396,0.00059183878999671,0.00298697515051986,"S000004815","S000004815","ERG2"
"S000004818",4131.76182651778,1.34485664998263,0.154359305395049,8.71250778526604,2.97224890708535e-18,1.29680512098268e-16,"S000004818","S000004818","PFK2"
"S000004827",300.669744888032,-1.02615840955005,0.336798217346628,-3.04680475340504,0.00231287889863683,0.00955133322955578,"S000004827","S000004827","SCJ1"
"S000004828",284.255852408045,-2.51562374585453,0.205471677270198,-12.2431654779673,1.82762977954414e-34,2.82157920580392e-32,"S000004828","S000004828","GAS3"
"S000004830",1232.28422181187,-1.3902991448956,0.4877453721065,-2.85046096673579,0.00436559083670409,0.0161457140219873,"S000004830","S000004830","GUA1"
"S000004854",621.916741439929,-1.28974759075448,0.472568392956983,-2.72922948292034,0.00634825099410593,0.02204816831287,"S000004854","S000004854","YHM2"
"S000004858",112.045496529797,-2.35774314269297,0.43320913435783,-5.44250560687734,5.25363064063989e-08,6.67344094668624e-07,"S000004858","S000004858",NA
"S000004862",5390.99676114513,1.05534771944221,0.283313597338023,3.72501612826957,0.000195302734897799,0.00113945520040663,"S000004862","S000004862","GAD1"
"S000004863",339.423993889316,1.84679062037388,0.203362403960953,9.08127846840597,1.07306898554886e-19,5.4293683714199e-18,"S000004863","S000004863","GTO3"
"S000004865",129.782421214774,1.71695017477024,0.223233783827997,7.69126493906122,1.45687395424735e-14,4.43022125177944e-13,"S000004865","S000004865",NA
"S000004866",611.97521343474,1.73778252965049,0.253379963281169,6.85840548379161,6.96333778903636e-12,1.57027179130292e-10,"S000004866","S000004866",NA
"S000004885",2934.84317828999,1.68827800662895,0.294097782339376,5.74053293839786,9.43790609763658e-09,1.36929235214144e-07,"S000004885","S000004885","SCS7"
"S000004887",36.5020804255094,-1.02174416747373,0.395698843266529,-2.58212573743996,0.00981938021982631,0.0314147121698057,"S000004887","S000004887","RCE1"
"S000004903",273.52932802456,-1.4287930316642,0.534470964471602,-2.67328466210836,0.00751124824556659,0.0251807738125523,"S000004903","S000004903","HAS1"
"S000004918",21415.1481364445,-3.47459376666899,1.04745915148036,-3.31716397890878,0.000909362277510135,0.00430169834800722,"S000004918","S000004918","ADH2"
"S000004919",91.7653793933331,-2.36539135456308,0.391213864507212,-6.04628713131785,1.48221843432199e-09,2.45852264271424e-08,"S000004919","S000004919",NA
"S000004921",1744.98868804091,-3.48302233105355,0.176527900374907,-19.7307186210019,1.17488331665089e-86,1.76849311238875e-83,"S000004921","S000004921","SCW10"
"S000004924",3973.23768647502,-1.92001223473693,0.227463681573998,-8.44096174585268,3.14737150110922e-17,1.2070269941515e-15,"S000004924","S000004924","GAS1"
"S000004939",16.8100577336478,2.2318669690907,0.517776672500518,4.31048188847958,1.62899171112886e-05,0.000127808512170569,"S000004939","S000004939",NA
"S000004942",751.851520285239,1.23805536093668,0.252689284608307,4.89951666472831,9.60727018690745e-07,9.64089563256163e-06,"S000004942","S000004942","ERR3"
"S000004952",3951.16260895211,1.36214396068744,0.27703046853149,4.91694638466312,8.79046141703846e-07,8.86555581105336e-06,"S000004952","S000004952","SIS1"
"S000004975",1199.66963949638,-2.27865886722874,0.220164528291442,-10.3498001467901,4.19360277908612e-25,3.41211923417264e-23,"S000004975","S000004975","HHF2"
"S000004988",91.401811611295,-1.54549318629063,0.269413090393803,-5.73651853379348,9.66424787736487e-09,1.39540615035045e-07,"S000004988","S000004988",NA
"S000004989",342.121443654763,-1.76641457604758,0.271048106030459,-6.5169781184491,7.17378858963962e-11,1.42552412865413e-09,"S000004989","S000004989","YIP3"
"S000005001",319.273921748901,1.26072456674181,0.23213481162503,5.43100174384129,5.60385868267327e-08,7.02934023507828e-07,"S000005001","S000005001","OCA2"
"S000005002",46.3718298260686,1.13302597272168,0.342626663345898,3.30688207875357,0.000943405965868313,0.00444116287763339,"S000005002","S000005002",NA
"S000005003",192.550514543725,1.33932575086567,0.281071740720767,4.76506726514434,1.88790657807257e-06,1.80429928675793e-05,"S000005003","S000005003",NA
"S000005006",217.311661966671,-1.3910696135928,0.242733911600215,-5.73084166288187,9.9933518527164e-09,1.43947300251688e-07,"S000005006","S000005006","GCD10"
"S000005010",890.174710301869,-1.78019616038731,0.292024167704773,-6.09605764611589,1.08716222715324e-09,1.84909711008183e-08,"S000005010","S000005010","SUN4"
"S000005011",2129.69575317998,-1.07908835844476,0.271555205635454,-3.97373475466852,7.07543544632826e-05,0.000461551428194393,"S000005011","S000005011","RPL9B"
"S000005012",723.745896312419,1.69689339231565,0.150668861182795,11.2624027220657,2.01197060408495e-29,2.32962980907605e-27,"S000005012","S000005012","FKH2"
"S000005018",1851.4096325682,1.10501627535625,0.337922748340249,3.27002630270878,0.00107537484639287,0.00496155704990916,"S000005018","S000005018","MLF3"
"S000005022",373.086780680279,-1.4336300755709,0.188740328888407,-7.5957803189934,3.05943170868905e-14,8.89895570918685e-13,"S000005022","S000005022","NIS1"
"S000005033",101.399910097861,-1.55420809882678,0.221193525998729,-7.02646287593298,2.11834908444813e-12,5.08150591133952e-11,"S000005033","S000005033",NA
"S000005034",131.754507515587,-1.57538360203316,0.237860042093566,-6.62315363340201,3.51615232625334e-11,7.20093644774537e-10,"S000005034","S000005034","RHO2"
"S000005048",12332.591970201,1.1832596137557,0.202142383267117,5.85359485047778,4.81059691180334e-09,7.33281114075137e-08,"S000005048","S000005048","LEU4"
"S000005055",29.6007487196995,-1.43902029598501,0.459713148808545,-3.13025698680704,0.00174653438701834,0.00753826777364692,"S000005055","S000005055","CYB5"
"S000005074",777.91706811296,-1.398973224935,0.14866224129411,-9.410413920555,4.94186905682625e-21,2.83380891344294e-19,"S000005074","S000005074","CPT1"
"S000005084",65.6179757476899,1.06836554617011,0.352389932686627,3.03177090793961,0.00243123646456826,0.00997851039752251,"S000005084","S000005084",NA
"S000005085",194.12920417887,-1.28983534941453,0.351059779003274,-3.67411884402315,0.00023867163260966,0.00136212502364243,"S000005085","S000005085","AAH1"
"S000005088",2840.62347312829,1.81121517609233,0.328412374158744,5.5150637387885,3.48653576751301e-08,4.52423100349048e-07,"S000005088","S000005088",NA
"S000005104",13592.4100406898,1.62005688531483,0.307528220500075,5.26799421100424,1.37922455638159e-07,1.60624972030437e-06,"S000005104","S000005104","YGP1"
"S000005113",428.973518094439,-2.11836778199604,0.206261443274644,-10.2703042719204,9.59017085512779e-25,7.49901541801616e-23,"S000005113","S000005113","PSD1"
"S000005114",39.1703121332813,-1.75440575535632,0.34958012683402,-5.0186083838493,5.20471265112499e-07,5.53667400572854e-06,"S000005114","S000005114",NA
"S000005126",175.839383711136,-1.62405684547361,0.617053748669314,-2.63195361664346,0.00848954521924197,0.0279319955000305,"S000005126","S000005126","IPI3"
"S000005132",135.641389041939,-1.29092656865065,0.307183757560983,-4.20245711850298,2.64033276198164e-05,0.000194311780724336,"S000005132","S000005132","KAR1"
"S000005134",1429.78424992965,2.07378504612544,0.348967623616403,5.94262878783567,2.80487128141138e-09,4.47961007569705e-08,"S000005134","S000005134",NA
"S000005144",2787.92155478147,1.24117457651522,0.248901723863089,4.9866049830894,6.14495223673162e-07,6.40116910334967e-06,"S000005144","S000005144","NNR1"
"S000005166",59.6803475855548,-1.10638344904724,0.440546941659178,-2.51138606224436,0.0120258099586209,0.0366762757600219,"S000005166","S000005166","SSU72"
"S000005169",250.412935508335,-1.29505065534776,0.234780214542495,-5.51601274354127,3.46777124515719e-08,4.50960057604567e-07,"S000005169","S000005169","CNM67"
"S000005175",725.172882483712,1.11465605942672,0.173973370462046,6.40704986324269,1.48362308986264e-10,2.81794783093469e-09,"S000005175","S000005175","PDR16"
"S000005184",1205.26439654688,1.00352594127504,0.365093851640742,2.74867937864515,0.00598358843536178,0.0209095681771986,"S000005184","S000005184","NAR1"
"S000005185",5468.18332673749,1.21474891138521,0.426797442605993,2.84619538478968,0.00442450380487114,0.0163035112662969,"S000005185","S000005185","ZWF1"
"S000005192",279.076435330211,-1.63172292336809,0.683148450546856,-2.38853344695712,0.0169157685102276,0.0483387955387186,"S000005192","S000005192","RPA49"
"S000005208",281.430714321345,1.49187470352844,0.242800347496684,6.1444504462615,8.02408348631079e-10,1.40444786834527e-08,"S000005208","S000005208","PDR17"
"S000005213",27.4524738791835,2.52259577548967,0.551018436251961,4.57806056844199,4.693068196621e-06,4.11309514000801e-05,"S000005213","S000005213","BSC4"
"S000005215",1458.4431211159,1.16780697697704,0.229412231888553,5.09043030253224,3.57251869721565e-07,3.91805739088077e-06,"S000005215","S000005215","BNI1"
"S000005233",363.949379088528,-4.74313621186261,0.338036094668366,-14.0314489685367,1.00085560113594e-44,2.4104606297758e-42,"S000005233","S000005233","PCL1"
"S000005237",753.794676153576,1.00059837837185,0.175889350807975,5.68879453915454,1.27939289074606e-08,1.80403386304029e-07,"S000005237","S000005237","MSB3"
"S000005244",122.369731274182,-3.60509835385921,0.337042197411275,-10.6962818945193,1.05944422792391e-26,9.81371337896898e-25,"S000005244","S000005244","TOS6"
"S000005245",502.366855251847,-1.29415070061471,0.250835139047876,-5.15936764492835,2.47785318886283e-07,2.77307696099314e-06,"S000005245","S000005245","RPL18B"
"S000005271",1133.06996882746,-2.98407956193438,0.437872392251016,-6.8149525175447,9.42949049287469e-12,2.07207891451089e-10,"S000005271","S000005271","EGT2"
"S000005276",95.5070323626113,-1.72803930499047,0.207255117662247,-8.33774009772135,7.5723784190992e-17,2.79713438413474e-15,"S000005276","S000005276","THI12"
"S000005285",2306.02775438173,-1.35881430546411,0.445065891905069,-3.05306322092626,0.00226518210565104,0.00938655296498618,"S000005285","S000005285","ATO2"
"S000005292",70.0353856943542,-1.93297414331483,0.386462625134023,-5.00171043097502,5.68238969680934e-07,5.99188587819422e-06,"S000005292","S000005292","NRM1"
"S000005299",4514.37597685831,-1.51261501732124,0.137094580350603,-11.0333684486499,2.63795790716607e-28,2.73847319983567e-26,"S000005299","S000005299","ACC1"
"S000005302",774.84294142042,1.00337996867906,0.352559658027433,2.84598633403766,0.00442740948976227,0.0163042400843172,"S000005302","S000005302","ARE2"
"S000007525",4165.898544605,1.34926335855778,0.45750473793491,2.94917898478626,0.00318619390102744,0.0124790799050674,"S000007525","S000007525","EGO4"
"S000005321",205.404425341601,-1.15374159874376,0.455723171252887,-2.53167201389357,0.0113520121620382,0.0351777999112877,"S000005321","S000005321","DBP6"
"S000005326",412.601789936617,-1.03547438459516,0.271741877442269,-3.81050721494022,0.000138681964567425,0.000842587395217426,"S000005326","S000005326","MVD1"
"S000005327",478.003824349875,1.71454463449385,0.190933472831703,8.97980123163172,2.71256352953177e-19,1.28601141821345e-17,"S000005327","S000005327","AGA1"
"S000005340",412.000421991187,2.60571449518164,0.201671347315061,12.9205984383635,3.44451948725471e-38,6.09983877434135e-36,"S000005340","S000005340","BIO4"
"S000005341",582.108648990816,2.51872822729428,0.23375934682695,10.7748770754346,4.52385979722047e-27,4.32351743477214e-25,"S000005341","S000005341","BIO3"
"S000005348",903.842505643085,1.77415882858014,0.166887499793463,10.6308670857662,2.14112446548435e-26,1.92413588159422e-24,"S000005348","S000005348",NA
"S000005349",183.690048567724,1.91820253430499,0.307249587732004,6.24314111685035,4.28869641005055e-10,7.73120990566298e-09,"S000005349","S000005349",NA
"S000005350",696.070865552429,-1.48554945109468,0.403384438380572,-3.68271383263711,0.000230764158266712,0.00132075189821661,"S000005350","S000005350","DSE4"
"S000005351",323.227569163079,2.12358669167502,0.145715836866918,14.5734790214634,4.14246126677072e-48,1.24708796436133e-45,"S000005351","S000005351",NA
"S000005352",356.506331645244,1.97197413957494,0.241086798817619,8.17951936500152,2.84978273860051e-16,9.91823229428535e-15,"S000005352","S000005352","BSC5"
"S000005353",850.251893680291,1.01788021051604,0.251226152810668,4.05164907844269,5.08579050741504e-05,0.00034600615418244,"S000005353","S000005353","PDR18"
"S000005367",311.651724142253,-1.03614406967374,0.40101878736911,-2.58377936971827,0.00977242863903598,0.0312977621466147,"S000005367","S000005367","CSI2"
"S000005372",182.638727290011,-1.19147660468699,0.168420206984438,-7.07442786124283,1.50066606206725e-12,3.62871901996262e-11,"S000005372","S000005372","HTZ1"
"S000005379",386.391651625788,-1.3150894135075,0.263914755905248,-4.98300827855056,6.26032711062397e-07,6.49886716087361e-06,"S000005379","S000005379",NA
"S000005380",531.943516702089,-1.02909944833723,0.258485898028572,-3.98125954330971,6.85510465477258e-05,0.000449068171509021,"S000005380","S000005380","TAT2"
"S000005405",1031.52062873146,1.68248119997584,0.104169443691983,16.1513889327348,1.11033132248144e-58,6.07754990241887e-56,"S000005405","S000005405","PSK2"
"S000005406",109.817668550855,2.06698448406567,0.246876407095901,8.37254765807868,5.63857080866988e-17,2.10868539372679e-15,"S000005406","S000005406",NA
"S000005412",285.726697174169,-1.05666058634287,0.22986856726071,-4.59680329039697,4.29022304976501e-06,3.79316196514466e-05,"S000005412","S000005412","SPE2"
"S000005416",1005.65759119828,1.78581862128241,0.176981089106337,10.0904488174407,6.08904706147869e-24,4.52619164903249e-22,"S000005416","S000005416","THI20"
"S000005430",104.548064490708,-1.35236868049708,0.212370078368555,-6.3679812659396,1.91532304237951e-10,3.6038000119272e-09,"S000005430","S000005430","NUF2"
"S000005436",154.064035684862,-1.41586493288811,0.424304546128208,-3.33690728937016,0.000847162020936711,0.00404180865931849,"S000005436","S000005436","MDM20"
"S000005437",331.566196072927,-1.55980046578426,0.60416616607963,-2.58174084110939,0.00983033737796507,0.0314163807604712,"S000005437","S000005437","BRX1"
"S000005441",6361.23201999022,1.22057405231549,0.416319622355672,2.93181965675576,0.00336982370691025,0.0131324974364444,"S000005441","S000005441","IRA2"
"S000005461",67.6203074546106,-1.33858814053483,0.342026633033606,-3.91369563434933,9.08941942641486e-05,0.000577902791620315,"S000005461","S000005461","IZH4"
"S000005467",83.688918594819,-1.67709264210775,0.307963392697661,-5.44575323520418,5.15866127385896e-08,6.58057193430186e-07,"S000005467","S000005467",NA
"S000005478",23.6119415531719,1.50766479396815,0.590603174043486,2.55275430310697,0.0106874858112017,0.0334630015960714,"S000005478","S000005478",NA
"S000005479",1206.83390006864,1.32271210077519,0.119550755819788,11.0640212326976,1.87498601453318e-28,2.01594478455433e-26,"S000005479","S000005479","MCH4"
"S000005484",104.573853168186,-1.83957385930911,0.493538902861653,-3.72731277847164,0.000193532224936842,0.00113131798674245,"S000005484","S000005484","TRM11"
"S000005491",29.7915059778627,1.16447364519716,0.364829205319567,3.19183231007276,0.00141373382869799,0.00628198626021447,"S000005491","S000005491",NA
"S000005496",157.233765947946,1.24597933862358,0.23879647454417,5.21774595291656,1.81113640940782e-07,2.05648126036963e-06,"S000005496","S000005496","PFK27"
"S000005512",190.671217052669,1.28363001872363,0.280258092869337,4.58017110436162,4.6459568491295e-06,4.07774142691089e-05,"S000005512","S000005512","FRE7"
"S000005519",276.636110087191,1.52078505397848,0.132377877185704,11.4882115222703,1.51210012020055e-30,1.8208709647455e-28,"S000005519","S000005519","CSS3"
"S000005536",181.717598913444,1.11421898424689,0.456686605293589,2.43978906175843,0.0146958401732406,0.0431555267978704,"S000005536","S000005536","TIR2"
"S000005551",121.65514983814,-2.80919719727472,0.290353437029965,-9.67509538034093,3.84732730649237e-22,2.43839554867269e-20,"S000005551","S000005551","HST3"
"S000005552",144.706821258532,-1.13198928283233,0.21201349543971,-5.33923220540567,9.33410313773033e-08,1.12176916152244e-06,"S000005552","S000005552","BUB3"
"S000005553",9428.71873287026,1.39314267343747,0.2663670282375,5.23016186596227,1.69361683749278e-07,1.93496527107098e-06,"S000005553","S000005553","STI1"
"S000005570",233.042037556925,1.01016544506109,0.172804925609029,5.84569821433557,5.04447859907412e-09,7.66990041541043e-08,"S000005570","S000005570","IRC23"
"S000005600",240.349201349917,-1.72762850939642,0.220005379426146,-7.85266484802649,4.07289013194314e-15,1.31341873536885e-13,"S000005600","S000005600","CDC21"
"S000005618",495.988689796863,1.12012645047989,0.309769497552087,3.61599982997533,0.000299190570624561,0.00165268479424815,"S000005618","S000005618","ECM3"
"S000005621",202.219220032378,-1.7783997970839,0.497549615793788,-3.57431649152548,0.000351143984115204,0.00190643636461465,"S000005621","S000005621","RKI1"
"S000005630",261.12840445691,1.11276299855978,0.233928505617176,4.75685079774253,1.96636391999339e-06,1.86155301293714e-05,"S000005630","S000005630","PIN2"
"S000005633",484.920838853506,1.44064211135199,0.439646788019662,3.27681709638138,0.0010498435347781,0.00486613388983751,"S000005633","S000005633","RGS2"
"S000005640",129.765048418786,-1.10955656460429,0.412772887254096,-2.68805582649925,0.00718693799804717,0.0242695197342916,"S000005640","S000005640",NA
"S000005660",251.506871772412,2.06448810501336,0.386596402203365,5.34016378126396,9.28626489385968e-08,1.11825201851858e-06,"S000005660","S000005660","BAG7"
"S000005668",1258.11557394416,-1.00953152098646,0.264103670713755,-3.82248197557477,0.00013211513842324,0.000806759886862401,"S000005668","S000005668","LSC1"
"S000005679",2235.54457687054,1.07399505170159,0.188695451743294,5.69168489107349,1.25791842537506e-08,1.77791709839981e-07,"S000005679","S000005679","PDR5"
"S000005693",158.836790398029,-1.24078555469569,0.254112005202662,-4.8828293401806,1.04574373645955e-06,1.04591744804368e-05,"S000005693","S000005693","RPS28A"
"S000005704",4319.72233181425,2.07970403059049,0.335126599616163,6.20572653132422,5.44447826891418e-10,9.6985809636486e-09,"S000005704","S000005704","GAC1"
"S000005705",263.673702260162,1.95434814322034,0.26480847032504,7.38023274263647,1.58013061890544e-13,4.34427692074415e-12,"S000005705","S000005705","SYC1"
"S000005712",220.599033383628,1.25157311235367,0.271298184836403,4.61327492149785,3.96373458743359e-06,3.54615838795507e-05,"S000005712","S000005712",NA
"S000005726",102.437667825348,1.02154868016586,0.374385913621382,2.72859806685718,0.00636041752211588,0.02204816831287,"S000005726","S000005726",NA
"S000005727",513.401854085337,1.07534207505983,0.316614626183997,3.39637523389366,0.00068284679713499,0.0033617502580129,"S000005727","S000005727","MRM1"
"S000005728",363.13537847132,2.24820597216419,0.309496858795356,7.26406717313644,3.75621323945366e-13,9.9630660417403e-12,"S000005728","S000005728","HIS3"
"S000005734",1160.07985278895,1.13157483402406,0.187774050493745,6.0262577872109,1.67799470841959e-09,2.74543645092238e-08,"S000005734","S000005734","PTP2"
"S000005773",1263.72976451643,-3.77678542979015,0.268042865528111,-14.0902292711613,4.36143344608291e-45,1.09417461578605e-42,"S000005773","S000005773","SRL1"
"S000005774",30.1920769664795,-2.75913217480328,0.561705438838121,-4.91206241568625,9.01233521962943e-07,9.07412547782422e-06,"S000005774","S000005774",NA
"S000005789",51.8158487741549,-1.38642363952085,0.365275739096997,-3.79555358083251,0.000147314373574279,0.000889648789659715,"S000005789","S000005789",NA
"S000005790",475.0004954666,-1.5215848016273,0.188535427889362,-8.07055108242153,6.99815770261003e-16,2.34088375152305e-14,"S000005790","S000005790","DSE3"
"S000005793",3066.0914299,2.53973383712292,0.255872852666368,9.92576512379946,3.2162645544242e-23,2.27825045672801e-21,"S000005793","S000005793","HRK1"
"S000005798",336.83148842679,-1.30236906041736,0.42980136008763,-3.03016505148292,0.00244420127232623,0.0100248881884716,"S000005798","S000005798","YTM1"
"S000005802",402.370788687487,-1.29637511814211,0.258673054002171,-5.0116357234922,5.39692974963699e-07,5.73102540080499e-06,"S000005802","S000005802","CAF20"
"S000005803",114.068252417469,-1.39672816824615,0.256596747287801,-5.44328087947105,5.23080678926186e-08,6.65849633787435e-07,"S000005803","S000005803",NA
"S000005810",95.3019614804693,-1.13520109911201,0.22861673958595,-4.9655204652467,6.85170668133324e-07,7.02796012407281e-06,"S000005810","S000005810","HUA2"
"S000005827",199.628061658331,-1.23048011730761,0.412604166688859,-2.98222901426854,0.00286157852533203,0.0114634493020786,"S000005827","S000005827","RAX1"
"S000005829",6458.34405610715,1.29733627815323,0.261390162039895,4.96321769736394,6.93347919444197e-07,7.09974119553318e-06,"S000005829","S000005829","CPA1"
"S000005832",130.760472445794,-1.46388049612362,0.323711541512533,-4.52217579046974,6.12071933187099e-06,5.21995058033927e-05,"S000005832","S000005832","RRG7"
"S000005833",1206.7604017971,2.30335694053046,0.301917917886889,7.62908328413085,2.36428868119049e-14,6.94408885338924e-13,"S000005833","S000005833","MCH5"
"S000005836",51.30087234156,-1.6521300182631,0.413789988772587,-3.99267759755077,6.53313682121272e-05,0.000430372175060413,"S000005836","S000005836",NA
"S000005840",44.9886936068631,-3.78172123662409,0.584500963308099,-6.47000000687885,9.80029129123583e-11,1.903469479501e-09,"S000005840","S000005840","SPS4"
"S000005842",78.4199215581716,-2.08527431439051,0.474252109403556,-4.39697425281473,1.09770360297542e-05,8.90737654112531e-05,"S000005842","S000005842","SFG1"
"S000005856",1434.92194263529,1.15744275292064,0.205527139058195,5.63158110517417,1.78564966914611e-08,2.46591666466255e-07,"S000005856","S000005856","SCD5"
"S000005864",709.958540225122,1.6755924823995,0.159619550103605,10.4974138901651,8.87790311770932e-26,7.63626495310397e-24,"S000005864","S000005864","TEA1"
"S000005865",1562.03915994913,1.54043166345526,0.365423720940701,4.21546707337379,2.49261759765498e-05,0.000184374085448165,"S000005865","S000005865",NA
"S000005867",192.186808515945,-1.29418598043692,0.310074319147728,-4.17379286357583,2.99570140705937e-05,0.000216272400142739,"S000005867","S000005867","RPA43"
"S000005869",229.821231504572,-1.00767836851171,0.290148423859751,-3.4729755037332,0.000514722332498572,0.002653375996553,"S000005869","S000005869",NA
"S000005874",821.256448862097,-1.7469948773089,0.246867054682898,-7.07666269828074,1.47667364602234e-12,3.59961620352247e-11,"S000005874","S000005874","PYK2"
"S000005875",1513.99263110856,-3.30235509114857,0.38592101770752,-8.55707499624014,1.15767228103748e-17,4.80713434767358e-16,"S000005875","S000005875","PUT4"
"S000005885",264.191286762041,1.42967484037341,0.198946657438315,7.1862219691562,6.66087241584564e-13,1.70660054535347e-11,"S000005885","S000005885","HAP5"
"S000005902",1930.92436698072,-2.04848433523664,0.269590377301462,-7.59850687454612,2.99566946568461e-14,8.75578924897428e-13,"S000005902","S000005902","GDH1"
"S000005909",232.481903528022,1.22216352808109,0.354801450725476,3.44464072957448,0.000571818880564532,0.00291033092128407,"S000005909","S000005909","FIT2"
"S000005910",916.982786314278,2.18316469511399,0.681207330984842,3.20484615448534,0.00135134689379965,0.00604043032484609,"S000005910","S000005910","FIT3"
"S000005911",1070.53218861343,1.27815680692714,0.405209394441671,3.15431188037553,0.00160877059305558,0.00703442827943911,"S000005911","S000005911","FRE5"
"S000005912",471.706709084355,-1.3804415024363,0.44868038182097,-3.0766700715413,0.00209326851344166,0.00879168582255006,"S000005912","S000005912",NA
"S000005917",208.827449868166,1.49275972936589,0.255573957916586,5.84081313109803,5.19466472078255e-09,7.87835674655712e-08,"S000005917","S000005917","FEX1"
"S000005928",208.277695730555,-1.03054346907143,0.281264996610549,-3.6639591896974,0.00024834637184331,0.00141332089307048,"S000005928","S000005928","TFC8"
"S000005935",1077.28123692332,1.67830538338869,0.327523754201527,5.12422492066339,2.98764171479874e-07,3.30672624353e-06,"S000005935","S000005935","CIP1"
"S000005936",1094.79853062448,1.12334318845314,0.327979238666484,3.42504358818714,0.000614700791844199,0.00308344961536815,"S000005936","S000005936","HST2"
"S000005940",1090.30757107638,-1.33746968150842,0.195298937565503,-6.848320314389,7.47221106678109e-12,1.67873816541377e-10,"S000005940","S000005940","VTC3"
"S000005945",565.258045421969,-1.01277955903781,0.315593329756589,-3.20912853202237,0.0013313796031795,0.00596890289705418,"S000005945","S000005945","RMI1"
"S000005949",1594.35908065598,-1.0368804101617,0.176429994849381,-5.87700754084866,4.17749185454647e-09,6.43065598462936e-08,"S000005949","S000005949","ERG10"
"S000005957",2784.72765531677,-1.96213407681936,0.271596652675298,-7.22444130843231,5.03166111790082e-13,1.30584618926211e-11,"S000005957","S000005957","PMA2"
"S000005965",79.9581675647914,-1.00552700380605,0.405465544122951,-2.47993206421787,0.0131407416860107,0.0393633859161543,"S000005965","S000005965",NA
"S000005979",1613.33855475231,3.08984303596383,0.377276315948708,8.18986749325633,2.61513933210933e-16,9.26220818742956e-15,"S000005979","S000005979","PDR12"
"S000005982",4722.98843207991,-3.69665999582442,0.426931121339013,-8.65868007989284,4.77258208411623e-18,2.05255119489027e-16,"S000005982","S000005982","ALD6"
"S000005991",990.123804685574,1.44883826154904,0.197340067599108,7.34183523486129,2.10684666776537e-13,5.71410981379067e-12,"S000005991","S000005991","MUK1"
"S000006002",517.382005722329,-1.94495093964494,0.438795596206277,-4.43247597847501,9.3157084019411e-06,7.65209826576908e-05,"S000006002","S000006002","RPS9A"
"S000006010",1597.99570111768,1.13520809314928,0.185924651901526,6.10574273792665,1.02323711697001e-09,1.749621079939e-08,"S000006010","S000006010","RLM1"
"S000006027",6298.48177508256,1.19011182398586,0.346950754805706,3.43020387620234,0.00060312789341601,0.00303631525606839,"S000006027","S000006027","SSE1"
"S000006032",451.519383633835,-1.52445180417653,0.259663546440829,-5.87087338624143,4.33505258853146e-09,6.64156530166613e-08,"S000006032","S000006032","CAR1"
"S000006045",64.0808844027997,-1.90675604408955,0.307942522398394,-6.19192188606785,5.94350072184513e-10,1.05252405430087e-08,"S000006045","S000006045","SPC29"
"S000006048",480.745204284502,-1.13960239764503,0.358319342417272,-3.18040993812144,0.00147066845202021,0.00649185832083114,"S000006048","S000006048","HHO1"
"S000006076",105.800997011157,-2.28748918304341,0.340448978142092,-6.71903671300985,1.82929819931824e-11,3.89194503819615e-10,"S000006076","S000006076","KIP2"
"S000006078",137.067248317878,-1.31726045323784,0.276293576753843,-4.76761156996212,1.86422762024894e-06,1.78450151057534e-05,"S000006078","S000006078","TGS1"
"S000006079",296.481607240119,-1.38185410947206,0.193036552723559,-7.15851008513898,8.15585893561997e-13,2.06329523745243e-11,"S000006079","S000006079","AIM44"
"S000006084",941.665596899463,-2.22161953524098,0.397031294389581,-5.59557789684217,2.19888091117407e-08,3.01582277133919e-07,"S000006084","S000006084","SVS1"
"S000006088",1045.79011957362,1.00772003870096,0.192295870584246,5.24046634823325,1.60171296140222e-07,1.84044155355015e-06,"S000006088","S000006088","REV3"
"S000006097",907.084432138563,1.03883794141806,0.11304954359536,9.1892272041043,3.95673659074068e-20,2.05375094938359e-18,"S000006097","S000006097","TRE1"
"S000006107",3985.78145099817,1.05778683687101,0.234404354374038,4.51265864789823,6.40200139063937e-06,5.42907751732953e-05,"S000006107","S000006107","UIP4"
"S000006108",1325.32571330076,-2.74592324950487,0.426193644907582,-6.44290050383157,1.17211540343957e-10,2.26195732183001e-09,"S000006108","S000006108","MF(ALPHA)1"
"S000006130",45.7742560313898,-1.69526269342982,0.342512715162456,-4.94948835001862,7.44088313209908e-07,7.60637645812709e-06,"S000006130","S000006130","IPL1"
"S000006132",159.953908736188,-1.77200486148031,0.446184566191413,-3.97146157834631,7.14330227023665e-05,0.000465474274557303,"S000006132","S000006132","NIP7"
"S000006135",805.869031692215,1.05945266637912,0.113846239937381,9.30599611337058,1.32742155084247e-20,7.26582287056591e-19,"S000006135","S000006135","THI6"
"S000006148",123.058420535645,-2.82656310001064,0.388755002876134,-7.27080829596742,3.57342764431122e-13,9.5201804630079e-12,"S000006148","S000006148","ALG5"
"S000006151",3155.25377027926,1.75415242086078,0.533571141779185,3.28756989182658,0.00101056101215776,0.00472405889301386,"S000006151","S000006151","USV1"
"S000006152",5250.69920313023,-1.49391017271644,0.153282450213809,-9.74612664811024,1.91641136850274e-22,1.25420791845163e-20,"S000006152","S000006152","FAS2"
"S000006161",15871.3465943006,1.70742666184945,0.307006881613823,5.56152569894895,2.67426288223848e-08,3.61025489102195e-07,"S000006161","S000006161","HSP82"
"S000006166",138.745759736212,-2.22177386839569,0.275208278904693,-8.07306334401775,6.85560175401295e-16,2.30600995312358e-14,"S000006166","S000006166",NA
"S000006171",428.750302951609,1.90094436705876,0.400126725289031,4.75085578371605,2.02557561796208e-06,1.91159730340904e-05,"S000006171","S000006171","ATG41"
"S000006174",114.791036523227,-1.09591966099366,0.282041325406704,-3.88567051092013,0.000102047837027034,0.00064003127785393,"S000006174","S000006174","VIK1"
"S000006176",118.41491247657,-1.29718960294471,0.275125563814864,-4.71490029846012,2.41829133798331e-06,2.24699570154283e-05,"S000006176","S000006176","BBP1"
"S000006177",655.103152689547,-2.1019749108741,0.310632769449603,-6.76675199013452,1.31705554868548e-11,2.84229084538898e-10,"S000006177","S000006177","CLN2"
"S000006185",167.695828519902,1.60593133327696,0.325829015299863,4.92875483111596,8.27553433208123e-07,8.39166154039524e-06,"S000006185","S000006185",NA
"S000006186",3886.760717724,-1.47413347586171,0.1849342940253,-7.97112014097313,1.57242552199453e-15,5.20196377358741e-14,"S000006186","S000006186","DIP5"
"S000006188",116.929939503066,-1.79443618711207,0.337567783136575,-5.3157803462129,1.06201199917223e-07,1.26371032549723e-06,"S000006188","S000006188","ACM1"
"S000006200",111.212007578249,1.0902423405275,0.211850540650653,5.14628066173001,2.65701804059048e-07,2.95709900598804e-06,"S000006200","S000006200","FEX2"
"S000006206",4564.17802470445,-1.05703839209125,0.413191921547662,-2.5582261824771,0.0105207638085378,0.0330749537384637,"S000006206","S000006206","PDH1"
"S000006211",229.728381859156,1.24402669293884,0.161718014384902,7.69256719896374,1.44211693582654e-14,4.42672191762365e-13,"S000006211","S000006211","REC8"
"S000006213",88.4897947866538,-1.3053650322391,0.324895974812077,-4.01779379690416,5.87455684240071e-05,0.000391702178827184,"S000006213","S000006213","SUT2"
"S000006229",688.254219986732,1.29240126595701,0.21031511030926,6.14507090839353,7.99278005958058e-10,1.40304748509431e-08,"S000006229","S000006229","CCL1"
"S000006230",4309.70837892283,1.83720345972173,0.32351631975427,5.67885867741445,1.35596449559692e-08,1.90753790373576e-07,"S000006230","S000006230","ATH1"
"S000006238",281.942521016058,-1.03474349374841,0.256587892632974,-4.03270584254931,5.51382811499244e-05,0.000369696649001887,"S000006238","S000006238","ARP7"
"S000006250",45.6832482819224,-1.6113588666007,0.497736724777163,-3.23737186023818,0.00120636102980165,0.00547775245885046,"S000006250","S000006250","MCM16"
"S000006256",137.913386208957,-1.64193587590148,0.213721862878475,-7.6825826510557,1.5591288595938e-14,4.69313284779913e-13,"S000006256","S000006256","NHP6A"
"S000006264",92.9818445847388,-1.62050660762017,0.289849081930556,-5.59086334456087,2.25943354318307e-08,3.09182940079665e-07,"S000006264","S000006264","ARO7"
"S000006265",540.149562707395,1.00360553358013,0.287137101592205,3.49521370806849,0.000473682318177364,0.00247358303360443,"S000006265","S000006265","JID1"
"S000006277",136.688441093235,-1.01640924190523,0.25906783644538,-3.92333242077127,8.73325187891543e-05,0.000559988387251862,"S000006277","S000006277","LTP1"
"S000006278",1700.84746117032,-1.00333250554463,0.372741133785473,-2.6917675957977,0.00710744541980925,0.0240443903591031,"S000006278","S000006278","TKL1"
"S000006282",265.112687770085,1.40528580878276,0.162710718884898,8.6367131705494,5.78533955835998e-18,2.47046308375074e-16,"S000006282","S000006282",NA
"S000006321",1408.2981187067,1.60165467159236,0.151181437291903,10.594254825742,3.16854400293248e-26,2.80555932965536e-24,"S000006321","S000006321",NA
"S000006323",66.0004264359567,-3.84860633907615,0.421032536677775,-9.14087630719516,6.19482905669977e-20,3.16093777545672e-18,"S000006323","S000006323","CLB2"
"S000006324",261.087560339092,-1.39903437145317,0.19563573211761,-7.1512210796549,8.60093372280397e-13,2.16678752907961e-11,"S000006324","S000006324","CLB5"
"S000006326",904.73246236284,1.17078412041964,0.118841973772699,9.85160447317135,6.74583583165751e-23,4.61553153891021e-21,"S000006326","S000006326","AXL1"
"S000006331",3319.19501400437,1.28407939533404,0.145663314291197,8.8153932346138,1.19265707329683e-18,5.48167041093148e-17,"S000006331","S000006331",NA
"S000006345",201.004416542689,-1.14684353398767,0.171474393719431,-6.68813289909718,2.2603582481056e-11,4.74202683339505e-10,"S000006345","S000006345","KAR3"
"S000006353",11086.4355334757,1.26893231414804,0.402763666636768,3.15056302060242,0.00162956096420036,0.00712016441614684,"S000006353","S000006353","NCE102"
"S000006360",3408.81741051494,2.40850277650378,0.283272306858191,8.50242935222574,1.85663653054921e-17,7.45253903362451e-16,"S000006360","S000006360","TPO3"
"S000006361",389.240751551536,4.40102845808287,0.229625690957179,19.1660978339901,7.10420033420675e-82,8.55487804245177e-79,"S000006361","S000006361","TDA6"
"S000006362",339.110237636757,1.45259273993687,0.262341817094392,5.53702324709529,3.07655728989398e-08,4.04791651137843e-07,"S000006362","S000006362","CUR1"
"S000006371",249.871310092723,1.23760662708726,0.195308390972258,6.33667924315166,2.34770028256548e-10,4.36280969176753e-09,"S000006371","S000006371","MET16"
"S000006379",227.922658178713,-1.49075519963611,0.298863597575145,-4.98807888190962,6.09826700713949e-07,6.3635469064102e-06,"S000006379","S000006379","DPB2"
"S000006391",395.662529740621,-1.26007897672974,0.297205311091309,-4.23975928324718,2.23759604645537e-05,0.000167777905301466,"S000006391","S000006391","RPO26"
"S000006398",362.691933678768,-1.03901859834331,0.165933263611023,-6.26166553789334,3.80887191914184e-10,6.94945994701607e-09,"S000006398","S000006398","OPT2"
