"","baseMean","log2FoldChange","lfcSE","stat","pvalue","padj","sgd","systematic","genename"
"S000029717",3736.82780548423,-4.87099197701431,0.626656893409762,-7.77298076226417,7.66603878748996e-15,2.88482622121731e-13,"S000029717","S000029717","ETS1-1"
"S000029707",3717.47985387149,-4.8619191787891,0.625151293153088,-7.77718806957423,7.41543255733098e-15,2.80807040425722e-13,"S000029707","S000029707","ETS1-2"
"S000119380",34.1924490559531,2.59124036469217,0.472821874593144,5.48037327359674,4.24429430050149e-08,4.81259811361949e-07,"S000119380","S000119380","HRA1"
"S000178119",3185.39671688781,-2.50596895153182,0.399657389483904,-6.27029304967411,3.60369222985222e-10,6.49635656165874e-09,"S000178119","S000178119","IRT1"
"S000029715",151.562849866501,-3.42986560649375,0.608119971591976,-5.64011340971885,1.69938198719766e-08,2.12936859562358e-07,"S000029715","S000029715","ITS1-1"
"S000029709",151.562849866501,-3.42986560649375,0.608119971591976,-5.64011340971885,1.69938198719766e-08,2.12936859562358e-07,"S000029709","S000029709","ITS1-2"
"S000029716",53.012111702459,-3.9027198276917,0.800937440280356,-4.87268996480626,1.10088915226133e-06,9.0925289242325e-06,"S000029716","S000029716","ITS2-1"
"S000029712",53.012111702459,-3.9027198276917,0.800937440280356,-4.87268996480626,1.10088915226133e-06,9.0925289242325e-06,"S000029712","S000029712","ITS2-2"
"S000006478",239.401309608499,-1.55843997102891,0.328798033493375,-4.73980928191992,2.13919475861083e-06,1.6345293961416e-05,"S000006478","S000006478","LSR1"
"S000007436",25.9903319387323,-1.75652887615194,0.530944788399129,-3.30830797199859,0.000938615293367362,0.00370340935869258,"S000007436","S000007436","NME1"
"S000132614",57.8938284853734,1.31375783080491,0.545214200601218,2.40961777840014,0.0159692407584332,0.0419323151358596,"S000132614","S000132614","PWR1"
"S000007287",26.4436312739741,-2.63429282585777,0.748212398739056,-3.52078210718946,0.000430276027142371,0.001875953627389,"S000007287","S000007287","15S_RRNA"
"S000007261",43.3817846497885,-1.60961842026949,0.532860036979482,-3.02071521331121,0.00252178423750193,0.00860751864739178,"S000007261","S000007261","AI1"
"S000007262",25.9793291531659,-1.61621758641808,0.586849071200124,-2.75406005689481,0.00588609660094843,0.0179990795501831,"S000007262","S000007262","AI2"
"S000007268",18.8757165230237,-3.51538508296847,0.698752743144512,-5.0309428012384,4.88073755679125e-07,4.39266380111213e-06,"S000007268","S000007268","ATP6"
"S000007270",29.1933144548015,-3.48268134810879,0.498347525844396,-6.98845919262419,2.77921484783278e-12,7.18182514970008e-11,"S000007270","S000007270","COB"
"S000007273",85.3955642534725,-6.00660975103444,0.669509457083019,-8.97165781228035,2.92084599867818e-19,2.04493183233038e-17,"S000007273","S000007273","BI4"
"S000007288",85.9869667277454,-1.76186895343998,0.602534878274103,-2.92409454949175,0.00345459797596859,0.0113475910601783,"S000007288","S000007288","21S_RRNA"
"S000144908",2292.91101848665,-1.72194156079822,0.269297423519341,-6.39419990839442,1.61390170820282e-10,3.1245344646589e-09,"S000144908","S000144908","RME2"
"S000144910",253.36322152133,-1.30792450764262,0.183076833272306,-7.14412896631892,9.05683399319365e-13,2.47869079422813e-11,"S000144910","S000144910","RME3"
"S000006490",20.5826485742341,-4.75022309724537,1.50750851707353,-3.15104229491637,0.00162688929578293,0.00589735126424383,"S000006490","S000006490","RPR1"
"S000028470",42635.6639261714,-2.50850830799656,0.321570840185002,-7.80079532880966,6.15182178943565e-15,2.35924324803771e-13,"S000028470","S000028470","RUF5-1"
"S000028474",39008.6530791013,-2.38392158974937,0.377889061640493,-6.30852234621526,2.81712062616587e-10,5.17130588114167e-09,"S000028474","S000028474","RUF5-2"
"S000006491",56.1703821074049,-1.17793520048371,0.36397163850436,-3.23633787875372,0.00121073979380977,0.00460492548412072,"S000006491","S000006491","SCR1"
"S000007293",95.7861567407804,-1.20870018997366,0.440546414953135,-2.74363869265,0.00607623744932207,0.0184866223761335,"S000007293","S000007293","SNR11"
"S000007294",48.2888056789615,-2.73904397760784,0.455133111244363,-6.01811626079921,1.76458444469996e-09,2.77403732155051e-08,"S000007294","S000007294","SNR17A"
"S000007295",95.8976069286628,-2.18047363016722,0.360927478517167,-6.04130679970797,1.52870980870161e-09,2.42859149292676e-08,"S000007295","S000007295","SNR19"
"S000007497",45.2160874879465,-1.73951266535188,0.588421807734992,-2.95623418861339,0.0031142053338786,0.0103594642625873,"S000007497","S000007497","SNR30"
"S000006501",15.0755193508396,-1.67509413853932,0.619614025349243,-2.7034477432869,0.00686242375295067,0.0205565439883164,"S000006501","S000006501","SNR37"
"S000028467",16.3617854893821,-2.63294781301189,0.535591207477872,-4.91596534119853,8.83460279363884e-07,7.50729024030015e-06,"S000028467","S000028467","SNR82"
"S000028466",49.1430173562831,-1.32877337706039,0.334107352965835,-3.97708510532621,6.97652013977314e-05,0.000375385413418892,"S000028466","S000028466","SNR84"
"S000119075",556.447093282269,-1.41703234007797,0.420101440885491,-3.37307183972314,0.0007433455539676,0.00303757671894216,"S000119075","S000119075","SNR86"
"S000029010",739.058501360815,-2.8356100859928,0.417975204761113,-6.78415861441696,1.16764989851485e-11,2.72496900734803e-10,"S000029010","S000029010","SRG1"
"S000000008",213.191277914728,1.63318930749129,0.210840713340697,7.74608130286593,9.47718420493473e-15,3.52235346283407e-13,"S000000008","S000000008","MDM10"
"S000000015",2477.21869583668,-1.31362962017598,0.239101439621509,-5.49402639421754,3.92871734293543e-08,4.522907671475e-07,"S000000015","S000000015","PSK1"
"S000000026",416.350288753079,-1.32075287391041,0.312653826944797,-4.22432978612991,2.39652900185973e-05,0.000143863420939157,"S000000026","S000000026","FRT2"
"S000002134",3215.42033076092,-1.20761968327725,0.433171567330556,-2.78785537730299,0.00530582242972596,0.0164502352468486,"S000002134","S000002134","FUN19"
"S000000038",359.896498295309,2.21260005476783,0.335559942550937,6.59375501720371,4.28839135666776e-11,9.22157298517736e-10,"S000000038","S000000038","CLN3"
"S000000052",1718.38818665159,-1.0184008084187,0.154526611236644,-6.59045584620442,4.38478190380804e-11,9.39529247075737e-10,"S000000052","S000000052","GPB2"
"S000000056",2661.77966838186,-1.93338894435126,0.41763748515121,-4.62934725232162,3.66820190629632e-06,2.68362620629528e-05,"S000000056","S000000056","BDH1"
"S000000058",9529.49367003914,-1.58261514052763,0.334723297127291,-4.72812963456734,2.26597500771387e-06,1.72265600018248e-05,"S000000058","S000000058","GDH3"
"S000000059",906.203491549383,-1.24811853594295,0.189822608354141,-6.57518378218893,4.85931101177375e-11,1.02659338953999e-09,"S000000059","S000000059","FLO9"
"S000000067",765.035016424993,-1.05365454728926,0.183915038467795,-5.72902877365172,1.01007262613707e-08,1.34848055032623e-07,"S000000067","S000000067",NA
"S000000068",361.241999231455,1.32197117474887,0.201016578173633,6.57642860484363,4.81882214977004e-11,1.0216242311185e-09,"S000000068","S000000068",NA
"S000000070",717.111741547593,1.70294645210707,0.200002633716004,8.51462013507877,1.67137272399221e-17,8.82748699224307e-16,"S000000070","S000000070","ADE1"
"S000000071",63.685897933386,2.48946780976621,0.256241802966668,9.71530710814601,2.59465666856541e-22,2.64786911888684e-20,"S000000071","S000000071","KIN3"
"S000000097",1001.39252963863,-1.2960442020631,0.187720912776459,-6.90410132197925,5.05222316348701e-12,1.2674764861398e-10,"S000000097","S000000097","ECM15"
"S000000111",6286.17433137421,2.61785174041142,0.517199356839638,5.06159125256435,4.15771655576781e-07,3.79297142155727e-06,"S000000111","S000000111","ACH1"
"S000007591",153.609701470282,1.2717571874074,0.367045565895026,3.46484825203181,0.000530530746117217,0.0022495250861773,"S000007591","S000007591",NA
"S000000131",364.501948737866,-1.2114299871688,0.225641185767913,-5.36883363312422,7.92474795058062e-08,8.53576161188657e-07,"S000000131","S000000131","POL12"
"S000000133",447.015346688584,1.09155715253969,0.241256301306385,4.52447105683451,6.05467376047436e-06,4.16433661414831e-05,"S000000133","S000000133","APL3"
"S000000139",698.997898500555,2.61683061068349,0.529394156676196,4.94306666910205,7.6903170259083e-07,6.60967268665102e-06,"S000000139","S000000139","ECM13"
"S000000141",4742.18799448994,1.25004879290884,0.10019960066929,12.4755865747873,1.01456307415678e-35,3.59334368793998e-33,"S000000141","S000000141","COR1"
"S000000145",1323.25960970307,-2.2708850648314,0.242094516930728,-9.38015901236285,6.58733076264602e-21,5.83269390027819e-19,"S000000145","S000000145","MOH1"
"S000000155",110.696148010871,1.11543078798293,0.307078109896762,3.63240085188074,0.00028079647878718,0.00127405847684824,"S000000155","S000000155",NA
"S000000167",55.8685019552293,-1.76492278892902,0.374483761322636,-4.71294878767372,2.44157574963244e-06,1.8514770262641e-05,"S000000167","S000000167",NA
"S000007587",46.7313578689356,-1.34532141174652,0.361997676302054,-3.71638134666911,0.000202096482356122,0.000949159844201411,"S000007587","S000007587","KTI11"
"S000000171",31711.5224101874,-2.58561256476497,0.256089295727994,-10.0965272969132,5.72331164216436e-24,7.33192753137694e-22,"S000000171","S000000171","SSA3"
"S000000174",2156.27708007274,-2.92009204236554,0.299839291666165,-9.73885719292826,2.05856301390251e-22,2.13700136322535e-20,"S000000174","S000000174","ATG8"
"S000000176",249.149873417793,1.18228723797322,0.261317666239825,4.52432954490025,6.0587259159507e-06,4.16433661414831e-05,"S000000176","S000000176","PET112"
"S000000180",873.731727702374,-1.06418824798311,0.239848435399052,-4.43691969977854,9.12553158434585e-06,6.0511922543333e-05,"S000000180","S000000180","CDC27"
"S000000182",920.157695539591,-2.35648185562416,0.206328074365002,-11.4210432238875,3.28269600984752e-30,6.58837089176398e-28,"S000000182","S000000182",NA
"S000000193",66.3319866628218,1.26800652065018,0.369057517887237,3.43579647939217,0.000590814621017402,0.00247550092772845,"S000000193","S000000193","BRN1"
"S000000195",6879.7028462173,1.45821691103436,0.214005074007629,6.81393615453425,9.49638631352194e-12,2.27799768899265e-10,"S000000195","S000000195","ATP1"
"S000000196",142.262875413962,2.14454329759706,0.325109243884804,6.59637748829109,4.21325350529327e-11,9.09247288722968e-10,"S000000196","S000000196",NA
"S000002149",305.940289588046,1.22243960344947,0.180502020501688,6.7724427685176,1.26625902826665e-11,2.93236369584365e-10,"S000002149","S000002149",NA
"S000002151",34.7776207551106,20.5078896911537,3.45505325195541,5.93562188355479,2.92733755910634e-09,4.34125602053677e-08,"S000002151","S000002151",NA
"S000000212",507.524920282776,-1.02936967499647,0.248949133630643,-4.13485943889127,3.55171955111713e-05,0.000203471964008337,"S000000212","S000000212","FLR1"
"S000002155",326.826132809453,2.17920274857322,0.235794744363772,9.24194792574025,2.42049906838882e-20,1.94317665210255e-18,"S000002155","S000002155",NA
"S000000237",733.040799430149,1.09436000102454,0.176300689510332,6.20734952349917,5.38856632518714e-10,9.32314880573326e-09,"S000000237","S000000237","EDS1"
"S000000240",2428.07997664272,-1.07629521468872,0.247348666671877,-4.35132814407483,1.35315360316781e-05,8.63980683422413e-05,"S000000240","S000000240","CSG2"
"S000000242",265.22009452513,2.29212033523318,0.232935842445657,9.84013585529638,7.5608669553179e-23,8.43036665517946e-21,"S000000242","S000000242","CHS2"
"S000000250",3598.05406427862,-2.42189029818068,0.505505279266449,-4.79102869448791,1.65928392111706e-06,1.3008526678445e-05,"S000000250","S000000250","ZTA1"
"S000000254",887.536851821822,1.31235650791058,0.191799853000896,6.84232280357612,7.79192587959823e-12,1.90712137077483e-10,"S000000254","S000000254","REG2"
"S000000255",71.8309482499422,1.12461749313605,0.287485768895817,3.91190665699911,9.15703063397783e-05,0.000476529658143306,"S000000255","S000000255",NA
"S000000258",21273.2108649648,2.61271018681485,0.639472889689072,4.08572471005803,4.39394513723321e-05,0.000247020949311682,"S000000258","S000000258","YRO2"
"S000028736",18.0803138732557,2.44650913042833,0.655109062476676,3.73450661967516,0.000188083544459244,0.000890403907564349,"S000028736","S000028736",NA
"S000000267",525.547218328653,-1.07740952517405,0.146347861930566,-7.36197653290774,1.81206833383451e-13,5.56656297858039e-12,"S000000267","S000000267",NA
"S000000269",453.674977655914,-1.77968701922302,0.231528003569505,-7.68670308466057,1.50974955428843e-14,5.47602534118715e-13,"S000000269","S000000269","ECM2"
"S000000270",150.180216407322,2.5646054961299,0.350429729959999,7.31845867193587,2.50835245291989e-13,7.47662877179736e-12,"S000000270","S000000270","NRG2"
"S000000274",182.937869036672,-1.00442383561382,0.154221666705166,-6.51285812864438,7.37341458497274e-11,1.49984220324733e-09,"S000000274","S000000274","ALG14"
"S000000277",858.158596246003,-1.04902862612989,0.114370183849201,-9.1722212103205,4.63370950943484e-20,3.67099538898779e-18,"S000000277","S000000277","RDH54"
"S000000280",236.508340999247,-1.96737110818719,0.215432386636457,-9.132197525654,6.7122708624056e-20,5.18135677724925e-18,"S000000280","S000000280","ECM8"
"S000007522",1741.84832679613,-2.14357648704496,0.259552903569993,-8.25872667021392,1.47234649662516e-16,7.14919214208072e-15,"S000007522","S000007522",NA
"S000000292",528.653428373233,-1.58658534525821,0.228143777731249,-6.95432223063821,3.54261040115102e-12,9.07662009588523e-11,"S000000292","S000000292","POL30"
"S000002157",607.176369043176,-1.15624495496585,0.303661302794389,-3.80767962307252,0.00014027684298905,0.000692916918849062,"S000002157","S000002157","NHP6B"
"S000000293",391.13525296008,-1.644079390874,0.205415011226901,-8.00369642439597,1.20738837402217e-15,5.08369608390734e-14,"S000000293","S000000293",NA
"S000000297",2475.05250135048,2.55170561605723,0.22604446307696,11.288511920721,1.49547065965416e-29,2.90458994896055e-27,"S000000297","S000000297","PHO5"
"S000000301",490.446311602999,1.27120034693296,0.185020444837603,6.87059393921966,6.39351448732771e-12,1.58417081186009e-10,"S000000301","S000000301","VPS15"
"S000000305",2658.99559797761,-1.78455012353762,0.342863461157569,-5.20484194353242,1.94161791977929e-07,1.91020939460639e-06,"S000000305","S000000305","FES1"
"S000000309",908.256502290502,-1.30268047710835,0.292105856298451,-4.45961780299733,8.21059351286342e-06,5.52357357999448e-05,"S000000309","S000000309","VID24"
"S000000317",27.504517085864,1.61942516243134,0.482516975212954,3.35620350292677,0.000790203999315629,0.00320175499352019,"S000000317","S000000317",NA
"S000000318",1252.35314268272,-2.12659004659365,0.281839651650698,-7.54538984893889,4.50936512405589e-14,1.49180700065607e-12,"S000000318","S000000318","RAD16"
"S000028600",110.912325771254,-1.50210851309041,0.547323884120472,-2.74446001110337,0.00606105384280678,0.0184684236779047,"S000028600","S000028600","MEO1"
"S000000342",115.549302656218,1.51299822394428,0.268868391730575,5.62728186160466,1.83071452563186e-08,2.25422590136094e-07,"S000000342","S000000342",NA
"S000000344",2547.52866993813,-1.10247496605054,0.239216077878439,-4.60869928070127,4.05195890290757e-06,2.93231304740463e-05,"S000000344","S000000344","IRA1"
"S000000354",877.099373934085,-1.04125117568788,0.180036431029598,-5.7835581928232,7.31368712690102e-09,1.00538151121167e-07,"S000000354","S000000354","TBS1"
"S000000362",594.97354987771,-1.28280347919559,0.275630245359711,-4.65407371212645,3.25440373528633e-06,2.39838003551518e-05,"S000000362","S000000362","AMN1"
"S000000386",261.268787011816,1.09811107594932,0.278266583976761,3.94625563823007,7.93828582917269e-05,0.000421113823589857,"S000000386","S000000386","SMP1"
"S000087085",20.6558230579037,-1.66143714695943,0.521036424605536,-3.18871592944249,0.0014290623531307,0.0052780410833645,"S000087085","S000087085",NA
"S000000406",380.878861298112,1.33198757515714,0.265904183927704,5.00927648253661,5.46350378531152e-07,4.83761121931774e-06,"S000000406","S000000406","MCM7"
"S000000414",142.970290926114,-1.41891632778604,0.356534550192633,-3.97974425485386,6.89894452440593e-05,0.00037154333614891,"S000000414","S000000414","ERV15"
"S000000416",7163.98449022644,-3.64447193901664,0.460868261404334,-7.90783884295133,2.61895537508344e-15,1.05124868755849e-13,"S000000416","S000000416","NGR1"
"S000000418",4171.44560707694,-1.42203222202206,0.544437419122621,-2.61192962143144,0.0090032786199244,0.0259744803883876,"S000000418","S000000418","SDS24"
"S000000430",92.2961557127823,-1.82740983769508,0.311017724778234,-5.87558101069027,4.21362841662177e-09,6.05495386550828e-08,"S000000430","S000000430",NA
"S000000446",613.802698735731,-1.08279752045898,0.200057247740907,-5.41243835295235,6.21722621751568e-08,6.8185644910131e-07,"S000000446","S000000446",NA
"S000000453",2252.50366859941,1.17615898621755,0.367740387263362,3.19834053303268,0.00138220954985858,0.00514356223714372,"S000000453","S000000453","ARO4"
"S000000473",1538.35945718771,-1.42456060090752,0.313509342552598,-4.54391754104908,5.52182656699354e-06,3.84621487769949e-05,"S000000473","S000000473","SDH8"
"S000000484",2358.71798026578,-1.10332085617057,0.446506043229664,-2.47100990658499,0.0134732086303484,0.0363776633019408,"S000000484","S000000484","SAF1"
"S000000489",266.806853722446,1.69554640113866,0.256071529093212,6.62137804676235,3.55865549963457e-11,7.73525803729233e-10,"S000000489","S000000489",NA
"S000000495",186.636183854349,-1.11153974275111,0.161019948142699,-6.90311825070296,5.08732466643647e-12,1.27098679736988e-10,"S000000495","S000000495","CTP1"
"S000000502",1138.63854168597,-1.2223872125533,0.311878827982562,-3.919429928798,8.87586612324904e-05,0.000464305733519396,"S000000502","S000000502","MAL31"
"S000000510",214.691840785428,1.00502038730491,0.167322612347473,6.00648276526919,1.89591118808591e-09,2.94440823759634e-08,"S000000510","S000000510","PGS1"
"S000000520",420.893794435397,1.30698487622222,0.139122582682546,9.39448399405105,5.74989641182188e-21,5.16718302919097e-19,"S000000520","S000000520","BUD3"
"S000000524",243.782132719794,2.62308429068128,0.331517681945621,7.91235108573047,2.52572902370809e-15,1.02752800349638e-13,"S000000524","S000000524",NA
"S000000527",48.2018494505243,-1.22571786195046,0.317289380276504,-3.86309135490859,0.000111961113319873,0.000571401899004711,"S000000527","S000000527",NA
"S000000530",2366.89770501126,2.49902496584113,0.396831408291899,6.2974475145448,3.02586764571596e-10,5.5376137066431e-09,"S000000530","S000000530","AGP1"
"S000007548",71.8940987274608,1.57034044578913,0.275941844480531,5.6908384038142,1.26417104571388e-08,1.65468997092245e-07,"S000007548","S000007548","HBN1"
"S000000535",3407.81766094245,2.17882992085856,0.240913862740872,9.04402053111455,1.51012892598532e-19,1.12252916831576e-17,"S000000535","S000000535","HIS4"
"S000000537",398.337529544753,1.07093916762745,0.237763152794667,4.5042268115965,6.66150305298412e-06,4.5474954514759e-05,"S000000537","S000000537","STE50"
"S000000551",38.7196922687213,2.3805088607821,0.430122749674478,5.53448721925007,3.12140189756793e-08,3.67069547368291e-07,"S000000551","S000000551",NA
"S000000552",132.270823292984,1.13631651979355,0.257480922978472,4.41320664322987,1.01850696163987e-05,6.63563890453193e-05,"S000000552","S000000552","POF1"
"S000087203",165.793485513014,-4.97249601213381,0.311553332888946,-15.9603364407155,2.41426462588641e-57,2.42271455207701e-54,"S000087203","S000087203",NA
"S000000554",369.90946437454,-1.48382359971867,0.366604048656812,-4.04748285010818,5.17713738944745e-05,0.000286240075499202,"S000000554","S000000554",NA
"S000000557",1199.72533639383,-1.12059875115944,0.239678912165203,-4.67541654389286,2.9335756037604e-06,2.19144649010439e-05,"S000000557","S000000557","PBN1"
"S000000569",1665.11552095031,-2.94314041631856,0.70335294290077,-4.18444316758021,2.85865951363687e-05,0.000167758176721321,"S000000569","S000000569","CHA1"
"S000000595",383.60668786948,1.04795303699887,0.185446700303256,5.65096620907887,1.59548456603583e-08,2.02968154637738e-07,"S000000595","S000000595","CDC10"
"S000000598",20995.8620395735,2.22626523170993,0.502728599148738,4.42836400292251,9.4950559020287e-06,6.24327744792642e-05,"S000000598","S000000598","CIT2"
"S000000599",73.1620728788581,-1.66374560444186,0.392362563075141,-4.24032708778904,2.23194312096571e-05,0.000135060598304869,"S000000599","S000000599",NA
"S000000601",2070.0493060636,-1.74237603849462,0.303113122618927,-5.74826989818295,9.01612380663514e-09,1.21445372348434e-07,"S000000601","S000000601","SAT4"
"S000000602",1849.01011828655,-1.23466268447974,0.29918073186104,-4.12681216734639,3.67826586206784e-05,0.000209723851851425,"S000000602","S000000602","RVS161"
"S000000603",21816.2599230973,-4.43021557830716,0.917005813276421,-4.83117502001235,1.35729622161797e-06,1.09109219630999e-05,"S000000603","S000000603","ADY2"
"S000000605",27202.2186352406,1.19383914767036,0.371140246706706,3.21667929647575,0.00129683473167413,0.00487731314695186,"S000000605","S000000605","PGK1"
"S000000608",103.668499046184,1.09405111924949,0.310418915179975,3.52443445211828,0.000424387798991389,0.00185565645441333,"S000000608","S000000608","CTO1"
"S000000615",47397.5700564487,-1.59803520255466,0.601359329616231,-2.65737159773421,0.00787525839073634,0.023141498667947,"S000000615","S000000615","HSP30"
"S000000638",779.436474675221,1.13453463975256,0.140611877699299,8.06855479292285,7.11351435816542e-16,3.08132877341827e-14,"S000000638","S000000638","TAF2"
"S000000643",342.080999086749,-1.02830254495326,0.171750418726156,-5.98719090515183,2.1349614475805e-09,3.27089131701836e-08,"S000000643","S000000643","BUD23"
"S000000644",614.943687360749,-1.50833632084072,0.274709616045705,-5.49065716210592,4.00440983236861e-08,4.59248601917931e-07,"S000000644","S000000644","ARE1"
"S000000646",25.7985015467424,-1.52251514681027,0.316634995028862,-4.80842348670742,1.52125232560471e-06,1.20837206496913e-05,"S000000646","S000000646",NA
"S000000661",309.915639580644,-1.04943073817682,0.363347926124384,-2.88822547955749,0.00387422042098456,0.012554726132803,"S000000661","S000000661","HCM1"
"S000000672",1076.19542861309,-1.31966583067492,0.208667184518656,-6.32426144877101,2.5444659854351e-10,4.68508553464977e-09,"S000000672","S000000672","FUB1"
"S000000677",385.331721777968,1.11128625063436,0.14983175233022,7.41689417197203,1.19898673089458e-13,3.81962915699272e-12,"S000000677","S000000677","SRB8"
"S000000678",1045.30978776104,-1.45699530900938,0.342205235233138,-4.257665164055,2.06573035483579e-05,0.00012627170016717,"S000000678","S000000678","AHC2"
"S000000679",1176.4215277887,-1.6196160053908,0.270106713973269,-5.99620787490342,2.0197844269847e-09,3.11823641919869e-08,"S000000679","S000000679","TRX3"
"S000000687",1044.69023647816,-1.23695827152676,0.420640161467994,-2.94065661065242,0.00327517390624457,0.0108172364725719,"S000000687","S000000687","KIN82"
"S000000695",508.755548051283,4.31040432376062,0.305320982219164,14.1176158036415,2.95831699771105e-45,1.78120266432182e-42,"S000000695","S000000695","GIT1"
"S000000703",181.718444207986,1.57517654817067,0.20027967125082,7.8648848299636,3.6943717820848e-15,1.45384395424396e-13,"S000000703","S000000703","RDS1"
"S000002161",411.818834849699,-1.56186855811568,0.287156807142026,-5.43907899541171,5.35567063258949e-08,5.97157275533728e-07,"S000002161","S000002161","MCD1"
"S000002171",910.244364243331,-1.10548622455015,0.221211605542061,-4.99741513037371,5.81038969978585e-07,5.10720531130082e-06,"S000002171","S000002171","SLX5"
"S000002179",661.817720920949,2.81709207318007,0.26265836855061,10.7253086536904,7.74281360393183e-27,1.19537130023778e-24,"S000002179","S000002179","GPM2"
"S000002180",3250.96278227786,1.66065401940962,0.127627369323723,13.0117390040174,1.04926777701791e-38,4.21176085694989e-36,"S000002180","S000002180","GPD1"
"S000002181",476.524907116394,2.22356474363313,0.214975670062036,10.343332075632,4.48660600721042e-25,6.4318701831938e-23,"S000002181","S000002181",NA
"S000002182",351.878765842348,-2.52929755755505,0.183448776752189,-13.7874866343303,3.03138406869342e-43,1.52099695646692e-40,"S000002182","S000002182","DIA3"
"S000002183",2108.57814713008,-1.76418904540492,0.404852284997515,-4.3576116790739,1.3148940886325e-05,8.42231628474069e-05,"S000002183","S000002183","RTK1"
"S000002195",95.3811098895637,1.69783823699635,0.384158078661576,4.4196343414453,9.88680454984185e-06,6.46345821874026e-05,"S000002195","S000002195","BSC1"
"S000002197",291.680502861709,1.63500233833816,0.191350180059543,8.54455604812808,1.29031330498566e-17,6.87520036222888e-16,"S000002197","S000002197","PRM7"
"S000002204",1525.48312675554,-1.11779727751201,0.335220493097601,-3.33451355310358,0.000854487362427312,0.00342991227278323,"S000002204","S000002204","NPC2"
"S000002206",5493.4399795167,1.16462720838093,0.342909653976764,3.39630918778346,0.000683011599482034,0.00281672112361735,"S000002206","S000002206","STP4"
"S000002207",391.802080710258,1.25256974803627,0.335775126768595,3.73038277162054,0.000191189085993784,0.000902862342563587,"S000002207","S000002207","KNH1"
"S000002213",5788.17778196753,-1.37262356375716,0.225078403329483,-6.0984241200069,1.07119224618906e-09,1.75836894427489e-08,"S000002213","S000002213","PSA1"
"S000002217",80.171324544507,1.66448736463599,0.246476973659428,6.75311506760023,1.44704084352982e-11,3.30023974200494e-10,"S000002217","S000002217","RAD59"
"S000002223",1316.36130776471,-1.33531279425087,0.189825322238525,-7.03442922421584,2.00078328313198e-12,5.35409606566117e-11,"S000002223","S000002223","PEX19"
"S000002228",3769.4101544161,-2.55374383455469,0.411278211101362,-6.2092855046126,5.32260447839272e-10,9.23556241049065e-09,"S000002228","S000002228","BDF2"
"S000002237",952.556673793306,-1.44999816835387,0.347441055444625,-4.17336450494686,3.00134183650184e-05,0.000175107356565674,"S000002237","S000002237","MRK1"
"S000002272",25.4366621241982,-2.04892993294721,0.576715760825271,-3.55275522558154,0.00038121900854205,0.00168525671837862,"S000002272","S000002272",NA
"S000002273",1201.81651969225,-1.33872017548992,0.176615630946654,-7.57985104893841,3.45951905398104e-14,1.17682283751524e-12,"S000002273","S000002273","IWR1"
"S000002275",282.366586049054,1.08496301776361,0.20836293041482,5.20708273589552,1.91832574739816e-07,1.89337196257449e-06,"S000002275","S000002275","CYK3"
"S000002279",191.578449883699,1.03986893750829,0.234129882050634,4.44141913198162,8.93675322124444e-06,5.94565648012296e-05,"S000002279","S000002279",NA
"S000002287",432.739131121519,-1.22231888182126,0.221785461622251,-5.51126693733935,3.56259938127937e-08,4.13302714348421e-07,"S000002287","S000002287",NA
"S000002308",1241.87029709027,-1.08128398997489,0.222193858593766,-4.86639908419693,1.13649912676794e-06,9.32269924014953e-06,"S000002308","S000002308","ATG9"
"S000002312",896.391251372588,-1.16264028974573,0.30287954619853,-3.83862266151061,0.000123726401435999,0.00062496364349509,"S000002312","S000002312","SAS10"
"S000002318",404.649656451483,-1.14058978333434,0.217258638848629,-5.24991682438473,1.52167902949595e-07,1.53983688010002e-06,"S000002318","S000002318","STE7"
"S000002319",873.066560953068,-1.01660916791297,0.30803955813261,-3.30025524668272,0.000965969295006892,0.003784723136095,"S000002319","S000002319","DHH1"
"S000028520",15.3319823730834,1.27264377682446,0.537810161965951,2.3663438641106,0.0179647500629872,0.0463038356717663,"S000028520","S000028520","MHF2"
"S000002328",1116.81966285697,-2.22149085044155,0.254990514094415,-8.71205291040356,2.98420323775701e-18,1.74445511597427e-16,"S000002328","S000002328","UGX2"
"S000002363",11641.7220091273,-1.52502595495322,0.217845285765813,-7.00050014666206,2.55050366479941e-12,6.64787124058755e-11,"S000002363","S000002363","RTN2"
"S000002369",159.836302920568,-1.38368963457004,0.363056034296325,-3.81122885686753,0.000138277673251735,0.000684266560995464,"S000002369","S000002369","UGA4"
"S000002377",4487.48799916968,-2.05035003975817,0.462473413466948,-4.43344412900981,9.27395483755975e-06,6.12264057861264e-05,"S000002377","S000002377",NA
"S000002386",736.435607752861,-1.96533027899302,0.3152501563566,-6.23419287624365,4.54113299660163e-10,8.00524815612171e-09,"S000002386","S000002386","HO"
"S000002392",628.391201035806,-1.54551064969584,0.358508836629477,-4.31094157741263,1.62560854771139e-05,0.000101744169082851,"S000002392","S000002392","MFG1"
"S000002393",5005.07561246588,-1.39004700341776,0.484911080653029,-2.86660185522218,0.00414904622905176,0.013330526865059,"S000002393","S000002393","GYP7"
"S000002403",84.8983955021086,1.93996382549986,0.276617348627057,7.01316759461597,2.3298208567561e-12,6.15256639409145e-11,"S000002403","S000002403","THI13"
"S000002405",69.4007052144202,1.61515944102054,0.422807487831871,3.82008239566183,0.00013340710056697,0.000664387222922852,"S000002405","S000002405","SOR2"
"S000002416",148.201922026554,1.17134658349447,0.191825178524694,6.10632343732539,1.01952302985498e-09,1.69106009993301e-08,"S000002416","S000002416","GAL3"
"S000002425",733.54476411349,-1.06154091306661,0.451293767204452,-2.35221709274281,0.0186618796973386,0.0477328707126915,"S000002425","S000002425",NA
"S000002426",1297.62484297183,1.12427065535816,0.181491899951376,6.19460513477111,5.84313280605867e-10,1.00518578929369e-08,"S000002426","S000002426","GCV1"
"S000002429",433.625274907774,-1.15317504272278,0.139402492522984,-8.27226989885168,1.31432354256783e-16,6.4337740242284e-15,"S000002429","S000002429","ATG31"
"S000002436",35.1382571381019,-1.17203629441797,0.35716932683541,-3.281458418623,0.00103271750089038,0.00399613886430655,"S000002436","S000002436",NA
"S000002440",2372.96326676587,1.84935954381485,0.439312330400266,4.20966910291332,2.55744967844491e-05,0.000152308649989286,"S000002440","S000002440","MRH1"
"S000007345",602.297463127338,1.30697477936184,0.196675750735668,6.64532752244793,3.02543556701733e-11,6.67258151978437e-10,"S000007345","S000007345",NA
"S000002446",150.877612998773,6.04188092565167,1.08774392650232,5.55450669817075,2.78396839154833e-08,3.3061683797855e-07,"S000002446","S000002446","ENA2"
"S000002448",733.712924492632,-1.39413269313741,0.225677074482349,-6.17755567921656,6.51016197645931e-10,1.10416014817638e-08,"S000002448","S000002448","RSM10"
"S000002450",652.306853203517,1.15602554767114,0.177103564107009,6.52739855067312,6.69218045698242e-11,1.37053124256773e-09,"S000002450","S000002450","NRG1"
"S000002453",2250.39608485271,1.40802480292145,0.492801938846902,2.85718194659716,0.00427420752502307,0.0136676974747257,"S000002453","S000002453","BAP3"
"S000002460",29.9898304712802,1.47189046519669,0.414422091563398,3.55166989202727,0.000382794779781305,0.00168974147292026,"S000002460","S000002460",NA
"S000002461",1193.48158915519,-1.25216613590401,0.218824476115389,-5.72223984324188,1.05128752088594e-08,1.39730732080668e-07,"S000002461","S000002461","CDC34"
"S000002462",7325.3295731652,2.1026985894016,0.562617321371018,3.73735132128108,0.000185968990624515,0.000883756347711292,"S000002462","S000002462","PST1"
"S000002466",1184.74250334553,-1.59976832839689,0.263573071887869,-6.069543891333,1.28274032118198e-09,2.07061111899108e-08,"S000002466","S000002466","UBC5"
"S000002484",82869.6972085304,-1.5085606962188,0.367786931158736,-4.1017245813112,4.10082219136585e-05,0.00023205874449449,"S000002484","S000002484","SED1"
"S000002485",212.287091857777,-1.81222859647996,0.292130855505478,-6.20348231734794,5.52272482000372e-10,9.52788714648779e-09,"S000002485","S000002485","SHU2"
"S000002496",311.241450894251,1.02828707556133,0.345292534691899,2.97801710795415,0.00290119790458538,0.00974783068276148,"S000002496","S000002496","VTC5"
"S000002497",460.730579421452,-1.11544339794186,0.174916921373378,-6.3769896541961,1.80602656084472e-10,3.47409664652288e-09,"S000002497","S000002497",NA
"S000002503",2199.41023231572,-1.44567425266459,0.336342508422769,-4.29822046414495,1.72174864731189e-05,0.000106982957744736,"S000002503","S000002503","GIS1"
"S000007391",142.650170111269,1.33291097196896,0.352471516767781,3.78161328947077,0.000155815282845529,0.000760879008931815,"S000007391","S000007391",NA
"S000002518",3045.43774184687,-4.74954972150744,0.604337890244707,-7.85909637336204,3.8691447003361e-15,1.50859647015634e-13,"S000002518","S000002518","ALT2"
"S000002519",30.7079622496592,-2.99334435543203,0.647293890168995,-4.62439766680099,3.75688502022104e-06,2.74184299475769e-05,"S000002519","S000002519","IRC2"
"S000002528",152.041286942382,-1.13638709306768,0.31952177753156,-3.55652469714817,0.000375793166995789,0.00166493793854426,"S000002528","S000002528","DPB4"
"S000002530",386.299190474154,-1.33752259483265,0.358167175034897,-3.73435280522937,0.000188198521018951,0.000890403907564349,"S000002530","S000002530","INO2"
"S000002534",3937.60949459291,1.30130121761565,0.302334609644019,4.30417549333122,1.67608766984617e-05,0.000104577449327915,"S000002534","S000002534","ARO1"
"S000002540",518.554013434947,-1.94601269008784,0.329440609658009,-5.90702127496666,3.4834878037514e-09,5.10318249790443e-08,"S000002540","S000002540",NA
"S000002551",194.012795311224,-1.42209037386965,0.268479387875805,-5.29683259903545,1.17828621725336e-07,1.22741545226341e-06,"S000002551","S000002551","MKC7"
"S000002553",216.09147671284,2.61244359778759,0.23421924570137,11.1538383191553,6.85827148305159e-29,1.25132280604405e-26,"S000002553","S000002553","SWI5"
"S000002554",344.574988519847,-1.66316796298619,0.221153528169573,-7.52042247189891,5.45995225500709e-14,1.78665068083683e-12,"S000002554","S000002554","EKI1"
"S000002555",4974.36098042917,1.08641840816349,0.225760584597632,4.81225901367941,1.4923376827212e-06,1.19169299571145e-05,"S000002555","S000002555","KGD2"
"S000002556",277.540613439621,-2.59625346004487,0.459877290579984,-5.6455352617446,1.64668114773372e-08,2.0785465808186e-07,"S000002556","S000002556",NA
"S000002557",3539.23851547413,-1.18872435742656,0.296086972345115,-4.01478102197957,5.95010113287185e-05,0.000325983247689003,"S000002557","S000002557","NUM1"
"S000002565",3349.41664021063,1.20891014447356,0.221228316854983,5.46453619346574,4.64118682227104e-08,5.2038334929039e-07,"S000002565","S000002565","HOM2"
"S000002567",799.435816875829,-1.14364102997941,0.178488511867702,-6.40736492232676,1.48056157034649e-10,2.89430558930396e-09,"S000002567","S000002567","SSY1"
"S000002585",1658.47506000895,1.08573432890788,0.182644119368194,5.94453482906362,2.77243019368301e-09,4.13188173172412e-08,"S000002585","S000002585","SDH4"
"S000002586",166.696921867381,-1.45689843253925,0.377084244898946,-3.86358871325871,0.000111733288556198,0.000571091791508379,"S000002586","S000002586","CSN9"
"S000007410",266.245549680118,1.67598718087693,0.29580248718693,5.66589955620558,1.46255186191946e-08,1.88162922235407e-07,"S000007410","S000007410",NA
"S000007392",69.1792800399336,-3.83829841741926,1.23644446807145,-3.10430311796053,0.00190727818822885,0.00675513057136817,"S000007392","S000007392",NA
"S000002624",3748.87737458705,-1.07247717003821,0.223215929578184,-4.80466233778607,1.55012886051711e-06,1.22806919331231e-05,"S000002624","S000002624","ADR1"
"S000002626",114.798348769395,-2.091346905965,0.256516313033959,-8.15288073194835,3.5535603511814e-16,1.6083063738312e-14,"S000002626","S000002626","SPR28"
"S000002656",334.406629057842,-1.11940935273815,0.170287303748901,-6.57365128282721,4.90961406766335e-11,1.03359392662241e-09,"S000002656","S000002656",NA
"S000002667",184.45874450162,1.53807635926884,0.365747914486503,4.20529085293143,2.60746616428006e-05,0.000154628194590355,"S000002667","S000002667","YAP6"
"S000002670",5235.81323329688,-2.65420442438176,0.338032432931367,-7.85192237728461,4.09708056270529e-15,1.5813155171826e-13,"S000002670","S000002670",NA
"S000002671",530.217185266859,-2.89489803544725,0.33035896835719,-8.76288617149706,1.90313809055447e-18,1.16926473910495e-16,"S000002671","S000002671","DIN7"
"S000002679",26.0281820327145,1.47439713839251,0.455911320116081,3.23395597638836,0.00122088273307146,0.00463196908369456,"S000002679","S000002679",NA
"S000002682",44.1264081055815,1.72883112129468,0.363575744073583,4.7550782731666,1.98369545281233e-06,1.52929965702728e-05,"S000002682","S000002682",NA
"S000002685",1373.29492156995,-1.14449741565172,0.263371355801839,-4.34556526531625,1.38917458714303e-05,8.84167039026235e-05,"S000002685","S000002685","MTH1"
"S000002695",749.360003509881,-1.32323745359291,0.271666614249505,-4.87081365241893,1.11139621898703e-06,9.15324050114925e-06,"S000002695","S000002695","INM2"
"S000002701",9155.82459911996,-1.40215534160537,0.251814768331007,-5.56820138428999,2.57382255523713e-08,3.09321069961732e-07,"S000002701","S000002701","SSD1"
"S000002706",1245.3786005106,1.19568262909682,0.177556396493861,6.73410056020238,1.64947074243767e-11,3.6919938067722e-10,"S000002706","S000002706","ATP5"
"S000002714",989.1579098336,-1.32078302788874,0.228679545384035,-5.77569378000411,7.66366418153158e-09,1.04870277356822e-07,"S000002714","S000002714",NA
"S000002717",325.840392923792,-1.20120105890075,0.216314605403873,-5.55302799206753,2.80763094319803e-08,3.32116815500891e-07,"S000002717","S000002717","GIC2"
"S000002721",915.735000082828,-1.19387324815425,0.211722083860191,-5.63886972198241,1.71169971812292e-08,2.12936859562358e-07,"S000002721","S000002721","PIB1"
"S000002727",498.317030498601,-1.05525069469832,0.207793705741239,-5.07835735896831,3.80712100749737e-07,3.49386592448194e-06,"S000002727","S000002727","YFT2"
"S000002731",200.122516908432,1.12384701415751,0.299703064854738,3.74986827279269,0.000176927486237691,0.000846804765212352,"S000002731","S000002731","PEP7"
"S000002735",826.462938353429,-1.4314915485565,0.337219905659917,-4.24497938742722,2.18613516260539e-05,0.000132555083726556,"S000002735","S000002735",NA
"S000002736",2386.81377845808,-1.61759715464089,0.336222410917396,-4.8110926045269,1.50107443339574e-06,1.19708200840739e-05,"S000002736","S000002736","SKP1"
"S000002737",3161.45271835786,-2.19334632563182,0.281862690522658,-7.78161281851352,7.16057328974257e-15,2.72872226440127e-13,"S000002737","S000002737","PEX3"
"S000002744",300.19359535687,-1.27278326186464,0.209850303317954,-6.06519619814981,1.31792667959072e-09,2.12172099941597e-08,"S000002744","S000002744","MRX8"
"S000002751",14547.3285420721,1.82588376976171,0.38325909752109,4.76409766022902,1.89700617791584e-06,1.4681072232945e-05,"S000002751","S000002751","HXT6"
"S000002753",1062.49396379744,-1.94163169852804,0.197126716072395,-9.84966288290916,6.8774265255586e-23,7.81301605856384e-21,"S000002753","S000002753","HXT3"
"S000002768",31.5864831438347,1.49457916141561,0.533903573258991,2.79934287064718,0.00512067318764902,0.0159914799081093,"S000002768","S000002768","OPI7"
"S000002782",149.471545982955,-5.04274442753682,0.322706761045939,-15.6263984404682,4.8124619738221e-55,3.62197919304786e-52,"S000002782","S000002782","PHO92"
"S000113553",227.338061038572,-1.8322843329066,0.385095547984287,-4.75799926147512,1.95521214025877e-06,1.5092733713459e-05,"S000113553","S000113553","WIP1"
"S000002785",639.290916005919,1.61363779826028,0.158122186428546,10.2050056017248,1.8831028840677e-24,2.51959165888259e-22,"S000002785","S000002785","ATP17"
"S000007605",131.211635671898,-1.4761485171531,0.439389965268058,-3.3595408039247,0.000780721211075017,0.00316967600598333,"S000007605","S000007605","SDH6"
"S000002792",1216.38748373212,-2.03774067065406,0.490383917599183,-4.15539865301948,3.24720859424097e-05,0.000188538504782304,"S000002792","S000002792","ATO3"
"S000002811",195.129102538436,-2.04332952605773,0.250653575459416,-8.15200629918233,3.57935648718454e-16,1.6083063738312e-14,"S000002811","S000002811","DIT1"
"S000002840",3340.8847079333,-2.27394231945119,0.314718538906104,-7.22532052720801,4.99921298686373e-13,1.41315781192049e-11,"S000002840","S000002840","NPL3"
"S000002841",74.4403637491133,-1.92154555290867,0.434229808288186,-4.42518112813066,9.63613972354528e-06,6.32706622415116e-05,"S000002841","S000002841",NA
"S000002843",803.768414708717,-1.71675356301447,0.370337206195521,-4.63564971138251,3.55818083998032e-06,2.61265937042945e-05,"S000002843","S000002843","PPM1"
"S000002849",391.301493972017,-1.21774004054437,0.23308829935308,-5.22437223972257,1.7474693133754e-07,1.75066767651137e-06,"S000002849","S000002849","APT2"
"S000002863",17.7969134301859,1.31415883952191,0.501411789255873,2.62091731323711,0.00876935286335806,0.0253725485777409,"S000002863","S000002863",NA
"S000002865",2522.85220516232,-1.22167131535608,0.291171078081687,-4.19571656431256,2.72010237111439e-05,0.000160408779397451,"S000002865","S000002865","TOM1"
"S000087209",209.783236394893,-2.23484233333613,0.340013110467454,-6.57281223733886,4.9373705015709e-11,1.03581560243757e-09,"S000087209","S000087209",NA
"S000002871",1964.74624619979,-1.62098573716443,0.265963669082523,-6.09476378016679,1.09599170361273e-09,1.79319729550333e-08,"S000002871","S000002871","STP1"
"S000002872",988.206573741215,-1.03009191323756,0.164315031025469,-6.26900598690749,3.63360161684768e-10,6.53072099553429e-09,"S000002872","S000002872","SPP41"
"S000002890",207.769480320821,-1.34541842384529,0.281661222745383,-4.77672577975536,1.78172481074456e-06,1.38422775296684e-05,"S000002890","S000002890","CWC21"
"S000002893",1235.46991624178,-1.00651173202212,0.205549160586807,-4.89669590062401,9.74614836741865e-07,8.13891252707735e-06,"S000002893","S000002893","VPS72"
"S000002912",59.0407725782154,-2.00429607899777,0.331751120772231,-6.04156535879152,1.52626157069407e-09,2.42859149292676e-08,"S000002912","S000002912","SPG3"
"S000002913",3762.92000781237,-1.29711104590182,0.241624990396397,-5.36828183117089,7.94902709203292e-08,8.54662359305896e-07,"S000002913","S000002913","PSP1"
"S000002916",689.050482440407,-1.5247775900809,0.343844833993063,-4.43449323456073,9.22891177984498e-06,6.11301186209534e-05,"S000002916","S000002916","GNP1"
"S000002936",170.316707733256,-1.76564726691345,0.241400655207684,-7.31417760815278,2.58962440239421e-13,7.68085149104215e-12,"S000002936","S000002936","HLR1"
"S000002942",105.747363897879,1.16493312098623,0.393594269929893,2.95973089545671,0.00307907871770631,0.0102653006419212,"S000002942","S000002942","FIT1"
"S000002944",1090.53964887909,2.08673555214326,0.270062852006504,7.72685149638056,1.1023912142754e-14,4.07208435653508e-13,"S000002944","S000002944","STL1"
"S000000745",80.7687814171151,1.36065268508817,0.340100550320903,4.0007364992627,6.314564204862e-05,0.000344383977151033,"S000000745","S000000745","MMS21"
"S000000746",674.811417903478,1.02763113355258,0.119705609864058,8.58465308952182,9.11109457386336e-18,4.98708185720284e-16,"S000000746","S000000746","PXP1"
"S000000752",242.153494668153,-1.01545926527316,0.324477631768631,-3.12952008352068,0.00175092103063464,0.00627891335643308,"S000000752","S000000752","SNU13"
"S000028619",30.4848971219841,-1.57991530384094,0.359557916698113,-4.39404955493567,1.11258436708488e-05,7.21084012294733e-05,"S000028619","S000028619",NA
"S000000756",1001.96735521146,-1.62099654293574,0.135039644281813,-12.0038567307901,3.39117684405237e-33,9.8330235961368e-31,"S000000756","S000000756","ECM10"
"S000000759",23.2594405690011,-1.00965410907619,0.336730731182455,-2.99840203337164,0.00271399395339477,0.00918031325471344,"S000000759","S000000759","MTC7"
"S000000764",295.865813750479,-1.06825924876663,0.193167360384354,-5.53022646600886,3.1981763267349e-08,3.74634623799044e-07,"S000000764","S000000764","UTR4"
"S000000765",141.909011866154,-2.58460051935196,0.295237697448439,-8.75430387680538,2.0536708299195e-18,1.23651520669453e-16,"S000000765","S000000765","CYC7"
"S000000766",624.985667916439,-2.78087307357497,0.291479177028105,-9.54055484144184,1.42070161784476e-21,1.37968458726504e-19,"S000000766","S000000766","UTR2"
"S000000775",51.8169536068198,1.01002368078944,0.287757783683227,3.50997866282325,0.00044814265380606,0.00193841014264819,"S000000775","S000000775","PAU2"
"S000002954",10.9999130257554,1.51942936733798,0.563447390637226,2.69666590454807,0.00700374997086686,0.0209070791148187,"S000002954","S000002954","SOM1"
"S000000796",227.691419236278,-1.34215647348155,0.240944246845456,-5.57040265975898,2.54151277763657e-08,3.06048968682995e-07,"S000000796","S000000796","DSF1"
"S000002956",16.6712467806313,2.32623712193512,0.824081337784762,2.82282465974579,0.00476025978469096,0.0150296403584815,"S000002956","S000002956",NA
"S000000802",21.7102824532425,1.19942384189756,0.456817222523119,2.62560994367251,0.00864938707845974,0.0251099130180357,"S000000802","S000000802",NA
"S000000804",640.916346246581,-1.57883769872008,0.0997846749199236,-15.8224466831914,2.1785933996757e-56,1.87390155134963e-53,"S000000804","S000000804","NOP16"
"S000000806",5125.69073382414,-2.73113445341512,0.331269061042661,-8.24445978993311,1.65908036022232e-16,7.92803400706235e-15,"S000000806","S000000806","FMP52"
"S000000813",46.8715277924388,-1.8228723664212,0.339150664389885,-5.37481584976534,7.66609904194721e-08,8.28681909004742e-07,"S000000813","S000000813","TIR1"
"S000000824",440.888200618093,1.08686382986884,0.183983141571954,5.9074098886597,3.47528310321007e-09,5.10318249790443e-08,"S000000824","S000000824","SRB4"
"S000000826",12792.5588223077,1.22500598398893,0.236301805080273,5.18407374659194,2.17091027747886e-07,2.12883563203587e-06,"S000000826","S000000826","YAT2"
"S000000830",182.286197597555,-2.36764226604707,0.408202701136041,-5.8001631529087,6.62504289947546e-09,9.21232870617592e-08,"S000000830","S000000830","MIG3"
"S000000834",172.131941946319,1.26805246717044,0.281581137322228,4.50332887788341,6.6897236862422e-06,4.55642831616112e-05,"S000000834","S000000834","FIR1"
"S000000836",102.190874352787,1.25120050968891,0.322172302549658,3.88363772983266,0.000102905196823641,0.000530927326542536,"S000000836","S000000836",NA
"S000000839",2468.02454638317,2.05739708098566,0.302965727344521,6.79085749737648,1.11468989773504e-11,2.63197955853438e-10,"S000000839","S000000839","PHM8"
"S000028746",122.908789301772,-2.2831172721369,0.354596659958175,-6.43863163405486,1.20555382689864e-10,2.37210444175055e-09,"S000028746","S000028746","FMP49"
"S000000841",488.115396132409,-2.33520555294869,0.209457823784431,-11.1488103464305,7.2570100384725e-29,1.28513110122479e-26,"S000000841","S000000841","HVG1"
"S000000846",255.29700819976,1.55366269331498,0.264714745390986,5.86919588109914,4.37913816929912e-09,6.26289570483373e-08,"S000000846","S000000846","ERG28"
"S000000847",511.330444375208,1.01638776829041,0.178536008382999,5.69290070667444,1.24899028793799e-08,1.63838137770689e-07,"S000000847","S000000847","ACA1"
"S000000848",145.361075585522,1.47872703611685,0.25239955729038,5.85867523696015,4.66574110635007e-09,6.60998287090206e-08,"S000000848","S000000848","SPO73"
"S000000854",2039.35898844132,2.0384443395854,0.633942975044361,3.21550110945351,0.0013021699147762,0.00488065850028515,"S000000854","S000000854","HOM3"
"S000000867",11587.6767604164,3.17402916527362,0.526322533610774,6.03057813903306,1.63374152809513e-09,2.58182617865113e-08,"S000000867","S000000867","ICL1"
"S000002959",61.5617332262769,1.68959782348082,0.409827391065481,4.12270594966371,3.7444756992709e-05,0.000212894128284326,"S000002959","S000002959",NA
"S000028748",763.829401858447,1.54360542487959,0.320102682101668,4.82221959136638,1.41969527926479e-06,1.13973137019377e-05,"S000028748","S000028748",NA
"S000000869",2106.44661150272,1.59923251631105,0.295676747888911,5.40871924400325,6.34770470012471e-08,6.94900545444561e-07,"S000000869","S000000869","RGI1"
"S000028749",176.517712293286,1.40467067847569,0.376064290350814,3.73518761157921,0.000187575294635485,0.000889984908589642,"S000028749","S000028749",NA
"S000000872",1749.77714475066,-1.46304852555527,0.322569502895019,-4.53560709374136,5.74380231204559e-06,3.98194586807193e-05,"S000000872","S000000872","RNR1"
"S000000875",2755.09586616153,2.15872941025289,0.380999347302296,5.66596616382151,1.46198375437808e-08,1.88162922235407e-07,"S000000875","S000000875","ALD5"
"S000000885",665.59055630051,-1.04070816113407,0.282811763011871,-3.67986165091154,0.000233360524022982,0.00107502962137902,"S000000885","S000000885","GET2"
"S000000893",3426.94966513507,1.42826144471686,0.195116075863209,7.32006031998193,2.47859517259702e-13,7.42468733045108e-12,"S000000893","S000000893","MET6"
"S000000898",755.516859103448,-1.17904370787669,0.146893507741151,-8.02652020506139,1.00276324523289e-15,4.25185739404735e-14,"S000000898","S000000898","SHC1"
"S000000903",1068.03483171434,-2.11427053905848,0.356012993613252,-5.93874543060997,2.87211438138085e-09,4.26987671365286e-08,"S000000903","S000000903","AST2"
"S000000905",10354.0291142096,-1.12596644396839,0.324239931717247,-3.47263348473158,0.000515378650052867,0.00219765924360362,"S000000905","S000000905","SSA4"
"S000000917",301.311549678204,-1.23402424241861,0.259540586073262,-4.75464843895463,1.98792037526424e-06,1.5305970050468e-05,"S000000917","S000000917","SPR6"
"S000000918",732.647300826355,-1.37827713918675,0.21289772823779,-6.47389312509394,9.55094697234133e-11,1.90418052054527e-09,"S000000918","S000000918","SLX8"
"S000000926",1356.78785384134,-1.47582408593127,0.279915528832695,-5.27239089623129,1.34657889423995e-07,1.3812183172434e-06,"S000000926","S000000926","DSE1"
"S000000940",887.446074321155,-1.2185737151456,0.22450216086547,-5.42789303429385,5.70231954053741e-08,6.32295873914839e-07,"S000000940","S000000940",NA
"S000000941",192.675868434164,-1.02157494846513,0.178404807211374,-5.72616267707838,1.02727719372107e-08,1.36841504057401e-07,"S000000941","S000000941","RTR1"
"S000000944",670.71153428623,-1.45416235988537,0.192499337049181,-7.55411619684618,4.21713569477158e-14,1.40283834354805e-12,"S000000944","S000000944","MAG1"
"S000028759",332.133143212131,-1.77051702000637,0.23107693910864,-7.66202385593297,1.83025630708379e-14,6.44442878652134e-13,"S000028759","S000028759",NA
"S000000950",764.046877103209,-2.00004908641096,0.240110506929405,-8.32970248569339,8.10457674916551e-17,4.0664713838938e-15,"S000000950","S000000950","SPT15"
"S000000952",9612.04979837611,-4.12306828629556,0.538527902550988,-7.65618321124074,1.91540419660589e-14,6.70502829521168e-13,"S000000952","S000000952","SPI1"
"S000000959",400.246526886064,1.01865643966546,0.251490447543171,4.05047766074931,5.11131893147143e-05,0.000283632187141516,"S000000959","S000000959","COG3"
"S000000960",1090.45830609521,2.32092682307148,0.141680276865938,16.3814390712097,2.59529428400699e-60,3.12525337680122e-57,"S000000960","S000000960",NA
"S000000962",847.197561228577,1.0738920787903,0.214080812142237,5.01629299722948,5.26779750218089e-07,4.69887537194536e-06,"S000000962","S000000962",NA
"S000000964",1714.60283851991,-1.8449257223391,0.285838272789942,-6.4544390935881,1.08620450679341e-10,2.15132807085629e-09,"S000000964","S000000964","RAD4"
"S000001891",248.803593687299,-1.95981486141878,0.269723633243028,-7.2660109084803,3.70258700311758e-13,1.06158458789386e-11,"S000001891","S000001891","MSH4"
"S000001880",19147.6234157901,-1.44263665076837,0.287032942520519,-5.0260316397838,5.0073330998252e-07,4.49038745771392e-06,"S000001880","S000001880","HSP12"
"S000001878",2898.17596736638,-1.41551932805084,0.300214713222891,-4.71502316743519,2.41683248512653e-06,1.83502501802608e-05,"S000001878","S000001878","MDJ1"
"S000001876",3795.61155092902,1.37049076573283,0.111098777705945,12.3357861718356,5.81188681150024e-35,1.84175634168647e-32,"S000001876","S000001876","LPD1"
"S000001864",1712.14106457717,1.03835678596623,0.2546739803713,4.07720013034848,4.55812581253372e-05,0.000255773303981971,"S000001864","S000001864","AGX1"
"S000001843",32.8724335315135,1.15191100671156,0.471967171972542,2.44065917105476,0.0146604837257358,0.0390251533743809,"S000001843","S000001843",NA
"S000001840",713.002723723385,-1.27419768093769,0.394101002299842,-3.23317543853454,0.00122422356058012,0.0046404107845238,"S000001840","S000001840","AQY3"
"S000001836",64.8390737632468,1.72635860801835,0.36698220064266,4.70420256076494,2.54860119781057e-06,1.92536108055426e-05,"S000001836","S000001836","THI5"
"S000001835",380.992319163393,1.55315979824721,0.435256006951754,3.56838222434772,0.000359192249607156,0.00160199743324791,"S000001835","S000001835","SNZ3"
"S000001832",37.1998307162844,1.29989380802494,0.388937290789642,3.3421681047498,0.000831267004177335,0.00334116063561531,"S000001832","S000001832","COS4"
"S000001828",54.1918853100691,1.58323654721468,0.460026140933268,3.44162299995109,0.000578235518500378,0.00243125422967233,"S000001828","S000001828",NA
"S000001907",302.48969368397,1.38885351415714,0.245578194602873,5.65544313249419,1.55444692197416e-08,1.9913457270652e-07,"S000001907","S000001907","MIC19"
"S000001926",1183.90612864875,1.40418833699588,0.186930969818511,7.51180148671561,5.83191790518276e-14,1.89805284903272e-12,"S000001926","S000001926","MET10"
"S000001929",1448.16489076629,1.09529584656293,0.195130560818675,5.61314353819102,1.98683653535897e-08,2.44137607742783e-07,"S000001929","S000001929","QCR6"
"S000001945",354.093794875462,1.18718449160172,0.204150519151129,5.81524111003053,6.05465516961406e-09,8.47792529680145e-08,"S000001945","S000001945","YMR31"
"S000002970",519.906149931111,-1.93774698348136,0.307821375194297,-6.29503712098698,3.07326305181069e-10,5.60730813180368e-09,"S000002970","S000002970","ERP6"
"S000002973",1312.74323806884,-2.12571395905789,0.233617338553634,-9.09912754001289,9.10603601938259e-20,6.94018264211425e-18,"S000002973","S000002973","COG7"
"S000002977",4869.14666990987,1.88537027666717,0.235814726613721,7.99513373800237,1.29433292938311e-15,5.41192956098311e-14,"S000002977","S000002977","LEU1"
"S000002978",423.556537619386,-1.10587654598042,0.388451184885095,-2.84688678786638,0.00441490600695721,0.0140944586786264,"S000002978","S000002978","MPO1"
"S000002989",388.497113674204,2.26335104939779,0.228896418582234,9.88810162874897,4.68833864473321e-23,5.42855518844974e-21,"S000002989","S000002989","ALK1"
"S000002996",727.143178910742,-1.04031837630326,0.258341140737719,-4.02691717367405,5.65129284269568e-05,0.000310460166111959,"S000002996","S000002996","SCW11"
"S000003023",6307.79212866712,2.0312189327847,0.518302645663078,3.9189823740647,8.8923616520723e-05,0.000464764839471591,"S000003023","S000003023","OLE1"
"S000003057",70.4189094563114,-1.40907140712177,0.228040229766251,-6.17904748020167,6.44895005754276e-10,1.09686803097359e-08,"S000003057","S000003057","MF(ALPHA)2"
"S000003066",408.798626419984,-1.07308235091024,0.145055440496282,-7.39773942458739,1.38522330001395e-13,4.3667170101487e-12,"S000003066","S000003066","USE1"
"S000003084",278.268483209038,1.6962638346073,0.230235699735771,7.3675100627488,1.73844317657982e-13,5.3677776236857e-12,"S000003084","S000003084","CDC20"
"S000003085",1429.54341134896,1.27196523191993,0.500880754897227,2.53945718513565,0.0111024633541111,0.0308766428891931,"S000003085","S000003085",NA
"S000003107",1301.48186096649,-1.5950794217972,0.195604913004917,-8.15459794589672,3.50343390395412e-16,1.59804360118998e-14,"S000003107","S000003107","FLC3"
"S000003124",6658.22825699633,-1.07460990610047,0.278947578235642,-3.85237223745561,0.000116979015253101,0.000592372288342239,"S000003124","S000003124","AMS1"
"S000003125",139.388088923983,-1.35825899285877,0.269509219108687,-5.03974965068268,4.66141204956058e-07,4.21416846102166e-06,"S000003125","S000003125","ARI1"
"S000003133",964.123753089478,-2.35948047179838,0.359565771484603,-6.56202747568651,5.30810317046237e-11,1.1020720410122e-09,"S000003133","S000003133",NA
"S000003134",1365.08180862742,-2.30272007770848,0.363090666633978,-6.34199743842437,2.26805088526483e-10,4.25418516516498e-09,"S000003134","S000003134","CUP2"
"S000003138",30.8009457883956,-1.50129473164613,0.400381231560992,-3.74966310431918,0.000177072296457075,0.000846824699736339,"S000003138","S000003138","SPO74"
"S000003143",47.0718955350378,-1.04913799599431,0.342979815452074,-3.05889136540431,0.0022215769322772,0.00771402232366842,"S000003143","S000003143","SAE2"
"S000003144",384.804288784959,-1.17411283886834,0.15226579949887,-7.71094259336321,1.24891836403856e-14,4.58520577431475e-13,"S000003144","S000003144",NA
"S000003146",724.047200190306,2.12050283921292,0.290718917053744,7.29399676052353,3.00892674644165e-13,8.75205214508462e-12,"S000003146","S000003146","MPT5"
"S000003155",1403.79248538077,1.28669589206734,0.28395762306917,4.5312954734584,5.86230763143329e-06,4.04781585422704e-05,"S000003155","S000003155","COX4"
"S000003160",1880.25680801332,-1.70044767835274,0.267506654182932,-6.35665562618084,2.06193534749615e-10,3.92876985040327e-09,"S000003160","S000003160","IME4"
"S000003180",172.636580594876,1.1988461772753,0.192439444453656,6.22973206287765,4.67233576228549e-10,8.20178822878162e-09,"S000003180","S000003180","VAM7"
"S000003193",664.214825999631,-1.11915651657807,0.322043309582529,-3.47517393865084,0.000510522207538008,0.0021815856718143,"S000003193","S000003193","VRG4"
"S000003199",42.1485854076492,-1.2093477732179,0.30678324406194,-3.94202681087017,8.07959422320168e-05,0.000427480112635302,"S000003199","S000003199",NA
"S000003203",1814.00864122417,1.28951679418116,0.203091997280241,6.34942199323486,2.16125423158118e-10,4.07928267346405e-09,"S000003203","S000003203","ADE5,7"
"S000003218",313.793456340234,-1.26539783900872,0.192559405688864,-6.57146730631971,4.9821826819057e-11,1.04158756693591e-09,"S000003218","S000003218","ZIP2"
"S000003223",201.391377044193,-1.37382919768602,0.232018062482068,-5.92121657680079,3.19568674984654e-09,4.72757491912188e-08,"S000003223","S000003223","FZF1"
"S000003224",11194.4991818638,1.44411967550286,0.331856621938646,4.35163736395125,1.35124622345208e-05,8.63678716709657e-05,"S000003224","S000003224","ZRT1"
"S000003265",686.382033196781,-1.35101371556436,0.209669894616804,-6.44352742215801,1.16728167479171e-10,2.30432884062981e-09,"S000003265","S000003265","TIM21"
"S000007408",185.511033922414,1.42212996253283,0.259465556692568,5.48099709518618,4.2293542740369e-08,4.80470605358041e-07,"S000007408","S000007408",NA
"S000003276",1454.78190396187,1.27959864900676,0.31025055376991,4.12440407747263,3.71695855012655e-05,0.00021172949319122,"S000003276","S000003276","RME1"
"S000003281",244.268191204016,-1.68141865229764,0.187044685588596,-8.9893954859317,2.48593964687488e-19,1.79045734545667e-17,"S000003281","S000003281","SCM4"
"S000003287",1070.37661397945,1.03089479479176,0.288617313366523,3.57183975821504,0.000354482291037585,0.00158451215615241,"S000003287","S000003287","MUP1"
"S000003292",1974.9309106047,1.41725647891668,0.429444837313838,3.30020611676592,0.000966138425540279,0.003784723136095,"S000003292","S000003292","ERG25"
"S000003297",867.513491001823,1.77070991837992,0.419281585569965,4.22319982398664,2.40858092898599e-05,0.000144442886189489,"S000003297","S000003297","VHT1"
"S000003298",360.161737789338,-1.1779960280169,0.190820747448154,-6.17331209404768,6.68740185624618e-10,1.12786685088118e-08,"S000003298","S000003298",NA
"S000003299",2462.8879817318,2.42685609077061,0.296717748648693,8.17900547514586,2.86196106280618e-16,1.33580368675628e-14,"S000003299","S000003299",NA
"S000003302",1088.85713969949,1.59026038904021,0.215231996400037,7.38858727158995,1.48397011285982e-13,4.62952541426373e-12,"S000003302","S000003302","ROM1"
"S000003312",468.397134426564,1.12802695686255,0.196128724739276,5.7514622519577,8.84748373960674e-09,1.19709437294769e-07,"S000003312","S000003312","TWF1"
"S000003319",2226.98413809546,4.26835099029357,0.44586297517282,9.57323489047083,1.0361196262592e-21,1.03974604495111e-19,"S000003319","S000003319","PDC6"
"S000003324",255.705903547878,1.623339561373,0.212585173838987,7.6361842740855,2.23754012581888e-14,7.78741566332686e-13,"S000003324","S000003324","DBF2"
"S000003334",654.659937411244,-1.24991351719134,0.298740535529103,-4.18394348452782,2.86495363519884e-05,0.000167963834834783,"S000003334","S000003334","GTF1"
"S000003340",187.354652127528,3.39210676580684,0.282697340653346,11.9990756119859,3.59286695092193e-33,9.8330235961368e-31,"S000003340","S000003340","CLB1"
"S000003341",71.8210462214016,-1.32911473699187,0.353845331674948,-3.75620254957278,0.000172511089932508,0.000828961909404332,"S000003341","S000003341","CLB6"
"S000007347",549.859514097622,1.15210968303127,0.13135996320327,8.77063037272982,1.77668784669513e-18,1.10981872396202e-16,"S000007347","S000007347",NA
"S000003342",1490.73271060063,-1.99631968972885,0.345082773780141,-5.78504591191429,7.24925280133266e-09,9.98804373382699e-08,"S000003342","S000003342","CLD1"
"S000003353",860.961698095741,1.35817621962252,0.237455686393361,5.71970391718737,1.06709838244196e-08,1.41208777157869e-07,"S000003353","S000003353","MEP1"
"S000003354",342.405055412213,1.26673564603986,0.360371476108923,3.51508299079972,0.000439616582918294,0.00190976294787233,"S000003354","S000003354",NA
"S000003361",112.504224940336,1.24652717751149,0.316935460775031,3.93306313677632,8.38701968486948e-05,0.00044141823009265,"S000003361","S000003361","SYF2"
"S000003363",48.9467660536479,-1.58727910935088,0.322310653999506,-4.92468706713403,8.44954631191365e-07,7.22652249205001e-06,"S000003363","S000003363","FHN1"
"S000003374",2738.304057415,-2.36871421527386,0.442955283307155,-5.34752446700436,8.91653612217574e-08,9.50202902506551e-07,"S000003374","S000003374","BTN2"
"S000003376",2804.35809752832,1.07380237781511,0.278489267318937,3.85581242736132,0.000115345909487298,0.000586569021134309,"S000003376","S000003376","THI4"
"S000003378",1309.41948167619,1.83827607835827,0.167014917613267,11.006657995754,3.54926340013229e-28,5.93614303672125e-26,"S000003378","S000003378","ECL1"
"S000003383",22.4701856010949,-1.0659491993836,0.340062409664194,-3.13456932930696,0.00172106579728305,0.00619028504506644,"S000003383","S000003383",NA
"S000003386",968.060430657232,-1.77447595968291,0.200561681567556,-8.847532319304,8.94757277538586e-19,5.79283179361272e-17,"S000003386","S000003386","GTO1"
"S000007368",530.838511660812,1.56691951471787,0.217273712102388,7.21173076832909,5.52451235018442e-13,1.54712041211444e-11,"S000007368","S000007368",NA
"S000029726",121.913651596397,-1.62579883064748,0.366669189074575,-4.43396630829762,9.25150902334658e-06,6.12124569555711e-05,"S000029726","S000029726",NA
"S000003407",1899.63354826338,1.04177081316308,0.311119974503376,3.348453646623,0.00081263873397385,0.00327503200619582,"S000003407","S000003407","ERG1"
"S000003411",156.893940798587,1.29434291029898,0.372826332900369,3.47170464121928,0.000517164992709381,0.00220215729922432,"S000003411","S000003411","OKP1"
"S000003412",3679.97355576793,1.64122393998688,0.255878565911379,6.41407354360153,1.41681804073863e-10,2.77871707598934e-09,"S000003412","S000003412","RNR4"
"S000003422",39.157240432071,1.22344122995554,0.396784299647072,3.08339123055966,0.00204655908178044,0.00717666408351779,"S000003422","S000003422",NA
"S000003433",2537.30643736563,-1.43224398551702,0.269858141015403,-5.30739587891575,1.11202488712709e-07,1.16443510354647e-06,"S000003433","S000003433",NA
"S000003439",395.493979144209,1.15961094445404,0.356880129399503,3.24930095269029,0.00115689011063293,0.00443106574816849,"S000003439","S000003439","CIR1"
"S000003441",833.808287516176,-1.07071633192988,0.241287166718598,-4.43751877271869,9.10017875611523e-06,6.04103376963283e-05,"S000003441","S000003441","TRX2"
"S000003443",917.469455748642,-1.04398357503335,0.357984669150088,-2.91628012314587,0.00354232303517637,0.0116040952093563,"S000003443","S000003443","ZPR1"
"S000003453",447.914638495927,-1.4004748570274,0.187916489047133,-7.45264486436916,9.14873123796431e-14,2.94569576383867e-12,"S000003453","S000003453","TOS2"
"S000003466",1647.91249311854,1.83323176127646,0.370878916124884,4.94293873707064,7.69536713725687e-07,6.60967268665102e-06,"S000003466","S000003466","YHB1"
"S000003468",3731.74803790874,-4.00808678710642,0.688381263586138,-5.8224809406145,5.79804136821389e-09,8.15654370981678e-08,"S000003468","S000003468","SPG1"
"S000003476",3189.12895359069,1.37326150710632,0.369245942169149,3.71909708482928,0.00019993619936636,0.000939746960487784,"S000003476","S000003476","LSC2"
"S000003486",45177.9713761069,2.92436122478839,0.147768302464209,19.7901794635334,3.61751423576379e-87,2.17810532135338e-83,"S000003486","S000003486","ENO1"
"S000003506",982.373651570529,-1.31517160811071,0.151654766507906,-8.67214159102706,4.24067874533199e-18,2.40878554015509e-16,"S000003506","S000003506","TAF1"
"S000003511",2468.05495798051,-2.13670928852664,0.395483609514351,-5.40277583475709,6.56174420825117e-08,7.17028346241021e-07,"S000003511","S000003511","SCW4"
"S000003512",585.645299823222,-2.76563331321388,0.456083979033399,-6.06386858638451,1.32885745460068e-09,2.13361352910685e-08,"S000003512","S000003512","PXR1"
"S000003513",1957.11732020139,-1.55055308177551,0.227136763785892,-6.82651745112086,8.70007163945088e-12,2.10374021450336e-10,"S000003513","S000003513","YOR1"
"S000003521",941.675021681283,-1.61376278908635,0.268204050404169,-6.01692176779022,1.77764936591844e-09,2.78005891745322e-08,"S000003521","S000003521","MAL11"
"S000003522",86.3003774809661,-1.6027592638518,0.312782920502155,-5.1241904809849,2.98818779254779e-07,2.81563046931616e-06,"S000003522","S000003522",NA
"S000003524",60.2819536681854,1.07544296698165,0.290116970989943,3.70692884084651,0.000209787857549083,0.000982982638368117,"S000003524","S000003524","MAL12"
"S000003528",186.326651792005,1.89499167195057,0.335354558395711,5.65071094013436,1.59785592589749e-08,2.02968154637738e-07,"S000003528","S000003528","YRF1-3"
"S000028771",25.6410104685258,2.90567758334104,0.554038495286698,5.24454096251461,1.56671896840923e-07,1.58010299979765e-06,"S000028771","S000028771",NA
"S000000999",773.897303080778,1.2248959717776,0.312818069168098,3.9156816453572,9.01491407146299e-05,0.000469946299777304,"S000000999","S000000999","STE20"
"S000001008",231.278806540202,1.11971206364986,0.295485861219381,3.78939303230668,0.000151015821293616,0.000739240861795822,"S000001008","S000001008","DUR3"
"S000001012",933.254779524976,-1.09246563652864,0.227717073083914,-4.79746916528328,1.60682935208441e-06,1.26497117850567e-05,"S000001012","S000001012","OPI1"
"S000001013",1889.64282569465,-1.10488420151869,0.371313659891379,-2.97560882042934,0.00292407586542848,0.00981374625738287,"S000001013","S000001013","AIM17"
"S000001020",309.549426277793,1.00112470389204,0.281825518802315,3.55228549971825,0.000381900247286937,0.00168702963236585,"S000001020","S000001020","WSC4"
"S000001027",952.795466569948,1.03971029332109,0.19685293746749,5.28166003869155,1.28018584431888e-07,1.32212675276912e-06,"S000001027","S000001027","VMR1"
"S000001028",512.665271636586,-1.20855596696192,0.399132998048188,-3.02795302035139,0.00246216361385517,0.00844711516753389,"S000001028","S000001028","MUP3"
"S000001030",218.243099266401,1.03165432660513,0.19796279075778,5.21135473316006,1.87466603683996e-07,1.86383026364018e-06,"S000001030","S000001030","CBP2"
"S000001035",104.838628196464,-1.52613329885141,0.300044116458299,-5.08636302176421,3.64995113767921e-07,3.36544499233791e-06,"S000001035","S000001035","ECM34"
"S000001041",43.957784720543,2.71384765821709,0.580307566253881,4.67656776515265,2.91716229711186e-06,2.18189244607584e-05,"S000001041","S000001041",NA
"S000001044",340.914939463221,-1.07304969782483,0.229874583128513,-4.66797887448448,3.04177167007374e-06,2.26105027475482e-05,"S000001044","S000001044","LEU5"
"S000001045",489.798709443873,-1.01122604526169,0.117165281488423,-8.63076529510674,6.094282387139e-18,3.39756243082999e-16,"S000001045","S000001045","TCD1"
"S000001046",415.799110756379,1.10730970603748,0.230704333724436,4.79969183136413,1.5890996068197e-06,1.25399328082063e-05,"S000001046","S000001046","NEM1"
"S000001049",2817.59224091551,1.29953429688378,0.339761183480493,3.82484627458449,0.000130853709676937,0.000654377230867803,"S000001049","S000001049","ERG11"
"S000001060",3883.75694499725,1.63348966859306,0.267078706216257,6.11613592013735,9.58715627090561e-10,1.59459303610836e-08,"S000001060","S000001060","ARG4"
"S000001075",2355.44672705251,1.54623751805796,0.339966553730418,4.54820481924252,5.41054649235937e-06,3.78361212897744e-05,"S000001075","S000001075",NA
"S000001080",103.197100685972,1.24367728867793,0.231893896996314,5.36313074551373,8.17917579371292e-08,8.74721446784112e-07,"S000001080","S000001080","RRF1"
"S000001088",397.231347569021,1.13851821051229,0.301662139055543,3.77415016043053,0.00016055403732403,0.000782749683180556,"S000001088","S000001088","INM1"
"S000001091",411.390164298897,1.45459457060742,0.196274044519079,7.4110388572852,1.25313857078548e-13,3.97113017615758e-12,"S000001091","S000001091","FSH1"
"S000028647",56.2623907539974,-3.00788689193331,0.429454325183716,-7.00397391654296,2.48802453267867e-12,6.51321552663404e-11,"S000028647","S000028647",NA
"S000001095",342.021195901774,-1.83466156369283,0.400848413722808,-4.5769460496394,4.71813074688159e-06,3.34603830706408e-05,"S000001095","S000001095","CUP1-1"
"S000001097",342.021195901774,-1.83466156369283,0.400848413722808,-4.5769460496394,4.71813074688159e-06,3.34603830706408e-05,"S000001097","S000001097","CUP1-2"
"S000028777",42.5633011548987,1.21566835270872,0.382622394424771,3.1772012574861,0.00148703803888067,0.00546609037368775,"S000028777","S000028777",NA
"S000001121",632.013046825381,1.04772547392129,0.142584279200879,7.34811354935707,2.01023698630653e-13,6.13905068508325e-12,"S000001121","S000001121","IRE1"
"S000001122",1204.86748582497,-1.01856874729128,0.265459063044779,-3.83700874857478,0.000124542036987929,0.000628029819685361,"S000001122","S000001122","LAM4"
"S000001123",545.510307761031,-1.55096860981758,0.167135276491168,-9.27972025043762,1.69924119102772e-20,1.42099044599693e-18,"S000001123","S000001123","LRP1"
"S000001134",917.583533927746,-1.4976200312304,0.46913152023533,-3.1923244690085,0.00141132695611335,0.00523251207066407,"S000001134","S000001134","HXT4"
"S000001139",5140.36379904153,-2.29104771025195,0.465325533594535,-4.92353749117124,8.49935840840098e-07,7.25881375560033e-06,"S000001139","S000001139",NA
"S000001149",366.198109933722,1.01154391362611,0.312662254609843,3.23526072850837,0.0012153169812318,0.00461667100567613,"S000001149","S000001149","CDC12"
"S000001158",87.9996418420837,-1.70420279590918,0.221920115900718,-7.67935249579447,1.59894705328569e-14,5.69660367327403e-13,"S000001158","S000001158","COX23"
"S000001170",277.562435371409,-1.01281761142457,0.363584190561924,-2.78564810493891,0.00534208297326923,0.0165456180977644,"S000001170","S000001170","FUR1"
"S000007496",491.579778526757,-1.94845256330259,0.464575174055696,-4.19405226993252,2.74014797012896e-05,0.000161274984634863,"S000007496","S000007496","IGO2"
"S000001178",135.285665381334,1.14992583368442,0.48857479995042,2.3536331259842,0.0185909495543763,0.0475953514970161,"S000001178","S000001178","SPL2"
"S000001180",2485.06049373238,-1.82955171813226,0.402650347755239,-4.54377284989803,5.52562011162608e-06,3.84621487769949e-05,"S000001180","S000001180",NA
"S000001181",32318.8955802901,-3.31628794605195,0.288138819062093,-11.5093410767999,1.18379422153675e-30,2.54558035995456e-28,"S000001181","S000001181","SPS100"
"S000003533",31.0681116512761,-2.52044227289387,0.371454872376117,-6.78532564876896,1.15824951846993e-11,2.71354877459434e-10,"S000003533","S000003533",NA
"S000001186",2061.88006228007,-2.32132517843649,0.365519226920431,-6.35076080126919,2.14252637955626e-10,4.05665136204662e-09,"S000001186","S000001186","DSE2"
"S000001189",3542.84250128382,-2.31720169931576,0.266094125978389,-8.70820312472418,3.08729701073116e-18,1.78736685592426e-16,"S000001189","S000001189","CRP1"
"S000001196",30.6978570365606,-1.32015572904566,0.423465216172975,-3.11750688988447,0.00182387683540332,0.00649145879174455,"S000001196","S000001196","SPO16"
"S000001197",577.883104712313,-1.0167763705597,0.200223389910704,-5.07820974868703,3.81007939004208e-07,3.49386592448194e-06,"S000001197","S000001197","RTT107"
"S000001203",800.513973710158,-2.12377206360624,0.340642560637205,-6.23460573932253,4.52917317044917e-10,8.00524815612171e-09,"S000001203","S000001203","PEX18"
"S000001211",163.181120938942,-1.04600524677335,0.255464161801801,-4.09452832599228,4.23028695828743e-05,0.000238488368687721,"S000001211","S000001211","MTG2"
"S000001227",60.5095061361773,1.23457559586305,0.365648978379286,3.37639558391555,0.000734422423701098,0.00301018203751145,"S000001227","S000001227","SSP1"
"S000001242",1075.27091249399,-1.09845207883196,0.293449463717341,-3.74324105049319,0.000181661803961042,0.0008653368051024,"S000001242","S000001242","AIM46"
"S000001251",2962.30203869431,1.61565142597427,0.303439073848043,5.32446729910385,1.01249313775896e-07,1.07139212345284e-06,"S000001251","S000001251","BAT1"
"S000001257",99.2013079303223,-1.01305184961368,0.264440880029821,-3.83091997538142,0.000127665025308807,0.000639493442083467,"S000001257","S000001257",NA
"S000001259",33.5341624089642,-2.84914815648546,0.463534842111248,-6.14656741553351,7.91776789894626e-10,1.32424668109876e-08,"S000001259","S000001259","IMD2"
"S000001262",244.939975214664,-1.20376031073328,0.149640151375716,-8.04436710111905,8.66922830691948e-16,3.72838740256873e-14,"S000001262","S000001262",NA
"S000001264",486.038262407771,1.15350655684536,0.169422433211733,6.80846411527911,9.86461865842233e-12,2.35693924374448e-10,"S000001264","S000001264","INP51"
"S000001272",190.33001176753,1.04311717770541,0.195706860128983,5.32999802366624,9.82138354427318e-08,1.04293739541568e-06,"S000001272","S000001272","DOT5"
"S000001275",720.009497140592,-1.30102291711924,0.300717295398422,-4.32639870412344,1.51566971979644e-05,9.56587775984732e-05,"S000001275","S000001275","PDR11"
"S000003536",82.9130247278499,2.20843003337318,0.256924913428816,8.59562431646028,8.28133166750898e-18,4.57448605230015e-16,"S000003536","S000003536",NA
"S000001296",1135.31969930603,-1.05066859627662,0.169800491181676,-6.18766523562334,6.10618284870186e-10,1.0444695151146e-08,"S000001296","S000001296","CAP2"
"S000001308",3208.97758091833,-1.19304357571743,0.243513846539674,-4.89928434325419,9.61863598295501e-07,8.05826689492721e-06,"S000001308","S000001308","MET30"
"S000001309",4683.01570479543,-2.30438003100124,0.302223624550514,-7.62475148800317,2.44504954637156e-14,8.41236761068753e-13,"S000001309","S000001309","SYG1"
"S000028790",114.954700575903,-1.41082377709298,0.353325835878107,-3.99298221027828,6.52474653365086e-05,0.000353923413325332,"S000028790","S000028790",NA
"S000001310",1350.04874476752,-1.06970149544608,0.239089007005182,-4.47407226641288,7.67437853315281e-06,5.17440460785141e-05,"S000001310","S000001310","NEO1"
"S000001317",963.308486355109,-1.12929569394663,0.290237747617891,-3.89093322014541,9.98594155947084e-05,0.000516540843037577,"S000001317","S000001317",NA
"S000001349",726.370255956219,-1.2781392173665,0.229708310466443,-5.56418361517321,2.63382509483794e-08,3.14024968238005e-07,"S000001349","S000001349","AIM19"
"S000001363",4532.71904656777,-1.42962024855099,0.538250215488262,-2.65605141886313,0.00790615583847132,0.0232062741770911,"S000001363","S000001363","XBP1"
"S000001368",235.111201749049,1.09293153469717,0.284220462356065,3.8453654097852,0.000120372921790223,0.000609046522772212,"S000001368","S000001368","MOB1"
"S000001370",596.926161664281,1.05102158318199,0.147654059674187,7.11813535978066,1.09396909501384e-12,2.98044702311235e-11,"S000001370","S000001370",NA
"S000001373",306.791738354998,-1.19540167200062,0.295723419141095,-4.04229626274635,5.29302971220623e-05,0.00029211119979096,"S000001373","S000001373","COX5B"
"S000001378",1601.18655562038,1.12597894372803,0.135656924851344,8.30019510586653,1.03940556550439e-16,5.17211645446441e-15,"S000001378","S000001378","HIS5"
"S000001393",102.990129183256,1.37962922486025,0.254485541266584,5.42124797343606,5.91843935825053e-08,6.55053738529897e-07,"S000001393","S000001393","FKH1"
"S000001401",228.636503207731,-1.41044355520444,0.274568850130668,-5.1369394399008,2.79248894360139e-07,2.65617313261042e-06,"S000001401","S000001401","REV7"
"S000001402",680.930211210745,-1.22043831845917,0.149859061072576,-8.14390741356715,3.82721915748367e-16,1.70693974423772e-14,"S000001402","S000001402","AXL2"
"S000001405",1803.79076643518,-1.12417011199434,0.220207545397675,-5.10504810343436,3.30710379023399e-07,3.07759998778962e-06,"S000001405","S000001405","SSL2"
"S000001407",495.245765599134,-1.38007267980303,0.291132563200307,-4.74035835989086,2.13340548205609e-06,1.63217718010924e-05,"S000001407","S000001407","PAN6"
"S000001412",159.07452369328,1.23469533649584,0.208807248296887,5.91308657418022,3.35755585515768e-09,4.94274909630914e-08,"S000001412","S000001412","MCM10"
"S000001414",510.724871266727,-1.34522276240913,0.280433459453078,-4.79694101065072,1.61107020733821e-06,1.26635166036337e-05,"S000001414","S000001414",NA
"S000001420",30.2292169769718,1.68159398314742,0.446217491852012,3.76855236258895,0.000164197043815091,0.000795358327281305,"S000001420","S000001420","AIM20"
"S000028798",20.2378749513536,-2.04099640770288,0.655332551848794,-3.11444380710971,0.00184292056698255,0.00654258533832662,"S000028798","S000028798",NA
"S000001434",183.384600608127,-1.64354974933908,0.488291016496379,-3.36592256218843,0.000762881215456475,0.00310778606107134,"S000001434","S000001434","IMA3"
"S000001446",270.068482682864,1.02864061919565,0.170363069875255,6.03793192943082,1.56101885213201e-09,2.47339329175969e-08,"S000001446","S000001446","EGH1"
"S000001453",137.912620072427,1.06172863699179,0.335965598220805,3.16023022182763,0.00157644520208414,0.00574215158000521,"S000001453","S000001453",NA
"S000001456",325.779222584796,1.19398944585005,0.281419542771257,4.24273820535821,2.20808966780128e-05,0.000133751588428888,"S000001456","S000001456","MET28"
"S000028799",362.044939505733,1.23908763873399,0.248223745553426,4.99181750710992,5.9813756799767e-07,5.24983425206118e-06,"S000028799","S000028799",NA
"S000001477",8694.10069845874,-3.54942248588681,0.326706780184592,-10.8642449473542,1.70628754174322e-27,2.77663710509079e-25,"S000001477","S000001477","GTT1"
"S000028659",21.585578967678,1.77403544545964,0.511152136108656,3.47066033796742,0.000519180277274467,0.00220605818593477,"S000028659","S000028659",NA
"S000028660",35.9590320607379,1.41335795615452,0.426480786535811,3.31400147620915,0.000919710216689286,0.00364802401081835,"S000028660","S000028660",NA
"S000003563",4335.56177638194,1.44346468686918,0.257424909329594,5.60732327974152,2.05479642150709e-08,2.51974119223914e-07,"S000003563","S000003563","RNR2"
"S000003566",476.544613978515,1.10667478425716,0.119357873070482,9.27190436447926,1.82851572283759e-20,1.48776934691961e-18,"S000003566","S000003566","VPS53"
"S000003572",46.5283820969043,-1.00440038568726,0.266432825304472,-3.7698072095263,0.000163373698622451,0.000792007278104489,"S000003572","S000003572","TAD2"
"S000003579",37.6152000199122,-1.72446884446001,0.40422999119135,-4.26605863503013,1.98956511357531e-05,0.000122236444375887,"S000003579","S000003579",NA
"S000003582",226.735236129501,1.18211912323445,0.172486310490273,6.85340836541988,7.21108506276552e-12,1.77942390011931e-10,"S000003582","S000003582","AIM22"
"S000003584",3701.01929375337,-2.22639051612302,0.459512469938155,-4.84511446756311,1.26538702409012e-06,1.03097364980333e-05,"S000003584","S000003584","UBX6"
"S000003588",36113.2870579397,2.99315985725268,0.24991875042702,11.9765317813828,4.71645167012891e-33,1.23468502199331e-30,"S000003588","S000003588","TDH1"
"S000003596",510.587218963067,1.20151786764632,0.244692431322111,4.91031888953136,9.09284027659999e-07,7.68932462154614e-06,"S000003596","S000003596","BNA3"
"S000003602",2537.95994594247,-2.1961590724839,0.397467835795224,-5.52537557684381,3.28781513240017e-08,3.84387085673425e-07,"S000003602","S000003602","MPM1"
"S000003603",463.66740209385,-2.27436934997188,0.379666875778402,-5.9904339700663,2.0928183294186e-09,3.22272612824282e-08,"S000003603","S000003603",NA
"S000003615",1633.54487047404,1.52277883007367,0.263927331106317,5.76968979942533,7.94175853681097e-09,1.0793979266397e-07,"S000003615","S000003615","PRY1"
"S000003618",1473.98607178261,1.12083176431696,0.203194071710237,5.51606528125146,3.46673529179708e-08,4.0373719906983e-07,"S000003618","S000003618","IML2"
"S000003619",250.811762316594,1.03994253453782,0.235137603751639,4.42269767976476,9.74760934688158e-06,6.38178471185289e-05,"S000003619","S000003619","TAX4"
"S000003625",914.169746408009,1.5975222140435,0.265014336841709,6.02805958757504,1.65939874180067e-09,2.6155078074298e-08,"S000003625","S000003625","SIP4"
"S000003635",332.286323926014,1.01136526436254,0.169793500114253,5.95644275948139,2.57787343807452e-09,3.86103879866833e-08,"S000003635","S000003635","CHS6"
"S000028805",227.458173022307,-1.50977487737722,0.41965564008357,-3.59765182013654,0.000321103069922503,0.00144173123341043,"S000028805","S000028805",NA
"S000003677",3796.39115816974,-1.10411197556358,0.443043538222698,-2.49210716398845,0.0126987716782143,0.0346439983119748,"S000003677","S000003677","YAK1"
"S000003680",484.8532556395,-1.44063718396697,0.329917481671066,-4.36665913145917,1.2616138147516e-05,8.14166857301111e-05,"S000003680","S000003680",NA
"S000003687",2143.07502274095,-1.28789641482809,0.348282887875417,-3.69784580196999,0.000217436900113476,0.00101408797489019,"S000003687","S000003687","SNA3"
"S000003689",5144.8988048776,2.84981433263423,0.468983500209579,6.07657696136582,1.22775092994421e-09,1.98717428741776e-08,"S000003689","S000003689","INO1"
"S000003691",2221.79402978654,-1.69214021247586,0.220765174992438,-7.66488741955709,1.78988132293811e-14,6.33933849730022e-13,"S000003691","S000003691","FBP26"
"S000003695",19385.1487973018,1.60539917675611,0.487788108324366,3.29118145637238,0.000997675363676627,0.00388551317250774,"S000003695","S000003695","HSP150"
"S000003697",405.583984371418,1.08490793847254,0.155017348257796,6.99862273910349,2.58490854712361e-12,6.70850619061692e-11,"S000003697","S000003697","FMP33"
"S000003699",2242.56120872141,-1.28188274456624,0.188424406611939,-6.8031672096826,1.02343742142905e-11,2.43561925471316e-10,"S000003699","S000003699",NA
"S000003700",1196.26145,-1.22419811593679,0.146925606853366,-8.3320950115834,7.9424166313619e-17,4.01859584348151e-15,"S000003700","S000003700","TPK1"
"S000003707",592.520904071023,1.11956388059172,0.338331361666663,3.30907508862497,0.000936047292008583,0.00369569884930077,"S000003707","S000003707","TOH1"
"S000003711",62.623290052826,1.41403522206386,0.252831898702071,5.59278805136103,2.2345200291196e-08,2.71250909180023e-07,"S000003711","S000003711",NA
"S000003721",956.135636381165,-2.03046525778236,0.301150426254737,-6.74236222420231,1.5583198928473e-11,3.51409890443206e-10,"S000003721","S000003721","ATG36"
"S000003748",588.653660957937,-1.21094176638636,0.202350964340433,-5.98436370359511,2.17237408283837e-09,3.31976252608371e-08,"S000003748","S000003748","OPT1"
"S000003750",58.3803128107828,1.53042238810758,0.278947223979671,5.48642272281269,4.10154725664076e-08,4.6949460137327e-07,"S000003750","S000003750","HXT8"
"S000003756",20.2378749513536,-2.04099640770288,0.655332551848794,-3.11444380710971,0.00184292056698255,0.00654258533832662,"S000003756","S000003756",NA
"S000003757",183.384600608127,-1.64354974933908,0.488291016496379,-3.36592256218843,0.000762881215456475,0.00310778606107134,"S000003757","S000003757","IMA4"
"S000003763",215.101831817814,1.13614649918971,0.373713592728206,3.04015299763529,0.00236457995282407,0.00814015774497067,"S000003763","S000003763","MRX12"
"S000003764",1468.57835115112,-1.95905833822829,0.205421621390581,-9.53676796515694,1.4735306116199e-21,1.40827425596245e-19,"S000003764","S000003764","SAG1"
"S000003768",5451.9271751127,-1.08058369887839,0.336018168389288,-3.21584902405188,0.00130059234953853,0.00488059630633583,"S000003768","S000003768","MHO1"
"S000003769",7209.11085311378,1.46134996320728,0.557289933912469,2.62224360118589,0.00873529685976314,0.0252954358473414,"S000003769","S000003769","TDH2"
"S000003777",5412.92500328925,1.09072617389461,0.341806751116195,3.19106094403567,0.00141751376102134,0.00524898545824693,"S000003777","S000003777","ILV3"
"S000003782",396.694831579633,-1.28085512728471,0.310143600298383,-4.12987766329026,3.62956319035409e-05,0.00020753656190999,"S000003782","S000003782","REC107"
"S000003789",69.341779314577,8.60251813693545,2.71475030116519,3.16880640302101,0.00153066314679941,0.00559230752844615,"S000003789","S000003789",NA
"S000003807",1125.17843112151,-1.98654506127,0.449178684344429,-4.42261650097964,9.75127376665779e-06,6.38178471185289e-05,"S000003807","S000003807","TAH11"
"S000003809",151.578585342747,1.63278370994667,0.318180820334905,5.13162203877677,2.87255880286138e-07,2.72372859087061e-06,"S000003809","S000003809","CYC1"
"S000003810",1692.48537252381,-1.01951056318531,0.214706369822857,-4.74839458198868,2.05037713186165e-06,1.5746582539463e-05,"S000003810","S000003810","UTR1"
"S000003814",66.1298941505346,1.66001276234579,0.260952745094595,6.3613538985537,1.99983075585195e-10,3.82253364475701e-09,"S000003814","S000003814","BFA1"
"S000003818",462.272610892603,-1.90849653392438,0.205118968567503,-9.30433956085496,1.34827636256655e-20,1.14337633507228e-18,"S000003818","S000003818","CDC8"
"S000003820",1914.75894965212,1.23226454968568,0.215365978320889,5.72172336268285,1.05448907188899e-08,1.39847548498758e-07,"S000003820","S000003820","PTK2"
"S000003822",1668.28313388201,1.70960843062723,0.332377498659741,5.14357451247737,2.69559668293959e-07,2.59268172970915e-06,"S000003822","S000003822",NA
"S000003841",635.729131070605,1.02261588537971,0.157414864210485,6.49631081860434,8.23135090911285e-11,1.65755731852068e-09,"S000003841","S000003841","AIM24"
"S000003852",475.243606027575,1.85302646265412,0.181489105920906,10.2101250278993,1.78634506978141e-24,2.44445083298952e-22,"S000003852","S000003852","BUD4"
"S000003856",1133.42026839552,3.30622338463775,0.414807414895031,7.97050213163236,1.58030939471399e-15,6.51715264765268e-14,"S000003856","S000003856","SFC1"
"S000003859",119.939809810461,1.03037080163317,0.215362892080143,4.78434697677509,1.71544127695897e-06,1.33791087157642e-05,"S000003859","S000003859",NA
"S000003870",2931.59490951321,1.15082693419804,0.340438251021306,3.38042781839464,0.000723730818707669,0.00297040440316215,"S000003870","S000003870","CPA2"
"S000003882",8301.72381468521,1.23659605185798,0.219070474669855,5.64474082471206,1.65430267584504e-08,2.08379841239811e-07,"S000003882","S000003882","ATP2"
"S000003889",40.3538237270383,1.47860831317301,0.552258802266004,2.6773829717264,0.00741997686067627,0.0219428687024223,"S000003889","S000003889",NA
"S000003898",1322.14024662624,1.27790365854859,0.219352756742106,5.82579256139019,5.68421857311835e-09,8.01514754771559e-08,"S000003898","S000003898","MET5"
"S000003908",597.394385963606,-1.90443004672215,0.547036958109775,-3.48135536089316,0.000498883138145005,0.00213618718899427,"S000003908","S000003908","HMS2"
"S000003916",2465.6955769042,-2.0507224897584,0.229138935907676,-8.9496902027365,3.56481397074124e-19,2.43906192248102e-17,"S000003916","S000003916","AAD10"
"S000003917",138.211814303732,1.13935816215359,0.205146187351541,5.55388416846943,2.79390655737072e-08,3.31143924841124e-07,"S000003917","S000003917","THI11"
"S000003918",18.6950637458474,-1.36628218582219,0.55980435486297,-2.44064229574747,0.0146611687315811,0.0390251533743809,"S000003918","S000003918",NA
"S000001484",299.418281432583,1.08363886032201,0.19958563446778,5.42944317215852,5.65301493840397e-08,6.27985294172145e-07,"S000001484","S000001484","MET14"
"S000001487",823.062284415435,-1.64862466152762,0.189002281594532,-8.72277650628804,2.71461747738217e-18,1.6182883001305e-16,"S000001487","S000001487","AUR1"
"S000001488",1084.05597938501,-1.39538300743545,0.274154135810269,-5.08977551373193,3.5848765090215e-07,3.32069868627976e-06,"S000001488","S000001488","BYE1"
"S000001492",368.349547952334,-1.29014979015357,0.478657899801044,-2.69534837028664,0.00703150727848727,0.0209691457770044,"S000001492","S000001492","MRT4"
"S000001499",1946.41807211778,1.73659038332106,0.247719975183437,7.01029612987453,2.37814236267874e-12,6.25274898065008e-11,"S000001499","S000001499","ATP7"
"S000001500",260.033051624198,1.12008127515232,0.309668800407703,3.61702978691313,0.000298003021322253,0.00134806625949007,"S000001500","S000001500","HCS1"
"S000001509",2344.02296421329,-2.50778458033485,0.276940918351855,-9.05530535270593,1.36186209813061e-19,1.02497146160555e-17,"S000001509","S000001509","GPX1"
"S000001512",1486.22627006189,1.70753511829704,0.303007303171827,5.63529360653313,1.74760333673361e-08,2.16508635606442e-07,"S000001512","S000001512","MAE1"
"S000001513",294.361571878222,1.04782062922489,0.276665032666177,3.78732584717051,0.000152277345308345,0.000744810638587771,"S000001513","S000001513",NA
"S000001515",2042.15847442248,-2.20935418799225,0.381883245731715,-5.78541795872446,7.23322564106183e-09,9.98804373382699e-08,"S000001515","S000001515","IXR1"
"S000001516",337.551796561308,1.1979454446318,0.262997118302846,4.55497555396158,5.23916708416352e-06,3.66802616438937e-05,"S000001516","S000001516","TTI1"
"S000001524",504.426236620806,-1.49723860033244,0.19806381472011,-7.55937475226473,4.05011464331788e-14,1.35476334818983e-12,"S000001524","S000001524","VPS24"
"S000001531",181.483778317114,1.07639171282188,0.345610768075611,3.11446231497738,0.00184280495369275,0.00654258533832662,"S000001531","S000001531","ELM1"
"S000001540",601.543170376088,1.00901708790834,0.22678106198118,4.44930047991431,8.61504184191394e-06,5.76346299224043e-05,"S000001540","S000001540","NUP120"
"S000001541",402.477987059354,-1.10901348493826,0.197813776877171,-5.60635109670286,2.06636586893983e-08,2.52877823107454e-07,"S000001541","S000001541","TOA2"
"S000001544",217.420130414505,-1.1553440951301,0.317586648480805,-3.63788622933854,0.000274884793987408,0.00124911799592316,"S000001544","S000001544","BLI1"
"S000113563",275.052972781211,-4.41712573335095,0.569726005977831,-7.75307022499308,8.96969810966343e-15,3.35444424337165e-13,"S000113563","S000113563",NA
"S000001549",78.4062908091872,-1.95635104511611,0.507096794901482,-3.85794401539491,0.000114344829901385,0.000581969755567403,"S000001549","S000001549",NA
"S000028524",11.0856197338541,1.6882737164807,0.558634555212042,3.02214336855672,0.0025099164154251,0.00857639247751046,"S000028524","S000028524",NA
"S000001567",60.5905325192468,-1.3910883713509,0.34774888502296,-4.00026694912063,6.32710700792986e-05,0.00034475575832349,"S000001567","S000001567","HOT13"
"S000001568",4943.27325299803,1.4804882390704,0.195312401689087,7.58010359949981,3.45279138867973e-14,1.17682283751524e-12,"S000001568","S000001568","MDH1"
"S000001569",132.147257130558,1.31566161485387,0.422009852430124,3.11760876500322,0.00182324657803093,0.00649145879174455,"S000001569","S000001569","SRX1"
"S000001579",786.915478768953,-2.01726072440673,0.211110145725362,-9.55548923276774,1.23001379569548e-21,1.21408410883319e-19,"S000001579","S000001579","CWP1"
"S000001586",1506.26383938141,1.48654653259342,0.166050234073788,8.95239046716933,3.47865986506055e-19,2.4074725341988e-17,"S000001586","S000001586","APE1"
"S000001590",1657.15039560559,-1.58759661047537,0.188277726052602,-8.43220620814075,3.39208573817521e-17,1.7456195067994e-15,"S000001590","S000001590",NA
"S000001596",406.965922893871,-1.0559504815013,0.215489753974645,-4.90023521779854,9.57219840195298e-07,8.04947019248029e-06,"S000001596","S000001596","RAD27"
"S000001603",772.823018302396,1.90323822247755,0.484194052465526,3.93073440862443,8.46867816399382e-05,0.000445326735593073,"S000001603","S000001603","OAC1"
"S000001612",1011.55679345694,1.63182675202117,0.139157665284801,11.7264596864388,9.32790951222104e-32,2.24653372692332e-29,"S000001612","S000001612","MYO3"
"S000001616",1407.02678031914,-2.1636288768231,0.181216707585475,-11.9394558352329,7.37038011894722e-33,1.84904411234088e-30,"S000001616","S000001616",NA
"S000001617",284.547511166643,1.3093217646904,0.230591510667324,5.67810046823177,1.36198715573689e-08,1.76355369133158e-07,"S000001617","S000001617","OCT1"
"S000001621",141.489383925751,-1.02570642377581,0.257652723783481,-3.98096479910598,6.86361140252181e-05,0.000370302905507024,"S000001621","S000001621","MRPL31"
"S000001631",4809.27491468964,1.45302578012739,0.145302209187533,10.0000253833172,1.52358002553018e-23,1.91114069452442e-21,"S000001631","S000001631","SDH1"
"S000001645",314.083482244457,1.39385787611931,0.312776255345955,4.4564056647382,8.33452511892623e-06,5.60068925681415e-05,"S000001645","S000001645",NA
"S000001646",21523.2842208279,1.42152756608448,0.175812916727083,8.08545579328022,6.1932139774276e-16,2.70212618536896e-14,"S000001646","S000001646","PIR3"
"S000001647",2078.95549546361,2.00198336547305,0.277407741343361,7.21675377831325,5.32432531975709e-13,1.498026296741e-11,"S000001647","S000001647","PIR1"
"S000001660",76.0561901830017,1.06906812465619,0.324131834704905,3.29825092814313,0.000972891499145482,0.00380375306256815,"S000001660","S000001660",NA
"S000001668",901.464801476453,1.40939870811292,0.243744197809,5.78228618683813,7.36922012002201e-09,1.01070784379619e-07,"S000001668","S000001668","ASH1"
"S000001670",2539.27247119656,-2.10744152520628,0.538073201366092,-3.91664464956773,8.97899493248405e-05,0.000468479449640264,"S000001670","S000001670","FAT3"
"S000001696",761.405192323315,1.04346755804574,0.232054501428782,4.49664863909562,6.90329254808179e-06,4.68598922570468e-05,"S000001696","S000001696","DOA1"
"S000001704",322.109356496698,-1.93687422556921,0.217258859271631,-8.91505290998334,4.87583393511104e-19,3.29858383407906e-17,"S000001704","S000001704","MCH2"
"S000001718",277.83961543966,1.0167215159925,0.206914777900582,4.91372112861371,8.93638363256858e-07,7.57830504953456e-06,"S000001718","S000001718","TOF2"
"S000001721",1545.89156221071,-1.45641705707051,0.156971187299718,-9.27824451177561,1.72293751352258e-20,1.42106942039992e-18,"S000001721","S000001721","PRY2"
"S000001722",2741.56129700945,-2.63824416440927,0.319872099067557,-8.24780958420534,1.61324152079785e-16,7.77066175737909e-15,"S000001722","S000001722","YPT52"
"S000001723",273.429588843756,-1.09667863128207,0.150495485529442,-7.28711979249056,3.1665134005467e-13,9.12228573430224e-12,"S000001723","S000001723",NA
"S000001724",731.122497524092,1.90997638546372,0.469866305288962,4.0649358423118,4.80456766313561e-05,0.00026785464721981,"S000001724","S000001724","MIC60"
"S000001726",4208.40196575183,-1.28798561881996,0.218720539852919,-5.88872732156789,3.89180957458532e-09,5.60588168626273e-08,"S000001726","S000001726",NA
"S000001750",5120.28367648029,-1.13810778398461,0.327667682644206,-3.47335988340482,0.000513985656721452,0.00219327260036844,"S000001750","S000001750","UTH1"
"S000001757",1625.07897700033,-1.57275918309716,0.248128813474441,-6.33847863565093,2.32045009070223e-10,4.33895341494352e-09,"S000001757","S000001757","FMP46"
"S000001758",859.071908749828,-1.2950258727013,0.418588306574066,-3.09379371655275,0.00197614836278781,0.00696827365904125,"S000001758","S000001758","TRK2"
"S000001774",3191.77191220503,-1.48725500136544,0.398859768328423,-3.72876664798348,0.000192419230981371,0.000907959396347049,"S000001774","S000001774","CCP1"
"S000001783",909.621343084605,-2.27573276158503,0.281380234948967,-8.08774916972321,6.07774065127291e-16,2.67110047162877e-14,"S000001783","S000001783",NA
"S000028669",35.9490324884392,-1.81529075743038,0.356009958406342,-5.09898870682276,3.41472921546977e-07,3.17285256270733e-06,"S000028669","S000028669",NA
"S000001788",567.734946808236,1.75084286569996,0.199946041249196,8.75657679822657,2.01269612886075e-18,1.22408519109804e-16,"S000001788","S000001788","MTD1"
"S000001804",2088.04984742903,-1.40684966914168,0.371059967802774,-3.79143478471235,0.000149779480664733,0.000734382942249476,"S000001804","S000001804","ESL2"
"S000001805",5462.76240772688,2.17895969953295,0.467011168411908,4.66575501168976,3.0748588414817e-06,2.28282676751681e-05,"S000001805","S000001805","PCK1"
"S000001808",1515.82924923182,-2.21462575458168,0.258341162409711,-8.57248505783774,1.01275498100636e-17,5.49351147805344e-16,"S000001808","S000001808","SKG1"
"S000001810",347.777501431308,-1.42962440380637,0.336386739033375,-4.24994281259263,2.1382510023384e-05,0.000130176029171683,"S000001810","S000001810","FLO10"
"S000001814",468.361179156147,-1.71742079737419,0.195160544497917,-8.80004102157299,1.36766151227053e-18,8.66809470040093e-17,"S000001814","S000001814","GEX2"
"S000003924",818.524582610885,1.17073158225435,0.172517936985768,6.78614411179126,1.15170112377878e-11,2.70874705713751e-10,"S000003924","S000003924","DNM1"
"S000003930",175.213450237228,1.20831420639911,0.276941866592784,4.36306081584919,1.28255270916695e-05,8.25909076138419e-05,"S000003930","S000003930","LMO1"
"S000003939",1610.89672697908,-2.30826271489699,0.132868635875324,-17.3725175974782,1.33249101636102e-67,2.00573210237742e-64,"S000003939","S000003939","SDC25"
"S000003940",76.4106111599775,-2.40444139464336,0.274169168885105,-8.76991896798936,1.78794911516884e-18,1.10981872396202e-16,"S000003940","S000003940",NA
"S000003942",3179.24607338518,-1.35684589202538,0.33260285446811,-4.07947759256369,4.51370201457185e-05,0.000253516789456503,"S000003942","S000003942","KNS1"
"S000003943",55.6207619261295,-1.11236799563217,0.333232624291297,-3.33811252123917,0.000843495840647859,0.00338805100503052,"S000003943","S000003943",NA
"S000003961",95.6252459704948,1.00859320835498,0.285107713671101,3.53758653306198,0.000403801844506069,0.00177855955067377,"S000003961","S000003961","ENT4"
"S000003975",72.780094842247,3.39231344975623,0.290544629289721,11.6757052369174,1.69652876812724e-31,3.78325915292375e-29,"S000003975","S000003975","AQY2"
"S000003976",89.3730067963924,1.98750635754576,0.272138039570921,7.30330225307515,2.80789437417008e-13,8.24699123262344e-12,"S000003976","S000003976",NA
"S000003978",721.067372059265,2.20235395075581,0.378376299922406,5.82053884243661,5.86582087356034e-09,8.23265908617874e-08,"S000003978","S000003978","YCT1"
"S000003981",262.604106400065,1.14109397242318,0.242733589733644,4.70101387152608,2.58872926698101e-06,1.95322542813191e-05,"S000003981","S000003981",NA
"S000004000",198.694381621351,-1.27557274792903,0.333745983444706,-3.82198681393378,0.000132380770036904,0.00066036836486512,"S000004000","S000004000","TEN1"
"S000004001",61.9540336773301,1.48091879967608,0.25112083692146,5.89723584004799,3.69641360783537e-09,5.37587109487361e-08,"S000004001","S000004001","LOT6"
"S000004006",327.453726312236,-1.19242815131629,0.198527764391876,-6.00635460218322,1.89740972627035e-09,2.94440823759634e-08,"S000004006","S000004006","PML1"
"S000004032",72.0308808865913,-1.09632210519537,0.36278226873078,-3.02198370673112,0.00251124064737601,0.00857639247751046,"S000004032","S000004032",NA
"S000004036",218.524039970655,-1.20689022111416,0.188711660980956,-6.39541941838957,1.60107261024852e-10,3.10969618913108e-09,"S000004036","S000004036",NA
"S000004043",339.860458155406,-2.24317557580464,0.62768701631649,-3.57371670513191,0.000351949707397521,0.00157436046674626,"S000004043","S000004043",NA
"S000004046",1874.22883776687,1.35547274929309,0.283450518343311,4.78204364280385,1.73521992515811e-06,1.35158592100608e-05,"S000004046","S000004046","ERG3"
"S000004047",388.684091649802,1.18633604646216,0.314596792618494,3.77097311319638,0.000162612194612473,0.000789552266778719,"S000004047","S000004047","MNL2"
"S000004048",2257.11988928581,1.19279687439732,0.291344118985886,4.09411687645943,4.23780515667964e-05,0.000238688726364529,"S000004048","S000004048","SHM2"
"S000004069",824.549388043026,-1.1445397587135,0.357907080590639,-3.19786844346503,0.00138447424760267,0.00514880756319683,"S000004069","S000004069","SIC1"
"S000004076",779.420737534105,1.33824911785214,0.116862924114831,11.4514430302733,2.31263239147241e-30,4.80150332036392e-28,"S000004076","S000004076","SMC4"
"S000004099",6405.40863143124,-1.02631223943068,0.169613346871947,-6.05089315409544,1.4404496476546e-09,2.30663492780009e-08,"S000004099","S000004099","AHP1"
"S000004110",1954.85818956492,1.53511275007246,0.314590877904439,4.87971158063513,1.06241093195861e-06,8.82313961561765e-06,"S000004110","S000004110","YPS1"
"S000004112",37.4333738217693,-1.04508305019473,0.33829260513514,-3.08928730433598,0.00200637311272598,0.00704839966968562,"S000004112","S000004112",NA
"S000004126",214.227037871135,1.91143658182659,0.359972465830344,5.30995218597485,1.09653998690333e-07,1.15222814330628e-06,"S000004126","S000004126","TIS11"
"S000004128",2116.12693435141,-1.29920416689,0.230669359975975,-5.63232224264773,1.77799067150294e-08,2.19820982199572e-07,"S000004128","S000004128","NHA1"
"S000004132",3719.12877608444,-1.41575357432095,0.360472879436911,-3.92748984759263,8.58370430934225e-05,0.000450588349141671,"S000004132","S000004132","PUT1"
"S000004139",5186.9951553064,-2.29921620574232,0.416448932188697,-5.52100396478029,3.37068173343449e-08,3.93311525523432e-07,"S000004139","S000004139",NA
"S000004143",1926.6511781973,1.49725667030999,0.405408469447508,3.6932052069619,0.000221445185232532,0.00103118442404105,"S000004143","S000004143","ACS2"
"S000004145",1417.58520107354,-1.01765254332655,0.198029729888329,-5.13888770085389,2.76369492890329e-07,2.63711682518648e-06,"S000004145","S000004145","ASP3-1"
"S000004147",1417.58520107354,-1.01765254332655,0.198029729888329,-5.13888770085389,2.76369492890329e-07,2.63711682518648e-06,"S000004147","S000004147","ASP3-2"
"S000004148",1417.58520107354,-1.01765254332655,0.198029729888329,-5.13888770085389,2.76369492890329e-07,2.63711682518648e-06,"S000004148","S000004148","ASP3-3"
"S000004150",1417.58520107354,-1.01765254332655,0.198029729888329,-5.13888770085389,2.76369492890329e-07,2.63711682518648e-06,"S000004150","S000004150","ASP3-4"
"S000004164",3217.26287464421,2.24466045737905,0.163436468888297,13.7341468073029,6.33985059869606e-43,2.72658860391064e-40,"S000004164","S000004164","IDP2"
"S000004167",1803.61679194904,-2.17980364768085,0.392286912560154,-5.55665656408203,2.74991066291135e-08,3.27217630462238e-07,"S000004167","S000004167",NA
"S000004173",253.095093940491,-1.45894227509473,0.206051598488556,-7.08047055104868,1.43665793497326e-12,3.8789764244278e-11,"S000004173","S000004173","TOS4"
"S000004180",334.847585852695,1.27943684355925,0.293258695799154,4.3628266165226,1.28392696519619e-05,8.25910711265629e-05,"S000004180","S000004180","MMR1"
"S000004184",1582.3836807252,1.84685323538934,0.339886956193709,5.43372789609724,5.51887190936059e-08,6.1421677941331e-07,"S000004184","S000004184","NCW2"
"S000004206",4106.19929135149,-1.63841668118528,0.295949104392882,-5.53614340055657,3.0920443543216e-08,3.64328748676523e-07,"S000004206","S000004206","CPR6"
"S000004207",524.655552297947,-1.35881593270822,0.319061134262962,-4.25879490413996,2.0553193739374e-05,0.000125762987301597,"S000004207","S000004207",NA
"S000004214",508.07734976877,-1.59286756876212,0.16762157496056,-9.50275982752764,2.04399924664967e-21,1.92295616626214e-19,"S000004214","S000004214","UCC1"
"S000004217",258.832659362439,-1.00292788826583,0.144709059583194,-6.9306503072756,4.18910404521787e-12,1.05977291833012e-10,"S000004217","S000004217","ADY4"
"S000004222",121.68603566863,1.11266477678557,0.215853271198065,5.15472742483758,2.54000123756364e-07,2.46666894376946e-06,"S000004222","S000004222",NA
"S000004227",2194.19408226484,1.49374034328072,0.167878351220462,8.89775443004621,5.69879363866482e-19,3.77059741740669e-17,"S000004227","S000004227","THI7"
"S000004241",410.724747240831,1.29540212451287,0.188459708577022,6.87362903346235,6.25888427642765e-12,1.55722075323847e-10,"S000004241","S000004241","SYM1"
"S000004242",113.637041265598,1.42712243276528,0.323389701177111,4.41301138400722,1.01942633892909e-05,6.63563890453193e-05,"S000004242","S000004242",NA
"S000007377",23.8558816935425,1.44145056602893,0.43005065474884,3.3518157689372,0.000802834249532521,0.00323889102693311,"S000007377","S000007377",NA
"S000004261",685.39106825575,-1.61701065779073,0.24127823159997,-6.70185058580697,2.05796409938888e-11,4.58925994163721e-10,"S000004261","S000004261","CMG1"
"S000004263",374.378167285346,1.4214033243866,0.197117200682678,7.21095530711598,5.55606900883385e-13,1.54875423621244e-11,"S000004263","S000004263","PIG1"
"S000004264",367.030571195799,1.20456403531457,0.347336538655518,3.4680026465895,0.000524342124555441,0.00222642026230487,"S000004264","S000004264","MCM5"
"S000004272",21.6909659625689,1.89720590248545,0.550314544395199,3.44749365941346,0.000565813687894407,0.00238068778114062,"S000004272","S000004272",NA
"S000004276",7232.99931918923,-2.11069516759867,0.246628991471517,-8.55817945410698,1.14663783725713e-17,6.16420215904035e-16,"S000004276","S000004276","CTS1"
"S000004285",205.113230443179,1.40327599310151,0.35357830308059,3.96878422933566,7.22402560721473e-05,0.000386973827233451,"S000004285","S000004285",NA
"S000004286",493.241819710583,1.98085609122571,0.350779090268053,5.64701872540922,1.63254054980073e-08,2.06937403165268e-07,"S000004286","S000004286","ATP14"
"S000004291",5482.87890396375,1.28646494241331,0.496119035492634,2.59305700926368,0.00951270005925823,0.0271094197783069,"S000004291","S000004291","EXG1"
"S000004294",2086.10203438072,1.35308596642754,0.494637401339322,2.73551082624122,0.00622835374874104,0.0189207456716296,"S000004294","S000004294","MET17"
"S000004295",14561.9281932692,1.21599163799657,0.278530449574097,4.36574040596263,1.26692872772671e-05,8.16721399319329e-05,"S000004295","S000004295","ACO1"
"S000028525",986.804972414573,2.41576362070714,0.243173839513762,9.93430718344364,2.95221001648197e-23,3.62760336923223e-21,"S000028525","S000028525",NA
"S000004298",55.7318831454074,1.07427463532399,0.275716002471122,3.89630861355791,9.76699208285148e-05,0.00050739481734986,"S000004298","S000004298","CDA1"
"S000004303",2699.35349494423,-1.00682629121809,0.38917170311656,-2.58710045760069,0.00967873697978126,0.0274859212208409,"S000004303","S000004303","ATG39"
"S000004319",4491.47145992361,-2.47857842639777,0.51962416268772,-4.76994451831781,1.84276667088593e-06,1.42796629670582e-05,"S000004319","S000004319","TMA10"
"S000004333",21.929267819658,-1.07087405924428,0.422629351119247,-2.5338374071945,0.0112821067004459,0.0312795615721731,"S000004333","S000004333","SPO77"
"S000004337",3852.42718092636,-1.77260486147876,0.262615432207714,-6.74981225047251,1.48036591276614e-11,3.35085833111462e-10,"S000004337","S000004337",NA
"S000004345",260.061746868553,1.24613916189809,0.328606128203537,3.79219696452597,0.000149320405965439,0.000732728740275393,"S000004345","S000004345","BUD8"
"S000028845",175.598926163423,-1.21898593460981,0.277545894942303,-4.39201572360931,1.12304575092773e-05,7.27081555519983e-05,"S000028845","S000028845",NA
"S000004369",1105.93501544212,2.89119387500431,0.352953665551166,8.19142611959978,2.58148862212032e-16,1.2238695270698e-14,"S000004369","S000004369","FBP1"
"S000004373",755.783679435176,-2.57964915645237,0.453517975103092,-5.68808580490327,1.28471271148781e-08,1.6706814764294e-07,"S000004373","S000004373","CTF3"
"S000004381",1173.16126871664,1.10000403830662,0.268763386534754,4.09283441650777,4.26132028162308e-05,0.000239788873043482,"S000004381","S000004381","STE23"
"S000004387",115.241942275527,1.0544179198079,0.355257013945778,2.96804251124183,0.00299702877105637,0.010019494853154,"S000004387","S000004387","COX8"
"S000004405",285.453377724586,-1.25789693258553,0.185931921804408,-6.76536293702585,1.32975430128721e-11,3.05589719391233e-10,"S000004405","S000004405","INA1"
"S000004406",1238.70543393609,1.59580307644667,0.256249531942034,6.22753557578265,4.73829169656701e-10,8.29338787936918e-09,"S000004406","S000004406","PUN1"
"S000004411",361.566635063571,1.03221488945049,0.31121716128948,3.31670299020037,0.000910863918366492,0.00361937540552042,"S000004411","S000004411",NA
"S000004445",129.492005447749,1.14422125540151,0.234925814716071,4.87056416845632,1.11280053925282e-06,9.15324050114925e-06,"S000004445","S000004445","RIF2"
"S000004446",2382.53673812545,-1.32221632190169,0.233950711803465,-5.65168753584491,1.58880215189751e-08,2.02968154637738e-07,"S000004446","S000004446","FMP27"
"S000004448",113.89360430916,1.14798008215858,0.311902613741072,3.68057217728731,0.000232711173938618,0.00107285909516418,"S000004448","S000004448",NA
"S000004454",14.3926970251454,2.58691450528403,0.798000763376013,3.24174439926581,0.00118800520585098,0.00452720211672706,"S000004454","S000004454",NA
"S000028685",159.154884782886,-1.14815250081993,0.453165677112126,-2.53362635082322,0.0112889033875323,0.0312795615721731,"S000028685","S000028685",NA
"S000004458",1625.19048409265,-1.03730049280047,0.295479096603159,-3.5105714912673,0.000447144553688736,0.00193744205870302,"S000004458","S000004458","YRF1-4"
"S000028687",159.154884782886,-1.14815250081993,0.453165677112126,-2.53362635082322,0.0112889033875323,0.0312795615721731,"S000028687","S000028687",NA
"S000004463",5264.88961075068,-1.82678241794669,0.300314460525936,-6.08289862148987,1.18028983068474e-09,1.91550540985251e-08,"S000004463","S000004463","GLO1"
"S000004466",2610.83141878357,-1.13731424868507,0.190234186994242,-5.97849559353649,2.25207703908097e-09,3.43284958286241e-08,"S000004466","S000004466","YAP1"
"S000004469",74.1359867239586,-1.49764910708799,0.272379587055844,-5.49838966743472,3.83275232626477e-08,4.42088156253644e-07,"S000004469","S000004469",NA
"S000004471",252.714925096224,-1.24358618612941,0.173053491654672,-7.18613750140902,6.66499236066466e-13,1.84082197264046e-11,"S000004471","S000004471",NA
"S000004470",2215.55806698974,-1.10669054726494,0.209155334496303,-5.2912374906914,1.21491479429613e-07,1.26338548816184e-06,"S000004470","S000004470","SPT5"
"S000004499",103.013484957342,-1.08872864511227,0.333106080227905,-3.26841420717203,0.00108151960430316,0.0041715756165979,"S000004499","S000004499",NA
"S000004497",1258.39209575813,-1.65257453757136,0.312922809672317,-5.28109324884909,1.28415307519669e-07,1.32395302495878e-06,"S000004497","S000004497","SRC1"
"S000004516",186.250942873102,1.39526774074267,0.199952596622679,6.97799260579552,2.9942741421205e-12,7.7044976964562e-11,"S000004516","S000004516","SUR7"
"S000004520",429.362568426361,-1.19109948377129,0.311471721783264,-3.82410151699134,0.000131249831872612,0.000655813475273855,"S000004520","S000004520","IMD4"
"S000004522",91.1802581171126,1.65081823584593,0.287428726729915,5.74340030179771,9.27940079707575e-09,1.24434904675263e-07,"S000004522","S000004522",NA
"S000004523",1203.10997184155,-1.74881635424109,0.243193866678197,-7.19103807233424,6.43005472627972e-13,1.78411794962812e-11,"S000004523","S000004523","SML1"
"S000004529",86.6999412253922,1.01081776993966,0.277655861993756,3.64054179400826,0.000272064938814987,0.00123723791284368,"S000004529","S000004529","TEM1"
"S000004531",269.435428655813,-1.89529489341056,0.258898178169603,-7.32061888890142,2.46829920512806e-13,7.42468733045108e-12,"S000004531","S000004531","SMA2"
"S000004546",1278.28036826238,-1.26322715871911,0.247322400308198,-5.10761320909449,3.26253630966132e-07,3.04082525084688e-06,"S000004546","S000004546","TDA9"
"S000004556",2609.34721735194,1.3387701838444,0.313935503811359,4.26447524281564,2.00372558520613e-05,0.00012273074006639,"S000004556","S000004556","RPM2"
"S000004561",18.7117557658138,1.11835680874061,0.436959399900234,2.55940668399844,0.0104851001270665,0.029414498620951,"S000004561","S000004561",NA
"S000004575",226.232556391902,1.32366099255066,0.375460177882803,3.52543643913106,0.000422785620119695,0.00185133979544777,"S000004575","S000004575","PML39"
"S000004587",687.214159709087,-2.29468826756144,0.362634456161615,-6.32782745426367,2.48636938732871e-10,4.59215646659698e-09,"S000004587","S000004587","NGL3"
"S000004589",2565.87924881287,1.56426515525387,0.113730455356544,13.7541448361383,4.80933763852425e-43,2.22746322473496e-40,"S000004589","S000004589","NDI1"
"S000004592",3950.060016476,1.68751249646062,0.601640730518946,2.80485082019804,0.005033987252753,0.0157780516651878,"S000004592","S000004592","PHO84"
"S000004597",19503.6999006426,-1.49936607148983,0.318451446223168,-4.70830353974617,2.4978695029771e-06,1.88940606500315e-05,"S000004597","S000004597","MSC1"
"S000004599",969.496128070044,-1.86969944840724,0.359088737968521,-5.20678943869061,1.92135902529981e-07,1.89337196257449e-06,"S000004599","S000004599","ERO1"
"S000004602",615.418086875996,1.13094302141296,0.302505744378104,3.73858362173575,0.000185059938597462,0.000880131034988405,"S000004602","S000004602",NA
"S000004603",255.11407994937,1.81131084528654,0.229667928186809,7.88665121676563,3.104033718827e-15,1.22956493559588e-13,"S000004603","S000004603","CDC5"
"S000004609",15.2665419019584,1.10132867452581,0.460732442404073,2.39038663910695,0.0168306440358126,0.0440142330388283,"S000004609","S000004609",NA
"S000004613",421.587700392363,-1.40764213600649,0.239009676967876,-5.88947758879106,3.87418338973269e-09,5.59387486560684e-08,"S000004613","S000004613","HXT2"
"S000004617",1029.62757918127,2.17775513769265,0.494292829578762,4.40579957339971,1.05394381628226e-05,6.85291114237094e-05,"S000004617","S000004617","ERG5"
"S000004618",1338.98888903412,-1.63202872891074,0.283788150687826,-5.75086988288675,8.87854290597778e-09,1.198603292307e-07,"S000004618","S000004618","SOK2"
"S000004619",248.305338161426,-3.3502550922244,0.396575581388776,-8.447961118766,2.96434062403119e-17,1.55202564324276e-15,"S000004619","S000004619","SPO20"
"S000004635",65.29836116771,2.01349910101732,0.321257722630901,6.26755081411901,3.66770956876343e-10,6.57240455759661e-09,"S000004635","S000004635","HOF1"
"S000004647",814.977353159367,-1.39212339060649,0.209682831217305,-6.63918634885165,3.15419421316679e-11,6.90596485726444e-10,"S000004647","S000004647","IOC4"
"S000004673",39.7929156327663,1.0748000088645,0.306635902730579,3.50513426279654,0.000456377067902133,0.00196837129358076,"S000004673","S000004673","NAT4"
"S000004696",4083.00260335554,-1.28782409795324,0.228370649423358,-5.63918393718735,1.70857950732228e-08,2.12936859562358e-07,"S000004696","S000004696",NA
"S000004700",109.64254829314,1.4456496051244,0.200050106747709,7.22643755920389,4.95828440223984e-13,1.40819954650406e-11,"S000004700","S000004700","CTF13"
"S000004702",8849.01233992645,-1.11594908583585,0.294444561381517,-3.79001425803173,0.000150638637801935,0.000737994498132993,"S000004702","S000004702","SNZ1"
"S000004708",542.509039860764,1.20227524549045,0.18611131555629,6.45997929731907,1.04717306190892e-10,2.08086765866456e-09,"S000004708","S000004708",NA
"S000004711",4657.85784246902,1.69661977121715,0.165273830834152,10.2655076284864,1.00789477659205e-24,1.41128708136296e-22,"S000004711","S000004711","PGM2"
"S000004713",21634.3860818906,-2.84299264494466,0.608165915991085,-4.67469907502402,2.94384954970951e-06,2.1963962997275e-05,"S000004713","S000004713","SPG4"
"S000004714",5623.39929980852,1.41558142873735,0.399529326593433,3.54312270592807,0.00039541866981926,0.00174291054976703,"S000004714","S000004714","ILV2"
"S000004716",6710.83039090788,-1.13213637489946,0.33536405207071,-3.37584296202611,0.000735899097507557,0.00301418262999524,"S000004716","S000004716","HFD1"
"S000004720",1983.21872436072,-2.47274077046301,0.324134400273673,-7.62875143266259,2.37038169224876e-14,8.20233802817803e-13,"S000004720","S000004720",NA
"S000004727",1945.48108851954,2.73909485790752,0.220567579136999,12.4183928962933,2.07691719979809e-35,6.94728803332461e-33,"S000004727","S000004727","ADE17"
"S000004742",4115.62655531294,-2.01818967908262,0.326341310266514,-6.18429115650242,6.23821382546067e-10,1.06403074909628e-08,"S000004742","S000004742","GID8"
"S000004744",3580.63951677614,-2.44141970159439,0.584991418113911,-4.17342823500873,3.0005020297024e-05,0.000175107356565674,"S000004744","S000004744","GAT2"
"S000004748",1444.82039578671,-1.59656158968519,0.387622387735067,-4.11885804381456,3.80754605772575e-05,0.000216071958657557,"S000004748","S000004748","SIP5"
"S000004749",81.2050556539423,-1.47035754244577,0.402724654976489,-3.65102440160166,0.000261196419550676,0.0011941257722966,"S000004749","S000004749",NA
"S000004753",4339.59596778657,1.35546653636802,0.236447390458854,5.73263478923398,9.88823970355278e-09,1.32304647233536e-07,"S000004753","S000004753","NDE1"
"S000004765",218.448974834063,-1.42275390662019,0.296281259563499,-4.80203813334762,1.57058773145003e-06,1.24101164449614e-05,"S000004765","S000004765","TPP1"
"S000004768",63.7619456148687,-1.85762665129864,0.360752570374414,-5.14930953747789,2.61447108249731e-07,2.53082482117625e-06,"S000004768","S000004768",NA
"S000004769",128.578801179891,-1.86221697926223,0.215460942793327,-8.64294454075834,5.47825154634774e-18,3.08266846360371e-16,"S000004769","S000004769","ATG16"
"S000004771",508.792134656927,-1.09460460441834,0.215694444516229,-5.07479275543411,3.87918561871004e-07,3.54963170368589e-06,"S000004771","S000004771","HLJ1"
"S000004775",1513.95033698316,-1.34501093072017,0.32309990988407,-4.16283288721054,3.14323414137625e-05,0.000182879813445209,"S000004775","S000004775","PAH1"
"S000004777",306.178104699262,1.2211135055463,0.211634040133809,5.76992956697435,7.93046718280379e-09,1.0793979266397e-07,"S000004777","S000004777","MLH1"
"S000004779",9171.31753670995,-1.70746673555079,0.39913496376818,-4.27791822452943,1.88649294489775e-05,0.000116259713625685,"S000004779","S000004779","ALD3"
"S000004784",3750.66331735658,1.60978806097548,0.258556674258029,6.22605494750826,4.7832636896386e-10,8.34783497835189e-09,"S000004784","S000004784","DDR48"
"S000004785",3367.42238276812,1.0761766391045,0.259377927526376,4.1490679232722,3.33831755008318e-05,0.000193083669251209,"S000004785","S000004785",NA
"S000004786",482.760603323389,-2.66278630480033,0.3795467116406,-7.01570115912838,2.28798620226427e-12,6.06870701490448e-11,"S000004786","S000004786","PAI3"
"S000004787",5516.22963912526,-2.56764316914564,0.377779992648997,-6.79666265844654,1.07070407207157e-11,2.53807449525313e-10,"S000004787","S000004787","SIP18"
"S000004794",377.508263359975,-2.00255010262521,0.381167364543547,-5.25372917228442,1.49050007790349e-07,1.51337284469763e-06,"S000004794","S000004794","RGM1"
"S000004803",21717.550703295,-4.73752369469715,0.426165509725142,-11.1166286022364,1.04133027579493e-28,1.79138559730322e-26,"S000004803","S000004803","SPG5"
"S000028514",35.9014366504046,-1.28229574659532,0.526451168156754,-2.4357353998947,0.0148615512217389,0.0394712835933348,"S000028514","S000028514","CMC4"
"S000004808",1271.16200357994,1.50418069892148,0.454803525243392,3.30731978850979,0.000941932958016781,0.00370678322890133,"S000004808","S000004808","ICY1"
"S000004809",3458.97142202267,1.27099985736555,0.296225600044908,4.29064826663485,1.78152294958534e-05,0.000110015894148239,"S000004809","S000004809",NA
"S000004811",87.5681493930983,1.37309459871362,0.27890112321098,4.92323079557812,8.51269550140681e-07,7.25990646090233e-06,"S000004811","S000004811","CIK1"
"S000004814",477.004183870563,-1.07697482929434,0.206672085023175,-5.21103190676946,1.87793148139829e-07,1.86383026364018e-06,"S000004814","S000004814","RAD14"
"S000004864",54.1578128398347,-1.07525977499038,0.42818219405049,-2.51122020002446,0.0120314621560121,0.033093391339127,"S000004864","S000004864","HOR7"
"S000004865",129.782421214774,-1.46700326291793,0.226196524668983,-6.48552520895158,8.84232130475867e-11,1.77465388586506e-09,"S000004865","S000004865",NA
"S000004868",817.917039481673,-1.53787913844247,0.291657597528804,-5.27289243096295,1.34290281373489e-07,1.3797982664672e-06,"S000004868","S000004868","GFD1"
"S000004869",50.5344407657193,-1.29858504010139,0.390572809401546,-3.32482192524139,0.000884750251561243,0.00353489135013288,"S000004869","S000004869","COX7"
"S000004882",238.232779244041,-1.92169220008951,0.17155470537577,-11.2016292172242,4.00303092954957e-29,7.53195288338062e-27,"S000004882","S000004882","TMA23"
"S000004885",2934.84317828999,-1.16317402834582,0.294264086098064,-3.95282361422179,7.72343704746009e-05,0.000411165468282557,"S000004885","S000004885","SCS7"
"S000004893",1909.22849210934,-1.1471436229874,0.272795766794082,-4.2051371854803,2.60923842723468e-05,0.000154628194590355,"S000004893","S000004893","CAT8"
"S000004914",327.050087495295,-1.36497871791941,0.282201659517594,-4.83689118006165,1.31885582463798e-06,1.0673159838905e-05,"S000004914","S000004914","DYN3"
"S000004919",91.7653793933331,-1.34311903789692,0.341742571939559,-3.9302069691641,8.48727726365632e-05,0.000445915326391577,"S000004919","S000004919",NA
"S000004940",11.6983819439316,1.30907715696348,0.550227327378212,2.37915692628559,0.0173522870757882,0.0450725282499227,"S000004940","S000004940",NA
"S000004951",956.931395713413,-1.24904962551834,0.231645235307142,-5.39207993577855,6.96467708662013e-08,7.55573346640357e-07,"S000004951","S000004951","LST8"
"S000004957",535.162438040487,-2.17880302453341,0.36904991531123,-5.90381662246411,3.55186956633857e-09,5.19072977158362e-08,"S000004957","S000004957","SPO1"
"S000004960",242.422095510677,1.21027332865867,0.250007012897392,4.84095751808128,1.29214996334414e-06,1.0485222276678e-05,"S000004960","S000004960","PBI2"
"S000004964",119.186273174867,-2.2332763877078,0.421535847951861,-5.29795128589594,1.17109197826761e-07,1.22203549413332e-06,"S000004964","S000004964",NA
"S000004966",204.429352096429,1.16815768884296,0.330412332055772,3.53545426581047,0.000407074702768031,0.00178904874844257,"S000004966","S000004966","HDA1"
"S000004981",2895.89715166492,2.16071560306646,0.25775846408743,8.38271445601708,5.17208415138767e-17,2.63907785385637e-15,"S000004981","S000004981","NCE103"
"S000004982",1963.19358006322,1.39332575617949,0.194651209569616,7.15806369382551,8.182453859079e-13,2.24961436920158e-11,"S000004982","S000004982","IDH1"
"S000004990",1509.45146094433,-1.42755604191251,0.243571457799522,-5.86093319311451,4.60273139300762e-09,6.53609568804219e-08,"S000004990","S000004990","LAP2"
"S000005002",46.3718298260686,1.30020664170065,0.3900846564292,3.33313966666268,0.000858718235328029,0.00344459859754168,"S000005002","S000005002",NA
"S000005010",890.174710301869,-1.93280886720328,0.286236212703714,-6.75249595062228,1.45323120335718e-11,3.30185097185419e-10,"S000005010","S000005010","SUN4"
"S000005018",1851.4096325682,-1.34883322517744,0.337902507123484,-3.99178223523662,6.55785794114542e-05,0.000355399303903119,"S000005018","S000005018","MLF3"
"S000005021",2525.82879924093,-2.80028011453866,0.373560244251191,-7.49619414172908,6.5697463137377e-14,2.12669045994702e-12,"S000005021","S000005021","APJ1"
"S000005037",807.156055390635,-1.34578028269052,0.320140413149754,-4.2037188290283,2.62565065822994e-05,0.000155447813305825,"S000005037","S000005037","YPT53"
"S000005048",12332.591970201,1.03880279645857,0.202525032969749,5.12925627625369,2.90889111978878e-07,2.75384173463023e-06,"S000005048","S000005048","LEU4"
"S000005056",582.762170431647,-1.39181974956491,0.304077682199091,-4.57718481507508,4.71275078323491e-06,3.34603830706408e-05,"S000005056","S000005056","DBP2"
"S000005061",6278.09327953425,3.18862019209222,0.168206552072818,18.956575429427,3.89707211656623e-80,1.17321356069226e-76,"S000005061","S000005061","MLS1"
"S000005069",2302.45739296873,-1.52843188765924,0.362359376900498,-4.21800009905344,2.46478711164244e-05,0.000147666499494519,"S000005069","S000005069","ESBP6"
"S000005072",54.3594701849144,1.08401991410922,0.251437111187121,4.31129640724548,1.62300169464277e-05,0.000101686713875589,"S000005072","S000005072","TEP1"
"S000005075",554.335846839737,-1.45199722814072,0.301400607383961,-4.81749934329424,1.45368569372361e-06,1.1639151013178e-05,"S000005075","S000005075","TOM22"
"S000005085",194.12920417887,-1.06927679690809,0.341662625821546,-3.12962763877658,0.00175028014413202,0.00627891335643308,"S000005085","S000005085","AAH1"
"S000005088",2840.62347312829,-2.03280728101859,0.328403077671862,-6.18997634075087,6.01732460567789e-10,1.03220260543551e-08,"S000005088","S000005088",NA
"S000005101",1711.83452408152,-1.33676047667301,0.226054847930966,-5.91343423469176,3.35047339354192e-09,4.94274909630914e-08,"S000005101","S000005101","IGO1"
"S000005116",464.764498934392,1.13357904918472,0.116083805039554,9.76517825891792,1.58832439350218e-22,1.67777213566257e-20,"S000005116","S000005116","APC1"
"S000005134",1429.78424992965,-1.89177963687728,0.349080852060099,-5.41931654432762,5.98273064540765e-08,6.60954517724761e-07,"S000005134","S000005134",NA
"S000005138",3889.0985143005,-2.41975290515165,0.368629810478176,-6.56418129074479,5.23195173377994e-11,1.09002011726952e-09,"S000005138","S000005138",NA
"S000005139",7744.73709894402,-2.54244627148982,0.404127146856427,-6.29120387300551,3.1501328376721e-10,5.71293669145293e-09,"S000005139","S000005139",NA
"S000005146",2992.27289168252,-3.71673181386528,0.630297784800478,-5.89678704811221,3.70647702603876e-09,5.37751763223599e-08,"S000005146","S000005146","SPS19"
"S000005147",1548.10339692402,-3.59318474675501,0.637475845834748,-5.63658179401274,1.7345866671265e-08,2.15339099438529e-07,"S000005147","S000005147",NA
"S000005164",1050.0874075583,1.19358153904502,0.110013851459886,10.8493750851022,2.0079344867977e-27,3.18151935394972e-25,"S000005164","S000005164","ADE12"
"S000005184",1205.26439654688,-1.70456003063566,0.364824931268108,-4.67226848974033,2.978912011352e-06,2.21980559657802e-05,"S000005184","S000005184","NAR1"
"S000005185",5468.18332673749,-1.15961131425503,0.426816050720152,-2.71688778408979,0.00658989465274813,0.0198686808734083,"S000005185","S000005185","ZWF1"
"S000005188",1513.65862644941,-1.86144599202462,0.190216143605332,-9.78595169023518,1.29372398169414e-22,1.39098430246078e-20,"S000005188","S000005188","SUI1"
"S000005198",477.559203286298,1.54329402928085,0.319048998538426,4.83716932618728,1.31701229913782e-06,1.06725855358127e-05,"S000005198","S000005198","RTC4"
"S000005213",27.4524738791835,-2.30898785949937,0.557631218798847,-4.1407076606525,3.46235997811778e-05,0.000199110500747346,"S000005213","S000005213","BSC4"
"S000005230",463.228839999454,-1.32012038284207,0.212138241660654,-6.22292507238648,4.87970456673193e-10,8.49153213765692e-09,"S000005230","S000005230","CUS2"
"S000005240",12.5830902125859,2.66362591309733,0.683411677958781,3.89754228527828,9.717385879475e-05,0.000505253716583066,"S000005240","S000005240",NA
"S000005244",122.369731274182,-1.10641936706254,0.241650930887193,-4.5785851641475,4.68131562706392e-06,3.33170229202741e-05,"S000005244","S000005244","TOS6"
"S000005249",3092.90593657846,-1.4745401813164,0.327073241286861,-4.50828742673924,6.53530022831754e-06,4.46640666001134e-05,"S000005249","S000005249","BXI1"
"S000005266",6680.4692962054,-3.2836184446811,0.365489683589787,-8.98416177559343,2.60713961708861e-19,1.84677501582241e-17,"S000005266","S000005266","KRE1"
"S000005268",18.930195140376,1.26666699550805,0.438460031082658,2.88889957057286,0.00386592521964925,0.0125345911402844,"S000005268","S000005268",NA
"S000005276",95.5070323626113,1.98121748875326,0.220217982068072,8.9966199406043,2.3277369665497e-19,1.70918344824339e-17,"S000005276","S000005276","THI12"
"S000005277",392.20383435322,1.04701662107187,0.261393515777305,4.00551872129788,6.18815321829711e-05,0.00033779574367513,"S000005277","S000005277","SNZ2"
"S000005280",736.77953053844,1.12526745419631,0.244367473894439,4.60481682059863,4.12829081052897e-06,2.98038836573081e-05,"S000005280","S000005280","COS1"
"S000005284",13040.477350482,1.75624105630419,0.178555256139369,9.83584070431048,7.89057891563542e-23,8.63803193655289e-21,"S000005284","S000005284","CIT1"
"S000005290",769.606659632357,-1.13168690880731,0.232292750852262,-4.87181328153912,1.10578649366401e-06,9.12046640870003e-06,"S000005290","S000005290","ATG3"
"S000005330",699.032070437733,-1.14031647588443,0.316913275674196,-3.59819724641872,0.000320430570495866,0.00143978542160866,"S000005330","S000005330","FPK1"
"S000005340",412.000421991187,1.16674053275525,0.221761990074014,5.26122863690864,1.43095961400694e-07,1.46030641287047e-06,"S000005340","S000005340","BIO4"
"S000005341",582.108648990816,1.55575531056874,0.248551221632767,6.25929456451177,3.86722801757385e-10,6.90937088837155e-09,"S000005341","S000005341","BIO3"
"S000005342",323.401198206123,1.06322965990474,0.25385084510219,4.18840307376851,2.80924244060273e-05,0.000165019012047503,"S000005342","S000005342","MNT4"
"S000005347",482.33355194331,-3.08077181222429,0.291219383475166,-10.5788693577363,3.73437266636464e-26,5.62116445604538e-24,"S000005347","S000005347",NA
"S000005348",903.842505643085,1.10735996632279,0.173332263871193,6.38865460815588,1.67351569365445e-10,3.229563458812e-09,"S000005348","S000005348",NA
"S000005349",183.690048567724,2.27667397048427,0.3483212965673,6.53613199342346,6.31302058489743e-11,1.29729341097841e-09,"S000005349","S000005349",NA
"S000005352",356.506331645244,1.19478304773352,0.256190648842486,4.66364815863405,3.10652339902708e-06,2.30349475191405e-05,"S000005352","S000005352","BSC5"
"S000005353",850.251893680291,-1.88364246328757,0.250422048882837,-7.52187146335848,5.39976583621348e-14,1.77661148086565e-12,"S000005353","S000005353","PDR18"
"S000005367",311.651724142253,-1.60544502055903,0.394440967710699,-4.07017818122924,4.6977194084174e-05,0.000262383752857896,"S000005367","S000005367","CSI2"
"S000005374",21.7470039425433,-2.4235197724644,0.473858306323152,-5.11443978110126,3.14673454452237e-07,2.94657677955975e-06,"S000005374","S000005374",NA
"S000005390",2051.93747178698,-1.15574975378054,0.216938201283508,-5.32755294799431,9.95447655312848e-08,1.0552095656054e-06,"S000005390","S000005390","GAS5"
"S000005405",1031.52062873146,-1.35678119933955,0.105133085337697,-12.9053684192891,4.19802884282641e-38,1.57977072891611e-35,"S000005405","S000005405","PSK2"
"S000005406",109.817668550855,-1.59837946362806,0.251801651708293,-6.34777195774613,2.18455576227679e-10,4.11037820145892e-09,"S000005406","S000005406",NA
"S000005407",106.927579073424,-2.52392968074993,0.444538607170111,-5.6776388822942,1.36566637515559e-08,1.76452301390811e-07,"S000005407","S000005407","LDS2"
"S000005408",1279.43215258108,-2.58988498105677,0.261025669623017,-9.92195512723776,3.34145712769886e-23,3.98678489369369e-21,"S000005408","S000005408","RRT8"
"S000005413",151.208350530453,-2.01750341861934,0.367886300200145,-5.48404063299377,4.15719219763314e-08,4.74799869928196e-07,"S000005413","S000005413","DDR2"
"S000005416",1005.65759119828,1.04692219394948,0.183610104278318,5.70187680065008,1.1849546022502e-08,1.55777547164813e-07,"S000005416","S000005416","THI20"
"S000005419",2346.11783601525,1.01750178929568,0.221544567840931,4.59276343000315,4.3741482520906e-06,3.15032854376047e-05,"S000005419","S000005419","ARG1"
"S000005421",2402.75232308867,-1.93425277480522,0.412101235081638,-4.69363498612675,2.68392748242688e-06,2.0124442555034e-05,"S000005421","S000005421","MAM3"
"S000005428",251.069733055717,-1.67001896836063,0.254998047522282,-6.54914413889661,5.78677587026476e-11,1.19322525735836e-09,"S000005428","S000005428","RTG1"
"S000005429",1040.50855151891,-1.0522152097106,0.20504215242832,-5.13170193176954,2.87133952372841e-07,2.72372859087061e-06,"S000005429","S000005429","HST1"
"S000005431",443.545087154599,1.0682890392564,0.161625779730559,6.60964507665368,3.85242521498611e-11,8.34368784871632e-10,"S000005431","S000005431","NBA1"
"S000007339",19.8521389478962,1.28483538838848,0.476165078805285,2.69829822802666,0.0069694973076104,0.0208151504410328,"S000007339","S000007339","ATP19"
"S000005441",6361.23201999022,-2.36607051580908,0.416222372184442,-5.68463079817487,1.3109555731227e-08,1.70113437624392e-07,"S000005441","S000005441","IRA2"
"S000005443",2173.31972778177,-1.84419452224429,0.262042976074404,-7.03775598137252,1.95360420301161e-12,5.25118344032718e-11,"S000005443","S000005443","ATG34"
"S000005473",480.845282854226,1.49452797119537,0.150644383155418,9.92090073251175,3.37694784219196e-23,3.98678489369369e-21,"S000005473","S000005473","SKM1"
"S000005477",416.425225216907,1.65007014739206,0.214804621274958,7.68172554946995,1.56959826344027e-14,5.65901266118195e-13,"S000005477","S000005477","RRI2"
"S000005486",3441.90990779568,1.26696272646032,0.28765457628793,4.40445878807137,1.06048298107442e-05,6.88799140134743e-05,"S000005486","S000005486","MDH2"
"S000005493",246.938667717865,-1.5202555160448,0.246907723609778,-6.15718088449703,7.40512547118579e-10,1.24195711593342e-08,"S000005493","S000005493","HRT1"
"S000005494",76.2069857312932,-1.83243002191869,0.281664618599545,-6.5057160215211,7.73241779621576e-11,1.56757197141465e-09,"S000005494","S000005494",NA
"S000005510",85.5774705586119,1.00857862683169,0.402176919350802,2.50779838002576,0.0121485963981077,0.0334003191383592,"S000005510","S000005510",NA
"S000005514",1602.21774230802,-1.09604652293232,0.396065985711627,-2.7673331274914,0.00565169710456681,0.0173882822006115,"S000005514","S000005514","ZPS1"
"S000005515",4495.75201557099,-1.3638677304192,0.216775679829575,-6.29160859507602,3.14192894345017e-10,5.71293669145293e-09,"S000005515","S000005515","HPF1"
"S000007627",23.8968881035821,1.49506840652345,0.45053152825976,3.31845456476345,0.00090517047135251,0.00360213576207103,"S000007627","S000007627",NA
"S000005535",139.321242136129,-1.02652041931644,0.294284289328678,-3.48819307227761,0.000486296786205015,0.00209291847729835,"S000005535","S000005535","TIR4"
"S000005536",181.717598913444,-3.71958293148608,0.448498050787858,-8.29342050640364,1.10037485067065e-16,5.43062047203933e-15,"S000005536","S000005536","TIR2"
"S000005545",1128.31132254688,-1.58702692930868,0.298491768460156,-5.31681974848336,1.05596580968483e-07,1.11543335791445e-06,"S000005545","S000005545",NA
"S000005551",121.65514983814,1.82192422070908,0.277033915733553,6.57653852917192,4.81526267298548e-11,1.0216242311185e-09,"S000005551","S000005551","HST3"
"S000005553",9428.71873287026,-1.1318982614539,0.266401015778697,-4.24885114700233,2.14869630329233e-05,0.000130679802445688,"S000005553","S000005553","STI1"
"S000005554",475.430703633305,-3.62587102195802,0.302118079617278,-12.0015029439855,3.4890246763067e-33,9.8330235961368e-31,"S000005554","S000005554","CIN5"
"S000005556",1700.9264969893,-2.98606425802464,0.170717031539314,-17.4913084599704,1.6688133209219e-68,3.34930833509026e-65,"S000005556","S000005556","DFG16"
"S000005558",1084.40817762279,-2.10927438806113,0.262464696783684,-8.03641180664967,9.25074772123447e-16,3.95026610138672e-14,"S000005558","S000005558","HMS1"
"S000005561",1577.14186654167,-1.21503258701755,0.27995244158755,-4.34013927554037,1.42392437372612e-05,9.043722209077e-05,"S000005561","S000005561","SHE4"
"S000005562",2784.7221540031,-1.67596643079594,0.321182373585369,-5.21811459354718,1.80753626748235e-07,1.80483845215775e-06,"S000005562","S000005562","PEP12"
"S000005566",1626.64620758379,-1.92217968709818,0.520690433768929,-3.69159785246065,0.000222849627720962,0.00103612170541152,"S000005566","S000005566","GLO4"
"S000005577",252.505362834684,-1.20705157158902,0.351079723350432,-3.43811246081049,0.00058578436005185,0.00245784503963219,"S000005577","S000005577","ETT1"
"S000005579",218.022971930324,-1.18702849680537,0.248409898943691,-4.77850722476417,1.76601418617457e-06,1.3737947564544e-05,"S000005579","S000005579",NA
"S000005580",1826.19252858427,-1.1982572134701,0.246278355264301,-4.86545889176559,1.14191544814363e-06,9.35438491601741e-06,"S000005580","S000005580","VHS3"
"S000005581",246.45710272237,-1.53871555852095,0.303789944931846,-5.06506414774903,4.08262849463443e-07,3.73012233174415e-06,"S000005581","S000005581",NA
"S000005588",368.10184280586,-1.02792614885498,0.222494818754155,-4.62000038747323,3.83739327349629e-06,2.7870862363958e-05,"S000005588","S000005588",NA
"S000005592",445.19553891602,1.10114357876651,0.198823206945287,5.53830508864857,3.05412891347142e-08,3.60566866431596e-07,"S000005592","S000005592","MSA1"
"S000005594",37.55080096458,1.31292839311088,0.292023033945784,4.49597545567121,6.92517250733775e-06,4.69554771021178e-05,"S000005594","S000005594","VAM10"
"S000005601",618.731488386131,-1.22195971607362,0.284781092534111,-4.290873755698,1.7797147430311e-05,0.000110015894148239,"S000005601","S000005601","UFE1"
"S000005624",1353.51989809418,-1.14855673266508,0.352921168100149,-3.25442857068622,0.00113620729021051,0.00436294903976881,"S000005624","S000005624","NUP1"
"S000005633",484.920838853506,-1.19234230684523,0.440036098111287,-2.70964657663991,0.00673549367156511,0.0202468334480747,"S000005633","S000005633","RGS2"
"S000005645",689.740311732135,-1.05293917888484,0.242451886565809,-4.3428788853703,1.40627668792524e-05,8.94106857233146e-05,"S000005645","S000005645","RIO1"
"S000005646",2319.66272700115,1.01433303645975,0.194420977256977,5.21719955722189,1.81648526055682e-07,1.81077115129348e-06,"S000005646","S000005646","GCY1"
"S000005654",953.265738054967,1.38015792163018,0.199811461971943,6.90730105274928,4.9396096290578e-12,1.24440960571368e-10,"S000005654","S000005654","ADE2"
"S000005661",214.54026036218,1.52423205436409,0.34237059355235,4.45199466037386,8.50762821453483e-06,5.70427945208399e-05,"S000005661","S000005661","IRC14"
"S000005662",2006.85945569182,1.12964293846423,0.333946207188339,3.38270929313815,0.000717745645421449,0.00294986111336693,"S000005662","S000005662","IDH2"
"S000005663",463.116933633055,1.82313523285753,0.18003664734461,10.1264673595473,4.21606831690772e-24,5.51846681219595e-22,"S000005663","S000005663","SIA1"
"S000005665",33.4342284104281,-1.06896146964437,0.411699656531022,-2.59645946428869,0.00941900187833782,0.0269159042759715,"S000005665","S000005665",NA
"S000005711",2092.85528210327,-1.54043792987275,0.314910681080923,-4.89166618479004,9.99859198863342e-07,8.32662826605281e-06,"S000005711","S000005711","GSP2"
"S000005712",220.599033383628,-1.12349292171915,0.272616270988345,-4.12115138119243,3.76983601952276e-05,0.000214133798807043,"S000005712","S000005712",NA
"S000007353",22.9661111009645,-9.12884029867208,3.17463473374065,-2.87555610780949,0.00403316457652337,0.0129993932941877,"S000007353","S000007353",NA
"S000005730",1950.99349893513,-2.00806066663578,0.390879024906005,-5.13729450465822,2.78721982053638e-07,2.65535609801416e-06,"S000005730","S000005730","DED1"
"S000005740",26.4475079415346,-2.33710590817069,0.419984033435185,-5.56474942405487,2.6252937496974e-08,3.13628842597779e-07,"S000005740","S000005740","SPR2"
"S000005746",2460.99887924677,-1.48860082753005,0.458640750604853,-3.24567938101203,0.00117170719772741,0.00447642705426188,"S000005746","S000005746","RCN2"
"S000005752",220.037135179614,1.45054177749871,0.267726990226699,5.41798858706945,6.02732626000703e-08,6.64661747463413e-07,"S000005752","S000005752","ISU2"
"S000005756",5912.41437027891,1.2579162524307,0.134794456405101,9.33210671995486,1.03787103579214e-20,8.92717358072065e-19,"S000005756","S000005756","WTM1"
"S000005773",1263.72976451643,-1.23864790915394,0.255708405413981,-4.84398589537416,1.27259970310468e-06,1.03405166159153e-05,"S000005773","S000005773","SRL1"
"S000005783",393.814493195282,-1.58655770847445,0.250650423554381,-6.32976272681314,2.45538479089582e-10,4.5600605236168e-09,"S000005783","S000005783","CDC31"
"S000005790",475.0004954666,-1.0864651253506,0.178472675780904,-6.08757122398035,1.14636383944915e-09,1.86547477765496e-08,"S000005790","S000005790","DSE3"
"S000005809",599.496436785622,-1.00263353807737,0.236669305851465,-4.23643249584141,2.27099152923965e-05,0.000137147843506037,"S000005809","S000005809",NA
"S000005811",5865.24849776378,-1.33293162691883,0.293903216778322,-4.53527403180553,5.75287421394842e-06,3.98194586807193e-05,"S000005811","S000005811","RDL1"
"S000007253",2799.65810967538,-1.22502086525155,0.241236442826011,-5.07809206146801,3.81243964853784e-07,3.49386592448194e-06,"S000007253","S000007253","MBF1"
"S000005842",78.4199215581716,1.4265780258528,0.469093087327975,3.04114058465199,0.00235683758826707,0.00811814594905951,"S000005842","S000005842","SFG1"
"S000005844",10782.8747898246,-3.13108101645032,0.560396938049222,-5.58725575366242,2.30685869301384e-08,2.78907554028842e-07,"S000005844","S000005844","FAA1"
"S000005854",616.256745403009,-1.94017475506567,0.284386074960002,-6.8223268503514,8.95775675802558e-12,2.15738613760288e-10,"S000005854","S000005854","SNC2"
"S000005864",709.958540225122,1.38127869018744,0.169230365809745,8.1621208083916,3.29192701393608e-16,1.51302996571826e-14,"S000005864","S000005864","TEA1"
"S000005865",1562.03915994913,-2.81193675569046,0.365091717281787,-7.702000956434,1.33951884522003e-14,4.88802604064835e-13,"S000005865","S000005865",NA
"S000005866",99.510444610828,-1.42865243874107,0.330990872055214,-4.31628953955792,1.5867382236283e-05,9.95182379631874e-05,"S000005866","S000005866","UBC11"
"S000005871",716.115536883517,2.68365720166564,0.363008230953191,7.39282741501168,1.43738995735504e-13,4.50756506939308e-12,"S000005871","S000005871","TYE7"
"S000005872",27.8587149201468,1.57723718094365,0.517078454026507,3.05028602267539,0.00228623525570467,0.00789754588330339,"S000005872","S000005872",NA
"S000005902",1930.92436698072,1.74593628582245,0.269493922094992,6.47857388489466,9.2593588440107e-11,1.85217938869729e-09,"S000005902","S000005902","GDH1"
"S000005910",916.982786314278,-2.42315261148125,0.681187915687219,-3.55724544678195,0.000374763963682843,0.00166282522132233,"S000005910","S000005910","FIT3"
"S000005911",1070.53218861343,-2.04631164715278,0.404953974580433,-5.05319561136036,4.34478507881679e-07,3.95186569825456e-06,"S000005911","S000005911","FRE5"
"S000005912",471.706709084355,2.73271778790784,0.452055290403713,6.04509635418128,1.49320736440948e-09,2.38477494459138e-08,"S000005912","S000005912",NA
"S000005913",354.270626008773,1.32113056365747,0.232218555239349,5.68916881898508,1.27659215611597e-08,1.66371458267841e-07,"S000005913","S000005913","PHR1"
"S000005915",872.22409098414,-6.6484489297789,1.04264809356512,-6.37650322367725,1.81176938549773e-10,3.47409664652288e-09,"S000005915","S000005915","FDH1"
"S000028719",159.154884782886,-1.14815250081993,0.453165677112126,-2.53362635082322,0.0112889033875323,0.0312795615721731,"S000028719","S000028719",NA
"S000005935",1077.28123692332,1.24573309444623,0.330364569103483,3.77078298022938,0.000162736150651452,0.000789552266778719,"S000005935","S000005935","CIP1"
"S000005944",1274.6344732048,-1.18956566277919,0.311711409194894,-3.81624036749785,0.000135500510963268,0.000673698246498628,"S000005944","S000005944","MET12"
"S000005945",565.258045421969,-1.2825068106916,0.310979295358708,-4.12409067044883,3.72202263497196e-05,0.000211817564132006,"S000005945","S000005945","RMI1"
"S000005948",70.2916331475572,-2.38436780277867,0.436075787828923,-5.46778305360555,4.55699144819792e-08,5.13813586322092e-07,"S000005948","S000005948","SMA1"
"S000005957",2784.72765531677,2.57739749651281,0.272452560257786,9.45998633330571,3.07983457115036e-21,2.85287445429175e-19,"S000005957","S000005957","PMA2"
"S000005976",1197.63010747921,-1.83630039360676,0.381732944129039,-4.81043206212254,1.5060438802517e-06,1.19945637605761e-05,"S000005976","S000005976","LGE1"
"S000005982",4722.98843207991,2.43668974414525,0.426502716948327,5.7131869207775,1.10879770699787e-08,1.46084704460266e-07,"S000005982","S000005982","ALD6"
"S000005991",990.123804685574,1.23870974798289,0.203024400607644,6.10128508827253,1.0521904433844e-09,1.7404501812136e-08,"S000005991","S000005991","MUK1"
"S000005996",743.472553229003,1.28213090710592,0.175895068134845,7.28918053644921,3.11845943167746e-13,9.02704049910095e-12,"S000005996","S000005996","GCR1"
"S000006009",595.605343594121,1.55518567150368,0.324849448251937,4.78740438031329,1.68952190164927e-06,1.31940484692999e-05,"S000006009","S000006009",NA
"S000006013",2727.79433180164,-1.55439432232637,0.34735456376174,-4.47495004957693,7.64291783519794e-06,5.15896953875861e-05,"S000006013","S000006013","SSU1"
"S000006030",531.733156929978,1.126853203761,0.305503831312236,3.68850760044746,0.000225573288989246,0.00104555563741667,"S000006030","S000006030",NA
"S000006040",1969.71838213006,-1.82189423708033,0.298711412298034,-6.09917854515237,1.06614931610488e-09,1.75836894427489e-08,"S000006040","S000006040","DBP1"
"S000028859",17.211307571933,-1.29167842941635,0.544038785426551,-2.37423960206002,0.0175851350609416,0.0455594226342209,"S000028859","S000028859",NA
"S000006055",926.596011249432,1.61596230984821,0.230021067314324,7.02527959162971,2.13638009651532e-12,5.69165688545076e-11,"S000006055","S000006055","ODC1"
"S000006056",3187.30610049055,-1.70713474683855,0.439669097699351,-3.88277173849936,0.000103272504467419,0.000532366223799939,"S000006056","S000006056","ISU1"
"S000006057",54.4614102475794,-2.14706609162923,0.366293776477447,-5.86159588152714,4.58439635744241e-09,6.52544928325313e-08,"S000006057","S000006057",NA
"S000006058",982.882212740088,-1.18995145647595,0.247464373118597,-4.80857685282105,1.52008588724476e-06,1.20837206496913e-05,"S000006058","S000006058","GIP3"
"S000006060",381.299850326126,-1.17345163299558,0.216762494759201,-5.41353629602369,6.17920617636518e-08,6.78923364742605e-07,"S000006060","S000006060","UME1"
"S000006061",709.633065899944,-1.31020217171073,0.17329949359635,-7.56033468142993,4.02033560744487e-14,1.35231512248188e-12,"S000006061","S000006061","MKK2"
"S000006062",910.921893289837,-1.10646380167197,0.371929301388023,-2.97493044388462,0.00293054988135362,0.00982999489450147,"S000006062","S000006062","FRK1"
"S000006068",3184.67671334976,-2.82095192511888,0.478445357202955,-5.89607963093316,3.72239386187999e-09,5.38762823134121e-08,"S000006068","S000006068","PXA1"
"S000006072",685.11287613611,-1.62546217147221,0.187272765889021,-8.67965058216457,3.96986549409623e-18,2.27643429904318e-16,"S000006072","S000006072","PRP46"
"S000006077",479.494824940729,1.75907955327809,0.208601077601411,8.43274432474071,3.37651868817784e-17,1.7456195067994e-15,"S000006077","S000006077","PRM4"
"S000006079",296.481607240119,1.34810238212886,0.194181657323169,6.94248056542881,3.85273968623217e-12,9.82938375034063e-11,"S000006079","S000006079","AIM44"
"S000006082",289.039131360987,1.22090575165608,0.242051296037206,5.04399592831933,4.55909004161984e-07,4.12786182565309e-06,"S000006082","S000006082","BEM4"
"S000006084",941.665596899463,-1.57199323255135,0.39238824132315,-4.00621901219701,6.16984441001526e-05,0.0003374081125586,"S000006084","S000006084","SVS1"
"S000006090",799.696389077716,-1.02424903933491,0.226339899969908,-4.52526947069912,6.03185994984427e-06,4.15535798146594e-05,"S000006090","S000006090","MEX67"
"S000006098",1322.36820019796,1.77374994277104,0.193655979049837,9.15928313431818,5.22432049245035e-20,4.08514723182384e-18,"S000006098","S000006098","CUP9"
"S000006103",134.155192153449,1.1690647428381,0.240193175441043,4.86718550887828,1.13198763514469e-06,9.29835955144088e-06,"S000006103","S000006103",NA
"S000006117",878.232202248879,-1.2608615351756,0.272161868453871,-4.63276337107196,3.60816871871367e-06,2.6429177439629e-05,"S000006117","S000006117","OXR1"
"S000006122",1306.41134964271,-1.21471860453219,0.450825614528474,-2.69443120662672,0.00705088800920357,0.0210165330214924,"S000006122","S000006122","YIG1"
"S000028722",101.429056707567,-2.57138620250704,0.291896354738364,-8.80924396884591,1.25992706266512e-18,8.07023494075177e-17,"S000028722","S000028722",NA
"S000006143",9194.20638333996,-2.71559102880424,0.23237030152296,-11.6864806346,1.49452200492223e-31,3.46096807370644e-29,"S000006143","S000006143","FMP40"
"S000006144",65644.6764867313,-4.13753112322904,0.269380350339373,-15.3594392390405,3.06211738914404e-53,2.04855653333736e-50,"S000006144","S000006144","GRE1"
"S000006150",381.452350253445,-1.04111789386284,0.244101392455241,-4.26510428060644,1.99808857062044e-05,0.000122623581211413,"S000006150","S000006150",NA
"S000006151",3155.25377027926,-2.29372130906827,0.533514021745737,-4.29927090118995,1.71360910456592e-05,0.000106587194406936,"S000006151","S000006151","USV1"
"S000006154",138.006612077933,1.15967935910188,0.212947619732853,5.4458432574016,5.1560526283353e-08,5.75966472638346e-07,"S000006154","S000006154","NSL1"
"S000006161",15871.3465943006,-1.0051388156362,0.30704174013538,-3.2736227172013,0.00106178274669499,0.00410070167918571,"S000006161","S000006161","HSP82"
"S000006162",96.9520675863623,-1.24877639967611,0.239755712682261,-5.20853657961036,1.90335831346062e-07,1.88488822456355e-06,"S000006162","S000006162","CIN2"
"S000006176",118.41491247657,-1.02241246326098,0.252861133896329,-4.04337530053218,5.26871834607383e-05,0.000291036267538629,"S000006176","S000006176","BBP1"
"S000006177",655.103152689547,-1.27972679784848,0.304180971939433,-4.20712311387872,2.58642252067066e-05,0.000153578402336865,"S000006177","S000006177","CLN2"
"S000006178",154.357472793777,-1.55652822039711,0.569086734178965,-2.73513355155387,0.00623549714609502,0.0189328937552386,"S000006178","S000006178",NA
"S000006183",4171.64418221236,1.37421391996393,0.0991730020374469,13.8567341083921,1.15825467570862e-43,6.33986491131054e-41,"S000006183","S000006183","FUM1"
"S000006188",116.929939503066,-1.19250593558604,0.309014538214264,-3.85906094411384,0.000113823552710042,0.000579806777383389,"S000006188","S000006188","ACM1"
"S000006195",1190.1467224732,1.25801407103801,0.25906176741137,4.85603909680882,1.1975706633771e-06,9.78368109117167e-06,"S000006195","S000006195","SAM3"
"S000006196",2879.96460244192,-7.96146650460528,0.895144211269078,-8.89406020211875,5.89157523817327e-19,3.85577983793927e-17,"S000006196","S000006196","FDH2"
"S000006197",1033.48063913561,-7.68582199122987,0.939632752201557,-8.17960205540091,2.84782789209831e-16,1.33580368675628e-14,"S000006197","S000006197",NA
"S000006204",186.326651792005,1.89499167195057,0.335354558395711,5.65071094013436,1.59785592589749e-08,2.02968154637738e-07,"S000006204","S000006204","YRF1-7"
"S000006207",723.033420749358,1.10131439701349,0.140140784841428,7.8586287229635,3.8836148957687e-15,1.50859647015634e-13,"S000006207","S000006207",NA
"S000006209",327.518660788079,1.01856575667461,0.221937217904985,4.58943194066114,4.44453879821891e-06,3.18199382925993e-05,"S000006209","S000006209","HAL1"
"S000006219",90.09211475436,1.63083483647848,0.393845666532479,4.1407967004862,3.46101611503026e-05,0.000199110500747346,"S000006219","S000006219",NA
"S000006224",300.571909815924,1.71971202798278,0.275860653431302,6.23398808997253,4.54707668060725e-10,8.00524815612171e-09,"S000006224","S000006224","ATP20"
"S000006225",379.087524590514,1.03482036916653,0.340092809756382,3.04275873961523,0.00234420193374327,0.0080792443291747,"S000006225","S000006225","AGC1"
"S000006229",688.254219986732,-1.71392665991979,0.209956647501515,-8.16324074667565,3.26153534850389e-16,1.5105926410263e-14,"S000006229","S000006229","CCL1"
"S000006230",4309.70837892283,-1.43839196541624,0.323620454879243,-4.44468804035571,8.80194933021542e-06,5.87544755179901e-05,"S000006230","S000006230","ATH1"
"S000006231",73.6151389877159,-1.02696045622329,0.247406904707048,-4.15089650565456,3.31175503022013e-05,0.000191916044629022,"S000006231","S000006231",NA
"S000006236",515.525544549119,1.13386002384548,0.202716291820878,5.59333447578732,2.22749581491954e-08,2.70944490942032e-07,"S000006236","S000006236","SRO7"
"S000028425",33.1561739010521,1.13066425349294,0.395906311011495,2.85588843129128,0.00429165912507808,0.0137082650355942,"S000028425","S000028425","SPO24"
"S000006253",1750.85140501434,-1.24733580318847,0.182431422056841,-6.83728597368403,8.07075329722834e-12,1.95943570978273e-10,"S000006253","S000006253","ATG11"
"S000006265",540.149562707395,-1.37815347750406,0.286826841885041,-4.80482742984152,1.54885036950935e-06,1.22806919331231e-05,"S000006265","S000006265","JID1"
"S000006266",485.748439142653,-1.06071384591361,0.220809394172722,-4.80375325464595,1.55718709512951e-06,1.23203988170497e-05,"S000006266","S000006266","FCY1"
"S000006282",265.112687770085,-1.52317492721695,0.162939012838014,-9.34812909865373,8.92117380525608e-21,7.78469383789085e-19,"S000006282","S000006282",NA
"S000006287",593.290271893574,1.81393120707774,0.174848466973531,10.3743043246261,3.24567704962474e-25,4.76639549165623e-23,"S000006287","S000006287","MDM36"
"S000006290",1368.66002868383,-1.49722294485097,0.166564125828451,-8.98886802547752,2.49789764189272e-19,1.79045734545667e-17,"S000006290","S000006290","SUA7"
"S000006297",380.947364026468,-1.01905834799655,0.235806446701328,-4.32158815949289,1.54910133059074e-05,9.75642166473522e-05,"S000006297","S000006297","ASR1"
"S000006305",409.303109749061,-1.55047689420573,0.259530166126046,-5.97416831094967,2.31266944291897e-09,3.49863887332038e-08,"S000006305","S000006305","SNT309"
"S000006311",150.553914745201,1.16184543819061,0.194825061077761,5.96353175388909,2.46843455850639e-09,3.71561111919174e-08,"S000006311","S000006311","YTH1"
"S000006317",487.898340913896,-1.51094490397559,0.269582589968379,-5.60475698431721,2.08547357371869e-08,2.54698506843006e-07,"S000006317","S000006317","PIS1"
"S000006323",66.0004264359567,3.07482192750533,0.40036188283831,7.68010657185144,1.5895629565313e-14,5.69660367327403e-13,"S000006323","S000006323","CLB2"
"S000006331",3319.19501400437,1.31613837981449,0.147890823904947,8.89939176118458,5.61535594745715e-19,3.75667312884883e-17,"S000006331","S000006331",NA
"S000007359",361.241999231455,1.32197117474887,0.201016578173633,6.57642860484363,4.81882214977004e-11,1.0216242311185e-09,"S000007359","S000007359",NA
"S000006349",3070.98161966159,1.3318291228322,0.51580133443787,2.58205831181815,0.00982129889345291,0.0278016176010719,"S000006349","S000006349","ASN1"
"S000006353",11086.4355334757,-1.77805047456035,0.402747722681921,-4.41479957408624,1.01103617746487e-05,6.59528583371179e-05,"S000006353","S000006353","NCE102"
"S000006356",443.464391451477,-2.09580850291984,0.418184957440697,-5.01167836295748,5.39573375747589e-07,4.78464108302833e-06,"S000006356","S000006356","URN1"
"S000006357",81.08696598197,-3.01239582152074,0.50443372225174,-5.97183671241034,2.34597275778414e-09,3.54012580817501e-08,"S000006357","S000006357","MAY24"
"S000006358",1769.60378655331,-2.38900634829535,0.522777706438556,-4.56983210812593,4.88115089800744e-06,3.43735784291261e-05,"S000006358","S000006358","PIN3"
"S000006359",561.092029363424,1.53755413913082,0.336139964244342,4.57414857702897,4.78160443552825e-06,3.37921010466866e-05,"S000006359","S000006359","NCA2"
"S000028726",42.026024718013,1.6202671059257,0.391268586596284,4.14106105481327,3.45702917811067e-05,0.000199110500747346,"S000028726","S000028726",NA
"S000006364",3869.25610031836,1.18731498906661,0.236842755528487,5.01309396784062,5.35617228623952e-07,4.76359133463045e-06,"S000006364","S000006364","GPH1"
"S000006368",591.067944464757,1.10318515597363,0.174295815834931,6.32938404567559,2.46141782125139e-10,4.5600605236168e-09,"S000006368","S000006368","MMS1"
"S000006371",249.871310092723,1.17022426698899,0.210224787205887,5.56653800221435,2.59850131939965e-08,3.11664869404487e-07,"S000006371","S000006371","MET16"
"S000006379",227.922658178713,-1.57716403966572,0.282688063634585,-5.57916743773247,2.41672522863989e-08,2.91605262557931e-07,"S000006379","S000006379","DPB2"
"S000006381",40.9244609545256,1.32530373132363,0.29964497189766,4.42291329946383,9.73788263438423e-06,6.38178471185289e-05,"S000006381","S000006381",NA
"S000006395",2996.3145458746,1.38437484875011,0.146574492105478,9.44485516452535,3.55896172984356e-21,3.24674372354365e-19,"S000006395","S000006395","QCR2"
"S000006396",886.458044644772,1.82190421678586,0.367746681639304,4.95423699994888,7.26146576092035e-07,6.29083242395704e-06,"S000006396","S000006396","AQY1"
"S000006398",362.691933678768,1.47853191952509,0.169633906312316,8.71601645960413,2.88161441245905e-18,1.70100003700156e-16,"S000006398","S000006398","OPT2"
