"","baseMean","log2FoldChange","lfcSE","stat","pvalue","padj","sgd","systematic","genename"
"S000029717",3167.77256776416,-4.15970389695082,0.530713970115503,-7.83793932548171,4.58000210669279e-15,1.98369606396849e-13,"S000029717","S000029717","ETS1-1"
"S000029707",3152.33400645373,-4.15089599633581,0.529157887033548,-7.84434305535098,4.3522582836548e-15,1.89078503490207e-13,"S000029707","S000029707","ETS1-2"
"S000119380",35.759204341359,2.42168193751814,0.574158890680847,4.21779053990868,2.46707828579013e-05,0.000171674537189866,"S000119380","S000119380","HRA1"
"S000132612",276.71682008677,1.68217305206412,0.227048843040976,7.4088598274008,1.2738986248771e-13,4.51672022662585e-12,"S000132612","S000132612","ICR1"
"S000178119",3025.55250290627,1.45591854455168,0.332813656566271,4.37457572977259,1.2166888059523e-05,9.14307734147012e-05,"S000178119","S000178119","IRT1"
"S000029715",136.064072812925,-1.93066484492569,0.539378985673467,-3.57942169829821,0.000344355406564484,0.00171195541774823,"S000029715","S000029715","ITS1-1"
"S000029709",136.064072812925,-1.93066484492569,0.539378985673467,-3.57942169829821,0.000344355406564484,0.00171195541774823,"S000029709","S000029709","ITS1-2"
"S000029716",46.674871461895,-2.44377036958562,0.748566119470755,-3.2646018915649,0.00109618028517231,0.00467134908049128,"S000029716","S000029716","ITS2-1"
"S000029712",46.674871461895,-2.44377036958562,0.748566119470755,-3.2646018915649,0.00109618028517231,0.00467134908049128,"S000029712","S000029712","ITS2-2"
"S000006478",227.474775593794,-1.28889177094738,0.310612690927839,-4.14951419755999,3.33181623436935e-05,0.000223052222191293,"S000006478","S000006478","LSR1"
"S000132614",57.8102529712512,1.7300094760334,0.527392919294002,3.28030470782447,0.00103695026858629,0.00445614257032589,"S000132614","S000132614","PWR1"
"S000007287",23.3524213335482,-3.66226274007268,0.820974766180846,-4.46087126052538,8.16271170893539e-06,6.47086181119321e-05,"S000007287","S000007287","15S_RRNA"
"S000007260",11.538233346054,-2.15192838060227,0.764227121845819,-2.81582309641769,0.00486524484016832,0.0167273011925607,"S000007260","S000007260","COX1"
"S000007261",39.5887650716159,-1.71967150990627,0.545283285006406,-3.15372129898694,0.00161202954583185,0.00652712133104097,"S000007261","S000007261","AI1"
"S000007262",23.7633256472654,-1.92608278106237,0.623244042635242,-3.09041506906087,0.0019987695892478,0.00784846531294473,"S000007262","S000007262","AI2"
"S000007268",16.3680475496666,-4.90314250305041,0.92682747474512,-5.29024293803848,1.22153997180187e-07,1.55195296150792e-06,"S000007268","S000007268","ATP6"
"S000007270",26.2923291574316,-2.83541366132167,0.542197722425597,-5.22948279575402,1.69984918607456e-07,2.06773995034585e-06,"S000007270","S000007270","COB"
"S000007273",73.645069656284,-3.61754532767212,0.546527410590345,-6.61914710510958,3.6127719940477e-11,9.01175394605998e-10,"S000007273","S000007273","BI4"
"S000007288",78.3016420083531,-2.33269631647562,0.559877070077847,-4.16644374478719,3.09388195146761e-05,0.000209975568529566,"S000007288","S000007288","21S_RRNA"
"S000006482",14853.7958772077,-1.08967553546717,0.245042881341302,-4.44687692824442,8.71277211215342e-06,6.85369575118375e-05,"S000006482","S000006482","RDN18-1"
"S000006483",14714.4186152382,-1.07534938606895,0.244699032490626,-4.39457963982815,1.10987310070246e-05,8.46872394199667e-05,"S000006483","S000006483","RDN18-2"
"S000006484",35278.0380104226,-1.37036079193401,0.259192688113507,-5.28703491563733,1.24314918340251e-07,1.57102840657578e-06,"S000006484","S000006484","RDN25-1"
"S000006485",35524.9465178083,-1.36823800703359,0.259324584432136,-5.27616002944623,1.31918899232321e-07,1.66124830548684e-06,"S000006485","S000006485","RDN25-2"
"S000006490",17.4615120640624,-3.66240848511249,1.15637635816503,-3.1671423055761,0.00153944965262384,0.00626697632724369,"S000006490","S000006490","RPR1"
"S000028470",39727.6250699675,-1.98818146201057,0.324939443675409,-6.11862148689039,9.43883086405182e-10,1.79861165567415e-08,"S000028470","S000028470","RUF5-1"
"S000028474",36404.1628959055,-1.91232743263767,0.382461462137207,-5.00005261171027,5.73146726620078e-07,6.09522780028332e-06,"S000028474","S000028474","RUF5-2"
"S000006491",53.6751586202782,-1.69330466041107,0.413274957601872,-4.09728348951237,4.18026844040931e-05,0.000270477939424039,"S000006491","S000006491","SCR1"
"S000007293",90.5954843599175,-1.1705368514147,0.401925957972395,-2.91231961558226,0.00358755342259592,0.0128901209324192,"S000007293","S000007293","SNR11"
"S000007294",43.3939944934048,-2.03304488974487,0.45933369395114,-4.42607393386893,9.59636450610629e-06,7.4795290933462e-05,"S000007294","S000007294","SNR17A"
"S000007295",89.175518752741,-1.89184374963052,0.365801813369612,-5.17177247483728,2.31883829868781e-07,2.71665211501188e-06,"S000007295","S000007295","SNR19"
"S000006501",13.9324501233536,-2.15676497653311,0.724854208276157,-2.97544658209588,0.00292562298143019,0.0108415683882763,"S000006501","S000006501","SNR37"
"S000028467",14.8450176936598,-1.83677975248036,0.601131917938027,-3.05553522890748,0.0022465920845361,0.00868791684639463,"S000028467","S000028467","SNR82"
"S000028466",47.2730811252288,-1.17814032482272,0.406657153037545,-2.89713414856359,0.00376588687196569,0.0134363008140303,"S000028466","S000028466","SNR84"
"S000119075",525.145834212896,-1.72938612659619,0.357218926973703,-4.84124998987946,1.29024932562128e-06,1.26571953404976e-05,"S000119075","S000119075","SNR86"
"S000029010",673.336639969123,-1.83608733865639,0.338425953857248,-5.42537390448154,5.78333459842992e-08,7.86500489204176e-07,"S000029010","S000029010","SRG1"
"S000000002",743.073195036573,1.24615371188161,0.221183278389201,5.63403219699473,1.76044131973302e-08,2.64147803151355e-07,"S000000002","S000000002","VPS8"
"S000002136",2758.65528425381,2.0954340211624,0.20001268436109,10.4765056669078,1.10760831752164e-25,1.25643219701085e-23,"S000002136","S000002136",NA
"S000000004",22322.3563124837,1.92861343988593,0.185275135304299,10.4094563834394,2.24499941921744e-25,2.48742455030038e-23,"S000000004","S000000004","SSA1"
"S000000005",190.761599810697,-1.8879057600791,0.331124140738736,-5.70150444442738,1.18754638847677e-08,1.85560712920783e-07,"S000000005","S000000005","ERP2"
"S000000008",218.213270283291,1.40539287412399,0.250130250847499,5.61864416383941,1.92461769473922e-08,2.86547507405288e-07,"S000000008","S000000008","MDM10"
"S000000010",721.050383307748,-1.08123312763463,0.33625301046436,-3.21553441600853,0.00130201881492103,0.00541768702231914,"S000000010","S000000010","CYS3"
"S000000011",440.206835531733,1.02941216295251,0.163720330736962,6.28762572319981,3.22357930075134e-10,6.75580922956582e-09,"S000000011","S000000011","DEP1"
"S000000029",551.094476848095,1.16673588094777,0.191733240431897,6.08520399655058,1.1634308132354e-09,2.17655976617456e-08,"S000000029","S000000029","GIP4"
"S000000032",49.8920799486859,-1.06691817387253,0.41293256668271,-2.58375885061235,0.00977301000995455,0.0304990463039914,"S000000032","S000000032","MTW1"
"S000000035",171.020723532758,2.76543314420939,0.382307132575556,7.23353792951495,4.70570943455285e-13,1.52860693063782e-11,"S000000035","S000000035",NA
"S000000041",533.56876942481,1.15407665719298,0.200748829303767,5.74885871661383,8.98478548320017e-09,1.44129673301212e-07,"S000000041","S000000041","PTA1"
"S000000046",432.62925605521,1.29487020076889,0.198788132149086,6.51382045180529,7.32630639101617e-11,1.7510852382407e-09,"S000000046","S000000046","GEM1"
"S000000049",3254.51457846449,1.01316204302604,0.361795768901685,2.80037007094286,0.005104405137995,0.0174330376672312,"S000000049","S000000049","FLC2"
"S000000057",7774.6496138456,2.4904943391014,0.345201950539622,7.2146010044504,5.40923446355182e-13,1.74131054476455e-11,"S000000057","S000000057","BDH2"
"S000000058",9307.39733513693,-1.06815999404182,0.309312600170571,-3.45333488985828,0.000553701144449615,0.00259392017621054,"S000000058","S000000058","GDH3"
"S000001817",12.9944791010489,1.76303530929189,0.643397264769653,2.74019708480279,0.00614023527113318,0.0204336164680574,"S000001817","S000001817",NA
"S000000066",116.068032730536,-2.68592547712894,0.324364620990325,-8.28057470919139,1.22582235850988e-16,6.32515486288151e-15,"S000000066","S000000066","SEN34"
"S000000068",366.614236388274,1.88208179765304,0.235275127992319,7.9994932473886,1.24932301111827e-15,5.68680694201067e-14,"S000000068","S000000068",NA
"S000000072",382.072667401835,1.21436850061119,0.18221051165405,6.66464568694489,2.65304613841629e-11,6.7835399743084e-10,"S000000072","S000000072","CDC15"
"S000000075",603.237068706373,1.27741584751305,0.276126478722852,4.62619830384029,3.724387241275e-06,3.25582060180695e-05,"S000000075","S000000075","UIP3"
"S000000076",240.786997665136,2.87724948695976,0.387982903962591,7.41591822106981,1.20785015860571e-13,4.32676749798282e-12,"S000000076","S000000076",NA
"S000001821",15.976648006452,1.59572114649271,0.49282087562011,3.23793334542665,0.00120398935356277,0.0050673203269943,"S000001821","S000001821",NA
"S000000084",575.450150888788,1.06389466107528,0.165961416123577,6.41049399267049,1.45048869915288e-10,3.23934921515503e-09,"S000000084","S000000084","FLO1"
"S000000087",22.0526796423096,2.05301311106718,0.532964747627521,3.85206173617695,0.000117127482465894,0.000669373493356665,"S000000087","S000000087",NA
"S000000091",13.3628762507119,2.31633646580608,0.839391716309092,2.75954172622919,0.00578824947812906,0.0194708048460576,"S000000091","S000000091",NA
"S000000094",182.590931748067,-1.32600177910738,0.295924168936071,-4.48088368001412,7.43346183988914e-06,5.9857166240865e-05,"S000000094","S000000094","PHO11"
"S000000098",448.690794026491,-1.77700680819436,0.457189439235418,-3.88680633386051,0.000101571725145721,0.000591109392307734,"S000000098","S000000098","HTB2"
"S000000105",148.847437304234,-2.2273250210636,0.351388986701773,-6.33863070658489,2.31816132252387e-10,4.99750826287083e-09,"S000000105","S000000105","ALK2"
"S000000111",6780.69595659764,1.84351569577144,0.536093486807777,3.43879517497748,0.000584309146435018,0.00271859721028506,"S000000111","S000000111","ACH1"
"S000000123",3620.70254335432,-1.02369187252045,0.411064169964883,-2.49034566210893,0.0127618909957747,0.0380408150161852,"S000000123","S000000123","RPL19B"
"S000000124",54.2436998243571,-1.20715975524463,0.450031919999182,-2.68238696323324,0.00730988506192867,0.0237293180082095,"S000000124","S000000124",NA
"S000000127",64.3732977956819,-3.57076960749578,0.592231164922012,-6.02935106930078,1.64619337720309e-09,2.99351678630582e-08,"S000000127","S000000127","SHE1"
"S000000131",351.71656965176,-1.03632584002828,0.246011229609732,-4.21251437047119,2.52543642275347e-05,0.000175223605778715,"S000000131","S000000131","POL12"
"S000000133",457.757438148757,1.37108292065875,0.326214950454915,4.2030045488312,2.63395293479358e-05,0.00018231035979179,"S000000133","S000000133","APL3"
"S000000135",354.347930117764,-2.84263140159596,0.47845735032781,-5.94124303796015,2.82868870633058e-09,4.93656259823967e-08,"S000000135","S000000135","URA7"
"S000000139",720.524447887066,3.48027727776277,0.565419023622606,6.1552178691563,7.49743541306059e-10,1.46394596118682e-08,"S000000139","S000000139","ECM13"
"S000000143",2674.43686680821,1.18058790767258,0.212653765754306,5.55169057780332,2.8292004996303e-08,4.09289096571011e-07,"S000000143","S000000143","EDE1"
"S000000160",4705.09225254163,1.05239391841777,0.144901157847696,7.26283995276231,3.79046339229725e-13,1.24832012133881e-11,"S000000160","S000000160","PRX1"
"S000000165",462.992508403384,3.50650499143796,0.301684584684728,11.6230830789793,3.14575348465462e-31,5.41713910315283e-29,"S000000165","S000000165","AST1"
"S000000166",14.2941074367222,3.22793618233073,0.627534491337161,5.14383866845723,2.69180719799849e-07,3.11278319425505e-06,"S000000166","S000000166",NA
"S000000167",52.00283316798,-1.63039786746728,0.362646891814251,-4.49582749575135,6.92999041784583e-06,5.61828434726435e-05,"S000000167","S000000167",NA
"S000007587",44.2570738995618,-1.67679000190865,0.403474688088786,-4.15587408928034,3.24046255881258e-05,0.000218265463492498,"S000007587","S000007587","KTI11"
"S000000170",84.2996608622941,1.0502670335025,0.264635728652512,3.96872727220286,7.22575222880197e-05,0.000438360257242218,"S000000170","S000000170","AAR2"
"S000000174",1969.99199732511,-1.88869126008862,0.220812421464827,-8.55337416056312,1.19541608335863e-17,6.88954922558265e-16,"S000000174","S000000174","ATG8"
"S000000177",108.524120181963,-2.3608063242748,0.361437648712095,-6.53171116148808,6.50224636953525e-11,1.56458934949103e-09,"S000000177","S000000177",NA
"S000000182",868.936518246352,-1.36930488881654,0.213494788115572,-6.41376260705386,1.41971227561906e-10,3.18055604316978e-09,"S000000182","S000000182",NA
"S000000190",48.3748850906309,1.08215048404039,0.347900198638368,3.11051987976946,0.00186758324061649,0.00739428455903918,"S000000190","S000000190",NA
"S000000191",389.772070101572,1.00524931343884,0.225083580725136,4.4661156988897,7.96525447477212e-06,6.33541358975614e-05,"S000000191","S000000191","MRX3"
"S000000194",282.176827647658,1.11845426758675,0.237327415397116,4.71270571802781,2.44449095897226e-06,2.241123109467e-05,"S000000194","S000000194","BNA4"
"S000000195",7036.51740862214,1.66333246412402,0.282021324117235,5.89789608757593,3.68165697777829e-09,6.2645146646887e-08,"S000000195","S000000195","ATP1"
"S000000196",147.077787545211,2.45998462809448,0.420747338911191,5.84670276099765,5.01412296413265e-09,8.3140208267225e-08,"S000000196","S000000196",NA
"S000002149",310.632748096095,1.81136038331065,0.265452226554626,6.82367749112814,8.87389807442006e-12,2.42513623666703e-10,"S000002149","S000002149",NA
"S000000197",1827.50183865539,1.61277212227417,0.248334617509313,6.4943508015498,8.33922268611049e-11,1.95397557135373e-09,"S000000197","S000000197","ECM21"
"S000000199",572.685084308658,1.3385119709089,0.224796922952969,5.95431624830975,2.61161367671283e-09,4.60836966435266e-08,"S000000199","S000000199","RTG3"
"S000000205",1587.61894324813,1.62500564556167,0.192349691156841,8.44818432402188,2.95868004878615e-17,1.66489818650789e-15,"S000000205","S000000205","NTH2"
"S000000209",478.321279392919,1.47618810295341,0.413389333627362,3.57093902254401,0.000355703705762568,0.00175983218227239,"S000000209","S000000209","RCR1"
"S000000210",3128.13823108519,2.51042440646137,0.30657740051017,8.18855010931599,2.64391851828541e-16,1.31213636742547e-14,"S000000210","S000000210","UGA2"
"S000002155",338.483510488101,1.83558813776826,0.289997479870712,6.32966927363164,2.45687231426558e-10,5.27268408225195e-09,"S000002155","S000002155",NA
"S000000220",366.313816538746,-1.07883214639033,0.259461311292361,-4.15796922098612,3.21089272586147e-05,0.000216682198917554,"S000000220","S000000220",NA
"S000000228",289.474408065915,1.11633669271895,0.330156017649333,3.38123987764064,0.000721595184873301,0.00326384809411206,"S000000228","S000000228","SCO2"
"S000000233",424.84506435772,-2.01377739995254,0.282158166832147,-7.13705161385784,9.53540482410012e-13,2.9499900682005e-11,"S000000233","S000000233","CDS1"
"S000000234",167.369180835342,-1.46059583042806,0.475030478864303,-3.07474129643225,0.00210685217416894,0.00821195476558403,"S000000234","S000000234","RKM3"
"S000000237",736.228311221799,1.93267243133089,0.216073334364945,8.94452078971776,3.73567050055688e-19,2.44926323231465e-17,"S000000237","S000000237","EDS1"
"S000000239",1321.42055087266,1.11274297643307,0.179116995252713,6.2123807674594,5.21877776587114e-10,1.0505914170084e-08,"S000000239","S000000239","PDX3"
"S000000242",276.412079865418,1.15244193611437,0.255630272645895,4.50823732332656,6.53684339752753e-06,5.3358710840012e-05,"S000000242","S000000242","CHS2"
"S000000250",3281.37820418813,-1.07274097914311,0.406264325049035,-2.64050007101566,0.00827837753051859,0.0264645157780591,"S000000250","S000000250","ZTA1"
"S000000251",370.185058884605,2.72036890914454,0.256803529239406,10.5931912898614,3.2047614616621e-26,3.88183521792682e-24,"S000000251","S000000251","FMP23"
"S000000258",21188.255840435,5.43469760819486,0.795091243555208,6.83531311940238,8.1826104687619e-12,2.25780022065664e-10,"S000000258","S000000258","YRO2"
"S000000263",1885.83312194239,1.29692462038901,0.160859490275994,8.06246879288141,7.47688370573756e-16,3.52696695729726e-14,"S000000263","S000000263","AKL1"
"S000000271",6300.84460960389,-5.81032342037393,1.13802567842736,-5.10561714952094,3.29716644236971e-07,3.72246445187917e-06,"S000000271","S000000271","TIP1"
"S000000272",9695.43227127513,1.196158431625,0.21501538193146,5.5631295811492,2.64978976454251e-08,3.84892734802907e-07,"S000000272","S000000272","BAP2"
"S000000273",1260.60842414952,-1.7777461199864,0.509940836044405,-3.48618112990582,0.000489969127740775,0.00233049209410945,"S000000273","S000000273","TAT1"
"S000000274",178.458790013761,-1.59942336148055,0.217166121300126,-7.36497641485308,1.77178189697078e-13,6.13173817273691e-12,"S000000274","S000000274","ALG14"
"S000000276",61026.9891414825,1.07750694131327,0.243246454797011,4.42969227326436,9.4367645905593e-06,7.37853809041926e-05,"S000000276","S000000276","HSP26"
"S000000282",2938.11788530029,-2.53193161026963,0.376545175810579,-6.72411113704804,1.76667554617053e-11,4.62474241417865e-10,"S000000282","S000000282","ECM33"
"S000000288",450.445828304473,-2.26476975919523,0.444867629153517,-5.09088459302956,3.56396905476337e-07,3.98278418293455e-06,"S000000288","S000000288","MIS1"
"S000007522",1603.69099641907,-1.87972478607301,0.233720357254922,-8.0426232791642,8.79353477078662e-16,4.09400626966948e-14,"S000007522","S000007522",NA
"S000000292",501.85720144241,-3.48321562596279,0.303557227891772,-11.4746588317267,1.76873918155429e-30,2.90581484160408e-28,"S000000292","S000000292","POL30"
"S000000293",371.322132900237,-3.54067537421616,0.304015924648542,-11.6463483888529,2.3950330699619e-31,4.27902595862068e-29,"S000000293","S000000293",NA
"S000000296",240.497793857219,-1.79910081825398,0.36941996873899,-4.87006921795589,1.11559162191251e-06,1.11738970231223e-05,"S000000296","S000000296","PHO3"
"S000000297",2663.0428211795,-2.64924195513267,0.270051718313815,-9.81012811795591,1.01839178545385e-22,9.27125719075919e-21,"S000000297","S000000297","PHO5"
"S000000298",673.006684207237,1.11641059846094,0.252148224510014,4.42759650848385,9.52889412578733e-06,7.44243080545783e-05,"S000000298","S000000298","PBY1"
"S000000301",498.593642208678,1.96778053365766,0.263074182921666,7.47994543517634,7.43534762966438e-14,2.76674911138545e-12,"S000000301","S000000301","VPS15"
"S000000302",388.511487259807,1.19898301202191,0.271553355048709,4.41527600278349,1.00881193199158e-05,7.80246154975957e-05,"S000000302","S000000302","MMS4"
"S000000303",64.1853967610269,1.61865240968451,0.345379312135461,4.68659341428549,2.77790056610565e-06,2.52539448325982e-05,"S000000303","S000000303",NA
"S000000310",1075.03978283571,-1.339960705627,0.465724488311752,-2.87715320807878,0.00401280713964886,0.0141530715116519,"S000000310","S000000310","PHO88"
"S000000311",164.547273498498,1.51209520234156,0.240702632730285,6.28200524933981,3.34233558711299e-10,6.99443668325125e-09,"S000000311","S000000311","IML3"
"S000000312",1049.67972332242,2.04623267453003,0.274137173610609,7.46426559951533,8.37654859985897e-14,3.09369532655773e-12,"S000000312","S000000312","AIM3"
"S000000314",595.335647115437,1.43622585052167,0.307181300287504,4.67549896161466,2.9323976111438e-06,2.65102840329401e-05,"S000000314","S000000314","ALG1"
"S000000317",27.9197997776179,1.86781493380384,0.54705324191286,3.41432019902253,0.00063941381349488,0.00294715950863667,"S000000317","S000000317",NA
"S000000320",786.780697360736,1.0055888808845,0.303767113788631,3.31039416460407,0.000931646764269889,0.0040597643907651,"S000000320","S000000320",NA
"S000000321",7179.50222174669,1.4196010809272,0.307153597394956,4.62179539151481,3.80433140666916e-06,3.31354715390142e-05,"S000000321","S000000321","TKL2"
"S000000327",417.417169890973,1.21480192303582,0.197968610324167,6.13633606381651,8.44464203545555e-10,1.63771056462369e-08,"S000000327","S000000327","TFC1"
"S000000329",350.913089050948,1.1740934992081,0.183359409706411,6.40323559662424,1.52118180911621e-10,3.3866435510433e-09,"S000000329","S000000329","PTC4"
"S000028600",102.873795934923,-1.56081025203057,0.502048975174434,-3.10888046626979,0.00187797679527827,0.0074292616481905,"S000028600","S000028600","MEO1"
"S000000349",916.407500119619,1.49645582340198,0.287445817275847,5.20604487337489,1.92908015278217e-07,2.30924142577183e-06,"S000000349","S000000349","ADH5"
"S000000362",566.575458409986,-2.60333979909841,0.265155057021556,-9.81817894910738,9.40266899784654e-23,8.61489410168081e-21,"S000000362","S000000362","AMN1"
"S000000363",975.511829663771,1.52005442494129,0.188063947854387,8.08264657997201,6.33760917729793e-16,3.03971301916508e-14,"S000000363","S000000363","IFA38"
"S000000364",274.221324792687,-1.41626093991441,0.308143416418107,-4.59610968287814,4.30452169049254e-06,3.68410350432394e-05,"S000000364","S000000364","CDC28"
"S000000366",1861.84962739883,-2.96196012504552,0.243916383040307,-12.1433422721591,6.22311021474181e-34,1.34768051968643e-31,"S000000366","S000000366","TOS1"
"S000000373",9942.91989228909,2.61117518301499,0.218083112407944,11.9733029952845,4.90368612240888e-33,9.47140347940407e-31,"S000000373","S000000373","SSE2"
"S000000375",213.500996250829,-1.14054121343354,0.226887963637254,-5.02689166560208,4.98493773960888e-07,5.38546599487754e-06,"S000000375","S000000375","SEC66"
"S000000379",85.2408706911502,-1.42556938033136,0.456657822056255,-3.12174523566083,0.00179782442946565,0.00715774500566924,"S000000379","S000000379","SWD3"
"S000000387",884.260291736108,1.36887239355199,0.222686363357832,6.14708674977267,7.89189720548002e-10,1.53886612220908e-08,"S000000387","S000000387","YPC1"
"S000000388",73.6857730804662,-1.06305070799679,0.329058641701612,-3.23058134106308,0.00123538747078449,0.00517508590853538,"S000000388","S000000388",NA
"S000000393",3063.63881883585,-1.3325466306634,0.4855012533587,-2.74468216393849,0.00605695280926603,0.0202223841398831,"S000000393","S000000393","RPS9B"
"S000000398",47.5370689187894,1.0766416722663,0.430416041294942,2.50139764546677,0.0123704194684191,0.037126754477627,"S000000398","S000000398","AIM4"
"S000000400",11178.9615687372,1.83394329261968,0.350166425338374,5.23734761505903,1.62900701114865e-07,1.99003394960237e-06,"S000000400","S000000400","PGI1"
"S000000406",392.187560724222,1.12793946303969,0.328414456376841,3.43450003840704,0.000593647987880372,0.00275576833087826,"S000000406","S000000406","MCM7"
"S000000412",847.59182716738,1.15028598239813,0.27230981613056,4.22418111378921,2.39811142392251e-05,0.000167446050718732,"S000000412","S000000412","DUR1,2"
"S000000414",134.444544706496,-1.87605306117835,0.315627923597323,-5.94387543344172,2.78361164415285e-09,4.86383389118297e-08,"S000000414","S000000414","ERV15"
"S000000416",6374.81063982964,-3.48163701549815,0.364102709727458,-9.56223868288226,1.15236561759776e-21,9.57602428623533e-20,"S000000416","S000000416","NGR1"
"S000000420",530.411179472901,1.12624630359062,0.263064420801945,4.28125666008839,1.85840866132075e-05,0.000133680095602705,"S000000420","S000000420","YBP1"
"S000000422",2738.95686200187,2.58635803786056,0.138265535487207,18.7057319001947,4.44586814460337e-78,7.94309917385199e-75,"S000000422","S000000422","PYC2"
"S000000434",3555.71429133657,1.0462925207353,0.145575102215727,7.18730404313782,6.60831450491486e-13,2.0989475381944e-11,"S000000434","S000000434","OM14"
"S000000437",102.020869085571,-1.19498347616685,0.40663335620477,-2.93872467158126,0.00329565697807501,0.0119924070280919,"S000000437","S000000437","PBP2"
"S000000443",186.236672847454,1.23023993618013,0.343456929677736,3.58193365710936,0.000341060415124276,0.00169734558265016,"S000000443","S000000443","ERT1"
"S000000444",498.379363848321,3.97542493188712,0.24905564711821,15.9619947505155,2.35095842213838e-57,1.76853940671704e-54,"S000000444","S000000444","THI2"
"S000000452",622.72558347679,1.11347697421657,0.454211651533078,2.45144960605548,0.0142282108009074,0.0416473104602435,"S000000452","S000000452","HIS7"
"S000000453",2272.04917931468,1.98136627970072,0.417814984242909,4.7422097206279,2.11399611087564e-06,1.96203548134711e-05,"S000000453","S000000453","ARO4"
"S000000456",121.507216710241,-1.5999758149087,0.351339210670406,-4.55393467713357,5.26517114881633e-06,4.39574131016541e-05,"S000000456","S000000456","DUT1"
"S000000460",1738.47838055105,1.58777837914901,0.253307107344311,6.26819513986554,3.65256876177182e-10,7.5881054232565e-09,"S000000460","S000000460","RIB5"
"S000000469",382.394312694012,-1.48848335561384,0.241469213417642,-6.16427798205221,7.08054630730157e-10,1.3969902238887e-08,"S000000469","S000000469","TSC10"
"S000000489",266.761948058448,3.11323804438485,0.259911545626229,11.9780675263342,4.62990422259816e-33,9.06509877446514e-31,"S000000489","S000000489",NA
"S000000498",628.875574139727,1.56253840558778,0.27871044378092,5.60631451190259,2.06680247813188e-08,3.06439915144594e-07,"S000000498","S000000498","SUL1"
"S000000499",689.59858117571,1.48615553545735,0.155083311009058,9.58294948558684,9.43123595984076e-22,7.97637015230792e-20,"S000000499","S000000499","PCA1"
"S000000500",3812.18127887185,-5.37153186340904,0.724635650488292,-7.41273474440495,1.23721191255059e-13,4.42086746652141e-12,"S000000500","S000000500","PHO89"
"S000000506",666.65737943571,1.33842902623103,0.253063773336647,5.28890014000756,1.23054045542479e-07,1.55896832306437e-06,"S000000506","S000000506","COS2"
"S000000515",3018.76250637363,1.40009648109777,0.221498875705291,6.3210094256218,2.5986017270611e-10,5.55184073017703e-09,"S000000515","S000000515","ILV6"
"S000029705",574.880005812332,1.32758455453558,0.173403899767674,7.65602478556872,1.91776727707258e-14,7.59297719977795e-13,"S000029705","S000029705",NA
"S000000520",425.813253109444,1.73876047681796,0.191642651549479,9.07293059639722,1.15858084303207e-19,8.11744901443992e-18,"S000000520","S000000520","BUD3"
"S000000524",254.832664123778,2.51853273742245,0.381428908623882,6.60288898004297,4.03221513236959e-11,1.00056338345414e-09,"S000000524","S000000524",NA
"S000000527",47.2560166670956,-1.43638042591035,0.453796575910843,-3.16525179377412,0.00154948798476151,0.00629887137832658,"S000000527","S000000527",NA
"S000000529",263.279704620914,-1.00948030492302,0.383358435158493,-2.63325444894846,0.00845709631607209,0.0269574660226625,"S000000529","S000000529","KCC4"
"S000000530",2425.27720924924,3.08093594844324,0.436692775056995,7.05515667860804,1.72406350415875e-12,5.14447592169959e-11,"S000000530","S000000530","AGP1"
"S000000535",3419.54622221486,3.41717193238214,0.305014657859566,11.2033039866414,3.9280497303725e-29,5.84829320793897e-27,"S000000535","S000000535","HIS4"
"S000000537",400.332073284977,1.49054207171807,0.250009330219073,5.9619457818313,2.49251858462024e-09,4.41456854150893e-08,"S000000537","S000000537","STE50"
"S000000541",183.353274415634,-1.4749899816168,0.553579807715141,-2.66445770069668,0.00771125636178881,0.0248572366213458,"S000000541","S000000541","GFD2"
"S000000543",794.241215987958,1.45988245270785,0.175609586409373,8.31322755526935,9.31336868049701e-17,4.89396979964499e-15,"S000000543","S000000543","ATG22"
"S000000551",40.0044341334227,2.04825350798245,0.49436314437996,4.14321644173416,3.42468445826476e-05,0.000227775779255366,"S000000551","S000000551",NA
"S000087203",147.485850783005,-3.89308908458185,0.31210457539253,-12.4736687364662,1.03928626495219e-35,2.47575309749362e-33,"S000087203","S000087203",NA
"S000000599",69.0250298243717,-2.00573905940033,0.381010767025037,-5.26425821259935,1.407565068339e-07,1.75399542474013e-06,"S000000599","S000000599",NA
"S000000601",1942.91366350715,-1.18500344002707,0.300905670800269,-3.93812265776018,8.21216143387131e-05,0.000489680531390583,"S000000601","S000000601","SAT4"
"S000000603",19026.9626491417,-6.06535979559528,0.859101886821579,-7.06011695310704,1.663625254834e-12,4.97451794295866e-11,"S000000603","S000000603","ADY2"
"S000000605",27841.3043527826,1.83620998102565,0.417081947076542,4.4025160856187,1.07002653764065e-05,8.22252113037516e-05,"S000000605","S000000605","PGK1"
"S000000606",14738.9084318353,1.56733102819565,0.425851622191658,3.68046273988421,0.000232811078193461,0.00121399808121822,"S000000606","S000000606",NA
"S000000607",704.286292789279,1.42042337219174,0.223691640381103,6.34991709914491,2.15430990694838e-10,4.68668972602941e-09,"S000000607","S000000607","POL4"
"S000000613",196.319563060329,2.11878207541221,0.261442835133177,8.1041887200042,5.30986308632997e-16,2.56398219908494e-14,"S000000613","S000000613","PET18"
"S000000615",45666.4335913276,1.95666417632667,0.599741947430639,3.26251012574532,0.00110430227660136,0.00469969779410657,"S000000615","S000000615","HSP30"
"S000000617",943.846626261606,1.48580123580568,0.208306244306347,7.13277338734298,9.83664361610279e-13,3.03006782769304e-11,"S000000617","S000000617",NA
"S000000630",375.572201104742,-3.74134403755964,0.394966761678908,-9.47255415026846,2.73083109381602e-21,2.19279600134339e-19,"S000000630","S000000630","ELO2"
"S000000638",793.463613617091,1.37512472279371,0.238401491647686,5.76810452522627,8.01680804600221e-09,1.2932758171728e-07,"S000000638","S000000638","TAF2"
"S000000639",49.3739013532462,-1.79746156070231,0.493718602470737,-3.64065998669525,0.000271940066373849,0.00139064020346384,"S000000639","S000000639",NA
"S000000646",24.3810096795583,-1.27268358725526,0.379984192478071,-3.34930666182569,0.000810140742038327,0.00360166146997008,"S000000646","S000000646",NA
"S000000657",867.634255617328,1.5377783122927,0.32224111284871,4.77213568032418,1.82282635225434e-06,1.72769609103258e-05,"S000000657","S000000657",NA
"S000000661",300.559945393807,-1.64651313699159,0.404719519228713,-4.06828200460756,4.73610411917772e-05,0.000302201500783067,"S000000661","S000000661","HCM1"
"S000000668",120.023531524869,-1.98346491054585,0.654666350431593,-3.02973401525561,0.00244769197747431,0.00931830854209119,"S000000668","S000000668","RSA4"
"S000000669",425.472839902157,1.17133334705118,0.266751373502118,4.39110521409135,1.12775949325505e-05,8.57939108568568e-05,"S000000669","S000000669","SSK22"
"S000000673",1151.07113520283,1.02238636102211,0.208659278329295,4.8997886372857,9.59398097981148e-07,9.81580315994599e-06,"S000000673","S000000673","PAT1"
"S000002133",746.811226105488,1.06042488110645,0.185328448159238,5.7218678062599,1.05359274424095e-08,1.66581870502609e-07,"S000002133","S000002133","PTC6"
"S000000677",390.731065100552,1.38377247384436,0.200172561623508,6.91289786482831,4.74851845260744e-12,1.34663837783964e-10,"S000000677","S000000677","SRB8"
"S000000678",989.415500340687,-1.11335751635488,0.268669096974554,-4.14397312118231,3.41339770143891e-05,0.000227236578233192,"S000000678","S000000678","AHC2"
"S000007223",120.394073086649,-1.7210232477392,0.4880065651521,-3.52663953855375,0.000420869324906238,0.00204191624605732,"S000007223","S000007223",NA
"S000000683",158.490659011399,-1.76239993843372,0.417271697679162,-4.22362683171679,2.40401979620862e-05,0.000167694753280672,"S000000683","S000000683",NA
"S000000703",183.738499694495,2.44763907571163,0.245803193523375,9.95771877747742,2.33355652744273e-23,2.22356822978259e-21,"S000000703","S000000703","RDS1"
"S000000704",139.253530461602,1.48861353745763,0.291392313339484,5.10862321794787,3.24514746968523e-07,3.67243806684173e-06,"S000000704","S000000704","AAD3"
"S000002161",388.249179450888,-4.49064224432113,0.378504943232084,-11.864157455845,1.81722619018079e-32,3.46314852483387e-30,"S000002161","S000002161","MCD1"
"S000002171",874.155389683395,-1.05741244397563,0.208262400051739,-5.07730845180378,3.82819122927357e-07,4.24157653023311e-06,"S000002171","S000002171","SLX5"
"S000002172",751.015709051367,-2.05220204425413,0.526465009461711,-3.89807870869219,9.69589046851027e-05,0.000567964600272202,"S000002172","S000002172","NOP1"
"S000002176",185.411204075112,-1.24946891257028,0.279450787472913,-4.47115903257705,7.77968178490985e-06,6.20854225302717e-05,"S000002176","S000002176","ERP3"
"S000002179",684.171357323244,3.00171232713685,0.326875909816656,9.18303318473517,4.19116119872389e-20,3.02546803097781e-18,"S000002179","S000002179","GPM2"
"S000002180",3325.18011577049,1.8486425948991,0.220476818567703,8.38474814226975,5.08344780934813e-17,2.74180073732124e-15,"S000002180","S000002180","GPD1"
"S000002181",490.410341346819,2.41327161483404,0.300942392621755,8.01904840926551,1.06567504779388e-15,4.89765062961991e-14,"S000002181","S000002181",NA
"S000002184",28.375057285301,1.25197446851357,0.488489987119088,2.56294806756879,0.0103787571454379,0.0320881626389235,"S000002184","S000002184",NA
"S000002194",126.857599674386,1.15503237943977,0.351641836009077,3.28468419044984,0.00102096740010043,0.00439406415225396,"S000002194","S000002194","PUS9"
"S000002195",94.577696219353,3.71496074334688,0.400375298997086,9.27869614497352,1.7156510342563e-20,1.27717709544923e-18,"S000002195","S000002195","BSC1"
"S000002197",290.167340308001,3.41929646627095,0.225986623753135,15.1305259111537,1.01877970061904e-51,5.60054548497997e-49,"S000002197","S000002197","PRM7"
"S000002200",322.300782552348,-1.34391558660503,0.205804124766058,-6.53007119333828,6.57384359861051e-11,1.57915876562924e-09,"S000002200","S000002200","SIR2"
"S000002201",159.112970347332,-1.07032223222089,0.362164974432015,-2.95534440871726,0.00312320185389699,0.0114490700430238,"S000002201","S000002201","PRP11"
"S000002206",5399.83921144317,3.48445434751729,0.361355149189042,9.64274164997275,5.27596781881211e-22,4.57026715359282e-20,"S000002206","S000002206","STP4"
"S000002212",698.68434494311,1.28660361342287,0.291128102432734,4.41937278700241,9.89877690863031e-06,7.66431302031707e-05,"S000002212","S000002212","MCH1"
"S000002213",5518.42374805716,-2.20420342482785,0.296713119259387,-7.42873598016044,1.09640340218177e-13,3.96731489300861e-12,"S000002213","S000002213","PSA1"
"S000002214",559.479655072163,1.31612940684397,0.219244913826971,6.00300998490967,1.9369270191442e-09,3.47358819129587e-08,"S000002214","S000002214","MBP1"
"S000002215",334.355089852386,1.03104442378502,0.192391206701468,5.35910367974811,8.36358500559641e-08,1.1078843418442e-06,"S000002215","S000002215",NA
"S000002217",81.9445385054875,1.96017688976658,0.347256806997496,5.64474720226497,1.65424135582571e-08,2.50201816918697e-07,"S000002217","S000002217","RAD59"
"S000002224",1289.5609226378,1.35257135834782,0.391763622952495,3.4525190168354,0.000555378327132697,0.00260092478037603,"S000002224","S000002224","IDP1"
"S000002235",447.402095474039,1.18390347296582,0.162340150821027,7.29273360273652,3.03728293381232e-13,1.01429637787335e-11,"S000002235","S000002235","VAM6"
"S000002238",433.592458922641,1.17520562598377,0.25700991002743,4.57260821521765,4.8169030434826e-06,4.05943367927458e-05,"S000002238","S000002238","THI3"
"S000002241",2043.89882771891,-1.0101467133566,0.420599994946252,-2.40168027934876,0.0163199652927901,0.0466709211544315,"S000002241","S000002241","RPS16B"
"S000002245",116.436158699715,1.05657504604623,0.232462339640927,4.54514502296705,5.48974431427811e-06,4.5619136909289e-05,"S000002245","S000002245","LUC7"
"S000002259",251.676539089095,-1.11540420174145,0.247205925611816,-4.51204476179487,6.42056335736861e-06,5.248605170128e-05,"S000002259","S000002259","DUN1"
"S000002268",791.10282778159,1.66249866398371,0.228669954512212,7.27029778586378,3.58695886703137e-13,1.18952211337539e-11,"S000002268","S000002268","TMA17"
"S000002275",287.395977728546,1.17144246451932,0.30070884423354,3.89560362783856,9.79544696146439e-05,0.000572388893786634,"S000002275","S000002275","CYK3"
"S000002282",6797.8084274673,1.21071736427627,0.313440403771565,3.86267165849697,0.000112153704341486,0.00064403892975205,"S000002282","S000002282",NA
"S000002285",137.222810344219,-1.43388902128834,0.34321016929743,-4.17787451992925,2.942459016873e-05,0.000200939162580821,"S000002285","S000002285","PCL2"
"S000002286",2008.93303822839,1.1743008601556,0.231972345178673,5.06224506740711,4.14347924660238e-07,4.55209445593296e-06,"S000002286","S000002286","VCX1"
"S000002287",417.455536079883,1.61529370032857,0.174468199661658,9.25838464236505,2.07548273148988e-20,1.52911725160746e-18,"S000002287","S000002287",NA
"S000002289",1659.75148054564,1.70050574604765,0.281028778999073,6.0510021503999,1.43947526437765e-09,2.64793049597809e-08,"S000002289","S000002289","LYS21"
"S000002297",489.438999403342,1.30806501090342,0.248815028438838,5.25717847153657,1.4628233710217e-07,1.81304955661108e-06,"S000002297","S000002297","RGT2"
"S000002312",877.746553411472,-1.28932502063874,0.37166653114581,-3.46903719488512,0.00052232713482248,0.00246227629881851,"S000002312","S000002312","SAS10"
"S000002315",82.3145561725584,1.08612792201998,0.360132212467832,3.01591439037683,0.0025620558550314,0.00969566319346954,"S000002315","S000002315","CMR1"
"S000028520",15.5420579501866,1.52900211399828,0.640849653999209,2.3858983217929,0.0170374608589517,0.0484545009025122,"S000028520","S000028520","MHF2"
"S000002320",903.888475247178,1.04483867574034,0.19812199577107,5.27371366149395,1.33690442357267e-07,1.67617323913369e-06,"S000002320","S000002320","ENT1"
"S000002326",219.356100841857,-1.24697326483419,0.486584865495172,-2.56270458302317,0.0103860378143908,0.0321037280452179,"S000002326","S000002326","NRP1"
"S000002328",1052.21890667994,-1.5522043338006,0.200046857636781,-7.75920377924097,8.54642332918906e-15,3.5101732368994e-13,"S000002328","S000002328","UGX2"
"S000002329",829.034374792365,2.33741852771375,0.180266279739657,12.9664767647587,1.89544411777742e-38,5.31207505399855e-36,"S000002329","S000002329","UGA3"
"S000002330",3027.44132271925,2.16470437301179,0.149930249685764,14.4380762224351,2.98045419293638e-47,1.37418167031096e-44,"S000002330","S000002330","GLT1"
"S000002341",3428.98234329442,2.18577284879864,0.406509568611139,5.37692841097554,7.57672814841531e-08,1.01115009734174e-06,"S000002341","S000002341","LYS20"
"S000002360",218.592813443541,-1.0906813958547,0.299782386241599,-3.63824375917705,0.00027450355579248,0.00140324725427107,"S000002360","S000002360","TRM8"
"S000002365",514.694886732029,1.12238653983597,0.287172114209444,3.90841061614143,9.29053073739088e-05,0.000546234289714224,"S000002365","S000002365",NA
"S000002367",346.826938961486,-1.50526207082896,0.520851206594462,-2.89000400070296,0.00385236923702939,0.0136663969979799,"S000002367","S000002367","NHP2"
"S000002373",2591.9010245544,-1.67282207350465,0.511512049365512,-3.27034734681158,0.00107415499839367,0.00459117744977295,"S000002373","S000002373","PRR2"
"S000002375",269.831903898008,1.43214931712078,0.257983902360812,5.55131271375917,2.83532369137524e-08,4.0976017715699e-07,"S000002375","S000002375","RRI1"
"S000002378",76.0178760628201,-1.33904907921448,0.379797547927792,-3.52569174424756,0.000422378290701144,0.00204854187614233,"S000002378","S000002378","DTD1"
"S000002382",14323.7048481349,1.05000621322979,0.310713501622545,3.37933886923697,0.000726603862113699,0.00328234797762045,"S000002382","S000002382","HBT1"
"S000002386",686.350329983198,-5.94860399847576,0.374464965514292,-15.8856089255397,7.97200222536733e-57,5.69719139035876e-54,"S000002386","S000002386","HO"
"S000002387",1836.51751621288,-1.84280230536272,0.720444994430523,-2.55786676236035,0.0105316435202671,0.0324975779005133,"S000002387","S000002387",NA
"S000002392",587.353523336967,-1.17277983966992,0.303428368396149,-3.86509621980619,0.000111045414221485,0.000638701048477944,"S000002392","S000002392","MFG1"
"S000002397",376.736160839028,1.62205113183009,0.294216544773699,5.51312004930828,3.52527594629788e-08,4.9937333102513e-07,"S000002397","S000002397","GUD1"
"S000002398",363.964150131237,1.97659336430467,0.234385948602507,8.43307107823582,3.36710052423255e-17,1.87260575069478e-15,"S000002398","S000002398","ADY3"
"S000002403",87.1243300512308,1.69464337375414,0.327718186223858,5.17103854772514,2.32796534235097e-07,2.72511127258169e-06,"S000002403","S000002403","THI13"
"S000002404",397.811174231442,1.21311944577563,0.177718902850908,6.8260574779338,8.72799721096778e-12,2.39441965712788e-10,"S000002404","S000002404","HXT15"
"S000002405",71.7207306780688,1.33907348277138,0.506005766420384,2.64636012400477,0.0081363146472294,0.0260569897496863,"S000002405","S000002405","SOR2"
"S000002407",444.728195463384,1.2894211017056,0.191433038011927,6.73562471293626,1.63227089922082e-11,4.28861175782411e-10,"S000002407","S000002407","COS7"
"S000002418",2115.77712368548,1.11109345705856,0.187912092964605,5.91283636688486,3.3626620392569e-09,5.77674621719939e-08,"S000002418","S000002418","SNQ2"
"S000002426",1301.08792255856,1.69613940348043,0.150395245173901,11.2778791744327,1.68765574659099e-29,2.65073226220055e-27,"S000002426","S000002426","GCV1"
"S000002437",489.016960164561,1.04252184800575,0.153900091065116,6.77401709635541,1.25254861197147e-11,3.35256129417756e-10,"S000002437","S000002437","RAD28"
"S000002440",2448.09063418616,1.50438176262521,0.472915958780471,3.18107633014676,0.00146728964228762,0.00601088302012525,"S000002440","S000002440","MRH1"
"S000007345",612.934521865189,1.99662777297863,0.275211012170878,7.25489782268933,4.01965158175654e-13,1.32075586340336e-11,"S000007345","S000007345",NA
"S000002442",2463.87755773816,2.78258294722116,0.22107621918879,12.5865321807632,2.50435896432285e-36,6.1715177029425e-34,"S000002442","S000002442","ARO3"
"S000002446",160.831201154103,4.50951621841911,1.09932693749431,4.10207015275875,4.09470075160604e-05,0.000266025262921387,"S000002446","S000002446","ENA2"
"S000002448",708.15968678092,-1.70566261630861,0.235241060245713,-7.25070110858628,4.14619741278925e-13,1.35610067782601e-11,"S000002448","S000002448","RSM10"
"S000002453",2275.7047648094,2.78925242591712,0.521359808770016,5.34995674579803,8.79752561882036e-08,1.1610621760831e-06,"S000002453","S000002453","BAP3"
"S000002457",10793.5173795229,1.01856051706729,0.272354439264834,3.73983445915803,0.000184141485175522,0.000990193471637972,"S000002457","S000002457","TPI1"
"S000002462",7461.22389008362,2.94705772450689,0.71332264604536,4.13145123156442,3.60480176018393e-05,0.000238093491489413,"S000002462","S000002462","PST1"
"S000002480",283.84731941356,-1.46815801669234,0.489213457306333,-3.00105811638174,0.00269043211228467,0.0101089238120097,"S000002480","S000002480","SNF11"
"S000002492",1156.2885864595,1.82663509896408,0.154934936611737,11.7896914595937,4.41154223489854e-32,8.18885365758505e-30,"S000002492","S000002492","AFR1"
"S000002494",136.914053433424,-2.06656785578495,0.396912883367491,-5.20660311716707,1.92328836880894e-07,2.30423811025869e-06,"S000002494","S000002494","RRP1"
"S000007391",145.889531925435,1.54039562327971,0.424062314360731,3.63247468854156,0.000280716118732598,0.00143193272128659,"S000007391","S000007391",NA
"S000002508",336.482413866325,-1.52793254459452,0.589808842106434,-2.59055550801457,0.0095821167005737,0.0299556417325678,"S000002508","S000002508","ARX1"
"S000002515",256.595733436121,1.04801335379048,0.317549532212906,3.3003145886791,0.000965765045786605,0.00418928066750469,"S000002515","S000002515","TRS85"
"S000002518",2686.76897381753,-4.9034983194298,0.510197173534951,-9.61098683760913,7.18569572876183e-22,6.18705717175861e-20,"S000002518","S000002518","ALT2"
"S000002519",27.7322879910576,-3.61954744078342,0.695427651101132,-5.20477929667057,1.94227302187633e-07,2.32308856080991e-06,"S000002519","S000002519","IRC2"
"S000002520",171.849697325685,-1.38559795568822,0.290617383423193,-4.767773831583,1.86272722723661e-06,1.75968012286139e-05,"S000002520","S000002520","PDS1"
"S000002526",425.640184909228,-1.19390690796591,0.291100062070608,-4.10136260182699,4.1072435937883e-05,0.00026641464379952,"S000002526","S000002526","VBA4"
"S000002529",1686.28924900589,1.16649131249524,0.147132100529653,7.92819043768186,2.2236214194582e-15,9.93194404634877e-14,"S000002529","S000002529","KIN1"
"S000002530",361.046680448485,-2.92183398119454,0.357870245054594,-8.1645066097876,3.22751659341379e-16,1.57443326517622e-14,"S000002530","S000002530","INO2"
"S000002533",197.630772057639,1.50879839522504,0.25813321567202,5.84503776973087,5.06453342017372e-09,8.38787672937926e-08,"S000002533","S000002533","SWF1"
"S000002534",3943.76073368025,2.74746829636043,0.364781842426204,7.53181210469995,5.00409327611171e-14,1.9175202465272e-12,"S000002534","S000002534","ARO1"
"S000002540",480.393866103122,-2.81794208971771,0.280533696785591,-10.0449326480428,9.67137246125912e-24,9.46800867046415e-22,"S000002540","S000002540",NA
"S000002548",795.605603162303,1.15320990901451,0.198383336565963,5.81303817637458,6.13490632619882e-09,1.00557587293991e-07,"S000002548","S000002548","DOP1"
"S000002551",184.3243117468,-2.62498468554534,0.316297465002727,-8.29910124484464,1.04901943948595e-16,5.49217393720609e-15,"S000002551","S000002551","MKC7"
"S000002553",225.574655055447,1.60037558504337,0.279390273617986,5.72810056813784,1.01561355320402e-08,1.61166124564554e-07,"S000002553","S000002553","SWI5"
"S000002554",328.206613627151,-2.77492357187787,0.301914096937806,-9.19110303236189,3.88833434937867e-20,2.82111486577002e-18,"S000002554","S000002554","EKI1"
"S000002555",5026.1902695862,1.95303400284626,0.284556791814419,6.8634243111652,6.72291528310505e-12,1.88044282077144e-10,"S000002555","S000002555","KGD2"
"S000002556",252.491465486912,-2.35544755092602,0.385327881887889,-6.11283964032308,9.78737094209649e-10,1.86025123504502e-08,"S000002556","S000002556",NA
"S000002565",3337.83058026636,2.43431749447981,0.291042484621114,8.36413109120086,6.05595579830246e-17,3.24186427809502e-15,"S000002565","S000002565","HOM2"
"S000002580",431.078764753245,1.93557098798542,0.327496212003932,5.91020878116959,3.41674396951384e-09,5.86260762980328e-08,"S000002580","S000002580","ARG82"
"S000002585",1677.90364346205,1.34235725865204,0.208957681089997,6.42406276548358,1.32684451738901e-10,2.98654939953403e-09,"S000002585","S000002585","SDH4"
"S000002586",157.42554800425,-1.93075459026639,0.329779371070072,-5.85468576764355,4.77912751530133e-09,7.97060321775984e-08,"S000002586","S000002586","CSN9"
"S000002595",266.413886004598,1.05482399269836,0.215176348356055,4.90213725047945,9.47995620771155e-07,9.71304760407321e-06,"S000002595","S000002595",NA
"S000002609",115.559104134941,-1.03220699980998,0.280121756002217,-3.68485123947963,0.000228836255483855,0.00119588906750667,"S000002609","S000002609","SPC19"
"S000007410",271.588645293688,2.0128028534241,0.335206698647241,6.00466178494332,1.91731149257148e-09,3.44273029690002e-08,"S000007410","S000007410",NA
"S000007393",491.554363829097,1.00517686013411,0.278548359747917,3.60862602473691,0.000307822972368797,0.00155028673152474,"S000007393","S000007393",NA
"S000002626",109.541656503389,-3.66005780102422,0.326307792811186,-11.2165810368558,3.38089958380214e-29,5.08665239487199e-27,"S000002626","S000002626","SPR28"
"S000002630",963.221608642456,3.27145305787943,0.159936754043966,20.4546670803393,5.45936540756769e-93,1.5606141954073e-89,"S000002630","S000002630",NA
"S000002631",648.317994743345,1.53181018423658,0.225078047465166,6.80568452360354,1.00569881581622e-11,2.73278577461239e-10,"S000002631","S000002631","CRF1"
"S000002637",630.554449664523,1.12919525096287,0.223023909122329,5.063112988229,4.12465226910441e-07,4.53626460569028e-06,"S000002637","S000002637","IVY1"
"S000002650",835.46684100285,2.47489063793424,0.157352535960122,15.7283174550262,9.67479277482363e-56,6.0122527448067e-53,"S000002650","S000002650","AMD2"
"S000002651",253.346757295269,1.0131745182767,0.182927644864384,5.53866267194239,3.04790063012198e-08,4.38266033262912e-07,"S000002651","S000002651","PRP28"
"S000002655",1938.3782797264,1.59233507299633,0.318721326591986,4.99601043338643,5.85284953471523e-07,6.2150652600063e-06,"S000002655","S000002655","VHS1"
"S000002660",28.4351432216204,-1.52619561810718,0.448566844336827,-3.40238169043355,0.000668012708622793,0.00305838901095155,"S000002660","S000002660","BTT1"
"S000002661",167.45742840588,1.15289936219662,0.283349297767466,4.06882731413281,4.72503494562339e-05,0.00030162985474674,"S000002661","S000002661","MET32"
"S000002664",10276.2169941291,-5.19225013250428,0.822784230747756,-6.31058537398742,2.77982014602132e-10,5.88621768104930e-09,"S000002664","S000002664","CTA1"
"S000002666",8381.52069251902,1.54537185033007,0.260813684481123,5.9251946591856,3.11927668299441e-09,5.39755709806769e-08,"S000002666","S000002666","HSP78"
"S000002667",187.622113774005,2.27108604036109,0.399834528493229,5.68006482311482,1.34643703418575e-08,2.06487387656834e-07,"S000002667","S000002667","YAP6"
"S000007397",515.039822552849,1.38065150148672,0.187973738251844,7.34491697790759,2.05886855894933e-13,7.07389622910163e-12,"S000007397","S000007397",NA
"S000002670",4823.65011269454,-1.59477816423077,0.268715224490065,-5.93482623568182,2.94156872735787e-09,5.12105259684849e-08,"S000002670","S000002670",NA
"S000002671",491.679906136154,-2.43550123701172,0.286347802087648,-8.5053952544963,1.80977952968636e-17,1.02647534991298e-15,"S000002671","S000002671","DIN7"
"S000002677",17.9580717009909,1.92368043530282,0.613223398117329,3.13699777472411,0.00170687422679281,0.0068608569793482,"S000002677","S000002677",NA
"S000002678",722.266919519331,1.76648700637538,0.304247876026413,5.80607835113375,6.39530435475483e-09,1.04466383020012e-07,"S000002678","S000002678","CCC2"
"S000002679",26.6143938285202,2.05872931859936,0.553212207306595,3.72140977984312,0.000198113647752921,0.00105697587433091,"S000002679","S000002679",NA
"S000002682",45.5106893579054,1.42249906560268,0.44863785618622,3.17070672032685,0.00152068589349112,0.0062047283687321,"S000002682","S000002682",NA
"S000002683",682.202271100892,1.16401009308408,0.478654592817162,2.43183730095057,0.0150224536310353,0.0435971430961192,"S000002683","S000002683","BSC2"
"S000002702",2226.93209613933,1.0352482229276,0.405537012107045,2.55278357343704,0.010686587763059,0.0329117429212245,"S000002702","S000002702","DPL1"
"S000002705",1098.80416683701,1.22859912648974,0.196587953914312,6.2496155131929,4.11464332775492e-10,8.48479174320109e-09,"S000002705","S000002705","SUR2"
"S000002706",1266.78754721448,1.14213243860722,0.229965716482496,4.96653351672164,6.81602775160529e-07,7.16861550063976e-06,"S000002706","S000002706","ATP5"
"S000002713",199.505699738637,1.53860285681941,0.259808716427232,5.92206019096494,3.17933205701748e-09,5.47496302300613e-08,"S000002713","S000002713","HNT2"
"S000002714",949.948391306296,-1.01140584869336,0.200185573123462,-5.05234134964154,4.36426828193085e-07,4.77996065545116e-06,"S000002714","S000002714",NA
"S000002717",310.210823110395,-3.72131083906115,0.280153668074777,-13.2831058919703,2.90106766707304e-40,9.42385458306249e-38,"S000002717","S000002717","GIC2"
"S000002729",344.613857115185,-1.46566903797714,0.400162012757019,-3.6626890890493,0.000249581394152311,0.00129015076550415,"S000002729","S000002729","ASP1"
"S000002731",206.399668493717,1.43531215424427,0.375740169130355,3.81995930210571,0.000133473695532172,0.000749897614088574,"S000002731","S000002731","PEP7"
"S000002733",291.790105113632,1.18498689693158,0.289268916952207,4.0964888637771,4.19463656678276e-05,0.000271162100628792,"S000002733","S000002733","YCG1"
"S000002735",779.99667604356,-1.41363275744029,0.252855968408966,-5.59066399078978,2.2620293463106e-08,3.32625364679191e-07,"S000002735","S000002735",NA
"S000002736",2247.02264347172,-1.57070989794924,0.250423825413316,-6.27220631006989,3.55967470045728e-10,7.40588507913186e-09,"S000002736","S000002736","SKP1"
"S000002737",2957.7035583357,-1.56850316442855,0.205832657211077,-7.62028331986252,2.53119525733724e-14,9.91188323647156e-13,"S000002737","S000002737","PEX3"
"S000002753",1001.58995468855,-1.76241696973038,0.243271751740603,-7.24464290292782,4.33580044145656e-13,1.4148766143776e-11,"S000002753","S000002753","HXT3"
"S000002759",964.634823376293,1.52211133872432,0.188855117244011,8.05967749742075,7.64959935407509e-16,3.59656985420379e-14,"S000002759","S000002759","SBE2"
"S000002761",1246.71793339734,-1.38422934608292,0.185615821089076,-7.45749655369429,8.8181869019696e-14,3.24006029279824e-12,"S000002761","S000002761","TRR1"
"S000002762",458.279498144547,1.17472925067835,0.346835678844424,3.38699079227452,0.000706637593746121,0.00320634004044867,"S000002762","S000002762","TRP4"
"S000002766",1398.24920677044,1.14540213652533,0.199001734385387,5.7557394666076,8.62633410608351e-09,1.38535048739609e-07,"S000002766","S000002766","GGA1"
"S000002767",595.247735608384,1.23704258337212,0.323139932427084,3.82819472072289,0.00012908661435229,0.00073012860266612,"S000002767","S000002767","EAF1"
"S000002768",31.3025610067853,1.89341594103516,0.543078136235705,3.48645215982951,0.000489472921662597,0.00232890694717826,"S000002768","S000002768","OPI7"
"S000002777",445.376465122651,1.14526280502327,0.242143666204983,4.72968309670243,2.24870571871632e-06,2.07493549629518e-05,"S000002777","S000002777","XRS2"
"S000002782",135.018291130925,-3.86876653170832,0.293318311267255,-13.1896522756921,1.00648416042579e-39,2.99701627186789e-37,"S000002782","S000002782","PHO92"
"S000113553",211.092912326937,-1.74886444645611,0.335658862244253,-5.21024362283483,1.8859282304176e-07,2.26517413423183e-06,"S000113553","S000113553","WIP1"
"S000002785",658.077561489342,1.23093968532911,0.236608531374548,5.20243153608248,1.96697831594243e-07,2.35067065800712e-06,"S000002785","S000002785","ATP17"
"S000007605",122.625197195562,-1.18451270988618,0.377517544541358,-3.13763618939945,0.00170316130946956,0.00684954546883748,"S000007605","S000007605","SDH6"
"S000002787",585.216797362321,1.39241310421774,0.217337410815269,6.40668856316342,1.48714156190372e-10,3.31602407867236e-09,"S000002787","S000002787","RGA2"
"S000002788",3633.71680850807,1.4000231086276,0.294024724327799,4.76158293091964,1.92080333791557e-06,1.80262916013311e-05,"S000002788","S000002788","ARO10"
"S000002792",1130.29963792683,-2.85716893995875,0.423579536096655,-6.74529503074668,1.52716385174504e-11,4.04217646907257e-10,"S000002792","S000002792","ATO3"
"S000002795",643.38219385058,1.98210630014735,0.249699459297793,7.93796793041302,2.05520457150087e-15,9.20847615688461e-14,"S000002795","S000002795","CIN10"
"S000002811",180.3313212205,-2.45300107780823,0.233356924692782,-10.5117989579167,7.62254480343211e-26,8.857644949224e-24,"S000002811","S000002811","DIT1"
"S000002828",1163.04835346782,1.18493891161975,0.190933384199455,6.20603314914232,5.43387211670926e-10,1.09081930005794e-08,"S000002828","S000002828","HKR1"
"S000002829",1000.45992606272,1.40745035341205,0.144236282902854,9.75794942219916,1.70569069209611e-22,1.52371481638311e-20,"S000002829","S000002829","ARO80"
"S000002840",3036.44130777071,-1.80475599764312,0.280617894332355,-6.43136462105166,1.26463388149968e-10,2.85551533464059e-09,"S000002840","S000002840","NPL3"
"S000002841",69.7344931240032,-1.47292310181254,0.567627391701246,-2.59487671551229,0.00946248536182755,0.0296725105916194,"S000002841","S000002841",NA
"S000002843",752.394146978876,-1.12447676143555,0.295969799205757,-3.79929561885406,0.000145107922558962,0.000806071807433107,"S000002843","S000002843","PPM1"
"S000002851",770.46195432129,1.14968659197683,0.183792071872282,6.25536553489507,3.9658591465756e-10,8.20318737800363e-09,"S000002851","S000002851","SSN2"
"S000002857",217.675187968792,-1.4936334921832,0.558386187892611,-2.67491124345371,0.00747490366320012,0.0241935684008422,"S000002857","S000002857","UTP6"
"S000002859",165.765430443894,-1.03212919508364,0.432128956982743,-2.38847496425669,0.0169184609922932,0.0481512471053059,"S000002859","S000002859","YHP1"
"S000002863",17.8951777758697,1.66580305078147,0.581158680667237,2.86634804950162,0.00415237445174287,0.0145894513369619,"S000002863","S000002863",NA
"S000087209",194.773011213689,-1.78617173939752,0.28750069678449,-6.2127562102447,5.20631921760531e-10,1.0495616442487e-08,"S000087209","S000087209",NA
"S000002883",1440.64905323996,2.69171943011845,0.221874317416903,12.1317305285979,7.17176571888785e-34,1.52994100626961e-31,"S000002883","S000002883","JIP4"
"S000002885",1269.46299292797,1.05914392637763,0.172987662720651,6.12265585718672,9.20283231494397e-10,1.75850377376329e-08,"S000002885","S000002885","SNF1"
"S000002892",305.501169250057,1.36607979429125,0.231388537243638,5.90383521398406,3.55146911197602e-09,6.07190765759249e-08,"S000002892","S000002892","VPS52"
"S000002896",106.638049121906,-1.27090726347476,0.29021682095384,-4.37916472001084,1.1913505950281e-05,8.97153532915523e-05,"S000002896","S000002896","PAC11"
"S000002905",3966.78110059259,-1.77841686926818,0.153919915524717,-11.5541699929182,7.03236214506103e-31,1.18251237811009e-28,"S000002905","S000002905","ITR1"
"S000002910",1225.89091493531,-1.04529167038949,0.251023507102243,-4.16411866145961,3.12557539791202e-05,0.000211540238910646,"S000002910","S000002910","SAM2"
"S000002916",659.071361725856,-2.05659059547706,0.316441236489353,-6.49912324415486,8.07894578863182e-11,1.90234550505625e-09,"S000002916","S000002916","GNP1"
"S000002921",1411.36651574692,1.04741906154494,0.173653776494025,6.03165150042664,1.62292475047921e-09,2.96251129739456e-08,"S000002921","S000002921","GRX2"
"S000002936",162.619844880858,-1.27717291771344,0.31778643344577,-4.01896614611584,5.84540681680103e-05,0.000362780719203375,"S000002936","S000002936","HLR1"
"S000002942",106.075288772912,1.08855274658588,0.36105394571993,3.01493103590196,0.00257037693095548,0.00972429790210339,"S000002942","S000002942","FIT1"
"S000002945",186.751721922087,1.22306094814741,0.196147136771965,6.23542595765395,4.50550420755849e-10,9.19959594837622e-09,"S000002945","S000002945",NA
"S000002946",239.448057981881,1.24057177212796,0.205232790339961,6.04470547846176,1.4968317890073e-09,2.73933633294255e-08,"S000002946","S000002946","PAD1"
"S000002953",932.164070138547,1.07456475986261,0.240177101430986,4.47405166212892,7.67511849822779e-06,6.13880630638891e-05,"S000002953","S000002953","YRF1-1"
"S000000746",682.031533290164,1.07288568261357,0.155569986418378,6.89648245985076,5.33059435491695e-12,1.50871653692729e-10,"S000000746","S000000746","PXP1"
"S000007256",52.9205185218973,-1.50302923324912,0.419682215161599,-3.5813507910274,0.000341822334724097,0.00170054529419127,"S000007256","S000007256","TIM9"
"S000000750",1547.91835945809,1.14001076115674,0.297960398780631,3.82604791046763,0.00013021695709984,0.000735648603884589,"S000000750","S000000750","RIP1"
"S000000751",655.176776482026,1.12287277092301,0.334430316242433,3.3575687262426,0.000786311931660691,0.00350553850256589,"S000000751","S000000751",NA
"S000000752",233.342650974959,-2.63365814919679,0.407717705078061,-6.45951381653283,1.05039896421672e-10,2.41760908140894e-09,"S000000752","S000000752","SNU13"
"S000028619",29.8925291521292,-1.14779914946715,0.46170510633543,-2.48600055255459,0.0129187765014635,0.0383803933767237,"S000028619","S000028619",NA
"S000000759",22.5009914872748,-1.84747849565772,0.481759303255877,-3.83485795328059,0.000125636881014213,0.000711743139253329,"S000000759","S000000759","MTC7"
"S000028743",6810.69272357194,-1.01794598933286,0.153044850730789,-6.6512919871016,2.90531250789786e-11,7.37577827271477e-10,"S000028743","S000028743",NA
"S000000766",573.003178642172,-4.33131288025809,0.319013826977794,-13.5771948234695,5.4680841236497e-42,2.003982727675e-39,"S000000766","S000000766","UTR2"
"S000000768",535.249572659772,-1.09528154692279,0.270399092532491,-4.0506110307718,5.10840631594009e-05,0.000322644504965672,"S000000768","S000000768","GDA1"
"S000000772",1999.18559672137,2.0885397098125,0.543414335128019,3.84336513559303,0.000121358702173511,0.000691618791932212,"S000000772","S000000772","GLY1"
"S000000775",52.1925054970007,1.69249781048834,0.331564122273484,5.10458670522958,3.31518248508182e-07,3.73985029670675e-06,"S000000775","S000000775","PAU2"
"S000028744",840.689854808664,-1.07725168119038,0.407392362777962,-2.64426086401012,0.00818695334802971,0.0262074186345775,"S000028744","S000028744",NA
"S000000780",1404.2364157862,-1.20790287366572,0.442199936267906,-2.73157631785346,0.00630321405636074,0.0209078297766452,"S000000780","S000000780","RPL12A"
"S000000783",280.190221587833,-2.1998714023415,0.541664350892163,-4.06131841373378,4.87963645928483e-05,0.000310390048565012,"S000000783","S000000783","SDD1"
"S000000786",10540.6733677295,1.0829861793233,0.334775800969585,3.23495956454061,0.00121659958821577,0.00511436997481413,"S000000786","S000000786","PRB1"
"S000000795",46.0659192746841,1.94937109441541,0.592164499078341,3.29194184631038,0.000994981837423315,0.00429256728110216,"S000000795","S000000795","HXT13"
"S000000798",58.2553720820287,1.21395936430559,0.39113478438087,3.10368551400298,0.00191126370042257,0.00754007509526354,"S000000798","S000000798","RMD6"
"S000000799",55.3126868338665,-1.29899019611736,0.442834533499467,-2.9333534262836,0.00335321941503605,0.0121705345604648,"S000000799","S000000799",NA
"S000002956",17.1680314938631,3.07455862650769,0.980249312898205,3.13650679072393,0.00170973477370794,0.00687018249103388,"S000002956","S000002956",NA
"S000000802",21.8667998283101,1.97077186327295,0.545437541353726,3.61319438772342,0.000302447786958985,0.00152595709294848,"S000000802","S000000802",NA
"S000000803",624.555889426182,-2.19613407477847,0.358806315666554,-6.12066727615626,9.31843009508695e-10,1.77821523830544e-08,"S000000803","S000000803","MNN1"
"S000000804",613.08381060253,-1.72173429935923,0.184757739417608,-9.31887511065283,1.17580233444899e-20,8.89192738956581e-19,"S000000804","S000000804","NOP16"
"S000000805",857.11465158995,-1.42482017783178,0.192127756269011,-7.41600383776303,1.20707003205101e-13,4.32676749798282e-12,"S000000805","S000000805","PMI40"
"S000000806",4664.66787115712,-2.11561416568117,0.257691041745533,-8.2098863482042,2.21397957830161e-16,1.10644790603724e-14,"S000000806","S000000806","FMP52"
"S000000810",831.383172624912,1.02518702841983,0.18764158936884,5.46353839715493,4.66736255330756e-08,6.45794898106727e-07,"S000000810","S000000810","SEC3"
"S000000818",254.03684239669,-1.20267233796281,0.390178079124934,-3.08236777591424,0.00205360941650015,0.00803290623701056,"S000000818","S000000818","BIM1"
"S000000826",13370.4904619359,2.11750649616257,0.285840385357937,7.40800322358566,1.28215188187265e-13,4.52488811051994e-12,"S000000826","S000000826","YAT2"
"S000000828",974.268720891062,-1.80732819881256,0.163273961841563,-11.0692983647102,1.76779253569885e-28,2.47716261889644e-26,"S000000828","S000000828","CHO1"
"S000000830",168.355989120459,-2.36071847621702,0.362495289524509,-6.51241145592159,7.39538089526834e-11,1.76170298560117e-09,"S000000830","S000000830","MIG3"
"S000000832",633.549713664999,-1.19501987618483,0.364972856766011,-3.27427054925065,0.00105935132287876,0.00454284682205406,"S000000832","S000000832","CHZ1"
"S000000836",104.752009938025,1.24774480948812,0.417932963517701,2.98551422932994,0.00283101966501585,0.010581528261525,"S000000836","S000000836",NA
"S000000837",741.652252689084,1.40032512358289,0.214323293525906,6.53370476230403,6.41623690240259e-11,1.54649703281687e-09,"S000000837","S000000837","EDC2"
"S000000839",2468.38740109014,3.77020650507396,0.370397565497674,10.1788101657964,2.46557566681589e-24,2.48172345111265e-22,"S000000839","S000000839","PHM8"
"S000000842",517.651180444851,1.01233419746303,0.203623994604805,4.97158598340916,6.64074004273395e-07,6.99455397426649e-06,"S000000842","S000000842","GLN3"
"S000000845",1531.23876475417,-2.69542570709441,0.418553940145996,-6.43985266547537,1.19589532756629e-10,2.72180444536703e-09,"S000000845","S000000845","SAH1"
"S000000846",258.403829068755,1.64864888499319,0.248457581839301,6.63553461636568,3.23328474850566e-11,8.1361512166182e-10,"S000000846","S000000846","ERG28"
"S000000847",513.238427009513,2.07071687829187,0.237293819844058,8.72638351750031,2.62945913617054e-18,1.60576805509129e-16,"S000000847","S000000847","ACA1"
"S000000854",2062.68837455191,3.02017061323593,0.804663596716876,3.75333322590781,0.000174498642108736,0.000945454545739258,"S000000854","S000000854","HOM3"
"S000000855",2060.59012054786,2.48186322662442,0.201354846406286,12.3258181807882,6.57724969275654e-35,1.49220047394554e-32,"S000000855","S000000855","PIC2"
"S000000862",456.636122032484,1.61822525069147,0.16736325831482,9.6689396883484,4.08589244660685e-22,3.5609549231312e-20,"S000000862","S000000862","FCY21"
"S000002958",191.649867155606,1.43162301368752,0.244630415528975,5.85218731118068,4.85149785925935e-09,8.07246320167565e-08,"S000002958","S000002958","FCY22"
"S000000864",774.741195022498,2.16720333275464,0.387854962792483,5.58766430923349,2.30143971378842e-08,3.38072742334819e-07,"S000000864","S000000864","GPP2"
"S000000867",12254.3099689003,2.6060003082771,0.548265030781935,4.75317622311317,2.00245666947999e-06,1.86700020723271e-05,"S000000867","S000000867","ICL1"
"S000028749",177.088191978575,3.25244695084299,0.426243104364337,7.63049752017317,2.3384946423453e-14,9.18244613270367e-13,"S000028749","S000028749",NA
"S000000871",2407.31176230068,2.35926638423566,0.263830313916172,8.94236279832985,3.8093660975318e-19,2.47487589236464e-17,"S000000871","S000000871","ARG5,6"
"S000000872",1656.12060340183,-5.03134177404242,0.374763772416488,-13.4253685771177,4.29442399492067e-41,1.53450505398503e-38,"S000000872","S000000872","RNR1"
"S000000874",687.953118893456,-1.0466212777081,0.246963265962855,-4.23796338142662,2.2555654587951e-05,0.000158968427527408,"S000000874","S000000874","VTC1"
"S000000875",2775.41564925083,2.97943508279151,0.417582345517717,7.1349641927453,9.68123589579167e-13,2.98863724964471e-11,"S000000875","S000000875","ALD5"
"S000000879",431.151055492368,1.89369932578326,0.336122561374886,5.63395482301818,1.76123176662171e-08,2.64147803151355e-07,"S000000879","S000000879","MRX1"
"S000028751",91.2293108391256,1.22324234296991,0.285299076007731,4.28757905594046,1.80630980196209e-05,0.000130391848482041,"S000028751","S000028751",NA
"S000000888",1410.85318406911,1.25882573539654,0.23845934149737,5.27899526809028,1.298941590416e-07,1.63719331144761e-06,"S000000888","S000000888","ILV1"
"S000000892",1332.5765591099,1.17195759921752,0.322370767349527,3.63543384796685,0.000277513202178552,0.00141711189665525,"S000000892","S000000892","TRP2"
"S000000893",3498.70658381295,1.20215788129621,0.243696438643209,4.93301374443254,8.09704550143317e-07,8.41680518923522e-06,"S000000893","S000000893","MET6"
"S000000895",568.467291716452,1.18678737802276,0.166133592392589,7.1435725967947,9.09358592952163e-13,2.82553529762289e-11,"S000000895","S000000895","TSC11"
"S000000905",9976.24675683373,3.35120399596636,0.309379410194302,10.8320201200903,2.42740129327486e-27,3.24250903596051e-25,"S000000905","S000000905","SSA4"
"S000000920",277.037873682433,-1.11841748111825,0.264837055433587,-4.22304000959078,2.4102901215112e-05,0.000168050130276876,"S000000920","S000000920","SHO1"
"S000000926",1277.75912145752,-3.83182688554186,0.257780960458963,-14.8646621485137,5.58961565508938e-50,2.95897690956269e-47,"S000000926","S000000926","DSE1"
"S000000927",1520.45894018656,1.13806017850388,0.130992873151947,8.68795493311894,3.69022116553976e-18,2.22549920333586e-16,"S000000927","S000000927","RSP5"
"S000000930",92.7863054425005,1.62502442327935,0.308354217768539,5.26999252690342,1.36429313267819e-07,1.70602289985734e-06,"S000000930","S000000930","VFA1"
"S000000931",962.797309520742,1.17110184143976,0.157224755114501,7.44858429314698,9.43471420614946e-14,3.44885857157274e-12,"S000000931","S000000931","SAK1"
"S000000932",1651.4357481503,2.97667907364961,0.37381979418915,7.96287173638385,1.68091680095771e-15,7.60295691015458e-14,"S000000932","S000000932","COM2"
"S000000934",584.034003067812,1.22732967830769,0.231083168830838,5.31120325429734,1.08903786383838e-07,1.39852813906936e-06,"S000000934","S000000934","PMD1"
"S000000940",862.949278439403,-1.26305804704916,0.272612804948772,-4.63315744572787,3.60130435493262e-06,3.16175940694422e-05,"S000000940","S000000940",NA
"S000000948",37.4634047741487,-1.05517553115005,0.441065288679483,-2.39233410162285,0.0167415947746514,0.0477143796837671,"S000000948","S000000948","LSM5"
"S000000949",482.442377753202,1.03511895956187,0.234725497922084,4.4099127224153,1.03412289298414e-05,7.97234008059453e-05,"S000000949","S000000949","SCC4"
"S000028759",311.781083573234,-1.53353865993887,0.223081844950344,-6.8743319756936,6.22810178212134e-12,1.7454560543502e-10,"S000028759","S000028759",NA
"S000000950",711.601865636124,-1.70653108153754,0.218556048302002,-7.8082079850723,5.80068074112588e-15,2.46753362597953e-13,"S000000950","S000000950","SPT15"
"S000000952",8419.37935225042,-1.96238217328781,0.443290855587973,-4.42685011105168,9.56191267332152e-06,7.46414078862832e-05,"S000000952","S000000952","SPI1"
"S000000958",295.24825071143,-1.2469385851001,0.42519929454246,-2.93259796313134,0.0033613885794043,0.0121878049125889,"S000000958","S000000958",NA
"S000000959",406.674860855768,1.21807932558255,0.33119419063251,3.67784025213813,0.000235217192299537,0.00122565050293011,"S000000959","S000000959","COG3"
"S000000960",1131.27736626305,1.54024988389403,0.185812030009033,8.28929043947886,1.13926045471467e-16,5.89980060841913e-15,"S000000960","S000000960",NA
"S000000962",863.758257867265,1.13771781302975,0.272882748857017,4.1692551756941,3.05596688688194e-05,0.000207895929148994,"S000000962","S000000962",NA
"S000000964",1614.42113009179,-1.15462490529151,0.219822718430074,-5.2525276438104,1.50025938434937e-07,1.85334549529002e-06,"S000000964","S000000964","RAD4"
"S000000966",903.297081300409,1.73259027374555,0.156411201506387,11.0771495715082,1.61946449421528e-28,2.3147006015819e-26,"S000000966","S000000966","CHD1"
"S000000971",1496.39250723056,1.08541663672646,0.131695381759808,8.24187319420277,1.69535194013491e-16,8.59278910650647e-15,"S000000971","S000000971","RPH1"
"S000000977",1142.97953832304,3.10131168769508,0.294209541429519,10.5411662471118,5.58025453986415e-26,6.59161802795689e-24,"S000000977","S000000977","TMT1"
"S000000978",858.46758850272,1.27276241363957,0.146517715560519,8.68674759752078,3.72963531153993e-18,2.23044675765022e-16,"S000000978","S000000978","ECM32"
"S000000986",356.291082383516,1.164558003863,0.244122671992075,4.7703803762266,1.83878359042598e-06,1.74166559694888e-05,"S000000986","S000000986","TOG1"
"S000000990",94.7216600993207,1.79176270886133,0.357663070353802,5.00963856036048,5.45323533628072e-07,5.8247402671236e-06,"S000000990","S000000990",NA
"S000028626",53.4348506273631,1.6526284122487,0.434360342045921,3.80474056278825,0.000141952895016059,0.000791006911682076,"S000028626","S000028626",NA
"S000001891",235.533667819638,-1.08612711631834,0.24947362831458,-4.35367507041169,1.33874090492615e-05,9.93490329912222e-05,"S000001891","S000001891","MSH4"
"S000001880",18179.2778350744,-1.50053457040147,0.220772284358822,-6.79675247624217,1.0700370581399e-11,2.90209481442004e-10,"S000001880","S000001880","HSP12"
"S000001877",133.019641276073,-1.45108346772147,0.262437368362289,-5.52925628227713,3.21591240539939e-08,4.59650360103734e-07,"S000001877","S000001877","GNA1"
"S000001876",3876.16574772027,1.19652119733669,0.200859853099935,5.95699528238417,2.56917656293034e-09,4.53909031074949e-08,"S000001876","S000001876","LPD1"
"S000001874",18.0633058920777,1.58612926957513,0.532831219087631,2.97679492633909,0.00291278774156026,0.0108107341801404,"S000001874","S000001874","PAU5"
"S000001869",374.032357432645,1.03617484258679,0.190870629322071,5.42867619951299,5.67735786724186e-08,7.72823580918932e-07,"S000001869","S000001869","BST1"
"S000001866",436.778236886263,1.79763383134821,0.278829078411033,6.44708163722525,1.14024376579105e-10,2.60760066311224e-09,"S000001866","S000001866","CAF16"
"S000001864",1733.31399701877,1.21293096922987,0.261951330021271,4.63036766841909,3.65017004035003e-06,3.19876642469178e-05,"S000001864","S000001864","AGX1"
"S000001861",964.396681928461,1.72450254802057,0.250226703266541,6.89176065347285,5.51060363430542e-12,1.55658216887604e-10,"S000001861","S000001861","RIM15"
"S000001857",900.19841867328,-1.4538859764896,0.202217954400828,-7.18969777336272,6.49348973648443e-13,2.0670701292555e-11,"S000001857","S000001857","TUB2"
"S000001855",8514.36444898053,1.05884273167484,0.302786509300434,3.49699441405502,0.000470531684772494,0.00224776382702315,"S000001855","S000001855","ACT1"
"S000001849",1504.21467162092,-1.74721355928579,0.227022304348298,-7.69621982430948,1.40150618904892e-14,5.64274027044401e-13,"S000001849","S000001849","SEC53"
"S000001848",251.108628651594,1.07417243974432,0.304728391549048,3.52501594709934,0.000423457298539429,0.0020530784152049,"S000001848","S000001848","FMP32"
"S000001843",32.4470751311433,1.78650913584148,0.467001397595875,3.8254899129605,0.000130512278635804,0.000737025680972558,"S000001843","S000001843",NA
"S000001842",162.532214330312,1.21319415930691,0.406536485313511,2.98421962882698,0.00284302620310475,0.0106097580994716,"S000001842","S000001842","ZNF1"
"S000001841",189.996274701027,4.06847097744368,0.434572277137924,9.36201223934134,7.82323278835703e-21,6.01169173354769e-19,"S000001841","S000001841","DAK2"
"S000001835",389.860686343952,2.54090990710686,0.487479087210127,5.21234648577162,1.86466858348017e-07,2.2434097696702e-06,"S000001835","S000001835","SNZ3"
"S000001833",68.0938645095638,1.20347732450588,0.314311614703399,3.82893048874935,0.000128701348618888,0.000728237678467841,"S000001833","S000001833","DDI2"
"S000001832",37.0939011726505,1.72366339330402,0.397616660641807,4.33498785116748,1.45768172572403e-05,0.000107450463670828,"S000001832","S000001832","COS4"
"S000001828",54.3396039160139,2.00911447531954,0.484273820951754,4.14871584710274,3.34345509088776e-05,0.00022362191677145,"S000001828","S000001828",NA
"S000001901",143.300453179002,-1.16283595565325,0.40491433296156,-2.87180734539135,0.0040813169585063,0.0143645070888773,"S000001901","S000001901","SAD1"
"S000001911",1441.52838512928,-1.53664494755412,0.414065976965081,-3.71111135190832,0.00020635130093547,0.00109642347370657,"S000001911","S000001911","GSY1"
"S000001912",1582.13227185632,1.13019349616712,0.139480536269,8.10287604564016,5.3674919065644e-16,2.58308288957997e-14,"S000001912","S000001912",NA
"S000001915",840.832901773554,1.26762885041722,0.124249614136574,10.2022759525341,1.93679753769858e-24,1.99155735297308e-22,"S000001915","S000001915","FAB1"
"S000001918",1106.98917107773,2.96064311901501,0.271605326732858,10.9005340750441,1.14582736738698e-27,1.55974386305354e-25,"S000001918","S000001918","ROG3"
"S000001923",90.9605169621093,-1.52895741592086,0.373837023551497,-4.08990367351949,4.31552377633467e-05,0.000278096399166598,"S000001923","S000001923","ECO1"
"S000001926",1187.04719589174,2.34004639376277,0.208029875531189,11.2486073828946,2.35277428126641e-29,3.65523943501531e-27,"S000001926","S000001926","MET10"
"S000001929",1472.82042805323,1.08356401058595,0.262942218182846,4.12092062687496,3.77361427949684e-05,0.000247868882798016,"S000001929","S000001929","QCR6"
"S000028767",421.297371915243,-1.08300796104528,0.259433183791197,-4.17451593978406,2.98620312136811e-05,0.000203829041135217,"S000028767","S000028767",NA
"S000001945",363.138914853428,1.06623780419715,0.290496584563196,3.67039704029703,0.000242174004279386,0.00125731676104804,"S000001945","S000001945","YMR31"
"S000002970",485.046323160165,-1.78122339150909,0.230305022193009,-7.73419257013127,1.04061418765633e-14,4.24957102404911e-13,"S000002970","S000002970","ERP6"
"S000002973",1237.53640052611,-2.13963152037375,0.190418390951354,-11.2364751623196,2.69946840296518e-29,4.14876364339583e-27,"S000002973","S000002973","COG7"
"S000002976",19844.155515898,2.33809985025971,0.276982112173796,8.4413387994985,3.13723362138197e-17,1.75158125587549e-15,"S000002976","S000002976","PMA1"
"S000002977",4927.72834873973,2.12982066222252,0.253264927161544,8.40945758298393,4.11911155044421e-17,2.2731452274324e-15,"S000002977","S000002977","LEU1"
"S000002980",816.557951319857,-1.51070428070489,0.333042806064199,-4.53606639506177,5.73131437579187e-06,4.73786445189088e-05,"S000002980","S000002980","ERG4"
"S000002989",396.557406188532,2.15633263849417,0.208535395864972,10.340367540724,4.62759279786694e-25,5.0107715045388e-23,"S000002989","S000002989","ALK1"
"S000002993",454.998739368509,1.18897939971449,0.244639547784866,4.8601275242712,1.17310162367885e-06,1.16925672993318e-05,"S000002993","S000002993","PGD1"
"S000002994",2297.75532813509,1.74046145482921,0.221803463336342,7.84686329351849,4.26571801057593e-15,1.85883864405981e-13,"S000002994","S000002994","TRP5"
"S000002996",697.948091932674,-3.4355317741555,0.258952225749609,-13.2670486388383,3.59461298544551e-40,1.14172896446606e-37,"S000002996","S000002996","SCW11"
"S000002998",1653.32342557447,-1.04633710637582,0.434706342859509,-2.40699755953178,0.016084277346752,0.0460798909835892,"S000002998","S000002998","RPL30"
"S000003005",4741.80984733888,1.61406139658786,0.264344020993016,6.1059122522408,1.02215156137893e-09,1.93248839507791e-08,"S000003005","S000003005","PNC1"
"S000003017",719.280141351307,1.24750464564902,0.253746624574803,4.91633986359202,8.81772628646799e-07,9.09320070797165e-06,"S000003017","S000003017","TIF4632"
"S000003027",1537.85887349044,1.63405686020597,0.274056651010213,5.96247839336355,2.4844051161832e-09,4.40565785677499e-08,"S000003027","S000003027","PKP2"
"S000003034",843.874334499135,1.40318755459508,0.156380128471182,8.97292749605112,2.88736155749944e-19,1.91949110424835e-17,"S000003034","S000003034","SGF73"
"S000003042",25.5766472049476,1.38299364320155,0.473373639557514,2.92156877280767,0.00348273375621504,0.0125640367434583,"S000003042","S000003042",NA
"S000003044",3189.21744547836,-1.04125299571989,0.392034744111243,-2.65602223109192,0.007906840173733,0.025447526818997,"S000003044","S000003044","RPL7A"
"S000003045",672.32784617494,-1.34269702337981,0.269305627433626,-4.98577410422193,6.17142167091237e-07,6.53107183940121e-06,"S000003045","S000003045","HNM1"
"S000003049",108.205217242256,1.64365446024241,0.472023203512756,3.48214758937796,0.00049740945897296,0.00235881665464516,"S000003049","S000003049",NA
"S000003057",66.8672281147887,-1.36627938699415,0.278430758203212,-4.90707059741213,9.24467639428671e-07,9.49239653042672e-06,"S000003057","S000003057","MF(ALPHA)2"
"S000003063",743.918558645699,1.06892043202293,0.270107256271799,3.95739250687627,7.57723671357346e-05,0.000457354072411763,"S000003063","S000003063","VPS45"
"S000003064",362.823728918562,1.10798070567125,0.210148749805852,5.27236401213363,1.34677622025042e-07,1.68559303993338e-06,"S000003064","S000003064","TOS8"
"S000003065",384.090930007891,-1.15605669420398,0.434985199419146,-2.65769202204513,0.00786777551554411,0.0253332091560424,"S000003065","S000003065","SRM1"
"S000003072",432.09869908835,1.18545010390466,0.188507086665089,6.28862354660857,3.20293113477701e-10,6.72239276202171e-09,"S000003072","S000003072","VPS73"
"S000003082",965.789823609026,1.19925696609624,0.1686888402874,7.10928455049561,1.16646034798881e-12,3.5700680414998e-11,"S000003082","S000003082",NA
"S000003084",280.314482773666,2.70518406486883,0.284128655374041,9.52098288469916,1.7154874854375e-21,1.39315128575899e-19,"S000003084","S000003084","CDC20"
"S000003085",1440.02717235632,3.3869713962911,0.533823856336952,6.34473592006955,2.22807305540024e-10,4.82512851224783e-09,"S000003085","S000003085",NA
"S000003088",443.355366149356,-1.38831787956923,0.415061010043643,-3.34485255414199,0.00082326323994547,0.00365204887912495,"S000003088","S000003088","PRP43"
"S000003091",5882.10881871651,-1.3121331422316,0.48710487715297,-2.69373846121343,0.00706555830549456,0.0230671596300671,"S000003091","S000003091","RPS2"
"S000003092",485.304570642871,1.45039238914361,0.198695926146577,7.29955775778542,2.88715109334822e-13,9.6641804630506e-12,"S000003092","S000003092","MON1"
"S000003093",689.552654474626,2.16644968427224,0.168026714084013,12.8934836111181,4.89802902453272e-38,1.27286416086629e-35,"S000003093","S000003093","MET13"
"S000003107",1239.56455662136,-1.08923412041866,0.15130549320593,-7.19890664469264,6.06972884627301e-13,1.93648737499509e-11,"S000003107","S000003107","FLC3"
"S000003109",931.318019761706,1.12399735361337,0.195771476712904,5.7413744457866,9.39111746434954e-09,1.49974571975361e-07,"S000003109","S000003109","HUL5"
"S000003115",1545.84152559216,-2.0761643330575,0.311020720029899,-6.67532482356131,2.46685167160825e-11,6.35292089050391e-10,"S000003115","S000003115","RPL9A"
"S000003125",132.182984297596,-1.27837240860879,0.297345304881097,-4.29928567098103,1.71349491942506e-05,0.000124067795761613,"S000003125","S000003125","ARI1"
"S000003128",543.554921593131,1.32385385229409,0.195450278534785,6.7733536233282,1.25830880933212e-11,3.3616837031372e-10,"S000003128","S000003128","AIM14"
"S000003133",874.419125987659,-2.26233868161369,0.309382949690158,-7.31242198020088,2.62369624309207e-13,8.82364480059174e-12,"S000003133","S000003133",NA
"S000003134",1239.55894226359,-2.21044738435273,0.3156250883545,-7.00339569289886,2.49831929705577e-12,7.31731100672502e-11,"S000003134","S000003134","CUP2"
"S000003138",30.3206568659331,-1.80892441116306,0.514343639424652,-3.51695689906175,0.000436524658482434,0.00210643043338603,"S000003138","S000003138","SPO74"
"S000003144",370.498975365691,-1.5353661734709,0.205902603495655,-7.45675939694129,8.86764212360837e-14,3.24987715058294e-12,"S000003144","S000003144",NA
"S000003146",748.289323517773,2.41721347962856,0.372151213552232,6.49524545830697,8.28981383780403e-11,1.94558799973289e-09,"S000003146","S000003146","MPT5"
"S000003147",381.768140905494,3.08857857511084,0.246830373287122,12.512959948888,6.34163044430742e-36,1.53628684644891e-33,"S000003147","S000003147","TOS3"
"S000003148",1723.33255517214,1.3957234880871,0.1835890579145,7.60243286796049,2.90614743993088e-14,1.13490615734787e-12,"S000003148","S000003148","ATG1"
"S000003152",918.695687111684,2.06189173396295,0.252414512082075,8.16867349248328,3.11798759603748e-16,1.53145693162075e-14,"S000003152","S000003152","STR3"
"S000003155",1444.30921696282,1.32276249726612,0.340344962808,3.88653466868654,0.000101685410036702,0.000591530144751557,"S000003155","S000003155","COX4"
"S000003164",1097.09564987954,2.01443467056163,0.231878323340574,8.68746436294911,3.70618625853889e-18,2.22573614257548e-16,"S000003164","S000003164","DSD1"
"S000003171",600.364331364829,1.00113055835301,0.222124059666558,4.50707843110675,6.57263434806942e-06,5.35896535863983e-05,"S000003171","S000003171","KEX1"
"S000003174",1101.6210852156,1.25984181406762,0.274380495695027,4.59158662453882,4.39888990454579e-06,3.75139220797572e-05,"S000003174","S000003174","CHC1"
"S000003180",174.878498219394,1.48649812762803,0.226516350511691,6.56243191394391,5.29372142854393e-11,1.29338735689194e-09,"S000003180","S000003180","VAM7"
"S000003192",210.681624392431,1.07260630404492,0.243426875884326,4.40627724505906,1.05162347247398e-05,8.08980317118974e-05,"S000003192","S000003192","SDT1"
"S000003193",637.413469624068,-1.02958720626691,0.381989537063115,-2.69532829140498,0.00703193105582339,0.0229705269875747,"S000003193","S000003193","VRG4"
"S000003199",40.5812972021222,-1.53373927899608,0.375623466780574,-4.08318280042934,4.44230512225189e-05,0.000285622434153604,"S000003199","S000003199",NA
"S000003217",2791.87164053169,2.49129262729421,0.289957131835256,8.59193430258402,8.55172845448587e-18,4.98897366530476e-16,"S000003217","S000003217","PDE1"
"S000003224",11227.5343991269,1.97375307616765,0.279799931859797,7.05415853051983,1.73648317036034e-12,5.17074040707507e-11,"S000003224","S000003224","ZRT1"
"S000003235",409.474794118922,1.29350740041732,0.264367754793511,4.89283347520064,9.93945026993998e-07,1.00969838456469e-05,"S000003235","S000003235","CUL3"
"S000003246",791.917938654689,-1.80582712842402,0.313388877100145,-5.76225660953167,8.29966809206208e-09,1.33739747508279e-07,"S000003246","S000003246","MSB2"
"S000003249",567.814054917397,1.96785664526913,0.209870337639653,9.37653537608509,6.81761702265251e-21,5.29588044047676e-19,"S000003249","S000003249",NA
"S000003250",79.054783360657,1.47682849053324,0.283329064215666,5.21241438685972,1.86398598865423e-07,2.2434097696702e-06,"S000003250","S000003250",NA
"S000003251",2272.54815619091,2.2005714307411,0.193643804351,11.3640167219207,6.31717721809138e-30,1.00323793309089e-27,"S000003251","S000003251","UGA1"
"S000003254",167.485034745484,1.42549804927697,0.336901363186247,4.23120297227447,2.32444797762826e-05,0.000163099336986945,"S000003254","S000003254",NA
"S000003255",1623.6744064905,1.25838571091649,0.281486982503489,4.47049344777745,7.80393348432767e-06,6.22442083099863e-05,"S000003255","S000003255","MTL1"
"S000003261",347.953217451708,1.34001321986071,0.229959742266105,5.82716438388624,5.63770744879966e-09,9.29408910792313e-08,"S000003261","S000003261","ERV1"
"S000003276",1484.93386270837,2.3979033724223,0.367953897186566,6.51685820086988,7.17952356201282e-11,1.71887655396732e-09,"S000003276","S000003276","RME1"
"S000003285",248.136236969733,1.29794001183375,0.288740139026815,4.49518385704321,6.9509860866942e-06,5.63211134564174e-05,"S000003285","S000003285",NA
"S000003290",232.919816188237,1.15980574235968,0.306464486582129,3.7844702833092,0.000154036310539597,0.000848416565141604,"S000003290","S000003290","PEF1"
"S000003297",877.533036120159,3.05548721817618,0.466032570669572,6.55638127134807,5.51291732480845e-11,1.34235310602193e-09,"S000003297","S000003297","VHT1"
"S000003299",2573.13207393758,2.38565265923546,0.358998857305361,6.64529318322104,3.02614103273095e-11,7.65533341253513e-10,"S000003299","S000003299",NA
"S000003302",1119.8171745512,1.82931840272991,0.276516647971138,6.6155814347961,3.70094179042944e-11,9.19957582793183e-10,"S000003302","S000003302","ROM1"
"S000003312",476.270931614965,1.45493264964086,0.285235475707507,5.100812393802,3.38198667326892e-07,3.80919901662984e-06,"S000003312","S000003312","TWF1"
"S000003319",2418.88516599168,2.34544887137614,0.491427625832926,4.77272491020589,1.81749963483951e-06,1.72379046322237e-05,"S000003319","S000003319","PDC6"
"S000003329",1544.9951965584,1.83709866911615,0.17569229566667,10.4563416520071,1.37045255885045e-25,1.53030300184762e-23,"S000003329","S000003329","ASK10"
"S000003332",1183.40777607266,1.10256612756035,0.206611413316296,5.33642411066839,9.47975218260657e-08,1.23965322914909e-06,"S000003332","S000003332","MDR1"
"S000007347",558.081512300368,1.41568503236311,0.197255649474406,7.17690487514678,7.13072639503473e-13,2.259855263065e-11,"S000007347","S000007347",NA
"S000003342",1382.71320863077,-1.92105642155253,0.274455068394678,-6.99952976925891,2.56823009456552e-12,7.49136994727039e-11,"S000003342","S000003342","CLD1"
"S000003358",82.2698272092677,1.80214788073465,0.259466128373368,6.94559976684659,3.7685578644635e-12,1.08816156680357e-10,"S000003358","S000003358",NA
"S000003361",115.116848128177,1.38178598058026,0.388385038777841,3.55777345319074,0.000374011663262093,0.00183829047558635,"S000003361","S000003361","SYF2"
"S000003363",47.0273390685785,-1.6158103237954,0.388527326223109,-4.15880741131584,3.19913479694053e-05,0.000215990711632834,"S000003363","S000003363","FHN1"
"S000003368",867.210980534176,1.17171494396119,0.237625721784734,4.93092639618642,8.18405685614642e-07,8.49936085367783e-06,"S000003368","S000003368","LSB1"
"S000003369",132.201964094447,1.06656626672121,0.261947463855715,4.07168006523894,4.66752599085318e-05,0.00029849194177747,"S000003369","S000003369",NA
"S000003370",5043.46472531125,4.56971566382217,0.270121227253485,16.9172771436207,3.35590702764393e-64,3.19773194307431e-61,"S000003370","S000003370","TPO2"
"S000003372",538.300450355446,1.91320905241032,0.257312582876499,7.43534976417608,1.04291638076015e-13,3.79297807384348e-12,"S000003372","S000003372","CBF2"
"S000003374",2501.59173946651,-1.31244934696087,0.422552017074582,-3.10600658363256,0.00189632493562071,0.00748940931329836,"S000003374","S000003374","BTN2"
"S000003376",2767.44701409694,4.07486178177832,0.287456462920312,14.1755789394373,1.29768513959524e-45,5.62054960613176e-43,"S000003376","S000003376","THI4"
"S000003378",1359.55453963747,1.28164656140175,0.246931528479949,5.19029128961888,2.09965352358935e-07,2.47814597957577e-06,"S000003378","S000003378","ECL1"
"S000003381",766.5673277976,1.42726178817435,0.307644255479553,4.63932533357254,3.49548419670272e-06,3.08020688184167e-05,"S000003381","S000003381","GPC1"
"S000003383",21.1713055728657,-3.80510628110014,0.631781253119104,-6.02282239669875,1.71401494061783e-09,3.10893598302673e-08,"S000003383","S000003383",NA
"S000003384",112.87797658335,-3.67702494978705,0.508253017758377,-7.2346347612541,4.66783635377762e-13,1.51975820055908e-11,"S000003384","S000003384","RSR1"
"S000003389",1436.28762630417,-1.23516500992217,0.215634720872729,-5.72804326187889,1.01595660975767e-08,1.61166124564554e-07,"S000003389","S000003389","CHO2"
"S000003393",3344.22118194752,2.63083965868162,0.163545222013927,16.08631316944,3.18232400854883e-58,2.52694205856603e-55,"S000003393","S000003393","RTS3"
"S000007368",545.417433577325,1.53147448189935,0.278038301776008,5.50814212328607,3.62640582014874e-08,5.121760710216e-07,"S000007368","S000007368",NA
"S000029726",114.315880074796,-1.82139399899453,0.343575192868725,-5.30129659183647,1.14983111168892e-07,1.47262868094711e-06,"S000029726","S000029726",NA
"S000003409",56.5133329343588,-1.32580073402974,0.380730327789994,-3.48225669787209,0.000497206816989554,0.00235863824601118,"S000003409","S000003409","ATF2"
"S000003421",3836.62772816959,-1.132668094178,0.337594159975026,-3.35511755968108,0.000793312637010566,0.00353344266774447,"S000003421","S000003421","CRH1"
"S000003436",2681.77963463837,1.06458760438101,0.187808752396633,5.66846640955643,1.44081309360615e-08,2.1978166005243e-07,"S000003436","S000003436","ADE3"
"S000003440",121.029433745455,-1.49303377624279,0.600053884705254,-2.48816617023681,0.0128403722039774,0.038219438584618,"S000003440","S000003440","SER2"
"S000003453",428.986213972488,-1.04646050805207,0.161239563780135,-6.49009761325712,8.57807776273204e-11,2.00665246256512e-09,"S000003453","S000003453","TOS2"
"S000003457",241.432995643801,1.55438971887215,0.318834955891239,4.87521738175531,1.0868870025353e-06,1.09169894077562e-05,"S000003457","S000003457","AMA1"
"S000003466",1738.47309131627,-1.0499439750092,0.42991754785005,-2.44219846400736,0.0145981189721226,0.0425297420441395,"S000003466","S000003466","YHB1"
"S000003469",960.459842299264,1.15919708496313,0.130331777361688,8.89420146359394,5.88408649358918e-19,3.78207744638118e-17,"S000003469","S000003469",NA
"S000003470",428.764051909215,1.02303332445601,0.186530897632986,5.48452474865,4.14582445311047e-08,5.80374817907032e-07,"S000003470","S000003470","KEL2"
"S000003471",270.24449918995,1.92240033314275,0.317330309159033,6.05804197600084,1.37788444617141e-09,2.54117450182297e-08,"S000003471","S000003471","PEX21"
"S000003472",5306.75525788265,2.03757887178032,0.242455803598536,8.40391874122427,4.31821544473111e-17,2.37385589813622e-15,"S000003472","S000003472","PFK1"
"S000003475",1721.61008422806,-2.180650628555,0.475032936282978,-4.59052512362214,4.42132231916881e-06,3.76827429385091e-05,"S000003475","S000003475","MPC3"
"S000003476",3180.56800184851,1.09964078044415,0.285692218974304,3.84904000673204,0.000118581641152709,0.00067741302837557,"S000003476","S000003476","LSC2"
"S000003480",1931.70812395088,1.74356544477216,0.269365586118108,6.47285894942668,9.61657169441716e-11,2.23495380859032e-09,"S000003480","S000003480","SOL4"
"S000003482",4659.24587297534,2.24590726200029,0.306539376675336,7.32665175469116,2.35973956880749e-13,8.03041848975367e-12,"S000003482","S000003482","RIE1"
"S000003483",145.180275260195,1.12816606940677,0.366475339717807,3.07842287635365,0.00208099386398292,0.00812002328635212,"S000003483","S000003483","NOP19"
"S000003486",46288.1159988653,3.45119524155834,0.190256937919484,18.1396551384574,1.55000693307791e-73,2.21542490944826e-70,"S000003486","S000003486","ENO1"
"S000003498",248.230792723304,-1.04298108763766,0.414938911980549,-2.51357743880756,0.0119513536397171,0.0361066788358647,"S000003498","S000003498",NA
"S000007608",112.988469281533,-1.27785396700026,0.508762985569355,-2.51168815980239,0.012015521226346,0.036262213869967,"S000007608","S000007608","EFG1"
"S000003503",719.725644610282,1.28007730227835,0.196581519575434,6.51168688207817,7.43114990209014e-11,1.76727829535066e-09,"S000003503","S000003503","SLH1"
"S000003506",943.511979964101,-1.08434779915131,0.143980305614432,-7.53122306918218,5.02672275378742e-14,1.92104139892737e-12,"S000003506","S000003506","TAF1"
"S000003511",2216.54784299124,-5.80945743206072,0.32910326688568,-17.6523845753216,9.75490130250072e-70,1.16189003597202e-66,"S000003511","S000003511","SCW4"
"S000003512",525.415407420209,-2.74075416801772,0.377339814749675,-7.2633580154692,3.77596767828722e-13,1.24641815301984e-11,"S000003512","S000003512","PXR1"
"S000003517",1679.8655160951,-1.12147119755542,0.466273600722206,-2.40517840988292,0.0161645720821907,0.0462728277129486,"S000003517","S000003517","ZUO1"
"S000003518",1018.39732244942,2.28610457646054,0.303178632306032,7.54045415098027,4.68337544787133e-14,1.80917527774122e-12,"S000003518","S000003518","BIO2"
"S000003520",264.149481665017,1.70470068020503,0.174394927172582,9.77494419042388,1.44236801512082e-22,1.29658905912716e-20,"S000003520","S000003520","MAL13"
"S000003527",1429.95393269451,1.17658201471464,0.160644282480498,7.32414497763074,2.4042665765893e-13,8.16251358175554e-12,"S000003527","S000003527","COS6"
"S000028642",53.4348506273631,1.6526284122487,0.434360342045921,3.80474056278825,0.000141952895016059,0.000791006911682076,"S000028642","S000028642",NA
"S000003528",192.10461625113,1.59746742450794,0.363879502937623,4.3901000512848,1.13298519277153e-05,8.60454695020379e-05,"S000003528","S000003528","YRF1-3"
"S000028770",208.187270530577,1.14816063485662,0.178514362715375,6.431754943367,1.26138991507619e-10,2.85269716078859e-09,"S000028770","S000028770",NA
"S000028771",27.1366879039774,2.26898569494307,0.665176046328373,3.41110553734967,0.000647000432728934,0.00297445390318259,"S000028771","S000028771",NA
"S000000999",795.033559630626,1.16477326350707,0.376652336105571,3.09243605270139,0.00198521000357446,0.00779736372110189,"S000000999","S000000999","STE20"
"S000001002",537.221980255466,1.2792439231714,0.210818079733685,6.06799912411403,1.29513611828731e-09,2.40407539463383e-08,"S000001002","S000001002","ETP1"
"S000001005",155.263784982618,-1.27183813380714,0.344733277830528,-3.68933960136097,0.000224836928965281,0.00117800374842403,"S000001005","S000001005","OTU2"
"S000001012",892.285514227894,-2.0069545127063,0.172518004472193,-11.6333047025812,2.79079898672077e-31,4.86449877039024e-29,"S000001012","S000001012","OPI1"
"S000001013",1782.71701988762,-1.80822107286487,0.296924254135879,-6.0898395724769,1.13023889307813e-09,2.11723518987755e-08,"S000001013","S000001013","AIM17"
"S000001017",829.377786975821,1.21190550737578,0.148208674432526,8.17702143289539,2.90946274941038e-16,1.4339638302525e-14,"S000001017","S000001017","SNF6"
"S000001018",169.939657322801,2.01345920588045,0.258653309942345,7.78439373665568,7.00482901935637e-15,2.92748599922984e-13,"S000001018","S000001018",NA
"S000001020",313.669111898372,1.29019532177475,0.312536353389536,4.12814479910019,3.65701809663965e-05,0.000240985521693271,"S000001020","S000001020","WSC4"
"S000001022",453.05889771768,1.19777157484998,0.290916793295503,4.11723077681984,3.83452058287506e-05,0.000251267616454007,"S000001022","S000001022","ECM29"
"S000001027",963.635649467858,2.0280005211374,0.265335739303126,7.64314873851412,2.1197287983274e-14,8.36941539074405e-13,"S000001027","S000001027","VMR1"
"S000001030",221.811347925364,1.2225591121597,0.274375481473849,4.45578848952736,8.35854103069349e-06,6.61143480640299e-05,"S000001030","S000001030","CBP2"
"S000001036",143.843706602407,1.47605012192052,0.238541876121019,6.18780293809577,6.10085273205076e-10,1.21278842975245e-08,"S000001036","S000001036",NA
"S000001040",760.786247440053,1.51149958281985,0.193490284424424,7.81175957912363,5.63950589647462e-15,2.40613306800931e-13,"S000001040","S000001040","COS8"
"S000001041",44.0731902639109,1.84753204982607,0.568555148997512,3.24952126998353,0.00115599432923316,0.00488979785372287,"S000001041","S000001041",NA
"S000003529",120.461239126595,1.04451653894034,0.346023737551942,3.01862683274308,0.00253923088964222,0.00962574352394464,"S000003529","S000003529","QCR10"
"S000001045",472.623708924647,-1.22100440478147,0.195922102563785,-6.23209116686546,4.60249481654596e-10,9.37086302177940e-09,"S000001045","S000001045","TCD1"
"S000001055",200.83486922282,-1.36219921328811,0.285885205938734,-4.76484681610294,1.88997176911001e-06,1.78423820976813e-05,"S000001055","S000001055","ARD1"
"S000001060",3890.40863451719,2.95546584971749,0.33571013031783,8.80362426632593,1.32467351120144e-18,8.26792947406209e-17,"S000001060","S000001060","ARG4"
"S000001065",496.383679517571,1.49891319163645,0.245335246487917,6.10965286518779,9.98480784467763e-10,1.89023653674142e-08,"S000001065","S000001065","MYO1"
"S000001071",358.539486621532,2.29672853236849,0.225386525928806,10.190176732632,2.19365055319981e-24,2.22367711750956e-22,"S000001071","S000001071","YHI9"
"S000001072",1968.09382941807,1.93710402879691,0.326194078545722,5.93850151245277,2.87638999517514e-09,5.01368807329735e-08,"S000001072","S000001072","SLT2"
"S000001075",2417.54592284549,1.26267885232031,0.363667014203444,3.4720741860133,0.000516453597659773,0.00243699942930047,"S000001075","S000001075",NA
"S000001080",106.11447260024,1.02055352850004,0.337681042249999,3.02224111161231,0.00250910605176065,0.00952527298746745,"S000001080","S000001080","RRF1"
"S000001088",390.894388075342,3.54887740165638,0.355579187788905,9.98055432806495,1.8542792907003e-23,1.7787391880523e-21,"S000001088","S000001088","INM1"
"S000001094",302.430170180161,-1.83849698907211,0.600676045419079,-3.06071301343377,0.0022081062995088,0.00855297109454723,"S000001094","S000001094","CIC1"
"S000028647",52.5456055556681,-1.87971064198625,0.50057895379156,-3.755073256174,0.000173290785853859,0.000939622610853268,"S000028647","S000028647",NA
"S000001095",324.583869372806,-1.65222612465794,0.432262721490619,-3.82227298935329,0.000132227188677089,0.000744357309082959,"S000001095","S000001095","CUP1-1"
"S000001097",324.583869372806,-1.65222612465794,0.432262721490619,-3.82227298935329,0.000132227188677089,0.000744357309082959,"S000001097","S000001097","CUP1-2"
"S000001098",647.205302639785,1.09061618265013,0.172311701698533,6.3293216415343,2.46241341323062e-10,5.27665291084038e-09,"S000001098","S000001098","RSC30"
"S000028777",42.701329888623,1.68033001776572,0.408298394373137,4.11544605837979,3.86431365568428e-05,0.000252780938584418,"S000028777","S000028777",NA
"S000028778",172.183681587513,-1.33806483959699,0.32215681121856,-4.15345817006244,3.27488100288735e-05,0.000220065228840004,"S000028778","S000028778",NA
"S000001108",155.497241255444,-1.60045253025631,0.634621293387172,-2.52190171828966,0.0116722314806979,0.0354658172945612,"S000001108","S000001108","SSF1"
"S000028780",33.2711550753694,-1.34118911604295,0.532024314382922,-2.52091695771189,0.011704947174067,0.0355274601739094,"S000028780","S000028780",NA
"S000001113",2209.3035406694,1.57432073605658,0.293664256203737,5.36095456903122,8.2783336975652e-08,1.09760875268367e-06,"S000001113","S000001113","PCL5"
"S000001115",1077.50649482555,1.15005815118965,0.182717372429843,6.29419160255947,3.09005955010742e-10,6.5238140546064e-09,"S000001115","S000001115","OSH3"
"S000001117",363.722183206725,1.19705563330525,0.228209119786289,5.24543293636231,1.55915767197355e-07,1.91469167049687e-06,"S000001117","S000001117","PPE1"
"S000001121",637.20002269422,1.43948563632253,0.191106090498946,7.53239016383141,4.98198288100267e-14,1.91417960532718e-12,"S000001121","S000001121","IRE1"
"S000001123",522.169476327414,-1.55092820019227,0.172212674874835,-9.00588880185209,2.13925878516478e-19,1.44228423662077e-17,"S000001123","S000001123","LRP1"
"S000001131",410.877627693262,-1.56518150555929,0.560094630568742,-2.79449475166355,0.00519808845249175,0.0177064533487761,"S000001131","S000001131","GAR1"
"S000001139",4681.20525747379,-1.75732416640519,0.385931389742673,-4.55346264416824,5.27700456238805e-06,4.40304881554071e-05,"S000001139","S000001139",NA
"S000001146",1678.47880135512,1.21795121371313,0.192162082705426,6.33814536440152,2.32547376549314e-10,5.00572236900503e-09,"S000001146","S000001146","GRE3"
"S000001147",108.440449211443,1.23420644660829,0.382454580157166,3.22706671757232,0.00125066294998039,0.00522682033452329,"S000001147","S000001147","YPT35"
"S000001154",891.607027097521,1.38777647716679,0.135653828468365,10.2302787384318,1.45101135650298e-24,1.51381790645964e-22,"S000001154","S000001154",NA
"S000001158",83.7460249452605,-2.04840500615607,0.297277898318923,-6.89053918148505,5.55813147881594e-12,1.56691071453089e-10,"S000001158","S000001158","COX23"
"S000001159",563.742831290641,-1.07492487535713,0.238169098361509,-4.51328439647338,6.38313358780638e-06,5.22831681206399e-05,"S000001159","S000001159","TOM71"
"S000001164",382.300808359492,1.10675878321931,0.315224666257447,3.51101579822249,0.000446397868490017,0.00214610317333596,"S000001164","S000001164","CIA2"
"S000001165",195.115542677809,-2.86321205631903,0.405970722096305,-7.05275503990608,1.75409498359017e-12,5.21232424125869e-11,"S000001165","S000001165","EPT1"
"S000001169",128.497372773451,-1.40075150339901,0.334781821447367,-4.18407277116518,2.86332384911001e-05,0.000196003293943148,"S000001169","S000001169",NA
"S000001170",273.415067288174,-1.85943591968565,0.440166227060362,-4.2243947976287,2.3958373519703e-05,0.000167369028698492,"S000001170","S000001170","FUR1"
"S000007496",456.719447666648,-1.71000539246829,0.386305463875468,-4.42656279130326,9.57465201135943e-06,7.47000552392797e-05,"S000007496","S000007496","IGO2"
"S000001178",136.512553150951,-3.0148042544378,0.50107200874808,-6.01670858040991,1.77999102187089e-09,3.21229945398998e-08,"S000001178","S000001178","SPL2"
"S000001180",2313.50879684083,-1.31712999187657,0.323124961472452,-4.07622483225847,4.577276340445e-05,0.000293113847374464,"S000001180","S000001180",NA
"S000001181",30367.0686666173,-1.68274669450661,0.258507416630104,-6.50947162925869,7.54155966338385e-11,1.79055668220507e-09,"S000001181","S000001181","SPS100"
"S000003533",28.8524181767153,-3.01928566744217,0.465340988997645,-6.48832950208357,8.67933007772916e-11,2.02702066668273e-09,"S000003533","S000003533",NA
"S000001186",1904.37690401221,-4.16726343120772,0.329852942193266,-12.6337009562463,1.37648633733104e-36,3.45159986306536e-34,"S000001186","S000001186","DSE2"
"S000001187",66.3298254301513,-2.02946726325318,0.517567649806142,-3.92116327984047,8.81225236752875e-05,0.000520899599210457,"S000001187","S000001187","DCD1"
"S000001189",3268.08172497231,-2.0892215460796,0.202338183726391,-10.3253943848024,5.40960339857214e-25,5.81349333652568e-23,"S000001189","S000001189","CRP1"
"S000001191",86.143967795512,-1.35895850372657,0.486726977826805,-2.79203447853703,0.00523777746584901,0.0178289005285496,"S000001191","S000001191","IMP3"
"S000001192",172.861568037463,-2.72228476659549,0.430817252325229,-6.31888521618536,2.63456864365785e-10,5.60355500354191e-09,"S000001192","S000001192","SKG6"
"S000001196",29.3743820022682,-3.47638726444596,0.5978925488905,-5.81440138516032,6.08512452391089e-09,9.98561249371507e-08,"S000001196","S000001196","SPO16"
"S000001197",560.389253225775,-1.2181191572789,0.188119726366143,-6.4752335164896,9.46654217050917e-11,2.20366917334019e-09,"S000001197","S000001197","RTT107"
"S000001203",751.673723025043,-1.45707730293158,0.259412408519533,-5.61683734115542,1.94484347106108e-08,2.8925752062306e-07,"S000001203","S000001203","PEX18"
"S000001206",308.281381705605,-1.79552098739159,0.2637382778661,-6.80796508538351,9.89888789084801e-12,2.69494865950268e-10,"S000001206","S000001206","SOL3"
"S000001207",588.892055918626,1.29496291105597,0.146914527773921,8.81439657927305,1.20331396850966e-18,7.54340638241603e-17,"S000001207","S000001207","DNA2"
"S000001211",157.284952836371,-1.2358415307465,0.285458014594756,-4.32932854416766,1.49564662177217e-05,0.000109965417515379,"S000001211","S000001211","MTG2"
"S000001213",647.887373033228,-1.126695166393,0.293328822158779,-3.8410653208266,0.000122501508140539,0.000696742561023767,"S000001213","S000001213","NMD3"
"S000001215",111.787379972109,-2.17892697696995,0.423866707862364,-5.14059475904271,2.73870159962058e-07,3.1618951505151e-06,"S000001215","S000001215","SPC97"
"S000001226",1179.07111422554,-1.27030156482794,0.216229745106436,-5.87477714595952,4.23412558023584e-09,7.09681638773376e-08,"S000001226","S000001226","GND1"
"S000001227",62.4469799564077,1.14365683593739,0.439920410101127,2.59969032960869,0.00933079192163508,0.0293186223038571,"S000001227","S000001227","SSP1"
"S000028785",46.1842565613042,1.41371726749479,0.359141741096069,3.93637693903319,8.27210084965123e-05,0.000492843424110317,"S000028785","S000028785",NA
"S000001251",2997.04168018143,1.99056489033439,0.358854190980763,5.54700193104642,2.90609533853889e-08,4.19563845189256e-07,"S000001251","S000001251","BAT1"
"S000001252",835.500116347908,1.44442321831877,0.233274425472413,6.19194845467357,5.94249871583083e-10,1.18625885677891e-08,"S000001252","S000001252","CRG1"
"S000001258",320.13677723969,-1.90283696376185,0.28587005732,-6.65630035408654,2.80806123534378e-11,7.15429932919227e-10,"S000001258","S000001258","PHO12"
"S000001259",30.5590544365003,-3.6814698575574,0.605816645581104,-6.07687141713662,1.22549951314462e-09,2.28371115272179e-08,"S000001259","S000001259","IMD2"
"S000001264",494.152985825001,1.53892617419476,0.258096057633737,5.96261015493168,2.48240191577248e-09,4.40565785677499e-08,"S000001264","S000001264","INP51"
"S000001276",664.741145611806,1.18222131678007,0.281276577691445,4.20305638842401,2.63334954962217e-05,0.00018231035979179,"S000001276","S000001276","MNT3"
"S000001279",1419.73080439744,1.02784342516722,0.191500408709607,5.36731713573441,7.99164659587663e-08,1.06453499342838e-06,"S000001279","S000001279","VID28"
"S000001281",193.69849136505,-1.01338930383204,0.267670202108097,-3.78596233667724,0.000153114866124293,0.000844317431139863,"S000001281","S000001281","FAF1"
"S000028787",30.0703496029444,-1.32583104516599,0.459978986068255,-2.88237307642843,0.00394692110448799,0.0139395461691245,"S000028787","S000028787",NA
"S000028656",18.3119957596386,-1.3110142083042,0.51701436310346,-2.53574040077848,0.0112209881414563,0.034284220501461,"S000028656","S000028656",NA
"S000001283",367.290193860666,-1.00770653696347,0.219643151264718,-4.58792605715699,4.47671134147004e-06,3.80640304602209e-05,"S000001283","S000001283","RPB3"
"S000001285",1343.58102204697,1.74486306245761,0.219481709710763,7.94992468737836,1.86624935357307e-15,8.41460631249841e-14,"S000001285","S000001285","YKE4"
"S000001286",356.18533176402,1.03733458036612,0.202120940330276,5.13224695408138,2.86303504292901e-07,3.28158459250877e-06,"S000001286","S000001286",NA
"S000001307",1970.5132177117,1.21807810792365,0.175864142048654,6.92624484863244,4.32158239386824e-12,1.23290173963191e-10,"S000001307","S000001307","PIG2"
"S000001309",4348.6035298758,-1.070427488306,0.296691976330346,-3.6078747445268,0.000308715455388629,0.00155423388653388,"S000001309","S000001309","SYG1"
"S000001311",86.047328461682,-1.48000106973347,0.262722071490049,-5.63333358837925,1.76759075903644e-08,2.64823634370104e-07,"S000001311","S000001311","DFG10"
"S000001318",743.661002863789,1.38932331475107,0.220783215223988,6.29270351616892,3.11983883580934e-10,6.57696998233377e-09,"S000001318","S000001318","VHR1"
"S000001323",140.555877103115,1.09599206456587,0.439635397807176,2.4929568229321,0.0126684250334147,0.037849038253051,"S000001323","S000001323","SNP1"
"S000028791",38.5172655569944,1.38137071476441,0.524726480947487,2.63255384456697,0.00847455889091201,0.0270010856504247,"S000028791","S000028791",NA
"S000001334",208.873736242609,1.16378064118067,0.295671834951684,3.93605512466496,8.28319541582233e-05,0.000493298800326453,"S000001334","S000001334","HOP1"
"S000003537",625.777934126052,1.36451818451724,0.196910471099191,6.92963749921601,4.21920362598062e-12,1.20610154852282e-10,"S000003537","S000003537",NA
"S000001356",1620.53735721369,1.23402384720186,0.432905420630066,2.85056224384027,0.00436420075737998,0.0152363266793435,"S000001356","S000001356","LYS12"
"S000001357",290.104162724782,1.12904637509505,0.374851049670993,3.01198669734556,0.00259543971072543,0.00980095635017134,"S000001357","S000001357","PRK1"
"S000001369",2954.03823139072,1.87220920535047,0.175931678047249,10.6416833291822,1.9065339572866e-26,2.43304373674084e-24,"S000001369","S000001369","PFK26"
"S000001370",604.10168834369,1.05446197716803,0.198276733034695,5.31813269781643,1.04837600717383e-07,1.35605776203941e-06,"S000001370","S000001370",NA
"S000001378",1603.68786895216,2.12882815979357,0.222354153244143,9.57404270949744,1.02805247104525e-21,8.59295553722206e-20,"S000001378","S000001378","HIS5"
"S000001379",1002.21055486572,1.33101524496756,0.451858852155558,2.94564384125277,0.00322283259200137,0.0117690205001215,"S000001379","S000001379","PRM5"
"S000001380",192.843613843448,-1.01052626024333,0.422634869831625,-2.39101487448472,0.0168018721543462,0.0478766265355005,"S000001380","S000001380","RHO3"
"S000001384",405.107037954587,1.36654928903076,0.222391400731025,6.14479374894335,8.00674850276285e-10,1.55489750475529e-08,"S000001384","S000001384","POG1"
"S000001385",956.314902812405,-1.18760364771962,0.222493429283208,-5.33770211347651,9.41319453297739e-08,1.23547097759271e-06,"S000001385","S000001385","SIM1"
"S000001387",6630.43646769032,1.07764392267725,0.169646748798046,6.35228161053719,2.12144489469675e-10,4.62222742071657e-09,"S000001387","S000001387","KGD1"
"S000001389",98.8905070750969,-1.5240509398081,0.401469051877075,-3.79618536642457,0.000146939645097254,0.000814034243168624,"S000001389","S000001389","RRT14"
"S000001394",32.9801928079101,-1.52131648236135,0.47628340801919,-3.19414125444414,0.00140247475774088,0.00577848708918719,"S000001394","S000001394","CSM2"
"S000001402",656.759372429672,-1.30772605735284,0.199525783002989,-6.55417078269657,5.59519048398872e-11,1.3600690065927e-09,"S000001402","S000001402","AXL2"
"S000001412",160.375969605391,2.36252831704412,0.288856818216048,8.17889060620023,2.86469027021842e-16,1.41678263087308e-14,"S000001412","S000001412","MCM10"
"S000001413",894.203764104244,1.3269974290072,0.215898900341274,6.14638345498563,7.92695174000335e-10,1.54359565694643e-08,"S000001413","S000001413","ESL1"
"S000001414",486.376564504602,-1.04318850849944,0.227152059746068,-4.59246774898548,4.38035220250868e-06,3.73781337495263e-05,"S000001414","S000001414",NA
"S000001420",31.8808724022811,-2.0056254275455,0.62949929950796,-3.18606458992595,0.00144222395005809,0.00591837695038194,"S000001420","S000001420","AIM20"
"S000001424",803.928303999804,-1.28728335751452,0.203659761041224,-6.32075453164236,2.60289211690564e-10,5.55270701894513e-09,"S000001424","S000001424","SUC2"
"S000001426",152.48643835085,1.90820068232035,0.20175719469253,9.45790649611465,3.14170037128321e-21,2.50862141937156e-19,"S000001426","S000001426","NIT1"
"S000001427",65.6634652332476,1.24067157308541,0.279949778280713,4.43176479976118,9.34649386196054e-06,7.3239822790023e-05,"S000001427","S000001427",NA
"S000028798",18.4599205570492,-2.57973176065282,0.708545838083913,-3.6408819613267,0.000271705691839147,0.00138995318545132,"S000028798","S000028798",NA
"S000001434",169.987387784003,-2.17025741443427,0.421216397260905,-5.15235738339502,2.57232226640379e-07,2.98912212631783e-06,"S000001434","S000001434","IMA3"
"S000001440",374.414924533902,1.55372027305502,0.283754011527791,5.47558874917561,4.36059344571726e-08,6.06894358742698e-07,"S000001440","S000001440","SGN1"
"S000001446",272.251463100031,1.86893418103744,0.232826924520601,8.02713940789128,9.97716894787034e-16,4.61500568841135e-14,"S000001446","S000001446","EGH1"
"S000001453",137.106763551032,1.61367148166455,0.318485525175036,5.06670273563516,4.04765626313206e-07,4.46742478524683e-06,"S000001453","S000001453",NA
"S000001454",82.8560024528368,1.19041008409132,0.292843869646824,4.06499915988332,4.80326350030586e-05,0.000305982277245722,"S000001454","S000001454","RPR2"
"S000001456",324.132697693733,2.57107356953335,0.277520509413422,9.26444526556854,1.96093983372179e-20,1.45221311105624e-18,"S000001456","S000001456","MET28"
"S000028799",360.624567878974,2.65924833335874,0.245887565355969,10.8148955377592,2.92625866283927e-27,3.83621972530056e-25,"S000028799","S000028799",NA
"S000001458",269.936340947569,1.17292214256658,0.386331427596773,3.03605158364386,0.00239698352667627,0.00915587809112053,"S000001458","S000001458","FLO11"
"S000001465",166.301004643692,-1.07936434044781,0.354253882154897,-3.04686665360484,0.00231240267696971,0.00887518030664018,"S000001465","S000001465","YVH1"
"S000001474",1262.11078916501,3.44536572058674,0.234980293586902,14.6623602685752,1.1230031739843e-48,5.53485667784743e-46,"S000001474","S000001474",NA
"S000001477",7822.34915554679,-3.08022045052911,0.255647365654207,-12.048707963983,1.97013851911071e-33,4.08104200777526e-31,"S000001477","S000001477","GTT1"
"S000003548",49.0724144417736,-2.44860504504449,0.552702187406944,-4.43024308720824,9.41269246825621e-06,7.36777729730482e-05,"S000003548","S000003548","RPC17"
"S000003549",1403.60577230923,-1.16160982136487,0.29582461377096,-3.92668414760184,8.61249593397367e-05,0.000510781760930646,"S000003549","S000003549","VTC4"
"S000003552",32.7901191113811,1.43184580822472,0.529389816995331,2.70470976633341,0.00683640911403084,0.0224233526794231,"S000003552","S000003552",NA
"S000003553",2072.00053496421,1.8717061157237,0.231622085207665,8.08086203889229,6.43105329576832e-16,3.06396815854722e-14,"S000003553","S000003553","TPH3"
"S000003557",2558.24333341748,1.12942915768465,0.272209606495317,4.14911572088135,3.3376206596084e-05,0.000223336198912841,"S000003557","S000003557","BBC1"
"S000028659",21.7903106124129,2.38555880053197,0.572886866983097,4.16410104336073,3.12581672552497e-05,0.000211540238910646,"S000028659","S000028659",NA
"S000003562",137.94695164791,1.27594938998265,0.432650241979346,2.94914752421093,0.00318651828151162,0.0116542747691007,"S000003562","S000003562","RRN7"
"S000003566",482.259701385993,1.32627090254469,0.170174998855854,7.79357080335932,6.51415517647066e-15,2.73843588050868e-13,"S000003566","S000003566","VPS53"
"S000003574",42.290494071284,-2.63069329186954,0.63948326611416,-4.1137797207033,3.89232878088685e-05,0.000254263392823799,"S000003574","S000003574","IRC18"
"S000003579",35.521801485524,-2.22526823066159,0.47535911353733,-4.68123607455954,2.85150336925738e-06,2.58443485458439e-05,"S000003579","S000003579",NA
"S000003582",231.794458296017,1.24848751068949,0.266401363108182,4.68649070005885,2.77929442536046e-06,2.52539448325982e-05,"S000003582","S000003582","AIM22"
"S000003583",461.120288087909,1.37049599825221,0.215066239252001,6.37243671074914,1.86048205070199e-10,4.09105691548979e-09,"S000003583","S000003583","RTT101"
"S000003584",3389.94667864778,-1.95632868659433,0.369358154600809,-5.29656286784481,1.18002723792561e-07,1.5085983284142e-06,"S000003584","S000003584","UBX6"
"S000003587",300.993340508496,1.37907772604134,0.220288425540137,6.26032767114253,3.84169393658578e-10,7.95787412110443e-09,"S000003587","S000003587","IRC8"
"S000003588",37250.5559273389,3.60920083689579,0.299949478637406,12.0326958169471,2.39219997917186e-33,4.88453061461477e-31,"S000003588","S000003588","TDH1"
"S000003596",517.109819839592,1.53325314310879,0.319965739192993,4.79192912021116,1.65185264730576e-06,1.58668883655519e-05,"S000003596","S000003596","BNA3"
"S000003602",2345.22759892988,-1.37321996748053,0.312564441874967,-4.39339791578036,1.11592602141186e-05,8.50662966615449e-05,"S000003602","S000003602","MPM1"
"S000003603",429.611235687816,-1.48274254400852,0.311319108837606,-4.76277395738647,1.90949699111115e-06,1.79836669583185e-05,"S000003603","S000003603",NA
"S000003606",623.870591462964,1.35707035125989,0.291900302339508,4.64908854284601,3.33405074102857e-06,2.95434514826543e-05,"S000003606","S000003606",NA
"S000003607",419.97098371674,1.29454641214201,0.233119448493449,5.55314633981896,2.80572995675897e-08,4.06304947030963e-07,"S000003607","S000003607","ARG2"
"S000003610",274.827623487486,-1.0889026338884,0.346683007169571,-3.14091723958018,0.00168419617431888,0.00677708781518575,"S000003610","S000003610","SMC3"
"S000003618",1448.72553982304,3.44199182392928,0.163071950079633,21.1071972969506,6.83049919792332e-99,3.25427750119727e-95,"S000003618","S000003618","IML2"
"S000003619",251.274841481317,1.04887766805306,0.174406826762149,6.0139713996602,1.81032463182734e-09,3.25881233787257e-08,"S000003619","S000003619","TAX4"
"S000003620",1075.03331667074,1.23771371839271,0.16717311040833,7.40378470777703,1.32356946193991e-13,4.64810278120569e-12,"S000003620","S000003620","ALY2"
"S000003621",304.822734283131,1.28710187519489,0.397024555060597,3.24186969996968,0.00118748301980283,0.00500226784616618,"S000003621","S000003621","EXO70"
"S000003624",593.122839538211,2.64179118084013,0.372530034592486,7.09148507644495,1.32680389066888e-12,4.02632866440134e-11,"S000003624","S000003624","ARG3"
"S000003625",940.753033718997,2.79509107181685,0.325113372996232,8.5972811455198,8.16268445944771e-18,4.80120366168256e-16,"S000003625","S000003625","SIP4"
"S000003633",196.25847997545,-1.82482742240528,0.221833527729136,-8.2261119006025,1.93388358275323e-16,9.76713711953777e-15,"S000003633","S000003633","PHS1"
"S000003635",334.94505878157,1.79427130720803,0.250701007737944,7.15701673239211,8.24516369418826e-13,2.59577367138839e-11,"S000003635","S000003635","CHS6"
"S000003637",1268.67386033423,1.63538629023167,0.220742479388536,7.40857081410766,1.27667737462873e-13,4.51672022662585e-12,"S000003637","S000003637","GSH1"
"S000003642",163.082991951646,1.04124380936537,0.225947944721423,4.60833494479953,4.05906409145233e-06,3.49705865335311e-05,"S000003642","S000003642","IME2"
"S000003651",415.919379847464,-1.20229413376011,0.336080420793218,-3.57740010835041,0.000347028771474098,0.00172404665647524,"S000003651","S000003651","ASF1"
"S000003658",114.659716849832,-2.21459689206674,0.591788657918553,-3.74220908500671,0.000182409644325959,0.00098272938045644,"S000003658","S000003658","ALB1"
"S000003663",340.596626121358,1.35920809810639,0.198373743514384,6.85175403774055,7.29499089558255e-12,2.03250106960159e-10,"S000003663","S000003663","SPT10"
"S000003664",836.660001273168,1.09258091519561,0.191826250611496,5.6956798754744,1.22881253949022e-08,1.90699431345643e-07,"S000003664","S000003664","PBS2"
"S000003666",2080.44758341394,1.51205135671121,0.171092527617851,8.83762358160079,9.77760600708372e-19,6.21116989596656e-17,"S000003666","S000003666","URA2"
"S000003668",1027.19290764896,2.38948207684241,0.319464805596947,7.47964105898131,7.45258803528578e-14,2.76674911138545e-12,"S000003668","S000003668",NA
"S000003669",515.194634621153,2.19602563115078,0.285572793379345,7.68989792467259,1.47252460002604e-14,5.895460534502e-13,"S000003669","S000003669","MRS3"
"S000003681",193.854157856467,-1.10308923235971,0.268926466278008,-4.10182473903244,4.09904710813136e-05,0.000266186643873337,"S000003681","S000003681","SFH5"
"S000003684",172.304719704225,-1.5060122392794,0.511410645260621,-2.94481988835394,0.00323142712980514,0.0117973915622745,"S000003684","S000003684","RPA34"
"S000003694",1239.60760680348,-3.84067172218678,0.222718584271163,-17.2445049197632,1.2306239482641e-66,1.25637914946705e-63,"S000003694","S000003694","CIS3"
"S000003695",19781.4545863695,1.90801115761748,0.515462514991364,3.701551717392,0.000214284966732486,0.00112934182503961,"S000003695","S000003695","HSP150"
"S000003697",411.154214118309,2.39588754866769,0.231437594280914,10.3521969112746,4.0899138033772e-25,4.46237694592904e-23,"S000003697","S000003697","FMP33"
"S000003701",2159.12639699832,1.64839722551341,0.320830167009081,5.13791218849678,2.77807633110832e-07,3.1996007252644e-06,"S000003701","S000003701","HAL5"
"S000003704",213.192298712236,-1.08390145656453,0.455668900398493,-2.37870404501302,0.0173736185481764,0.0492114803624824,"S000003704","S000003704","SET2"
"S000003705",22.3522737188284,-1.84623065721966,0.535635343255949,-3.44680514545034,0.000567257554935491,0.00264874623740378,"S000003705","S000003705",NA
"S000003707",597.478304251469,1.38563017990406,0.403618900267488,3.43301609262047,0.000596906668196126,0.00276640305075462,"S000003707","S000003707","TOH1"
"S000003708",821.34283934041,-1.12524421144228,0.217872208821166,-5.16469823081431,2.40827133650554e-07,2.80991201736112e-06,"S000003708","S000003708","CPS1"
"S000003711",64.0722233308993,1.30377750813699,0.327283925390289,3.98362830249674,6.78710014282237e-05,0.000414210172251751,"S000003711","S000003711",NA
"S000003721",906.90545316179,-1.19239256341512,0.229446860814562,-5.19681358542884,2.02733478262668e-07,2.41271407561058e-06,"S000003721","S000003721","ATG36"
"S000003723",368.502003559294,-1.41891781146658,0.249215498769874,-5.69353759485405,1.24433801179999e-08,1.9269039222814e-07,"S000003723","S000003723","SWE1"
"S000003726",1249.09716255547,-2.13005996770985,0.499825155997954,-4.26161016937405,2.02959256937545e-05,0.000144323216885986,"S000003726","S000003726","RPS22A"
"S000003727",839.327844838333,-1.04434513739152,0.350152225387076,-2.98254605189799,0.00285861638689216,0.0106457019327383,"S000003727","S000003727","RPS14B"
"S000003732",401.620510230579,-1.62348873635008,0.260589059831382,-6.23007250342967,4.66219357410075e-10,9.46544499355426e-09,"S000003732","S000003732","ELO1"
"S000003736",608.332764876782,1.54705783524613,0.323951791323127,4.7755804310494,1.79189652027887e-06,1.70403040348276e-05,"S000003736","S000003736","ACO2"
"S000003750",59.2868918492664,1.47363120129065,0.316362216009371,4.65805057215491,3.19217803720939e-06,2.84805247726802e-05,"S000003750","S000003750","HXT8"
"S000003756",18.4599205570492,-2.57973176065282,0.708545838083913,-3.6408819613267,0.000271705691839147,0.00138995318545132,"S000003756","S000003756",NA
"S000003757",169.987387784003,-2.17025741443427,0.421216397260905,-5.15235738339502,2.57232226640379e-07,2.98912212631783e-06,"S000003757","S000003757","IMA4"
"S000003776",563.760600629499,-1.00307561390403,0.211323676919565,-4.74663146376081,2.06832310955213e-06,1.92214188587962e-05,"S000003776","S000003776",NA
"S000003777",5392.48784170918,2.46859512851611,0.390999859337227,6.3135447994804,2.72715330360192e-10,5.78326441667393e-09,"S000003777","S000003777","ILV3"
"S000003786",832.455198701852,1.9192124810025,0.232756708173527,8.24557322563467,1.64370332080426e-16,8.42059195851445e-15,"S000003786","S000003786","BNA1"
"S000003789",68.7732056122019,9.438194434338,2.68218097413278,3.51885071341601,0.000433420523762339,0.00209427976542769,"S000003789","S000003789",NA
"S000003791",206.344190397751,-1.10470316230314,0.327586179415426,-3.37225204150697,0.00074556186227518,0.00335209679065717,"S000003791","S000003791","RBH2"
"S000003797",325.319168996624,1.38792729825513,0.219615569320488,6.31980374865731,2.61895686642066e-10,5.57865134005224e-09,"S000003797","S000003797","HUL4"
"S000003800",796.478306647963,1.09476874612843,0.19796700830172,5.5300565256808,3.20127616218631e-08,4.58016418279569e-07,"S000003800","S000003800",NA
"S000003812",765.847489101309,1.01212128816055,0.213137868105531,4.74866947463044,2.04759263719101e-06,1.90535426844864e-05,"S000003812","S000003812","OSM1"
"S000003813",667.645761352284,1.28227187093255,0.296373722964253,4.32653697536881,1.51471902845817e-05,0.000111139009618854,"S000003813","S000003813","RAD7"
"S000003818",443.684631781711,-1.55760674269786,0.240785735645092,-6.46884973698653,9.87517335850646e-11,2.29132877943397e-09,"S000003818","S000003818","CDC8"
"S000003820",1916.98778550485,1.76694022210719,0.150684711018605,11.7260749956844,9.37038571927587e-32,1.71706311648218e-29,"S000003820","S000003820","PTK2"
"S000003822",1673.23482526088,2.06198690237703,0.288438283187784,7.14879758535589,8.75413013206887e-13,2.73515646256455e-11,"S000003822","S000003822",NA
"S000003823",441.506371410021,1.04295551685802,0.26398297971699,3.95084379294508,7.78761426402452e-05,0.000467289549436199,"S000003823","S000003823","NTA1"
"S000003824",49.6262977761657,-1.69106684960333,0.697990131524308,-2.42276612981661,0.015402839151857,0.0444842958168302,"S000003824","S000003824","RPA12"
"S000003830",74.7208389566564,-1.86627714293542,0.616347989835351,-3.02796013569213,0.00246210564206433,0.00936357187736299,"S000003830","S000003830","HAM1"
"S000003831",432.618756921208,-1.82863701340321,0.446320693655145,-4.09713696765342,4.18291427789262e-05,0.000270526668660268,"S000003831","S000003831","LIA1"
"S000003834",3598.3857592037,-1.06979042156277,0.200249302353194,-5.34229287688557,9.1778211164684e-08,1.2079060517282e-06,"S000003834","S000003834","OPI3"
"S000003841",645.382861948402,1.14437443251159,0.231250257951306,4.94864067460873,7.47335674147747e-07,7.8025338134359e-06,"S000003841","S000003841","AIM24"
"S000003851",1391.56148525733,1.43336350088227,0.195819629360005,7.31981520732579,2.48312658283956e-13,8.39038492872953e-12,"S000003851","S000003851","JSN1"
"S000003852",486.540490744133,1.94079786538673,0.219794881050693,8.83004124622498,1.04637130386017e-18,6.61760400268735e-17,"S000003852","S000003852","BUD4"
"S000003854",318.821021297601,1.13625660043669,0.393287372803516,2.88912555807978,0.00386314788534811,0.0136910420841261,"S000003854","S000003854","IME1"
"S000003856",1214.36741608982,2.20151933744317,0.453109523657321,4.85869138144213,1.18164154643037e-06,1.1761283163739e-05,"S000003856","S000003856","SFC1"
"S000003857",4659.70096185504,2.09426768156379,0.254759619622153,8.22056370106811,2.02548866549653e-16,1.01937709492753e-14,"S000003857","S000003857",NA
"S000003858",26.9635621161287,-2.02903098442727,0.819929673026462,-2.47464026632658,0.013337043747298,0.0394294398943161,"S000003858","S000003858","JJJ3"
"S000003866",1533.92545890569,-1.99181561780056,0.29181864800203,-6.82552548110873,8.76040497038737e-12,2.39870628815607e-10,"S000003866","S000003866","ADO1"
"S000003870",2945.06447797669,2.43624623712991,0.38816177912086,6.27636817475361,3.46572962744426e-10,7.22094366837622e-09,"S000003870","S000003870","CPA2"
"S000003872",191.546510905516,2.35764898901638,0.364593059165764,6.46652186525708,1.00284322369989e-10,2.32311802209766e-09,"S000003872","S000003872","PXP2"
"S000028513",39.2134316172547,1.01985593580908,0.384711148592199,2.6509653789372,0.0080262068253494,0.0257620871670153,"S000028513","S000028513",NA
"S000003876",317.498845915664,1.20514690045539,0.230228930562678,5.23455891277443,1.65379318330844e-07,2.01858804176153e-06,"S000003876","S000003876",NA
"S000003882",8451.39377116528,1.30224755635181,0.284221432803612,4.58180631737093,4.60976746845686e-06,3.91023183540972e-05,"S000003882","S000003882","ATP2"
"S000003885",123.10003852813,-1.26420823516796,0.408401491219059,-3.09550347476538,0.00196479070774034,0.00773629575364535,"S000003885","S000003885",NA
"S000003888",1255.41748724007,1.07737257469344,0.20849759179608,5.1673142380808,2.37481803012522e-07,2.7731433091977e-06,"S000003888","S000003888","RSF2"
"S000003889",39.8455113262984,2.4384661253652,0.563408471395713,4.32806081052432,1.50427940767221e-05,0.00011048646235282,"S000003889","S000003889",NA
"S000003891",1349.15836525813,1.53492551382104,0.181733601146871,8.44601936094669,3.01403729158753e-17,1.68939745132002e-15,"S000003891","S000003891","STR2"
"S000003895",758.623048533508,1.1296661704939,0.185742385793084,6.08189760064967,1.18768415643754e-09,2.2161318078279e-08,"S000003895","S000003895","SGM1"
"S000003898",1320.34768484154,2.61343257139249,0.246151117638329,10.617187508498,2.47918303846556e-26,3.08130114511202e-24,"S000003898","S000003898","MET5"
"S000003899",633.119518000734,1.48134992226192,0.238231697087365,6.21810590434856,5.03191909409106e-10,1.01583643519553e-08,"S000003899","S000003899","IML1"
"S000003903",357.00193520526,1.13538916514163,0.222303062706232,5.10739326449147,3.26633490033713e-07,3.69057112494218e-06,"S000003903","S000003903",NA
"S000003904",777.630568402787,-1.71977951319424,0.329343747743995,-5.2218374418058,1.77156452569748e-07,2.14821379557234e-06,"S000003904","S000003904","PMT4"
"S000003908",549.024248684813,-1.98533767859175,0.464568716252067,-4.27350703811605,1.92422207780758e-05,0.000137859178737362,"S000003908","S000003908","HMS2"
"S000003909",2699.86113268894,-1.00152599145786,0.348489414673577,-2.873906492672,0.00405428977854567,0.0142764138469459,"S000003909","S000003909","BAT2"
"S000003910",520.81039606959,1.45545088756365,0.205700490464896,7.07558297150505,1.48821784414089e-12,4.47812582027488e-11,"S000003910","S000003910",NA
"S000003912",515.530287110928,1.49382036466298,0.1801637635836,8.29145847616478,1.11868186749803e-16,5.81429815714524e-15,"S000003912","S000003912","DAN4"
"S000003915",445.96568698575,3.75208817409585,0.365928910194187,10.2535986350593,1.14017803630148e-24,1.19827681418067e-22,"S000003915","S000003915",NA
"S000003921",381.802128876573,1.96525438493918,0.202418422080215,9.70887118248743,2.76380899517889e-22,2.42350441522036e-20,"S000003921","S000003921","MPH3"
"S000003922",330.400440790702,1.45558739623101,0.195180847275808,7.45763437625686,8.80897063141424e-14,3.24006029279824e-12,"S000003922","S000003922","COS5"
"S000001487",780.99880593275,-1.56215007890755,0.208317716931299,-7.49888248546201,6.43641975001175e-14,2.42094072333995e-12,"S000001487","S000001487","AUR1"
"S000001492",349.459383706308,-2.03661840580057,0.510883970152477,-3.98645979280331,6.70664866557754e-05,0.000409650125543162,"S000001492","S000001492","MRT4"
"S000001496",540.58790778981,1.24776316730566,0.278721251776511,4.47674211906226,7.57907056960736e-06,6.07899302196397e-05,"S000001496","S000001496","ARC19"
"S000001498",827.059129970701,1.0804036874198,0.289854548043269,3.72739946539847,0.000193465693458998,0.00103528728903873,"S000001498","S000001498","PUT3"
"S000001499",2014.85344994844,1.40444243911409,0.323763767872271,4.33786167100749,1.43875656135723e-05,0.000106219770307226,"S000001499","S000001499","ATP7"
"S000001500",266.816309833762,1.16584277631488,0.396500573087995,2.94033062105094,0.00327862200437445,0.011942238610735,"S000001500","S000001500","HCS1"
"S000001509",2170.84379754146,-1.9379741585326,0.240667217066876,-8.05250578849751,8.11159005536501e-16,3.80127726758466e-14,"S000001509","S000001509","GPX1"
"S000001512",1509.42125616696,2.38703525241603,0.358037355957455,6.66700055929269,2.61084098751768e-11,6.69212590005811e-10,"S000001512","S000001512","MAE1"
"S000001513",296.95844266073,1.62779240007356,0.33301628585805,4.88802640951744,1.01851869865191e-06,1.02953944553265e-05,"S000001513","S000001513",NA
"S000001515",1878.67393056351,-1.49687182128964,0.304795972090321,-4.91106168832856,9.05845820672105e-07,9.32127740451144e-06,"S000001515","S000001515","IXR1"
"S000001516",347.170219395222,1.26928009561524,0.346613951303331,3.66194173905153,0.000250310793024715,0.00129336044728625,"S000001516","S000001516","TTI1"
"S000001522",1001.98375571198,1.15029158233805,0.130952509434083,8.78403619227372,1.57710911686445e-18,9.80070461188852e-17,"S000001522","S000001522","PTM1"
"S000001524",482.762851010695,-1.24818235463854,0.218062056243183,-5.72397773433159,1.04058393682929e-08,1.64707266988937e-07,"S000001524","S000001524","VPS24"
"S000001525",155.700537727929,-1.29992402728037,0.334053912952388,-3.89135997776996,9.96839102784684e-05,0.00058178118808091,"S000001525","S000001525","SPC42"
"S000001533",1976.30102051183,1.60607495556537,0.181238142449332,8.86168294300618,7.88154817366492e-19,5.02906107349075e-17,"S000001533","S000001533",NA
"S000001534",418.038869150573,2.29856706292704,0.165384879997236,13.8982902364803,6.48725527758136e-44,2.57562054673529e-41,"S000001534","S000001534","SFK1"
"S000001535",296.98429266753,1.26217315489675,0.182061928895331,6.93265836825441,4.13004774038184e-12,1.18298140988532e-10,"S000001535","S000001535","ASK1"
"S000001541",388.50552727152,-1.26927908052777,0.196311994559837,-6.46562164157979,1.00883211904691e-10,2.3332099478216e-09,"S000001541","S000001541","TOA2"
"S000001545",3177.4601131081,3.81266122288119,0.277224549627115,13.7529711131625,4.88801698545147e-43,1.88822775062318e-40,"S000001545","S000001545","MSN4"
"S000113563",246.326148693507,-3.03235980275688,0.488294855337646,-6.21009983949158,5.29509486624886e-10,1.06445556854142e-08,"S000113563","S000113563",NA
"S000001549",72.3718184490152,-2.05793541529559,0.471832003778064,-4.36158505319107,1.29123582098176e-05,9.61731818097563e-05,"S000001549","S000001549",NA
"S000028524",11.3777885618309,1.94360688650407,0.711979703765249,2.72986277028048,0.00633606945020729,0.0209973198821731,"S000028524","S000028524",NA
"S000001554",245.491731405072,2.04235320269469,0.23462024090223,8.70493182873239,3.17765697501214e-18,1.92450216711222e-16,"S000001554","S000001554",NA
"S000001560",1246.02404784562,1.15842466921416,0.257386472940323,4.50072086532205,6.77233933825803e-06,5.5060890876975e-05,"S000001560","S000001560",NA
"S000001561",72.988949733047,-1.34889401821806,0.476999102739755,-2.82787537852876,0.00468580436526768,0.0162086645190636,"S000001561","S000001561","DHR2"
"S000001564",1214.11242495002,-2.67251748501081,0.355198107027325,-7.52401950386863,5.31174159025906e-14,2.01916815291417e-12,"S000001564","S000001564","TEF4"
"S000001567",58.0623160258591,-1.05546436906576,0.375080433551036,-2.81396808432062,0.00489340864238464,0.0168169006313065,"S000001567","S000001567","HOT13"
"S000001568",5028.75626063327,1.89426351906777,0.255627852853178,7.41023913444892,1.2607187819968e-13,4.48245113210953e-12,"S000001568","S000001568","MDH1"
"S000001569",135.62028093093,2.07696048642729,0.50125165281278,4.143548404823,3.41972848415683e-05,0.000227552044804718,"S000001569","S000001569","SRX1"
"S000001579",730.282032245507,-3.95076457808267,0.270516322260388,-14.6045330835151,2.62776368435312e-48,1.25195421134864e-45,"S000001579","S000001579","CWP1"
"S000001956",3460.21667598744,-2.2828207282265,0.258951803634977,-8.81562011224451,1.19024420295377e-18,7.49434378538246e-17,"S000001956","S000001956","CWP2"
"S000001584",817.5581891885,-1.58263890214993,0.206682751565423,-7.65733420018346,1.89832181333426e-14,7.53686491055181e-13,"S000001584","S000001584","HSL1"
"S000001586",1535.17753981325,1.55282073439163,0.244939499761725,6.33960931537053,2.30348527768572e-10,4.98089486746777e-09,"S000001586","S000001586","APE1"
"S000001588",768.256506670154,1.24773427723544,0.168760466751136,7.39352231749529,1.42989436711368e-13,4.98475126564777e-12,"S000001588","S000001588","SEG2"
"S000001596",395.71319289094,-2.22142642465263,0.2463391740075,-9.01775543253626,1.9198234942756e-19,1.30666843827053e-17,"S000001596","S000001596","RAD27"
"S000001600",1961.45221040845,-1.23749207143967,0.129200411905171,-9.57808147196891,9.88642731290377e-22,8.3121591519608e-20,"S000001600","S000001600","SBA1"
"S000001603",783.649763747803,2.44115173263895,0.52554048619005,4.64503077647982,3.40025761279591e-06,3.0055585689358e-05,"S000001603","S000001603","OAC1"
"S000001604",607.83888391601,1.52898835138978,0.131903847152347,11.5916888278764,4.54089703403734e-31,7.72655253660664e-29,"S000001604","S000001604","DGR2"
"S000001606",111.588437847216,1.04350696780622,0.298330333889769,3.4978238860276,0.000469070769835421,0.00224153410673944,"S000001606","S000001606",NA
"S000001607",838.006423162194,1.39287767272564,0.284895440990188,4.88908375607742,1.01306389078254e-06,1.02475033198548e-05,"S000001607","S000001607","SSH4"
"S000001610",374.935023077359,-1.9303058480286,0.205654045348762,-9.38617980869306,6.22159449004465e-21,4.85930328121356e-19,"S000001610","S000001610","PGM1"
"S000001612",1014.96195313012,2.69056154857933,0.138027782933679,19.4928983962027,1.2613059236265e-84,3.00464092773226e-81,"S000001612","S000001612","MYO3"
"S000001613",214.736284600616,1.27318642134074,0.216627733606596,5.87730111996137,4.17009248377076e-09,7.00389328678443e-08,"S000001613","S000001613","SHE2"
"S000001614",63.755466570889,4.12074693922794,0.399564028183605,10.3131079090393,6.14803345736455e-25,6.509173496749e-23,"S000001614","S000001614",NA
"S000001615",209.719273290883,3.19487406643344,0.323274985898691,9.88283723082324,4.94136441309212e-23,4.58616373742375e-21,"S000001615","S000001615","RMA1"
"S000001616",1351.58750090794,-1.23384932655339,0.160352241061326,-7.6946185372084,1.41916925393228e-14,5.69780509731855e-13,"S000001616","S000001616",NA
"S000001621",135.75087450993,-1.00288699974777,0.248368009596341,-4.03790730286765,5.3930154418292e-05,0.000338228914919108,"S000001621","S000001621","MRPL31"
"S000001623",381.894872695157,1.10879323618497,0.28173739904416,3.93555573362546,8.30043979474841e-05,0.00049411989165489,"S000001623","S000001623","TGL1"
"S000001631",4886.28925286519,1.67974553206272,0.162694853474856,10.3245154729023,5.45937385761823e-25,5.82319630947294e-23,"S000001631","S000001631","SDH1"
"S000001639",198.105542798041,-1.20147616149606,0.409671985783094,-2.93277598466838,0.00335946192168218,0.0121839099839136,"S000001639","S000001639","RPS27A"
"S000001644",367.944811988153,1.41233875765032,0.309284806490126,4.56646666119179,4.96013881995111e-06,4.17030965609184e-05,"S000001644","S000001644","KDX1"
"S000001645",312.965872262845,2.39014675298147,0.294425883908463,8.1179912623598,4.73962911357343e-16,2.3042013238199e-14,"S000001645","S000001645",NA
"S000001646",21441.1924314013,3.32606947565388,0.217636913192788,15.2826532358854,9.9793556858703e-53,5.70539723272577e-50,"S000001646","S000001646","PIR3"
"S000001647",2141.69810972755,1.35654823180312,0.213536879070114,6.35275853852722,2.11487554703047e-10,4.6149490372071e-09,"S000001647","S000001647","PIR1"
"S000001669",480.156480530005,-1.03379860916782,0.418053847349363,-2.47288385389236,0.0134027693511707,0.0395797070942733,"S000001669","S000001669","MTR2"
"S000001670",2327.90582927208,-1.92365366020196,0.447859144303459,-4.29522023759001,1.74519993906583e-05,0.000126107900551405,"S000001670","S000001670","FAT3"
"S000001672",381.692444114912,1.10679899921741,0.416840410154805,2.65521041687483,0.00792589520739229,0.0254973711904699,"S000001672","S000001672","HYM1"
"S000001676",710.593372121014,1.59797307275586,0.191187855130053,8.3581306546321,6.37198546614547e-17,3.39831299506034e-15,"S000001676","S000001676","SDS22"
"S000001680",571.672578913689,1.15693208396909,0.184725190727007,6.26299033399747,3.77664038329867e-10,7.83447329441044e-09,"S000001680","S000001680","PEX1"
"S000001684",935.173929244345,1.1990872665542,0.217245281097407,5.51950891866119,3.39948341002183e-08,4.8443485921677e-07,"S000001684","S000001684","MNN4"
"S000001692",562.613484634825,1.62975904515283,0.17003864903938,9.58463887098621,9.27816511312305e-22,7.8936198786826e-20,"S000001692","S000001692","STE6"
"S000001693",3290.46980455688,1.02489632870939,0.166270089601109,6.16404508572872,7.09097388569435e-10,1.3969902238887e-08,"S000001693","S000001693","UBA1"
"S000001694",642.790892357061,1.79324695325363,0.420419011278034,4.26538026385231,1.99562016306573e-05,0.000142048799754474,"S000001694","S000001694","TRP3"
"S000001696",773.895606068531,1.07649182993952,0.306693398671716,3.50999348079153,0.000448117680604015,0.00215219959975578,"S000001696","S000001696","DOA1"
"S000001698",551.154194937188,1.17464617972195,0.295941876964117,3.96917865011845,7.21207967989101e-05,0.000437716581166379,"S000001698","S000001698","OXP1"
"S000001699",859.3299387625,-1.32192086854514,0.415888457943028,-3.17854665908094,0.00148015392984494,0.00605837345912766,"S000001699","S000001699","URA1"
"S000001700",17415.5181697027,-1.77885021368071,0.392086604129974,-4.53688087005145,5.70923350454424e-06,4.72507669255651e-05,"S000001700","S000001700","JEN1"
"S000001703",121.675428440902,1.20347653178241,0.451478260364005,2.66563561845061,0.00768429308841334,0.0247814984460045,"S000001703","S000001703","FRE2"
"S000001704",310.323327946312,-1.47811721307351,0.270478315011327,-5.46482705281421,4.6335833774945e-08,6.41742317970242e-07,"S000001704","S000001704","MCH2"
"S000001721",1465.8028679739,-2.77610671504552,0.222905340589117,-12.4541956137459,1.32682482331391e-35,3.10890281961076e-33,"S000001721","S000001721","PRY2"
"S000001722",2490.93737438537,-2.30072071260391,0.236694260507853,-9.72022180710031,2.47242328452254e-22,2.18137938306671e-20,"S000001722","S000001722","YPT52"
"S000001725",487.941354854103,1.24994954792554,0.244227565539028,5.1179707956668,3.08840408944088e-07,3.50616041702768e-06,"S000001725","S000001725","HEL1"
"S000001741",36.5688642396809,-1.99653740226542,0.689174224577975,-2.89699952648117,0.00376750324049714,0.0134369642874175,"S000001741","S000001741",NA
"S000001742",111.761787427025,-2.38266351937726,0.486370111643269,-4.89886911703332,9.63898222569494e-07,9.85262533606583e-06,"S000001742","S000001742","DAL80"
"S000001750",4814.63238190396,-1.95921286498669,0.287215305202455,-6.82140829370379,9.01523124111124e-12,2.45905916277105e-10,"S000001750","S000001750","UTH1"
"S000001757",1547.25720450664,-1.16274029220029,0.183189309294318,-6.34720604973838,2.19260379782855e-10,4.75552140855288e-09,"S000001757","S000001757","FMP46"
"S000001765",470.774398134206,-1.83456030596979,0.477368563190486,-3.84306895642339,0.000121505311282039,0.000692178323696365,"S000001765","S000001765","RPS21A"
"S000001766",1509.43670442932,1.2573856851152,0.335752652811443,3.74497617393762,0.000180410896233541,0.000974532479163268,"S000001766","S000001766","GLG1"
"S000001769",449.278390386051,2.03052276681627,0.285833102353015,7.10387547873476,1.21306162102461e-12,3.70476276694546e-11,"S000001769","S000001769","KTR2"
"S000001772",505.010048701158,1.2975352246581,0.297542559573259,4.36083908977275,1.29564624329203e-05,9.64262843593451e-05,"S000001772","S000001772","OAF3"
"S000001777",510.638805329882,1.15249214869277,0.272090319222552,4.23569699938537,2.27843846517444e-05,0.000160264374915051,"S000001777","S000001777","MET1"
"S000001788",581.334174014379,1.11581408942391,0.18728224080171,5.95792790948769,2.55456151660778e-09,4.51885492040533e-08,"S000001788","S000001788","MTD1"
"S000001789",300.926785909808,-1.18651042018436,0.461845703680326,-2.56906237457527,0.0101974100836526,0.0315779509491251,"S000001789","S000001789","RPF2"
"S000001800",262.904697826981,-1.64400863950138,0.409321771574945,-4.01642119639945,5.90886098423208e-05,0.000365924393620577,"S000001800","S000001800","SRP40"
"S000001801",278.996227875568,-1.17917169138126,0.207195266191787,-5.69111308889549,1.26213876834524e-08,1.94813708595664e-07,"S000001801","S000001801","PTR2"
"S000001805",5710.23621593039,1.42975308496053,0.479773435612443,2.98005887536356,0.00288192987110794,0.0107172390166608,"S000001805","S000001805","PCK1"
"S000001806",192.131410570563,1.21477054469012,0.182187926467015,6.66767863407267,2.59881055897919e-11,6.68071930206647e-10,"S000001806","S000001806","UBP11"
"S000001807",326.876905431035,1.65827130933504,0.245051511763094,6.76703154126301,1.31451428198656e-11,3.49876212894485e-10,"S000001807","S000001807","BAS1"
"S000001808",1399.11651471473,-1.4398891860807,0.204802340038615,-7.03062858465981,2.05605143839454e-12,6.07172380350687e-11,"S000001808","S000001808","SKG1"
"S000001811",186.602953727613,1.34965267230812,0.328138422708502,4.11305893765164,3.90450650124341e-05,0.000254710686546198,"S000001811","S000001811","NFT1"
"S000003924",829.035196984468,1.02061302957376,0.186615750852878,5.46906156050236,4.52424603144176e-08,6.27207066221116e-07,"S000003924","S000003924","DNM1"
"S000003925",79.8865260236017,-1.99487539795815,0.375376963501676,-5.31432557647944,1.07053067014525e-07,1.37903158515841e-06,"S000003925","S000003925","RTT109"
"S000003929",296.274447778305,1.14418417095931,0.214149052697645,5.34293360883912,9.1454266489585e-08,1.20475191791303e-06,"S000003929","S000003929","MMM1"
"S000003930",180.270613083084,1.37061538711183,0.374717974895336,3.65772521986612,0.000254463633323151,0.00131112066008933,"S000003930","S000003930","LMO1"
"S000003939",1550.7993639446,-1.23041325054149,0.158283374435212,-7.77348382249154,7.6356409900393e-15,3.15422591533618e-13,"S000003939","S000003939","SDC25"
"S000003940",72.414497554247,-1.49289577676063,0.283860326994764,-5.25926180867172,1.44634842841552e-07,1.79918695277137e-06,"S000003940","S000003940",NA
"S000003949",33130.7426286868,1.71984632362466,0.257144299765849,6.68825373609574,2.25849305048706e-11,5.84794224105283e-10,"S000003949","S000003949","HSP104"
"S000003950",854.398727836775,1.72257662777381,0.170394046743634,10.1093709592185,5.02055869595698e-24,4.94888589250436e-22,"S000003950","S000003950","ISA1"
"S000003951",361.424374899367,1.95309878057667,0.319215945432775,6.11842487357193,9.45048172819763e-10,1.79861165567415e-08,"S000003951","S000003951","TPO1"
"S000003955",323.330190240947,1.08881219179087,0.200215183478036,5.43820989435754,5.38185513485625e-08,7.35400147633847e-07,"S000003955","S000003955",NA
"S000003961",97.0857024133349,1.15891719589394,0.37047311136006,3.12820866172822,0.00175875273620597,0.00702567156472666,"S000003961","S000003961","ENT4"
"S000003962",5370.01234166635,1.01939799032891,0.223578988452311,4.55945345036904,5.12869232222858e-06,4.29937826167819e-05,"S000003962","S000003962","UBI4"
"S000003964",6088.90621441872,1.16930836554479,0.164377530153514,7.11355356448517,1.1309256443947e-12,3.46873824792563e-11,"S000003964","S000003964","SDH2"
"S000003965",58.4583669338645,1.43679522822898,0.411461999697781,3.49192690767145,0.000479549455231711,0.00228397213049878,"S000003965","S000003965","ATG10"
"S000003971",2490.64421659178,1.5458819931992,0.21944497711741,7.04450843899745,1.86117368732141e-12,5.5076098370362e-11,"S000003971","S000003971","YBT1"
"S000003974",549.96367648923,1.20409060257835,0.317629033070183,3.7908707240635,0.000150120079816971,0.00082972401423974,"S000003974","S000003974","FRE6"
"S000003975",75.9579570095721,2.75252901656715,0.333883468222265,8.24398114474718,1.66573416955222e-16,8.47271832220994e-15,"S000003975","S000003975","AQY2"
"S000003976",92.4868882616646,1.79011639789583,0.376483827807618,4.75482946590359,1.98613997427745e-06,1.85420631302075e-05,"S000003976","S000003976",NA
"S000003977",278.504097150109,1.13708174496187,0.330865398212786,3.43668981738183,0.000588869565507525,0.00273714234139807,"S000003977","S000003977",NA
"S000003978",739.411846650753,2.59610469119581,0.424744780057483,6.11215208070236,9.82964403317882e-10,1.86580480964442e-08,"S000003978","S000003978","YCT1"
"S000003979",535.422190844639,1.63165281312735,0.19978679102421,8.16697042263232,3.16230390373558e-16,1.54790444164701e-14,"S000003979","S000003979",NA
"S000003980",144.699702837646,1.10735858071107,0.343407140558378,3.22462304921939,0.00126138635775397,0.00526701583738753,"S000003980","S000003980","JLP1"
"S000003981",265.120396778032,1.61239057721772,0.305626008796936,5.27569817622762,1.32251603039658e-07,1.66250849801745e-06,"S000003981","S000003981",NA
"S000003983",374.280129712528,1.4960551605352,0.213825044240002,6.99663206362301,2.62188632291084e-12,7.63230574610279e-11,"S000003983","S000003983","GTT2"
"S000003984",690.826929885557,1.33709067122618,0.214458249772529,6.23473647035914,4.52539256378689e-10,9.22702366821769e-09,"S000003984","S000003984","MMP1"
"S000003989",546.059183815958,1.06637510389365,0.236660213353305,4.50593316377044,6.60818864790248e-06,5.38181426464217e-05,"S000003989","S000003989",NA
"S000003994",1219.10420665765,4.02236732041201,0.358093782067775,11.2327203705836,2.81670443062264e-29,4.28288898158398e-27,"S000003994","S000003994","THI73"
"S000003995",877.653448032584,1.10503758974101,0.141061497462298,7.83372932813474,4.73607791916261e-15,2.04509854074294e-13,"S000003995","S000003995","SSL1"
"S000003996",495.218995298127,1.43879128316522,0.298089714176394,4.8267055679547,1.38810104925948e-06,1.35520002029138e-05,"S000003996","S000003996","SSK1"
"S000003998",62.3238603727524,-1.32942419809016,0.503696842771945,-2.63933399060846,0.0083069096754827,0.0265379213213398,"S000003998","S000003998","PAM18"
"S000004000",189.945749006245,-1.73440999969193,0.291593704991707,-5.94803649736285,2.71378093381233e-09,4.75927250146989e-08,"S000004000","S000004000","TEN1"
"S000004007",445.233520425332,-1.32806817890477,0.238739827549717,-5.56282624702911,2.65440151500754e-08,3.85171176182769e-07,"S000004007","S000004007","MEU1"
"S000004013",968.550981111745,1.47828790602866,0.239517401789693,6.17194364577595,6.7455545679935e-10,1.33722900749419e-08,"S000004013","S000004013","IZH3"
"S000004014",551.975910793991,1.37242202510246,0.174591871762921,7.86074409561332,3.81858207104026e-15,1.6742022558705e-13,"S000004014","S000004014","UBR2"
"S000004020",302.851128403778,1.14522698144149,0.292456345559859,3.91589035023038,9.00711807729891e-05,0.000531100407090897,"S000004020","S000004020",NA
"S000004021",204.302977776232,1.35571922013529,0.256339289305067,5.28876874009686,1.2314246391518e-07,1.55896832306437e-06,"S000004021","S000004021",NA
"S000004025",271.398040622429,1.18334604770183,0.173121001720744,6.83536968906087,8.17938202179405e-12,2.25780022065664e-10,"S000004025","S000004025","MLH2"
"S000004029",563.327236757354,1.52411982159709,0.269552101911224,5.65426799045719,1.56511850574051e-08,2.37728361344836e-07,"S000004029","S000004029","RIC1"
"S000004030",492.44623041191,-1.2347537026016,0.396493564951891,-3.11418346159394,0.00184454757640734,0.0073111809510788,"S000004030","S000004030","AFB1"
"S000004032",69.5962801482586,-1.31719844216543,0.50473121474281,-2.60970275602357,0.00906209259466915,0.0285926025288314,"S000004032","S000004032",NA
"S000004034",60767.9859488747,1.6394438283154,0.180707786053467,9.07234748496299,1.16479953763257e-19,8.12120965433285e-18,"S000004034","S000004034","PDC1"
"S000004043",307.867540511716,-2.06515859822142,0.548249449060054,-3.76682293390724,0.000165338176754705,0.000901976549753817,"S000004043","S000004043",NA
"S000004047",397.663906767068,1.46426366288105,0.392503859835499,3.73057137194709,0.000191046011639435,0.00102347100613285,"S000004047","S000004047","MNL2"
"S000004048",2284.45448972433,1.23167111164985,0.281196701851761,4.38010511339195,1.18622074317751e-05,8.94704648139112e-05,"S000004048","S000004048","SHM2"
"S000004051",1152.84005836501,-1.3168896643233,0.533691502124075,-2.46751102290765,0.0136056032324842,0.0401123941835594,"S000004051","S000004051","RPL22A"
"S000004063",63.9369895993257,-1.18288537920802,0.364219717263805,-3.24772471983237,0.00116331760526234,0.00491640997398422,"S000004063","S000004063","RFU1"
"S000004076",785.24120268676,2.46888457143109,0.18769710068417,13.1535573135218,1.6235278255784e-39,4.73573126754939e-37,"S000004076","S000004076","SMC4"
"S000004082",1512.04808920724,3.22885821382573,0.169013129449686,19.1041857182281,2.33034496580602e-81,4.75823151375221e-78,"S000004082","S000004082","SUL2"
"S000004086",618.038235772705,1.07518769915235,0.182526672354144,5.89057854002971,3.84845910557407e-09,6.5173016582903e-08,"S000004086","S000004086","KIN2"
"S000004092",370.89295499325,1.0286787231435,0.24526966722458,4.19407232367465,2.73990559888568e-05,0.000188749599119841,"S000004092","S000004092","APC9"
"S000004093",184.507822661738,-1.3479164299454,0.336435148949904,-4.00646732112436,6.16336480383917e-05,0.000379384035922796,"S000004093","S000004093","CDC45"
"S000004100",10102.0853286189,-2.43053277452475,0.285752850406689,-8.50571663962604,1.80477271732637e-17,1.02647534991298e-15,"S000004100","S000004100","CCW12"
"S000004104",761.809577034923,1.15843027124081,0.208031289428213,5.56853862909194,2.56884683032614e-08,3.73895394560606e-07,"S000004104","S000004104","AVL9"
"S000004105",396.21235866304,1.6194940908773,0.181103348147505,8.94237520975179,3.80893816699475e-19,2.47487589236464e-17,"S000004105","S000004105","CFT2"
"S000004110",1954.84650419556,2.33117193636058,0.250367613706913,9.31099634591522,1.26638742655869e-20,9.52656604621233e-19,"S000004110","S000004110","YPS1"
"S000004111",1743.45160133698,1.63576796790094,0.161378035883542,10.1362490808935,3.81466694356719e-24,3.81279962408432e-22,"S000004111","S000004111","YPS3"
"S000004120",2991.9205851677,1.70813483401803,0.283897707966594,6.0167263985767,1.77979519159325e-09,3.21229945398998e-08,"S000004120","S000004120","ZRT2"
"S000004126",222.651265195106,1.30473950842022,0.387630728872376,3.36593415133967,0.000762849165478432,0.00341478331418203,"S000004126","S000004126","TIS11"
"S000004129",171.407085046339,1.28569782480435,0.361609159645851,3.55549020401894,0.000377275002504368,0.00185178283337738,"S000004129","S000004129","SLS1"
"S000004134",575.513260180046,1.23925368855229,0.159000783704376,7.79400993932449,6.49154375512539e-15,2.7369803802952e-13,"S000004134","S000004134","ACF2"
"S000004139",4804.34878577371,-1.40023918563975,0.327716148382735,-4.27271952435017,1.93103289133165e-05,0.00013827782122146,"S000004139","S000004139",NA
"S000028422",2938.08114224426,-1.15717876598024,0.268295796546882,-4.31307080048881,1.61002530878033e-05,0.000117468564259302,"S000028422","S000028422","TAR1"
"S000004155",285.034179634919,1.03502503911135,0.216227433651309,4.78674246664023,1.69510120259351e-06,1.62604573749456e-05,"S000004155","S000004155","PUS5"
"S000004156",946.639685662839,1.30205244263531,0.243286449212597,5.35193162976992,8.70202796502285e-08,1.14952020059216e-06,"S000004156","S000004156","SEC10"
"S000004160",263.430515130712,1.05541200305036,0.312607127018493,3.37616103994944,0.000735048817590448,0.00331421222391807,"S000004160","S000004160","APS1"
"S000004161",167.770788210351,1.06108921257169,0.290911429348231,3.64746484849013,0.000264840529926506,0.00135870986871484,"S000004161","S000004161",NA
"S000004164",3275.69179403097,2.39477978935649,0.152192535482513,15.7351987189388,8.6783853696225e-56,5.63818918581883e-53,"S000004164","S000004164","IDP2"
"S000004167",1640.9682682582,-1.57977621094429,0.333919002117616,-4.73101620730123,2.23398682609842e-06,2.06401898548318e-05,"S000004167","S000004167",NA
"S000004173",241.32751794501,-4.11934552537038,0.310535361815225,-13.2653025449046,3.67932932002435e-40,1.14323160806756e-37,"S000004173","S000004173","TOS4"
"S000004176",165.561810295125,-1.35546569113435,0.48053104370418,-2.82076612716991,0.00479091166234246,0.0165202654740315,"S000004176","S000004176","EMG1"
"S000004184",1624.55219180974,1.16732685056105,0.328759599538237,3.55070042730502,0.00038420746904828,0.00188257708436992,"S000004184","S000004184","NCW2"
"S000004187",920.889904293855,-1.43834508318772,0.57297309899517,-2.51031869682916,0.0120622244833345,0.0363647699937356,"S000004187","S000004187","NOP56"
"S000004188",148.079426669326,-2.20950329838266,0.394203691022857,-5.60497871709309,2.08280555723242e-08,3.08492640720446e-07,"S000004188","S000004188",NA
"S000004199",201.350811610273,-1.0738308667761,0.188232253695817,-5.70481862535317,1.16467038255804e-08,1.82729240152602e-07,"S000004199","S000004199","PNP1"
"S000004202",198.236674632959,-2.3403956431794,0.349426796381167,-6.69781386950763,2.11560486727167e-11,5.50789442038506e-10,"S000004202","S000004202","TUB4"
"S000004215",700.572637502138,1.35506582860765,0.347172635031281,3.90314699914513,9.49499944680553e-05,0.000556881522745964,"S000004215","S000004215",NA
"S000004227",2175.84831165255,4.08978693833224,0.228825475327577,17.8729528802572,1.9157956837854e-71,2.48931524621316e-68,"S000004227","S000004227","THI7"
"S000004230",674.040321661688,1.01585680229937,0.158936681719736,6.39158180042227,1.64178412128773e-10,3.6325109048863e-09,"S000004230","S000004230","VPS34"
"S000004231",1260.43320923632,1.44896607393273,0.19602766261215,7.39164082571131,1.45027849570062e-13,5.04351108006057e-12,"S000004231","S000004231","CSC1"
"S000004237",1529.44552063287,1.05755393839599,0.185546244704599,5.69967848220094,1.20033595018327e-08,1.8709271249694e-07,"S000004237","S000004237","IRC20"
"S000004241",415.870687929042,1.52153049254586,0.214594014807706,7.09027460019926,1.33846148923536e-12,4.05309959017816e-11,"S000004241","S000004241","SYM1"
"S000004242",116.156571858662,1.61821931394348,0.382892233330996,4.22630487922326,2.37560076895882e-05,0.000166072695405126,"S000004242","S000004242",NA
"S000007377",24.0004214103276,2.67862480636719,0.521704357527128,5.13437307494198,2.83086060295455e-07,3.2499189235365e-06,"S000007377","S000007377",NA
"S000004250",464.556882464271,2.05182439629618,0.344736370319697,5.95186517277939,2.65103731218339e-09,4.65494794877607e-08,"S000004250","S000004250","LCB5"
"S000004253",171.700188271492,1.11232673736344,0.293223545350386,3.7934427674772,0.000148572887456759,0.000821490243876,"S000004253","S000004253","RED1"
"S000004257",2984.01706941319,-1.18008374424933,0.215517467988661,-5.47558281592015,4.36073956782166e-08,6.06894358742698e-07,"S000004257","S000004257","BOP2"
"S000004261",647.43110500535,-1.3448339985264,0.184003806671591,-7.30872922062232,2.696805930561e-13,9.04822703415688e-12,"S000004261","S000004261","CMG1"
"S000004263",379.830980732109,1.02086956739342,0.190840404159948,5.34933664538777,8.82772000708179e-08,1.16397234373819e-06,"S000004263","S000004263","PIG1"
"S000004274",1563.05846890463,-3.52788793164703,0.72659173361877,-4.85539233164198,1.20148622997097e-06,1.19338726094336e-05,"S000004274","S000004274","ECI1"
"S000004276",6677.69078020344,-4.43745372747873,0.207983022856688,-21.335653586189,5.29986666345771e-101,3.78754971104005e-97,"S000004276","S000004276","CTS1"
"S000004281",851.760438753189,1.03646845501094,0.204705180836829,5.06322532128345,4.12222157648225e-07,4.53626460569028e-06,"S000004281","S000004281","COQ11"
"S000004285",211.35654719916,1.20605235566941,0.433556759396045,2.78176347048417,0.00540644270163444,0.0183375143650833,"S000004285","S000004285",NA
"S000004286",511.660831088118,1.81585426205163,0.410334293396223,4.4253046632352,9.63062676203366e-06,7.49728964672471e-05,"S000004286","S000004286","ATP14"
"S000004288",464.067415941767,1.64925621145863,0.189006467288404,8.72592475336859,2.64014197821629e-18,1.60576805509129e-16,"S000004288","S000004288",NA
"S000004290",1040.81062782772,1.43585171790181,0.163724185641205,8.76994264639937,1.78757316342111e-18,1.1012837596887e-16,"S000004290","S000004290","ECM38"
"S000004294",2107.7113891207,1.68869760780567,0.42527397377082,3.97084635307522,7.16177574029185e-05,0.000435032981963414,"S000004294","S000004294","MET17"
"S000004295",14453.0297199301,2.16628133160252,0.204718168671908,10.5817736923698,3.62038815282515e-26,4.34842082927142e-24,"S000004295","S000004295","ACO1"
"S000028525",1007.74755173606,3.42276186574464,0.294075554667279,11.6390560569279,2.60886931164452e-31,4.60352704584384e-29,"S000028525","S000028525",NA
"S000004301",1648.95515507004,1.84795893892247,0.167567820215026,11.0281254273711,2.7963285895481e-28,3.88038102237e-26,"S000004301","S000004301","CDC25"
"S000004317",338.790340696811,-1.20227414912037,0.359497769662035,-3.34431601689944,0.000824857201920997,0.00365684987191588,"S000004317","S000004317","RPL38"
"S000004319",4140.91812993295,-2.00316891508661,0.447585555877924,-4.4754994632422,7.62328904253136e-06,6.1110303020135e-05,"S000004319","S000004319","TMA10"
"S000004320",459.997671511452,1.69611410682099,0.463832194032128,3.65674079687429,0.000255442449111454,0.00131474214085344,"S000004320","S000004320","NMA1"
"S000004323",99.9494493757491,1.52451213149291,0.293533679652969,5.19365318928742,2.06207116152944e-07,2.43983303905135e-06,"S000004323","S000004323","JIP3"
"S000004329",1402.19752883075,1.08134756633798,0.26367846867623,4.1010082156756,4.11353953503618e-05,0.000266643177207583,"S000004329","S000004329","VRP1"
"S000004333",21.3767064849077,-2.733735489494,0.651909910166927,-4.19342526760178,2.74773626516051e-05,0.000189014221644381,"S000004333","S000004333","SPO77"
"S000004347",8296.38983398533,1.68921330345321,0.348993270735027,4.84024605945983,1.29678465105182e-06,1.27038677295982e-05,"S000004347","S000004347","ILV5"
"S000028845",168.346218997271,-1.16085081758961,0.265254026217822,-4.3763739768321,1.20669906366036e-05,9.07755248257763e-05,"S000028845","S000028845",NA
"S000004355",99.3903121796014,1.0213563208565,0.41479057629566,2.46234215342559,0.0138032916278189,0.040594742229715,"S000004355","S000004355","NMD4"
"S000007620",10.2602902997491,-1.75500021577484,0.721264081295255,-2.43322835739052,0.0149648595485665,0.0434388175320188,"S000007620","S000007620",NA
"S000004359",547.562911975586,-2.53432278190232,0.234269925872905,-10.8179604038344,2.8300520200507e-27,3.74536421505413e-25,"S000004359","S000004359","RPS22B"
"S000004364",663.642964486406,-2.5200421291341,0.25487368858067,-9.88741577511436,4.72056196990039e-23,4.4098687735808e-21,"S000004364","S000004364","ELO3"
"S000004365",557.095239865528,1.24233697564683,0.156920448873122,7.91698586492909,2.43337398768793e-15,1.0767868237159e-13,"S000004365","S000004365","VID22"
"S000004367",1884.50522268189,1.80841275499162,0.178802505474629,10.1140235713768,4.7876700976231e-24,4.75209504898104e-22,"S000004367","S000004367","STP3"
"S000004373",680.172642966096,-3.47849881061249,0.373199135380542,-9.32075795691636,1.15512128738892e-20,8.7819939152393e-19,"S000004373","S000004373","CTF3"
"S000004379",807.023430251071,1.21927308772629,0.259084709657625,4.70607890885394,2.52526804956758e-06,2.31221372405313e-05,"S000004379","S000004379","REH1"
"S000004381",1205.98621362344,1.23883156101322,0.344604149324154,3.59494092988388,0.000324465187004193,0.00162779252995821,"S000004381","S000004381","STE23"
"S000004385",105.462713440501,1.39042809007278,0.318273988564668,4.36865135081644,1.2501616334201e-05,9.36016774566445e-05,"S000004385","S000004385","ATP10"
"S000004386",246.391059584169,1.07370991816989,0.242079625024923,4.43535848198439,9.1919199775153e-06,7.20680813157577e-05,"S000004386","S000004386","CST9"
"S000007379",57.8045220504161,-4.98255427792181,1.85629524980757,-2.68413889355065,0.00727168897911046,0.0236267903110766,"S000007379","S000007379",NA
"S000007380",1418.12469632583,1.56050085755159,0.306272325606612,5.09514156873565,3.48480748206193e-07,3.90960387292867e-06,"S000007380","S000007380",NA
"S000004411",369.341590687518,1.21085289943899,0.375920856641252,3.22103144331396,0.00127730133564826,0.00532879976369546,"S000004411","S000004411",NA
"S000004412",632.061597702899,-1.30925690111592,0.210314227825221,-6.22524169978631,4.80814190606237e-10,9.74791095934036e-09,"S000004412","S000004412","URA4"
"S000004417",615.943914167102,1.07513711649962,0.162189507278052,6.62889439978656,3.38210416221809e-11,8.49567922505855e-10,"S000004417","S000004417","TUS1"
"S000004423",367.984119670125,1.01833830706228,0.194577698709754,5.23358182265949,1.66256358533451e-07,2.02756154651759e-06,"S000004423","S000004423","ATG23"
"S000004427",109.998557866537,-1.31421295463246,0.526624762212217,-2.49553961175655,0.0125765712458178,0.0376246690777759,"S000004427","S000004427","TSR2"
"S000004428",872.312542685848,1.27762836116811,0.215619689877891,5.925378901582,3.11578124110986e-09,5.39755709806769e-08,"S000004428","S000004428","ECM30"
"S000004429",43.1972846831266,-1.04376515805861,0.419669527760508,-2.48711209419583,0.0128784813586395,0.0382925180068723,"S000004429","S000004429","DIF1"
"S000004443",555.552792275533,1.16659621189551,0.207419406747143,5.62433491730915,1.86224042045539e-08,2.77839272751241e-07,"S000004443","S000004443","LEU3"
"S000004445",131.517899076812,1.64791372041646,0.301713921001911,5.46184184986951,4.71219787837039e-08,6.51367933032379e-07,"S000004445","S000004445","RIF2"
"S000004452",49.2634014477874,-1.48348570310531,0.460172452733737,-3.22376034091654,0.00126519236063459,0.00528136518999713,"S000004452","S000004452",NA
"S000004454",14.2533186970536,2.86543919048098,0.828195087702463,3.45986016221146,0.00054045597636144,0.00254186813758936,"S000004454","S000004454",NA
"S000004455",24.2481008491359,1.94708661894519,0.709332267002324,2.74495706669835,0.00605188145070617,0.0202101732651737,"S000004455","S000004455",NA
"S000004459",932.164070138547,1.07456475986261,0.240177101430986,4.47405166212892,7.67511849822779e-06,6.13880630638891e-05,"S000004459","S000004459","YRF1-5"
"S000004465",530.587646862154,1.37575306327379,0.204481828040458,6.72799669514683,1.7201482810714e-11,4.51120722593642e-10,"S000004465","S000004465","GIS4"
"S000004467",712.375258336779,-2.4489847205287,0.403279597611982,-6.07267199984912,1.25799239302896e-09,2.34120901999518e-08,"S000004467","S000004467","ERG6"
"S000004469",70.7876933265527,-1.38566077019731,0.30510595271199,-4.54157238782334,5.5836207071455e-06,4.6345348877602e-05,"S000004469","S000004469",NA
"S000004478",961.41571019532,1.9526280520685,0.276338462235697,7.06607410445474,1.59378327703516e-12,4.77566968106153e-11,"S000004478","S000004478","PPZ1"
"S000004484",338.898540442437,-1.06425788238938,0.431039193379126,-2.46905130377158,0.0135471794373334,0.0399566313862581,"S000004484","S000004484","APT1"
"S000004491",698.658323277036,1.00246236385234,0.190979018070298,5.2490706779283,1.52868421002448e-07,1.8819537824186e-06,"S000004491","S000004491","USA1"
"S000004498",965.219655458747,1.01423807285552,0.220837296289796,4.59269376095142,4.37560928280092e-06,3.73599662360057e-05,"S000004498","S000004498","AMD1"
"S000004506",4857.25093756108,1.43185526520333,0.194464066150434,7.36308405736857,1.79709128859778e-13,6.20430574587634e-12,"S000004506","S000004506","CAT2"
"S000004516",194.016657053961,-1.34024013575758,0.293759953493034,-4.56236501885668,5.05806114776593e-06,4.25013921134735e-05,"S000004516","S000004516","SUR7"
"S000004520",410.570229986286,-2.47664445851506,0.357721973793361,-6.92337804203693,4.40998821266092e-12,1.25561676341758e-10,"S000004520","S000004520","IMD4"
"S000004522",91.2878177102398,2.46693828897169,0.270388741409334,9.12367236932051,7.26208645535655e-20,5.21592973399051e-18,"S000004522","S000004522",NA
"S000004521",1219.89281261027,1.58003728412,0.187846660201664,8.41131421992669,4.05441961849651e-17,2.24611703903762e-15,"S000004521","S000004521","CMP2"
"S000004523",1130.41098567333,-1.57307565181208,0.201346883916368,-7.81276382933981,5.59473705893703e-15,2.3952202480601e-13,"S000004523","S000004523","SML1"
"S000004525",97.5872590645003,-2.40860814750885,0.491845163795553,-4.89708616614566,9.72681938593327e-07,9.9162217890973e-06,"S000004525","S000004525","OGG1"
"S000004529",89.2328352712364,-1.00241331588658,0.375197065594513,-2.67169817625897,0.00754684949701528,0.024387772973285,"S000004529","S000004529","TEM1"
"S000004531",256.488919930477,-1.72828845007353,0.288987389353854,-5.9804978132015,2.22456712987826e-09,3.96950536671036e-08,"S000004531","S000004531","SMA2"
"S000004535",2987.35253238663,2.0016954375231,0.150512632612529,13.2991856084011,2.34003174008809e-40,7.77815666536724e-38,"S000004535","S000004535","DAK1"
"S000004536",455.334754417994,1.14658109621615,0.218831819192604,5.23955382926736,1.60965290317613e-07,1.97144549658067e-06,"S000004536","S000004536","COG8"
"S000004550",699.421211628213,-1.61390710553937,0.28028593217467,-5.7580738819728,8.50791192618661e-09,1.36940974280389e-07,"S000004550","S000004550","TUB1"
"S000004552",280.70128920182,2.29838280726157,0.370914250516034,6.19653411553733,5.77200234672172e-10,1.15707194308125e-08,"S000004552","S000004552","AIM33"
"S000004556",2604.82718858256,1.25997117568038,0.236627099340413,5.32471208577752,1.01113065512365e-07,1.31382640488022e-06,"S000004556","S000004556","RPM2"
"S000004566",4713.36926314187,1.00867743159297,0.305010276856702,3.30702769096157,0.00094291570599302,0.0041038654646036,"S000004566","S000004566","TSL1"
"S000004575",233.321846720915,1.38928990136777,0.446025668362491,3.11482051351061,0.00184056870332792,0.00729945851183852,"S000004575","S000004575","PML39"
"S000004587",636.479035635724,-1.46794652552244,0.327772329749022,-4.4785553638602,7.51498811320778e-06,6.04115439269284e-05,"S000004587","S000004587","NGL3"
"S000004589",2614.50723301656,1.68981503588191,0.187412911396487,9.01653479096201,1.9413278179888e-19,1.31504258305753e-17,"S000004589","S000004589","NDI1"
"S000004592",4198.42107906881,-2.07576470224833,0.757377495992018,-2.74072666963716,0.00613034811611886,0.020405464747016,"S000004592","S000004592","PHO84"
"S000004596",487.635035932451,-1.32077953492584,0.225636045166984,-5.853583960614,4.81091206297941e-09,8.01426178510078e-08,"S000004596","S000004596","RSC9"
"S000004601",666.65737943571,1.33842902623103,0.253063773336647,5.28890014000756,1.23054045542479e-07,1.55896832306437e-06,"S000004601","S000004601","COS3"
"S000004602",615.187306195166,1.35279727331083,0.260146175137479,5.20014285274775,1.99135415488266e-07,2.37582845874272e-06,"S000004602","S000004602",NA
"S000004603",265.223661036164,1.08902504981492,0.319715279807048,3.40623397940868,0.000658657043387993,0.00302124041115038,"S000004603","S000004603","CDC5"
"S000004605",35.8319413931807,-2.00084665147354,0.607876359505699,-3.29153555683684,0.000996420196264229,0.00429747551756325,"S000004605","S000004605","AIM34"
"S000004609",15.150533574408,2.00211111971653,0.527755146023783,3.79363637626435,0.000148457033284151,0.000821167328456024,"S000004609","S000004609",NA
"S000004610",3138.68400417142,1.16025267308345,0.215121481756841,5.39347657708551,6.91073379713758e-08,9.27465898239318e-07,"S000004610","S000004610","PLB1"
"S000004611",373.568757726526,1.02805035808702,0.264276426670621,3.89005697949866,0.000100220686852144,0.000583960161915084,"S000004611","S000004611","ADI1"
"S000004613",403.634674134644,-1.55605351250317,0.229009662130965,-6.79470681727524,1.08533015901091e-11,2.93799696264072e-10,"S000004613","S000004613","HXT2"
"S000004619",232.196830089852,-3.50757595678909,0.373219235189858,-9.39816500884467,5.55229018693564e-21,4.36037822208083e-19,"S000004619","S000004619","SPO20"
"S000004620",555.502417588454,-3.86445512052193,0.608703750933095,-6.34866322837344,2.17193907392013e-10,4.71786097014292e-09,"S000004620","S000004620","PEX9"
"S000004621",758.311653558442,1.04906741263293,0.21632768163434,4.8494367651301,1.23812530814965e-06,1.22637041090665e-05,"S000004621","S000004621","STB4"
"S000004627",152.306933119983,1.31869845139661,0.261788957027001,5.03725774521727,4.72248679906844e-07,5.13296606989242e-06,"S000004627","S000004627","CSI1"
"S000004639",996.588974479148,-2.2917398813113,0.508710971398467,-4.50499401459972,6.63748133467601e-06,5.40259229592963e-05,"S000004639","S000004639","MIH1"
"S000004646",1025.52245375537,1.45027423138974,0.199633217049297,7.26469398643017,3.73883712483673e-13,1.23701849595582e-11,"S000004646","S000004646","MCM1"
"S000004653",216.215988048904,1.26141060885114,0.336533000147945,3.74825235057664,0.000178071044360155,0.000962620815824394,"S000004653","S000004653",NA
"S000004658",724.866515592039,1.14305154348795,0.222697192176216,5.13276136226934,2.85521830813211e-07,3.27525162745845e-06,"S000004658","S000004658","STV1"
"S000004666",2331.68742290206,1.66918290470805,0.214614181717952,7.77759834576871,7.3914305322508e-15,3.07109641271688e-13,"S000004666","S000004666","ARG7"
"S000004667",76.3518784867829,1.20059195299972,0.286165543352838,4.1954455415319,2.72335717354673e-05,0.000187771076128815,"S000004667","S000004667","RIM9"
"S000004672",331.922563488712,1.40585075413817,0.213960609242457,6.57060549189727,5.0111066610044e-11,1.23276673848082e-09,"S000004672","S000004672","AVO2"
"S000004673",39.8145632254071,1.95693121649706,0.359204641276975,5.44795637812517,5.09518498145938e-08,7.00244989807682e-07,"S000004673","S000004673","NAT4"
"S000004680",549.405125199615,1.02803813957605,0.177890487077788,5.77905067586053,7.51232985816727e-09,1.21601053978239e-07,"S000004680","S000004680","RCO1"
"S000004686",1929.45225633436,1.38866850546802,0.322882240536356,4.30085130467763,1.70143205040325e-05,0.000123507203130592,"S000004686","S000004686","ISF1"
"S000004689",255.297166867684,-1.06514340739969,0.400413013483376,-2.66011186333211,0.00781147027625722,0.0251689235028279,"S000004689","S000004689",NA
"S000004690",633.037329858974,-1.01695182011121,0.338849797298281,-3.00118763009326,0.00268928800329528,0.0101072819960819,"S000004690","S000004690",NA
"S000004693",191.576149454983,1.03643931116802,0.28501669447255,3.63641615129264,0.000276457576149319,0.00141273083157033,"S000004693","S000004693",NA
"S000004699",188.713679421902,-1.62462045794991,0.653941462911837,-2.48435150558565,0.0129787625548441,0.0385265738725621,"S000004699","S000004699","UTP15"
"S000004700",111.714239686928,1.58208909723394,0.267121948758074,5.92272220455682,3.16655505081353e-09,5.46613180450215e-08,"S000004700","S000004700","CTF13"
"S000004701",544.417299966723,2.26578682791365,0.27483537462054,8.24416009417267,1.66324345912209e-16,8.47271832220994e-15,"S000004701","S000004701","SNO1"
"S000004708",542.881293909114,2.61290579182997,0.239154251107205,10.9256088057523,8.69553010438924e-28,1.1950501132888e-25,"S000004708","S000004708",NA
"S000004709",382.380305560361,2.90884788736856,0.290280723781263,10.0208096820114,1.23487108597409e-23,1.2006811178114e-21,"S000004709","S000004709",NA
"S000004710",3615.69601858534,3.43445148400754,0.310182275001932,11.0723653825357,1.7083098420879e-28,2.41751213593687e-26,"S000004710","S000004710","YPK2"
"S000004711",4709.1795724802,2.22212626225161,0.140172220477481,15.8528291460475,1.34391852886815e-56,9.1469654919583e-54,"S000004711","S000004711","PGM2"
"S000004713",19471.5723134247,-3.2471422890793,0.513918248310335,-6.31840239134393,2.64281135105618e-10,5.6127344191153e-09,"S000004713","S000004713","SPG4"
"S000004714",5639.26309582281,2.47519007882321,0.439274142433775,5.63472747362171,1.75335386375262e-08,2.63519314138972e-07,"S000004714","S000004714","ILV2"
"S000004720",1855.79143826048,-1.21857546553405,0.245243970560203,-4.96882945888741,6.73582778441445e-07,7.08948354364033e-06,"S000004720","S000004720",NA
"S000004722",4638.63330313362,-1.84872800598498,0.510341502589721,-3.6225311807949,0.00029173428176981,0.00148179036579101,"S000004722","S000004722","ASC1"
"S000004723",36.1333693650483,-1.39313055098892,0.448809813548447,-3.10405545719765,0.00190887547123211,0.00753273249870804,"S000004723","S000004723","SPC24"
"S000004727",2029.35316565056,1.95805063251855,0.255611007547408,7.66027508480983,1.85535247151732e-14,7.38678353075128e-13,"S000004727","S000004727","ADE17"
"S000007524",606.358127189398,-1.06320140310354,0.378198111910406,-2.81122874393251,0.00493526854224068,0.0169281961301286,"S000007524","S000007524",NA
"S000004730",74.3498761206757,-1.36169453638657,0.480531573910329,-2.83372542059155,0.00460088456137437,0.0159535281503454,"S000004730","S000004730","PKR1"
"S000004731",1063.71464450044,1.40916073846562,0.18297245817487,7.701490992261,1.34487657453336e-14,5.43003414683764e-13,"S000004731","S000004731","EPO1"
"S000004752",100.988452571699,-2.9120412321451,0.383177363822363,-7.59972145300079,2.96768827660101e-14,1.15578115905881e-12,"S000004752","S000004752","FDO1"
"S000004753",4324.88354313354,2.51513944535311,0.190602443657915,13.1957355691996,9.28441635772916e-40,2.82345027661751e-37,"S000004753","S000004753","NDE1"
"S000004763",247.984412154789,1.52218600324924,0.189195497879371,8.04557201577687,8.58435028982061e-16,4.00967708145117e-14,"S000004763","S000004763","RIM13"
"S000004765",207.744553532278,-1.41366640869937,0.246813740874199,-5.72766493345244,1.01822425213474e-08,1.61346776449688e-07,"S000004765","S000004765","TPP1"
"S000004768",60.9271268251563,-1.02341759136539,0.385612505991255,-2.65400518775862,0.00795426039733293,0.02557135489408,"S000004768","S000004768",NA
"S000004769",122.659275133504,-1.23861601517788,0.20155891581443,-6.14518097685265,7.98723936194746e-10,1.55321921360973e-08,"S000004769","S000004769","ATG16"
"S000004777",313.228776895655,1.27925015917641,0.298628750000282,4.28374749308363,1.83771466205633e-05,0.000132324713676429,"S000004777","S000004777","MLH1"
"S000004779",8571.76302291892,-1.55895703460936,0.320234225561674,-4.86817744691415,1.12632174499772e-06,1.12655820162718e-05,"S000004779","S000004779","ALD3"
"S000004784",3828.81914367334,1.87115267213739,0.322865029828648,5.79546404616955,6.81325239106245e-09,1.10661155028927e-07,"S000004784","S000004784","DDR48"
"S000004785",3418.27742137109,1.27496274376771,0.328518082385553,3.88095149743202,0.000104048591977036,0.000603312991938248,"S000004785","S000004785",NA
"S000004786",444.661249857888,-2.23322746158522,0.326122938292585,-6.84780860026979,7.49898015206107e-12,2.08122181191085e-10,"S000004786","S000004786","PAI3"
"S000004787",5132.31096814716,-2.92513769694887,0.322093787520462,-9.08163339463058,1.06957494228232e-19,7.53075598524195e-18,"S000004787","S000004787","SIP18"
"S000004789",102.755217198788,-1.23429508250962,0.368603559177633,-3.34857071175159,0.00081229549481522,0.00360900656485573,"S000004789","S000004789","MMT1"
"S000004793",937.677388967687,1.40551409221042,0.184098383133236,7.63458140310347,2.26555307635066e-14,8.92053722321761e-13,"S000004793","S000004793",NA
"S000004803",19023.100763256,-4.30114279652055,0.331154727630294,-12.9883176583316,1.42525628293999e-38,4.07423761041227e-36,"S000004803","S000004803","SPG5"
"S000004804",426.200066566189,1.25274993411291,0.250528207391991,5.00043467022771,5.7201208185267e-07,6.08769075645586e-06,"S000004804","S000004804","GYL1"
"S000028514",34.1452352199787,-1.4246510617518,0.566372224877188,-2.51539711725928,0.011889837391683,0.0359588332288033,"S000028514","S000028514","CMC4"
"S000004808",1284.08663437292,3.97619608520475,0.49050987035316,8.10625091466955,5.22055801802114e-16,2.52940460174834e-14,"S000004808","S000004808","ICY1"
"S000004809",3429.46163276332,2.08470055400208,0.230259159461746,9.05371390599738,1.3818655555292e-19,9.54154801216372e-18,"S000004809","S000004809",NA
"S000004812",612.690964234202,-3.30870598524404,0.272816196613264,-12.1279675705411,7.50899882743176e-34,1.57832529765415e-31,"S000004812","S000004812","CLN1"
"S000004813",982.216567350752,1.1352045415058,0.235719009817447,4.81592274795724,1.46521205305332e-06,1.42105175992459e-05,"S000004813","S000004813","ROT1"
"S000004815",544.741797173553,-1.03072048029111,0.377877877038071,-2.72765499893836,0.00637862823426559,0.0211089912832503,"S000004815","S000004815","ERG2"
"S000004818",4112.99242621495,2.17547441458201,0.218989493567289,9.93414971259137,2.95687788970658e-23,2.7988513693759e-21,"S000004818","S000004818","PFK2"
"S000004827",300.513034800499,-1.08975506579913,0.415247143183445,-2.62435295146078,0.00868137704307271,0.0275923776020988,"S000004827","S000004827","SCJ1"
"S000004828",285.830142752977,-2.05674498918413,0.234937079384861,-8.75445031737577,2.05100625213807e-18,1.25815589535663e-16,"S000004828","S000004828","GAS3"
"S000004830",1219.24389794927,-1.61673173568635,0.523579588073074,-3.08784332413797,0.00201614735068961,0.0079101822902571,"S000004830","S000004830","GUA1"
"S000004844",330.083239929286,1.24175766849937,0.373671790157047,3.32312393177307,0.000890153575778698,0.00390682762244505,"S000004844","S000004844","PEP5"
"S000004858",111.339625108527,-2.83665319176021,0.460392931560729,-6.16137433331997,7.21162889607286e-10,1.41782409644525e-08,"S000004858","S000004858",NA
"S000004862",5287.79655662143,1.03708286669189,0.223180614075491,4.64683221250167,3.37071108011258e-06,2.98128548688422e-05,"S000004862","S000004862","GAD1"
"S000004863",337.488035902436,2.55103355736283,0.239326106445887,10.6592364504105,1.57888332923225e-26,2.03306120943392e-24,"S000004863","S000004863","GTO3"
"S000004864",51.2007248574033,-1.2299897322201,0.467337007022042,-2.63191169057598,0.0084905929028822,0.0270401168362066,"S000004864","S000004864","HOR7"
"S000004868",771.092145578745,-1.51126110781518,0.234837642538807,-6.43534439997389,1.23193674933853e-10,2.79493205687231e-09,"S000004868","S000004868","GFD1"
"S000004869",47.8299460662749,-1.17892325539804,0.408352422563768,-2.88702402693337,0.00388904530846105,0.0137657564620688,"S000004869","S000004869","COX7"
"S000004874",1105.5415884191,1.00134711030617,0.164579776760389,6.08426581939062,1.17026310306122e-09,2.18647980811164e-08,"S000004874","S000004874","TPS3"
"S000004876",233.876910404946,1.65065491616581,0.290835937450199,5.67555347745997,1.38240947051597e-08,2.1177683346286e-07,"S000004876","S000004876","SAP30"
"S000004882",224.998454932134,-2.02980659897736,0.253754812877762,-7.9990861097683,1.25346039542883e-15,5.68752680376643e-14,"S000004882","S000004882","TMA23"
"S000004886",438.659033703893,1.0735489555283,0.227178086129669,4.72558323656067,2.29455820119609e-06,2.11315208567627e-05,"S000004886","S000004886","ZDS1"
"S000004892",344.653025817439,1.03928204073554,0.196801881363072,5.28085419477374,1.28582989184067e-07,1.62209767379335e-06,"S000004892","S000004892",NA
"S000004903",269.532865937755,-1.92457578687889,0.581197115083996,-3.31139941498289,0.000928306058098838,0.00405138274455166,"S000004903","S000004903","HAS1"
"S000004914",309.051675761373,-1.87933524525229,0.225576327222212,-8.331260945662,7.99858116054699e-17,4.21858747334679e-15,"S000004914","S000004914","DYN3"
"S000004918",18674.4465268019,-4.38805630112439,0.906626402539682,-4.83998291780647,1.29850289421593e-06,1.27119875801563e-05,"S000004918","S000004918","ADH2"
"S000004919",87.4739741864741,-3.5798108144301,0.426248281326915,-8.39841700542723,4.52537634871978e-17,2.47820705564183e-15,"S000004919","S000004919",NA
"S000004920",1924.93255675586,1.44734229698472,0.186220059013074,7.77221479069076,7.71255208208003e-15,3.17681576107118e-13,"S000004920","S000004920","UBP15"
"S000004921",1681.91959172909,-4.17765063209713,0.238433820491367,-17.5212166775996,9.8692050803434e-69,1.08508114010268e-65,"S000004921","S000004921","SCW10"
"S000004924",3814.54419927256,-2.76344501426584,0.248037327210988,-11.141246542764,7.90056968682825e-29,1.15227390340649e-26,"S000004924","S000004924","GAS1"
"S000004932",1430.58544731581,1.05985540195081,0.184377519147818,5.74828974188067,9.0150659495727e-09,1.44453293292873e-07,"S000004932","S000004932",NA
"S000004934",22.965561785,1.77548067578326,0.583528303999953,3.04266419231552,0.00234493851358146,0.00898316970641108,"S000004934","S000004934",NA
"S000004936",678.875964917316,1.40861511047671,0.192495379002909,7.31765675505084,2.52338295493859e-13,8.50630013559841e-12,"S000004936","S000004936",NA
"S000004937",656.836463236095,-1.49821279081848,0.209456450523117,-7.15286059262771,8.4987905338351e-13,2.66974094725506e-11,"S000004937","S000004937","ADH6"
"S000004939",16.9413498044985,1.59968735239641,0.612621990389799,2.61121438258943,0.00902213160276494,0.0285042721039609,"S000004939","S000004939",NA
"S000004948",231.728601459218,1.2618693480067,0.202780115713199,6.22284558606043,4.88217832461696e-10,9.88399076398727e-09,"S000004948","S000004948","PET8"
"S000004957",500.775000944565,-1.26307946150291,0.282439825399157,-4.47203031554726,7.74804400838041e-06,6.1902064288307e-05,"S000004957","S000004957","SPO1"
"S000004964",111.146146036357,-1.07251424402488,0.441716986975252,-2.4280575020878,0.0151799363066686,0.043973820354928,"S000004964","S000004964",NA
"S000004972",652.478897424868,1.24215632925017,0.189393715095084,6.55859318576938,5.43177601091437e-11,1.32485280757678e-09,"S000004972","S000004972","CRZ1"
"S000004975",1195.21058761847,-2.17297507325318,0.299638147045265,-7.25199743317369,4.10669671395825e-13,1.34626183790379e-11,"S000004975","S000004975","HHF2"
"S000004977",393.014553051176,1.11441281187987,0.389549775459581,2.86077128542845,0.00422611810727007,0.0148025767586702,"S000004977","S000004977","SIW14"
"S000004978",34.4861426251047,1.68798317229177,0.425622594593178,3.96591532906094,7.3114816071295e-05,0.000443184930494919,"S000004978","S000004978",NA
"S000004981",2979.41267919565,2.06790261564729,0.309106036349002,6.68994575477162,2.23253337256261e-11,5.79121587913564e-10,"S000004981","S000004981","NCE103"
"S000004982",1994.35092239126,1.86263653665411,0.277880409116403,6.70301495012502,2.04162567047277e-11,5.32499191753053e-10,"S000004982","S000004982","IDH1"
"S000004985",558.618316860304,1.44024002092651,0.283064687551265,5.08802434307766,3.61812936802385e-07,4.03549055861267e-06,"S000004985","S000004985",NA
"S000004986",570.141204727083,1.10751948733331,0.342886272824961,3.22999074360346,0.00123794225942097,0.00518123241988402,"S000004986","S000004986","COG6"
"S000004989",347.973137766411,-1.04473823182444,0.350985447220517,-2.97658561087877,0.00291477689407814,0.0108107341801404,"S000004989","S000004989","YIP3"
"S000004990",1428.30723248979,-1.78982046531727,0.200871572933429,-8.91027256460246,5.09072567388682e-19,3.29238651841015e-17,"S000004990","S000004990","LAP2"
"S000004991",165.492132713675,-1.20906422781898,0.19081051923006,-6.33646526773095,2.35096147058044e-10,5.05297628556484e-09,"S000004991","S000004991",NA
"S000005001",319.860667590296,1.03433501175579,0.317828830517984,3.25437755306867,0.00113641138107279,0.004819037011484,"S000005001","S000005001","OCA2"
"S000005002",46.7611118987691,2.59700360390398,0.496561743641476,5.22997117107565,1.69536475636382e-07,2.06580123296744e-06,"S000005002","S000005002",NA
"S000005003",192.081830804376,2.21633247740146,0.361495071432326,6.13101713564128,8.73189988525073e-10,1.68455270924171e-08,"S000005003","S000005003",NA
"S000005006",212.847598306922,-1.94023007362534,0.338447938228771,-5.73272830019091,9.8827877227852e-09,1.57124232393514e-07,"S000005006","S000005006","GCD10"
"S000005010",829.335171844091,-3.56850822354533,0.275840914916425,-12.9368343511568,2.78886218694405e-38,7.38170504407247e-36,"S000005010","S000005010","SUN4"
"S000005011",2121.09678833734,-1.38727839205526,0.338185011765206,-4.10212855032858,4.09366715603707e-05,0.000266025262921387,"S000005011","S000005011","RPL9B"
"S000005012",718.670351902462,2.41826197807238,0.228882622157872,10.5655115066114,4.30614649817821e-26,5.12897932487176e-24,"S000005012","S000005012","FKH2"
"S000005019",216.489069202672,-1.39512976660103,0.486600250947105,-2.86709627437633,0.0041425697268023,0.0145585810438125,"S000005019","S000005019","IMP4"
"S000005021",2293.75032147311,-1.88117279457703,0.357456627022554,-5.2626602848192,1.41985786139658e-07,1.76777250983809e-06,"S000005021","S000005021","APJ1"
"S000005022",365.089225340714,-2.19303610491936,0.281942818582737,-7.77830099004919,7.35050184444505e-15,3.06299483564586e-13,"S000005022","S000005022","NIS1"
"S000005033",100.807697434259,-1.50234969659426,0.287883652086101,-5.21860024252067,1.8028039819165e-07,2.17447065936984e-06,"S000005033","S000005033",NA
"S000005034",130.491496086913,-1.73046252503467,0.285926895470111,-6.0521152520105,1.42956128986601e-09,2.63308241186275e-08,"S000005034","S000005034","RHO2"
"S000005036",186.737489402409,1.30947574870954,0.201271122514471,6.5060289441939,7.71633649331591e-11,1.82598671355901e-09,"S000005036","S000005036",NA
"S000005046",383.00371041387,-1.5211688897568,0.301926828494667,-5.03820378381402,4.69920975437296e-07,5.11934489476012e-06,"S000005046","S000005046","POL1"
"S000005048",12242.7210701569,2.36340532205077,0.142617039255448,16.571689711056,1.1164396802965e-61,9.9732952190487e-59,"S000005048","S000005048","LEU4"
"S000005049",29.3472220523279,1.14545178473563,0.400136238506468,2.86265445242124,0.00420108448913936,0.0147284352602235,"S000005049","S000005049","RRT16"
"S000005053",94.8873145731416,-1.10811525811845,0.264350015888795,-4.19184865335738,2.76690562480869e-05,0.000190131644689378,"S000005053","S000005053",NA
"S000005056",557.861133701964,-1.03892372975326,0.32806973668468,-3.16677710127165,0.00154138415234534,0.00627306483185418,"S000005056","S000005056","DBP2"
"S000005061",6578.96233611012,2.66009937521344,0.245984794520185,10.8140805223436,2.95238347291024e-27,3.83621972530056e-25,"S000005061","S000005061","MLS1"
"S000005074",774.849793954875,-1.43209456646448,0.244058636283652,-5.86782991280858,4.41535843617802e-09,7.38977964031528e-08,"S000005074","S000005074","CPT1"
"S000005075",523.883245515663,-1.73533286339041,0.236356347543898,-7.34201929173115,2.10395059248909e-13,7.19420234891065e-12,"S000005075","S000005075","TOM22"
"S000005079",1256.79849027027,-1.05304854660059,0.158311143185993,-6.65176515947082,2.89598532197708e-11,7.36518117562605e-10,"S000005079","S000005079","FPR1"
"S000005085",186.275038823778,-2.23225915190687,0.383339643962978,-5.82318887978739,5.77352416917775e-09,9.48517022414454e-08,"S000005085","S000005085","AAH1"
"S000005086",285.702110884328,1.2089501690111,0.221399646407861,5.46048825563155,4.7482690212034e-08,6.55719894879808e-07,"S000005086","S000005086","MEP2"
"S000005098",861.211573263766,1.02672471688681,0.286150121651478,3.5880631850205,0.000333143565317482,0.00166548477757355,"S000005098","S000005098","YCK2"
"S000005101",1626.10860951278,-1.36172647561872,0.192684930271288,-7.06711455691682,1.58188361580555e-12,4.74997111779596e-11,"S000005101","S000005101","IGO1"
"S000005104",13204.5736496286,1.81089551161298,0.307999811570455,5.87953447886684,4.11421898227008e-09,6.91818022512779e-08,"S000005104","S000005104","YGP1"
"S000005107",623.190310367112,1.03626040844194,0.332477598254461,3.11678264605616,0.00182836319324176,0.00725910975583457,"S000005107","S000005107","RIA1"
"S000005111",426.385178961658,1.12398592439095,0.329926068025377,3.40678119530858,0.000657338002027086,0.00301809574782305,"S000005111","S000005111","SKO1"
"S000005113",426.610956530509,-1.85928080095274,0.206931035597074,-8.98502631849307,2.58672383056991e-19,1.73577670001576e-17,"S000005113","S000005113","PSD1"
"S000005114",38.7673411580477,-1.68874466053898,0.41301759930821,-4.08879588513315,4.33618192170308e-05,0.000279301704402443,"S000005114","S000005114",NA
"S000005116",468.709411907344,1.64490836309279,0.165617593565862,9.93196633085154,3.02235753174909e-23,2.84201027640064e-21,"S000005116","S000005116","APC1"
"S000005119",295.727306120915,-1.64295567645057,0.659195487954219,-2.49236486971324,0.0126895606009312,0.0378981322105918,"S000005119","S000005119","NOP13"
"S000005126",173.10872839161,-2.24815261499891,0.659216502655379,-3.41034031451453,0.00064881865735938,0.00298185372014072,"S000005126","S000005126","IPI3"
"S000005132",135.418943851896,-1.33366128929797,0.378674943473862,-3.521915860245,0.000428440101811607,0.00207301773026178,"S000005132","S000005132","KAR1"
"S000005138",3594.7607692459,-1.52054133223379,0.284774736968723,-5.33945303020608,9.32274182456838e-08,1.22585049584688e-06,"S000005138","S000005138",NA
"S000005139",7197.2756823309,-1.42486036253918,0.315639216654988,-4.51420573666115,6.35544980774066e-06,5.20862638199755e-05,"S000005139","S000005139",NA
"S000005146",2644.44373532944,-3.41652759152094,0.531386504558717,-6.42945871265238,1.28059135578629e-10,2.8869861590305e-09,"S000005146","S000005146","SPS19"
"S000005164",1063.07030333575,1.17189715004096,0.159607203632999,7.342382570248,2.0982459950567e-13,7.19190168041855e-12,"S000005164","S000005164","ADE12"
"S000005165",663.249724039235,1.3767150308821,0.26878631970612,5.12196838137947,3.02362600126665e-07,3.44356067219954e-06,"S000005165","S000005165","POP1"
"S000005166",58.6350796830656,-1.16859750886424,0.448743096552767,-2.60415707303662,0.00921005368690652,0.0289954399442632,"S000005166","S000005166","SSU72"
"S000005167",626.747359596879,1.28287161830721,0.164952995299707,7.77719504866425,7.41502362515762e-15,3.07196906302545e-13,"S000005167","S000005167","ATG4"
"S000005169",252.96326507441,-1.16056634624661,0.318759904450504,-3.64087932654912,0.000271708472689498,0.00138995318545132,"S000005169","S000005169","CNM67"
"S000005181",553.104315318419,1.51260987489831,0.180292788377735,8.38974142287492,4.87212584314238e-17,2.63777631348614e-15,"S000005181","S000005181","YTP1"
"S000005186",860.03453116451,1.10110670060569,0.150375176740091,7.32239671783626,2.43580777237644e-13,8.25000011625035e-12,"S000005186","S000005186","ATG2"
"S000005188",1429.59477350139,-2.16366269333967,0.206830420146555,-10.4610467445096,1.30406967751262e-25,1.46764314178644e-23,"S000005188","S000005188","SUI1"
"S000005194",490.26370830495,1.347515662999,0.251282825002388,5.36254582057565,8.20571440788707e-08,1.09000256535251e-06,"S000005194","S000005194","RAD50"
"S000005198",473.195780053035,2.480730786949,0.274699817361883,9.03069689224053,1.70581968006589e-19,1.16656845393214e-17,"S000005198","S000005198","RTC4"
"S000005219",185.967077049952,-1.31123604823118,0.225161894090597,-5.82352557268676,5.76189930920975e-09,9.47696511237456e-08,"S000005219","S000005219","BOR1"
"S000005220",71.1353496431652,1.23851914209956,0.396486981932745,3.12373217416165,0.00178572919089408,0.00711752016883688,"S000005220","S000005220",NA
"S000005221",625.034151440829,1.06590568209464,0.262742789571176,4.05684085121541,4.97409510494195e-05,0.000315555886972638,"S000005221","S000005221","MET2"
"S000005233",352.344420067591,-5.38487784378852,0.384890305557521,-13.9906819320596,1.77699825930334e-44,7.25675317720646e-42,"S000005233","S000005233","PCL1"
"S000005234",378.912247340608,-1.02441004524276,0.247474527256486,-4.13945651942209,3.48129572354073e-05,0.000230789238295769,"S000005234","S000005234","RFC3"
"S000005237",749.623984589248,1.43784997463601,0.207206356437052,6.93921749969488,3.94277709246444e-12,1.1316086944296e-10,"S000005237","S000005237","MSB3"
"S000005238",1094.71252504826,1.03018935635528,0.215297077212129,4.78496675242948,1.71015639023525e-06,1.63609540064474e-05,"S000005238","S000005238","RIM21"
"S000005240",12.8789041491555,2.55436630661044,0.79306080101276,3.22089593048659,0.0012779054277666,0.00532976430670207,"S000005240","S000005240",NA
"S000005241",709.321380393063,1.29611040481485,0.218769518884539,5.92454749374343,3.13158497439051e-09,5.41230278584807e-08,"S000005241","S000005241","MON2"
"S000005244",116.856351952342,-4.58128338269599,0.386297478162869,-11.859470075972,1.92187607728586e-32,3.61439141745352e-30,"S000005244","S000005244","TOS6"
"S000005245",497.392276383019,-1.8651299356141,0.333063731198398,-5.59991905724219,2.14451915524129e-08,3.16976342149573e-07,"S000005245","S000005245","RPL18B"
"S000005253",178.068892347136,-1.09440313922291,0.359705313712223,-3.04249922784981,0.00234622419262436,0.00898568659838693,"S000005253","S000005253","STB1"
"S000005255",547.541409584306,1.1454372670901,0.267882458387314,4.2758950100196,1.90370929540619e-05,0.000136663570865096,"S000005255","S000005255","SKP2"
"S000005256",635.347497920372,-1.37100761046767,0.26070548737045,-5.25883679816655,1.44969475538976e-07,1.80178149032921e-06,"S000005256","S000005256","RFA2"
"S000005258",250.055637951874,1.12890263196128,0.197329292107055,5.72090752420491,1.05956559287838e-08,1.67341116232162e-07,"S000005258","S000005258","DAL82"
"S000005266",5972.47731425796,-2.20541658629682,0.285869431244006,-7.71476886038356,1.21201681404778e-14,4.90746638050564e-13,"S000005266","S000005266","KRE1"
"S000005271",1114.50511342228,-3.02437572558678,0.374880342264527,-8.06757619596037,7.17074542499643e-16,3.39375709799583e-14,"S000005271","S000005271","EGT2"
"S000005277",397.31144446617,2.12094294028675,0.344537067205215,6.15592092163327,7.46424638624991e-10,1.45945928315554e-08,"S000005277","S000005277","SNZ2"
"S000005278",124.1553835214,1.07900001212162,0.353205401995244,3.05487969896947,0.00225150813986704,0.00870098491155238,"S000005278","S000005278","SNO2"
"S000005280",737.646468740235,1.68825427224373,0.224812735114771,7.50960247595333,5.93071780524109e-14,2.24253305794473e-12,"S000005280","S000005280","COS1"
"S000005284",13317.0963188893,2.30755992777992,0.244674137543828,9.43115586691942,4.05594418469044e-21,3.20285139402102e-19,"S000005284","S000005284","CIT1"
"S000005285",2218.88817329302,-1.33529553014184,0.368240364403091,-3.6261519899002,0.000287676071311455,0.00146534358063244,"S000005285","S000005285","ATO2"
"S000005288",96.5136529961646,1.0347266439702,0.373671407197815,2.76908166918543,0.00562145422417355,0.018972242084088,"S000005288","S000005288",NA
"S000005292",68.4600326411441,-2.34952816051913,0.461898918532343,-5.08667170727445,3.64401806248729e-07,4.05755314514414e-06,"S000005292","S000005292","NRM1"
"S000005302",757.526698465246,1.48917336571449,0.278092380522213,5.35495925101601,8.55757005894573e-08,1.13148333813609e-06,"S000005302","S000005302","ARE2"
"S000005311",309.049621188179,1.00477035883382,0.2144373690531,4.68561222920531,2.79124295424882e-06,2.53303082825894e-05,"S000005311","S000005311","CPR8"
"S000007525",4025.38917816358,1.30812962302738,0.380755360401327,3.43561708927375,0.000591205925605229,0.00274710867837306,"S000007525","S000007525","EGO4"
"S000005327",471.873546986787,1.83308607739713,0.269955215553499,6.79033399535801,1.11874240390517e-11,3.00567390583018e-10,"S000005327","S000005327","AGA1"
"S000005339",185.348899889263,1.92104579357448,0.440286528346017,4.36317186626421,1.2819015681033e-05,9.55775644908739e-05,"S000005339","S000005339","BIO5"
"S000005340",404.45583422407,3.91540808251925,0.236621039744045,16.547167938889,1.67813243948938e-61,1.41091452691892e-58,"S000005340","S000005340","BIO4"
"S000005341",572.052682019937,4.20511577877403,0.291383051240479,14.431573013159,3.27525158536197e-47,1.46291159092433e-44,"S000005341","S000005341","BIO3"
"S000005347",442.565141781542,-3.45155524502273,0.284012318547605,-12.1528364074962,5.54093316786697e-34,1.21840858105112e-31,"S000005347","S000005347",NA
"S000005348",895.128250939693,3.0141946905706,0.264530259118374,11.3945175898451,4.45289495614441e-30,7.15114916945754e-28,"S000005348","S000005348",NA
"S000005349",183.142850129828,4.3272555866397,0.412464737519549,10.4912134129638,9.48029766504163e-26,1.08401515621152e-23,"S000005349","S000005349",NA
"S000005351",320.714619573986,3.05751151333107,0.215945523128884,14.1587168329775,1.64979101460125e-45,6.93543028579282e-43,"S000005351","S000005351",NA
"S000005352",353.501812114905,3.32565714169803,0.276539613074136,12.0259701846276,2.59521648266481e-33,5.15186516482335e-31,"S000005352","S000005352","BSC5"
"S000005355",79.66604803484,1.00130502793009,0.356502791071033,2.8086877662918,0.00497438651366614,0.0170296781891809,"S000005355","S000005355","HXT17"
"S000005367",295.334736511616,-2.5102811300942,0.372223347765769,-6.74401846408051,1.54064948011357e-11,4.07033327527972e-10,"S000005367","S000005367","CSI2"
"S000005371",1118.76186714883,1.04760063429616,0.22294799239716,4.69885654960267,2.61622127666084e-06,2.38632104067092e-05,"S000005371","S000005371","PLB3"
"S000005374",20.8442789047714,-2.74786054923278,0.608940438699655,-4.51252762109316,6.40595891022819e-06,5.2410057643899e-05,"S000005374","S000005374",NA
"S000005379",389.272814095446,-1.09281419312542,0.345403925992607,-3.16387310881004,0.00155684656496115,0.00632518702472705,"S000005379","S000005379",NA
"S000005386",369.522393685819,-1.08904855338414,0.226364369816326,-4.81104227784523,1.50145249971692e-06,1.4500176066523e-05,"S000005386","S000005386","MIM1"
"S000005392",616.660703403448,1.74702728201133,0.316689303458491,5.5165339117313,3.45750797473029e-08,4.91722999829054e-07,"S000005392","S000005392","OPI10"
"S000005407",98.3044865220111,-2.18520813979057,0.401146777051545,-5.44740295772036,5.11105839387631e-08,7.01751754310029e-07,"S000005407","S000005407","LDS2"
"S000005408",1192.24526275493,-1.98497569705732,0.223184292675384,-8.89388618375761,5.90081347892677e-19,3.78207744638118e-17,"S000005408","S000005408","RRT8"
"S000005410",63.1486675700883,1.08744229267283,0.347177334499067,3.13223872820461,0.00173478754140098,0.00694546731911602,"S000005410","S000005410",NA
"S000005411",2204.89971859576,1.33048449175352,0.154769016389826,8.59658168533131,8.21256747254856e-18,4.8107470034892e-16,"S000005411","S000005411","GAL11"
"S000005413",140.297882433722,-1.823411411635,0.370326012663548,-4.92380051436361,8.48793650258766e-07,8.78479916230887e-06,"S000005413","S000005413","DDR2"
"S000005416",1011.8583969496,2.97410903722734,0.279513072930376,10.640321778324,1.93460073100391e-26,2.44701311931318e-24,"S000005416","S000005416","THI20"
"S000005419",2365.52092972364,1.9935954754255,0.273525266049084,7.28852403370939,3.13368998600994e-13,1.04405200396364e-11,"S000005419","S000005419","ARG1"
"S000005421",2228.51380035985,-1.36456493662078,0.32876262226555,-4.15060850657951,3.31592522595863e-05,0.000222300746972921,"S000005421","S000005421","MAM3"
"S000005423",735.281257286409,1.11123886937859,0.221366492202366,5.01990548941225,5.16969083488383e-07,5.56403547462309e-06,"S000005423","S000005423","APM4"
"S000005437",329.903563229942,-1.89940199780868,0.638641477925379,-2.97412877719573,0.00293821736571268,0.0108741431403758,"S000005437","S000005437","BRX1"
"S000005440",52.6953836302194,-1.44316759596942,0.480332826899499,-3.00451585889918,0.00266003890928283,0.0100184284928536,"S000005440","S000005440","REX4"
"S000005447",1662.27774562643,1.03088338994109,0.124318351531647,8.29228651474402,1.11091938806208e-16,5.79502584436911e-15,"S000005447","S000005447","DUF1"
"S000005451",85.3244065685181,1.37275876533067,0.360930097996739,3.80339232707345,0.000142728044835972,0.000794706639984631,"S000005451","S000005451","SPO21"
"S000005461",66.4907954531153,-1.34838690256444,0.329621836820873,-4.09070866047382,4.30057090925008e-05,0.000277257825917507,"S000005461","S000005461","IZH4"
"S000005463",761.995392435091,1.02797239650075,0.273372963025813,3.76032942366611,0.00016968975015917,0.000923600761243342,"S000005463","S000005463","ITR2"
"S000005467",84.9782083050987,-1.07134645222038,0.397835217270086,-2.69294020668125,0.00708249695457524,0.0231119015917224,"S000005467","S000005467",NA
"S000005469",4257.46356561949,1.38772837211696,0.165385903321537,8.39085039441961,4.82638191263125e-17,2.62294588126382e-15,"S000005469","S000005469","ZEO1"
"S000005473",491.137107737333,1.15833942768146,0.180025591904296,6.43430423101871,1.24040194026466e-10,2.80967748529362e-09,"S000005473","S000005473","SKM1"
"S000005477",429.72571709545,1.8627698961297,0.281406283322467,6.61950356664613,3.60407148087716e-11,9.0057681252058e-10,"S000005477","S000005477","RRI2"
"S000005479",1202.38209142451,2.23329525104062,0.185663371141609,12.0287337093391,2.50980573573836e-33,5.05248639167724e-31,"S000005479","S000005479","MCH4"
"S000005484",103.679887549677,-2.35375838595817,0.572245026767686,-4.11320024789612,3.90211620069206e-05,0.000254670990212291,"S000005484","S000005484","TRM11"
"S000005486",3462.38289028479,1.0755429780257,0.24379608351547,4.41164994333244,1.02585874108805e-05,7.91777759093413e-05,"S000005486","S000005486","MDH2"
"S000005488",162.075932312362,1.13212478970173,0.380452550817509,2.97573189421135,0.00292290272339978,0.0108342968427264,"S000005488","S000005488","YGK3"
"S000005491",30.0651137354164,1.3743164989317,0.471914281009285,2.91221637961972,0.00358873940738174,0.0128911415807256,"S000005491","S000005491",NA
"S000005494",71.8410351763484,-1.07692715519037,0.285583682698707,-3.77096879280226,0.000162615010280638,0.0008898378031934,"S000005494","S000005494",NA
"S000005496",154.333522888912,1.14753731082602,0.28700252761878,3.99835262897153,6.37848755060241e-05,0.000391109920895582,"S000005496","S000005496","PFK27"
"S000005498",643.594193706007,1.58336912285986,0.245036333113862,6.46177284298533,1.03483363320613e-10,2.38562534184117e-09,"S000005498","S000005498","RTC1"
"S000005499",1227.5225673728,-1.02809016399737,0.339354987940038,-3.02954192669484,0.00244924905714677,0.00931965587797137,"S000005499","S000005499","CDC33"
"S000005510",84.6034782134047,1.96046396599139,0.372827238723385,5.25837106941086,1.45337027674991e-07,1.80478030978162e-06,"S000005510","S000005510",NA
"S000005511",1515.46026016755,1.81605200023235,0.2349957685585,7.72802000381664,1.09232183672648e-14,4.43538523077603e-13,"S000005511","S000005511","GRE2"
"S000005512",189.358953961314,2.16899113477396,0.300099652955685,7.22756962032959,4.91714085414588e-13,1.59006095539156e-11,"S000005512","S000005512","FRE7"
"S000005515",4299.39863152801,-1.32639437097962,0.207876773495304,-6.38067615095817,1.76307795996164e-10,3.88943550074436e-09,"S000005515","S000005515","HPF1"
"S000005519",272.625589253514,1.2657950064053,0.170440995589797,7.42658772923218,1.11434997106577e-13,4.02207175162703e-12,"S000005519","S000005519","CSS3"
"S000007627",24.3481577377912,1.77828003493405,0.537316392819839,3.30955849979122,0.000934432368666348,0.00407066194615913,"S000007627","S000007627",NA
"S000005529",403.499596950464,1.6199888170943,0.298102171767869,5.43434087543576,5.49993522644481e-08,7.50100898774576e-07,"S000005529","S000005529","YSP3"
"S000005536",162.934661570264,-2.43126573871401,0.376219654039213,-6.46235706351643,1.03084502766559e-10,2.38026946371958e-09,"S000005536","S000005536","TIR2"
"S000005545",1078.6869714,-1.36396954225945,0.231306014156476,-5.89681832196864,3.70577489782836e-09,6.29805476987642e-08,"S000005545","S000005545",NA
"S000005547",521.062328928904,-1.235571549777,0.243156609631795,-5.08138171381804,3.74699308739887e-07,4.15805684768572e-06,"S000005547","S000005547","SFM1"
"S000005548",376.314412725641,1.00181527105982,0.191229653486097,5.23880712429704,1.61617837821895e-07,1.97605111718421e-06,"S000005548","S000005548","DDL1"
"S000005552",143.599425341332,-1.26317233769324,0.295484029355154,-4.27492592560724,1.91200853500738e-05,0.00013708198641434,"S000005552","S000005552","BUB3"
"S000005554",432.396111716361,-3.8049377586902,0.279813142465406,-13.5981381187648,4.10757449881862e-42,1.54498848188459e-39,"S000005554","S000005554","CIN5"
"S000005556",1601.19810268722,-2.33774301257249,0.246311043630253,-9.49101988330561,2.28784755546031e-21,1.84746921526521e-19,"S000005556","S000005556","DFG16"
"S000005558",1016.9482512405,-1.69423993403379,0.217449874722321,-7.79140450734819,6.6268387427959e-15,2.77763654401119e-13,"S000005558","S000005558","HMS1"
"S000005562",2608.61206808594,-1.16971260578216,0.26638980706699,-4.39098109143498,1.12840354197822e-05,8.57939108568568e-05,"S000005562","S000005562","PEP12"
"S000005566",1502.14967120372,-1.09187898724973,0.428156371572867,-2.55018740755539,0.0107665026428337,0.033115046755761,"S000005566","S000005566","GLO4"
"S000005570",232.448948322676,1.84641406302635,0.216276805738911,8.53727267109419,1.37426989105033e-17,7.88852994087647e-16,"S000005570","S000005570","IRC23"
"S000005575",237.161755370349,1.27880584624343,0.315575393471223,4.05229898369767,5.07167944693403e-05,0.000320750063429328,"S000005575","S000005575","RSB1"
"S000005577",241.758610599722,-1.131806033306,0.407972950693865,-2.77421831859456,0.00553345302607859,0.0187105853091415,"S000005577","S000005577","ETT1"
"S000005584",810.243272207822,1.07288847889417,0.198015114083723,5.41821508857418,6.01969714386516e-08,8.14768288610461e-07,"S000005584","S000005584","ASE1"
"S000005585",811.816796148102,1.23467326198159,0.166161964047328,7.4305408524776,1.08154525175291e-13,3.92348382824983e-12,"S000005585","S000005585","LPL1"
"S000005586",128.205826896681,1.08875341279359,0.310644260386784,3.5048238504004,0.000456909484681027,0.00219086171333053,"S000005586","S000005586","SLD7"
"S000005588",356.293046343056,-1.01119894630531,0.213537339923445,-4.73546662456237,2.18551670364082e-06,2.02447117596489e-05,"S000005588","S000005588",NA
"S000005592",452.92897295679,1.6071700821643,0.27518948054381,5.84023080747243,5.21285518635621e-09,8.62353462715154e-08,"S000005592","S000005592","MSA1"
"S000005594",38.3879781161036,1.02384323865019,0.371451691762414,2.75632945375049,0.00584540871666466,0.0196307393767124,"S000005594","S000005594","VAM10"
"S000005600",232.623265109249,-2.53060537244734,0.273749535959463,-9.24423620875863,2.36926753598497e-20,1.72775208631802e-18,"S000005600","S000005600","CDC21"
"S000005606",269.746943635658,1.14821442190483,0.249064803370955,4.61010309913073,4.02469326631327e-06,3.47372831252509e-05,"S000005606","S000005606","DIA2"
"S000005612",1759.56678078209,1.0563159682807,0.178199485689614,5.92771614459418,3.07176883661837e-09,5.33472563569701e-08,"S000005612","S000005612","TCB1"
"S000005618",495.570608612518,2.22934052139144,0.383838081223855,5.80802330577325,6.3214718827461e-09,1.03378486979508e-07,"S000005618","S000005618","ECM3"
"S000005621",206.777697426649,-1.3132505510546,0.552480916546103,-2.3770061765473,0.0174537958649874,0.0493896464657029,"S000005621","S000005621","RKI1"
"S000005627",172.663083635284,-1.48588600467249,0.518837892745385,-2.86387333201523,0.00418495327139525,0.0146858672006021,"S000005627","S000005627","RAS1"
"S000005630",262.786132032022,1.76215379060687,0.320818494354114,5.49268144330184,3.95876487321301e-08,5.54998234675112e-07,"S000005630","S000005630","PIN2"
"S000005631",38.8307185978335,1.98410375733056,0.59804072691222,3.31767330893132,0.000907705835877515,0.00397239421683935,"S000005631","S000005631",NA
"S000005640",126.910963410967,-1.1505560009619,0.391211442277208,-2.94100804992977,0.00327146031933073,0.0119191899934219,"S000005640","S000005640",NA
"S000005646",2346.45758908207,1.59965207422785,0.224032909723119,7.14025486793372,9.31580248506381e-13,2.8883029266598e-11,"S000005646","S000005646","GCY1"
"S000005647",190.546280738014,1.50459457412568,0.288139177347047,5.22176327418843,1.77227436062475e-07,2.14821379557234e-06,"S000005647","S000005647",NA
"S000005650",1590.88497121043,1.20908306766687,0.229171925957513,5.27587776127094,1.32122139567841e-07,1.66234308172812e-06,"S000005650","S000005650","UBP2"
"S000005652",153.216739790613,1.01942690876963,0.246828057284556,4.13010951828048,3.6259046382344e-05,0.000239376697433183,"S000005652","S000005652","IAH1"
"S000005653",532.23817033862,1.1585933236415,0.268731879100886,4.31133562388608,1.62271382366603e-05,0.000118213296032918,"S000005653","S000005653","RGA1"
"S000005660",243.083232185004,2.06737188086966,0.325340388372243,6.35448888228486,2.09120770016798e-10,4.57028007010718e-09,"S000005660","S000005660","BAG7"
"S000005661",218.283799590833,2.31608238157987,0.418366173869531,5.53601731267629,3.09426994065357e-08,4.44040163270697e-07,"S000005661","S000005661","IRC14"
"S000005662",2028.13919044325,1.91788017807452,0.388626778571672,4.93501807858776,8.01433359096161e-07,8.34296212786702e-06,"S000005662","S000005662","IDH2"
"S000005663",471.339342208381,2.44436345820635,0.235745852386563,10.3686382324904,3.44397485012908e-25,3.78651788714577e-23,"S000005663","S000005663","SIA1"
"S000005664",995.320489090731,1.09673694471899,0.170149896577891,6.44571032235053,1.15060241903949e-10,2.62708632193794e-09,"S000005664","S000005664","RUP1"
"S000007352",822.315363156441,1.02427395865134,0.28171814836839,3.63581105648878,0.000277107391462482,0.0014155453703264,"S000007352","S000007352",NA
"S000005679",2211.31822369294,1.62231094653857,0.18131692597016,8.9473772945255,3.6402828679137e-19,2.39772179866776e-17,"S000005679","S000005679","PDR5"
"S000005687",1800.47527478628,1.19021692953704,0.328612462858462,3.62194701681075,0.000292394016475024,0.00148461373977887,"S000005687","S000005687","PNS1"
"S000028714",30.6788665821269,1.5120391486558,0.544637062812403,2.77623256274171,0.00549928566110459,0.0186082599323314,"S000028714","S000028714",NA
"S000005695",199.623366955649,-1.30654530908414,0.284347218311851,-4.59489393580499,4.32969440794716e-06,3.70343041129795e-05,"S000005695","S000005695",NA
"S000005704",4198.33514483404,2.56064472682056,0.251272750941765,10.1906980252468,2.18191877433178e-24,2.22367711750956e-22,"S000005704","S000005704","GAC1"
"S000005705",260.943798149105,2.7149483567725,0.314093972018237,8.64374549860787,5.43996537493617e-18,3.21295145057697e-16,"S000005705","S000005705","SYC1"
"S000007354",756.182663163691,1.13937478104442,0.270219721319386,4.21647530195524,2.48150451305979e-05,0.000172426562980863,"S000007354","S000007354",NA
"S000005722",626.29488065087,1.18688872992663,0.266392744737256,4.45540936596175,8.37332650627638e-06,6.61946657932568e-05,"S000005722","S000005722","LIP5"
"S000005724",688.987762417732,-1.02302057536667,0.337909010712649,-3.02750309383323,0.00246583189939972,0.00937344024950005,"S000005724","S000005724","BFR1"
"S000005726",102.15195927778,1.39509104166081,0.475590242865189,2.93338869455373,0.0033528384853777,0.0121705345604648,"S000005726","S000005726",NA
"S000005727",512.840730996249,1.68260533148062,0.38563045074909,4.36325847248875,1.28139397380619e-05,9.55775644908739e-05,"S000005727","S000005727","MRM1"
"S000005728",357.717858937067,2.98217380509707,0.398491647494635,7.48365448522285,7.22838423669028e-14,2.69752730796382e-12,"S000005728","S000005728","HIS3"
"S000005740",25.9952791254035,-1.7221813692389,0.482726705157255,-3.56761155088339,0.000360250030064032,0.00177983189758217,"S000005740","S000005740","SPR2"
"S000005746",2289.2877301125,-1.12399037622794,0.37442680381331,-3.00189613772513,0.00268303699482872,0.0100864407593601,"S000005746","S000005746","RCN2"
"S000005748",503.205699757401,1.19194170418981,0.301613577198346,3.95188345054498,7.75385047279357e-05,0.000465850293432696,"S000005748","S000005748","ODC2"
"S000005750",274.977220841781,-1.30357882386465,0.393400105132092,-3.31362093415543,0.000920962706037159,0.00402301954687931,"S000005750","S000005750","RPB8"
"S000005752",224.538532601253,1.30425509197178,0.342900981600506,3.80359101302105,0.000142613563142053,0.000794378666402714,"S000005752","S000005752","ISU2"
"S000005756",6035.00477512319,1.00072051425559,0.194281337030538,5.15088340213705,2.59262341272118e-07,3.01026534833663e-06,"S000005756","S000005756","WTM1"
"S000005773",1188.216993064,-4.85888303416935,0.236721020169312,-20.5257776884118,1.26719557949005e-93,4.52800660441284e-90,"S000005773","S000005773","SRL1"
"S000005774",28.7473387764504,-3.65948739904393,0.688448997518592,-5.31555338483168,1.06333668039176e-07,1.3741655671645e-06,"S000005774","S000005774",NA
"S000005783",373.923496691597,-1.42209344054738,0.218331411270131,-6.51346241145252,7.34379890400129e-11,1.75233585534041e-09,"S000005783","S000005783","CDC31"
"S000005789",49.7885700510593,-2.20167100187761,0.388887562978211,-5.6614590217712,1.50091350634019e-08,2.28218688788514e-07,"S000005789","S000005789",NA
"S000005790",455.803448303704,-2.45181215434296,0.198557119284925,-12.348145275137,4.98473872041614e-35,1.14914307307916e-32,"S000005790","S000005790","DSE3"
"S000005793",2966.45183664767,2.36131616947825,0.22284084279796,10.5964245145992,3.09591129817932e-26,3.78203933204078e-24,"S000005793","S000005793","HRK1"
"S000005798",332.528216287417,-1.64178544570762,0.483472304635358,-3.39582108420023,0.000684230692545908,0.00312151589165613,"S000005798","S000005798","YTM1"
"S000005802",402.911252768236,-1.32485716818327,0.344938987168884,-3.84084495364571,0.000122611542307928,0.000697091000082423,"S000005802","S000005802","CAF20"
"S000005803",114.542311084016,-1.39185717799774,0.363603534144767,-3.82795283129338,0.000129213510657846,0.000730382830899887,"S000005803","S000005803",NA
"S000005805",196.165597164176,1.12790026957604,0.366478987797109,3.07766695262886,0.00208627937379833,0.00813842551574768,"S000005805","S000005805","RFM1"
"S000005810",96.0060726718969,-1.02176687809105,0.322677443208782,-3.16652712978743,0.00154270955023532,0.00627667167706048,"S000005810","S000005810","HUA2"
"S000005815",1608.12228674815,1.14499409894297,0.200800039844237,5.70216071586019,1.18298210398147e-08,1.85195654021984e-07,"S000005815","S000005815",NA
"S000005817",797.926743722517,1.29619844802208,0.213770349043325,6.06350905924463,1.33183276388798e-09,2.46578830236411e-08,"S000005817","S000005817","YPK9"
"S000005818",243.104227671289,1.08002967019338,0.252137086135535,4.2835018312729,1.83974583735571e-05,0.000132404266129533,"S000005818","S000005818",NA
"S000005827",193.232385785514,-1.56319367437508,0.360437593495541,-4.33693294646421,1.44484677981482e-05,0.000106559313848779,"S000005827","S000005827","RAX1"
"S000005833",1191.95085171205,2.88993079869987,0.36990124463308,7.81270904229184,5.59717038306915e-15,2.3952202480601e-13,"S000005833","S000005833","MCH5"
"S000005835",213.113341579032,1.4758293773133,0.358459191385372,4.11714753807684,3.83590526203487e-05,0.000251267616454007,"S000005835","S000005835","SNU66"
"S000005836",50.6825087293457,-2.12224769231657,0.557062344752646,-3.80971306408965,0.00013912816492137,0.00077799642457791,"S000005836","S000005836",NA
"S000005840",44.4784930896782,-3.89096171261342,0.615033302623988,-6.32642443264936,2.50907085626684e-10,5.36858529170988e-09,"S000005840","S000005840","SPS4"
"S000005844",9640.1414014921,-2.42788571375863,0.460905705081198,-5.26764083627672,1.38188136988129e-07,1.72650615556934e-06,"S000005844","S000005844","FAA1"
"S000005854",573.718343199341,-1.68907062732636,0.226148279196206,-7.46886349668363,8.08903960054804e-14,2.99524981892832e-12,"S000005854","S000005854","SNC2"
"S000005856",1411.52249368206,1.47372968438776,0.153465167896145,9.60302396036266,7.76326934506977e-22,6.64433585323846e-20,"S000005856","S000005856","SCD5"
"S000005864",704.791318207609,3.19046871725709,0.26031644257955,12.2561167694281,1.55788264008336e-34,3.47919008979866e-32,"S000005864","S000005864","TEA1"
"S000005865",1417.96644551898,-1.08028004687442,0.324255587200379,-3.33156956893649,0.000863577121253859,0.00380607702561869,"S000005865","S000005865",NA
"S000005866",95.2922131167681,-1.51671991165253,0.331218409201384,-4.57921380429777,4.66726927100865e-06,3.94729465624418e-05,"S000005866","S000005866","UBC11"
"S000005867",189.256216165706,-1.57238958785874,0.359042487201884,-4.3793969903473,1.19008159348265e-05,8.96670332928175e-05,"S000005867","S000005867","RPA43"
"S000005869",223.569943781753,-1.61339264582218,0.283327407185984,-5.69444608923096,1.23773086215217e-08,1.9187513245923e-07,"S000005869","S000005869",NA
"S000007356",944.52648582058,1.2994079688217,0.316321306738142,4.10787367509637,3.9931839637447e-05,0.000259902451702199,"S000007356","S000007356",NA
"S000005871",730.081019026041,3.70667943242704,0.410058021181732,9.03940233078453,1.57530741324197e-19,1.08249369507055e-17,"S000005871","S000005871","TYE7"
"S000005872",29.0006595445985,2.3594919325618,0.637963346907017,3.69847569456948,0.000216898114898378,0.00114101021576832,"S000005872","S000005872",NA
"S000005873",809.104660105621,1.33735390381383,0.33034108565597,4.04840318653731,5.15682568439205e-05,0.000325127964300907,"S000005873","S000005873","REV1"
"S000005874",834.708022511238,-1.06623108224153,0.296350344289591,-3.59787360732613,0.000320829451642791,0.00161011775011601,"S000005874","S000005874","PYK2"
"S000005875",1497.53653291026,-2.30272593181448,0.329501627487276,-6.98851155721044,2.77817794201833e-12,8.07083278968863e-11,"S000005875","S000005875","PUT4"
"S000005885",261.176557417297,1.63765295043862,0.252424844544725,6.48768528863432,8.71651116535814e-11,2.03238326405324e-09,"S000005885","S000005885","HAP5"
"S000005908",282.660035378149,1.57025362105488,0.271928056820301,5.77451859663219,7.71734065523343e-09,1.24778223965216e-07,"S000005908","S000005908","FRE3"
"S000005909",235.44798312131,2.32749085588469,0.408227724708565,5.70145219202417,1.18791053188635e-08,1.85560712920783e-07,"S000005909","S000005909","FIT2"
"S000005912",493.683703618505,1.48676478132393,0.468383881980375,3.17424411582598,0.00150227285117684,0.00613872063461539,"S000005912","S000005912",NA
"S000005913",358.994872669383,1.2131846917458,0.228389673420982,5.31190694208657,1.08484000087809e-07,1.39564519644919e-06,"S000005913","S000005913","PHR1"
"S000005914",70.1767056159622,1.244915078594,0.462204484766442,2.69342924966009,0.00707211533289737,0.0230832940061891,"S000005914","S000005914",NA
"S000005915",737.93681830759,-4.42803987594534,0.949600918400997,-4.66305348925059,3.1155173242257e-06,2.78661383699361e-05,"S000005915","S000005915","FDH1"
"S000005916",375.355972853482,1.20459488654804,0.435716806783682,2.76462800560751,0.00569877429842391,0.0192059846845963,"S000005916","S000005916",NA
"S000005917",207.333597279693,1.88863045551913,0.349037858342439,5.41096162028992,6.26872074686081e-08,8.47671008844669e-07,"S000005917","S000005917","FEX1"
"S000005920",1816.46726795551,1.30401762565883,0.260110868042758,5.01331465106052,5.35003017444652e-07,5.740839435688e-06,"S000005920","S000005920","ERR1"
"S000007526",932.164070138547,1.07456475986261,0.240177101430986,4.47405166212892,7.67511849822779e-06,6.13880630638891e-05,"S000007526","S000007526","YRF1-8"
"S000005935",1060.18138437514,3.07160970526255,0.289684771834464,10.6032833062339,2.8769885001389e-26,3.54489626142115e-24,"S000005935","S000005935","CIP1"
"S000005939",320.411317193911,1.04037160961275,0.314687785517718,3.30604382340787,0.000946232872574788,0.00411579624093471,"S000005939","S000005939","CTF19"
"S000005940",1085.27644884944,-1.45701685283572,0.267340994024126,-5.45003155297699,5.03608844386076e-08,6.92789337132837e-07,"S000005940","S000005940","VTC3"
"S000005944",1212.91598310657,-1.05728028409525,0.246773131967927,-4.28442219646774,1.83214708006271e-05,0.000132056874510017,"S000005944","S000005944","MET12"
"S000005945",537.98664777324,-2.13179799641672,0.245572383395778,-8.68093540054539,3.92527058986564e-18,2.33766218920623e-16,"S000005945","S000005945","RMI1"
"S000005948",65.126159710487,-1.39820687859358,0.382214233203186,-3.65817585304389,0.000254016741471368,0.00130929004177795,"S000005948","S000005948","SMA1"
"S000005953",786.25546528862,1.11465044108997,0.157299260801113,7.08617723575524,1.37867225744267e-12,4.16603859949854e-11,"S000005953","S000005953","SVL3"
"S000005964",520.045995452412,-1.07978172825743,0.403934318433152,-2.67316164777944,0.00751400333106781,0.0242981107717086,"S000005964","S000005964","NOP4"
"S000005976",1114.58119201948,-1.09963724594645,0.342878503957638,-3.20707548958016,0.00134091803519942,0.00555528738466822,"S000005976","S000005976","LGE1"
"S000005979",1564.54240200824,3.21472904042905,0.327235552935945,9.82389905860358,8.88394066352722e-23,8.19213960669643e-21,"S000005979","S000005979","PDR12"
"S000005982",5077.47672032713,-1.11732417843905,0.46934230058363,-2.38061682709965,0.0172836795615714,0.0490279783349276,"S000005982","S000005982","ALD6"
"S000005988",179.528528075522,1.54979803636286,0.301372233519966,5.14247121661322,2.71147993836953e-07,3.13299779782665e-06,"S000005988","S000005988",NA
"S000005991",996.412646687042,2.80789012123646,0.287994431702591,9.74980698285216,1.84819333512662e-22,1.64075946204751e-20,"S000005991","S000005991","MUK1"
"S000005996",762.321605492079,1.46104863125403,0.264842868169852,5.51666216783687,3.45498677151009e-08,4.91722999829054e-07,"S000005996","S000005996","GCR1"
"S000006000",1306.62568742013,-1.1803413164588,0.409036709463596,-2.88566108896847,0.0039059251558952,0.0138152408446449,"S000006000","S000006000","RPL21B"
"S000006002",518.297526383669,-2.05195625241557,0.491976202838347,-4.17084452576622,3.03472865110594e-05,0.000206549412429796,"S000006002","S000006002","RPS9A"
"S000006005",975.989650467632,1.18118871783094,0.178218264146275,6.627764687807,3.4080817302531e-11,8.54591441587851e-10,"S000006005","S000006005","BRO1"
"S000006009",612.68274793711,1.56501193607031,0.395392372829895,3.95812373635141,7.55408238331116e-05,0.000456149131832135,"S000006009","S000006009",NA
"S000006013",2583.62401796138,-2.0972243098697,0.264884147728652,-7.91751536606902,2.42303691061647e-15,1.07554243985842e-13,"S000006013","S000006013","SSU1"
"S000006017",456.998682679715,1.04712264858122,0.254642850000969,4.11212271845542,3.92037803838361e-05,0.000255629394628727,"S000006017","S000006017","PNG1"
"S000006030",527.114687245996,1.63309039127872,0.242397399897733,6.73724384819193,1.61419158681192e-11,4.24892087482555e-10,"S000006030","S000006030",NA
"S000006031",946.34399349643,1.70144122447441,0.178342584360977,9.54029701078338,1.42423826855275e-21,1.16323643270997e-19,"S000006031","S000006031","GDE1"
"S000006045",63.6867362702878,-2.03481661402494,0.38308654845123,-5.31163681484365,1.08644959488198e-07,1.3964589981698e-06,"S000006045","S000006045","SPC29"
"S000006048",461.764921261753,-1.69088432905417,0.287203437953487,-5.88740977859747,3.92295196448466e-09,6.6355920033585e-08,"S000006048","S000006048","HHO1"
"S000006056",2977.96191027523,-1.16008016075136,0.353875400805874,-3.27821645163674,0.00104465257702713,0.00448519654053732,"S000006056","S000006056","ISU1"
"S000006057",50.0876381205313,-1.83234069175336,0.410637294720911,-4.4621877148268,8.11271086555246e-06,6.4383662632616e-05,"S000006057","S000006057",NA
"S000006068",2922.0034498985,-2.61963226350389,0.39401125808176,-6.64862287503547,2.95847943012573e-11,7.49743732177074e-10,"S000006068","S000006068","PXA1"
"S000006076",107.851820840041,-1.37415228154868,0.379590676527328,-3.62008965583682,0.00029450095386748,0.00149266033107372,"S000006076","S000006076","KIP2"
"S000006077",497.104891482956,1.47327664188185,0.287638508956179,5.12197287918184,3.02355386177376e-07,3.44356067219954e-06,"S000006077","S000006077","PRM4"
"S000006078",137.293259200545,-1.28783005598486,0.361476943748136,-3.56268934508357,0.000367074970767141,0.00180845111983374,"S000006078","S000006078","TGS1"
"S000006084",886.198544472652,-3.66020851929467,0.348417279689978,-10.5052439492999,8.17112574261975e-26,9.41854034187614e-24,"S000006084","S000006084","SVS1"
"S000006088",1057.15035700246,1.05202646947833,0.27415597996931,3.83732818666256,0.000124380198874335,0.00070574282751523,"S000006088","S000006088","REV3"
"S000006091",327.161298244578,1.22856403192466,0.345424027405343,3.55668376966431,0.000375565790486053,0.00184466042729112,"S000006091","S000006091","DAP1"
"S000006092",306.162773872465,1.26317699647378,0.231432454797726,5.45808062044626,4.81309121719185e-08,6.64030046016633e-07,"S000006092","S000006092","OYE3"
"S000006098",1356.94858805214,2.15003712181052,0.266413972986531,8.07028662088686,7.01333317759209e-16,3.33028475439614e-14,"S000006098","S000006098","CUP9"
"S000006102",1229.70752783792,1.13405224750409,0.180641133487068,6.27792920478586,3.43112070509521e-10,7.1592712756096e-09,"S000006102","S000006102","CTI6"
"S000006103",136.244024190992,1.40506487243509,0.306707787681708,4.58111899621284,4.62494575582542e-06,3.91645955092062e-05,"S000006103","S000006103",NA
"S000006108",1336.3505898509,-2.32406131891902,0.482788994732554,-4.81382414320868,1.48069118585456e-06,1.43190251146274e-05,"S000006108","S000006108","MF(ALPHA)1"
"S000006110",62.9392628945036,1.3220899518049,0.436122397896853,3.03146538260937,0.00243369825050981,0.00927595975854314,"S000006110","S000006110","GUP2"
"S000006112",216.463328236056,1.10169853028954,0.260533482712934,4.22862550647062,2.35123341134117e-05,0.000164736172295585,"S000006112","S000006112",NA
"S000006115",220.637075409113,1.13876089342964,0.182376962515271,6.24399528166438,4.26532864082411e-10,8.7592445780602e-09,"S000006115","S000006115","DDC1"
"S000006130",46.3390399384427,-1.0987692027809,0.412133702585423,-2.66605035183494,0.00767481971422363,0.0247621214842886,"S000006130","S000006130","IPL1"
"S000006132",157.934686521598,-2.23669696451638,0.520082774575614,-4.30065572992975,1.7029344763528e-05,0.000123553515078734,"S000006132","S000006132","NIP7"
"S000006135",804.041778872046,1.49926624355509,0.1895702108571,7.90876497302234,2.5995485052414e-15,1.14324143955124e-13,"S000006135","S000006135","THI6"
"S000006141",1976.69372496107,-1.15523935754736,0.394850035115792,-2.92576739219128,0.00343607746887383,0.0124205556814006,"S000006141","S000006141","RPL1A"
"S000006142",1753.38128837593,1.20349928784502,0.236077047539021,5.0979089258819,3.43425964101741e-07,3.85895228373128e-06,"S000006142","S000006142","FLC1"
"S000028722",93.1091470369388,-2.95376435738678,0.319436659678825,-9.24679202555091,2.31331298836538e-20,1.69559910475417e-18,"S000028722","S000028722",NA
"S000006143",8467.21958178801,-2.72236950539574,0.204156995119864,-13.3346863956211,1.45465126797211e-40,5.07105623734766e-38,"S000006143","S000006143","FMP40"
"S000006144",58454.8349045286,-3.52018145523208,0.230274960967744,-15.2868615868538,9.35510218086666e-53,5.5713531446303e-50,"S000006144","S000006144","GRE1"
"S000006148",121.159930459692,-3.15260111263178,0.492510480442699,-6.40108431763327,1.54277339669092e-10,3.4187380091323e-09,"S000006148","S000006148","ALG5"
"S000006152",5215.88297898393,-1.3328197506544,0.18784268147624,-7.09540419770354,1.28973973399455e-12,3.92218085489022e-11,"S000006152","S000006152","FAS2"
"S000006157",343.067130410265,1.10508368488435,0.207198274693632,5.3334598780726,9.63588617772077e-08,1.2589188403854e-06,"S000006157","S000006157","ENV7"
"S000006162",92.9896173501543,-1.7453456896739,0.288674707659364,-6.04606376438565,1.48427372309699e-09,2.71983645182375e-08,"S000006162","S000006162","CIN2"
"S000006166",139.93346136614,-1.77440697211838,0.362312727689189,-4.89744587068594,9.70903670702125e-07,9.90763173512137e-06,"S000006166","S000006166",NA
"S000006170",579.398877609812,1.17613532722447,0.161610235951755,7.27760417091143,3.39800601390515e-13,1.12948139434294e-11,"S000006170","S000006170","GYP5"
"S000006171",420.262534158209,2.98303102682671,0.347471869195908,8.5849569167421,9.08704767515301e-18,5.27972245613667e-16,"S000006171","S000006171","ATG41"
"S000006176",114.927835333091,-2.17714884746074,0.332620381496877,-6.54544630627567,5.93179679316991e-11,1.4394426411677e-09,"S000006176","S000006176","BBP1"
"S000006177",621.571818016138,-3.23555792791866,0.2836298341796,-11.4076783822037,3.82810431291813e-30,6.21762442551577e-28,"S000006177","S000006177","CLN2"
"S000006183",4249.58397790544,1.21034241928186,0.154142588389856,7.85209611389599,4.09140740618801e-15,1.78833290693105e-13,"S000006183","S000006183","FUM1"
"S000006184",307.85189740392,-1.12740653842106,0.275460100655521,-4.09281248259959,4.26172353535683e-05,0.000275001419823274,"S000006184","S000006184","KEL3"
"S000006185",163.400198493322,1.57366769958666,0.295353205412498,5.32808742464411,9.92523506541876e-08,1.29199803998206e-06,"S000006185","S000006185",NA
"S000006186",3864.2837111955,-2.01498193979366,0.172431477317356,-11.685696667118,1.50837675704638e-31,2.72901632765367e-29,"S000006186","S000006186","DIP5"
"S000006187",300.752570111548,-1.06130679415366,0.432616329229274,-2.45322869815023,0.014158029345779,0.0414588636425363,"S000006187","S000006187","DIM1"
"S000006188",112.564918055322,-2.82737338191598,0.405925677637048,-6.965248905599,3.27823628434984e-12,9.4849860753466e-11,"S000006188","S000006188","ACM1"
"S000006196",2473.65803756121,-6.71325656415146,0.818329383854334,-8.20361176881123,2.33270582268204e-16,1.16172001127506e-14,"S000006196","S000006196","FDH2"
"S000006202",1816.46726795551,1.30401762565883,0.260110868042758,5.01331465106052,5.35003017444652e-07,5.740839435688e-06,"S000006202","S000006202","ERR2"
"S000006204",192.10461625113,1.59746742450794,0.363879502937623,4.3901000512848,1.13298519277153e-05,8.60454695020379e-05,"S000006204","S000006204","YRF1-7"
"S000006207",731.114653269472,2.22841153066814,0.233146365055356,9.55799388139312,1.20061325478678e-21,9.91928627206213e-20,"S000006207","S000006207",NA
"S000006209",328.76148586984,1.8017373944256,0.239171373405798,7.53324851870388,4.94932845564874e-14,1.9067588036816e-12,"S000006209","S000006209","HAL1"
"S000006211",231.318777243653,1.87309761968796,0.241771587311336,7.74738520980929,9.38040653852294e-15,3.84166620788276e-13,"S000006211","S000006211","REC8"
"S000006217",234.899478532682,1.13453151548172,0.274738806950886,4.12949130875617,3.63566745339451e-05,0.000239799699637138,"S000006217","S000006217","CMR3"
"S000006219",89.7011858964078,2.21087996876312,0.352023037525471,6.28049795918016,3.37490311783229e-10,7.0522646583592e-09,"S000006219","S000006219",NA
"S000006224",309.085830307289,1.76177557491996,0.338891018242705,5.19864935947703,2.00741789614447e-07,2.39299616260158e-06,"S000006224","S000006224","ATP20"
"S000006225",390.090797972978,1.0144426832875,0.402605738978247,2.51969255545636,0.0117457376653661,0.0356236654907216,"S000006225","S000006225","AGC1"
"S000006236",524.895283025355,1.62703588238822,0.286046805676253,5.68800577423577,1.28531477735451e-08,1.98176959144855e-07,"S000006236","S000006236","SRO7"
"S000028425",34.2023163203415,1.27025670455979,0.504499799370888,2.51785373580684,0.0118072341166616,0.0357695627870801,"S000028425","S000028425","SPO24"
"S000006245",931.337886108858,-1.26598120716793,0.37269456600403,-3.39683301729236,0.000681705523240306,0.00311132624767711,"S000006245","S000006245","TIF5"
"S000006256",137.265408131114,-1.41557776153537,0.242939917135637,-5.82686360572449,5.64787342289227e-09,9.30012152458516e-08,"S000006256","S000006256","NHP6A"
"S000006262",348.799097905738,1.15278675609878,0.243963175231574,4.7252490258193,2.29833530291816e-06,2.11526764228006e-05,"S000006262","S000006262","YMC1"
"S000006263",95.077042799538,1.35910487962324,0.346881879790578,3.91806248410489,8.92635702346485e-05,0.000526814144995744,"S000006263","S000006263",NA
"S000006264",90.6719113560204,-2.26496545535285,0.359956672189098,-6.29232802264319,3.12739730287292e-10,6.58319435198272e-09,"S000006264","S000006264","ARO7"
"S000006269",688.131767649623,1.239499995538,0.329720896138445,3.75924004227366,0.00017043026023544,0.000927278153614442,"S000006269","S000006269","ROX1"
"S000006273",1037.51797395751,-1.07108087778146,0.245371859810185,-4.36513330668816,1.27045257005364e-05,9.48228646672412e-05,"S000006273","S000006273","SPE3"
"S000006285",529.91372687108,1.25061107029729,0.18637226083551,6.71028545069303,1.942440528919e-11,5.07555804019e-10,"S000006285","S000006285","GRS2"
"S000006287",613.089641050848,1.5590188856043,0.264950483319387,5.88418962695367,4.00009014779875e-09,6.75009309120279e-08,"S000006287","S000006287","MDM36"
"S000006295",844.743801160296,1.08842232550645,0.249271981029136,4.36640460356926,1.26308414792571e-05,9.43714674662948e-05,"S000006295","S000006295","NVJ2"
"S000006305",392.638935671979,-1.33222654870374,0.241823027739828,-5.50909713254045,3.60678853337362e-08,5.10414143638704e-07,"S000006305","S000006305","SNT309"
"S000006315",406.856054840886,1.19327220805885,0.20072490243317,5.94481398966498,2.76770962324178e-09,4.84196739840817e-08,"S000006315","S000006315","DBF20"
"S000006321",1387.57594989654,1.9868801177886,0.149375080215478,13.301282348585,2.27532169204228e-40,7.74313641532389e-38,"S000006321","S000006321",NA
"S000006322",333.512848460388,-1.29717756251815,0.223303270324506,-5.8090397002833,6.28321902178798e-09,1.02870617959239e-07,"S000006322","S000006322","MRI1"
"S000006324",256.559026137887,-2.23397387632346,0.266042834590958,-8.39704583571367,4.57851360725331e-17,2.49773644994166e-15,"S000006324","S000006324","CLB5"
"S000006325",225.349460521296,1.32131361676899,0.261471748954278,5.05337047712958,4.34080726277855e-07,4.76156241035256e-06,"S000006325","S000006325","THI22"
"S000006326",896.455107380861,1.29360420502911,0.181458138883262,7.12894011252554,1.01144726292141e-12,3.10894961912596e-11,"S000006326","S000006326","AXL1"
"S000006329",354.846788581601,1.48155653306276,0.36673588368233,4.03984610992172,5.3486284322647e-05,0.000335887285511245,"S000006329","S000006329","YLH47"
"S000006330",47.4573052704425,1.1959114050165,0.437753638241456,2.73192796254238,0.0062964906490775,0.0208952265723856,"S000006330","S000006330",NA
"S000006331",3316.45961997747,2.75302129582095,0.148448486263826,18.5452971943966,8.90073458041538e-77,1.41353554842086e-73,"S000006331","S000006331",NA
"S000007359",366.614236388274,1.88208179765304,0.235275127992319,7.9994932473886,1.24932301111827e-15,5.68680694201067e-14,"S000007359","S000007359",NA
"S000006341",313.035377652239,-1.11348507940104,0.410772453608682,-2.71071019884354,0.00671392782178552,0.0220754935258294,"S000006341","S000006341","RRP9"
"S000006343",254.440415643151,-1.03986471469109,0.212270495746004,-4.89877178190304,9.64375767519491e-07,9.85262533606583e-06,"S000006343","S000006343","LOA1"
"S000006349",3071.13573034218,2.68370467974996,0.541495283893314,4.95609982132127,7.19222754798033e-07,7.5200079256242e-06,"S000006349","S000006349","ASN1"
"S000006351",294.97356215279,1.09517441549468,0.309725811953789,3.5359481619765,0.00040631441438616,0.00198003816052553,"S000006351","S000006351",NA
"S000006356",409.987618207079,-1.85849298849154,0.397882333490459,-4.67096131710032,2.99793397512632e-06,2.6982786914034e-05,"S000006356","S000006356","URN1"
"S000006357",72.2379246153974,-2.63374117258307,0.526366103442216,-5.00362989820107,5.62607242554954e-07,5.9965289469336e-06,"S000006357","S000006357","MAY24"
"S000006358",1591.38439238214,-1.4649206082696,0.440137767132725,-3.32832289719834,0.00087370536357253,0.00384242177278221,"S000006358","S000006358","PIN3"
"S000006359",559.093684394297,1.39711000475422,0.278729666227127,5.01241946602041,5.37498737044315e-07,5.76329290965821e-06,"S000006359","S000006359","NCA2"
"S000006360",3345.65148644552,2.72869175135368,0.299990001107839,9.09594233566732,9.37697416358996e-20,6.66791501095479e-18,"S000006360","S000006360","TPO3"
"S000006361",375.106578285407,4.81821526768536,0.211881775177667,22.7401118555156,1.79770470524786e-114,2.56945933521076e-110,"S000006361","S000006361","TDA6"
"S000006362",335.983792534807,1.61784093793041,0.348098492668046,4.64765281093363,3.35733367775667e-06,2.97313322528972e-05,"S000006362","S000006362","CUR1"
"S000007364",142.063737164015,1.58060965411258,0.245407062823082,6.44076676494055,1.18871424258493e-10,2.70977554533754e-09,"S000007364","S000007364",NA
"S000028726",42.6155785763791,1.29226680550935,0.41368392458573,3.12380232517724,0.00178530352561955,0.00711752016883688,"S000028726","S000028726",NA
"S000006364",3898.92157033467,1.0718725193173,0.186631693342298,5.74325024930999,9.28763100909347e-09,1.48487818806458e-07,"S000006364","S000006364","GPH1"
"S000006368",601.346539917715,1.44471500589346,0.244452490077455,5.91000322981246,3.42101023428153e-09,5.86288960174891e-08,"S000006368","S000006368","MMS1"
"S000006371",248.761615303604,2.55070579302696,0.255381583454186,9.98782198202066,1.72326453732707e-23,1.66423108324431e-21,"S000006371","S000006371","MET16"
"S000006372",122.145595642238,1.04373201866829,0.263468226720045,3.96151001455416,7.4477257698291e-05,0.000450678850246263,"S000006372","S000006372","NUT2"
"S000006378",89.8607992570038,-1.04634997607518,0.340925242666671,-3.06914785156645,0.00214670321582041,0.0083445278933155,"S000006378","S000006378",NA
"S000006379",214.435130697774,-2.91368935637052,0.276978283252941,-10.5195588699266,7.02014854211696e-26,8.22450681249817e-24,"S000006379","S000006379","DPB2"
"S000006381",41.5415487112851,1.40867560066818,0.354774509480111,3.97062236160221,7.16851278380076e-05,0.000435257235424232,"S000006381","S000006381",NA
"S000006383",457.138195005827,1.21276052742785,0.261972217492795,4.62934787144445,3.66819093987292e-06,3.21258903821101e-05,"S000006383","S000006383","HDA3"
"S000006388",3290.52897479603,1.28086317167845,0.184443629853553,6.94446955254269,3.79884994558661e-12,1.09469682000543e-10,"S000006388","S000006388","GDB1"
"S000006389",701.010780139353,1.12117194802843,0.168963280106992,6.63559530401207,3.23195462954049e-11,8.1361512166182e-10,"S000006389","S000006389","ATG13"
"S000006391",397.58765990516,-1.22211727798275,0.375534800926175,-3.25433827961793,0.00113656851365791,0.004819037011484,"S000006391","S000006391","RPO26"
"S000006395",3033.34794396706,1.78403119284982,0.1956561883966,9.1181945609282,7.63861908946477e-20,5.458939132286e-18,"S000006395","S000006395","QCR2"
"S000006396",931.873115074837,2.41707326957233,0.414415403226031,5.83248897303656,5.46066147201138e-09,9.01261367430239e-08,"S000006396","S000006396","AQY1"
"S000006397",124.253699519181,1.35918583890495,0.277859909895419,4.89162268647002,1.00008024001304e-06,1.01376928159619e-05,"S000006397","S000006397","HPA2"
"S000006400",147.699046880108,1.12187224443484,0.241756722825193,4.6405007121396,3.47565978212435e-06,3.06462709845178e-05,"S000006400","S000006400",NA
"S000006405",120.817873529591,1.13215784684211,0.287346301493698,3.94004669959861,8.14657490016012e-05,0.00048658167592139,"S000006405","S000006405","ARR3"
"WBGene00008988",12.8099517812022,-2.92627223184963,1.13681515479087,-2.57409678215273,0.0100502155679119,0.0312345577543301,"WBGene00008988","WBGene00008988",NA
"WBGene00009005",11.7142435306497,-3.0349072595565,0.911674242184614,-3.32893825351921,0.000871777293507451,0.0038351224549406,"WBGene00009005","WBGene00009005",NA
"WBGene00009016",37.2925572852253,-4.94529364175896,0.859186047066896,-5.75578905016124,8.62380221292124e-09,1.38535048739609e-07,"WBGene00009016","WBGene00009016",NA
"WBGene00009020",17.6481660110696,3.31377346233982,0.711085329255759,4.66016288904189,3.15959243022743e-06,2.82238659079002e-05,"WBGene00009020","WBGene00009020",NA
"WBGene00009028",65.1849081271926,-2.78477704714302,0.753596617126409,-3.69531521752558,0.000219614152818208,0.00115359981118363,"WBGene00009028","WBGene00009028",NA
"WBGene00009031",331.909077394462,-4.54018829789749,1.16284227268417,-3.90438875894787,9.44638295700243e-05,0.000554485222194808,"WBGene00009031","WBGene00009031",NA
"WBGene00009043",34.906750222647,-4.04126199467026,0.838783516947608,-4.81800358855011,1.4500176358346e-06,1.40904241811929e-05,"WBGene00009043","WBGene00009043",NA
"WBGene00009056",16.2637970568512,-1.65614563031056,0.54279536865674,-3.05114178554809,0.00227972893215129,0.00877888555669873,"WBGene00009056","WBGene00009056",NA
"WBGene00009057",172.69717323642,-1.73698897008695,0.338170107474826,-5.13643557396999,2.7999827752725e-07,3.21964230144568e-06,"WBGene00009057","WBGene00009057",NA
"WBGene00009071",41.3627208535039,1.57126279686448,0.52238041175771,3.00788996198668,0.00263068372090764,0.00992617804195693,"WBGene00009071","WBGene00009071",NA
"WBGene00009075",17.3679133481293,-6.24066259792033,1.47008444327283,-4.24510484855335,2.1849123134474e-05,0.000154445854085577,"WBGene00009075","WBGene00009075",NA
"WBGene00009079",11.5567192925973,-4.86172376218468,1.57464554126741,-3.08750359034551,0.00201845333437437,0.00791488436439313,"WBGene00009079","WBGene00009079",NA
"WBGene00009081",318.86105130981,-1.51785505613466,0.533936297109408,-2.84276432292003,0.00447241285292908,0.0155609047972043,"WBGene00009081","WBGene00009081",NA
"WBGene00009089",96.7783994502911,3.29043183391437,0.762972336817443,4.3126489325152,1.6131014970512e-05,0.000117632957639555,"WBGene00009089","WBGene00009089",NA
"WBGene00009090",12.7014766367916,-4.13076149510461,1.34130447622021,-3.07965981500715,0.00207237152697977,0.00809300716806607,"WBGene00009090","WBGene00009090",NA
"WBGene00009096",42.2236349192495,-2.30471068277683,0.574260427707043,-4.01335451927148,5.98619024259826e-05,0.000369592298649922,"WBGene00009096","WBGene00009096",NA
"WBGene00009097",114.21864384266,-2.35982407302174,0.4891544036275,-4.82429281127108,1.40500882031947e-06,1.36983568000179e-05,"WBGene00009097","WBGene00009097",NA
"WBGene00009101",23.2411228513132,-1.93753007313579,0.714972384832502,-2.70993693496247,0.00672960023818292,0.0221168489777761,"WBGene00009101","WBGene00009101",NA
"WBGene00009115",42.1514349215839,-3.76040663265949,0.696827385029089,-5.39646792512684,6.79655550293682e-08,9.12999697401091e-07,"WBGene00009115","WBGene00009115",NA
"WBGene00009125",17.7354229771682,-2.06488941420218,0.701364721172446,-2.9441021937208,0.00323893031465771,0.0118172619434223,"WBGene00009125","WBGene00009125",NA
"WBGene00009129",32.2011030321495,-4.08779726071201,0.797274937007601,-5.12721154393072,2.94065037147861e-07,3.3624572607635e-06,"WBGene00009129","WBGene00009129",NA
"WBGene00009130",166.481096842356,-1.23810109044741,0.322085106134821,-3.84401844998433,0.000121035900105599,0.000690054296054777,"WBGene00009130","WBGene00009130",NA
"WBGene00009143",40.333151061609,-4.36627032294365,1.12330481183953,-3.88698621863236,0.00010149651402487,0.00059091229122504,"WBGene00009143","WBGene00009143",NA
"WBGene00009149",26.2610127300463,-5.62719198143017,1.26051358042698,-4.46420575613634,8.03663072556262e-06,6.38153127558148e-05,"WBGene00009149","WBGene00009149",NA
"WBGene00009156",157.624214665945,3.85405834657394,1.03199602371679,3.73456705064941,0.000188038390271202,0.00100849257491418,"WBGene00009156","WBGene00009156",NA
"WBGene00009160",35.3164169757612,-4.59407966706814,0.794112211808491,-5.78517695453354,7.24360376658634e-09,1.17384159451041e-07,"WBGene00009160","WBGene00009160",NA
"WBGene00009178",11.3260052115718,-2.07682758875669,0.859146277829515,-2.41731547042657,0.0156354595172189,0.0450410857988158,"WBGene00009178","WBGene00009178",NA
"WBGene00009185",54.7788860953499,-4.80528555852877,1.54227092537141,-3.11572077219285,0.00183495934967822,0.00728125318849273,"WBGene00009185","WBGene00009185",NA
"WBGene00009193",10.2854851214116,-4.00854644369714,1.42135516883257,-2.82022856186576,0.00479894545192392,0.0165399873027124,"WBGene00009193","WBGene00009193",NA
"WBGene00009212",304.655073959598,3.01750888424075,1.1571798052727,2.60764046390324,0.00911686569561338,0.0287400444171597,"WBGene00009212","WBGene00009212",NA
"WBGene00009213",63.4879234188128,-2.1943109223301,0.449741865480634,-4.87904527185849,1.06600595581337e-06,1.07298754411553e-05,"WBGene00009213","WBGene00009213",NA
"WBGene00009215",715.078451776567,-1.71818920858747,0.261611935796316,-6.56770190304012,5.10977033524474e-11,1.25487882133424e-09,"WBGene00009215","WBGene00009215",NA
"WBGene00009221",1906.56414225922,-1.51665280867051,0.407370752104178,-3.7230282263432,0.000196847505205067,0.00105179117454057,"WBGene00009221","WBGene00009221",NA
"WBGene00009226",101.815108337307,-2.98818891028453,0.743652700952188,-4.01825866625428,5.8629816066212e-05,0.000363555731468272,"WBGene00009226","WBGene00009226",NA
"WBGene00009239",18.9168697877044,-1.92219187993854,0.674811249463742,-2.84848819794582,0.00439274825971092,0.0153121968034641,"WBGene00009239","WBGene00009239",NA
"WBGene00009269",23.587284686238,-4.81766243294849,0.99493050539214,-4.84220999038488,1.28402961146331e-06,1.26221700389581e-05,"WBGene00009269","WBGene00009269",NA
"WBGene00009271",93.4192552371412,-2.57506627824278,0.41757753011624,-6.16667826337774,6.9739451710043e-10,1.37868047481555e-08,"WBGene00009271","WBGene00009271",NA
"WBGene00009288",65.4423328487152,-1.14097788727029,0.299532839492418,-3.80919130337683,0.000139422056285047,0.000778725850129805,"WBGene00009288","WBGene00009288",NA
"WBGene00009308",165.219913222825,-4.02646499495419,1.03883760334484,-3.87593304477026,0.000106216891191701,0.000614638876843315,"WBGene00009308","WBGene00009308",NA
"WBGene00009311",46.2193847469462,-1.87941697088584,0.451246250293363,-4.16494756391661,3.1142413219184e-05,0.000211056667682218,"WBGene00009311","WBGene00009311",NA
"WBGene00009313",35.068194202359,-3.94524293860933,1.05139776608769,-3.75237903851535,0.000175164355962,0.000948342477183661,"WBGene00009313","WBGene00009313",NA
"WBGene00009321",71.6940646450712,-5.18454318463861,0.96662038764646,-5.36357731628442,8.15897041177694e-08,1.08480152647003e-06,"WBGene00009321","WBGene00009321",NA
"WBGene00009324",15.6011290243803,-4.29821424435694,1.04995988972046,-4.09369375576936,4.24554983578038e-05,0.000274081498657674,"WBGene00009324","WBGene00009324",NA
"WBGene00009333",26.3010539510306,-1.61555319833396,0.455242517692295,-3.54877485197009,0.000387027849708701,0.00189315162761344,"WBGene00009333","WBGene00009333",NA
"WBGene00009340",350.720240578888,-1.25030905534738,0.362963961685574,-3.44471955160795,0.000571652172216947,0.00266578287030891,"WBGene00009340","WBGene00009340",NA
"WBGene00009343",13.0825162941462,5.05995759077688,1.15353010187604,4.38649809185528,1.15190175022903e-05,8.72916254565088e-05,"WBGene00009343","WBGene00009343",NA
"WBGene00009344",171.273176609435,-4.75521744699584,1.44405078288114,-3.29297106678501,0.000991346756778093,0.00427946819529728,"WBGene00009344","WBGene00009344",NA
"WBGene00009349",25.1837758967694,-1.92006230338209,0.682541405095065,-2.81310743795047,0.00490652545999989,0.0168498242190722,"WBGene00009349","WBGene00009349",NA
"WBGene00009361",176.145168820579,2.97477970389563,0.518859400134044,5.73330598448657,9.84917164730617e-09,1.56764154070097e-07,"WBGene00009361","WBGene00009361",NA
"WBGene00009367",676.186060033757,1.01487973372966,0.316496439765934,3.20660710900957,0.0013431029445123,0.00556111540727527,"WBGene00009367","WBGene00009367",NA
"WBGene00009377",53.9971610721324,-4.31934875665382,1.55327032663644,-2.78080942034554,0.00542235588619654,0.0183784047145855,"WBGene00009377","WBGene00009377",NA
"WBGene00009389",64.3633166538676,-1.17176727711268,0.401855940347526,-2.91588890312118,0.00354676769962299,0.0127596150844982,"WBGene00009389","WBGene00009389",NA
"WBGene00009400",15.8860422232938,-1.54193701905873,0.648499902007213,-2.37769815274633,0.0174210800485735,0.0493068311156954,"WBGene00009400","WBGene00009400",NA
"WBGene00009401",18.4516642925537,-5.42696669475298,1.38337258919653,-3.92299712827545,8.74541941282275e-05,0.000518090465706589,"WBGene00009401","WBGene00009401",NA
"WBGene00009402",11.4044595134067,-6.62456384520508,1.9079495149217,-3.47208549984978,0.000516431832268485,0.00243699942930047,"WBGene00009402","WBGene00009402",NA
"WBGene00009403",72.5619474061898,-1.33067812729007,0.353182952678392,-3.76767371471008,0.000164775874865472,0.000899828658275788,"WBGene00009403","WBGene00009403",NA
"WBGene00009410",10.2507513422321,3.61406710061642,0.979345339750709,3.6902887612008,0.000223999633286878,0.00117447790116263,"WBGene00009410","WBGene00009410",NA
"WBGene00009416",33.9942819379579,-3.43739565249759,0.867085321573542,-3.9643107396393,7.36083186128431e-05,0.00044579817709041,"WBGene00009416","WBGene00009416",NA
"WBGene00009429",39.4467271321068,4.43899259690257,0.693339772072148,6.40233371242499,1.53019749663237e-10,3.40141723473818e-09,"WBGene00009429","WBGene00009429",NA
"WBGene00009447",48.9878434114988,-1.33784785302655,0.338436249333708,-3.95302765486976,7.71685143360341e-05,0.000464212784261337,"WBGene00009447","WBGene00009447",NA
"WBGene00009449",25.1603956927471,-6.00672624783915,1.29762935054475,-4.62899998779889,3.6743579026861e-06,3.21601944293279e-05,"WBGene00009449","WBGene00009449",NA
"WBGene00009457",123.183932787279,-4.00373181898046,1.05486774389402,-3.79548226984434,0.00014735672644463,0.000815712506225057,"WBGene00009457","WBGene00009457",NA
"WBGene00009458",25.7985169364678,-5.37304338101674,1.06422133456592,-5.04880254370048,4.44587960029938e-07,4.86561693162933e-06,"WBGene00009458","WBGene00009458",NA
"WBGene00009459",34.9860956757445,-5.27117801938967,0.769525927417314,-6.84990307874463,7.39000394402231e-12,2.05496743914224e-10,"WBGene00009459","WBGene00009459",NA
"WBGene00009470",109.273529139441,-4.28254911462264,0.848653217646357,-5.04628866723654,4.50474646677401e-07,4.9262694146596e-06,"WBGene00009470","WBGene00009470",NA
"WBGene00009471",32.9219394399011,-6.3816975855775,1.37598703658394,-4.63790531153613,3.51957950786273e-06,3.09952864484794e-05,"WBGene00009471","WBGene00009471",NA
"WBGene00009485",55.7845842051324,-2.34129220909742,0.350588265797313,-6.67818189457316,2.41924662571785e-11,6.252177926791e-10,"WBGene00009485","WBGene00009485",NA
"WBGene00009488",119.742431051988,6.82674874050491,0.612240319592164,11.1504396591398,7.12534259080849e-29,1.04992290361264e-26,"WBGene00009488","WBGene00009488",NA
"WBGene00009489",10.4373948326758,-6.51394417405145,1.71057994752733,-3.80803258185474,0.000140076820214313,0.000782077340360614,"WBGene00009489","WBGene00009489",NA
"WBGene00009492",27.2636129542662,-6.16675675522862,1.26948119685546,-4.85769838143635,1.18758129480794e-06,1.18121777638761e-05,"WBGene00009492","WBGene00009492",NA
"WBGene00009501",11.5060870022189,-5.80697512120539,1.49254098948205,-3.89066374868575,9.99703867194058e-05,0.00058321499484917,"WBGene00009501","WBGene00009501",NA
"WBGene00009502",16.1463584186584,-6.51844055662385,1.39782847628095,-4.6632621006311,3.11235939422034e-06,2.78646743466057e-05,"WBGene00009502","WBGene00009502",NA
"WBGene00009503",166.875733683672,-1.13516466471278,0.322930496123539,-3.51519809475819,0.000439426075121545,0.00211900030084758,"WBGene00009503","WBGene00009503",NA
"WBGene00009511",19.4049729785377,-1.22647568716174,0.483754431632518,-2.53532703157421,0.0112342392899013,0.0343004788399496,"WBGene00009511","WBGene00009511",NA
"WBGene00009513",12.7443952747377,-5.13077638826689,1.51723588767912,-3.38166031395113,0.000720491781525879,0.00325988889944583,"WBGene00009513","WBGene00009513",NA
"WBGene00009515",60.247399208052,-1.43067867403599,0.535463329907227,-2.67185182276416,0.00754339501551932,0.024382122333066,"WBGene00009515","WBGene00009515",NA
"WBGene00009526",37.1737458515401,-1.6772094333129,0.504163895569694,-3.3267146815773,0.000878763001792453,0.00386347572581345,"WBGene00009526","WBGene00009526",NA
"WBGene00009532",867.916497585519,-1.10746648205334,0.254790082437663,-4.34658394650935,1.38274145529059e-05,0.000102242750235222,"WBGene00009532","WBGene00009532",NA
"WBGene00009533",122.064265744405,3.85112824286963,0.486875422225313,7.90988426827476,2.57628282028035e-15,1.13650649229219e-13,"WBGene00009533","WBGene00009533",NA
"WBGene00009548",53.0316082276882,-4.78165116443976,0.915958127971703,-5.22038182578088,1.78554613588978e-07,2.15912105924472e-06,"WBGene00009548","WBGene00009548",NA
"WBGene00009549",13.2089887427271,-2.32085047340107,0.730840283380472,-3.17559188536525,0.00149531157030117,0.00611516116575524,"WBGene00009549","WBGene00009549",NA
"WBGene00009550",10.4177512731034,-5.00532734067715,1.28475154618039,-3.89594965311242,9.78147080307024e-05,0.000571805980320175,"WBGene00009550","WBGene00009550",NA
"WBGene00009581",86.3523450365939,-4.14034047161974,0.727268885923078,-5.69299821807262,1.24827690247989e-08,1.93091144666073e-07,"WBGene00009581","WBGene00009581",NA
"WBGene00009592",19.1915033142479,-3.95506637932441,1.06354312921481,-3.71876444939693,0.000200199629465051,0.00106730820736441,"WBGene00009592","WBGene00009592",NA
"WBGene00009595",430.943576158803,-1.01906727577493,0.258188243073508,-3.94699333960299,7.91387575715908e-05,0.000474666496840431,"WBGene00009595","WBGene00009595",NA
"WBGene00009605",39.8362073165228,-4.76219981974367,1.00026102965919,-4.76095706874262,1.92677036278711e-06,1.80704257187114e-05,"WBGene00009605","WBGene00009605",NA
"WBGene00009617",58.9485898792895,1.55865398611477,0.304529244540502,5.11824074061127,3.08398795921652e-07,3.50393003983162e-06,"WBGene00009617","WBGene00009617",NA
"WBGene00009626",146.985754967151,-1.65490982892124,0.459540559944231,-3.60122690611267,0.000316718999319518,0.00159116508164284,"WBGene00009626","WBGene00009626",NA
"WBGene00009641",33.7913983895018,-3.45396742278062,0.739152399951896,-4.67287588189581,2.97011269995261e-06,2.67834831674591e-05,"WBGene00009641","WBGene00009641",NA
"WBGene00009643",51.6068634209231,-3.05602573808662,0.749258234455794,-4.07873493750294,4.52814280566666e-05,0.000290227556598178,"WBGene00009643","WBGene00009643",NA
"WBGene00009653",58.1254548485274,2.41210635333015,0.725636246934921,3.32412605285204,0.000886960956614213,0.00389712048966706,"WBGene00009653","WBGene00009653",NA
"WBGene00009663",74.8582728614959,-1.56654885354026,0.456048935475221,-3.43504552183168,0.000592454298089116,0.0027520147164731,"WBGene00009663","WBGene00009663",NA
"WBGene00009680",356.919770748636,-5.12058423296675,0.908338122123012,-5.63731071971158,1.7272628984129e-08,2.59871248494902e-07,"WBGene00009680","WBGene00009680",NA
"WBGene00009681",743.094841884491,-4.88636147608014,1.11434418801919,-4.38496608912719,1.16003848334876e-05,8.76344082584768e-05,"WBGene00009681","WBGene00009681",NA
"WBGene00009682",407.085978297134,-4.77443812074265,1.1483558574805,-4.15762944007427,3.21567077488059e-05,0.000216902229284418,"WBGene00009682","WBGene00009682",NA
"WBGene00009683",10.7559444443677,-6.74977397709859,1.63714099642397,-4.12290327579738,3.74126824428719e-05,0.000245970317459047,"WBGene00009683","WBGene00009683",NA
"WBGene00009685",21.8628917000404,-6.63165937384895,1.51178372682029,-4.38664556060358,1.1511213989212e-05,8.72837037388895e-05,"WBGene00009685","WBGene00009685",NA
"WBGene00009692",380.181394156184,2.53483952907499,0.638228379602704,3.97168100022898,7.13672456529367e-05,0.000434064698773372,"WBGene00009692","WBGene00009692",NA
"WBGene00009695",21.9958788391503,-3.94496123687588,1.03433582585924,-3.81400425108424,0.000136733114033366,0.000766402509364276,"WBGene00009695","WBGene00009695",NA
"WBGene00009696",37.478294699564,1.63926555012547,0.596677603289089,2.74732207324237,0.00600840997592284,0.0200931688783026,"WBGene00009696","WBGene00009696",NA
"WBGene00009697",40.1279077588822,2.15574258445856,0.774045326171086,2.78503404331916,0.00535221034251217,0.0181837752378242,"WBGene00009697","WBGene00009697",NA
"WBGene00009698",69.4364288699173,3.96172219025077,0.787370535443087,5.03158552665593,4.86440014803903e-07,5.27517991774825e-06,"WBGene00009698","WBGene00009698",NA
"WBGene00009705",13.1666860450459,-3.22106738242837,1.07407973046872,-2.99890901117994,0.00270948209786605,0.0101724790188598,"WBGene00009705","WBGene00009705",NA
"WBGene00009708",35.0106470682071,-5.43168266828903,1.12944626640896,-4.80915545062529,1.51569305138635e-06,1.46278195701993e-05,"WBGene00009708","WBGene00009708",NA
"WBGene00009714",24.8640023052702,-4.39621735778449,0.925561823658431,-4.74978250551404,2.03635539581074e-06,1.8961320959168e-05,"WBGene00009714","WBGene00009714",NA
"WBGene00009723",441.815766909373,-1.41961500815986,0.283309131744347,-5.01083392342219,5.41946704987226e-07,5.80172649893319e-06,"WBGene00009723","WBGene00009723",NA
"WBGene00009729",93.6177136892072,1.37917539937623,0.447304411668767,3.08330381592015,0.00204716039184941,0.00800987229146008,"WBGene00009729","WBGene00009729",NA
"WBGene00009738",35.6919702102121,-1.5171025787477,0.525216877439955,-2.88852594787597,0.0038705209350912,0.0137103731661111,"WBGene00009738","WBGene00009738",NA
"WBGene00009743",79.2549702938497,2.03480793435715,0.32658433420423,6.23057422308776,4.64728581826742e-10,9.44859974402507e-09,"WBGene00009743","WBGene00009743",NA
"WBGene00009753",20.1538540327801,-5.10591389642825,1.2392075661044,-4.12030561795173,3.78370170461057e-05,0.000248417310353692,"WBGene00009753","WBGene00009753",NA
"WBGene00009754",17.9788261875771,-4.40402681723823,0.943517785062445,-4.66766698727016,3.04639132579671e-06,2.73505472485003e-05,"WBGene00009754","WBGene00009754",NA
"WBGene00009755",16.4907506928318,-5.12783796134629,1.19139084839452,-4.30407701071097,1.67683332468549e-05,0.000121907317953864,"WBGene00009755","WBGene00009755",NA
"WBGene00009759",26.3367023927553,-5.89820921613174,1.07076381395451,-5.50841290979814,3.62083298273407e-08,5.11894815254383e-07,"WBGene00009759","WBGene00009759",NA
"WBGene00009773",78.4058822443669,-2.46916202622118,0.515903663506042,-4.78609128192838,1.70060734573505e-06,1.62914080379296e-05,"WBGene00009773","WBGene00009773",NA
"WBGene00009777",12.2040292015069,-1.84008875499029,0.670104641141484,-2.74597225868457,0.00603318649304667,0.0201571609502375,"WBGene00009777","WBGene00009777",NA
"WBGene00009778",17.2890952883504,-2.19486009017075,0.787944866802764,-2.78555033815603,0.00534369422607149,0.0181644106226793,"WBGene00009778","WBGene00009778",NA
"WBGene00009781",40.5503288500526,-1.04036098167322,0.373487131022003,-2.78553367776393,0.00534396884267588,0.0181644106226793,"WBGene00009781","WBGene00009781",NA
"WBGene00009787",337.017443841921,5.12614033833709,0.446226078441255,11.4877650276371,1.51993430891345e-30,2.52609547410465e-28,"WBGene00009787","WBGene00009787",NA
"WBGene00009790",52.2452045382205,-1.03491623482863,0.295372116845487,-3.50377092422033,0.000458719775461093,0.00219868603308699,"WBGene00009790","WBGene00009790",NA
"WBGene00009796",184.122531221464,-1.2959418611639,0.321287547849078,-4.03358882048134,5.49314038359045e-05,0.00034390475472036,"WBGene00009796","WBGene00009796",NA
"WBGene00009800",30.5482249310224,-1.42519288859351,0.38104389355944,-3.74023285160243,0.000183849858142634,0.000989369737361698,"WBGene00009800","WBGene00009800",NA
"WBGene00009804",63.5643762713771,-1.19451938484416,0.413030148015601,-2.89208763714518,0.00382691182471639,0.0135963337585561,"WBGene00009804","WBGene00009804",NA
"WBGene00009813",348.559234919116,-1.29924443842635,0.389729191589247,-3.33371085991341,0.000856956896201879,0.00377923015038984,"WBGene00009813","WBGene00009813",NA
"WBGene00009823",141.27462449392,1.10080642889752,0.327088083722789,3.36547396153528,0.000764122788820217,0.00341901333683052,"WBGene00009823","WBGene00009823",NA
"WBGene00009831",45.3281739386032,-1.03866851616688,0.371712850272657,-2.79427659120476,0.00520159679554718,0.0177099626009423,"WBGene00009831","WBGene00009831",NA
"WBGene00009835",18.5221035359854,-3.50653571812136,0.82945188637781,-4.22753359864463,2.36266903156026e-05,0.000165375261841777,"WBGene00009835","WBGene00009835",NA
"WBGene00009839",17.4255417878239,-1.47266058666413,0.543573413707393,-2.70922114571422,0.00674413706590566,0.0221442570831586,"WBGene00009839","WBGene00009839",NA
"WBGene00009840",42.1082073502155,-1.49234747554744,0.370455947054975,-4.02840739205619,5.61559727728622e-05,0.000350190802287312,"WBGene00009840","WBGene00009840",NA
"WBGene00009842",26.0536768816472,1.71642000098094,0.455738341053556,3.76624006883642,0.000165724448087697,0.000903738854069994,"WBGene00009842","WBGene00009842",NA
"WBGene00009850",16.594515984633,-1.52923572430243,0.489636179891287,-3.12320818417047,0.00178891163137981,0.00712623019713256,"WBGene00009850","WBGene00009850",NA
"WBGene00009861",29.2039166774464,3.56445036498296,0.801552724443722,4.44693188143885,8.71054441953741e-06,6.85369575118375e-05,"WBGene00009861","WBGene00009861",NA
"WBGene00009884",402.000536441107,-4.61362458514809,0.974917955096884,-4.7323208696978,2.21967163267333e-06,2.05211944668822e-05,"WBGene00009884","WBGene00009884",NA
"WBGene00009886",241.109117950517,-1.03889205643352,0.309682831473498,-3.35469697009155,0.000794519669496616,0.00353771639754365,"WBGene00009886","WBGene00009886",NA
"WBGene00009888",1175.94867029563,-1.08392702463744,0.335832349949023,-3.22758371789369,0.00124840504311622,0.00522237153299946,"WBGene00009888","WBGene00009888",NA
"WBGene00009895",3059.56876667404,-1.06174580530888,0.41328228977485,-2.56905711078814,0.0101975649838002,0.0315779509491251,"WBGene00009895","WBGene00009895",NA
"WBGene00009897",2097.43218132476,1.05899932300123,0.240257703464564,4.40776427864853,1.04443122959072e-05,8.04302851898201e-05,"WBGene00009897","WBGene00009897",NA
"WBGene00009898",528.369717835173,1.25374144420895,0.319669113252301,3.92199744120861,8.78179250425265e-05,0.000519743934837611,"WBGene00009898","WBGene00009898",NA
"WBGene00009899",169.949872065131,2.9158523546443,0.373823051822509,7.80008707442885,6.18644737473377e-15,2.61606190316774e-13,"WBGene00009899","WBGene00009899",NA
"WBGene00009926",401.594464778667,4.70504311162969,0.480460932735267,9.79276938260901,1.20937223269143e-22,1.09402261530751e-20,"WBGene00009926","WBGene00009926",NA
"WBGene00009938",48.250612032116,-4.04030062776501,0.677478150933884,-5.9637356897718,2.46535415275692e-09,4.3882075847266e-08,"WBGene00009938","WBGene00009938",NA
"WBGene00009939",239.616440506032,1.99576602875581,0.519856856129739,3.83906839973989,0.000123502024276007,0.00070159556159657,"WBGene00009939","WBGene00009939",NA
"WBGene00009941",21.3445602026577,-4.52041847947493,1.16119755109415,-3.89289356941507,9.90556166328085e-05,0.000578586811823756,"WBGene00009941","WBGene00009941",NA
"WBGene00009943",67.0116902590288,-2.36413711114812,0.415798718104563,-5.68577296708646,1.30222300167436e-08,2.00351704660189e-07,"WBGene00009943","WBGene00009943",NA
"WBGene00009947",125.133846475476,1.65625080961084,0.34956862570047,4.73798472701038,2.15854076179292e-06,2.00077970870987e-05,"WBGene00009947","WBGene00009947",NA
"WBGene00009948",95.771959695019,-4.24235642182397,0.771148976372864,-5.50134481378435,3.7690527202513e-08,5.30227072151101e-07,"WBGene00009948","WBGene00009948",NA
"WBGene00009951",68.7573480408786,1.55975538412909,0.452567209614596,3.44646132329685,0.000567979860437077,0.00265125282339227,"WBGene00009951","WBGene00009951",NA
"WBGene00009956",27.0789053989585,-7.02826006399582,1.43510121298932,-4.89739678315505,9.71146159721894e-07,9.90763173512137e-06,"WBGene00009956","WBGene00009956",NA
"WBGene00009959",328.836607426527,-4.05190519075066,0.97192967779439,-4.16892835286776,3.06035164316824e-05,0.000207996224611524,"WBGene00009959","WBGene00009959",NA
"WBGene00009962",48.4967295734627,-2.98074962689805,0.707448988392473,-4.21337746721663,2.51580096814187e-05,0.000174639840882233,"WBGene00009962","WBGene00009962",NA
"WBGene00009963",28.7235407824748,9.20601374333024,1.47618056685777,6.2363737540092,4.47830407424645e-10,9.15713878872739e-09,"WBGene00009963","WBGene00009963",NA
"WBGene00009964",34.8058008931938,5.92134860176417,0.789500820518888,7.50011709661359,6.37608483467133e-14,2.40457468448436e-12,"WBGene00009964","WBGene00009964",NA
"WBGene00009984",199.352276556797,-2.12626647131915,0.481020638042169,-4.4203227536627,9.85535933174957e-06,7.64311725060752e-05,"WBGene00009984","WBGene00009984",NA
"WBGene00010001",135.453656244415,-2.46963751010045,0.518625393810553,-4.76189083599439,1.91787426349725e-06,1.80262916013311e-05,"WBGene00010001","WBGene00010001",NA
"WBGene00010010",11.834019134404,1.54888068492919,0.638411576839408,2.42614755295831,0.0152600645135641,0.0441508000571233,"WBGene00010010","WBGene00010010",NA
"WBGene00010012",559.849932684203,-1.20622062670043,0.312564195884884,-3.85911324003558,0.000113799200911093,0.000652178018693767,"WBGene00010012","WBGene00010012",NA
"WBGene00010018",118.886059440273,-1.63322735900122,0.29045038419242,-5.62308555226157,1.87576445502588e-08,2.79565186190667e-07,"WBGene00010018","WBGene00010018",NA
"WBGene00010019",81.6220963968795,1.99295453855975,0.478651631773712,4.1636848310212,3.1315230340218e-05,0.000211725916392023,"WBGene00010019","WBGene00010019",NA
"WBGene00010034",34.2362667108827,-2.3665735605793,0.387701083623981,-6.10411902504395,1.03369235776865e-09,1.95172587445011e-08,"WBGene00010034","WBGene00010034",NA
"WBGene00010035",50.2877857414702,-2.44588154134616,0.706606271397087,-3.46144895729586,0.000537275992854749,0.00252774383340123,"WBGene00010035","WBGene00010035",NA
"WBGene00010046",41.5500191989907,-5.0064310985223,0.896980639676546,-5.58142603872435,2.38554495793128e-08,3.49350349218359e-07,"WBGene00010046","WBGene00010046",NA
"WBGene00010050",282.644683373404,1.26743321198578,0.377260901644761,3.35956683149538,0.000780647671816957,0.00348538455490747,"WBGene00010050","WBGene00010050",NA
"WBGene00010051",703.201194786846,1.33087774207578,0.451369689098116,2.94853149030679,0.00319287608879077,0.0116745402755401,"WBGene00010051","WBGene00010051",NA
"WBGene00010058",11.2797511001625,3.71260999905289,1.02746839881362,3.61335687145191,0.000302258235333718,0.00152595709294848,"WBGene00010058","WBGene00010058",NA
"WBGene00010062",10.6178542214828,-2.36754788832221,0.758618627683492,-3.12086706274498,0.00180319415290893,0.00717512639964569,"WBGene00010062","WBGene00010062",NA
"WBGene00010063",142.177384973829,-1.58592574838706,0.248986886912275,-6.36951515019274,1.89626689336245e-10,4.1633398935222e-09,"WBGene00010063","WBGene00010063",NA
"WBGene00010064",116.912830514606,1.55313699704632,0.322362344324597,4.81798517845007,1.45015140072306e-06,1.40904241811929e-05,"WBGene00010064","WBGene00010064",NA
"WBGene00010065",404.827659955251,-1.63829744800227,0.336478188737034,-4.86895585758944,1.12189463003925e-06,1.12291596268565e-05,"WBGene00010065","WBGene00010065",NA
"WBGene00010072",19.8468605925777,-4.75732549292289,1.2847995172531,-3.70277652586144,0.000213252718050327,0.00112556170572132,"WBGene00010072","WBGene00010072",NA
"WBGene00010079",142.144121546655,-1.09683622003609,0.325376098129475,-3.37097969501015,0.000749013782541431,0.00336394193637578,"WBGene00010079","WBGene00010079",NA
"WBGene00010082",52.5941975223753,-3.54075609945705,0.757345919894829,-4.67521644527874,2.93643749338489e-06,2.65132666411562e-05,"WBGene00010082","WBGene00010082",NA
"WBGene00010083",108.388512865611,-1.22172428056715,0.509961595879258,-2.39571820787935,0.0165878374708236,0.0473044614865286,"WBGene00010083","WBGene00010083",NA
"WBGene00010091",126.696006277382,-4.21672109311709,1.22424574793959,-3.44434203689403,0.000572451025529245,0.00266863747811138,"WBGene00010091","WBGene00010091",NA
"WBGene00010092",19.4904384177413,-3.78005598679976,1.26618141915263,-2.98539840312101,0.00283209198532357,0.0105827688225437,"WBGene00010092","WBGene00010092",NA
"WBGene00010105",21.269519743909,3.50798643060697,0.828894252133137,4.23212782762006,2.31490771752584e-05,0.00016250970533692,"WBGene00010105","WBGene00010105",NA
"WBGene00010109",58.9416009658814,-1.20505888997094,0.376724134493104,-3.1987833526843,0.00138008837088901,0.00569939413034286,"WBGene00010109","WBGene00010109",NA
"WBGene00010114",35.3354156723834,-4.26972938671515,1.02338537684826,-4.17216181050459,3.0172323663462e-05,0.000205554348008514,"WBGene00010114","WBGene00010114",NA
"WBGene00010123",12.4921823563582,2.35178418662852,0.903941897309987,2.60169839856646,0.0092763391990459,0.0291719947573076,"WBGene00010123","WBGene00010123",NA
"WBGene00010124",69.360879814367,1.90793506699588,0.486934696285896,3.9182565579095,8.91917464663774e-05,0.000526784145555344,"WBGene00010124","WBGene00010124",NA
"WBGene00010128",24.2698745740802,1.60413785806278,0.671200560329321,2.38995309729139,0.0168505245673222,0.0479885563158231,"WBGene00010128","WBGene00010128",NA
"WBGene00010133",156.475282125802,-1.01857037999718,0.423276179299304,-2.40639665025171,0.0161107617821497,0.046137270717745,"WBGene00010133","WBGene00010133",NA
"WBGene00010136",67.546308707093,-3.18341392837788,0.680631917526382,-4.67714464515174,2.90897071950771e-06,2.63151382872934e-05,"WBGene00010136","WBGene00010136",NA
"WBGene00010137",26.4437784566236,-1.42221422136259,0.49097907411147,-2.89669009608278,0.00377122087258216,0.0134369642874175,"WBGene00010137","WBGene00010137",NA
"WBGene00010148",32.1132426720661,3.39859010427192,0.536139344542751,6.33900522105951,2.31253403019161e-10,4.99290768784422e-09,"WBGene00010148","WBGene00010148",NA
"WBGene00010150",323.233336616002,-1.39334173608082,0.341682458937317,-4.07788488883601,4.54472562257316e-05,0.000291159853534012,"WBGene00010150","WBGene00010150",NA
"WBGene00010155",49.1579591096095,-3.63908021248564,0.614962813110945,-5.91756141168347,3.26749875525729e-09,5.62001921887996e-08,"WBGene00010155","WBGene00010155",NA
"WBGene00010183",140.391160250868,-1.50053111117906,0.301819133216722,-4.97162355211456,6.63945306910516e-07,6.99455397426649e-06,"WBGene00010183","WBGene00010183",NA
"WBGene00010191",38.8989342650488,-1.09623154482969,0.403527667382208,-2.71662052800801,0.00659521766523857,0.0217452009433114,"WBGene00010191","WBGene00010191",NA
"WBGene00010214",13.2789285199635,-2.50632526293411,0.780067997365862,-3.21295742345217,0.00131375763300775,0.00546335113429728,"WBGene00010214","WBGene00010214",NA
"WBGene00010223",16.3611298083533,-2.49844460666903,0.635896454601691,-3.92901169457533,8.52956918833377e-05,0.000506073609003132,"WBGene00010223","WBGene00010223",NA
"WBGene00010234",1173.32209962339,1.98913018425622,0.729544446664246,2.72653735266067,0.00640027080887678,0.0211610156537765,"WBGene00010234","WBGene00010234",NA
"WBGene00010240",9.9173661188506,5.61314722744796,1.32047890371235,4.25084203289227,2.12968338569966e-05,0.000150989903927605,"WBGene00010240","WBGene00010240",NA
"WBGene00010241",98.3807436041132,-4.35191367972179,0.790843017657829,-5.5028793104989,3.73638210214278e-08,5.26148860945092e-07,"WBGene00010241","WBGene00010241",NA
"WBGene00010242",27.9278447387492,-1.02887936622195,0.4197665087163,-2.45107540705997,0.0142430111751632,0.0416820963813693,"WBGene00010242","WBGene00010242",NA
"WBGene00010246",45.0868535276849,-4.83777898213761,0.873533241972705,-5.53817387786231,3.05641740054367e-08,4.39048983979605e-07,"WBGene00010246","WBGene00010246",NA
"WBGene00010254",109.403724615945,-4.93501386648237,1.44614099782752,-3.41253990717091,0.000643605026875794,0.00296361038954115,"WBGene00010254","WBGene00010254",NA
"WBGene00010265",67.4726703791753,-4.94813512025949,1.4195794402397,-3.48563453372076,0.000490971272411595,0.00233429467451633,"WBGene00010265","WBGene00010265",NA
"WBGene00010277",80.7580238357327,1.31878405554627,0.302939539577582,4.35329127846824,1.3410877494271e-05,9.94715474964273e-05,"WBGene00010277","WBGene00010277",NA
"WBGene00010289",33.5013450852483,-3.97128744291374,0.787227194989652,-5.04465225310966,4.54346925558263e-07,4.96102414591616e-06,"WBGene00010289","WBGene00010289",NA
"WBGene00010300",14.7443487465326,-5.00988019461034,1.51821978355845,-3.29983856676404,0.000967404592688855,0.00419511949129303,"WBGene00010300","WBGene00010300",NA
"WBGene00010310",11.3234885314362,1.69789075405885,0.639976549694951,2.65305151394713,0.00797676959966676,0.0256206669411319,"WBGene00010310","WBGene00010310",NA
"WBGene00010321",43.8187052598612,1.68270668591363,0.378280192917285,4.4483076762139,8.65494952231942e-06,6.81571314173617e-05,"WBGene00010321","WBGene00010321",NA
"WBGene00010324",11.5747136327745,-4.22519959679378,1.18693295409362,-3.55976264895289,0.000371190127745216,0.00182630653902319,"WBGene00010324","WBGene00010324",NA
"WBGene00010340",56.8920914709972,-1.78865044196261,0.39058246869588,-4.57944374189337,4.66214162896477e-06,3.94529249868523e-05,"WBGene00010340","WBGene00010340",NA
"WBGene00010342",12.2735633032682,-1.84129547762146,0.606415715030945,-3.03635844517568,0.00239454514433566,0.0091535794993286,"WBGene00010342","WBGene00010342",NA
"WBGene00010357",29.8565593005687,-1.26672880373766,0.507244078673136,-2.49727667014114,0.0125151269576969,0.0374850606886759,"WBGene00010357","WBGene00010357",NA
"WBGene00010366",70.9704088545469,-5.18150205366747,0.9464059416787,-5.47492553193053,4.37695635054552e-08,6.08558726832171e-07,"WBGene00010366","WBGene00010366",NA
"WBGene00010373",17.5639527015113,-5.62397678489716,1.38203173233971,-4.06935430880161,4.71436085434067e-05,0.000301082929808272,"WBGene00010373","WBGene00010373",NA
"WBGene00010385",11.4072541997285,-2.58755081364502,0.695212402408478,-3.72195721002785,0.000197684528437128,0.00105547439856252,"WBGene00010385","WBGene00010385",NA
"WBGene00010421",39.5120390133801,-1.16849359222068,0.373450382204341,-3.12891256215482,0.00175454510435324,0.00701082280584872,"WBGene00010421","WBGene00010421",NA
"WBGene00010424",695.660740558151,-1.3436421861133,0.250617112193984,-5.36133456470956,8.26093563895858e-08,1.09631897017303e-06,"WBGene00010424","WBGene00010424",NA
"WBGene00010426",11.9849356441779,-1.5609506100233,0.650412759358715,-2.39993848146882,0.0163978274098278,0.0468280014323014,"WBGene00010426","WBGene00010426",NA
"WBGene00010453",87.3140224733664,-2.27673959962428,0.443301240953194,-5.13587463623787,2.80834826288865e-07,3.22666573323693e-06,"WBGene00010453","WBGene00010453",NA
"WBGene00010460",10.6498361998617,-2.52176906296543,0.807894839230037,-3.12140756508458,0.00179988742665353,0.007163962959944,"WBGene00010460","WBGene00010460",NA
"WBGene00010466",75.7530864881909,-3.68724290622406,0.571533260454405,-6.45149313496203,1.10753468124733e-10,2.53685788446604e-09,"WBGene00010466","WBGene00010466",NA
"WBGene00010474",50.447947095023,-3.88047848663274,0.788350999011492,-4.92227255562363,8.55449590937268e-07,8.84728003130708e-06,"WBGene00010474","WBGene00010474",NA
"WBGene00010485",75.1760801351124,-3.09832902862404,0.730382605108966,-4.24206300499421,2.21474492561679e-05,0.000156477257646272,"WBGene00010485","WBGene00010485",NA
"WBGene00010486",76.405936058049,-4.53312103904253,0.822182406869082,-5.51352230498938,3.517224376983e-08,4.98727063692639e-07,"WBGene00010486","WBGene00010486",NA
"WBGene00010503",148.435247215591,-1.21861271719821,0.379960350955506,-3.20721021057514,0.00134029019401781,0.00555429624328693,"WBGene00010503","WBGene00010503",NA
"WBGene00010504",14.442048698075,1.56704008415534,0.622152902459942,2.51873788253561,0.0117776296585538,0.0356950086322538,"WBGene00010504","WBGene00010504",NA
"WBGene00010510",44.681698716768,-4.40489172418,0.890148675993029,-4.94848989048488,7.47914741745736e-07,7.80287985676774e-06,"WBGene00010510","WBGene00010510",NA
"WBGene00010514",26.6998230517093,-1.29661512211107,0.437964716371071,-2.96054698847588,0.00307093272651852,0.0112980286898659,"WBGene00010514","WBGene00010514",NA
"WBGene00010516",27.2718827182999,-1.91435614895378,0.445554822503362,-4.29656700425307,1.73463552609862e-05,0.000125471384486475,"WBGene00010516","WBGene00010516",NA
"WBGene00010524",57.297331020377,-1.21900511692902,0.42796085073091,-2.84840334074272,0.00439391984394511,0.0153121968034641,"WBGene00010524","WBGene00010524",NA
"WBGene00010525",27.4874676265904,-2.06982878897409,0.571127873717739,-3.62410746213558,0.000289961034962757,0.00147435541541184,"WBGene00010525","WBGene00010525",NA
"WBGene00010547",22.769710080682,-4.81103734812276,1.1240128208585,-4.28023351588481,1.86697316388474e-05,0.000134228608809883,"WBGene00010547","WBGene00010547",NA
"WBGene00010550",140.44995367116,1.02071428277853,0.259607954477155,3.93175272627614,8.43287813697615e-05,0.000501377401047421,"WBGene00010550","WBGene00010550",NA
"WBGene00010558",30.2323292313161,1.18495633285575,0.473061154446202,2.50486923671199,0.0122496671950323,0.0368211342205249,"WBGene00010558","WBGene00010558",NA
"WBGene00010563",69.9256505292367,-4.70383418100209,0.875315192651567,-5.37387471449331,7.70624125271824e-08,1.02747487150282e-06,"WBGene00010563","WBGene00010563",NA
"WBGene00010574",109.502156527636,-4.8324205224546,0.743229136836837,-6.50192556096663,7.92983405374752e-11,1.87340691124320e-09,"WBGene00010574","WBGene00010574",NA
"WBGene00010585",52.2330915484874,2.35231248279803,0.446637868462506,5.26671079390462,1.38889748453122e-07,1.73224360788872e-06,"WBGene00010585","WBGene00010585",NA
"WBGene00010595",172.601686924496,-1.09069314769908,0.256398970582486,-4.25389050986146,2.10088056320684e-05,0.000149318179462533,"WBGene00010595","WBGene00010595",NA
"WBGene00010611",39.8543573006924,-4.69907080534503,0.906300478128704,-5.18489277976274,2.16139174225249e-07,2.54052402730385e-06,"WBGene00010611","WBGene00010611",NA
"WBGene00010612",58.9215241807826,-5.15680463600046,1.49906755307154,-3.44000817403747,0.00058169661798819,0.00270845074161932,"WBGene00010612","WBGene00010612",NA
"WBGene00010623",54.7392722653483,-1.38338108241933,0.419304865158642,-3.29922497297028,0.000969521776866633,0.00420295860708837,"WBGene00010623","WBGene00010623",NA
"WBGene00010630",68.5616230807942,-1.05171748014871,0.36058017262221,-2.9167368591024,0.0035371404537787,0.0127313897018028,"WBGene00010630","WBGene00010630",NA
"WBGene00010633",397.87126987149,-4.50177563805171,0.982063724992545,-4.58399544091284,4.561741867596e-06,3.87489837564712e-05,"WBGene00010633","WBGene00010633",NA
"WBGene00010634",17.632547325037,-3.49256204584137,0.948742742557677,-3.68125297741505,0.000232090581708164,0.00121112474784768,"WBGene00010634","WBGene00010634",NA
"WBGene00010644",77.7621968171152,-1.16424523373586,0.333167515405013,-3.49447404054551,0.000474996800401339,0.0022645527912396,"WBGene00010644","WBGene00010644",NA
"WBGene00010650",53.8039201012688,-4.93758977191504,1.02799356925796,-4.80313293737736,1.56202103847696e-06,1.50444519561666e-05,"WBGene00010650","WBGene00010650",NA
"WBGene00010651",131.487182108445,-4.56248039636649,1.57883946119927,-2.88976840805642,0.00385525731658287,0.0136732488401784,"WBGene00010651","WBGene00010651",NA
"WBGene00010658",63.2486784438863,4.8293796766797,0.658802773746407,7.33053938011905,2.29228258658006e-13,7.81947374940067e-12,"WBGene00010658","WBGene00010658",NA
"WBGene00010659",56.2561764558186,4.22732312779526,0.549844863307862,7.68821063884042,1.49207019991178e-14,5.95702775623995e-13,"WBGene00010659","WBGene00010659",NA
"WBGene00010679",37.1759574069723,-4.62171427006417,1.79407038825347,-2.57610531912485,0.0099920206083881,0.0310739666135098,"WBGene00010679","WBGene00010679",NA
"WBGene00010682",17.0335756204833,-4.48193357864956,1.09072009654416,-4.10915100294763,3.97116357794543e-05,0.000258586975032228,"WBGene00010682","WBGene00010682",NA
"WBGene00010684",13.9185264858196,-2.3990351688283,0.656761838802049,-3.6528236372628,0.000259372381029449,0.00133304906222723,"WBGene00010684","WBGene00010684",NA
"WBGene00010691",14.0674949580637,2.65808666095979,0.699183446187101,3.80170136386279,0.000143705876826633,0.000798906300071202,"WBGene00010691","WBGene00010691",NA
"WBGene00010703",139.195281143588,-1.04913459611474,0.43289212812649,-2.42354741042597,0.0153697469128027,0.0443976945482394,"WBGene00010703","WBGene00010703",NA
"WBGene00010712",22.3913656849459,-2.8389959535074,1.01931941341415,-2.78518775974095,0.00534967355943048,0.0181794779327009,"WBGene00010712","WBGene00010712",NA
"WBGene00010719",77.8942560124359,-4.77819262591588,0.66875967617476,-7.14485755667367,9.00892609649517e-13,2.80532855549467e-11,"WBGene00010719","WBGene00010719",NA
"WBGene00010723",435.780478199049,-1.68146244550892,0.476525787339354,-3.52858646936453,0.000417785430640337,0.00202833123646139,"WBGene00010723","WBGene00010723",NA
"WBGene00010728",20.0273243269082,-6.75576611085824,1.40844161648696,-4.79662488794456,1.61361368203107e-06,1.55308958634815e-05,"WBGene00010728","WBGene00010728",NA
"WBGene00010740",46.7319541135367,-2.05253444998216,0.503186648754214,-4.07907176206645,4.5215878926291e-05,0.000289937441674956,"WBGene00010740","WBGene00010740",NA
"WBGene00010745",12.9462319262508,2.76372949674298,0.793551025537152,3.4827369731798,0.000496315739470698,0.00235519285001816,"WBGene00010745","WBGene00010745",NA
"WBGene00010755",346.186833037073,-1.42132366555994,0.276531547795174,-5.13982464891388,2.7499497676794e-07,3.17231896928504e-06,"WBGene00010755","WBGene00010755",NA
"WBGene00010760",15.9880246553675,-4.30896874130443,1.75578843771105,-2.45415031148163,0.014121793875272,0.0413781877530264,"WBGene00010760","WBGene00010760",NA
"WBGene00010765",9.92676180319387,-4.36881339643866,1.24878669648054,-3.49844645907207,0.00046797703865936,0.00223823163922642,"WBGene00010765","WBGene00010765",NA
"WBGene00010772",139.014483365495,-1.84554550179741,0.313794589465147,-5.88138088978236,4.06857683029856e-09,6.84948982749791e-08,"WBGene00010772","WBGene00010772",NA
"WBGene00010774",16.3943217139018,-1.99699378421954,0.642128198156681,-3.10996120393433,0.00187111918370449,0.00740623275898319,"WBGene00010774","WBGene00010774",NA
"WBGene00010779",14.1830482952189,-2.56776141276827,0.957001746870253,-2.68313137480239,0.00729363324884087,0.0236819400330946,"WBGene00010779","WBGene00010779",NA
"WBGene00010789",29.2993047961334,-1.6701656357537,0.359401213272204,-4.64707845738056,3.36669143539761e-06,2.97957403629338e-05,"WBGene00010789","WBGene00010789",NA
"WBGene00010790",1924.29753446464,-3.65829188595744,0.79627199887485,-4.59427418159459,4.34258098043105e-06,3.71001254950993e-05,"WBGene00010790","WBGene00010790",NA
"WBGene00010796",260.58171243872,-1.07765289498806,0.233452759992308,-4.6161497299221,3.90924948542572e-06,3.3884113338502e-05,"WBGene00010796","WBGene00010796",NA
"WBGene00010811",400.650821926611,-2.29515796495566,0.264640570844787,-8.67273660130436,4.21857018504533e-18,2.50190969522211e-16,"WBGene00010811","WBGene00010811",NA
"WBGene00010829",35.3437347090124,-3.61127360988082,0.989703129910144,-3.64884529587038,0.00026342166837812,0.00135240154674155,"WBGene00010829","WBGene00010829",NA
"WBGene00010856",19.5873528078594,-1.65789655894139,0.547964229726657,-3.02555617502332,0.0024817629874965,0.00942898415212319,"WBGene00010856","WBGene00010856",NA
"WBGene00010867",174.03883831195,-1.96250524250345,0.395549353092919,-4.96146745572463,6.99625936375185e-07,7.34196292849524e-06,"WBGene00010867","WBGene00010867",NA
"WBGene00010869",49.6547550817703,-5.66107557848935,1.10324835454508,-5.13127942150767,2.87779329504701e-07,3.2958573370278e-06,"WBGene00010869","WBGene00010869",NA
"WBGene00010874",35.6109390147326,-2.30985293780145,0.836248345992059,-2.76216144267672,0.00574200781596792,0.0193289019579909,"WBGene00010874","WBGene00010874",NA
"WBGene00010876",18.4483140190807,-3.91490103650842,1.11127652933094,-3.52288645821165,0.000426874192830657,0.00206684039231998,"WBGene00010876","WBGene00010876",NA
"WBGene00010883",21.9756429193518,-4.1408079481802,0.924057402531498,-4.48111549870848,7.42539113451478e-06,5.98258824608905e-05,"WBGene00010883","WBGene00010883",NA
"WBGene00010884",95.4488287986263,-1.07590180844508,0.273186851446603,-3.93833671989655,8.20483990879683e-05,0.000489448150319003,"WBGene00010884","WBGene00010884",NA
"WBGene00010888",111.05731490223,-1.13060823203944,0.308790332553056,-3.66141071416211,0.000250830277315383,0.00129473353328594,"WBGene00010888","WBGene00010888",NA
"WBGene00010893",18.1541923147811,6.25409363548912,1.42579352069831,4.38639504577496,1.15244733251544e-05,8.72916254565088e-05,"WBGene00010893","WBGene00010893",NA
"WBGene00010900",111.327577973444,-4.62605968345686,1.27373422976645,-3.63188770101994,0.000281355561772455,0.00143468249889893,"WBGene00010900","WBGene00010900",NA
"WBGene00010906",26.2640718249288,-2.82319930301699,0.72909463760816,-3.8721986932707,0.0001078579687319,0.000623378061902569,"WBGene00010906","WBGene00010906",NA
"WBGene00010915",16.9715292977566,-7.18680715025286,1.58677301896958,-4.52919671833079,5.92083545843213e-06,4.88323723066188e-05,"WBGene00010915","WBGene00010915",NA
"WBGene00010918",235.350012565469,1.48526103082131,0.210697205550147,7.04926781987057,1.79861675091287e-12,5.3335330333605e-11,"WBGene00010918","WBGene00010918",NA
"WBGene00010920",34.2801753893863,-2.94524008350619,0.794822342612528,-3.70553257703524,0.000210947013242964,0.00111669098528952,"WBGene00010920","WBGene00010920",NA
"WBGene00010924",129.32602061876,1.82165017415811,0.349045500103248,5.21894759743146,1.79942661768465e-07,2.17223012217624e-06,"WBGene00010924","WBGene00010924",NA
"WBGene00010925",29.2247215065108,1.75550032084706,0.643274836840437,2.72900511617947,0.00635257183481814,0.021047127778177,"WBGene00010925","WBGene00010925",NA
"WBGene00010931",33.8680637900984,1.56519148119995,0.622100238542684,2.51597955478449,0.0118702068471546,0.0359146626728155,"WBGene00010931","WBGene00010931",NA
"WBGene00010933",47.8803629242073,-5.14386406412207,1.01197874648026,-5.08297637871627,3.71565924880186e-07,4.12969810599728e-06,"WBGene00010933","WBGene00010933",NA
"WBGene00010944",36.0404338396805,-1.60822070988742,0.637765047124302,-2.52165075075676,0.011680561406532,0.0354765578730653,"WBGene00010944","WBGene00010944",NA
"WBGene00010947",49.6297126885326,1.05395702676776,0.435466627196333,2.42029345291844,0.0155079865574453,0.0447517972674269,"WBGene00010947","WBGene00010947",NA
"WBGene00010953",157.402952498423,2.92596766317537,0.552514563194244,5.29572948495605,1.18542217442373e-07,1.51278920884271e-06,"WBGene00010953","WBGene00010953",NA
"WBGene00010957",1076.16572325236,-1.17363193297827,0.296866455575127,-3.9534002947708,7.70483781255787e-05,0.000463685249915325,"WBGene00010957","WBGene00010957",NA
"WBGene00010960",742.108403202331,-1.05214886914347,0.250888541295753,-4.19369040813694,2.74452496715358e-05,0.000188957106722187,"WBGene00010960","WBGene00010960",NA
"WBGene00010970",22.3976362354602,-2.29722089746642,0.488341144279713,-4.70413137286384,2.54949051028146e-06,2.33111653281444e-05,"WBGene00010970","WBGene00010970",NA
"WBGene00010972",47.0199012169047,-1.12300416944813,0.457752455662419,-2.45330015285885,0.0141552169990186,0.0414588636425363,"WBGene00010972","WBGene00010972",NA
"WBGene00010980",28.6960042480076,-2.71210076211436,0.826859043252645,-3.28000374942466,0.00103805707066936,0.0044595580736631,"WBGene00010980","WBGene00010980",NA
"WBGene00010992",19.2976691617608,-3.5853271497284,1.2278839913779,-2.91992335994628,0.00350117477224833,0.0126241904691588,"WBGene00010992","WBGene00010992",NA
"WBGene00011000",318.170750694876,1.0924215001772,0.295928950038187,3.69149926033336,0.000222936045201192,0.00116975950589598,"WBGene00011000","WBGene00011000",NA
"WBGene00011003",261.015645559099,-1.16051604140206,0.259440745456762,-4.47314487691166,7.70775167475008e-06,6.16145943440732e-05,"WBGene00011003","WBGene00011003",NA
"WBGene00011026",33.9351482975186,-1.54292181029724,0.530056229443453,-2.91086440379594,0.00360430398808601,0.0129340489333953,"WBGene00011026","WBGene00011026",NA
"WBGene00011055",73.2649204058181,-1.94647001093812,0.394566239525352,-4.93318945199074,8.08976190779428e-07,8.41535421747479e-06,"WBGene00011055","WBGene00011055",NA
"WBGene00011059",554.152466970656,1.20532772341542,0.175910039757588,6.85195526688763,7.28473387129169e-12,2.03250106960159e-10,"WBGene00011059","WBGene00011059",NA
"WBGene00011088",30.2116218127537,-1.51524543061266,0.460948411210995,-3.2872343059646,0.00101176613349848,0.0043570874799921,"WBGene00011088","WBGene00011088",NA
"WBGene00011097",26.8045688800426,-2.5369150261993,0.593174425902515,-4.27684491343231,1.89560762902084e-05,0.000136218802622398,"WBGene00011097","WBGene00011097",NA
"WBGene00011114",37.9130456939414,-5.08555933992107,1.16192391370752,-4.37684368135072,1.20410265191986e-05,9.06279052337574e-05,"WBGene00011114","WBGene00011114",NA
"WBGene00011120",85.5024199838443,-4.24247277472704,1.50500710390748,-2.81890548138425,0.00481877053691175,0.016588315819865,"WBGene00011120","WBGene00011120",NA
"WBGene00011132",28.7197187405943,-4.9601336397264,1.16173195436433,-4.26960248540333,1.9582165612844e-05,0.000140013953528954,"WBGene00011132","WBGene00011132",NA
"WBGene00011133",18.9497420590495,-6.65006383034943,1.52550846758641,-4.35924412853038,1.30512453443676e-05,9.70054340650266e-05,"WBGene00011133","WBGene00011133",NA
"WBGene00011134",39.3885421407735,-3.66365749400721,0.850925424014803,-4.30549774470421,1.66610688129265e-05,0.000121250843453747,"WBGene00011134","WBGene00011134",NA
"WBGene00011166",50.960844480056,-2.03672333438181,0.623600579626565,-3.26607030352902,0.00109051171790197,0.00465274148775311,"WBGene00011166","WBGene00011166",NA
"WBGene00011167",12.971199702009,-3.4267681681084,0.855161809743474,-4.00715762685466,6.14538515284189e-05,0.000378440284315248,"WBGene00011167","WBGene00011167",NA
"WBGene00011171",26.0437416785962,-5.33457009636716,1.11980683652463,-4.7638306200409,1.89951970251504e-06,1.79088622084746e-05,"WBGene00011171","WBGene00011171",NA
"WBGene00011172",11.9271098259254,-5.43951603698649,1.52205523785933,-3.57379673331489,0.000351842101630265,0.00174311236000048,"WBGene00011172","WBGene00011172",NA
"WBGene00011173",87.3296276318328,-6.01155354114797,1.54295122554949,-3.89613971044814,9.77380229127677e-05,0.000571591473605642,"WBGene00011173","WBGene00011173",NA
"WBGene00011175",34.2324099212177,5.13301705207432,1.07189579903338,4.78872765123552,1.678420855382e-06,1.61112621128106e-05,"WBGene00011175","WBGene00011175",NA
"WBGene00011176",625.141675352509,-4.67702566288481,1.08478555802385,-4.31147486089778,1.62169214311891e-05,0.000118199111685867,"WBGene00011176","WBGene00011176",NA
"WBGene00011185",121.993779085812,1.73195685845678,0.422672280661021,4.09763530210252,4.17392202098245e-05,0.000270189617055716,"WBGene00011185","WBGene00011185",NA
"WBGene00011190",31.8656311514327,4.45678961953749,0.68570705760475,6.49955337357259,8.0558817042813e-11,1.90004483827216e-09,"WBGene00011190","WBGene00011190",NA
"WBGene00011191",18.1023815404348,-4.46441745094197,1.09625260486229,-4.07243497633723,4.65241907007132e-05,0.000297659023135763,"WBGene00011191","WBGene00011191",NA
"WBGene00011203",81.7121883911153,-3.46097993148327,0.652468908075362,-5.30443656187754,1.130215382924e-07,1.44880434691773e-06,"WBGene00011203","WBGene00011203",NA
"WBGene00011207",54.8258832127661,-2.22575126787426,0.458430139034966,-4.85515911445014,1.20290116409888e-06,1.1939629401712e-05,"WBGene00011207","WBGene00011207",NA
"WBGene00011209",19.124208412841,-1.22987565951401,0.474072070014394,-2.59427993612167,0.0094789273431895,0.0297045184205673,"WBGene00011209","WBGene00011209",NA
"WBGene00011212",39.1358678801275,-2.7712510456065,0.58380247939341,-4.74689838331266,2.065596598798e-06,1.92085700628626e-05,"WBGene00011212","WBGene00011212",NA
"WBGene00011213",88.44472797594,-1.23197238233048,0.368145086690986,-3.34643168377955,0.000818588478076532,0.00363356680656766,"WBGene00011213","WBGene00011213",NA
"WBGene00011214",259.57009858357,-4.40831664451564,1.05486287123244,-4.17904238051835,2.92739135188539e-05,0.000200197151160277,"WBGene00011214","WBGene00011214",NA
"WBGene00011215",26.3622805846592,-1.48679327082424,0.488842411808588,-3.0414571954252,0.00235436037960387,0.00901201738234549,"WBGene00011215","WBGene00011215",NA
"WBGene00011231",105.077652418862,2.11785907528241,0.536786053730301,3.94544355346924,7.96523949838963e-05,0.000477546846268805,"WBGene00011231","WBGene00011231",NA
"WBGene00011241",25.0505249657271,-2.51211010169476,0.865806087855859,-2.90146966731999,0.00371416735471254,0.0132749672420371,"WBGene00011241","WBGene00011241",NA
"WBGene00011252",105.110822625159,-1.49099136031285,0.279866990945723,-5.32749987869064,9.95738454844461e-08,1.29500361556796e-06,"WBGene00011252","WBGene00011252",NA
"WBGene00011278",22.6292605798059,3.31418855382331,0.631372581209058,5.24918036110588,1.52777439531936e-07,1.8819537824186e-06,"WBGene00011278","WBGene00011278",NA
"WBGene00011284",104.798003833894,-1.42155082559738,0.339547219910367,-4.18660717049203,2.83155266070336e-05,0.000194107348582413,"WBGene00011284","WBGene00011284",NA
"WBGene00011297",28.568419638279,-4.47012778389821,0.821879630549723,-5.43890810495975,5.36080949352514e-08,7.34446495351359e-07,"WBGene00011297","WBGene00011297",NA
"WBGene00011322",15.6391591146886,-4.63095850316659,1.21457205370892,-3.81283143229345,0.000137383816331309,0.000769144883205407,"WBGene00011322","WBGene00011322",NA
"WBGene00011335",127.236987667536,-1.30425525526559,0.256409174755768,-5.08661695318781,3.64506978126711e-07,4.05755314514414e-06,"WBGene00011335","WBGene00011335",NA
"WBGene00011336",78.3452451114192,-4.93106741413317,0.964756018613199,-5.1112066874912,3.20107527183585e-07,3.6283083949524e-06,"WBGene00011336","WBGene00011336",NA
"WBGene00011340",38.528065896487,-1.6028276645795,0.630907881250674,-2.54050981484356,0.0110690986824724,0.0338853346473715,"WBGene00011340","WBGene00011340",NA
"WBGene00011345",18.4760031540424,2.07849863015238,0.581321799079707,3.57546996077364,0.000349599317770546,0.00173440577885957,"WBGene00011345","WBGene00011345",NA
"WBGene00011351",11.0879502801851,-2.53231281484399,0.770078478147306,-3.28838279046099,0.00100764731979988,0.00434196657880604,"WBGene00011351","WBGene00011351",NA
"WBGene00011364",172.01746541902,-1.59322848269476,0.243608976447642,-6.54010581189394,6.14753233255909e-11,1.48926575642826e-09,"WBGene00011364","WBGene00011364",NA
"WBGene00011374",209.833136600836,-1.01111443080575,0.261340311139656,-3.86895701775387,0.000109301906454687,0.000630194493326682,"WBGene00011374","WBGene00011374",NA
"WBGene00011378",48.0404515868538,-5.03860724771133,1.00541250798068,-5.01148255836911,5.40122797876293e-07,5.78708781862508e-06,"WBGene00011378","WBGene00011378",NA
"WBGene00011379",20.2150096015526,-5.52757945511818,1.63112027571474,-3.38882394966003,0.000701930611249889,0.0031890318584217,"WBGene00011379","WBGene00011379",NA
"WBGene00011383",163.183634272467,3.53181467987572,0.457006226843234,7.72815439358824,1.09116957911297e-14,4.43538523077603e-13,"WBGene00011383","WBGene00011383",NA
"WBGene00011393",147.708130048318,1.85260737577732,0.314024211567275,5.89956859227852,3.64453240316275e-09,6.21614578023928e-08,"WBGene00011393","WBGene00011393",NA
"WBGene00011397",82.6987349411654,-2.83417387621929,0.383278136903957,-7.39456181642182,1.41875342251388e-13,4.95800554229605e-12,"WBGene00011397","WBGene00011397",NA
"WBGene00011400",21.1523645387589,-3.10115949249904,1.04518990589381,-2.96707753778681,0.00300645129788925,0.0111008029968305,"WBGene00011400","WBGene00011400",NA
"WBGene00011401",83.7831797707096,-4.69783447327899,0.904489623609351,-5.19390643148825,2.05926667329232e-07,2.43853343507598e-06,"WBGene00011401","WBGene00011401",NA
"WBGene00011404",92.6923580364458,-1.86388091132386,0.336111081364788,-5.54543130132909,2.93230451788776e-08,4.22920569870532e-07,"WBGene00011404","WBGene00011404",NA
"WBGene00011407",76.388445163548,-1.05193144403395,0.316787713721819,-3.32061945103615,0.000898179141844054,0.00393672936963418,"WBGene00011407","WBGene00011407",NA
"WBGene00011416",52.6773131429349,-2.32661312336683,0.408322252475678,-5.69798268220862,1.21233362375463e-08,1.88346570481792e-07,"WBGene00011416","WBGene00011416",NA
"WBGene00011417",43.0893595701697,-1.68303557447413,0.330351009894253,-5.09468875246627,3.49314658327656e-07,3.91281693689435e-06,"WBGene00011417","WBGene00011417",NA
"WBGene00011419",52.6773131429349,-2.32661312336683,0.408322252475678,-5.69798268220862,1.21233362375463e-08,1.88346570481792e-07,"WBGene00011419","WBGene00011419",NA
"WBGene00011420",43.0893595701697,-1.68303557447413,0.330351009894253,-5.09468875246627,3.49314658327656e-07,3.91281693689435e-06,"WBGene00011420","WBGene00011420",NA
"WBGene00011423",395.842464525083,-1.42307330159764,0.422851633999667,-3.365419894768,0.000764272553779719,0.00341901333683052,"WBGene00011423","WBGene00011423",NA
"WBGene00011424",36.5241807974456,-1.76155112823714,0.400290943202342,-4.40067695297993,1.07913683007389e-05,8.27473321472434e-05,"WBGene00011424","WBGene00011424",NA
"WBGene00011425",25.4867372851365,-3.48835920107225,0.939718606432035,-3.71213167132766,0.000205521016470252,0.00109282436324751,"WBGene00011425","WBGene00011425",NA
"WBGene00011434",409.353466160676,1.02979144569032,0.431702735690482,2.38541792894417,0.0170597284109376,0.0484953655882123,"WBGene00011434","WBGene00011434",NA
"WBGene00011436",869.0608566286,-1.16130377440669,0.37175848176252,-3.12381245183945,0.00178524208633804,0.00711752016883688,"WBGene00011436","WBGene00011436",NA
"WBGene00011437",10.5694893522062,-1.95957090496349,0.703934531984291,-2.78374027118649,0.00537360455758597,0.0182391189602414,"WBGene00011437","WBGene00011437",NA
"WBGene00011438",42.1665932518489,-5.44902807158939,0.96653929069789,-5.63766845696972,1.7236795823427e-08,2.59605398002362e-07,"WBGene00011438","WBGene00011438",NA
"WBGene00011439",47.3623748390759,-1.21104668514575,0.388538501459277,-3.11692838829946,0.00182745957282325,0.00725753811457701,"WBGene00011439","WBGene00011439",NA
"WBGene00011445",89.2290207916899,-2.05898376005953,0.526915021194487,-3.90762016120157,9.32096885582571e-05,0.000547798552040777,"WBGene00011445","WBGene00011445",NA
"WBGene00011450",10.224392196546,-2.14576129536272,0.790465645650176,-2.71455351307239,0.00663651773274415,0.0218662397312384,"WBGene00011450","WBGene00011450",NA
"WBGene00011452",11.6519272865473,-1.81895999116245,0.74276904832281,-2.44889039906779,0.0143297044484842,0.0418586686454495,"WBGene00011452","WBGene00011452",NA
"WBGene00011460",421.763586985812,-2.08359377486463,0.584318713644735,-3.56585152282399,0.000362676671710635,0.00178872935429955,"WBGene00011460","WBGene00011460",NA
"WBGene00011462",240.684883722565,-2.72719336149779,0.722621459901985,-3.77402763802186,0.000160632953353275,0.00087932853400167,"WBGene00011462","WBGene00011462",NA
"WBGene00011466",58.9212407205116,-4.66142295412062,1.51829772666266,-3.0701639555022,0.00213941290451256,0.00832298003380459,"WBGene00011466","WBGene00011466",NA
"WBGene00011467",26.2855445185316,-5.15516866667794,1.1649604770072,-4.42518760801365,9.63585047298208e-06,7.49728964672471e-05,"WBGene00011467","WBGene00011467",NA
"WBGene00011475",162.513382484739,2.37972492648298,0.717137178822313,3.31836780571184,0.000905451701197017,0.00396495746483118,"WBGene00011475","WBGene00011475",NA
"WBGene00011478",44.0295492478011,-4.91527079264042,0.846928774753557,-5.80364127322358,6.48900298775935e-09,1.0584150882245e-07,"WBGene00011478","WBGene00011478",NA
"WBGene00011487",689.854135147799,1.0398792367061,0.250552930806589,4.15033754887035,3.31985321837565e-05,0.00022245973769453,"WBGene00011487","WBGene00011487",NA
"WBGene00011491",63.7931859750672,-5.17295940413827,1.44792699472629,-3.57266590303205,0.000353365472646809,0.00174944672689326,"WBGene00011491","WBGene00011491",NA
"WBGene00011493",47.3131304292453,-3.85059403875356,0.927504449600366,-4.15156395251005,3.30210961498677e-05,0.000221582407169042,"WBGene00011493","WBGene00011493",NA
"WBGene00011494",26.1613545825039,2.18393551573713,0.805213409287276,2.7122443448504,0.00668293102312002,0.0219938137493563,"WBGene00011494","WBGene00011494",NA
"WBGene00011495",58.6862889015201,-3.58782160046951,0.691297746252805,-5.18998017846489,2.10316467812771e-07,2.4802419756171e-06,"WBGene00011495","WBGene00011495",NA
"WBGene00011517",84.8820050776449,-1.27168710476357,0.452800769067073,-2.80849148596564,0.0049774198547724,0.0170359822759248,"WBGene00011517","WBGene00011517",NA
"WBGene00011522",424.598792926729,-1.63715827773778,0.308013605183411,-5.31521416647461,1.06531954154775e-07,1.37548439090713e-06,"WBGene00011522","WBGene00011522",NA
"WBGene00011556",31.1320452506873,-2.83093007572014,0.534287370140997,-5.29851580615327,1.16747772129983e-07,1.49389069566145e-06,"WBGene00011556","WBGene00011556",NA
"WBGene00011578",28.146334785211,-1.28469176969315,0.439685908962247,-2.92183975766997,0.00347970517663451,0.0125562802548945,"WBGene00011578","WBGene00011578",NA
"WBGene00011579",51.0650110060614,-1.24798291688117,0.415025244247117,-3.00700483688672,0.00263835564904512,0.00994987263635935,"WBGene00011579","WBGene00011579",NA
"WBGene00011583",29.4189996257632,-1.15923488730765,0.387199143955218,-2.99389837349879,0.0027543767157009,0.0103247590866805,"WBGene00011583","WBGene00011583",NA
"WBGene00011608",50.7722186250817,-1.191749787775,0.34987193476698,-3.40624574122736,0.000658628666145216,0.00302124041115038,"WBGene00011608","WBGene00011608",NA
"WBGene00011616",12.8072033251102,-2.55443908731554,0.649794489318286,-3.93114920071954,8.45407841085684e-05,0.000502220044581782,"WBGene00011616","WBGene00011616",NA
"WBGene00011617",16.2323796435588,-3.78160492203063,1.38038221452029,-2.7395346609452,0.00615262269662635,0.0204700736040225,"WBGene00011617","WBGene00011617",NA
"WBGene00011669",18.7648402125346,-5.15032199962357,1.19098542303314,-4.32442068560924,1.52933212723087e-05,0.000112096123561594,"WBGene00011669","WBGene00011669",NA
"WBGene00011699",35.5938021007727,-1.38090525932461,0.53386838532695,-2.58660242351479,0.00969273585575346,0.0302551372758865,"WBGene00011699","WBGene00011699",NA
"WBGene00011706",156.269810835253,1.81774526757106,0.595903808814735,3.05040048525046,0.00228536401798958,0.00879738968734851,"WBGene00011706","WBGene00011706",NA
"WBGene00011713",302.584412463409,-1.27166441592735,0.319130603404748,-3.98477739947277,6.75434122753886e-05,0.000412387010530598,"WBGene00011713","WBGene00011713",NA
"WBGene00011748",244.691810365917,-5.27899379351537,1.04873880463302,-5.0336592583342,4.8120468826222e-07,5.22236796456485e-06,"WBGene00011748","WBGene00011748",NA
"WBGene00011753",1602.41661294121,-1.35210107574547,0.204369695842843,-6.61595678444035,3.69156209621524e-11,9.19224687128996e-10,"WBGene00011753","WBGene00011753",NA
"WBGene00011777",89.6336795904386,-1.48357588810776,0.438664931807059,-3.38202527837418,0.0007195352310939,0.00325659184864633,"WBGene00011777","WBGene00011777",NA
"WBGene00011795",185.656995791164,-4.83440940176632,1.45764817518561,-3.31658179529551,0.000911259084230382,0.00398428451847808,"WBGene00011795","WBGene00011795",NA
"WBGene00011798",18.7121425752835,-1.62915265957409,0.627946521180117,-2.59441306643817,0.00947525723831037,0.0297045184205673,"WBGene00011798","WBGene00011798",NA
"WBGene00011808",16.6075125094001,-5.05208797629868,1.39388892406132,-3.62445521238422,0.000289571193197189,0.0014734215252287,"WBGene00011808","WBGene00011808",NA
"WBGene00011821",139.273985381723,-1.01766489554382,0.341785306868295,-2.97749749650873,0.00290612017934065,0.0107916798449769,"WBGene00011821","WBGene00011821",NA
"WBGene00011823",74.2435436258433,-1.71974168170951,0.34462622399791,-4.99016488576893,6.03277747921832e-07,6.3966237767409e-06,"WBGene00011823","WBGene00011823",NA
"WBGene00011824",112.227734437364,-1.10001170630295,0.284094007887409,-3.87199897133663,0.000107946407934136,0.000623637028537835,"WBGene00011824","WBGene00011824",NA
"WBGene00011829",32.5802928143259,-1.03820638562381,0.39918164508088,-2.60083698340752,0.00929966333252231,0.0292389106932999,"WBGene00011829","WBGene00011829",NA
"WBGene00011831",316.809153019529,3.05689711999681,0.600373371181793,5.09166006809982,3.54942040037825e-07,3.97273811923307e-06,"WBGene00011831","WBGene00011831",NA
"WBGene00011844",9.89291298256096,-3.80111620593663,0.998959039793712,-3.80507713982104,0.000141760003998596,0.000790548473332787,"WBGene00011844","WBGene00011844",NA
"WBGene00011850",76.4167835877279,-1.30591655891482,0.476909817669661,-2.73828826862061,0.00617599144474598,0.0205382609864482,"WBGene00011850","WBGene00011850",NA
"WBGene00011888",20.4692612826732,-1.67938511156658,0.615880210567945,-2.72680479539667,0.00639508592955989,0.0211487651992595,"WBGene00011888","WBGene00011888",NA
"WBGene00011891",766.090048526517,-1.62901918338648,0.348748554579979,-4.67104210753911,2.99675494277544e-06,2.6982786914034e-05,"WBGene00011891","WBGene00011891",NA
"WBGene00011910",159.708739003819,-4.54847927801212,1.11404571319084,-4.08284796948268,4.44871280280497e-05,0.000285825411592559,"WBGene00011910","WBGene00011910",NA
"WBGene00011911",74.1411580321576,-4.32059396906312,0.909161990896281,-4.75228178512362,2.01133793205767e-06,1.87405821792049e-05,"WBGene00011911","WBGene00011911",NA
"WBGene00011918",62.5798833879372,-4.58736562780592,0.963740276031637,-4.75996048094532,1.93630869062186e-06,1.81328111432871e-05,"WBGene00011918","WBGene00011918",NA
"WBGene00011919",41.8963946769438,-4.94528719726255,0.929168027336184,-5.32227439146836,1.02477839012627e-07,1.32914315154944e-06,"WBGene00011919","WBGene00011919",NA
"WBGene00011927",37.7594018322866,-1.50766785034082,0.560981372439691,-2.6875542119768,0.00719774174207235,0.023434469867754,"WBGene00011927","WBGene00011927",NA
"WBGene00011932",817.295548017824,1.05241200768799,0.234309072154851,4.49155467182453,7.07051451405329e-06,5.71923395299172e-05,"WBGene00011932","WBGene00011932",NA
"WBGene00011938",333.682611079114,1.76646165791638,0.326958922550163,5.40270210134844,6.56444297778993e-08,8.84312756659298e-07,"WBGene00011938","WBGene00011938",NA
"WBGene00011951",22.5978164616043,-4.95853882932638,1.30268719251131,-3.80639255366237,0.000141008510438363,0.000786971745293058,"WBGene00011951","WBGene00011951",NA
"WBGene00011954",67.8292114195729,-4.24354621123623,1.62401457132132,-2.61299762094106,0.00897519269949188,0.0283747908104042,"WBGene00011954","WBGene00011954",NA
"WBGene00011968",173.403130132459,-3.66238664774219,0.748552080237045,-4.89262770678884,9.94985118785783e-07,1.01003709536969e-05,"WBGene00011968","WBGene00011968",NA
"WBGene00011977",997.346403212461,2.50896902148119,0.267882148099842,9.36594334216729,7.5373930248744e-21,5.82334910835296e-19,"WBGene00011977","WBGene00011977",NA
"WBGene00012007",116.894777699657,-2.11057520391395,0.422593308063572,-4.99434128189378,5.90369198105042e-07,6.2644001102564e-06,"WBGene00012007","WBGene00012007",NA
"WBGene00012010",27.6611408537756,-5.52898307324858,1.16109572043711,-4.76186672289784,1.91810349434604e-06,1.80262916013311e-05,"WBGene00012010","WBGene00012010",NA
"WBGene00012011",10.210898794034,-3.23005995172171,1.16315504160532,-2.77698143083639,0.0054866313436682,0.0185698370341107,"WBGene00012011","WBGene00012011",NA
"WBGene00012012",49.0811392797796,-3.93846865525078,0.982240808036044,-4.00967728384815,6.08017888293961e-05,0.000374909390741397,"WBGene00012012","WBGene00012012",NA
"WBGene00012021",154.775885252536,1.5945397338502,0.635819620445967,2.50784921159208,0.0121468489856496,0.0365813132220586,"WBGene00012021","WBGene00012021",NA
"WBGene00012065",13.9648791393434,3.69342100598754,0.952091173997861,3.87927239203232,0.000104769381849681,0.00060650821173653,"WBGene00012065","WBGene00012065",NA
"WBGene00012066",9.5621761597041,3.2858780219259,0.956679406077708,3.43466996472484,0.000593275895636389,0.00275493579477937,"WBGene00012066","WBGene00012066",NA
"WBGene00012087",188.266751575871,-4.11079871732832,1.30657496921783,-3.14624021902792,0.0016538410910462,0.00667184609492613,"WBGene00012087","WBGene00012087",NA
"WBGene00012107",107.214482390587,3.01955169236689,0.549352972329691,5.49656021621509,3.872708937264e-08,5.44273636581261e-07,"WBGene00012107","WBGene00012107",NA
"WBGene00012115",36.3916032707134,-4.98038652339744,1.034459286396,-4.81448287902063,1.47581555318316e-06,1.42815380512166e-05,"WBGene00012115","WBGene00012115",NA
"WBGene00012118",372.65177099109,-1.02854942887051,0.349952240066399,-2.93911371641845,0.00329152283412873,0.0119831217188492,"WBGene00012118","WBGene00012118",NA
"WBGene00012120",19.3068287020074,-3.35477863670326,0.99592428238393,-3.36850772296963,0.000755762796809027,0.00338730563022622,"WBGene00012120","WBGene00012120",NA
"WBGene00012124",28.1402778514414,-1.42835017896142,0.567533189636407,-2.51676942431596,0.0118436309075072,0.0358494317155868,"WBGene00012124","WBGene00012124",NA
"WBGene00012130",284.249148454697,2.26723955187886,0.334985842088437,6.7681652984018,1.30425697936578e-11,3.47793750113341e-10,"WBGene00012130","WBGene00012130",NA
"WBGene00012131",22.6382916097842,-1.3281001818812,0.501898969926635,-2.64615044353514,0.00814135996149146,0.0260673068838704,"WBGene00012131","WBGene00012131",NA
"WBGene00012134",334.894238080406,-1.29295738574679,0.189231933384662,-6.8326595972495,8.33545882141212e-12,2.29554360181972e-10,"WBGene00012134","WBGene00012134",NA
"WBGene00012138",23.0458152419325,-3.52950485489993,0.840217024665864,-4.20070618814649,2.66083715842461e-05,0.000183992963257682,"WBGene00012138","WBGene00012138",NA
"WBGene00012143",72.180025188027,-1.03776605325786,0.398175613075421,-2.60630239316363,0.0091525618575465,0.0288251538699724,"WBGene00012143","WBGene00012143",NA
"WBGene00012162",25.9130727593096,-1.72667610218322,0.481580196548399,-3.5854383435173,0.000336512502519862,0.00167880390873172,"WBGene00012162","WBGene00012162",NA
"WBGene00012168",24.6976394208379,-1.71324550307865,0.510405132669595,-3.3566384689703,0.000788962033104405,0.00351625642006899,"WBGene00012168","WBGene00012168",NA
"WBGene00012169",68.4488717585232,-4.348624720921,0.931531590281453,-4.66825254912407,3.03772355323092e-06,2.72898697337081e-05,"WBGene00012169","WBGene00012169",NA
"WBGene00012172",15.1393012246939,-5.35479736828193,1.36670181402394,-3.91804365322085,8.92705421660737e-05,0.000526814144995744,"WBGene00012172","WBGene00012172",NA
"WBGene00012173",17.4109709089303,-4.82976672911174,1.12320085072689,-4.300002734138,1.70796002221306e-05,0.000123855264320098,"WBGene00012173","WBGene00012173",NA
"WBGene00012177",44.1357854692162,-4.67560760732599,1.04683615937043,-4.46641775360332,7.95402206942469e-06,6.33000208453714e-05,"WBGene00012177","WBGene00012177",NA
"WBGene00012180",22.2137762991377,-4.33319659877451,1.1197286073964,-3.8698632598573,0.00010889641350528,0.000628109942788929,"WBGene00012180","WBGene00012180",NA
"WBGene00012184",254.51335640833,-1.18752784624696,0.305769335393407,-3.88373753934179,0.000102862942251205,0.000597407571554842,"WBGene00012184","WBGene00012184",NA
"WBGene00012186",182.72914396245,4.78051367310826,0.704476705261459,6.78590737976782,1.15359144275236e-11,3.09348639610872e-10,"WBGene00012186","WBGene00012186",NA
"WBGene00012191",25.3646584745266,-3.1733176384823,0.782391893509454,-4.05591835090243,4.99377031287359e-05,0.000316523100141474,"WBGene00012191","WBGene00012191",NA
"WBGene00012198",346.848253051854,1.46687484547873,0.396253889703023,3.70185601604591,0.000214028071627379,0.00112840399401333,"WBGene00012198","WBGene00012198",NA
"WBGene00012207",147.059358298105,-4.26531270798309,1.5011546046251,-2.84135471112804,0.00449223158797536,0.0156146561495457,"WBGene00012207","WBGene00012207",NA
"WBGene00012223",10.6383573471127,-4.56070257839174,1.32153260266016,-3.45107080159153,0.000558367069734798,0.0026123536915612,"WBGene00012223","WBGene00012223",NA
"WBGene00012224",19.0514156491663,-2.3613170097227,0.585869853300251,-4.03044634643891,5.56710360004701e-05,0.000347773652777412,"WBGene00012224","WBGene00012224",NA
"WBGene00012226",73.6332695127124,1.3686298909999,0.429560917962009,3.18611361921185,0.00144197955162228,0.00591837695038194,"WBGene00012226","WBGene00012226",NA
"WBGene00012238",23.1017916193598,2.87467666773756,0.886204007075828,3.24380915092341,0.00117942742732778,0.00497419776299676,"WBGene00012238","WBGene00012238",NA
"WBGene00012239",273.366777037189,2.92842977719107,0.431234447849293,6.79080669876005,1.11508250645861e-11,3.00148291239414e-10,"WBGene00012239","WBGene00012239",NA
"WBGene00012250",12.2644831579384,-2.96760087852868,1.10415969298446,-2.68765550615914,0.00719555890008772,0.0234327006969592,"WBGene00012250","WBGene00012250",NA
"WBGene00012255",17.5134727310109,4.08425274493487,1.03530663480067,3.94496915951981,7.98102497737207e-05,0.000478292620551694,"WBGene00012255","WBGene00012255",NA
"WBGene00012256",18.4696053907802,3.03080692244695,0.906072458361772,3.34499398417518,0.000822843551253729,0.00365132035953727,"WBGene00012256","WBGene00012256",NA
"WBGene00012257",10.7943052209777,3.23277188641173,1.00526966893999,3.21582555039241,0.00130069873172223,0.00541534721016774,"WBGene00012257","WBGene00012257",NA
"WBGene00012259",82.6814846203689,-1.06199210936876,0.356197706994821,-2.98146812434197,0.00286869909047898,0.0106787274991436,"WBGene00012259","WBGene00012259",NA
"WBGene00012261",81.7827812488385,4.41290458222907,0.529579187020084,8.33285123431731,7.89183020119273e-17,4.17770107650547e-15,"WBGene00012261","WBGene00012261",NA
"WBGene00012272",24.1277337516457,-3.17389564402978,0.766609722367772,-4.14017139546157,3.47046422379423e-05,0.000230177935734064,"WBGene00012272","WBGene00012272",NA
"WBGene00012279",15.7417451283192,-2.05682397019367,0.606076282564108,-3.39367176932239,0.000689622946285057,0.00314110285890769,"WBGene00012279","WBGene00012279",NA
"WBGene00012294",13.6734614325471,-2.7372732985455,1.00159661214993,-2.73290990139227,0.00627775025448639,0.0208427141434086,"WBGene00012294","WBGene00012294",NA
"WBGene00012296",62.1132135827649,-4.05007110692277,0.715227836104673,-5.66263070657396,1.49069747832175e-08,2.26906699229528e-07,"WBGene00012296","WBGene00012296",NA
"WBGene00012307",10.3209412854655,-3.14562327931556,1.09001889498233,-2.88584289116066,0.00390366971466047,0.0138106809979312,"WBGene00012307","WBGene00012307",NA
"WBGene00012308",19.594355595692,1.76716780979378,0.634720914809552,2.78416508509731,0.00536657120381811,0.0182195729729625,"WBGene00012308","WBGene00012308",NA
"WBGene00012317",391.122688769977,1.85034834454182,0.31883292616064,5.80350457157474,6.4942981345616e-09,1.0584150882245e-07,"WBGene00012317","WBGene00012317",NA
"WBGene00012322",19.1598367673323,-2.52317482845848,0.738932873328446,-3.41461981125985,0.000638710958675586,0.00294486959108069,"WBGene00012322","WBGene00012322",NA
"WBGene00012324",222.348160645254,1.08737955432445,0.348222384156597,3.12265840393376,0.00179225631199175,0.00713756463284986,"WBGene00012324","WBGene00012324",NA
"WBGene00012345",14.7715569175851,-2.33814400720687,0.839217453977297,-2.78610030824039,0.00533463610916436,0.0181413166567419,"WBGene00012345","WBGene00012345",NA
"WBGene00012357",82.1096967040563,-4.17282135719983,0.775271173663988,-5.38240231154058,7.34982664434166e-08,9.82704136834194e-07,"WBGene00012357","WBGene00012357",NA
"WBGene00012381",15.6016950880742,-2.28647368452741,0.579813308021525,-3.94346534116207,8.03126028257974e-05,0.000480698505941843,"WBGene00012381","WBGene00012381",NA
"WBGene00012383",578.648795380406,-1.39688594990602,0.336393580692049,-4.1525345014975,3.28813161090833e-05,0.000220748074752056,"WBGene00012383","WBGene00012383",NA
"WBGene00012387",11.6796201702168,-1.69726119473975,0.68051798037338,-2.4940725207709,0.0126286739712797,0.0377539504437359,"WBGene00012387","WBGene00012387",NA
"WBGene00012404",147.938182080952,-1.15946663884779,0.358816324224379,-3.23136535483469,0.00123200352951059,0.00516545216993101,"WBGene00012404","WBGene00012404",NA
"WBGene00012418",19.8206744575753,-1.74145731230451,0.586464562418414,-2.96941609757841,0.00298366278958907,0.0110223551955535,"WBGene00012418","WBGene00012418",NA
"WBGene00012420",61.6654438928592,3.59713344058333,0.447361165483474,8.04078162818586,8.92672153646078e-16,4.14252048443617e-14,"WBGene00012420","WBGene00012420",NA
"WBGene00012424",32.6719813213105,-1.78261971763138,0.527654702547925,-3.37838307708338,0.000729134316238823,0.00329065891443053,"WBGene00012424","WBGene00012424",NA
"WBGene00012428",359.892650889657,-1.37278320456249,0.279585544748119,-4.91006502428174,9.10461976994454e-07,9.36203815624585e-06,"WBGene00012428","WBGene00012428",NA
"WBGene00012437",22.1817207333836,-1.47547372755662,0.559170436878982,-2.63868336064402,0.00832286777372466,0.0265829606904685,"WBGene00012437","WBGene00012437",NA
"WBGene00012444",163.278161783107,1.47023904324964,0.214809574755211,6.84438319346365,7.68060765703544e-12,2.1274985512017e-10,"WBGene00012444","WBGene00012444",NA
"WBGene00012467",18.5069810121819,3.85226707070185,0.959271923151144,4.01582385320672,5.9238489980307e-05,0.000366623794447351,"WBGene00012467","WBGene00012467",NA
"WBGene00012486",13.9671376211267,-3.39371682277489,0.860480656973565,-3.94397804909536,8.0140997017627e-05,0.000479872337818577,"WBGene00012486","WBGene00012486",NA
"WBGene00012514",104.204453716527,-1.01664215362467,0.302037556456545,-3.36594616097332,0.000762815953968841,0.00341478331418203,"WBGene00012514","WBGene00012514",NA
"WBGene00012529",252.313399471433,-2.51469061812372,0.486329329563428,-5.17075665656671,2.33148013007517e-07,2.7269922667074e-06,"WBGene00012529","WBGene00012529",NA
"WBGene00012535",45.210380857934,1.88258159995786,0.362458176980332,5.19392779504051,2.05903025489298e-07,2.43853343507598e-06,"WBGene00012535","WBGene00012535",NA
"WBGene00012545",164.440317309766,-1.45020876690295,0.315636161392501,-4.59455836905702,4.33666730441205e-06,3.70717618313167e-05,"WBGene00012545","WBGene00012545",NA
"WBGene00012547",24.0610159829936,-3.17407703751247,0.935133913156245,-3.39424866626791,0.000688171748230451,0.00313549212542488,"WBGene00012547","WBGene00012547",NA
"WBGene00012554",138.134848442905,-1.47433284994062,0.312807418510952,-4.71322853197932,2.43822482060342e-06,2.23681305268836e-05,"WBGene00012554","WBGene00012554",NA
"WBGene00012582",27.9544027822793,-1.12305447105367,0.456835327073191,-2.45833543182562,0.0139582733471367,0.0410083455191418,"WBGene00012582","WBGene00012582",NA
"WBGene00012588",34.5193345136692,-1.17658515471569,0.428748059221805,-2.74423435723824,0.00606522206737694,0.0202358120936084,"WBGene00012588","WBGene00012588",NA
"WBGene00012595",299.924921303004,-4.72624830738233,1.09515260267028,-4.31560706321516,1.5916488532649e-05,0.000116246484720057,"WBGene00012595","WBGene00012595",NA
"WBGene00012605",64.9558505383155,-2.94851471678805,0.608889476711301,-4.84244650230023,1.28250171619809e-06,1.26158272743423e-05,"WBGene00012605","WBGene00012605",NA
"WBGene00012607",16.2868872090429,1.85909380939812,0.592941573856884,3.13537436295004,0.00171634928918097,0.00689160775781194,"WBGene00012607","WBGene00012607",NA
"WBGene00012627",13.6422240380724,-3.07952436204483,1.07154610624506,-2.87390747266692,0.00405427719883355,0.0142764138469459,"WBGene00012627","WBGene00012627",NA
"WBGene00012628",21.4353739504594,1.28211860970031,0.526847367552866,2.43356745931099,0.0149508491936473,0.0434069647622997,"WBGene00012628","WBGene00012628",NA
"WBGene00012637",92.5781795584341,-4.66203534050454,1.26607588727896,-3.68227164528355,0.000231164901662424,0.00120673482084041,"WBGene00012637","WBGene00012637",NA
"WBGene00012638",38.9812712697128,-7.45728206857893,1.39721979004002,-5.33722906141012,9.43777790743573e-08,1.23756109753192e-06,"WBGene00012638","WBGene00012638",NA
"WBGene00012683",105.690630967593,-2.20793574542319,0.535409633810047,-4.12382520970201,3.72631711858365e-05,0.000245100094688984,"WBGene00012683","WBGene00012683",NA
"WBGene00012686",60.2497934700681,-1.31309447094025,0.328658355106496,-3.99531747949863,6.46076156437705e-05,0.000395137633888066,"WBGene00012686","WBGene00012686",NA
"WBGene00012689",46.40244520374,-5.33296461154527,0.96907076491676,-5.50317356029552,3.7301487559477e-08,5.2578911409034e-07,"WBGene00012689","WBGene00012689",NA
"WBGene00012717",209.657623422636,-1.17771477596379,0.282207667496548,-4.17322033242841,3.00324250310594e-05,0.000204796493782888,"WBGene00012717","WBGene00012717",NA
"WBGene00012720",10.7868579121101,-2.55198500941487,0.962769198122335,-2.6506716400898,0.00803318983762833,0.0257787117982088,"WBGene00012720","WBGene00012720",NA
"WBGene00012741",33.2133479911995,-4.85352887508569,1.01271237102441,-4.79260352095442,1.64630773609768e-06,1.58242612454903e-05,"WBGene00012741","WBGene00012741",NA
"WBGene00012758",19.6022610460207,-1.51205189543636,0.477611888343153,-3.16585900045684,0.00154625725665552,0.00628931558604932,"WBGene00012758","WBGene00012758",NA
"WBGene00012761",16.415453716832,-5.03258816442145,1.25017702757082,-4.02550043188691,5.68542761026446e-05,0.000353927773665113,"WBGene00012761","WBGene00012761",NA
"WBGene00012778",125.612852753704,1.86060325400939,0.425451025460529,4.37324895855024,1.22410991997189e-05,9.18918229315034e-05,"WBGene00012778","WBGene00012778",NA
"WBGene00012781",216.798619836796,-4.47503486362449,1.16166859070652,-3.85224744770177,0.000117038662543686,0.00066913344149476,"WBGene00012781","WBGene00012781",NA
"WBGene00012784",19.0859593743765,-5.80558047178477,1.31597076038842,-4.41163333300143,1.02593745878472e-05,7.91777759093413e-05,"WBGene00012784","WBGene00012784",NA
"WBGene00012786",65.3228776974403,-4.03068190259679,0.720649498793617,-5.59312385472305,2.23020077873629e-08,3.28621234334823e-07,"WBGene00012786","WBGene00012786",NA
"WBGene00012809",134.085523898987,-5.97088219949143,1.22601208855219,-4.87016584521815,1.11504620103558e-06,1.11738970231223e-05,"WBGene00012809","WBGene00012809",NA
"WBGene00012810",42.1492263350271,-1.56756464626428,0.604742547190778,-2.5921189993099,0.00953867710099413,0.0298479907135011,"WBGene00012810","WBGene00012810",NA
"WBGene00012819",95.4478009546292,-1.69692358157671,0.365509091720765,-4.64263029296436,3.44001570139495e-06,3.03694530080531e-05,"WBGene00012819","WBGene00012819",NA
"WBGene00012827",66.459078935435,-5.27216114907851,0.800075347806049,-6.58958079827822,4.41070148358101e-11,1.08693372939351e-09,"WBGene00012827","WBGene00012827",NA
"WBGene00012831",51.1359413345767,-3.41404299768153,0.715149272044245,-4.7738886567311,1.80702311891359e-06,1.71613165705196e-05,"WBGene00012831","WBGene00012831",NA
"WBGene00012840",29.5757217923988,2.90140537479931,0.629113943371063,4.61189170160866,3.99020883453855e-06,3.44604561160481e-05,"WBGene00012840","WBGene00012840",NA
"WBGene00012854",118.089853499625,-1.14888739099861,0.321539422118034,-3.57308408228981,0.000352801415064602,0.00174725939900151,"WBGene00012854","WBGene00012854",NA
"WBGene00012855",39.3716519524111,-6.06455242523886,1.31133275497173,-4.6247242755479,3.75097029589284e-06,3.27305362876657e-05,"WBGene00012855","WBGene00012855",NA
"WBGene00012859",29.7640016534429,-2.39272229107112,0.607108589080897,-3.94117680774944,8.10828302542805e-05,0.000484699662410887,"WBGene00012859","WBGene00012859",NA
"WBGene00012871",16.3126214010349,-3.62032265180306,1.18389085661017,-3.05798683348997,0.00222829366381431,0.00862181952812615,"WBGene00012871","WBGene00012871",NA
"WBGene00012877",11.7065840322313,-2.36214802726709,0.976857705730494,-2.41810860825495,0.0156014193902195,0.0449578805129853,"WBGene00012877","WBGene00012877",NA
"WBGene00012878",124.011828221294,2.90305707664323,0.406099442372413,7.14863595892601,8.76444175368758e-13,2.73515646256455e-11,"WBGene00012878","WBGene00012878",NA
"WBGene00012886",58.9673265731455,3.38634848356087,0.376910515035387,8.98448928452669,2.59938697881108e-19,1.73612327514705e-17,"WBGene00012886","WBGene00012886",NA
"WBGene00012899",67.3415543417141,2.74131982905,0.652769308423139,4.19952316029083,2.67477671472797e-05,0.000184867425452644,"WBGene00012899","WBGene00012899",NA
"WBGene00012901",157.12381232137,-2.13849762870677,0.674004708636074,-3.17282298076859,0.00150964539633655,0.00616496047138239,"WBGene00012901","WBGene00012901",NA
"WBGene00012905",14.8804540681113,-4.23582997624768,0.933397218236114,-4.53807863735906,5.67690923376375e-06,4.70377180743103e-05,"WBGene00012905","WBGene00012905",NA
"WBGene00012911",337.367860618397,-1.38293124847545,0.20004965752413,-6.91293984499146,4.74711287526079e-12,1.34663837783964e-10,"WBGene00012911","WBGene00012911",NA
"WBGene00012912",22.3447299654396,-7.63115281171639,1.63221347241596,-4.67533992377907,2.93467113866478e-06,2.65132666411562e-05,"WBGene00012912","WBGene00012912",NA
"WBGene00012922",58.6631544576609,1.85274821690781,0.482447398099692,3.84031134628476,0.00012287837027052,0.000698330237088089,"WBGene00012922","WBGene00012922",NA
"WBGene00012925",33.2685612182429,-5.4305503355133,1.07133622478437,-5.06895054034629,4.00015149278706e-07,4.42182252795093e-06,"WBGene00012925","WBGene00012925",NA
"WBGene00012926",96.280956589682,-3.71534687954042,0.658550730496086,-5.64170185756479,1.68377481589154e-08,2.54130870575901e-07,"WBGene00012926","WBGene00012926",NA
"WBGene00012933",174.982537428245,-1.08143938927858,0.317806885914382,-3.40281925033532,0.000666943864969799,0.00305630928567276,"WBGene00012933","WBGene00012933",NA
"WBGene00012937",60.2862186660127,-4.5465149994663,0.777243198090597,-5.84953977163831,4.9293501119574e-09,8.18295019166169e-08,"WBGene00012937","WBGene00012937",NA
"WBGene00012938",21.7432156670865,-1.86958533750873,0.513012176916751,-3.64432935831095,0.000268089934061295,0.00137291631226732,"WBGene00012938","WBGene00012938",NA
"WBGene00012939",11.1267694886378,1.96914098042707,0.727815186423848,2.70555082822953,0.00681912117441355,0.0223801834548549,"WBGene00012939","WBGene00012939",NA
"WBGene00012946",15.478422496531,-2.05241423343417,0.745276714325162,-2.75389555850085,0.00588905578206167,0.0197633891272617,"WBGene00012946","WBGene00012946",NA
"WBGene00012959",29.6918185085809,-2.30392024651561,0.649453229873269,-3.54747677052155,0.000388940048384867,0.00190120386852425,"WBGene00012959","WBGene00012959",NA
"WBGene00012979",34.7022742347692,-4.61641683610884,1.09878632127463,-4.2013781448914,2.65295031899865e-05,0.000183536393559766,"WBGene00012979","WBGene00012979",NA
"WBGene00012989",31.1467444417323,-1.46629105963039,0.574877412736225,-2.55061518707325,0.0107532983337992,0.033081552536589,"WBGene00012989","WBGene00012989",NA
"WBGene00013033",45.970506626468,-4.09966838468679,0.999563911221766,-4.10145698405195,4.10556836381247e-05,0.00026641464379952,"WBGene00013033","WBGene00013033",NA
"WBGene00013037",86.6028178681248,-1.37394824978426,0.283569225945445,-4.8451951907101,1.26487263399681e-06,1.24681548673907e-05,"WBGene00013037","WBGene00013037",NA
"WBGene00013074",42.2911575066919,2.81234512502156,0.533168513335386,5.2747772133582,1.32917459089026e-07,1.66941058238968e-06,"WBGene00013074","WBGene00013074",NA
"WBGene00013079",132.11902353621,2.5293013942807,0.409920768176374,6.17022017579853,6.81949633708144e-10,1.3500146973117e-08,"WBGene00013079","WBGene00013079",NA
"WBGene00013082",131.224676958783,1.82812287951352,0.353371083917868,5.17337994734856,2.29896856173238e-07,2.69779619481452e-06,"WBGene00013082","WBGene00013082",NA
"WBGene00013085",14.3538972657119,-4.31220769015553,1.182482431309,-3.6467414449295,0.000265586921794708,0.00136205018773296,"WBGene00013085","WBGene00013085",NA
"WBGene00013087",27.8680247768717,-4.13597206197645,0.845840406169289,-4.88977829837638,1.00949608932548e-06,1.02186456124144e-05,"WBGene00013087","WBGene00013087",NA
"WBGene00013091",34.3843620352888,-2.31694495713082,0.443751591423029,-5.22126568538223,1.77704374199438e-07,2.15065928910463e-06,"WBGene00013091","WBGene00013091",NA
"WBGene00013100",62.9855269404021,3.52351719914467,0.623823794838646,5.6482571333401,1.62082624294539e-08,2.45407515788332e-07,"WBGene00013100","WBGene00013100",NA
"WBGene00013103",228.810099247602,-1.36377719070585,0.221465855423019,-6.15795689182386,7.36894064444084e-10,1.4447773474759e-08,"WBGene00013103","WBGene00013103",NA
"WBGene00013107",24.1879010879439,-1.91777353572042,0.711632105900846,-2.69489462296355,0.00704108949799306,0.0229925273463137,"WBGene00013107","WBGene00013107",NA
"WBGene00013118",94.5850821520175,-1.21024125668968,0.26432225691909,-4.57865815310493,4.67968268400248e-06,3.95545266720564e-05,"WBGene00013118","WBGene00013118",NA
"WBGene00013119",17.0900988871594,-1.87819104188127,0.69916474100938,-2.68633546818986,0.00722405173088563,0.0234933723298176,"WBGene00013119","WBGene00013119",NA
"WBGene00013138",37.4655670552388,-3.25157017100778,0.865062936785081,-3.75876717489702,0.000170752638291988,0.000927972417911556,"WBGene00013138","WBGene00013138",NA
"WBGene00013142",11.9852120230991,-5.21997893057828,1.31390680822485,-3.97286846974384,7.10122656800684e-05,0.000432273557651285,"WBGene00013142","WBGene00013142",NA
"WBGene00013145",31.2295730939992,4.83198326972042,0.945996900804242,5.10782145862476,3.25894363157735e-07,3.68513301630815e-06,"WBGene00013145","WBGene00013145",NA
"WBGene00013146",26.5210368308992,-4.33412998034163,0.737758247387537,-5.87472928386656,4.2353490371069e-09,7.09681638773376e-08,"WBGene00013146","WBGene00013146",NA
"WBGene00013148",21.7176622765879,-6.80219351730967,1.4250364053215,-4.77334718741803,1.81189040521489e-06,1.71961152468369e-05,"WBGene00013148","WBGene00013148",NA
"WBGene00013158",25.9702247608933,-2.98233234691745,0.898304509698666,-3.31995700201691,0.000900313136139835,0.00394366400700174,"WBGene00013158","WBGene00013158",NA
"WBGene00013165",55.2828027811064,-3.76536746269006,0.717839539520907,-5.24541663615116,1.55929553239933e-07,1.91469167049687e-06,"WBGene00013165","WBGene00013165",NA
"WBGene00013170",11.1829539384002,-5.38135037635351,1.56168241087509,-3.44586731519762,0.000569229777880622,0.00265621978950302,"WBGene00013170","WBGene00013170",NA
"WBGene00013190",14.4772507926137,-3.46648085026236,1.07402474814429,-3.22756142840448,0.00124850231079963,0.00522237153299946,"WBGene00013190","WBGene00013190",NA
"WBGene00013192",27.3714796442587,-5.63229468109484,1.13449297078049,-4.96459195971925,6.88456597464201e-07,7.23537510849693e-06,"WBGene00013192","WBGene00013192",NA
"WBGene00013194",18.6592358267931,-5.52788511988497,1.46158345011106,-3.78212076735333,0.000155497884343809,0.000854819715740791,"WBGene00013194","WBGene00013194",NA
"WBGene00013230",26.7999775112573,2.38465053182643,0.858369209895523,2.778117509733,0.0054674841429828,0.0185104218180998,"WBGene00013230","WBGene00013230",NA
"WBGene00013233",51.6060849661081,1.64106521637747,0.658793864995778,2.49101472186294,0.0127378841697026,0.0379850987768745,"WBGene00013233","WBGene00013233",NA
"WBGene00013234",34.1445148697123,1.26284337645881,0.53085137903398,2.37890194192746,0.0173642944423118,0.0491948187242741,"WBGene00013234","WBGene00013234",NA
"WBGene00013263",167.378607255501,2.73129953437292,0.489982825668285,5.57427605885515,2.48561315382687e-08,3.6251906946579e-07,"WBGene00013263","WBGene00013263",NA
"WBGene00013273",53.2661140658566,-1.15783388591762,0.411519573350287,-2.81355726652657,0.00489966581417231,0.0168343566062415,"WBGene00013273","WBGene00013273",NA
"WBGene00013279",10.1596382700764,-4.67357019563084,1.32622466708985,-3.52396566856663,0.000425139329758894,0.00205913806853401,"WBGene00013279","WBGene00013279",NA
"WBGene00013280",28.3022068740983,2.08152347088549,0.847055713397742,2.45736312023209,0.013996113607949,0.0411026200530954,"WBGene00013280","WBGene00013280",NA
"WBGene00013290",353.5539785172,-4.80807738550718,1.30153858817303,-3.69414893203919,0.000220624471685907,0.0011580556642698,"WBGene00013290","WBGene00013290",NA
"WBGene00013299",20.9455343175864,-7.62606675201547,1.51633609262611,-5.02927206514491,4.92345387616392e-07,5.33113077666749e-06,"WBGene00013299","WBGene00013299",NA
"WBGene00013303",48.4745965313755,-3.72368067249157,0.751026491637379,-4.95812160283887,7.11780089851763e-07,7.45309364414011e-06,"WBGene00013303","WBGene00013303",NA
"WBGene00013304",30.5512861232513,-5.21249864263721,1.17137902297252,-4.44988218195155,8.59174096400543e-06,6.77340063974239e-05,"WBGene00013304","WBGene00013304",NA
"WBGene00013310",29.5073386837873,-1.90057482190368,0.559752006796807,-3.39538724082431,0.000685315962215676,0.00312447242358809,"WBGene00013310","WBGene00013310",NA
"WBGene00013318",26.6093968553072,-4.27002021380456,1.11115384362538,-3.8428703984614,0.000121603691233258,0.000692187000715635,"WBGene00013318","WBGene00013318",NA
"WBGene00013334",32.7056149151505,1.88998382842159,0.387229112439072,4.88078960932714,1.05661919949489e-06,1.06428881031575e-05,"WBGene00013334","WBGene00013334",NA
"WBGene00013366",115.692585590081,-1.40771920164673,0.337777853667833,-4.16758880536633,3.07838597773336e-05,0.000209122484694595,"WBGene00013366","WBGene00013366",NA
"WBGene00013388",16.5429646902701,-1.74785405138315,0.696753669067489,-2.50856813387494,0.0121221587795803,0.0365223472673992,"WBGene00013388","WBGene00013388",NA
"WBGene00013403",25.446850041113,3.55574794654729,0.642574785521058,5.53359395150242,3.13734807055492e-08,4.49770471137829e-07,"WBGene00013403","WBGene00013403",NA
"WBGene00013404",18.5655481936278,4.6406887489109,0.873253369437382,5.31425232507353,1.07096135137888e-07,1.37903158515841e-06,"WBGene00013404","WBGene00013404",NA
"WBGene00013418",58.2347403773513,2.56106679734841,0.417396550923537,6.13581207530767,8.47252656332701e-10,1.64089189931752e-08,"WBGene00013418","WBGene00013418",NA
"WBGene00013429",18.4821858428704,-3.20476375078528,0.894211646324356,-3.58389846962787,0.000338503711192724,0.00168638324993991,"WBGene00013429","WBGene00013429",NA
"WBGene00013437",20.4811155096795,-3.25764490910681,1.00557771729808,-3.2395754729529,0.00119707781269271,0.00504120011102442,"WBGene00013437","WBGene00013437",NA
"WBGene00013438",191.685206187769,1.39229602023516,0.365339240987123,3.81096762689185,0.000138423895865522,0.000774664347535596,"WBGene00013438","WBGene00013438",NA
"WBGene00013449",22.1819131165293,-4.5527434198356,0.925397351196782,-4.9197713976031,8.66453498498391e-07,8.95460582359906e-06,"WBGene00013449","WBGene00013449",NA
"WBGene00013452",13.7575531557693,-4.58837134722681,1.30402788949216,-3.51861442857154,0.000433806687915016,0.00209543730664729,"WBGene00013452","WBGene00013452",NA
"WBGene00013455",14.2481757035828,-3.3465313569355,0.784023809253858,-4.26840526708026,1.9687540462348e-05,0.000140556451462707,"WBGene00013455","WBGene00013455",NA
"WBGene00013473",276.878347076244,-5.0405791145857,1.39584165182096,-3.61113963608262,0.000304854461098718,0.00153750346241495,"WBGene00013473","WBGene00013473",NA
"WBGene00013474",537.001119187056,-4.63672224914382,1.24455712588368,-3.72560017753429,0.000194851048093421,0.00104229267604763,"WBGene00013474","WBGene00013474",NA
"WBGene00013475",11.1123493203189,-4.00162844749089,1.42325586106582,-2.81160159389347,0.00492955203983619,0.0169163182838295,"WBGene00013475","WBGene00013475",NA
"WBGene00013478",16.6526263688884,-3.63654820067071,1.30298285167653,-2.79094095213273,0.00525550590602656,0.0178764745156682,"WBGene00013478","WBGene00013478",NA
"WBGene00013497",60.4067133136006,-1.27282316419644,0.374098910836371,-3.40237067611557,0.000668039634239889,0.00305838901095155,"WBGene00013497","WBGene00013497",NA
"WBGene00013499",158.86959820378,-1.59150624423538,0.31294167053493,-5.08563222505627,3.66403456839415e-07,4.07548996778659e-06,"WBGene00013499","WBGene00013499",NA
"WBGene00013509",126.131143880011,1.40591033109723,0.418145527640673,3.36225126938432,0.000773097400121712,0.00345524738584729,"WBGene00013509","WBGene00013509",NA
"WBGene00013515",109.261522727269,-1.90345714802018,0.554393198251257,-3.43340638742381,0.000596047987922486,0.00276345500644331,"WBGene00013515","WBGene00013515",NA
"WBGene00013516",85.3234009597941,-2.06238937989432,0.35201558568462,-5.85880132518355,4.66220051432435e-09,7.78467662981751e-08,"WBGene00013516","WBGene00013516",NA
"WBGene00013521",11.5972381266286,-3.46199729884958,1.25507377932259,-2.75840142299695,0.00580848210372571,0.0195296717733596,"WBGene00013521","WBGene00013521",NA
"WBGene00013523",15.4195707525842,-5.3154507685255,1.20596015606399,-4.40765040353744,1.04498033721049e-05,8.04302851898201e-05,"WBGene00013523","WBGene00013523",NA
"WBGene00013524",10.5874808741503,-6.50746990692851,1.47860225536848,-4.4010956180415,1.07705645096079e-05,8.26765190847613e-05,"WBGene00013524","WBGene00013524",NA
"WBGene00013526",27.982010581627,-4.93721591923859,0.959633746256818,-5.14489610072267,2.67668912116388e-07,3.09780709382959e-06,"WBGene00013526","WBGene00013526",NA
"WBGene00013543",90.5586470957592,1.30250589539705,0.448998224920234,2.90091546715679,0.00372074236086029,0.013295142640944,"WBGene00013543","WBGene00013543",NA
"WBGene00013556",32.9433453506573,-3.89788683315581,0.712514043029397,-5.47061053924377,4.48487875541782e-08,6.22353126710553e-07,"WBGene00013556","WBGene00013556",NA
"WBGene00013643",164.289038428586,-1.10337052025595,0.307984932951229,-3.58254707359556,0.000340260276316497,0.00169395337143563,"WBGene00013643","WBGene00013643",NA
"WBGene00013654",190.704657394503,2.83705943648951,0.395553533191744,7.17237794236628,7.37061217746264e-13,2.32556644265946e-11,"WBGene00013654","WBGene00013654",NA
"WBGene00013656",13.4229317077744,-4.58454315385508,1.1844751385809,-3.87052712591989,0.000108600271471331,0.0006270424481192,"WBGene00013656","WBGene00013656",NA
"WBGene00013657",30.2044835033677,-4.76279265022306,0.947109423962094,-5.0287670354906,4.93643696442679e-07,5.33847126070236e-06,"WBGene00013657","WBGene00013657",NA
"WBGene00013672",209.459643785174,1.16087734081559,0.277811595177185,4.17864970709805,2.93244939708753e-05,0.000200351334763729,"WBGene00013672","WBGene00013672",NA
"WBGene00013683",176.543891897304,1.31976463044529,0.277035431399181,4.76388389665451,1.89901797925904e-06,1.79088622084746e-05,"WBGene00013683","WBGene00013683",NA
"WBGene00013684",38.6206715787243,-4.29010253110232,1.03465313089692,-4.14641622684052,3.37719662932124e-05,0.000225562015994806,"WBGene00013684","WBGene00013684",NA
"WBGene00013696",173.924501261191,-4.9148667465518,1.28624832141425,-3.82108700530535,0.000132864764910602,0.000747357766575064,"WBGene00013696","WBGene00013696",NA
"WBGene00013700",109.866149053092,-4.71189101426624,1.70022234937918,-2.77133812291477,0.00558264226820346,0.0188546091539301,"WBGene00013700","WBGene00013700",NA
"WBGene00013702",112.673932722694,-1.35112457614491,0.349720876906022,-3.86343700181213,0.000111802736570592,0.000642281556994966,"WBGene00013702","WBGene00013702",NA
"WBGene00013704",227.775781022519,-1.14316110835348,0.276591213317864,-4.1330347939858,3.58004504829273e-05,0.000236786598219565,"WBGene00013704","WBGene00013704",NA
"WBGene00013710",35.1157437963846,-3.36219515224315,0.678355712191306,-4.95638953401333,7.18151668815021e-07,7.51430585825264e-06,"WBGene00013710","WBGene00013710",NA
"WBGene00013713",131.389001682357,-4.59175402008283,0.809287423970502,-5.67382351940539,1.39644996569775e-08,2.13698708348158e-07,"WBGene00013713","WBGene00013713",NA
"WBGene00013723",113.602548336528,-4.47381089202298,0.764576058455848,-5.85136147351824,4.8756527433673e-09,8.10322147220334e-08,"WBGene00013723","WBGene00013723",NA
"WBGene00013762",49.2043210851819,-1.52423540380122,0.529476503268475,-2.87875929222933,0.00399242930788123,0.0140863470988759,"WBGene00013762","WBGene00013762",NA
"WBGene00013771",123.551654340051,-4.44116576656687,1.45445987280354,-3.05348112355023,0.00226202952403637,0.00872401186914514,"WBGene00013771","WBGene00013771",NA
"WBGene00013800",20.8245145973771,-4.04136272526039,1.1007822662669,-3.67135522537614,0.000241267732204105,0.00125306675014291,"WBGene00013800","WBGene00013800",NA
"WBGene00013801",19.4711999024094,-4.49017409444804,1.15373603551034,-3.89185563789889,9.94804341131945e-05,0.000580830818946033,"WBGene00013801","WBGene00013801",NA
"WBGene00013809",43.8262589206482,-2.2325615529946,0.622579995496675,-3.5859834385034,0.000335810271216251,0.00167647090691368,"WBGene00013809","WBGene00013809",NA
"WBGene00013811",15.4786799949558,-5.97308569931552,1.44134444551986,-4.14410706467957,3.41140346199138e-05,0.000227209644372054,"WBGene00013811","WBGene00013811",NA
"WBGene00013836",17.6468428055202,-1.59324894692514,0.544992359672183,-2.92343354663446,0.00346194113284943,0.0124984906824493,"WBGene00013836","WBGene00013836",NA
"WBGene00013847",176.904809984409,1.08919241270637,0.29683353529544,3.66937115653826,0.000243147846743045,0.00126145632431882,"WBGene00013847","WBGene00013847",NA
"WBGene00013853",38.4097654469565,-1.94871494157283,0.690098166952019,-2.82382280506525,0.00474546123230613,0.0163904726611025,"WBGene00013853","WBGene00013853",NA
"WBGene00013854",139.446040210166,-4.45195988904308,0.598458171733885,-7.43904937607356,1.01412416603243e-13,3.69767262885241e-12,"WBGene00013854","WBGene00013854",NA
"WBGene00013858",131.706695038182,-4.91264020195016,0.802115432265397,-6.12460501860125,9.09088372792821e-10,1.74410739762789e-08,"WBGene00013858","WBGene00013858",NA
"WBGene00013859",302.591697186981,-1.03062454881019,0.290690871585518,-3.54543141719189,0.000391970974363641,0.00191470988946669,"WBGene00013859","WBGene00013859",NA
"WBGene00013860",35.5350032432671,-1.60184699051461,0.562000036627053,-2.85026136319917,0.0043683316709848,0.0152470243158451,"WBGene00013860","WBGene00013860",NA
"WBGene00013869",218.653058049787,-1.02785942471225,0.275561680475421,-3.73005209918486,0.00019144018095335,0.00102519839129495,"WBGene00013869","WBGene00013869",NA
"WBGene00013879",24.7573936475459,-4.23981648843729,1.13044554177165,-3.75057119672706,0.000176432198515673,0.000954844912300083,"WBGene00013879","WBGene00013879",NA
"WBGene00013895",265.551892464054,-2.26461033603419,0.651522985469407,-3.47587174442141,0.000509195739022236,0.00240513374019988,"WBGene00013895","WBGene00013895",NA
"WBGene00013902",19.9046061976307,-1.63736075030174,0.679135080131185,-2.41095004249443,0.0159110276919826,0.0456513890724397,"WBGene00013902","WBGene00013902",NA
"WBGene00013923",39.999906076046,1.42031573591985,0.595642970241329,2.38450851748388,0.0171019521104913,0.048586404594564,"WBGene00013923","WBGene00013923",NA
"WBGene00013947",180.582538950309,1.85458970676749,0.487634711301304,3.8032356265581,0.000142818395807972,0.000794761697435058,"WBGene00013947","WBGene00013947",NA
"WBGene00013956",170.63900598149,-4.87833716184523,1.34930396557162,-3.61544713890954,0.000299829654122842,0.00151697884827532,"WBGene00013956","WBGene00013956",NA
"WBGene00013969",1499.57241406095,1.71409233815614,0.215847255690558,7.94122831292091,2.00188796362382e-15,8.99779391952054e-14,"WBGene00013969","WBGene00013969",NA
"WBGene00013978",15.7694463988398,-2.53540225750903,0.931345597768679,-2.72230014678048,0.00648292322280018,0.0213996354788644,"WBGene00013978","WBGene00013978",NA
"WBGene00013979",16.3899389298172,-5.42011070039258,1.27036491929042,-4.26657775107648,1.98494337468008e-05,0.000141429689203901,"WBGene00013979","WBGene00013979",NA
"WBGene00013982",24.7768747107748,2.95877025946547,0.640945211098565,4.61626081017783,3.90715869674533e-06,3.3884113338502e-05,"WBGene00013982","WBGene00013982",NA
"WBGene00013986",141.641687499909,-3.22247442708882,0.367232161005046,-8.77503326034818,1.70853361573294e-18,1.05714592942298e-16,"WBGene00013986","WBGene00013986",NA
"WBGene00013987",73.1686519567244,-4.63458600250992,0.756756606579362,-6.12427557581406,9.10971130555448e-10,1.74537672507091e-08,"WBGene00013987","WBGene00013987",NA
"WBGene00013988",21.2139928044991,-5.43794070816521,1.02315723092975,-5.31486319382573,1.06737487761398e-07,1.3768943254275e-06,"WBGene00013988","WBGene00013988",NA
"WBGene00013999",118.437734584855,-4.34594977043465,1.0943226270029,-3.97136060536117,7.14633110753675e-05,0.000434421022802125,"WBGene00013999","WBGene00013999",NA
"WBGene00014002",20.4469509996875,-1.35937015379413,0.51290495359344,-2.65033539697815,0.0080411899746542,0.0257985922127346,"WBGene00014002","WBGene00014002",NA
"WBGene00014007",33.0443281223562,-4.32821001071597,1.11080028682777,-3.89647901791284,9.76012588412597e-05,0.000571259128836251,"WBGene00014007","WBGene00014007",NA
"WBGene00014029",91.7609103215183,-1.57155232224118,0.380815833482415,-4.12680404559322,3.67839571565679e-05,0.000242282534395772,"WBGene00014029","WBGene00014029",NA
"WBGene00014046",28.8726342681369,-4.50920196024926,0.876140528181463,-5.14666519263601,2.65157965882713e-07,3.07621981035845e-06,"WBGene00014046","WBGene00014046",NA
"WBGene00014047",22.1699702584832,-5.09269523168907,1.34382505726157,-3.7897010508696,0.000150828693711916,0.000832996336640036,"WBGene00014047","WBGene00014047",NA
"WBGene00014053",178.111987291043,-2.30782098145656,0.329388772891178,-7.0063741432347,2.44573359194359e-12,7.20760210920614e-11,"WBGene00014053","WBGene00014053",NA
"WBGene00014057",69.2616644547533,-1.96014250799952,0.617427197104346,-3.17469414562938,0.00149994511684823,0.00613235570798391,"WBGene00014057","WBGene00014057",NA
"WBGene00014081",145.208654580616,1.2678908785512,0.236728951824844,5.35587586046222,8.5142953679349e-08,1.12680392309161e-06,"WBGene00014081","WBGene00014081",NA
"WBGene00014082",56.73861552355,-3.97091460521472,0.665278187306201,-5.96880324799687,2.39000106494533e-09,4.25938718469621e-08,"WBGene00014082","WBGene00014082",NA
"WBGene00014085",22.1087710800127,-2.779148389647,0.839485680920333,-3.31053697854643,0.000931171478870095,0.00405944906571568,"WBGene00014085","WBGene00014085",NA
"WBGene00014088",1048.31622470443,-1.03798770681667,0.205965239934673,-5.0396256530757,4.66443304226524e-07,5.08533497125073e-06,"WBGene00014088","WBGene00014088",NA
"WBGene00014104",11.1341601846729,-6.93577894240422,1.43866701396845,-4.82097585825118,1.42857647109403e-06,1.39091576984653e-05,"WBGene00014104","WBGene00014104",NA
"WBGene00014116",92.7870584998704,-4.22490838463707,1.68002065589651,-2.51479549957231,0.0119101446054207,0.0360126289073996,"WBGene00014116","WBGene00014116",NA
"WBGene00014121",46.5143447893682,-3.59338895069725,0.880136031710865,-4.08276541492364,4.45029400112723e-05,0.000285825411592559,"WBGene00014121","WBGene00014121",NA
"WBGene00014125",58.9626040618599,-1.83617456404117,0.626601996574411,-2.93036819876,0.00338560582214292,0.0122600618231286,"WBGene00014125","WBGene00014125",NA
"WBGene00014127",18.8416364443671,-6.39451680796229,1.51451067954581,-4.22216686506294,2.41964867342753e-05,0.000168620372936615,"WBGene00014127","WBGene00014127",NA
"WBGene00014129",27.0031424779271,-5.43085261496142,1.07174337508578,-5.06730691433175,4.03483441686288e-07,4.45671470789963e-06,"WBGene00014129","WBGene00014129",NA
"WBGene00014134",10.3071344723647,-4.29022819004946,0.922611806455831,-4.65009027635378,3.31789765308277e-06,2.94551000965913e-05,"WBGene00014134","WBGene00014134",NA
"WBGene00014136",107.008443513099,-1.52204828255817,0.4287885533841,-3.5496476539446,0.000385747072032228,0.00188941511136014,"WBGene00014136","WBGene00014136",NA
"WBGene00014138",148.60713078758,1.43831836472007,0.312086394903185,4.6087185734779,4.05158299244792e-06,3.49345109177696e-05,"WBGene00014138","WBGene00014138",NA
"WBGene00014148",260.016245475066,1.18163046548238,0.397422708623691,2.97323338561722,0.00294680291490006,0.0108974525388529,"WBGene00014148","WBGene00014148",NA
"WBGene00014149",10.6700536324159,2.77860605263898,0.909764969510005,3.05420206950321,0.0022566002862535,0.00871718591660035,"WBGene00014149","WBGene00014149",NA
"WBGene00014152",175.259055515864,-1.39054186099761,0.307051074386965,-4.52869889406464,5.93480008066032e-06,4.88986170723585e-05,"WBGene00014152","WBGene00014152",NA
"WBGene00014153",56.3651940517522,1.39719319488219,0.337352466320663,4.14164215285184,3.44828050546697e-05,0.00022881278210139,"WBGene00014153","WBGene00014153",NA
"WBGene00014154",24.6350448967867,-4.41347741134886,1.07450980345264,-4.10743335906977,4.00080157597309e-05,0.00026027973111235,"WBGene00014154","WBGene00014154",NA
"WBGene00014158",229.749172655334,-5.13799777605267,0.686094759741333,-7.48875822632688,6.95282828230361e-14,2.60148624709334e-12,"WBGene00014158","WBGene00014158",NA
"WBGene00014159",50.5451197458242,2.23110179793717,0.407408907756054,5.47632060925163,4.34260581611101e-08,6.05549901752924e-07,"WBGene00014159","WBGene00014159",NA
"WBGene00014164",501.014097761065,-1.15242918260331,0.271048651180042,-4.25174291621107,2.12113270147559e-05,0.00015060779782509,"WBGene00014164","WBGene00014164",NA
"WBGene00014168",19.9570626483857,-3.50580391958778,1.00211766509576,-3.49839548956836,0.000468066491964441,0.00223823163922642,"WBGene00014168","WBGene00014168",NA
"WBGene00014169",112.489107018582,-5.28379088338474,0.820758860375702,-6.43768972651248,1.21305647801631e-10,2.75647317015694e-09,"WBGene00014169","WBGene00014169",NA
"WBGene00014173",206.051043715886,5.71228935517702,1.52629839044503,3.74257706811277,0.000182142644485821,0.000981839520126084,"WBGene00014173","WBGene00014173",NA
"WBGene00014174",14.0218147547189,-4.86801858391308,1.26908575726007,-3.83584683388381,0.000125132377859432,0.000709166168415883,"WBGene00014174","WBGene00014174",NA
"WBGene00014179",89.6801163358525,-3.91872225875199,0.889665637106487,-4.4047135185496,1.05923765758101e-05,8.14399345874417e-05,"WBGene00014179","WBGene00014179",NA
"WBGene00014197",61.6358079834544,-5.02352581505537,1.09148424761254,-4.60247211633478,4.17505472819163e-06,3.58618132392085e-05,"WBGene00014197","WBGene00014197",NA
"WBGene00014199",361.663693449065,2.98743898668569,0.631032365140163,4.73420881672548,2.19911231288017e-06,2.03574561450753e-05,"WBGene00014199","WBGene00014199",NA
"WBGene00014206",115.79232239929,1.31976194349972,0.213245283657687,6.18893848840416,6.05707116323781e-10,1.20744376758937e-08,"WBGene00014206","WBGene00014206",NA
"WBGene00014223",22.1026014022635,-3.2491526596702,0.655145277562117,-4.95943841915602,7.06972536705353e-07,7.40818069437655e-06,"WBGene00014223","WBGene00014223",NA
"WBGene00014229",23.9513477919899,-3.44055901960626,0.777677813921908,-4.42414449533435,9.68252013962985e-06,7.52950273970236e-05,"WBGene00014229","WBGene00014229",NA
"WBGene00014233",104.81645437465,-1.58747760483465,0.230646472108929,-6.88273091853283,5.87158750055411e-12,1.65201968790197e-10,"WBGene00014233","WBGene00014233",NA
"WBGene00014238",38.8108150975139,-5.32068175230887,1.69988254424429,-3.13002905425696,0.00174789014508152,0.00698618396075228,"WBGene00014238","WBGene00014238",NA
"WBGene00014239",13.9221668224579,-6.73050887186431,1.43585135792273,-4.68746909958802,2.7660444913095e-06,2.51815757415838e-05,"WBGene00014239","WBGene00014239",NA
"WBGene00014240",76.2773871460819,-5.4296914301574,0.717942943420152,-7.56284532067593,3.94346447370947e-14,1.53162874246548e-12,"WBGene00014240","WBGene00014240",NA
"WBGene00014244",170.278705388203,1.05980190189867,0.229422873095257,4.61942563790765,3.84803757260953e-06,3.34753505936142e-05,"WBGene00014244","WBGene00014244",NA
"WBGene00014245",16.1902716230784,-2.85031672073564,0.985475446269202,-2.892326471985,0.00382400357883978,0.0135948939447108,"WBGene00014245","WBGene00014245",NA
"WBGene00014246",20.7556029299029,-6.79975299602267,1.3340370169837,-5.09712467454398,3.4485122567271e-07,3.8719234631108e-06,"WBGene00014246","WBGene00014246",NA
"WBGene00014247",82.3121144480608,-4.84784189965793,1.47149584344729,-3.29449921401125,0.000985972204166824,0.0042588397443809,"WBGene00014247","WBGene00014247",NA
"WBGene00014472",223.498538717115,-1.34669810950555,0.311964226671784,-4.31683505468851,1.58282346152753e-05,0.000115661021143216,"WBGene00014472","WBGene00014472",NA
"WBGene00014665",62.2636286907853,-5.67696766092166,0.963132040883841,-5.89427764827765,3.76323953884225e-09,6.38054362143206e-08,"WBGene00014665","WBGene00014665",NA
"WBGene00014666",221.056240292666,1.18911610450231,0.338479011674568,3.51311621544674,0.000442883716663798,0.00213064185872624,"WBGene00014666","WBGene00014666",NA
"WBGene00014698",69.8347517512627,6.42808531642903,0.591927739585184,10.8595777601735,1.79577601029491e-27,2.42141759576841e-25,"WBGene00014698","WBGene00014698",NA
"WBGene00014732",10.437741272414,-2.41617948673264,0.870647216547069,-2.7751532891991,0.00551756948650604,0.0186657090344688,"WBGene00014732","WBGene00014732",NA
"WBGene00014813",27.0051467626899,-4.62479699683904,0.954354099727889,-4.8459968874841,1.25977490834118e-06,1.24350571580943e-05,"WBGene00014813","WBGene00014813",NA
"WBGene00014821",41.8377196403555,-2.04466938701099,0.404507784734924,-5.05470961047357,4.31046115100153e-07,4.73190639257027e-06,"WBGene00014821","WBGene00014821",NA
"WBGene00014954",45.5032377900667,1.01088639140073,0.313999413835042,3.21938942195539,0.00128463896183372,0.00535472285841043,"WBGene00014954","WBGene00014954",NA
"WBGene00015014",34.673609088077,-1.22884587194511,0.444257179164727,-2.76606868628557,0.00567365831435417,0.019139390674313,"WBGene00015014","WBGene00015014",NA
"WBGene00015024",127.634748141959,-4.36889418678712,1.26982079175615,-3.44055965625274,0.000580512448510082,0.00270445385480919,"WBGene00015024","WBGene00015024",NA
"WBGene00015032",13.8649083429284,-3.34019505744027,1.00026779036126,-3.33930082486602,0.000839895565885447,0.00371085852340052,"WBGene00015032","WBGene00015032",NA
"WBGene00015034",16.1828087800709,-5.43710332905192,1.23725632273572,-4.39448417368345,1.11036092264058e-05,8.46872394199667e-05,"WBGene00015034","WBGene00015034",NA
"WBGene00015037",159.888674007169,1.01108430455409,0.387270724948773,2.61079456674097,0.00903321394071954,0.0285329783104319,"WBGene00015037","WBGene00015037",NA
"WBGene00015038",33.0347706875767,-1.22326975642232,0.391462797323407,-3.12486847993302,0.00177884573676288,0.00709800170730089,"WBGene00015038","WBGene00015038",NA
"WBGene00015044",149.183748155203,-1.53489665270708,0.387704782689563,-3.95893143762448,7.52858435361773e-05,0.00045518636280143,"WBGene00015044","WBGene00015044",NA
"WBGene00015048",920.943139516841,2.26662189769368,0.301213379522437,7.5249708405627,5.27320912993642e-14,2.0098660825115e-12,"WBGene00015048","WBGene00015048",NA
"WBGene00015049",13.2169572261794,-3.48385827016595,1.09904906013239,-3.1698842176766,0.00152499691086948,0.00621876771670682,"WBGene00015049","WBGene00015049",NA
"WBGene00015051",92.2620850048499,-4.27116921693335,1.15139130081931,-3.70957224871688,0.000207609708334463,0.00110229032734936,"WBGene00015051","WBGene00015051",NA
"WBGene00015052",136.929700146378,-1.82502406570826,0.319670219938875,-5.70908377407576,1.13585975380791e-08,1.7860113818676e-07,"WBGene00015052","WBGene00015052",NA
"WBGene00015055",43.6671233699919,2.17023939267762,0.404369551524896,5.36697034802335,8.00702141559095e-08,1.06558991706743e-06,"WBGene00015055","WBGene00015055",NA
"WBGene00015063",67.9704645822544,1.14143341401111,0.348959932180375,3.27095837874335,0.00107183684030485,0.00458675567619079,"WBGene00015063","WBGene00015063",NA
"WBGene00015084",22.7696314749707,-5.737544848627,1.41712042396619,-4.04873485103612,5.14952442198136e-05,0.000324814185848009,"WBGene00015084","WBGene00015084",NA
"WBGene00015087",30.4757978127088,-1.53207940057308,0.449268903474305,-3.4101612391268,0.00064924483899828,0.00298285325740997,"WBGene00015087","WBGene00015087",NA
"WBGene00015089",50.7718572731414,-5.01109114031068,1.0688366839461,-4.68835998574632,2.75403244637159e-06,2.50881999719497e-05,"WBGene00015089","WBGene00015089",NA
"WBGene00015094",110.134651201721,-4.85469325598241,0.854117095625189,-5.68387318419018,1.31677934716481e-08,2.02373410849748e-07,"WBGene00015094","WBGene00015094",NA
"WBGene00015097",46.6079720218928,-5.53597491960799,0.989753688093217,-5.59328546708745,2.22812493931675e-08,3.28621234334823e-07,"WBGene00015097","WBGene00015097",NA
"WBGene00015106",28.2872931866403,-4.593920426821,0.881090769933415,-5.21390143170852,1.84909747761624e-07,2.22842750822672e-06,"WBGene00015106","WBGene00015106",NA
"WBGene00015107",73.2551490843909,-1.40028893518783,0.446613796515795,-3.13534634646761,0.00171651323149867,0.00689160775781194,"WBGene00015107","WBGene00015107",NA
"WBGene00015110",82.9533221778796,-1.7473882232882,0.387638973806633,-4.50777228648804,6.55118302798781e-06,5.34452391661129e-05,"WBGene00015110","WBGene00015110",NA
"WBGene00015112",196.825977476911,1.74472008251575,0.6465039851456,2.69869965631042,0.0069610968236734,0.0227650431332465,"WBGene00015112","WBGene00015112",NA
"WBGene00015137",107.115749662341,-1.02989981255082,0.343630202854261,-2.99711667948937,0.00272546375887261,0.0102244234922746,"WBGene00015137","WBGene00015137",NA
"WBGene00015163",140.194794902782,-1.60024012538914,0.396880570351865,-4.03204451145191,5.52937109275216e-05,0.000345870026383836,"WBGene00015163","WBGene00015163",NA
"WBGene00015165",14.3715032078703,-5.23690347878419,1.26705175126471,-4.13314094989173,3.57839124115459e-05,0.000236786598219565,"WBGene00015165","WBGene00015165",NA
"WBGene00015171",210.759349471262,1.32332016436721,0.506946175449204,2.61037606841519,0.00904427359491098,0.0285552910298349,"WBGene00015171","WBGene00015171",NA
"WBGene00015177",58.2658543122886,-1.27255523886372,0.406881153147421,-3.12758462519066,0.00176249072983346,0.00703863649106164,"WBGene00015177","WBGene00015177",NA
"WBGene00015193",16.1040730937282,-5.43025860155814,1.44281046439437,-3.7636673253805,0.000167439600953616,0.00091204810077364,"WBGene00015193","WBGene00015193",NA
"WBGene00015217",199.85843826652,1.08845737724672,0.311427151409116,3.49506256060776,0.000473950650056506,0.00226107364527959,"WBGene00015217","WBGene00015217",NA
"WBGene00015227",18.1434317251653,-2.18403828554547,0.58890266137036,-3.70865752323698,0.000208361020889791,0.00110463800874547,"WBGene00015227","WBGene00015227",NA
"WBGene00015230",18.7112955287672,-4.10786503319001,1.22990785025494,-3.33997789536715,0.00083785058443549,0.00370411333230327,"WBGene00015230","WBGene00015230",NA
"WBGene00015236",83.6520552610183,-3.31555270345292,0.55356196566053,-5.98948791486548,2.10502772004479e-09,3.76089515032502e-08,"WBGene00015236","WBGene00015236",NA
"WBGene00015246",13.6856198029274,-3.6384215093449,1.22759961163093,-2.96385032617521,0.00303816020519173,0.0111945727463078,"WBGene00015246","WBGene00015246",NA
"WBGene00015287",10.0315101081709,-2.84986568455903,1.01058668387969,-2.82001111831225,0.00480219855716042,0.0165472092520477,"WBGene00015287","WBGene00015287",NA
"WBGene00015293",85.4529587719539,-1.22072226406203,0.353262287000179,-3.45556915918797,0.000549132296614156,0.00257673930252992,"WBGene00015293","WBGene00015293",NA
"WBGene00015294",69.5116628422121,-2.36188579676974,0.454670053911145,-5.19472478218527,2.05022916592854e-07,2.43590402897894e-06,"WBGene00015294","WBGene00015294",NA
"WBGene00015298",147.309840626885,1.02729497888509,0.367632562680919,2.79435252251232,0.00520037546508003,0.0177099626009423,"WBGene00015298","WBGene00015298",NA
"WBGene00015305",11.9328818839956,-5.20627543831788,1.59969742441009,-3.25453761372264,0.0011357711880774,0.00481851516509063,"WBGene00015305","WBGene00015305",NA
"WBGene00015306",22.5499699916237,-4.66622939273624,1.10711534286057,-4.21476355000159,2.50040012963431e-05,0.000173655097438597,"WBGene00015306","WBGene00015306",NA
"WBGene00015331",47.6498743017022,-7.6015145333319,1.42434833494459,-5.33683674620758,9.45821271674102e-08,1.23796917912435e-06,"WBGene00015331","WBGene00015331",NA
"WBGene00015345",12.2158180008751,-3.53108930920385,0.985211851587179,-3.58409138452329,0.000338253650599516,0.00168572504463699,"WBGene00015345","WBGene00015345",NA
"WBGene00015348",79.7038202937786,-4.9944109356348,0.880425217740607,-5.67272589993699,1.40543007187677e-08,2.14842909276306e-07,"WBGene00015348","WBGene00015348",NA
"WBGene00015351",25.138243937677,-1.97733856981709,0.508965700238548,-3.88501340835017,0.00010232424093573,0.000594762251197393,"WBGene00015351","WBGene00015351",NA
"WBGene00015355",132.46068575789,2.18159274047927,0.265476515530792,8.21764869151385,2.07531847867774e-16,1.04079042160495e-14,"WBGene00015355","WBGene00015355",NA
"WBGene00015369",146.585420083139,1.52167940142314,0.302840297804577,5.02469259360284,5.04239557459356e-07,5.4393177318993e-06,"WBGene00015369","WBGene00015369",NA
"WBGene00015371",38.7472286564844,-1.7656404588248,0.408942127627729,-4.31758026268234,1.57749052716832e-05,0.00011533029209625,"WBGene00015371","WBGene00015371",NA
"WBGene00015382",40.9945920385984,-1.34144711375778,0.357420522752009,-3.75313399305982,0.000174637445282756,0.000945848050559466,"WBGene00015382","WBGene00015382",NA
"WBGene00015386",18.6831880851469,-3.14667206492576,0.920175008278366,-3.41964521598249,0.000627028553883277,0.00289474131804059,"WBGene00015386","WBGene00015386",NA
"WBGene00015390",30.8645862149447,-1.74378091533176,0.527452383077616,-3.30604424451934,0.000946231450463403,0.00411579624093471,"WBGene00015390","WBGene00015390",NA
"WBGene00015393",36.064392888739,-1.81097776544307,0.520164513321155,-3.48154808539381,0.000498524263695463,0.00236253557725439,"WBGene00015393","WBGene00015393",NA
"WBGene00015400",313.586498544019,1.02062851999706,0.221963254613472,4.59818685653347,4.26183680583815e-06,3.65194445238877e-05,"WBGene00015400","WBGene00015400",NA
"WBGene00015402",34.7769390434775,-1.88252180894941,0.558091554876544,-3.37314154371292,0.000743157393131182,0.00334338955619263,"WBGene00015402","WBGene00015402",NA
"WBGene00015410",261.058830248799,-1.1352842662251,0.20801407299378,-5.45772817139659,4.82265210065928e-08,6.64187460910324e-07,"WBGene00015410","WBGene00015410",NA
"WBGene00015422",14.7282767858368,-7.11639505079973,1.44698745309113,-4.91807654281819,8.73987396221395e-07,9.02594064609277e-06,"WBGene00015422","WBGene00015422",NA
"WBGene00015434",90.0445172331073,-1.6070034009034,0.351339045295012,-4.57393911215883,4.78638989219557e-06,4.03905263902736e-05,"WBGene00015434","WBGene00015434",NA
"WBGene00015449",72.8346392106761,3.94576564144072,0.598214478323659,6.59590462019191,4.22670604445037e-11,1.04519566597455e-09,"WBGene00015449","WBGene00015449",NA
"WBGene00015455",16.9852647916902,-2.79164864538464,0.853224735260005,-3.27187964673098,0.00106835044345878,0.00457457546086171,"WBGene00015455","WBGene00015455",NA
"WBGene00015467",30.0749460739151,-4.78919242587547,1.14126676589065,-4.19638297461328,2.71211495070924e-05,0.00018717652820129,"WBGene00015467","WBGene00015467",NA
"WBGene00015471",37.5256021428791,-1.78906823644666,0.420814798845164,-4.25143849825712,2.12401840502271e-05,0.000150663002793993,"WBGene00015471","WBGene00015471",NA
"WBGene00015474",131.099455755075,1.67745678413891,0.309463009545609,5.42054052470424,5.94191005362183e-08,8.05002089065562e-07,"WBGene00015474","WBGene00015474",NA
"WBGene00015476",283.571989048079,-2.32011625627917,0.476261367995259,-4.87151890157564,1.10743566028206e-06,1.1107773959587e-05,"WBGene00015476","WBGene00015476",NA
"WBGene00015497",112.318475875291,-1.05302746679349,0.383084431186017,-2.74881300587798,0.00598114974802847,0.020011370165864,"WBGene00015497","WBGene00015497",NA
"WBGene00015511",12.1050381092253,-3.91240849315909,1.24254124346374,-3.14871519455785,0.00163989932967268,0.006621209355653,"WBGene00015511","WBGene00015511",NA
"WBGene00015516",72.3165136858796,-4.93748638735599,0.891094864569508,-5.5409211562916,3.00884674267977e-08,4.33086067403041e-07,"WBGene00015516","WBGene00015516",NA
"WBGene00015517",37.980474050432,-1.2452749195546,0.397691768445004,-3.13125646131347,0.00174060085396719,0.00696483986723209,"WBGene00015517","WBGene00015517",NA
"WBGene00015518",139.351374974051,2.03170788788407,0.472133916112106,4.30324494502455,1.68314588797302e-05,0.000122304037502788,"WBGene00015518","WBGene00015518",NA
"WBGene00015529",85.3140138409824,1.17357319243401,0.403066790153253,2.91160974087644,0.0035957157401658,0.0129097124024591,"WBGene00015529","WBGene00015529",NA
"WBGene00015537",23.0014124097081,-2.58965746599194,0.65760796486482,-3.93799589474905,8.21649999475955e-05,0.000489734922540026,"WBGene00015537","WBGene00015537",NA
"WBGene00015541",72.1679344339645,1.43026046841025,0.411138013529247,3.47878430440612,0.000503693829782895,0.00238315743653784,"WBGene00015541","WBGene00015541",NA
"WBGene00015551",989.099175880777,-1.29371811863225,0.277996943471741,-4.6537134634495,3.26009763762511e-06,2.90321342894552e-05,"WBGene00015551","WBGene00015551",NA
"WBGene00015558",18.2014875006423,-4.30135178624646,0.922983570690594,-4.66026906960879,3.15796288894182e-06,2.82238659079002e-05,"WBGene00015558","WBGene00015558",NA
"WBGene00015569",318.743394806408,1.66913842756941,0.31038965959199,5.37755809830619,7.55028530743328e-08,1.00856287756209e-06,"WBGene00015569","WBGene00015569",NA
"WBGene00015572",32.7533504530102,-4.28611826385311,1.01115733812119,-4.23882426825588,2.24693453706514e-05,0.000158516462676565,"WBGene00015572","WBGene00015572",NA
"WBGene00015580",241.806046638357,-1.19522745050884,0.334438184874954,-3.57383667464805,0.000351788408089163,0.00174311236000048,"WBGene00015580","WBGene00015580",NA
"WBGene00015597",30.3056385493883,-2.3155750229268,0.841105840106365,-2.75301265609329,0.00590496134266251,0.0198074659635473,"WBGene00015597","WBGene00015597",NA
"WBGene00015607",20.0163433230274,2.18048011935409,0.833507652147426,2.61602891555507,0.00889590237265605,0.0281802155612529,"WBGene00015607","WBGene00015607",NA
"WBGene00015609",68.1674138867257,-1.37897549598586,0.430425859952403,-3.20374685698101,0.00135651691964709,0.00561015518880667,"WBGene00015609","WBGene00015609",NA
"WBGene00015613",163.711731657111,4.16029095129416,1.16636707300847,3.56687962783733,0.00036125732025077,0.00178295955743932,"WBGene00015613","WBGene00015613",NA
"WBGene00015623",240.821129532298,2.38650607278361,0.304816772492046,7.82931350290404,4.9054105400922e-15,2.1118383388415e-13,"WBGene00015623","WBGene00015623",NA
"WBGene00015627",72.2770285270125,-3.86054545689573,1.4055836210006,-2.74657828905796,0.00602205114103314,0.020124661435302,"WBGene00015627","WBGene00015627",NA
"WBGene00015629",54.3368161258893,-4.50827052481398,1.65037820954476,-2.73165902139337,0.00630163219297843,0.0209074347572518,"WBGene00015629","WBGene00015629",NA
"WBGene00015632",193.575412446184,-1.14966447152874,0.198134495769895,-5.80244478409209,6.53549189740361e-09,1.06391555455114e-07,"WBGene00015632","WBGene00015632",NA
"WBGene00015634",60.3627500750439,-3.46193509005189,0.786919681511561,-4.39934998626798,1.08575601250693e-05,8.31542991147623e-05,"WBGene00015634","WBGene00015634",NA
"WBGene00015646",110.305059423122,1.42021913086107,0.355297056330979,3.99727243880698,6.40765401053351e-05,0.000392393310936398,"WBGene00015646","WBGene00015646",NA
"WBGene00015660",2463.59893455114,6.99242003455379,0.769063909972371,9.0921182802675,9.71279511976405e-20,6.87252379439542e-18,"WBGene00015660","WBGene00015660",NA
"WBGene00015661",13.3542411892637,-4.96846434705855,1.37236200879177,-3.62037444583067,0.00029417697575441,0.00149207647780617,"WBGene00015661","WBGene00015661",NA
"WBGene00015688",377.976771701765,-4.53919848458355,1.12653930857028,-4.02932986896334,5.59360809770464e-05,0.000349124194499967,"WBGene00015688","WBGene00015688",NA
"WBGene00015689",120.236222601756,-4.9311945007708,0.838110968139243,-5.88370119021224,4.01191877611295e-09,6.76207017299321e-08,"WBGene00015689","WBGene00015689",NA
"WBGene00015692",382.535036372655,3.38850325607645,0.373566639720433,9.07067948736621,1.18277091303041e-19,8.20647799026391e-18,"WBGene00015692","WBGene00015692",NA
"WBGene00015693",444.124140845114,2.25543810745189,0.273188090096836,8.25598988100989,1.50648390033798e-16,7.74538647033481e-15,"WBGene00015693","WBGene00015693",NA
"WBGene00015695",1015.13934186966,2.52655335167167,0.356054192770318,7.09597977772302,1.28438258979152e-12,3.91421755989131e-11,"WBGene00015695","WBGene00015695",NA
"WBGene00015696",19.8656227197324,-4.15572531203054,0.973962336637302,-4.266823423972,1.98275969171927e-05,0.000141344559968796,"WBGene00015696","WBGene00015696",NA
"WBGene00015739",25.2168313163084,1.5929972918385,0.425119141456751,3.74717846479413,0.000178834853611016,0.000966384333709738,"WBGene00015739","WBGene00015739",NA
"WBGene00015740",60.8218873264518,-1.21130953051261,0.362587171680414,-3.3407401726288,0.000835553777188162,0.00369624578686178,"WBGene00015740","WBGene00015740",NA
"WBGene00015741",13.6945942147652,-1.44086392129912,0.558263933816587,-2.5809726081508,0.0098522398724856,0.0307100184481279,"WBGene00015741","WBGene00015741",NA
"WBGene00015751",13.1099157793246,-1.73240599583295,0.573943239379987,-3.01842739310671,0.00254090280068815,0.00962574352394464,"WBGene00015751","WBGene00015751",NA
"WBGene00015759",85.503517703376,1.62620283079593,0.506873668216239,3.20830008100198,0.00133522102621257,0.00553810624714345,"WBGene00015759","WBGene00015759",NA
"WBGene00015765",81.5818682421243,-3.90454203397584,0.710694078281423,-5.49398419558761,3.92965673230547e-08,5.51734613701789e-07,"WBGene00015765","WBGene00015765",NA
"WBGene00015780",525.258709461809,-1.36682990057411,0.468408676143655,-2.91802857245736,0.00352252070877419,0.0126858269771627,"WBGene00015780","WBGene00015780",NA
"WBGene00015781",30.637269487001,5.05073441311243,0.931537539823082,5.42193330616785,5.89578807297545e-08,8.00293405001343e-07,"WBGene00015781","WBGene00015781",NA
"WBGene00015794",73.6967880389188,-2.08634545514518,0.455728322170828,-4.57804651070847,4.69338352191094e-06,3.96468857438966e-05,"WBGene00015794","WBGene00015794",NA
"WBGene00015796",54.3704128369565,-1.3329885431545,0.405162228011932,-3.2900118791805,0.00100183153202838,0.00431951073522825,"WBGene00015796","WBGene00015796",NA
"WBGene00015820",39.4502144518022,-4.03372047873866,0.952109062177425,-4.23661599177907,2.26913723798121e-05,0.000159688717589687,"WBGene00015820","WBGene00015820",NA
"WBGene00015828",9.98099027289079,-4.18922105089469,1.28995988500932,-3.24755916798484,0.00116399459713181,0.00491781696033254,"WBGene00015828","WBGene00015828",NA
"WBGene00015855",24.2936529949961,-3.2202676430428,0.77694034062969,-4.14480684634402,3.40100262987831e-05,0.000226834020479938,"WBGene00015855","WBGene00015855",NA
"WBGene00015865",72.1433445754247,-2.55707825100266,0.816286309021739,-3.13257520399569,0.0017328002985193,0.00693946339918211,"WBGene00015865","WBGene00015865",NA
"WBGene00015887",661.994247640276,1.42587424758403,0.199457430112465,7.14876476038044,8.75622337210699e-13,2.73515646256455e-11,"WBGene00015887","WBGene00015887",NA
"WBGene00015889",28.9567531539712,-1.20317118984876,0.481105932731623,-2.50084463315053,0.0123897519276862,0.037164055467454,"WBGene00015889","WBGene00015889",NA
"WBGene00015894",871.907877846786,2.26178223641431,0.243369581078455,9.29361108480186,1.49140601342995e-20,1.11605581936933e-18,"WBGene00015894","WBGene00015894",NA
"WBGene00015897",118.870695896912,1.17151720737665,0.212850707411047,5.50393851928464,3.71399112393819e-08,5.24028382373628e-07,"WBGene00015897","WBGene00015897",NA
"WBGene00015907",82.3497270116943,-5.24697462532809,0.708611174224334,-7.4045891684838,1.31557106575545e-13,4.63139340956715e-12,"WBGene00015907","WBGene00015907",NA
"WBGene00015908",18.4571870886064,-5.49322242991443,1.26244855032057,-4.35124459410212,1.35366941008971e-05,0.000100300657741899,"WBGene00015908","WBGene00015908",NA
"WBGene00015917",19.702403767154,-4.55257244986719,1.01430486242266,-4.48836697774811,7.17712170946959e-06,5.79890336876478e-05,"WBGene00015917","WBGene00015917",NA
"WBGene00015929",79.3465101562586,-5.07585517554027,0.889784074530926,-5.70459206995376,1.16622044022078e-08,1.82771806492058e-07,"WBGene00015929","WBGene00015929",NA
"WBGene00015931",52.3541360687382,-3.88170114187103,1.44480648761361,-2.68665816159398,0.00721707710447324,0.0234823182698982,"WBGene00015931","WBGene00015931",NA
"WBGene00015933",179.349441251275,7.66115416724319,0.720734060552896,10.6296546625895,2.16914186647378e-26,2.71960918399209e-24,"WBGene00015933","WBGene00015933",NA
"WBGene00015936",86.732210747958,-1.07382963014436,0.336060633471811,-3.19534489669536,0.00139663829457074,0.00576274571140289,"WBGene00015936","WBGene00015936",NA
"WBGene00015937",130.671772119333,-4.51732453521689,1.15543505205662,-3.9096308591091,9.24372698273195e-05,0.000543706130716822,"WBGene00015937","WBGene00015937",NA
"WBGene00015944",20.5176764063264,-3.99410559379225,1.07396404213085,-3.71903102627864,0.000199988488400853,0.00106658039728111,"WBGene00015944","WBGene00015944",NA
"WBGene00015947",239.209449521556,-1.50386607556143,0.310681036096418,-4.84054673711952,1.29482398515767e-06,1.26933602330992e-05,"WBGene00015947","WBGene00015947",NA
"WBGene00015987",39.1636034138951,-4.46193960424776,0.90236013060198,-4.9447437369281,7.62440936770645e-07,7.94862750493277e-06,"WBGene00015987","WBGene00015987",NA
"WBGene00015988",19.6031232996361,-3.72300783061502,1.00264131798859,-3.71320008842623,0.000204654956590321,0.00108862422573333,"WBGene00015988","WBGene00015988",NA
"WBGene00015992",19.3776640895847,-7.57119679808424,1.45555750653603,-5.2015786144392,1.97602853616015e-07,2.35951343920944e-06,"WBGene00015992","WBGene00015992",NA
"WBGene00015993",27.6363526180645,-6.59216852953109,1.39454883839574,-4.72709764479428,2.2775175962623e-06,2.0988110253628e-05,"WBGene00015993","WBGene00015993",NA
"WBGene00015994",34.2966552335649,-5.72293423395324,1.07376171894005,-5.32979909136875,9.83214735225763e-08,1.28221607760783e-06,"WBGene00015994","WBGene00015994",NA
"WBGene00015997",17.1729709015314,-4.67838785494184,1.3234646430272,-3.53495492274038,0.000407844726749273,0.00198614128770949,"WBGene00015997","WBGene00015997",NA
"WBGene00016003",190.531827841045,-1.96967317034616,0.384527470534162,-5.12232108569514,3.01797407800366e-07,3.4426100157148e-06,"WBGene00016003","WBGene00016003",NA
"WBGene00016006",968.663157421281,-1.07815014725152,0.311756363874428,-3.45830998877632,0.000543575552260563,0.00255401885879692,"WBGene00016006","WBGene00016006",NA
"WBGene00016010",13.8382997848619,-3.40702759558684,0.975470192651984,-3.49270292547253,0.000478158135631446,0.00227886436564864,"WBGene00016010","WBGene00016010",NA
"WBGene00016013",95.4390719964174,1.31888499310744,0.415508853810892,3.17414413919492,0.00150279042192117,0.00613872063461539,"WBGene00016013","WBGene00016013",NA
"WBGene00016022",29.2559452243553,-1.46325241480869,0.428483295281878,-3.41495790132517,0.00063791870246636,0.0029421658645859,"WBGene00016022","WBGene00016022",NA
"WBGene00016027",757.932438830336,1.08046075725772,0.224726688465814,4.80788803783793,1.52533147578238e-06,1.47109060616448e-05,"WBGene00016027","WBGene00016027",NA
"WBGene00016040",44.6377000182288,-3.52530619694318,0.765810956575906,-4.60336348895494,4.15721726373483e-06,3.57300699642585e-05,"WBGene00016040","WBGene00016040",NA
"WBGene00016052",705.883120176698,1.69736792509351,0.302353035378503,5.61386103820209,1.97861132591967e-08,2.93973926001765e-07,"WBGene00016052","WBGene00016052",NA
"WBGene00016053",35.0088697010792,-4.75532703209217,1.07057443911992,-4.44184622603296,8.91902925248379e-06,7.00437830251378e-05,"WBGene00016053","WBGene00016053",NA
"WBGene00016054",68.6335022856411,-5.23887704837766,1.31380175892789,-3.98757043273619,6.67533901145116e-05,0.000407912015778843,"WBGene00016054","WBGene00016054",NA
"WBGene00016058",368.452115872591,-4.87328197762982,1.12235176380727,-4.34202728126746,1.41173998098984e-05,0.000104332986288975,"WBGene00016058","WBGene00016058",NA
"WBGene00016061",367.809174531781,-1.21067340327379,0.363626795012178,-3.32943946892923,0.000870209772359639,0.00382940525749271,"WBGene00016061","WBGene00016061",NA
"WBGene00016066",49.1109313245668,-1.60328831758997,0.553002847895622,-2.8992406163749,0.00374067707306764,0.0133548669584737,"WBGene00016066","WBGene00016066",NA
"WBGene00016071",30.9632209462157,2.80500564375453,0.775076411777162,3.61900530210044,0.000295737579885406,0.00149733518572515,"WBGene00016071","WBGene00016071",NA
"WBGene00016080",14.8897131390658,4.56301200163833,0.910041220755436,5.0140717778152,5.32900920563322e-07,5.72688184782825e-06,"WBGene00016080","WBGene00016080",NA
"WBGene00016083",12.695004665948,-4.49034809221559,1.33347255851278,-3.36740944802318,0.000758779403681926,0.00339975987988269,"WBGene00016083","WBGene00016083",NA
"WBGene00016085",26.7300838726182,-6.94861851044148,1.47065390899357,-4.72484958422115,2.30285744669288e-06,2.11806573266289e-05,"WBGene00016085","WBGene00016085",NA
"WBGene00016088",665.496223994619,3.88806118180254,1.44459381794627,2.69145633430029,0.00711408105617703,0.0231937866185991,"WBGene00016088","WBGene00016088",NA
"WBGene00016093",107.212728001448,2.19416381089989,0.263172927145075,8.33734622592981,7.59763565938598e-17,4.03691473901873e-15,"WBGene00016093","WBGene00016093",NA
"WBGene00016095",48.7931760816581,1.68624747702331,0.568517031788329,2.96604566396022,0.00301655696943114,0.0111294911626431,"WBGene00016095","WBGene00016095",NA
"WBGene00016101",129.737458724478,-1.06373009699063,0.34753048638943,-3.06082527619937,0.00220727859824507,0.0085520826795112,"WBGene00016101","WBGene00016101",NA
"WBGene00016119",88.2785532289654,-1.64233383571781,0.326815327115598,-5.02526564531932,5.02736152285912e-07,5.42719624216204e-06,"WBGene00016119","WBGene00016119",NA
"WBGene00016125",18.5688904434332,-5.55030210500641,1.28986635683292,-4.30300555992046,1.68496620190312e-05,0.000122374095141267,"WBGene00016125","WBGene00016125",NA
"WBGene00016147",94.0407362954251,-1.40561383860869,0.417263253628868,-3.36864995032346,0.000755372959651841,0.00338662036145036,"WBGene00016147","WBGene00016147",NA
"WBGene00016161",93.1870347949492,-5.68307431204963,0.766743793167535,-7.41195998284119,1.24446313109106e-13,4.43568866151735e-12,"WBGene00016161","WBGene00016161",NA
"WBGene00016180",47.7608260004769,2.09372132314515,0.679784330520224,3.07997879495527,0.00207015333276101,0.00808655413641792,"WBGene00016180","WBGene00016180",NA
"WBGene00016181",37.773915475588,-3.6588769852982,0.730289516470265,-5.01017322962923,5.43810625000345e-07,5.81352674878828e-06,"WBGene00016181","WBGene00016181",NA
"WBGene00016189",61.1506296219978,1.89193446769575,0.721483664740094,2.62228316475786,0.00873428277670013,0.0277296987399767,"WBGene00016189","WBGene00016189",NA
"WBGene00016190",103.773472767603,-1.2602984462843,0.288585732337673,-4.36715438450584,1.25875756200035e-05,9.41466343991154e-05,"WBGene00016190","WBGene00016190",NA
"WBGene00016260",176.122286696115,-2.04063690755771,0.331369523590557,-6.15819127071911,7.35804563097981e-10,1.44462288741201e-08,"WBGene00016260","WBGene00016260",NA
"WBGene00016264",334.971693556856,-1.02557166954043,0.336288228390468,-3.04968055066628,0.00229084890009029,0.00881612906004052,"WBGene00016264","WBGene00016264",NA
"WBGene00016265",45.6464980445137,2.45446627629004,0.470188099687174,5.22017949395795,1.7874980159034e-07,2.15965419622208e-06,"WBGene00016265","WBGene00016265",NA
"WBGene00016269",291.604026768182,-1.11245450923599,0.284367804485707,-3.9120269302213,9.15247026858162e-05,0.000539226123449452,"WBGene00016269","WBGene00016269",NA
"WBGene00016274",494.547140095269,-1.55479261771413,0.302560394931778,-5.13878433449528,2.76521538564777e-07,3.18735673444061e-06,"WBGene00016274","WBGene00016274",NA
"WBGene00016281",22.4696876840359,-2.64228514153746,0.810232861945881,-3.26114289562591,0.0011096410475487,0.00471745969441212,"WBGene00016281","WBGene00016281",NA
"WBGene00016286",15.5516614781542,-4.4360612061714,1.42179538705995,-3.12004191780681,0.00180825305679144,0.00719125234855873,"WBGene00016286","WBGene00016286",NA
"WBGene00016288",56.9491245270665,-4.86469584416393,1.75752345323681,-2.76792655893421,0.00564141666555486,0.0190351200190688,"WBGene00016288","WBGene00016288",NA
"WBGene00016294",44.4865007827379,1.48552033820922,0.478352110095847,3.1054955269489,0.00189960493897059,0.00750029099246039,"WBGene00016294","WBGene00016294",NA
"WBGene00016295",74.426690039935,3.70161582589129,0.722259095564104,5.12505255887464,2.97454757548164e-07,3.39760635239594e-06,"WBGene00016295","WBGene00016295",NA
"WBGene00016298",20.5850391895907,2.84435386373979,1.08156950451565,2.62983918450396,0.00854252675011087,0.0271873379735771,"WBGene00016298","WBGene00016298",NA
"WBGene00016305",13.5982442891425,1.53661420915783,0.57330134336392,2.68029061320796,0.00735582679680127,0.0238676123511193,"WBGene00016305","WBGene00016305",NA
"WBGene00016307",69.8498221656554,2.18107644336064,0.863710546357505,2.52524002694979,0.0115619290752653,0.0351755326251099,"WBGene00016307","WBGene00016307",NA
"WBGene00016308",16.5066438904366,3.45136170066583,0.768282765753495,4.49230654976478,7.04559084118944e-06,5.70553143870372e-05,"WBGene00016308","WBGene00016308",NA
"WBGene00016309",55.1324772285759,2.13631435061601,0.827208867547266,2.58255736178256,0.00980710576346338,0.0305894853748431,"WBGene00016309","WBGene00016309",NA
"WBGene00016310",32.1672564803932,-1.03277808832617,0.367947347718432,-2.80686379377435,0.00500263893851934,0.0171100067835025,"WBGene00016310","WBGene00016310",NA
"WBGene00016312",24.2345850501592,-8.15257403894373,1.38498907481138,-5.88638147925751,3.94742598592325e-09,6.66909688141856e-08,"WBGene00016312","WBGene00016312",NA
"WBGene00016322",48.1700645894296,-4.46357896263682,0.736373879694439,-6.06156612248251,1.34802447920419e-09,2.4893170389232e-08,"WBGene00016322","WBGene00016322",NA
"WBGene00016327",39.5484999631244,-4.60458190822871,0.996052503124769,-4.62283051725028,3.78538992160975e-06,3.29905964326635e-05,"WBGene00016327","WBGene00016327",NA
"WBGene00016330",220.361724269494,-1.19669976407415,0.280582654584182,-4.26505254163924,1.99855164996171e-05,0.000142186653722761,"WBGene00016330","WBGene00016330",NA
"WBGene00016332",289.010521867496,-1.41451982345116,0.323591947448274,-4.37130724236352,1.2350485578282e-05,9.25671160830545e-05,"WBGene00016332","WBGene00016332",NA
"WBGene00016335",141.312763140319,-1.14057603015255,0.429813624460901,-2.65365257228208,0.00796257641070575,0.0255886402600864,"WBGene00016335","WBGene00016335",NA
"WBGene00016336",11.687062336495,-4.36793337457108,1.22154243470116,-3.57575246711724,0.000349221970013614,0.00173313528382104,"WBGene00016336","WBGene00016336",NA
"WBGene00016337",21.6149185276404,1.96316322546972,0.670805508963504,2.92657588412341,0.00342715886582455,0.0123979705566262,"WBGene00016337","WBGene00016337",NA
"WBGene00016345",18.1069992285442,1.54574370033197,0.636545153031643,2.42833315589653,0.0151684024340954,0.0439493160329467,"WBGene00016345","WBGene00016345",NA
"WBGene00016351",278.363659381658,-5.01599976112337,1.10211045625727,-4.55126773604665,5.33236409896298e-06,4.44405131582962e-05,"WBGene00016351","WBGene00016351",NA
"WBGene00016355",59.8518599629197,1.58301413478335,0.316409052861656,5.00306208203054,5.64267589234545e-07,6.00974415270444e-06,"WBGene00016355","WBGene00016355",NA
"WBGene00016356",17.8492870473803,-3.54600846249718,1.11051434757847,-3.19312260145888,0.00140743176919786,0.00579390042544498,"WBGene00016356","WBGene00016356",NA
"WBGene00016357",88.7361976868675,-4.84646201114852,1.21237261326903,-3.9975020534987,6.40144358685298e-05,0.000392349198914621,"WBGene00016357","WBGene00016357",NA
"WBGene00016358",74.9683295085539,-3.89455267546489,1.28253287126097,-3.03661041579059,0.00239254463404367,0.00914837893375766,"WBGene00016358","WBGene00016358",NA
"WBGene00016359",44.4151919888707,2.87043006995134,0.502866661407998,5.70813356748348,1.14221771811842e-08,1.79403492802929e-07,"WBGene00016359","WBGene00016359",NA
"WBGene00016360",72.4797481595729,-1.46462137643909,0.320419747626285,-4.57094603965334,4.85527303833255e-06,4.08695038497569e-05,"WBGene00016360","WBGene00016360",NA
"WBGene00016382",11.2373257574952,-5.82834319323892,1.54217740410321,-3.77929489676848,0.00015727307704773,0.000862919036561692,"WBGene00016382","WBGene00016382",NA
"WBGene00016388",29.2856203367053,-4.27268559374562,0.893652197276362,-4.78115043723693,1.74294866848962e-06,1.66301504130322e-05,"WBGene00016388","WBGene00016388",NA
"WBGene00016398",21.3060866921529,-3.74918053056449,1.00693157140406,-3.72337171366733,0.000196579768195764,0.00105075341317205,"WBGene00016398","WBGene00016398",NA
"WBGene00016399",133.055568094884,-4.16308498317453,1.20817488233488,-3.44576355960083,0.000569448363987687,0.00265637254127807,"WBGene00016399","WBGene00016399",NA
"WBGene00016403",16.881438722348,-2.85638259546995,0.707190317871901,-4.03905783674395,5.36663322183176e-05,0.000336722074800884,"WBGene00016403","WBGene00016403",NA
"WBGene00016414",31.8223913783705,-5.07995474473722,0.940884732048848,-5.39912549508082,6.69665195863947e-08,9.01273507013503e-07,"WBGene00016414","WBGene00016414",NA
"WBGene00016415",1034.51332430242,-1.0859311779457,0.291337819186835,-3.72739516269013,0.000193468995243996,0.00103528728903873,"WBGene00016415","WBGene00016415",NA
"WBGene00016416",84.5836456839141,-5.31666327385446,0.878784773695742,-6.05001751622886,1.44830086089417e-09,2.6607409003548e-08,"WBGene00016416","WBGene00016416",NA
"WBGene00016420",34.8929004113126,-4.41547393760868,0.837392663892169,-5.27288347271365,1.34296838945059e-07,1.6823003672583e-06,"WBGene00016420","WBGene00016420",NA
"WBGene00016422",473.150742709308,3.55129307599128,0.455198472767726,7.80163662324807,6.11093987072185e-15,2.59180010600081e-13,"WBGene00016422","WBGene00016422",NA
"WBGene00016440",506.690102872439,-4.84911795775354,1.07099451194519,-4.52767768991303,5.96354491053957e-06,4.90996240819943e-05,"WBGene00016440","WBGene00016440",NA
"WBGene00016447",411.153224274617,-4.53340078863988,0.94021821935658,-4.82164745939748,1.42377411850445e-06,1.38718496767444e-05,"WBGene00016447","WBGene00016447",NA
"WBGene00016450",354.699010034925,-1.19986085925693,0.246079552737094,-4.87590637219189,1.08309975330276e-06,1.08865997003913e-05,"WBGene00016450","WBGene00016450",NA
"WBGene00016457",1168.7019173958,2.73088247657345,0.923515248546332,2.95705185255145,0.00310595881377312,0.0114063384700049,"WBGene00016457","WBGene00016457",NA
"WBGene00016461",55.9181963424512,-3.17064514617092,0.68693677066786,-4.61562880538238,3.91906881142214e-06,3.39486366797919e-05,"WBGene00016461","WBGene00016461",NA
"WBGene00016462",58.4037079504691,-4.06622216063209,0.747658128911968,-5.43861158381233,5.36973754734605e-08,7.34446495351359e-07,"WBGene00016462","WBGene00016462",NA
"WBGene00016491",42.7743244477696,-4.24715448410242,1.03320543481524,-4.11065828826377,3.94532709017155e-05,0.000257021695988249,"WBGene00016491","WBGene00016491",NA
"WBGene00016512",62.6356685125157,-5.11569574978658,0.917440649792186,-5.57605088780987,2.46039980632171e-08,3.59575607686668e-07,"WBGene00016512","WBGene00016512",NA
"WBGene00016520",167.35204952569,2.62391414881423,0.495885356325106,5.29137252259164,1.21401796904277e-07,1.54652039496687e-06,"WBGene00016520","WBGene00016520",NA
"WBGene00016522",35.0814893510472,-1.01129428120084,0.401057245013969,-2.52157090732925,0.0116832126151625,0.0354765578730653,"WBGene00016522","WBGene00016522",NA
"WBGene00016531",83.1632285623185,-1.27672105674639,0.363700780138998,-3.51036106180048,0.000447498600001078,0.00214994873607241,"WBGene00016531","WBGene00016531",NA
"WBGene00016535",213.295680000286,-1.13786629007516,0.402621276716691,-2.82614545200956,0.00471118660705626,0.0162885801099795,"WBGene00016535","WBGene00016535",NA
"WBGene00016541",255.695027277354,-4.45505268671189,1.31687341231737,-3.38305310521238,0.000716847693447136,0.00324545583859358,"WBGene00016541","WBGene00016541",NA
"WBGene00016542",68.9977327645807,-2.55068458692222,0.439682779748574,-5.80119282447401,6.58448286354770e-09,1.07067137165742e-07,"WBGene00016542","WBGene00016542",NA
"WBGene00016545",17.0369122619771,3.57783333290174,0.709181626848485,5.04501695680017,4.53481149343881e-07,4.95535632077377e-06,"WBGene00016545","WBGene00016545",NA
"WBGene00016546",11.4001283535764,2.8360347448925,0.976330883468248,2.90478852294211,0.00367501313909045,0.0131613537451816,"WBGene00016546","WBGene00016546",NA
"WBGene00016547",31.1512650007108,3.46313885749414,0.727581621068297,4.75979430652641,1.93790354989541e-06,1.81328111432871e-05,"WBGene00016547","WBGene00016547",NA
"WBGene00016549",24.5027819129383,4.69825782075986,0.894262378958891,5.253780021731,1.49008841498424e-07,1.84237315876901e-06,"WBGene00016549","WBGene00016549",NA
"WBGene00016555",33.2047721371838,-1.86194407503388,0.629838867250159,-2.95622288786816,0.00311431944685899,0.0114284246117408,"WBGene00016555","WBGene00016555",NA
"WBGene00016575",61.8276090835495,1.14171414929845,0.311991450043818,3.65944050434108,0.000252766517718815,0.00130331595878609,"WBGene00016575","WBGene00016575",NA
"WBGene00016578",39.7004658448347,2.86962136940496,0.929401159821577,3.08760252672361,0.00201778154223026,0.00791442140041085,"WBGene00016578","WBGene00016578",NA
"WBGene00016585",108.767345015427,-1.15665472843033,0.27322719123702,-4.23330753865909,2.30279258701374e-05,0.000161738645927211,"WBGene00016585","WBGene00016585",NA
"WBGene00016587",39.583184716245,-2.18826673391809,0.602100017466538,-3.63439074977225,0.000278638295615942,0.00142234898544238,"WBGene00016587","WBGene00016587",NA
"WBGene00016605",54.6725136983849,-3.64268405754897,0.824124654158405,-4.42006441521746,9.8671484726421e-06,7.64811025593675e-05,"WBGene00016605","WBGene00016605",NA
"WBGene00016612",51.5046392242222,-4.26898250067363,0.767556143896686,-5.56178532947584,2.67028643909603e-08,3.87083205618657e-07,"WBGene00016612","WBGene00016612",NA
"WBGene00016617",123.167716925549,1.17296130929373,0.304965984962388,3.84620373133873,0.000119962027249004,0.000684698098303264,"WBGene00016617","WBGene00016617",NA
"WBGene00016635",25.0276266279885,-1.46005147765728,0.449391113451939,-3.24895493914439,0.0011582982516612,0.00489809376064899,"WBGene00016635","WBGene00016635",NA
"WBGene00016645",51.3548071794652,-2.35675429794484,0.617361910093608,-3.81745983905535,0.000134832726604018,0.000756938005244002,"WBGene00016645","WBGene00016645",NA
"WBGene00016657",94.8627368267404,-1.73476763335594,0.511541120539801,-3.39125744480782,0.000695727151831189,0.00316587971382464,"WBGene00016657","WBGene00016657",NA
"WBGene00016671",32.447574080366,1.50471659088373,0.535602591713954,2.80939004807382,0.00496354704780159,0.0170101629070106,"WBGene00016671","WBGene00016671",NA
"WBGene00016680",173.726730022682,-5.2822429985405,1.01742708644709,-5.1917656497493,2.08309100133142e-07,2.46062972578761e-06,"WBGene00016680","WBGene00016680",NA
"WBGene00016698",32.4245673140835,-3.8103765867112,0.740479033716574,-5.14582643560663,2.66345599478947e-07,3.08498999461312e-06,"WBGene00016698","WBGene00016698",NA
"WBGene00016707",44.241106529992,-4.55638119916106,0.925011960055712,-4.92575382364422,8.40357443081385e-07,8.70378908258133e-06,"WBGene00016707","WBGene00016707",NA
"WBGene00016717",51.0263233625968,-1.80869163160978,0.401337980820678,-4.50665453568903,6.58577260157427e-06,5.36661617983473e-05,"WBGene00016717","WBGene00016717",NA
"WBGene00016719",63.0653377604162,-2.25801158894445,0.345417227243987,-6.53705551098495,6.2741766577515e-11,1.51737406039327e-09,"WBGene00016719","WBGene00016719",NA
"WBGene00016725",173.759537094984,1.02468305494251,0.34337886995207,2.98411796592359,0.00284397102335259,0.0106105136613883,"WBGene00016725","WBGene00016725",NA
"WBGene00016728",54.3427157517335,-1.09207206812621,0.430750933723894,-2.53527498753191,0.0112359086216081,0.0343004788399496,"WBGene00016728","WBGene00016728",NA
"WBGene00016730",9.89057630482542,-6.32694292222012,1.51586923571209,-4.17380521562468,2.9955389104967e-05,0.000204368676122813,"WBGene00016730","WBGene00016730",NA
"WBGene00016734",11.5654966683061,-2.37184493298598,0.737205783501961,-3.21734444583297,0.00129383165373359,0.00538832628986428,"WBGene00016734","WBGene00016734",NA
"WBGene00016742",41.5056588450953,-5.62760073057746,0.990595867646534,-5.68102584957028,1.33889237746073e-08,2.05550899581592e-07,"WBGene00016742","WBGene00016742",NA
"WBGene00016749",443.642031989301,-1.16793465775349,0.395425152276722,-2.95361752035479,0.00314072998630616,0.0115074221210648,"WBGene00016749","WBGene00016749",NA
"WBGene00016751",65.2254917968174,-1.1590336027321,0.341327892536304,-3.3956603842706,0.000684632500884568,0.00312235237241325,"WBGene00016751","WBGene00016751",NA
"WBGene00016752",282.266460700946,-4.70665904243767,1.36394222865656,-3.45077595190641,0.000558977395938425,0.00261435337701175,"WBGene00016752","WBGene00016752",NA
"WBGene00016753",36.9263015126946,-3.66409803534544,0.851128678987606,-4.30498716093527,1.66995420378999e-05,0.000121468984400867,"WBGene00016753","WBGene00016753",NA
"WBGene00016759",30.5404909468601,-1.98385908772099,0.461822084052547,-4.29572156946757,1.7412602090912e-05,0.000125886859729593,"WBGene00016759","WBGene00016759",NA
"WBGene00016763",123.827939074997,-1.54221056357965,0.316967989912932,-4.86550886101553,1.14162695816562e-06,1.14027072767724e-05,"WBGene00016763","WBGene00016763",NA
"WBGene00016765",14.1997195572305,-5.18292379471233,1.35529713890078,-3.82419739992662,0.000131198770289594,0.000739985367784973,"WBGene00016765","WBGene00016765",NA
"WBGene00016766",17.0820003391302,-1.44994681862726,0.530702320803799,-2.73212827943013,0.00629266349914733,0.0208873756138673,"WBGene00016766","WBGene00016766",NA
"WBGene00016768",95.3390182886476,-1.07384188005485,0.282817985059062,-3.79693632224485,0.000146495401106,0.000811887851108203,"WBGene00016768","WBGene00016768",NA
"WBGene00016782",59.6568910345929,1.64858623925815,0.534118616353918,3.08655453822595,0.00202490796928284,0.00793366491364024,"WBGene00016782","WBGene00016782",NA
"WBGene00016783",242.276905418962,3.58093151337932,0.379559107543744,9.43445024031366,3.93049953275762e-21,3.1210349900947e-19,"WBGene00016783","WBGene00016783",NA
"WBGene00016785",29.1965129431113,1.80006155304126,0.684508588806087,2.62971361130896,0.00854568252955345,0.0271913268911192,"WBGene00016785","WBGene00016785",NA
"WBGene00016788",465.34958477807,2.89106151443537,0.458461559341469,6.30600637180588,2.86327252599657e-10,6.0539577239747e-09,"WBGene00016788","WBGene00016788",NA
"WBGene00016795",13.8465346725223,-1.89020963284642,0.682481371736525,-2.76961351785606,0.00561228433982505,0.0189457676119791,"WBGene00016795","WBGene00016795",NA
"WBGene00016800",27.4491205483032,-3.77206234568836,0.927944080273991,-4.0649673033903,4.80391961197369e-05,0.000305982277245722,"WBGene00016800","WBGene00016800",NA
"WBGene00016801",25.8703575439522,-1.43546052127919,0.450690244937638,-3.18502682807748,0.00144740589226853,0.00593793697422334,"WBGene00016801","WBGene00016801",NA
"WBGene00016807",12.3144960615505,-5.8182185741937,1.50423922034506,-3.86788118239535,0.000109785132307907,0.000632725361321339,"WBGene00016807","WBGene00016807",NA
"WBGene00016825",70.2857325929771,-5.45590961731624,1.02531535967918,-5.32120148772899,1.03084152521565e-07,1.33458495651334e-06,"WBGene00016825","WBGene00016825",NA
"WBGene00016826",12.5394691680027,-5.9604048319278,1.46706204236176,-4.06281715416234,4.84840070955897e-05,0.000308677912435307,"WBGene00016826","WBGene00016826",NA
"WBGene00016839",36.6249252276031,-4.86424406011187,1.14771510161462,-4.2381981846094,2.25320828783617e-05,0.000158880641628231,"WBGene00016839","WBGene00016839",NA
"WBGene00016842",12.6172967841403,-1.36686280533231,0.552370834026887,-2.47453833752884,0.0133408501594426,0.0394294398943161,"WBGene00016842","WBGene00016842",NA
"WBGene00016843",16.6145550664657,-4.88894844523115,1.20391197523618,-4.06088530207705,4.88869855462267e-05,0.000310828151428923,"WBGene00016843","WBGene00016843",NA
"WBGene00016845",446.982597134512,2.85601921614025,0.335388901718529,8.51554479443426,1.65808934955135e-17,9.47962842925498e-16,"WBGene00016845","WBGene00016845",NA
"WBGene00016848",137.673045971772,-1.09861691616676,0.369480555996813,-2.97340928591715,0.00294511447303302,0.0108940272161131,"WBGene00016848","WBGene00016848",NA
"WBGene00016865",67.4139224735655,-1.30873826713438,0.285181190777508,-4.58914651266544,4.45061977893232e-06,3.78872593807503e-05,"WBGene00016865","WBGene00016865",NA
"WBGene00016866",309.744710317284,-1.40118339668644,0.266929048419499,-5.24927281231818,1.52700792536484e-07,1.8819537824186e-06,"WBGene00016866","WBGene00016866",NA
"WBGene00016880",24.4879432791067,2.11407179460404,0.863169127391114,2.44919764564995,0.0143174859511346,0.0418364032263416,"WBGene00016880","WBGene00016880",NA
"WBGene00016883",37.4155411508182,-1.62961338064156,0.486479222753788,-3.34981085403173,0.000808667604691931,0.00359623088794703,"WBGene00016883","WBGene00016883",NA
"WBGene00016884",30.1877623604732,-1.47707123409092,0.394573607027926,-3.74346182253996,0.000181502190556359,0.00097931702892489,"WBGene00016884","WBGene00016884",NA
"WBGene00016890",42.2534620087041,-1.32882286784095,0.36765513203832,-3.61431883317882,0.00030113829908165,0.00152198363110821,"WBGene00016890","WBGene00016890",NA
"WBGene00016892",441.200789339563,2.27654158861886,0.315307548651093,7.22006687869687,5.19620128488366e-13,1.67650801275039e-11,"WBGene00016892","WBGene00016892",NA
"WBGene00016912",48.5342146654096,-1.80254862134045,0.354278177584954,-5.08794708617978,3.61960322965189e-07,4.03549055861267e-06,"WBGene00016912","WBGene00016912",NA
"WBGene00016942",93.749336842379,-1.47231641683943,0.44836527080026,-3.28374321724692,0.00102438211445119,0.00440478145663383,"WBGene00016942","WBGene00016942",NA
"WBGene00016946",21.0999215964967,-5.1716083372211,1.14169774088266,-4.52975262368729,5.90527875184196e-06,4.87321877598598e-05,"WBGene00016946","WBGene00016946",NA
"WBGene00016953",44.0369993659562,-2.06127972923056,0.71037930700643,-2.90166071688783,0.00371190320046514,0.0132701932076659,"WBGene00016953","WBGene00016953",NA
"WBGene00016954",26.5598928003273,-4.97436496273184,1.13409857606092,-4.38618394179577,1.15356580277278e-05,8.73300636601237e-05,"WBGene00016954","WBGene00016954",NA
"WBGene00016963",16.8118715906917,-4.30167228035569,1.08117108644993,-3.97871561149531,6.9288559382731e-05,0.000422320417593763,"WBGene00016963","WBGene00016963",NA
"WBGene00016970",209.777594560101,1.46081902463733,0.314175367253473,4.64969305966869,3.32429382541179e-06,2.94935640264498e-05,"WBGene00016970","WBGene00016970",NA
"WBGene00016975",66.6195832291518,-1.46034644878053,0.369487908174465,-3.95235247614917,7.73866380188295e-05,0.000465329077493955,"WBGene00016975","WBGene00016975",NA
"WBGene00016983",87.0588073718311,1.0982845590625,0.332255523720489,3.30554191173189,0.000947929257835274,0.00412172975729958,"WBGene00016983","WBGene00016983",NA
"WBGene00016996",38.2671717445711,2.2173808184278,0.43628035840388,5.08246767408928,3.7256273013705e-07,4.13755951969608e-06,"WBGene00016996","WBGene00016996",NA
"WBGene00017026",31.1967100037419,-2.16846313905713,0.653799245752011,-3.31671098299131,0.000910837862803082,0.00398366143606011,"WBGene00017026","WBGene00017026",NA
"WBGene00017028",92.1177000338053,1.97028988060755,0.396034562385488,4.97504528074429,6.52323897386452e-07,6.88601585328254e-06,"WBGene00017028","WBGene00017028",NA
"WBGene00017041",46.0179120700585,1.47119687466868,0.355125676217443,4.14274994232709,3.43166049438561e-05,0.000228027538104387,"WBGene00017041","WBGene00017041",NA
"WBGene00017048",47.7315571924731,-1.44192528117304,0.401822047457699,-3.58846730859098,0.000332627692134877,0.00166406986478257,"WBGene00017048","WBGene00017048",NA
"WBGene00017054",53.6516690358373,-2.21542485573489,0.343005985383179,-6.45885188638909,1.05500304719946e-10,2.42430201826718e-09,"WBGene00017054","WBGene00017054",NA
"WBGene00017056",9.89030934809264,-5.55454910091932,1.64018085957918,-3.38654671433274,0.000707782253610042,0.00320949611384782,"WBGene00017056","WBGene00017056",NA
"WBGene00017058",71.2635371198082,-4.95736821129559,0.817692741023113,-6.06262959494153,1.33913827127914e-09,2.47610650858898e-08,"WBGene00017058","WBGene00017058",NA
"WBGene00017059",86.4054177182224,-5.01581781885568,0.718126669606134,-6.98458646802057,2.85696241835277e-12,8.2828729909769e-11,"WBGene00017059","WBGene00017059",NA
"WBGene00017063",90.7677234377895,-1.59751043875942,0.397555208204713,-4.01833608462453,5.8610559903977e-05,0.000363555731468272,"WBGene00017063","WBGene00017063",NA
"WBGene00017069",54.3042591969896,-1.44607751143139,0.327777131347478,-4.41177060000077,1.02528711252021e-05,7.91777759093413e-05,"WBGene00017069","WBGene00017069",NA
"WBGene00017082",97.6566290096448,1.34671804858044,0.351529420722512,3.83102514097533,0.00012761046401348,0.000722351034512738,"WBGene00017082","WBGene00017082",NA
"WBGene00017091",19.4297434968674,-1.57539133661392,0.499303630788512,-3.15517700948023,0.0016040075754415,0.0065001645238972,"WBGene00017091","WBGene00017091",NA
"WBGene00017093",61.0521830256849,1.04245584309306,0.409822701621696,2.54367520141756,0.0109693030683963,0.0336302549885431,"WBGene00017093","WBGene00017093",NA
"WBGene00017105",53.4280463210096,1.86829817564736,0.350363322169151,5.33245935699107,9.68914600516781e-08,1.26472113106725e-06,"WBGene00017105","WBGene00017105",NA
"WBGene00017112",220.726047906793,-4.8788254294853,1.08836301666381,-4.48271886749744,7.36979924376956e-06,5.94785661158658e-05,"WBGene00017112","WBGene00017112",NA
"WBGene00017114",48.0177345451103,-4.50990744266644,1.56094320550984,-2.88921943267847,0.00386199472116095,0.0136910420841261,"WBGene00017114","WBGene00017114",NA
"WBGene00017116",16.72148465681,2.73283740685686,0.803138591436362,3.4026971633493,0.00066724193129117,0.00305669516793099,"WBGene00017116","WBGene00017116",NA
"WBGene00017124",78.295895019525,-1.20903626663731,0.301428158654012,-4.01102628246846,6.04553791250654e-05,0.000372934283053327,"WBGene00017124","WBGene00017124",NA
"WBGene00017133",82.1146482134012,2.86642453892727,0.419889068565052,6.82662339537231,8.6936520404175e-12,2.38958401180168e-10,"WBGene00017133","WBGene00017133",NA
"WBGene00017143",236.553455764956,2.49733875043508,0.539873875002668,4.62578180954346,3.73188005836198e-06,3.26037663045036e-05,"WBGene00017143","WBGene00017143",NA
"WBGene00017154",24.5254974334384,5.99823144678385,1.27156690876585,4.71719687374185,2.39116281330819e-06,2.19504753311586e-05,"WBGene00017154","WBGene00017154",NA
"WBGene00017175",30.1533109159089,-6.39066609926875,1.22643664130021,-5.21075927126058,1.88069351839915e-07,2.26078658187376e-06,"WBGene00017175","WBGene00017175",NA
"WBGene00017179",19.5413571970426,-3.39166924899758,1.06343681110865,-3.18934723113611,0.00142594485294634,0.00586167091836701,"WBGene00017179","WBGene00017179",NA
"WBGene00017184",202.531487811502,1.89682072642525,0.518854148313517,3.65578791764637,0.000256393262708947,0.00131889069238476,"WBGene00017184","WBGene00017184",NA
"WBGene00017208",41.8776988388763,3.05764067262191,0.777172547640194,3.93431379158481,8.34347229140464e-05,0.00049626820416582,"WBGene00017208","WBGene00017208",NA
"WBGene00017213",11.7017563891215,-5.82370715104719,1.62409063193528,-3.58582645360599,0.000336012369958964,0.00167689413541322,"WBGene00017213","WBGene00017213",NA
"WBGene00017215",46.7873785549827,-3.94152348316261,0.899380522991674,-4.38248703680133,1.17332149432168e-05,8.85442667282989e-05,"WBGene00017215","WBGene00017215",NA
"WBGene00017219",39.9859100022226,-1.04104526029044,0.366282677485405,-2.84219081130834,0.00448046668142583,0.0155851327032415,"WBGene00017219","WBGene00017219",NA
"WBGene00017243",11.0185883654107,-1.74282404533732,0.712911999145904,-2.44465522732861,0.0144990672101409,0.0422842619127819,"WBGene00017243","WBGene00017243",NA
"WBGene00017249",23.479340344517,2.41272740382249,0.844380528958418,2.85739346310922,0.00427135995726072,0.014945054557926,"WBGene00017249","WBGene00017249",NA
"WBGene00017251",30.6071425316513,2.43748519106957,0.818731852600249,2.97714713715882,0.00290944343173486,0.0108012142778666,"WBGene00017251","WBGene00017251",NA
"WBGene00017252",22.1259138259094,2.50535285029118,0.65158919236122,3.84498834489921,0.000120558168533342,0.00068760490935637,"WBGene00017252","WBGene00017252",NA
"WBGene00017254",14.6413495143494,2.6424779930778,0.70133330891901,3.76779194638673,0.000164697875190954,0.000899828658275788,"WBGene00017254","WBGene00017254",NA
"WBGene00017262",350.460166099639,-1.59390174464263,0.410454343049401,-3.88326197939825,0.000103064418561315,0.000598334579405715,"WBGene00017262","WBGene00017262",NA
"WBGene00017267",45.517640976811,1.21273130726526,0.471490058944712,2.57212487147574,0.0101076427721797,0.0313721038312192,"WBGene00017267","WBGene00017267",NA
"WBGene00017270",45.517640976811,1.21273130726526,0.471490058944712,2.57212487147574,0.0101076427721797,0.0313721038312192,"WBGene00017270","WBGene00017270",NA
"WBGene00017279",36.6018935612203,-4.78971220303057,1.06506492087186,-4.49710821299955,6.88839336968039e-06,5.58773021752791e-05,"WBGene00017279","WBGene00017279",NA
"WBGene00017302",162.376031255562,-1.65293294144962,0.318644674619848,-5.18738605445583,2.13266331976716e-07,2.51088606502735e-06,"WBGene00017302","WBGene00017302",NA
"WBGene00017303",353.893236167841,-1.10837547265151,0.290951055107743,-3.80949116077639,0.000139253084678433,0.000778390433832162,"WBGene00017303","WBGene00017303",NA
"WBGene00017309",11.6030729557412,2.05471054567188,0.823334417801812,2.49559656592235,0.0125745524010702,0.0376246690777759,"WBGene00017309","WBGene00017309",NA
"WBGene00017312",112.863379034919,3.27996509785429,0.445976024515191,7.35457719149782,1.91532397806671e-13,6.59656039000181e-12,"WBGene00017312","WBGene00017312",NA
"WBGene00017326",12.5246968039934,4.59147132028947,1.03079289665839,4.45431020641878,8.41633416168572e-06,6.64978795870503e-05,"WBGene00017326","WBGene00017326",NA
"WBGene00017327",22.4547494738169,-1.69248677067362,0.637815050103748,-2.65356982466676,0.0079645290416174,0.0255886402600864,"WBGene00017327","WBGene00017327",NA
"WBGene00017354",19.956305601267,-2.3075536112661,0.699622981291623,-3.29828160733937,0.000972785198801814,0.00421078705223329,"WBGene00017354","WBGene00017354",NA
"WBGene00017384",37.1990020563965,-5.1807750347599,0.970590258286247,-5.33775709217142,9.41034144700964e-08,1.23547097759271e-06,"WBGene00017384","WBGene00017384",NA
"WBGene00017386",277.594786924687,-4.55114955040023,0.943241896246975,-4.82500784635267,1.39997755951366e-06,1.36586206540128e-05,"WBGene00017386","WBGene00017386",NA
"WBGene00017387",25.0693982710477,-5.13266245100751,1.23732808942684,-4.14818227668708,3.35125533684523e-05,0.00022393404642136,"WBGene00017387","WBGene00017387",NA
"WBGene00017393",10.0272057537578,-6.74961715202609,1.48791224478806,-4.53630056185708,5.72495762504564e-06,4.73534834113295e-05,"WBGene00017393","WBGene00017393",NA
"WBGene00017398",203.404310265506,-1.51163586200155,0.404454619480501,-3.73746716984753,0.000185883352216367,0.000998554595966318,"WBGene00017398","WBGene00017398",NA
"WBGene00017417",77.2804028980922,-1.54142208877915,0.39419296615975,-3.91032367674078,9.21725240853723e-05,0.000542372122993918,"WBGene00017417","WBGene00017417",NA
"WBGene00017421",18.4121383734232,2.899496127853,0.684848361953776,4.23377829156391,2.29797501764421e-05,0.000161479630910466,"WBGene00017421","WBGene00017421",NA
"WBGene00017423",503.569462104278,1.72288412849034,0.314802869746629,5.47289842013514,4.42733916877199e-08,6.1496558541553e-07,"WBGene00017423","WBGene00017423",NA
"WBGene00017428",71.3906276783092,-1.26438995903794,0.376433639581371,-3.35886548408388,0.000782631534152599,0.00349239853813397,"WBGene00017428","WBGene00017428",NA
"WBGene00017430",219.797335484896,-1.63927803156591,0.467722431708934,-3.50480952041668,0.000456934077341238,0.00219086171333053,"WBGene00017430","WBGene00017430",NA
"WBGene00017433",16.0638611670071,-1.30334709552632,0.533910217505274,-2.44113533098559,0.0146411669720475,0.0426300597227488,"WBGene00017433","WBGene00017433",NA
"WBGene00017434",23.1668002469884,-2.15391039292299,0.684878433229036,-3.14495286815767,0.00166113589458689,0.00669938356132346,"WBGene00017434","WBGene00017434",NA
"WBGene00017436",121.445225981324,1.33128316296081,0.349088155616714,3.81360164056241,0.000136956162081471,0.000767051106830119,"WBGene00017436","WBGene00017436",NA
"WBGene00017443",63.2222621523973,-1.45484373917875,0.378161283009513,-3.84715147886292,0.00011949909149417,0.000682381348272544,"WBGene00017443","WBGene00017443",NA
"WBGene00017444",11.806331519757,-4.63389499928448,1.18474708257019,-3.91129471214372,9.18026683082152e-05,0.000540640930419992,"WBGene00017444","WBGene00017444",NA
"WBGene00017448",113.406312978078,-1.12258426349595,0.288856129505704,-3.8863093035863,0.000101779810670195,0.000591838419002889,"WBGene00017448","WBGene00017448",NA
"WBGene00017466",139.026823321719,2.93839126481576,0.700717502055642,4.19340355592037,2.7479993883511e-05,0.000189014221644381,"WBGene00017466","WBGene00017466",NA
"WBGene00017467",516.055329347804,2.67467882567026,0.395618840868961,6.76074683348104,1.37282227543091e-11,3.64716520125168e-10,"WBGene00017467","WBGene00017467",NA
"WBGene00017471",47.4276995048883,1.82663837296426,0.582943810672253,3.13347245398793,0.00172751132435147,0.00692581790830871,"WBGene00017471","WBGene00017471",NA
"WBGene00017481",99.1320533783288,1.71006886658331,0.651385282730326,2.62528017123051,0.00865776944808561,0.0275295881471607,"WBGene00017481","WBGene00017481",NA
"WBGene00017483",298.637598590764,-1.44084998699181,0.302114874181335,-4.76921234313999,1.84947630893821e-06,1.74947484339205e-05,"WBGene00017483","WBGene00017483",NA
"WBGene00017484",473.400879720027,2.53803828258548,0.337740353607149,7.51476172591939,5.70146790350749e-14,2.16156712851015e-12,"WBGene00017484","WBGene00017484",NA
"WBGene00017485",182.89142622067,2.71520532497459,0.335997140826565,8.08103699422884,6.42183239144714e-16,3.06396815854722e-14,"WBGene00017485","WBGene00017485",NA
"WBGene00017487",92.5751986227903,-2.91107204259709,0.363585509803838,-8.00656781995431,1.17954110962081e-15,5.40358367942634e-14,"WBGene00017487","WBGene00017487",NA
"WBGene00017488",33.1940126253791,4.42023772707303,0.801616776572823,5.51415321666671,3.50463193169502e-08,4.97434997018042e-07,"WBGene00017488","WBGene00017488",NA
"WBGene00017490",282.230198810854,1.4866349133998,0.528763334410213,2.8115317698002,0.00493062212064883,0.0169163182838295,"WBGene00017490","WBGene00017490",NA
"WBGene00017501",33.1906370023099,2.73281198485638,0.659163767537296,4.14587712408169,3.38515336720368e-05,0.000225882339297116,"WBGene00017501","WBGene00017501",NA
"WBGene00017513",28.338694434522,-1.5779106459332,0.578478398780534,-2.72769155989148,0.0063779213662379,0.0211089912832503,"WBGene00017513","WBGene00017513",NA
"WBGene00017515",63.3944812299284,-1.37556313983096,0.525982537305617,-2.61522587209337,0.00891684662608286,0.0282293380794972,"WBGene00017515","WBGene00017515",NA
"WBGene00017529",19.7654749978419,-2.32309571810975,0.514739589678411,-4.51314755012555,6.38725527865112e-06,5.22869643171595e-05,"WBGene00017529","WBGene00017529",NA
"WBGene00017542",366.683474224839,-5.03849471531369,1.27285583599397,-3.95841742075932,7.54480173275071e-05,0.000455781281344911,"WBGene00017542","WBGene00017542",NA
"WBGene00017550",16.0548144952698,-3.59164652911493,1.2723923417279,-2.82275082246841,0.00476135615724341,0.0164376045849992,"WBGene00017550","WBGene00017550",NA
"WBGene00017553",41.9263142309041,-3.94291739520943,0.917011623154067,-4.29974636706102,1.70993691955705e-05,0.000123935742349031,"WBGene00017553","WBGene00017553",NA
"WBGene00017555",17.4731670667267,-3.12832659897157,0.925651325483474,-3.37959500823664,0.000725927123012052,0.00328032765387646,"WBGene00017555","WBGene00017555",NA
"WBGene00017559",28.9661024112297,-4.16949114649636,0.990522924592941,-4.20938379413059,2.56068101055949e-05,0.000177582793226233,"WBGene00017559","WBGene00017559",NA
"WBGene00017569",205.306533172135,-1.99891915206644,0.300901432756111,-6.64310280531838,3.07147442463269e-11,7.75628691718639e-10,"WBGene00017569","WBGene00017569",NA
"WBGene00017592",85.3934240459181,-2.21490109991111,0.48023763442459,-4.61209397419458,3.98632687052185e-06,3.44539018390457e-05,"WBGene00017592","WBGene00017592",NA
"WBGene00017594",20.5476965155377,-2.04098690387477,0.618657252238974,-3.29905920683587,0.000970094482948614,0.00420295860708837,"WBGene00017594","WBGene00017594",NA
"WBGene00017625",47.0119338337978,-1.59267896302742,0.340236056882484,-4.6810998740722,2.85339876018683e-06,2.58451384533273e-05,"WBGene00017625","WBGene00017625",NA
"WBGene00017635",205.949337984051,-2.88010109041637,0.426444560106711,-6.75375267935338,1.44069255555702e-11,3.82037452626652e-10,"WBGene00017635","WBGene00017635",NA
"WBGene00017636",54.603797006164,-4.80625090533939,0.858245538200213,-5.60008842623098,2.14242491068364e-08,3.16976342149573e-07,"WBGene00017636","WBGene00017636",NA
"WBGene00017647",43.774953981365,-3.54310686662407,0.749917499736392,-4.72466220333508,2.30498175914673e-06,2.11865622401828e-05,"WBGene00017647","WBGene00017647",NA
"WBGene00017658",263.047791213952,-1.71241032108238,0.330074381350992,-5.18795283073318,2.12618437989745e-07,2.50532179240513e-06,"WBGene00017658","WBGene00017658",NA
"WBGene00017659",1199.00535838973,-1.99431062078008,0.268663947592387,-7.42306751111175,1.14438406386837e-13,4.12007088787673e-12,"WBGene00017659","WBGene00017659",NA
"WBGene00017667",179.471320261752,1.5689943163203,0.318201255730773,4.93082377288861,8.18835786434925e-07,8.49936085367783e-06,"WBGene00017667","WBGene00017667",NA
"WBGene00017672",21.3993107733113,-5.64807492418512,1.3917968825823,-4.05811724028714,4.94699325166267e-05,0.000314254997982287,"WBGene00017672","WBGene00017672",NA
"WBGene00017673",19.8141707794412,-3.9065984995576,1.21861323132126,-3.20577390688754,0.00134699779925508,0.00557562685918127,"WBGene00017673","WBGene00017673",NA
"WBGene00017678",187.906611367501,1.26919412812408,0.292449134147282,4.33987993099989,1.42560588785531e-05,0.000105303281421788,"WBGene00017678","WBGene00017678",NA
"WBGene00017687",231.044374775818,-1.15138574555559,0.310400337682551,-3.70935725828081,0.00020778606229519,0.00110240764231074,"WBGene00017687","WBGene00017687",NA
"WBGene00017690",70.7256130458323,-1.9067488500686,0.448848850924794,-4.24808673596912,2.15603925367341e-05,0.000152631347462873,"WBGene00017690","WBGene00017690",NA
"WBGene00017700",11.0354856561001,-2.70439082028507,1.04034131625661,-2.59952265475345,0.00933535162885644,0.0293253144684055,"WBGene00017700","WBGene00017700",NA
"WBGene00017713",34.1559725378566,2.05590698990343,0.842182851851171,2.44116462996654,0.0146399791103836,0.0426300597227488,"WBGene00017713","WBGene00017713",NA
"WBGene00017730",12.5166846687569,1.67901413981208,0.659814791852841,2.54467490050837,0.0109379519527019,0.0335513601602996,"WBGene00017730","WBGene00017730",NA
"WBGene00017736",31.7943585061888,-2.23973430428932,0.641285526882241,-3.49256955038158,0.00047839699509992,0.00227924275032105,"WBGene00017736","WBGene00017736",NA
"WBGene00017737",18.5214819007743,-1.6220935134248,0.643325020842289,-2.52142146018359,0.0116881764566759,0.0354840922037528,"WBGene00017737","WBGene00017737",NA
"WBGene00017747",170.709597031175,-1.54840361747751,0.417542136587666,-3.708376908093,0.000208592016367878,0.00110545261028776,"WBGene00017747","WBGene00017747",NA
"WBGene00017755",188.504538425941,3.39332370368776,1.15061049406734,2.94915066495922,0.00318648589685288,0.0116542747691007,"WBGene00017755","WBGene00017755",NA
"WBGene00017766",234.843346976187,1.00131515274247,0.316425701527902,3.16445581982593,0.00155373249115321,0.00631432996760104,"WBGene00017766","WBGene00017766",NA
"WBGene00017772",986.299565619469,-1.13886042282018,0.227894417718217,-4.99731601248935,5.81337597718518e-07,6.17773850125708e-06,"WBGene00017772","WBGene00017772",NA
"WBGene00017773",421.75516697933,-1.25118807976746,0.296595658419128,-4.21849762210399,2.45935564514896e-05,0.000171220507725836,"WBGene00017773","WBGene00017773",NA
"WBGene00017781",140.293771699797,-1.03698134073059,0.299031763760278,-3.46779662364531,0.00052474425943289,0.00247285515993218,"WBGene00017781","WBGene00017781",NA
"WBGene00017789",388.037586697638,-1.05963373013629,0.236587412027366,-4.47882548380773,7.50548617178072e-06,6.03691130294102e-05,"WBGene00017789","WBGene00017789",NA
"WBGene00017802",23.6134600147666,-4.02302579172128,0.98538255818548,-4.08270448700597,4.45146131816299e-05,0.000285825411592559,"WBGene00017802","WBGene00017802",NA
"WBGene00017808",41.1462376113274,-4.26408103284168,0.730469628738123,-5.83745150391513,5.30053156249238e-09,8.75843903152643e-08,"WBGene00017808","WBGene00017808",NA
"WBGene00017834",1966.2524325553,-1.13978742539116,0.172696236534887,-6.59995520609339,4.11282029873598e-11,1.0187961963576e-09,"WBGene00017834","WBGene00017834",NA
"WBGene00017851",413.453590683336,-5.25938153786793,1.00722922406448,-5.22163318161553,1.77352009989181e-07,2.14821379557234e-06,"WBGene00017851","WBGene00017851",NA
"WBGene00017853",18.4742754386124,-3.97758872834712,1.07410439156956,-3.70316773636384,0.000212923997338533,0.00112424185222004,"WBGene00017853","WBGene00017853",NA
"WBGene00017865",46.8295488026452,1.19572624017431,0.469912796591135,2.54457050084272,0.0109412222561503,0.0335513601602996,"WBGene00017865","WBGene00017865",NA
"WBGene00017867",19.0749112164697,-1.77696101153607,0.604754266094813,-2.93831910109664,0.00329997176499208,0.0120047076704077,"WBGene00017867","WBGene00017867",NA
"WBGene00017868",17.1085211010534,-1.53024714729781,0.571035878455547,-2.67977408256131,0.00736718632232631,0.0238925658733048,"WBGene00017868","WBGene00017868",NA
"WBGene00017894",17.891703774633,-1.63199723708288,0.58727130372304,-2.77894939993959,0.00545350194105179,0.0184795882511743,"WBGene00017894","WBGene00017894",NA
"WBGene00017900",45.1022529185073,-1.10719489654855,0.391255357109022,-2.82985236222601,0.00465694882631092,0.0161161302506604,"WBGene00017900","WBGene00017900",NA
"WBGene00017902",14.1915888642925,-6.29056106586383,1.40856408614384,-4.46593884349645,7.97183817260989e-06,6.33712363743677e-05,"WBGene00017902","WBGene00017902",NA
"WBGene00017904",212.454223273261,-1.17266278744284,0.45391963384746,-2.58341499243655,0.00978275718279124,0.0305228003522452,"WBGene00017904","WBGene00017904",NA
"WBGene00017909",60.7411313254847,-1.30061879650211,0.452056936802501,-2.87711279402474,0.00401332112479712,0.0141530715116519,"WBGene00017909","WBGene00017909",NA
"WBGene00017910",10.0817979818727,-5.68561552169458,1.59970193484094,-3.55417181030033,0.000379171421066604,0.00185917568483875,"WBGene00017910","WBGene00017910",NA
"WBGene00017911",17.5944163852736,2.41347121334023,0.875427544962649,2.75690572820987,0.00583511717349583,0.0196053901647334,"WBGene00017911","WBGene00017911",NA
"WBGene00017912",13.2347040534488,2.54549503355386,0.677160598567222,3.75907139154254,0.0001705451723927,0.000927489879329138,"WBGene00017912","WBGene00017912",NA
"WBGene00017922",23.7273048678516,-5.25299635467289,1.26462825835968,-4.15378694881168,3.27017671808615e-05,0.000219940827691358,"WBGene00017922","WBGene00017922",NA
"WBGene00017947",37.2743575064962,-1.02320602807319,0.37061941128226,-2.76079988507113,0.00576599947074559,0.0194005250554065,"WBGene00017947","WBGene00017947",NA
"WBGene00017955",59.6656679175065,-5.09274434412234,1.07090660475838,-4.75554480801003,1.97911955507147e-06,1.84885985625075e-05,"WBGene00017955","WBGene00017955",NA
"WBGene00017961",29.2462276651955,-1.44918529507095,0.428780072851846,-3.37978695099406,0.000725420379200804,0.00327907447182704,"WBGene00017961","WBGene00017961",NA
"WBGene00017964",207.832525201313,-1.60128205816234,0.349510309231223,-4.58150164922027,4.61648963527657e-06,3.91361129045124e-05,"WBGene00017964","WBGene00017964",NA
"WBGene00017968",644.13292811617,-2.46029831574174,0.42854903278253,-5.74099607638185,9.41212720718292e-09,1.50142337245832e-07,"WBGene00017968","WBGene00017968",NA
"WBGene00017971",165.290182156023,-1.06093957956539,0.359066847596155,-2.95471327043435,0.00312959761882727,0.011469574042538,"WBGene00017971","WBGene00017971",NA
"WBGene00017975",119.018034703547,-4.24647363663311,1.42474960851821,-2.98050521385972,0.00287773339225963,0.0107085247007464,"WBGene00017975","WBGene00017975",NA
"WBGene00017978",90.2058150679704,-4.51662313269667,0.685110105915541,-6.59255073556523,4.32333365386761e-11,1.0672436600126e-09,"WBGene00017978","WBGene00017978",NA
"WBGene00017991",10.1180947682362,2.41252314398953,1.0059584249724,2.39823344991193,0.0164743618919524,0.0470183814939449,"WBGene00017991","WBGene00017991",NA
"WBGene00018001",14.3361570066646,-6.02145911451852,1.48586122885951,-4.05250436417965,5.06722784745302e-05,0.000320610392313617,"WBGene00018001","WBGene00018001",NA
"WBGene00018004",20.0659546732062,-5.69680937656966,1.30343330659396,-4.37061823397481,1.23895245374829e-05,9.28110451856624e-05,"WBGene00018004","WBGene00018004",NA
"WBGene00018035",28.9942530538618,-1.72281120318178,0.488852480084999,-3.5241944622685,0.000424772383820698,0.00205875608068811,"WBGene00018035","WBGene00018035",NA
"WBGene00018051",126.994058420117,-1.02438566047307,0.421646379100008,-2.42948999742295,0.0151200821252452,0.0438359703480992,"WBGene00018051","WBGene00018051",NA
"WBGene00018055",40.6933843149169,-1.01223941150776,0.367992026521316,-2.75071017455626,0.00594662304193561,0.0199264994710702,"WBGene00018055","WBGene00018055",NA
"WBGene00018056",10.8516762878051,-1.69536217376229,0.625358975941355,-2.71102237112732,0.00670761005434526,0.0220597953305929,"WBGene00018056","WBGene00018056",NA
"WBGene00018068",40.7583493602464,-2.4871144675171,0.511880655623839,-4.85877799872317,1.18112479231429e-06,1.1761283163739e-05,"WBGene00018068","WBGene00018068",NA
"WBGene00018081",19.3512069147242,-4.49455303338962,0.970355977245297,-4.63185999652315,3.62395191904556e-06,3.17773894349192e-05,"WBGene00018081","WBGene00018081",NA
"WBGene00018082",12.1346048825056,-4.30790050342033,1.12006256168532,-3.84612489586153,0.000120000611225752,0.000684698098303264,"WBGene00018082","WBGene00018082",NA
"WBGene00018083",36.0147564387971,-5.33797556931308,0.896615713617116,-5.95347091094209,2.62514533030756e-09,4.62634637363687e-08,"WBGene00018083","WBGene00018083",NA
"WBGene00018084",18.0169539780193,-1.70687157507652,0.596669463426564,-2.86066520863037,0.00422753224157921,0.0148025767586702,"WBGene00018084","WBGene00018084",NA
"WBGene00018101",266.747542184412,-1.30391732119775,0.316971381867761,-4.11367522681191,3.8940919813286e-05,0.000254263392823799,"WBGene00018101","WBGene00018101",NA
"WBGene00018103",40.8310202205285,2.73858466781118,0.632422797088103,4.33030668790022,1.48901813942002e-05,0.000109534412077871,"WBGene00018103","WBGene00018103",NA
"WBGene00018106",9.81684025902485,3.58342892044374,0.92888196371916,3.85778716823826,0.000114418211432549,0.000655200118591918,"WBGene00018106","WBGene00018106",NA
"WBGene00018119",57.2860247656804,-4.23827300478459,0.90887787528844,-4.66319306478832,3.11340410911141e-06,2.78646743466057e-05,"WBGene00018119","WBGene00018119",NA
"WBGene00018120",24.465352410346,-6.87890789955881,1.41745036458794,-4.85301501302203,1.21598481549612e-06,1.20581110914246e-05,"WBGene00018120","WBGene00018120",NA
"WBGene00018121",44.8468867315347,-6.25239319139051,1.14561038333321,-5.45769598665722,4.82352609266715e-08,6.64187460910324e-07,"WBGene00018121","WBGene00018121",NA
"WBGene00018122",51.3672150446041,-4.0777858224056,0.948584202702671,-4.29881270506859,1.71715501900592e-05,0.000124269856641274,"WBGene00018122","WBGene00018122",NA
"WBGene00018123",54.0263783329471,-3.98877845340965,0.95256546386182,-4.18740612035066,2.82160671364619e-05,0.000193518352966147,"WBGene00018123","WBGene00018123",NA
"WBGene00018124",55.9852317657999,-3.71841136679117,0.991884924016358,-3.74883343496593,0.000177659023823177,0.000960756877602978,"WBGene00018124","WBGene00018124",NA
"WBGene00018134",72.7772706208329,-3.55286316357695,0.787882232760191,-4.50938352947774,6.50162769694198e-06,5.31015798127952e-05,"WBGene00018134","WBGene00018134",NA
"WBGene00018135",40.8959948373439,-3.54579636637848,0.90009037292901,-3.93937817026084,8.16930732586392e-05,0.000487735629108492,"WBGene00018135","WBGene00018135",NA
"WBGene00018138",2556.69813714766,2.69114479625707,0.181685097302156,14.8121383438593,1.22287292910704e-49,6.24232956275963e-47,"WBGene00018138","WBGene00018138",NA
"WBGene00018158",46.133291328482,-4.84505055791319,1.57582858617719,-3.07460506835125,0.00210781462876375,0.00821346632740465,"WBGene00018158","WBGene00018158",NA
"WBGene00018163",13.4923171576579,-5.97060577537081,1.4276906130493,-4.18200254368742,2.88952736328539e-05,0.000197702319786683,"WBGene00018163","WBGene00018163",NA
"WBGene00018174",154.241825769319,-1.02313272902327,0.320682932438622,-3.19048076940951,0.00142036293347184,0.00584208558506848,"WBGene00018174","WBGene00018174",NA
"WBGene00018178",16.7167631738487,-5.22461892200027,1.29754570718914,-4.02653940670677,5.66037567506677e-05,0.000352521784417121,"WBGene00018178","WBGene00018178",NA
"WBGene00018184",345.452488056252,-1.11577912220992,0.268027984909013,-4.16292023606674,3.14203150257105e-05,0.000212335963433797,"WBGene00018184","WBGene00018184",NA
"WBGene00018194",30.1621778267308,1.45875344606371,0.549736656984509,2.65354952690523,0.00796500808207684,0.0255886402600864,"WBGene00018194","WBGene00018194",NA
"WBGene00018195",29.5061441379414,-1.54929989781077,0.573549464908451,-2.7012489638676,0.00690796071190391,0.0226301816308143,"WBGene00018195","WBGene00018195",NA
"WBGene00018196",21.200559019022,-4.5471943313785,1.33672654430931,-3.40173863587639,0.000669586412063766,0.00306448882088614,"WBGene00018196","WBGene00018196",NA
"WBGene00018204",37.4014699750411,2.14667099898965,0.610953909701324,3.5136382056039,0.000442014403811091,0.00212717571504105,"WBGene00018204","WBGene00018204",NA
"WBGene00018215",51.2051941008965,3.97940338464635,0.502097967532686,7.92555166913178,2.27135680622428e-15,1.01135522839139e-13,"WBGene00018215","WBGene00018215",NA
"WBGene00018217",178.403815824108,-1.30909514420225,0.250449391568564,-5.22698472535065,1.72296728036105e-07,2.09230002873411e-06,"WBGene00018217","WBGene00018217",NA
"WBGene00018226",214.735823654572,1.10536638410412,0.235355484755696,4.6965822158405,2.64550779263498e-06,2.41149508164106e-05,"WBGene00018226","WBGene00018226",NA
"WBGene00018232",24.4404038444194,-2.78996396000305,0.784359696995387,-3.55699556044305,0.000375120493183824,0.00184310663770244,"WBGene00018232","WBGene00018232",NA
"WBGene00018235",15.8667695400525,-4.03718534567059,1.19183686378153,-3.38736404985927,0.000705676811969898,0.00320401482639319,"WBGene00018235","WBGene00018235",NA
"WBGene00018236",15.0499208731204,2.88165908839897,0.716530428407506,4.02168417997749,5.77834999507359e-05,0.000359242959893809,"WBGene00018236","WBGene00018236",NA
"WBGene00018253",47.7658368764813,-4.95232731504916,0.877668466383585,-5.64259456130984,1.67506481667513e-08,2.53083524574394e-07,"WBGene00018253","WBGene00018253",NA
"WBGene00018257",75.4347316489117,-1.25838104992557,0.461367513520486,-2.72750250732531,0.00638157726138075,0.0211138619900266,"WBGene00018257","WBGene00018257",NA
"WBGene00018261",10.9767698323211,-1.440285401484,0.596960356708956,-2.41269857419728,0.015834909088073,0.045508912949051,"WBGene00018261","WBGene00018261",NA
"WBGene00018262",42.8250921218518,-2.47325521665091,0.463419461972534,-5.33696881465347,9.45132879296211e-08,1.23796917912435e-06,"WBGene00018262","WBGene00018262",NA
"WBGene00018282",33.2077117009683,-2.23236638501415,0.88913386191773,-2.51072024205587,0.0120485138066253,0.03633109870002,"WBGene00018282","WBGene00018282",NA
"WBGene00018293",29.6673812888136,1.60351539173634,0.564868911537418,2.83873896931593,0.00452921911123025,0.0157279224384873,"WBGene00018293","WBGene00018293",NA
"WBGene00018298",43.2763627065045,-1.17559946042625,0.401726569101933,-2.92636721303826,0.00342945872997413,0.0124000135662839,"WBGene00018298","WBGene00018298",NA
"WBGene00018301",28.1774803025148,-3.86528142797652,0.995880353562316,-3.88127089177953,0.000103912016354553,0.000602765604608616,"WBGene00018301","WBGene00018301",NA
"WBGene00018311",31.3497057880929,-1.65021672721208,0.421343354087595,-3.9165604754478,8.98212914681645e-05,0.000529845529902796,"WBGene00018311","WBGene00018311",NA
"WBGene00018314",180.190686042156,-3.93210066810837,1.04150698506122,-3.77539538813294,0.000159754059730433,0.000875187725460743,"WBGene00018314","WBGene00018314",NA
"WBGene00018336",44.1601587958891,-4.31523370513833,1.59597913452543,-2.70381586562627,0.00685482631147406,0.0224767222917868,"WBGene00018336","WBGene00018336",NA
"WBGene00018346",63.8700856319305,-2.19316548490549,0.371570648606235,-5.90241853906402,3.58211003210355e-09,6.1169771432325e-08,"WBGene00018346","WBGene00018346",NA
"WBGene00018347",29.7147617750964,-4.98792440317696,0.950728820755902,-5.24642179166419,1.55081635462802e-07,1.90755750057644e-06,"WBGene00018347","WBGene00018347",NA
"WBGene00018350",323.778803859728,-1.51246469605219,0.411062891848238,-3.67939973674534,0.000233783578984259,0.00121862461503356,"WBGene00018350","WBGene00018350",NA
"WBGene00018354",20.4230342622031,-1.08253639059201,0.426355914284855,-2.53904391688291,0.0111155869117754,0.0340057970312512,"WBGene00018354","WBGene00018354",NA
"WBGene00018355",114.594343979934,2.24585678687347,0.56099662123846,4.00333389159369,6.24560580151104e-05,0.000383950295574182,"WBGene00018355","WBGene00018355",NA
"WBGene00018359",37.6502447949994,-2.86314473083399,0.782889142522589,-3.65715217560496,0.000255032984906461,0.00131310751198416,"WBGene00018359","WBGene00018359",NA
"WBGene00018360",24.691531586164,-3.98535918192697,0.941185773471844,-4.2344022766364,2.29160408872075e-05,0.000161111152189305,"WBGene00018360","WBGene00018360",NA
"WBGene00018373",117.589357334183,-1.28176072000999,0.457857054253435,-2.79947793334752,0.00511853149072331,0.0174729330300712,"WBGene00018373","WBGene00018373",NA
"WBGene00018374",118.424051252215,-1.12987397486593,0.34840025291578,-3.24303431300626,0.00118263967367205,0.00498333397871302,"WBGene00018374","WBGene00018374",NA
"WBGene00018380",75.0334592183938,-4.20659312105017,0.952773278113567,-4.41510401024152,1.00961435334929e-05,7.80444453889746e-05,"WBGene00018380","WBGene00018380",NA
"WBGene00018384",153.567230085119,-1.6136205791079,0.400182075362225,-4.03221602978426,5.52533599007717e-05,0.000345768946174137,"WBGene00018384","WBGene00018384",NA
"WBGene00018394",13.246120009718,-2.59683426294297,0.893442710114769,-2.90654815753031,0.00365440642803773,0.0130973999688925,"WBGene00018394","WBGene00018394",NA
"WBGene00018398",71.8254709134861,-1.48270181047419,0.349159038713099,-4.24649413613639,2.17141460532096e-05,0.000153567684086355,"WBGene00018398","WBGene00018398",NA
"WBGene00018400",320.429284716573,-2.1945307447932,0.197791426037845,-11.0951763115015,1.32398687612895e-28,1.91148933540516e-26,"WBGene00018400","WBGene00018400",NA
"WBGene00018403",37.4597035747491,-2.3638660370054,0.684240342912806,-3.45473058040168,0.000550842970185489,0.00258307039792034,"WBGene00018403","WBGene00018403",NA
"WBGene00018435",31.5362702958166,-1.85979449368601,0.583182681102349,-3.18904273729559,0.00142744772385487,0.00586616167827994,"WBGene00018435","WBGene00018435",NA
"WBGene00018437",65.5639521532229,2.01150012293433,0.713629891316618,2.81868815671832,0.00482203401426366,0.0165955531340887,"WBGene00018437","WBGene00018437",NA
"WBGene00018438",263.860252651591,1.45220503580388,0.550584737281708,2.63756863834177,0.00835027249089048,0.0266526227584407,"WBGene00018438","WBGene00018438",NA
"WBGene00018444",18.8778980260727,2.01126390314017,0.772669486974225,2.60300676686002,0.00924101297287609,0.0290800965260497,"WBGene00018444","WBGene00018444",NA
"WBGene00018452",19.9050490073846,2.83038080935078,0.71572210050666,3.95458070576157,7.66689890390782e-05,0.000461596402837214,"WBGene00018452","WBGene00018452",NA
"WBGene00018456",32.8617612190497,3.36457134070719,0.686139855524485,4.90362323893182,9.40848681769791e-07,9.6467361610729e-06,"WBGene00018456","WBGene00018456",NA
"WBGene00018458",20.3677625453536,2.34783400350604,0.910827720190409,2.57769274195478,0.00994623947592481,0.0309517963922041,"WBGene00018458","WBGene00018458",NA
"WBGene00018459",165.458379862226,-1.827882113599,0.466816958297395,-3.91562920135929,9.01687407451733e-05,0.000531456417101345,"WBGene00018459","WBGene00018459",NA
"WBGene00018471",19.4234792704044,-2.07221030377835,0.694744679039714,-2.98269330632742,0.00285724151510305,0.0106457019327383,"WBGene00018471","WBGene00018471",NA
"WBGene00018489",112.919289539713,2.86854995546955,0.70804189448025,4.05138449833574,5.09154585134463e-05,0.000321721772118783,"WBGene00018489","WBGene00018489",NA
"WBGene00018497",34.6365754772253,-5.25170168572627,1.07356493608597,-4.89183421440074,9.99005780880356e-07,1.01339883790794e-05,"WBGene00018497","WBGene00018497",NA
"WBGene00018500",13.2111333578366,-4.48992649032872,1.39153150866909,-3.22660785067169,0.00125267012745155,0.00523367849507894,"WBGene00018500","WBGene00018500",NA
"WBGene00018522",1267.437645494,-1.32632251787717,0.333978349316403,-3.97128293074066,7.14866190184425e-05,0.000434421022802125,"WBGene00018522","WBGene00018522",NA
"WBGene00018525",21.2441131193001,-4.68769071943855,1.09828952817335,-4.26817391879807,1.9707965065894e-05,0.000140561848646119,"WBGene00018525","WBGene00018525",NA
"WBGene00018528",45.0491993976512,-6.28447408460321,1.12810528058682,-5.57082232726907,2.53539783547052e-08,3.69403070972274e-07,"WBGene00018528","WBGene00018528",NA
"WBGene00018530",21.2441131193001,-4.68769071943855,1.09828952817335,-4.26817391879807,1.9707965065894e-05,0.000140561848646119,"WBGene00018530","WBGene00018530",NA
"WBGene00018531",85.404807699283,-4.80337971577633,0.924327364460369,-5.19662178191661,2.02942670448219e-07,2.41319433337471e-06,"WBGene00018531","WBGene00018531",NA
"WBGene00018538",57.1026950182226,-2.11934431038641,0.775042364916369,-2.73448834066651,0.00624773079821329,0.0207526879616227,"WBGene00018538","WBGene00018538",NA
"WBGene00018543",14.3313900701177,2.90703080543104,0.894178264753639,3.25106404395994,0.00114973955045354,0.00486766214295986,"WBGene00018543","WBGene00018543",NA
"WBGene00018547",49.3794528967411,3.49303897360997,0.711604501206916,4.90868026788139,9.16913236616705e-07,9.4215966146388e-06,"WBGene00018547","WBGene00018547",NA
"WBGene00018548",94.4798402971183,-4.9740545165059,1.40324319854262,-3.54468457190588,0.000393083184193281,0.00191883126764842,"WBGene00018548","WBGene00018548",NA
"WBGene00018561",55.6896036512982,2.29032877744518,0.571452234749235,4.00790938975018,6.12586128412884e-05,0.000377457273757922,"WBGene00018561","WBGene00018561",NA
"WBGene00018563",75.6327072116763,-4.62689082357127,0.767906102659571,-6.02533409689866,1.68760648379593e-09,3.06492496478973e-08,"WBGene00018563","WBGene00018563",NA
"WBGene00018566",67.6829006895786,1.41090048672878,0.422475538629948,3.33960278813823,0.000838982963597337,0.00370797263410536,"WBGene00018566","WBGene00018566",NA
"WBGene00018575",29.9725038752819,-3.66145074019024,1.12464423828083,-3.25565242372757,0.00113132153281527,0.00480391523129195,"WBGene00018575","WBGene00018575",NA
"WBGene00018576",44.0404302607419,-1.43097132041362,0.38440897478127,-3.72252318309645,0.000197241792040012,0.00105350408581012,"WBGene00018576","WBGene00018576",NA
"WBGene00018579",38.7381920326607,-1.33994052046214,0.430143856405859,-3.1150985897096,0.00183883437996547,0.00729460443875838,"WBGene00018579","WBGene00018579",NA
"WBGene00018606",116.206055511964,3.45553157880099,0.639359117495655,5.40468022468527,6.49241148077053e-08,8.75434314100501e-07,"WBGene00018606","WBGene00018606",NA
"WBGene00018621",10.7445389220986,-2.29778158973427,0.777113736682689,-2.95681504684623,0.00310834505864779,0.0114121695153488,"WBGene00018621","WBGene00018621",NA
"WBGene00018639",13.7360267762431,-1.94348651871785,0.70880667836625,-2.74191338489847,0.0061082446205053,0.0203436742239165,"WBGene00018639","WBGene00018639",NA
"WBGene00018645",16.1784873012858,-4.75690527082831,1.18498132928113,-4.01432930062627,5.96150688618898e-05,0.00036838658851837,"WBGene00018645","WBGene00018645",NA
"WBGene00018682",256.407673693346,1.57269961958426,0.287026684830393,5.47928016000877,4.27059697274864e-08,5.96090259096644e-07,"WBGene00018682","WBGene00018682",NA
"WBGene00018694",26.8250713005793,-2.11146380965387,0.705977443124892,-2.99083749801952,0.00278213502083053,0.0104178820677838,"WBGene00018694","WBGene00018694",NA
"WBGene00018707",45.242930436869,1.67033735724274,0.523565198849651,3.19031394927073,0.00142118314519055,0.00584377752997946,"WBGene00018707","WBGene00018707",NA
"WBGene00018731",352.26665272579,-1.90880095883992,0.410068130397049,-4.65483859228886,3.24234604608101e-06,2.88920523919177e-05,"WBGene00018731","WBGene00018731",NA
"WBGene00018743",333.545879917305,3.13402710722508,0.435339306598494,7.1990446525784,6.06358933433817e-13,1.93648737499509e-11,"WBGene00018743","WBGene00018743",NA
"WBGene00018745",17.990648399828,-4.97649481915243,1.18690752738407,-4.19282438128991,2.75502723765158e-05,0.000189406466126763,"WBGene00018745","WBGene00018745",NA
"WBGene00018750",12.8134726523083,1.46890479074954,0.589954156076573,2.48986260308485,0.0127792487311777,0.0380766733614181,"WBGene00018750","WBGene00018750",NA
"WBGene00018766",20.3109046998344,3.52446136385641,0.719830408410362,4.89623850656665,9.76884914028656e-07,9.94488324516495e-06,"WBGene00018766","WBGene00018766",NA
"WBGene00018773",33.4222327349117,-4.35308945934329,0.80303928180772,-5.42076777308335,5.93436092552408e-08,8.04742131959352e-07,"WBGene00018773","WBGene00018773",NA
"WBGene00018783",21.3715234169724,-3.10931881506495,0.9151848285778,-3.39747635447239,0.000680104652295308,0.00310665893105044,"WBGene00018783","WBGene00018783",NA
"WBGene00018789",56.4614662600236,-1.50204368982424,0.486519583721607,-3.08732421074284,0.0020196718709467,0.00791749041454777,"WBGene00018789","WBGene00018789",NA
"WBGene00018792",24.7826987771367,-6.12038108209752,1.26611243500451,-4.83399492247756,1.33820000644094e-06,1.30737475680522e-05,"WBGene00018792","WBGene00018792",NA
"WBGene00018803",52.5832376400021,-1.60213355699017,0.48886909884721,-3.27722402738917,0.00104833155411293,0.00449964051139224,"WBGene00018803","WBGene00018803",NA
"WBGene00018804",26.3514685891726,-1.99450175199269,0.609391764380783,-3.27293847500442,0.00106435642944645,0.00456157314724981,"WBGene00018804","WBGene00018804",NA
"WBGene00018807",33.7733408161406,-1.77347538383761,0.434478131072695,-4.08185189772159,4.46782655899231e-05,0.000286747395633934,"WBGene00018807","WBGene00018807",NA
"WBGene00018839",10.49775699392,-3.70061275583644,1.13321432221755,-3.26558946819065,0.00109236491294255,0.00465925744574394,"WBGene00018839","WBGene00018839",NA
"WBGene00018840",16.0667582709361,-2.95586441133875,0.910261710438008,-3.24726875517638,0.00116518306307272,0.00492138342804327,"WBGene00018840","WBGene00018840",NA
"WBGene00018841",19.4422392930656,-4.97289769066765,1.30086099538129,-3.82277407680292,0.000131958675061017,0.000743431353033944,"WBGene00018841","WBGene00018841",NA
"WBGene00018852",35.2428386635839,-1.06467137133273,0.349746140054896,-3.04412615151555,0.00233357264330066,0.00894442311362199,"WBGene00018852","WBGene00018852",NA
"WBGene00018865",10.4387315545462,-1.69542222638459,0.64336958356742,-2.63522284809244,0.00840820602395189,0.0268076039929388,"WBGene00018865","WBGene00018865",NA
"WBGene00018873",15.8102943716059,-1.83790647205045,0.56897778533475,-3.23019021027183,0.00123707886739807,0.0051791353988637,"WBGene00018873","WBGene00018873",NA
"WBGene00018878",153.449566946621,1.67848220840465,0.282228359984475,5.9472485631741,2.72687172251171e-09,4.77636979532597e-08,"WBGene00018878","WBGene00018878",NA
"WBGene00018895",35.4774675731769,-3.41548820703436,1.00844074666841,-3.38690024011635,0.000706870862207055,0.00320638058823403,"WBGene00018895","WBGene00018895",NA
"WBGene00018910",296.968810207135,3.93619131219895,0.304109525885475,12.9433344803585,2.56260668520965e-38,6.91081836824557e-36,"WBGene00018910","WBGene00018910",NA
"WBGene00018921",95.7833836978564,-1.43762292664892,0.436133951748734,-3.29628757606372,0.000979716732342348,0.00423694137832653,"WBGene00018921","WBGene00018921",NA
"WBGene00018926",59.819185381432,-4.09101583539115,1.65260219713747,-2.47549945321224,0.0133049965458942,0.0393560255857753,"WBGene00018926","WBGene00018926",NA
"WBGene00018930",73.2313889861292,-6.14589225889486,1.39005609264078,-4.42132680215738,9.80966773294813e-06,7.6143151187135e-05,"WBGene00018930","WBGene00018930",NA
"WBGene00018931",54.7906237938153,-1.19342358942131,0.386766452105131,-3.08564401831034,0.00203111833841864,0.00795581650068997,"WBGene00018931","WBGene00018931",NA
"WBGene00018946",51.8035250954212,3.16861175876865,0.519495361150158,6.09940337436964,1.06465093500985e-09,2.00752715225538e-08,"WBGene00018946","WBGene00018946",NA
"WBGene00018949",12.5336637995212,-3.47455505288564,0.890038245711077,-3.90382668343619,9.46835974213092e-05,0.000555547068121007,"WBGene00018949","WBGene00018949",NA
"WBGene00018965",10.8911871606385,2.78229533546954,0.721401666957574,3.85679083221908,0.000114885389204904,0.000657611881419979,"WBGene00018965","WBGene00018965",NA
"WBGene00018966",247.586948775065,1.35893103441612,0.324467756162586,4.18818513891156,2.81194087378658e-05,0.000193068750002836,"WBGene00018966","WBGene00018966",NA
"WBGene00018971",12.4859903521822,4.44831380755484,1.04660276782175,4.25024082137,2.13540799728425e-05,0.000151320706520495,"WBGene00018971","WBGene00018971",NA
"WBGene00018980",13.0395499942145,-4.52601367463022,1.34087975740612,-3.37540607174621,0.0007370684736305,0.00332017639256248,"WBGene00018980","WBGene00018980",NA
"WBGene00018999",19.4093556147749,-2.29145984089693,0.865532883158337,-2.64745555655306,0.00811000191398745,0.0259901922324266,"WBGene00018999","WBGene00018999",NA
"WBGene00019014",43.7828355247039,-1.45831873059351,0.464043066541288,-3.14263661229331,0.00167433560984873,0.00673930691961922,"WBGene00019014","WBGene00019014",NA
"WBGene00019015",48.9629790398247,-5.15034713600352,1.05427060755808,-4.88522310977903,1.03311799200828e-06,1.0428217132609e-05,"WBGene00019015","WBGene00019015",NA
"WBGene00019020",23.6601441322602,-3.47719339402618,0.792877257901768,-4.385538063266,1.15699423210353e-05,8.75304562532832e-05,"WBGene00019020","WBGene00019020",NA
"WBGene00019021",24.4616235415449,3.0520251753366,0.62455988180723,4.88668142837681,1.02549826478977e-06,1.03586195750107e-05,"WBGene00019021","WBGene00019021",NA
"WBGene00019022",102.819818064548,-1.54844065560688,0.270859645509541,-5.71676394500905,1.08571773090391e-08,1.71093313426787e-07,"WBGene00019022","WBGene00019022",NA
"WBGene00019024",31.9367014687906,-3.9444688229833,0.879698774981745,-4.48388577449724,7.3295907968192e-06,5.91874809372525e-05,"WBGene00019024","WBGene00019024",NA
"WBGene00019026",75.7432323867339,-5.27924831607057,1.3952186877271,-3.78381422389833,0.000154443121748504,0.000850329560535965,"WBGene00019026","WBGene00019026",NA
"WBGene00019035",38.8097398942556,2.43584539249499,0.972293662404971,2.50525688552769,0.012236248645732,0.0368040197587221,"WBGene00019035","WBGene00019035",NA
"WBGene00019039",23.5109877878111,2.79355406637915,0.993605321992421,2.81153291407235,0.00493060458254934,0.0169163182838295,"WBGene00019039","WBGene00019039",NA
"WBGene00019040",11.0078847069906,3.1787147872996,0.858181112435515,3.70401392111558,0.00021221460445487,0.00112164705018935,"WBGene00019040","WBGene00019040",NA
"WBGene00019041",13.3974605321943,2.46173974370121,0.819846775179274,3.00268271856397,0.0026761127191671,0.0100636535746897,"WBGene00019041","WBGene00019041",NA
"WBGene00019043",23.7100301206864,2.39284773972131,0.794089306729001,3.01332321118627,0.00258403548227679,0.00976677085867298,"WBGene00019043","WBGene00019043",NA
"WBGene00019048",11.9022504008789,-2.31461085098113,0.686952718777584,-3.36938887890264,0.000753350601472836,0.00338073473998469,"WBGene00019048","WBGene00019048",NA
"WBGene00019058",14.7184122589298,-2.22936997190528,0.595457200302364,-3.74396341294259,0.000181140041517634,0.000977732104762666,"WBGene00019058","WBGene00019058",NA
"WBGene00019060",445.382042905062,-1.50913435595302,0.24613067971702,-6.1314353728194,8.70897127336289e-10,1.68440225182917e-08,"WBGene00019060","WBGene00019060",NA
"WBGene00019063",22.3306949828203,-4.05087348664996,1.12749015643271,-3.59282381627758,0.000327113769396309,0.00164050424771279,"WBGene00019063","WBGene00019063",NA
"WBGene00019081",22.0242142317134,-4.6698755659278,1.19423317553554,-3.91035491359019,9.2160604466423e-05,0.000542372122993918,"WBGene00019081","WBGene00019081",NA
"WBGene00019084",10.5550254175392,-3.50071668061779,1.29718285266061,-2.69870718182682,0.00696093942793079,0.0227650431332465,"WBGene00019084","WBGene00019084",NA
"WBGene00019086",45.7272967222166,-5.72531062770163,1.13852293854108,-5.02871785353587,4.93770307608516e-07,5.33847126070236e-06,"WBGene00019086","WBGene00019086",NA
"WBGene00019090",26.1853806306215,2.49784948022361,0.539923881947065,4.62629930577604,3.72257236986705e-06,3.25582060180695e-05,"WBGene00019090","WBGene00019090",NA
"WBGene00019100",113.584888370622,1.74839560094223,0.363299723951468,4.81254315837519,1.49021677218419e-06,1.44013984616827e-05,"WBGene00019100","WBGene00019100",NA
"WBGene00019108",24.4065310803801,-1.86984324810513,0.48200790712588,-3.87927919949415,0.000104766450119032,0.00060650821173653,"WBGene00019108","WBGene00019108",NA
"WBGene00019111",78.2765886959052,-1.29327206935989,0.535328917550663,-2.41584571085215,0.0156987118696204,0.0451835861362232,"WBGene00019111","WBGene00019111",NA
"WBGene00019115",26.2404199731681,-1.81920874267837,0.440565066401443,-4.1292623528637,3.63928947287805e-05,0.000239927880239142,"WBGene00019115","WBGene00019115",NA
"WBGene00019116",42.8713923711712,-2.1614160821211,0.408766129294988,-5.28765943951611,1.23891360906939e-07,1.56706125791405e-06,"WBGene00019116","WBGene00019116",NA
"WBGene00019117",39.0701159639327,-2.22726410537041,0.420991223211211,-5.29052384603514,1.21966517910356e-07,1.55195296150792e-06,"WBGene00019117","WBGene00019117",NA
"WBGene00019148",21.8836695990054,1.2580524282882,0.524055312903586,2.4006100068289,0.0163677702079681,0.0467838551364996,"WBGene00019148","WBGene00019148",NA
"WBGene00019151",63.3721153811493,-4.69783913226499,0.96975653482764,-4.84434903354373,1.27027459105289e-06,1.25127737628663e-05,"WBGene00019151","WBGene00019151",NA
"WBGene00019156",17.6097390118434,-1.79524027705495,0.488886900087565,-3.67209732298698,0.000240568027718843,0.00124988688483658,"WBGene00019156","WBGene00019156",NA
"WBGene00019165",29.9501167450321,-3.56612724275436,0.907142158941288,-3.93116691535573,8.45345542521268e-05,0.000502220044581782,"WBGene00019165","WBGene00019165",NA
"WBGene00019166",129.851983087629,-1.58389974457766,0.394644006572157,-4.01348992560479,5.98275571286687e-05,0.000369539876421807,"WBGene00019166","WBGene00019166",NA
"WBGene00019176",29.7796858203777,-1.89630930349822,0.513086880642362,-3.69588343620114,0.000219123496833011,0.001151445639792,"WBGene00019176","WBGene00019176",NA
"WBGene00019182",32.5847108000783,-1.31832303831606,0.528277472828559,-2.49551250265766,0.012577532278291,0.0376246690777759,"WBGene00019182","WBGene00019182",NA
"WBGene00019208",10.5295051690151,3.25660136575553,0.839479741500198,3.87930905865078,0.000104753591761331,0.00060650821173653,"WBGene00019208","WBGene00019208",NA
"WBGene00019216",16.7785111260761,-3.28082526903266,1.06206725785845,-3.08909369416783,0.00200768112205496,0.00787912857702678,"WBGene00019216","WBGene00019216",NA
"WBGene00019232",93.1272084420929,1.25046649173943,0.415991806630997,3.0059882714196,0.0026471920818281,0.00998056355198339,"WBGene00019232","WBGene00019232",NA
"WBGene00019233",21.3363894277529,2.01585755582321,0.660550450680591,3.05178439246569,0.00227485437865271,0.00876637736157541,"WBGene00019233","WBGene00019233",NA
"WBGene00019234",89.5806442440207,3.00608390805209,0.523144834896152,5.74617908374996,9.1282628224976e-09,1.46103315254152e-07,"WBGene00019234","WBGene00019234",NA
"WBGene00019237",313.295089300906,-1.03093072773102,0.303137869672017,-3.40086419702838,0.000671731897173858,0.00307234048201791,"WBGene00019237","WBGene00019237",NA
"WBGene00019239",14.418582523652,2.57730467006777,0.770695873244795,3.34412672954477,0.000825420225720831,0.00365707727409418,"WBGene00019239","WBGene00019239",NA
"WBGene00019243",16.4881010534704,1.8178419590767,0.741138567997825,2.45276934377814,0.0141761205987047,0.0415033370989935,"WBGene00019243","WBGene00019243",NA
"WBGene00019248",33.3872468580742,-4.02624014341406,0.898346108220408,-4.48183623947556,7.40035222781728e-06,5.96577746148857e-05,"WBGene00019248","WBGene00019248",NA
"WBGene00019255",35.6238094658633,-4.08576523077498,0.855820135181524,-4.7740933670699,1.80518624554143e-06,1.71552706167046e-05,"WBGene00019255","WBGene00019255",NA
"WBGene00019257",10.0970248573628,-4.69370308989111,1.62341967906271,-2.89124442091341,0.00383719558604943,0.0136241026456142,"WBGene00019257","WBGene00019257",NA
"WBGene00019260",27.8983720400365,-5.20689489304552,1.13086356550072,-4.60435286085111,4.1375042306249e-06,3.55820384887616e-05,"WBGene00019260","WBGene00019260",NA
"WBGene00019272",21.6741687592291,3.21033196312954,1.0487935206529,3.06097615966488,0.00220616659864068,0.00855096562730606,"WBGene00019272","WBGene00019272",NA
"WBGene00019273",24.5778606495845,-2.62014974878728,0.896905551204207,-2.92132181060692,0.00348549594295131,0.0125708285421658,"WBGene00019273","WBGene00019273",NA
"WBGene00019278",17.2620737831931,2.84369614324598,0.652106898412072,4.36078218183335,1.29598329430002e-05,9.64262843593451e-05,"WBGene00019278","WBGene00019278",NA
"WBGene00019282",93.7249459220398,1.23891279470198,0.363117157716237,3.41188172570502,0.000645160995387552,0.00296886223666268,"WBGene00019282","WBGene00019282",NA
"WBGene00019310",14.5738932041992,4.69237065774538,1.07009050837688,4.38502222102951,1.15973939124529e-05,8.76344082584768e-05,"WBGene00019310","WBGene00019310",NA
"WBGene00019311",29.8526709150181,2.43778888930225,0.521817385336514,4.67172799873301,2.98676314850848e-06,2.6916649231798e-05,"WBGene00019311","WBGene00019311",NA
"WBGene00019317",68.609764620695,1.20419003562124,0.357466704824516,3.36867747224847,0.000755297545172765,0.00338662036145036,"WBGene00019317","WBGene00019317",NA
"WBGene00019318",20.3225622379741,1.9750327191345,0.7285004171009,2.71109346374053,0.00670617202369839,0.0220597953305929,"WBGene00019318","WBGene00019318",NA
"WBGene00019337",56.2400663161519,-3.23315630664192,0.788088610708659,-4.10252890691394,4.08658779217553e-05,0.000265739760298293,"WBGene00019337","WBGene00019337",NA
"WBGene00019343",34.5311997286449,-1.78343979183168,0.494670397368057,-3.60530931569921,0.000311781351304956,0.00156801226396965,"WBGene00019343","WBGene00019343",NA
"WBGene00019344",105.985338645671,1.06741772285594,0.23142178540999,4.61243404965043,3.97980838616588e-06,3.44330516122693e-05,"WBGene00019344","WBGene00019344",NA
"WBGene00019347",103.737809506487,-1.14806833573469,0.329377784590426,-3.48556699767195,0.00049109522747293,0.00233429467451633,"WBGene00019347","WBGene00019347",NA
"WBGene00019376",16.9628008612496,-2.0377551286288,0.771604357867105,-2.64093263322363,0.00826781573369836,0.0264425800585703,"WBGene00019376","WBGene00019376",NA
"WBGene00019388",13.3956713932361,4.5561940353135,0.999062289384609,4.56047043685332,5.10391478658406e-06,4.28111819510834e-05,"WBGene00019388","WBGene00019388",NA
"WBGene00019406",174.248241160252,-4.70602151512864,1.18690480932908,-3.96495277307774,7.34104799064578e-05,0.000444788465155999,"WBGene00019406","WBGene00019406",NA
"WBGene00019407",103.779389793678,1.48790573991746,0.329524455633286,4.51531203369405,6.32236035013959e-06,5.18448057857402e-05,"WBGene00019407","WBGene00019407",NA
"WBGene00019410",80.6557569495547,-4.64848300896956,0.911672800214869,-5.09885016628111,3.41722904447438e-07,3.8428367216894e-06,"WBGene00019410","WBGene00019410",NA
"WBGene00019414",18.6062997922232,3.24152350277256,0.716171979482157,4.52618029696779,6.00593453092728e-06,4.94201624931166e-05,"WBGene00019414","WBGene00019414",NA
"WBGene00019417",12.1398895211747,2.02675739054855,0.777593619396039,2.60644807260988,0.0091486694753521,0.0288212327113087,"WBGene00019417","WBGene00019417",NA
"WBGene00019425",12.5865340550039,-6.60367608810613,1.6050100431532,-4.1144141846817,3.88163927238825e-05,0.000253682076452882,"WBGene00019425","WBGene00019425",NA
"WBGene00019426",47.5992547798113,1.70685803460459,0.463154172307225,3.68529128454526,0.000228441223762727,0.00119426130623287,"WBGene00019426","WBGene00019426",NA
"WBGene00019430",280.198968773105,-4.36929077651141,1.09358648935392,-3.99537742926282,6.4591268221332e-05,0.000395137633888066,"WBGene00019430","WBGene00019430",NA
"WBGene00019431",17.5557147293915,-3.02048595119006,0.819562070517218,-3.68548772551646,0.000228265083957105,0.00119377711123268,"WBGene00019431","WBGene00019431",NA
"WBGene00019435",67.7601774157666,-2.57249256413706,0.505592949594815,-5.08807048476184,3.61724938042863e-07,4.03549055861267e-06,"WBGene00019435","WBGene00019435",NA
"WBGene00019436",88.6247525637033,-1.00109277064876,0.317372641897639,-3.15431337957492,0.00160876232787923,0.00651573815595858,"WBGene00019436","WBGene00019436",NA
"WBGene00019459",14.9697259605887,-5.1337642989706,1.36607115539131,-3.75805043442267,0.00017124237095202,0.000929926750766423,"WBGene00019459","WBGene00019459",NA
"WBGene00019461",41.1145172676166,-4.69857345765835,1.0342732948367,-4.54287419110073,5.54923727496716e-06,4.60867218890794e-05,"WBGene00019461","WBGene00019461",NA
"WBGene00019473",15.7512342640197,3.77220473674545,0.98636123058242,3.82436436042611,0.000131109901672077,0.000739815959178443,"WBGene00019473","WBGene00019473",NA
"WBGene00019489",367.421170327819,-2.46200723099348,0.499477815570888,-4.92916232561696,8.25829384901392e-07,8.55973585527782e-06,"WBGene00019489","WBGene00019489",NA
"WBGene00019491",95.2124358509085,1.29576378110551,0.316027945773268,4.10015569330423,4.12872278099529e-05,0.000267384842359609,"WBGene00019491","WBGene00019491",NA
"WBGene00019492",1223.73066058238,-1.18292715413866,0.278217546858546,-4.25180642808303,2.12053111696086e-05,0.00015060779782509,"WBGene00019492","WBGene00019492",NA
"WBGene00019495",27.9384110224541,-5.8103007737675,1.09162451836093,-5.32261842422856,1.02284153002407e-07,1.32783596627012e-06,"WBGene00019495","WBGene00019495",NA
"WBGene00019501",11.2109276252038,-4.9441690128905,1.33479965742403,-3.70405325277955,0.000212181685079086,0.00112164705018935,"WBGene00019501","WBGene00019501",NA
"WBGene00019511",373.886772166687,1.2483434153681,0.223933178078742,5.57462465400793,2.48064127846864e-08,3.62163491247725e-07,"WBGene00019511","WBGene00019511",NA
"WBGene00019512",31.5004181682728,-3.43914997118684,0.758913692920675,-4.53167468615739,5.85179179042379e-06,4.83186944312694e-05,"WBGene00019512","WBGene00019512",NA
"WBGene00019514",15.265840251412,6.18048265582211,1.32930930497024,4.64939396174654,3.3291178453513e-06,2.95180405481428e-05,"WBGene00019514","WBGene00019514",NA
"WBGene00019518",18.1884162033618,-2.77430354734908,1.10275723772373,-2.51578811042373,0.0118766561378045,0.0359265706196062,"WBGene00019518","WBGene00019518",NA
"WBGene00019519",36.947467131983,-1.77043922799574,0.385819622491679,-4.58877445517672,4.45855834975931e-06,3.79322467220892e-05,"WBGene00019519","WBGene00019519",NA
"WBGene00019530",17.0712185701603,-6.31646079877964,1.50817367331752,-4.18815214091715,2.81234966421259e-05,0.000193068750002836,"WBGene00019530","WBGene00019530",NA
"WBGene00019531",33.386330327778,-3.7599191827408,0.805973502394696,-4.66506550348044,3.08518743899154e-06,2.76467611695963e-05,"WBGene00019531","WBGene00019531",NA
"WBGene00019540",10825.9966167657,-1.10151942586478,0.331701984922432,-3.32081047426462,0.000897564656520212,0.00393524283301945,"WBGene00019540","WBGene00019540",NA
"WBGene00019547",21.8740278346456,-3.64432485075756,0.699776894513833,-5.20783821147658,1.91053392473252e-07,2.29280112394643e-06,"WBGene00019547","WBGene00019547",NA
"WBGene00019556",17.0260903246138,-4.71860912532514,1.17381164286839,-4.01990315396301,5.82220701833542e-05,0.000361502231616166,"WBGene00019556","WBGene00019556",NA
"WBGene00019561",81.6255788011418,-4.70883004711272,0.845804389841523,-5.5672802171138,2.58746120827747e-08,3.76221597659307e-07,"WBGene00019561","WBGene00019561",NA
"WBGene00019564",91.3366599661437,3.17016378855828,0.520387665379069,6.09192722938392,1.11559397951964e-09,2.09529365956297e-08,"WBGene00019564","WBGene00019564",NA
"WBGene00019565",21.3341344844997,3.34231726819402,0.739676965507624,4.51861748310664,6.22447321156223e-06,5.1159514440977e-05,"WBGene00019565","WBGene00019565",NA
"WBGene00019572",370.627342098214,-1.90854993034305,0.309945035210993,-6.15770447506547,7.38069174097104e-10,1.4450990007356e-08,"WBGene00019572","WBGene00019572",NA
"WBGene00019576",42.3760616613274,1.46573856206466,0.526969913658267,2.78144638635892,0.00541172685708145,0.0183510823175006,"WBGene00019576","WBGene00019576",NA
"WBGene00019579",22.4855218900559,-1.69235637092519,0.48353461544439,-3.49996942694544,0.000465311522077417,0.00222729323009127,"WBGene00019579","WBGene00019579",NA
"WBGene00019586",69.5094056259631,-4.2225597553553,0.716292299971183,-5.89502324054743,3.74628650252368e-09,6.35934358439086e-08,"WBGene00019586","WBGene00019586",NA
"WBGene00019587",17.567649585826,-1.57954687664947,0.565077151382266,-2.79527649062726,0.00518553448334844,0.0176679009226458,"WBGene00019587","WBGene00019587",NA
"WBGene00019591",41.8298156300575,3.40500555727928,0.70413794580822,4.83570808468639,1.32672503441092e-06,1.29705067830611e-05,"WBGene00019591","WBGene00019591",NA
"WBGene00019624",272.613983266772,1.08311917806636,0.174109333463639,6.22091393103035,4.94267260003965e-10,9.99230827049034e-09,"WBGene00019624","WBGene00019624",NA
"WBGene00019626",19.2660844067731,-4.75944487227861,1.11501849741152,-4.26848961100421,1.96800991670413e-05,0.000140556451462707,"WBGene00019626","WBGene00019626",NA
"WBGene00019642",33.2822431635761,-5.01045022371377,1.28791668579137,-3.89035275262006,0.000100098602806466,0.000583724736806533,"WBGene00019642","WBGene00019642",NA
"WBGene00019649",12.8882008269281,-1.4261435570214,0.568396886152803,-2.50906293078813,0.0121051916415587,0.0364789171690488,"WBGene00019649","WBGene00019649",NA
"WBGene00019653",29.2690100680301,-1.04558273540017,0.385845356462457,-2.70984921261299,0.00673138025910952,0.0221176133433224,"WBGene00019653","WBGene00019653",NA
"WBGene00019655",22.1241496936461,2.47595719681081,0.864724863527344,2.8632890081488,0.00419267945930654,0.0147093685596142,"WBGene00019655","WBGene00019655",NA
"WBGene00019660",129.922326673933,2.69973920677243,0.385677424457689,6.99999283227065,2.55975604146409e-12,7.48192087947776e-11,"WBGene00019660","WBGene00019660",NA
"WBGene00019687",33.4495163500712,2.23525623614995,0.729247339494451,3.06515514708567,0.00217557108452175,0.00844552579288611,"WBGene00019687","WBGene00019687",NA
"WBGene00019700",67.5005670489844,2.20940534984891,0.664864842814904,3.32308945754258,0.000890263595207692,0.00390682762244505,"WBGene00019700","WBGene00019700",NA
"WBGene00019704",33.4923247075333,2.73662279807366,0.869195718744946,3.14845406972912,0.00164136514942487,0.00662525616513122,"WBGene00019704","WBGene00019704",NA
"WBGene00019705",43.4148239910135,3.72359720538493,0.572128375204937,6.50832464663395,7.59935477178021e-11,1.8012865299014e-09,"WBGene00019705","WBGene00019705",NA
"WBGene00019717",62.9057534968473,1.88505820621487,0.522324271574663,3.60898068269342,0.000307402496542957,0.00154871479840976,"WBGene00019717","WBGene00019717",NA
"WBGene00019729",191.333698532568,1.08931977521044,0.337666813178931,3.22601965219842,0.00125524737761437,0.00524291372537763,"WBGene00019729","WBGene00019729",NA
"WBGene00019730",1367.53769553924,1.59681647626829,0.1781346064163,8.9641002856937,3.12824221813315e-19,2.06999842702672e-17,"WBGene00019730","WBGene00019730",NA
"WBGene00019746",46.0527784414152,1.15806548076661,0.449010239896801,2.57915160472236,0.00990433087070066,0.0308482460525004,"WBGene00019746","WBGene00019746",NA
"WBGene00019751",52.0997848639053,2.90485390230408,0.723362216372724,4.01576670242797,5.9252848609346e-05,0.000366623794447351,"WBGene00019751","WBGene00019751",NA
"WBGene00019759",15.5974833483945,2.57637459996448,0.703654356668757,3.66142066136215,0.000250820537008586,0.00129473353328594,"WBGene00019759","WBGene00019759",NA
"WBGene00019780",879.225147070101,-1.33696760200034,0.418596549152659,-3.19392886708381,0.00140350695568892,0.00578107346330307,"WBGene00019780","WBGene00019780",NA
"WBGene00019782",112.872262989525,1.49649213987479,0.477381208260129,3.13479482221122,0.00171974348557377,0.00689876330039457,"WBGene00019782","WBGene00019782",NA
"WBGene00019783",39.8703963875828,-4.12905311977116,0.832218435840104,-4.96150162259142,6.99502859254388e-07,7.34196292849524e-06,"WBGene00019783","WBGene00019783",NA
"WBGene00019785",115.74570819371,-4.44710054562535,1.15034345820605,-3.86588936886776,0.000110685106590904,0.000637398158140126,"WBGene00019785","WBGene00019785",NA
"WBGene00019788",67.5172812977519,2.37880309911564,0.819646644475971,2.90223002210482,0.00370516372576929,0.0132527290121172,"WBGene00019788","WBGene00019788",NA
"WBGene00019791",67.5172812977519,2.37880309911564,0.819646644475971,2.90223002210482,0.00370516372576929,0.0132527290121172,"WBGene00019791","WBGene00019791",NA
"WBGene00019797",13.5215422112412,2.51619035873751,0.93355097862242,2.69528972317129,0.0070327451268192,0.0229705269875747,"WBGene00019797","WBGene00019797",NA
"WBGene00019810",16.8297212279499,-4.41611222949412,1.2258938556063,-3.60236101135365,0.000315340012951292,0.0015853516725687,"WBGene00019810","WBGene00019810",NA
"WBGene00019815",21.2751438504831,1.99924146299489,0.709396652465612,2.81822793502934,0.00482895158138959,0.0166153598827158,"WBGene00019815","WBGene00019815",NA
"WBGene00019843",45.9724263668547,2.03213390850171,0.461812551389713,4.40034360778306,1.08079599120973e-05,8.28301185113169e-05,"WBGene00019843","WBGene00019843",NA
"WBGene00019854",95.6761477871811,-1.21710964596433,0.289861481407664,-4.1989354365183,2.68172762611186e-05,0.000185258255002498,"WBGene00019854","WBGene00019854",NA
"WBGene00019855",39.5808434380238,3.49923597422632,0.76781235155681,4.55741037133786,5.17881782427364e-06,4.33552697024342e-05,"WBGene00019855","WBGene00019855",NA
"WBGene00019859",11.1926228136243,-2.45751762909592,0.687113363936546,-3.5765824943595,0.000348115493579193,0.00172884459684761,"WBGene00019859","WBGene00019859",NA
"WBGene00019867",81.2294942269984,1.05872133141863,0.293557658167685,3.60651920316747,0.00031033190273276,0.00156127204708178,"WBGene00019867","WBGene00019867",NA
"WBGene00019868",13.5233185847399,-1.55652834422471,0.536882519904961,-2.89919728528366,0.00374119410212892,0.0133548669584737,"WBGene00019868","WBGene00019868",NA
"WBGene00019872",53.6786402109471,1.11898807941844,0.300474512097086,3.7240698773708,0.000196036626892221,0.00104824224024337,"WBGene00019872","WBGene00019872",NA
"WBGene00019912",15.4997196713446,-4.59918730982397,1.55126058100451,-2.96480640721613,0.00302873459671191,0.0111657734306947,"WBGene00019912","WBGene00019912",NA
"WBGene00019918",120.09208308159,1.51066980214925,0.457961886299127,3.2986801900858,0.000971405126742664,0.00420736165955542,"WBGene00019918","WBGene00019918",NA
"WBGene00019920",34.1684982266612,-4.95580744031502,1.07532153397033,-4.60867497186359,4.05243259649213e-06,3.49345109177696e-05,"WBGene00019920","WBGene00019920",NA
"WBGene00019921",30.2127090397124,5.02150742529829,0.777791342490792,6.4561112357171,1.07427659590957e-10,2.46462847276654e-09,"WBGene00019921","WBGene00019921",NA
"WBGene00019923",52.2660519849423,3.47882431353128,0.683332923758105,5.09096546146042,3.56244920159076e-07,3.98278418293455e-06,"WBGene00019923","WBGene00019923",NA
"WBGene00019924",41.3155233885974,1.22432430277297,0.354680646084019,3.45190614794062,0.000556641307122112,0.00260513235189795,"WBGene00019924","WBGene00019924",NA
"WBGene00019927",39.4014662239333,4.68975271005608,0.703438180589352,6.66690100063509,2.61261194447102e-11,6.69212590005811e-10,"WBGene00019927","WBGene00019927",NA
"WBGene00019931",45.1135575037044,-2.91435303632563,0.564742147113328,-5.1605021003343,2.46288399353336e-07,2.87128881888845e-06,"WBGene00019931","WBGene00019931",NA
"WBGene00019932",111.341478037489,-1.94718156033742,0.412590613019358,-4.71940344470722,2.36537285937201e-06,2.17276826985888e-05,"WBGene00019932","WBGene00019932",NA
"WBGene00019935",64.3223361967104,-1.42863801777323,0.410942517035106,-3.47649113574488,0.000508021021887977,0.00240037833581648,"WBGene00019935","WBGene00019935",NA
"WBGene00019949",18.7490508877734,-5.20419822333487,1.37590999154725,-3.78236821834734,0.000155343338648239,0.000854298706925466,"WBGene00019949","WBGene00019949",NA
"WBGene00019950",17.8430881627529,-6.3407455683109,1.51414247484695,-4.18768093072074,2.81819334460313e-05,0.000193377040203613,"WBGene00019950","WBGene00019950",NA
"WBGene00019951",11.0992437498905,-3.92728291472245,1.27736591157069,-3.07451676856895,0.0021084386841663,0.00821365879334668,"WBGene00019951","WBGene00019951",NA
"WBGene00019952",27.7214721329383,2.56626583144421,0.879456882977488,2.91801210623978,0.00352270672863352,0.0126858269771627,"WBGene00019952","WBGene00019952",NA
"WBGene00019956",70.9747590323231,3.0206190181349,0.832491473304642,3.62840835611722,0.000285173943663233,0.00145311628405654,"WBGene00019956","WBGene00019956",NA
"WBGene00019967",170.230728536484,1.6949188803036,0.253306447465914,6.6911793886797,2.21379079346112e-11,5.75303851107996e-10,"WBGene00019967","WBGene00019967",NA
"WBGene00019972",53.5293520748514,-1.67665148953464,0.543738066647853,-3.08356466537501,0.00204536653358911,0.00800504486982178,"WBGene00019972","WBGene00019972",NA
"WBGene00019997",75.4634341880522,-1.41816143014348,0.522630754627802,-2.71350550572448,0.00665754619206391,0.0219254165260759,"WBGene00019997","WBGene00019997",NA
"WBGene00019998",75.9313088226618,-1.3010238778774,0.339303409298026,-3.83439671463674,0.000125872849020044,0.000712797397402335,"WBGene00019998","WBGene00019998",NA
"WBGene00020003",54.4108426610611,-3.02224532746266,0.795894938332021,-3.79729180562006,0.000146285548612221,0.000811354034270264,"WBGene00020003","WBGene00020003",NA
"WBGene00020012",174.796979148383,-1.04091042615591,0.390570598755756,-2.66510185219253,0.0076965008445225,0.0248152687955696,"WBGene00020012","WBGene00020012",NA
"WBGene00020015",18.2992229953392,-1.32768028519865,0.491746363303541,-2.69992903715509,0.00693542674613904,0.0227045475223466,"WBGene00020015","WBGene00020015",NA
"WBGene00020016",22.4857306381334,-3.83944765053584,0.772164397964939,-4.97231892671406,6.61567529728998e-07,6.97843889477238e-06,"WBGene00020016","WBGene00020016",NA
"WBGene00020019",10.2424135008965,-2.68442519568824,0.893905893377894,-3.00302885972071,0.00267307081435692,0.0100595579646138,"WBGene00020019","WBGene00020019",NA
"WBGene00020039",15.9484546725888,-3.58794170892764,1.4371811731654,-2.49651315778454,0.0125421015656545,0.0375501168156471,"WBGene00020039","WBGene00020039",NA
"WBGene00020042",17.405082910733,-5.03330548443999,1.15744104355715,-4.34864955969697,1.36978390432341e-05,0.000101389546061598,"WBGene00020042","WBGene00020042",NA
"WBGene00020053",24.3644637920177,-2.42324894842477,0.732602322152762,-3.30772763769573,0.000940562356614001,0.00409611753902618,"WBGene00020053","WBGene00020053",NA
"WBGene00020070",87.1160766294765,-4.75963568253486,0.845264141297957,-5.63094475441268,1.79225134452012e-08,2.67956573924959e-07,"WBGene00020070","WBGene00020070",NA
"WBGene00020071",50.943581364674,-6.03436484556219,1.53881099749933,-3.92144639943985,8.80190292682786e-05,0.000520503096951389,"WBGene00020071","WBGene00020071",NA
"WBGene00020072",45.5984199471007,-4.58714946722044,0.743122623411464,-6.17280287627653,6.70898388805668e-10,1.33182648211103e-08,"WBGene00020072","WBGene00020072",NA
"WBGene00020075",47.5735058776816,-2.237076041274,0.387428699273478,-5.77416191797112,7.73370413389351e-09,1.24901506424565e-07,"WBGene00020075","WBGene00020075",NA
"WBGene00020084",96.6332027697428,-4.79019290865456,0.888724019773587,-5.38996674116552,7.04707244722863e-08,9.44876233473159e-07,"WBGene00020084","WBGene00020084",NA
"WBGene00020104",368.866932593249,1.09344887546132,0.191474471163321,5.71067708827172,1.12527577195897e-08,1.77131790843717e-07,"WBGene00020104","WBGene00020104",NA
"WBGene00020105",52.1205997626468,-5.09767066720981,0.937547876179739,-5.43723770990926,5.41129237991518e-08,7.38716351347925e-07,"WBGene00020105","WBGene00020105",NA
"WBGene00020116",47.7789206080661,-3.35889701443917,0.92030906928212,-3.64974890126776,0.000262496780565638,0.00134813743608504,"WBGene00020116","WBGene00020116",NA
"WBGene00020117",17.1897501296757,-7.26534073789953,1.83828457726107,-3.95223940176032,7.74232248455572e-05,0.000465353302236143,"WBGene00020117","WBGene00020117",NA
"WBGene00020134",16.5239523052993,1.14760891527172,0.475054373864825,2.41574223585249,0.0157031734739787,0.0451873280578977,"WBGene00020134","WBGene00020134",NA
"WBGene00020135",161.416394368528,-1.50724190832857,0.385792980885595,-3.90686711009792,9.35005424181935e-05,0.000549282060330144,"WBGene00020135","WBGene00020135",NA
"WBGene00020140",46.9257774776528,-3.55298290393575,0.828870387780405,-4.28653617780957,1.81480658579314e-05,0.000130873009741379,"WBGene00020140","WBGene00020140",NA
"WBGene00020143",167.164818562264,-2.04367553967277,0.335086215948494,-6.09895436578298,1.06764541346037e-09,2.01052119823307e-08,"WBGene00020143","WBGene00020143",NA
"WBGene00020152",29.9861907693348,-1.08097424919493,0.393440789939198,-2.74748901699282,0.00600535201914794,0.0200876425016807,"WBGene00020152","WBGene00020152",NA
"WBGene00020160",604.320620718269,2.53469317489841,0.295503291759538,8.57754632716912,9.69183497539216e-18,5.60831568029474e-16,"WBGene00020160","WBGene00020160",NA
"WBGene00020170",11.0717794192042,2.30618665838292,0.872340607256643,2.64367683815095,0.00820109137833111,0.0262467978214255,"WBGene00020170","WBGene00020170",NA
"WBGene00020182",68.7988152478735,3.30946421859455,0.50644325410695,6.53471873059181,6.37291941094969e-11,1.53865096521459e-09,"WBGene00020182","WBGene00020182",NA
"WBGene00020187",210.202456386137,-4.73352678039261,1.14171364437025,-4.14598424371423,3.38357094851176e-05,0.000225882202555248,"WBGene00020187","WBGene00020187",NA
"WBGene00020192",76.0134856503019,-2.42967608745468,0.462174695991986,-5.25705130229981,1.46383487604365e-07,1.81304955661108e-06,"WBGene00020192","WBGene00020192",NA
"WBGene00020204",15.496968617463,4.45831279168174,0.9347483411151,4.76953271333248,1.84653755975921e-06,1.74785174447936e-05,"WBGene00020204","WBGene00020204",NA
"WBGene00020205",234.417199524143,2.92155516226933,0.991531669767498,2.94650715791499,0.00321384980656105,0.0117422176086854,"WBGene00020205","WBGene00020205",NA
"WBGene00020219",220.304803381901,1.91613097998387,0.307250032145744,6.23638984380954,4.47784371085523e-10,9.15713878872739e-09,"WBGene00020219","WBGene00020219",NA
"WBGene00020223",117.754458752586,-4.34607492247096,1.15344001053313,-3.7679245411837,0.000164610441219038,0.000899723532062603,"WBGene00020223","WBGene00020223",NA
"WBGene00020230",168.60724664235,-1.09791021726672,0.245628136413723,-4.469806404497,7.82904286248317e-06,6.23748660164281e-05,"WBGene00020230","WBGene00020230",NA
"WBGene00020256",78.3148528802629,-2.01247971047769,0.390174272175462,-5.15789956948436,2.49735502404032e-07,2.9067341497238e-06,"WBGene00020256","WBGene00020256",NA
"WBGene00020258",24.9844920757347,-2.95885995950546,0.489351193484158,-6.0464958477745,1.48030045746233e-09,2.71603779698447e-08,"WBGene00020258","WBGene00020258",NA
"WBGene00020265",15.5088375059017,-3.92249876282807,0.994885348731708,-3.94266411484351,8.05814728396802e-05,0.000481904180459226,"WBGene00020265","WBGene00020265",NA
"WBGene00020282",17.6181349769621,-3.84469841771084,1.04241489236993,-3.6882612152345,0.000225791785578755,0.00118213992354474,"WBGene00020282","WBGene00020282",NA
"WBGene00020289",21.1693883154336,-4.56248068526548,1.17465439952474,-3.88410470953112,0.000102707640838495,0.000596748093701063,"WBGene00020289","WBGene00020289",NA
"WBGene00020293",16.987799090019,-2.55963766525467,0.926567232928433,-2.76249534225907,0.00573613801985003,0.0193136915707224,"WBGene00020293","WBGene00020293",NA
"WBGene00020311",436.449182169717,1.06458172577846,0.209618402685045,5.07866538501399,3.80095473462455e-07,4.21466609945607e-06,"WBGene00020311","WBGene00020311",NA
"WBGene00020313",11.6814017875183,-5.18785029374489,1.24149348260396,-4.17871730012119,2.93157813662255e-05,0.000200351334763729,"WBGene00020313","WBGene00020313",NA
"WBGene00020315",168.842710657364,1.10929801856924,0.279576693815607,3.96777715420324,7.25461211936206e-05,0.000439924357327289,"WBGene00020315","WBGene00020315",NA
"WBGene00020324",59.1873010146703,1.40962272319661,0.349630062414437,4.03175491678889,5.53619036982933e-05,0.000346145096045366,"WBGene00020324","WBGene00020324",NA
"WBGene00020329",15.2689609965623,-4.45121999189284,0.956584386692012,-4.65324340833715,3.26754145114917e-06,2.90622090611544e-05,"WBGene00020329","WBGene00020329",NA
"WBGene00020330",16.0427636209442,-1.3728586729965,0.54931326845451,-2.4992272203055,0.0124464478643604,0.0372871681671145,"WBGene00020330","WBGene00020330",NA
"WBGene00020335",81.0532302766341,2.13437692098786,0.459917260780603,4.64078455625963,3.4708885375856e-06,3.06230925109327e-05,"WBGene00020335","WBGene00020335",NA
"WBGene00020343",133.998281966558,-1.28181534246605,0.337453622553726,-3.7984933537407,0.000145578332131449,0.000807744992684317,"WBGene00020343","WBGene00020343",NA
"WBGene00020350",595.20609902281,-4.32190515827483,1.33675317388067,-3.2331362608462,0.00122439146971386,0.005140804394564,"WBGene00020350","WBGene00020350",NA
"WBGene00020353",208.100536698635,-4.90932073531353,1.1228180581422,-4.37232078671447,1.22932718120467e-05,9.21866390396559e-05,"WBGene00020353","WBGene00020353",NA
"WBGene00020358",24.986949234183,-1.31835929496151,0.453769215188681,-2.90535199575698,0.00366840295681728,0.0131409732986941,"WBGene00020358","WBGene00020358",NA
"WBGene00020359",22.3729028028769,-1.90559552312447,0.483304959367901,-3.9428428907842,8.05214067982419e-05,0.000481746533012671,"WBGene00020359","WBGene00020359",NA
"WBGene00020360",62.6373818347118,-1.17424599656117,0.41224170128692,-2.84844059418408,0.00439340546800429,0.0153121968034641,"WBGene00020360","WBGene00020360",NA
"WBGene00020362",29.4256542968723,2.58407004158228,0.969085044781838,2.66650492182965,0.00766444841410809,0.0247398286320793,"WBGene00020362","WBGene00020362",NA
"WBGene00020368",24.8942865904117,1.4335458070248,0.432763779666181,3.31253647920949,0.000924540679841187,0.00403741519614118,"WBGene00020368","WBGene00020368",NA
"WBGene00020370",20.4194160914425,-4.54272378723754,1.09760355589901,-4.13876555230068,3.49179547212091e-05,0.000231377991112769,"WBGene00020370","WBGene00020370",NA
"WBGene00020372",18.1633126989241,-6.27344885471256,1.43691769452299,-4.36590688431542,1.26596405261715e-05,9.45372215467971e-05,"WBGene00020372","WBGene00020372",NA
"WBGene00020373",23.627256931712,-1.33581902969211,0.443434624196701,-3.01243736235526,0.002591589136254,0.00978900198849853,"WBGene00020373","WBGene00020373",NA
"WBGene00020377",13.5461890738212,-3.29408497382063,1.07793982183026,-3.0559080452446,0.00224380058969252,0.0086794700483018,"WBGene00020377","WBGene00020377",NA
"WBGene00020379",867.632233708307,3.06257101813588,0.494369571738008,6.19490193817773,5.83213287796614e-10,1.16748844852619e-08,"WBGene00020379","WBGene00020379",NA
"WBGene00020408",275.199818247734,-1.01763391561916,0.237551590954468,-4.28384382327378,1.83691877023866e-05,0.000132324713676429,"WBGene00020408","WBGene00020408",NA
"WBGene00020414",341.943190547157,-4.80626838459574,1.16046072235159,-4.14168984095918,3.44756347556513e-05,0.00022881278210139,"WBGene00020414","WBGene00020414",NA
"WBGene00020419",62.9120636657447,-1.75834774504037,0.57671100915727,-3.04892349395201,0.00229662960484019,0.00883081110077155,"WBGene00020419","WBGene00020419",NA
"WBGene00020435",13.4388275154248,-4.3003514475659,1.32912483306711,-3.23547596175924,0.00121440110420258,0.00510813271994333,"WBGene00020435","WBGene00020435",NA
"WBGene00020449",24.0740346696501,-3.36003383425567,0.772515696533629,-4.34946998401786,1.36466960422396e-05,0.000101063329809187,"WBGene00020449","WBGene00020449",NA
"WBGene00020457",44.4069415054154,-1.27879426567044,0.3303972617345,-3.87047477015124,0.000108623599072493,0.0006270424481192,"WBGene00020457","WBGene00020457",NA
"WBGene00020508",114.020967004792,1.2021570441819,0.327212016759239,3.67393916668545,0.000238839618846261,0.00124226152553479,"WBGene00020508","WBGene00020508",NA
"WBGene00020531",19.8321623440946,-4.33160351190487,1.18095866995408,-3.66787053781763,0.000244578960709632,0.00126710730161492,"WBGene00020531","WBGene00020531",NA
"WBGene00020556",267.905706318806,1.10398275273518,0.195424755565094,5.64914485650952,1.6124793980517e-08,2.44402630290063e-07,"WBGene00020556","WBGene00020556",NA
"WBGene00020559",36.0222504656946,-2.36770885492587,0.642112344819172,-3.68737476242207,0.000226579544002924,0.00118582988737964,"WBGene00020559","WBGene00020559",NA
"WBGene00020567",103.089759777901,-2.89230464592291,0.78199426404718,-3.69862642080506,0.000216769375633419,0.00114079180176845,"WBGene00020567","WBGene00020567",NA
"WBGene00020576",142.487772067939,-1.98358576009081,0.464602036308844,-4.26942975939138,1.95973351090235e-05,0.000140052355356637,"WBGene00020576","WBGene00020576",NA
"WBGene00020577",191.938263872033,-2.0164149375678,0.272431626154278,-7.40154498958907,1.34609056355205e-13,4.7156059864827e-12,"WBGene00020577","WBGene00020577",NA
"WBGene00020580",13.8523546112758,-3.12010409506658,0.853099400028969,-3.65737462124652,0.000254811830985673,0.00131244162172188,"WBGene00020580","WBGene00020580",NA
"WBGene00020612",33.7256858482581,-1.14668384684192,0.404137004043547,-2.83736414970395,0.00454876995970877,0.015788142067537,"WBGene00020612","WBGene00020612",NA
"WBGene00020617",49.4001893296097,-2.32395392983815,0.472987856949247,-4.91334797647357,8.9534161528254e-07,9.22647275215093e-06,"WBGene00020617","WBGene00020617",NA
"WBGene00020627",30.6848881854186,-1.94539349872589,0.688881897914935,-2.82398696295269,0.00474303141043338,0.0163867894487127,"WBGene00020627","WBGene00020627",NA
"WBGene00020632",28.4592233221346,-2.10100493305961,0.495784473758626,-4.23773846149626,2.25782561318847e-05,0.00015904929270233,"WBGene00020632","WBGene00020632",NA
"WBGene00020635",12.9262008659891,-3.24484092277414,1.00046412072444,-3.24333562349496,0.00118138957114298,0.00497953439703525,"WBGene00020635","WBGene00020635",NA
"WBGene00020649",285.624866731841,-1.187856456771,0.245073140043323,-4.84694673827176,1.25376069738273e-06,1.24013852233158e-05,"WBGene00020649","WBGene00020649",NA
"WBGene00020651",91.5231971112835,-1.4787371933097,0.438310537768877,-3.3737203783347,0.000741596579291531,0.00333846926230358,"WBGene00020651","WBGene00020651",NA
"WBGene00020658",174.679307271433,-1.75924242017888,0.419461604315371,-4.19404875697799,2.74019043009634e-05,0.000188749599119841,"WBGene00020658","WBGene00020658",NA
"WBGene00020659",32.9569933873345,-4.43063441350416,1.07567153625557,-4.11894734049324,3.80607104968768e-05,0.000249626741319171,"WBGene00020659","WBGene00020659",NA
"WBGene00020661",166.542371929824,-4.54898219399226,0.649510761539069,-7.00370565564314,2.49279549852312e-12,7.31612444771889e-11,"WBGene00020661","WBGene00020661",NA
"WBGene00020672",420.494210898604,2.19246725512935,0.36000674464369,6.09007272155221,1.12859410029602e-09,2.11692854009593e-08,"WBGene00020672","WBGene00020672",NA
"WBGene00020673",85.3797121723158,1.14566211409962,0.356273618537317,3.21568046155968,0.0013013564498295,0.00541650778608417,"WBGene00020673","WBGene00020673",NA
"WBGene00020674",292.488320197613,-2.46772530927528,0.441153331390789,-5.59380408960184,2.22147612098735e-08,3.28011964847853e-07,"WBGene00020674","WBGene00020674",NA
"WBGene00020700",11.6717258603689,-3.07393954958306,0.904310111458538,-3.39920953070533,0.000675809214133767,0.00308901218343906,"WBGene00020700","WBGene00020700",NA
"WBGene00020707",19.5341855334568,-2.96283343247874,1.11625441805037,-2.65426356623391,0.00794817178931524,0.0255575296703448,"WBGene00020707","WBGene00020707",NA
"WBGene00020713",202.044463834514,-4.52391191523297,1.49431334129738,-3.02741854081638,0.00246652182459876,0.00937356991198887,"WBGene00020713","WBGene00020713",NA
"WBGene00020715",150.242220302856,-4.56320636873624,1.00045733717426,-4.56112039882158,5.08813940331666e-06,4.27123443597437e-05,"WBGene00020715","WBGene00020715",NA
"WBGene00020726",161.051649780328,1.57273637529757,0.265349358804018,5.92704042092356,3.08443073583345e-09,5.35021462466839e-08,"WBGene00020726","WBGene00020726",NA
"WBGene00020736",58.9938546559251,-1.34344689949447,0.347525309253422,-3.8657526911653,0.000110747117072989,0.000637498406896589,"WBGene00020736","WBGene00020736",NA
"WBGene00020741",40.4822169361785,-5.20877871113379,0.750248049911708,-6.94274208609643,3.84561146359564e-12,1.1059421458586e-10,"WBGene00020741","WBGene00020741",NA
"WBGene00020758",108.269444249269,1.94781775068326,0.574514724989783,3.39037045694156,0.000697982333809126,0.00317513096662439,"WBGene00020758","WBGene00020758",NA
"WBGene00020760",128.961476454058,1.56840844713024,0.481895035088217,3.25466820143337,0.00113524912469434,0.0048177303263825,"WBGene00020760","WBGene00020760",NA
"WBGene00020774",20.6614374154138,1.37870681353357,0.459988483771675,2.9972637624074,0.00272414902989954,0.0102221743461155,"WBGene00020774","WBGene00020774",NA
"WBGene00020786",191.890281258973,-1.77904787518994,0.379633811208568,-4.6862208335088,2.78295978471637e-06,2.52711843729042e-05,"WBGene00020786","WBGene00020786",NA
"WBGene00020802",19.813770104692,-4.75451400782082,1.08279408688364,-4.390967835357,1.12847234597979e-05,8.57939108568568e-05,"WBGene00020802","WBGene00020802",NA
"WBGene00020811",73.0981810650635,-1.39955277148077,0.362646819535374,-3.85927215154925,0.000113725233297829,0.000652015547342907,"WBGene00020811","WBGene00020811",NA
"WBGene00020817",15.2577289620854,2.19838137856355,0.62566817466109,3.51365383056979,0.000441988406846922,0.00212717571504105,"WBGene00020817","WBGene00020817",NA
"WBGene00020833",38.1045055812475,2.96920951325573,0.463078556605731,6.41189161298985,1.43725009283153e-10,3.21480681953693e-09,"WBGene00020833","WBGene00020833",NA
"WBGene00020835",10.6400371384766,2.98362762403875,0.876342315673452,3.40463717279919,0.000662520163153558,0.00303701112634824,"WBGene00020835","WBGene00020835",NA
"WBGene00020840",536.388319026941,-5.06425366835367,1.3894656242328,-3.64474916113879,0.000267652723045501,0.00137215221323147,"WBGene00020840","WBGene00020840",NA
"WBGene00020841",50.8741781149528,-3.68803899802403,0.915462058402262,-4.02860933904863,5.61077645610609e-05,0.000350042897804995,"WBGene00020841","WBGene00020841",NA
"WBGene00020849",13.9728053710209,-1.88233185391591,0.629201041775189,-2.99162227800072,0.00277499379726352,0.0103938643459873,"WBGene00020849","WBGene00020849",NA
"WBGene00020860",114.679924265395,-4.37760635914502,1.147387965563,-3.81528000164881,0.000136028600506598,0.000763052114223237,"WBGene00020860","WBGene00020860",NA
"WBGene00020869",149.704005716063,-1.08111887603718,0.316913289287065,-3.41140277982438,0.000646295441954271,0.00297312544314528,"WBGene00020869","WBGene00020869",NA
"WBGene00020878",15.8648461282605,-2.12831830667756,0.623441142489522,-3.41382395486247,0.000640579526296963,0.00295062944549226,"WBGene00020878","WBGene00020878",NA
"WBGene00020881",17.007920619859,-5.63925417824895,1.16355489261368,-4.84657338819792,1.25612135213257e-06,1.2416142798085e-05,"WBGene00020881","WBGene00020881",NA
"WBGene00020890",18.1481633561668,-4.59174459661537,1.23923811604626,-3.70529645365101,0.000211143632680959,0.00111731800885189,"WBGene00020890","WBGene00020890",NA
"WBGene00020897",67.0709004052059,-1.37772799819231,0.471911559035753,-2.91946228443184,0.00350635820464331,0.0126365047450749,"WBGene00020897","WBGene00020897",NA
"WBGene00020902",129.039773256257,2.34578848148393,0.375408906846339,6.24862233874515,4.14088814451762e-10,8.51593010785472e-09,"WBGene00020902","WBGene00020902",NA
"WBGene00020905",77.4870936349591,-4.04897478012203,0.891626302431358,-4.54111186388397,5.59583289903159e-06,4.63928304094307e-05,"WBGene00020905","WBGene00020905",NA
"WBGene00020914",23.5351615089149,-2.35030763502934,0.900859474156119,-2.60896144454827,0.0090817474157741,0.0286419717152823,"WBGene00020914","WBGene00020914",NA
"WBGene00020919",109.437451714701,1.04346841696385,0.398693120277254,2.61722202840675,0.00886486582159791,0.0280943519264077,"WBGene00020919","WBGene00020919",NA
"WBGene00020920",56.0060202645446,1.23230838814226,0.412229685826159,2.98937323175202,0.00279550422498853,0.0104597230072673,"WBGene00020920","WBGene00020920",NA
"WBGene00020924",36.5548727558254,-1.74652150455393,0.436681813655455,-3.99952883298216,6.34687153533633e-05,0.000389338347015288,"WBGene00020924","WBGene00020924",NA
"WBGene00020940",47.7860565740581,-1.06157071494236,0.395250041461141,-2.68582062893149,0.00723519188208198,0.0235242487649221,"WBGene00020940","WBGene00020940",NA
"WBGene00020947",34.0658429672693,1.42100071841578,0.500007247091596,2.84196024493914,0.00448370822868862,0.0155888206549857,"WBGene00020947","WBGene00020947",NA
"WBGene00020952",184.667741513098,-1.64836747641726,0.344928284963478,-4.77887012539954,1.76283011575473e-06,1.67974205629882e-05,"WBGene00020952","WBGene00020952",NA
"WBGene00020972",42.4132043548096,-1.19428529050046,0.362353565148419,-3.2959115222484,0.000981029063211377,0.00424094868572376,"WBGene00020972","WBGene00020972",NA
"WBGene00020978",22.7173054065261,-7.82757614259139,1.39471807397727,-5.61229992543923,1.99654993134107e-08,2.96331133630923e-07,"WBGene00020978","WBGene00020978",NA
"WBGene00020981",49.465587861221,-1.85548767561396,0.443314471377462,-4.18548862131345,2.84553323687022e-05,0.000194878804765626,"WBGene00020981","WBGene00020981",NA
"WBGene00020985",20.3760074541554,-1.93562397927259,0.65655706494443,-2.94814279309662,0.00319689360320187,0.0116862404784052,"WBGene00020985","WBGene00020985",NA
"WBGene00020986",9.98414248704858,-5.40083341645439,1.50514859605374,-3.58823934767272,0.000332918597599749,0.00166494244768832,"WBGene00020986","WBGene00020986",NA
"WBGene00020987",20.903316538557,-4.20671870060983,0.945007472082222,-4.45151898253331,8.52649938762893e-06,6.72567636574947e-05,"WBGene00020987","WBGene00020987",NA
"WBGene00020989",88.9244906507664,1.20927253130834,0.437540473882956,2.76379581659416,0.00571332784462047,0.019245956842602,"WBGene00020989","WBGene00020989",NA
"WBGene00020990",268.671900969472,-4.96443622486563,1.30105855693695,-3.81569007666595,0.000135802870168877,0.000762084971858565,"WBGene00020990","WBGene00020990",NA
"WBGene00020991",14.1531109266573,-5.00994417834796,1.71592148635922,-2.91968147620663,0.00350389317037134,0.0126308058219716,"WBGene00020991","WBGene00020991",NA
"WBGene00020995",13.954488671531,-1.82301145803398,0.725325163518887,-2.51337131223975,0.0119583397387732,0.0361125184631914,"WBGene00020995","WBGene00020995",NA
"WBGene00021002",94.841867059536,2.01759677623624,0.480856827742627,4.19583680595284,2.71865953422926e-05,0.000187537648275767,"WBGene00021002","WBGene00021002",NA
"WBGene00021006",20.3782916676545,-5.56697714567903,1.34189847434045,-4.14858296073049,3.34539613751476e-05,0.000223647086031331,"WBGene00021006","WBGene00021006",NA
"WBGene00021007",99.2099361050048,-5.84645122918167,1.7698279642273,-3.30340086570743,0.000955197356659806,0.00414721622683433,"WBGene00021007","WBGene00021007",NA
"WBGene00021010",13.6743095232551,-5.03956526283911,1.40633940300859,-3.58346303321797,0.000339068769500349,0.00168860972908309,"WBGene00021010","WBGene00021010",NA
"WBGene00021018",63.4873237713196,-1.9873017765526,0.427888562395488,-4.64443771393866,3.41003904565747e-06,3.01234166128444e-05,"WBGene00021018","WBGene00021018",NA
"WBGene00021053",25.5688925700084,2.44892974368776,0.634482125684691,3.85973007678513,0.00011351233905008,0.000651056124415246,"WBGene00021053","WBGene00021053",NA
"WBGene00021066",99.5793265095098,3.79746642363616,0.506658977970666,7.49511325911217,6.62411391343268e-14,2.48499895445389e-12,"WBGene00021066","WBGene00021066",NA
"WBGene00021072",10.6524012956308,-5.21669613434625,1.19971763182384,-4.34826995616936,1.37215643022141e-05,0.000101512587252353,"WBGene00021072","WBGene00021072",NA
"WBGene00021092",12.2687457569115,2.64000837909853,0.816364020218814,3.23386175004493,0.0012212855895874,0.00513105083244349,"WBGene00021092","WBGene00021092",NA
"WBGene00021095",82.8528692915274,2.40492510126659,0.908215755404862,2.64796672701909,0.0080977494789571,0.0259683942792762,"WBGene00021095","WBGene00021095",NA
"WBGene00021110",15.8416599246464,-7.33270823293564,1.51310193202999,-4.84614293175743,1.25884839146688e-06,1.24344990043097e-05,"WBGene00021110","WBGene00021110",NA
"WBGene00021113",233.838340445012,-4.3838877108972,1.29758358734836,-3.37850120303677,0.000728821135726095,0.00329028442606856,"WBGene00021113","WBGene00021113",NA
"WBGene00021114",274.565884301627,-1.04599543476591,0.39039702747569,-2.67931198536354,0.0073773620833362,0.0239157714350475,"WBGene00021114","WBGene00021114",NA
"WBGene00021115",10.5019697207649,-4.24846629518694,1.19318733338391,-3.56060291315544,0.000370004260163957,0.00182109879150256,"WBGene00021115","WBGene00021115",NA
"WBGene00021130",10.6921565787369,2.42168348953766,0.852480665751489,2.8407488718854,0.00450077393493086,0.015640545064908,"WBGene00021130","WBGene00021130",NA
"WBGene00021134",13.7708470869771,2.04700632791922,0.630567638899683,3.24629143907728,0.00116919080778729,0.00493574022202474,"WBGene00021134","WBGene00021134",NA
"WBGene00021146",61.0799703654561,-1.47787699862359,0.36221438576586,-4.08011679464025,4.50130783252973e-05,0.000288766574732259,"WBGene00021146","WBGene00021146",NA
"WBGene00021154",14.2711647032434,-3.90764756419094,0.901619146044512,-4.33403347891863,1.46401895689369e-05,0.00010780640366245,"WBGene00021154","WBGene00021154",NA
"WBGene00021156",86.4888695470885,1.6772657464564,0.262913344690903,6.37953827877508,1.77622685457145e-10,3.91180438095374e-09,"WBGene00021156","WBGene00021156",NA
"WBGene00021157",63.1187568021007,1.50124272401806,0.44774898997198,3.3528668018034,0.000799791864635213,0.00356008256656216,"WBGene00021157","WBGene00021157",NA
"WBGene00021167",82.8941930938373,-1.37929529357374,0.459663719380679,-3.00066164767608,0.00269393723592572,0.0101194336171055,"WBGene00021167","WBGene00021167",NA
"WBGene00021197",64.702466860654,-2.3433671840624,0.514991570886097,-4.55030201762407,5.35689700937624e-06,4.45929696884185e-05,"WBGene00021197","WBGene00021197",NA
"WBGene00021204",20.396521854265,3.44879520190794,0.68103843768721,5.06402430620505,4.10497275844482e-07,4.52369896965704e-06,"WBGene00021204","WBGene00021204",NA
"WBGene00021207",40.9392847439695,-4.54070299197425,0.924449748178946,-4.91178996037252,9.02487008845479e-07,9.29340548806083e-06,"WBGene00021207","WBGene00021207",NA
"WBGene00021214",29.9275359914547,-3.45244349216563,0.904283376160879,-3.81787787233569,0.000134604525488279,0.000755953824284469,"WBGene00021214","WBGene00021214",NA
"WBGene00021215",28.5666123199902,-2.20240130537162,0.711195929457032,-3.09675746745775,0.00195649875780735,0.00770621682573005,"WBGene00021215","WBGene00021215",NA
"WBGene00021224",296.968810207135,3.93619131219895,0.304109525885475,12.9433344803585,2.56260668520965e-38,6.91081836824557e-36,"WBGene00021224","WBGene00021224",NA
"WBGene00021236",511.922379708326,1.37882019785302,0.368679747660633,3.73988592159451,0.000184103789742056,0.000990193471637972,"WBGene00021236","WBGene00021236",NA
"WBGene00021260",63.8583078872814,-1.17301357428403,0.445983632512787,-2.63017180176538,0.00853417278164346,0.0271667999037929,"WBGene00021260","WBGene00021260",NA
"WBGene00021271",19.4354500315705,-2.03480052775658,0.786144754441004,-2.58832806078245,0.00964430811255531,0.0301237097580317,"WBGene00021271","WBGene00021271",NA
"WBGene00021287",34.1080713872492,-1.42531186173615,0.578276949540009,-2.46475648540015,0.0137106396623288,0.0403637842829382,"WBGene00021287","WBGene00021287",NA
"WBGene00021288",95.8236543506983,-4.78173693742547,0.901288787585607,-5.3054437193598,1.12399244278158e-07,1.44212064494409e-06,"WBGene00021288","WBGene00021288",NA
"WBGene00021320",43.4456192372555,-1.08005734362898,0.432019055952598,-2.50002246138765,0.0124185432537558,0.0372347889083136,"WBGene00021320","WBGene00021320",NA
"WBGene00021328",12.9716618964872,-1.42573912425791,0.591385270012876,-2.41084652687895,0.0159155440948693,0.0456513890724397,"WBGene00021328","WBGene00021328",NA
"WBGene00021335",52.416594334443,1.83746200035019,0.429702881655022,4.27612212716171,1.9017692329624e-05,0.000136592902747395,"WBGene00021335","WBGene00021335",NA
"WBGene00021336",50.8396004673351,-1.06850546904271,0.405038246540473,-2.63803598343877,0.0083387733061995,0.0266218643880968,"WBGene00021336","WBGene00021336",NA
"WBGene00021339",22.0243873345203,-1.44697117681329,0.534895810659867,-2.70514583957623,0.00682744076409804,0.0224023440866054,"WBGene00021339","WBGene00021339",NA
"WBGene00021358",28.0061841954656,-4.09092352269295,0.990556301562839,-4.12992529171591,3.62881135243509e-05,0.000239457990121675,"WBGene00021358","WBGene00021358",NA
"WBGene00021369",557.743005857311,1.04488852657192,0.190615733428059,5.48164890578814,4.21379840899559e-08,5.88737249851163e-07,"WBGene00021369","WBGene00021369",NA
"WBGene00021379",53.9268568735098,2.01171045242242,0.484118911762621,4.15540563184779,3.24710947419829e-05,0.000218610154096637,"WBGene00021379","WBGene00021379",NA
"WBGene00021381",125.331193034319,-5.03005949350037,1.54100681401614,-3.26413838521009,0.00109797522702792,0.0046776035528793,"WBGene00021381","WBGene00021381",NA
"WBGene00021386",14.3967956927887,-6.0867195312573,1.5150656146633,-4.01746265795225,5.88281538967429e-05,0.000364469355720046,"WBGene00021386","WBGene00021386",NA
"WBGene00021397",25.0747455655629,1.37405649079477,0.485514123629459,2.83010611621968,0.00465325677325234,0.0161077740518517,"WBGene00021397","WBGene00021397",NA
"WBGene00021398",392.667138565836,-4.73867869869773,0.990169049580641,-4.78572694299491,1.7036955371021e-06,1.63100604901542e-05,"WBGene00021398","WBGene00021398",NA
"WBGene00021428",21.2220513667878,-4.26989206894339,0.916277435142942,-4.66004280491451,3.16143631977529e-06,2.82238659079002e-05,"WBGene00021428","WBGene00021428",NA
"WBGene00021439",25.5515611701446,-1.47128608727134,0.496507306381071,-2.96327177538476,0.0030438768842046,0.011207143819149,"WBGene00021439","WBGene00021439",NA
"WBGene00021446",49.8244531752817,1.29309336273114,0.341623069493562,3.7851464909793,0.000153618061455649,0.00084643907185258,"WBGene00021446","WBGene00021446",NA
"WBGene00021458",84.7876059742408,1.96370614752966,0.780045641447632,2.51742467772188,0.011821624316477,0.0358055682041548,"WBGene00021458","WBGene00021458",NA
"WBGene00021463",66.8478252860216,3.55483070299275,0.755003355449709,4.70836411167386,2.49712750460616e-06,2.28791303995742e-05,"WBGene00021463","WBGene00021463",NA
"WBGene00021468",1145.6928005463,2.53988010333877,0.53269962662964,4.7679404609469,1.86118765434321e-06,1.75938856769361e-05,"WBGene00021468","WBGene00021468",NA
"WBGene00021471",24.0004024735236,-5.27839760030769,1.10343115897947,-4.78362202966022,1.72164288890325e-06,1.64488247400362e-05,"WBGene00021471","WBGene00021471",NA
"WBGene00021472",80.8329556556953,-4.498999993927,0.868450012771016,-5.18049390035907,2.21299164806667e-07,2.59903776711725e-06,"WBGene00021472","WBGene00021472",NA
"WBGene00021491",120.025131479992,3.66668031652965,0.809660043519161,4.5286665013041,5.93570983142391e-06,4.88986170723585e-05,"WBGene00021491","WBGene00021491",NA
"WBGene00021492",17.4932004065808,2.45556408959573,0.745046821816192,3.29585204270764,0.000981236780500138,0.00424094868572376,"WBGene00021492","WBGene00021492",NA
"WBGene00021495",60.9943952983275,-1.09208402197548,0.35564527015828,-3.07071150275512,0.00213549379840869,0.00831225840431794,"WBGene00021495","WBGene00021495",NA
"WBGene00021505",50.8889357471719,2.47791897519782,0.488357464333758,5.07398607816577,3.89567570528456e-07,4.3096666296929e-06,"WBGene00021505","WBGene00021505",NA
"WBGene00021518",95.8172806890444,1.12765987762778,0.410079691670515,2.74985545622635,0.00596215582832408,0.0199665166949944,"WBGene00021518","WBGene00021518",NA
"WBGene00021525",33.5343059530151,7.40537789319925,1.29045317077524,5.73858708003363,9.54696718634581e-09,1.52123525077414e-07,"WBGene00021525","WBGene00021525",NA
"WBGene00021527",17.0363125837687,-1.4250519103173,0.597348189733116,-2.38563024850547,0.0170498836584428,0.0484770215098712,"WBGene00021527","WBGene00021527",NA
"WBGene00021528",32.2816281286649,-1.21271613647594,0.460762343816312,-2.63197753191264,0.00848894765627206,0.0270401168362066,"WBGene00021528","WBGene00021528",NA
"WBGene00021529",34.3554601302782,3.13614376817426,0.606539783082453,5.17054916371073,2.33407055057334e-07,2.7277898920151e-06,"WBGene00021529","WBGene00021529",NA
"WBGene00021532",48.3520233847052,-1.32474941250572,0.389868056674841,-3.3979429446065,0.000678945783298359,0.00310235680328754,"WBGene00021532","WBGene00021532",NA
"WBGene00021533",97.8897385265563,-1.33528287640492,0.383579432496225,-3.48111176794668,0.000499337079932715,0.00236560320963815,"WBGene00021533","WBGene00021533",NA
"WBGene00021537",12.8575224254066,-3.5163974498833,1.13149093626598,-3.10775573818358,0.00188513804835133,0.00745140434875155,"WBGene00021537","WBGene00021537",NA
"WBGene00021542",50.5985188078842,2.20964345444621,0.851354894122586,2.59544341578431,0.00944689564710582,0.0296399194504492,"WBGene00021542","WBGene00021542",NA
"WBGene00021557",46.184283143928,2.57469086890956,0.845311842585836,3.04584738932972,0.00232025570977482,0.0089029301637078,"WBGene00021557","WBGene00021557",NA
"WBGene00021565",28.2968644809141,2.5167546403992,0.665249828069059,3.78317217714175,0.000154842222895679,0.000852198649152076,"WBGene00021565","WBGene00021565",NA
"WBGene00021576",433.624739181421,3.76823662145501,1.01780655001344,3.70231123134869,0.000213644309478176,0.00112679635253563,"WBGene00021576","WBGene00021576",NA
"WBGene00021579",113.11077141019,-4.41201596124687,0.875875808059168,-5.03726204177661,4.72238083233269e-07,5.13296606989242e-06,"WBGene00021579","WBGene00021579",NA
"WBGene00021590",79.1790798476975,1.56416233597425,0.356402546273795,4.3887518546869,1.14003058094799e-05,8.65345570551759e-05,"WBGene00021590","WBGene00021590",NA
"WBGene00021601",45.91850463067,6.30977529778705,1.0598828757574,5.95327601012332,2.62827485859731e-09,4.62634637363687e-08,"WBGene00021601","WBGene00021601",NA
"WBGene00021603",23.7041329711042,-1.52200124872731,0.465733760283511,-3.2679641858061,0.00108324072126849,0.00462586185512117,"WBGene00021603","WBGene00021603",NA
"WBGene00021619",10.8792357726852,-1.88361181405593,0.789769964504803,-2.38501323007008,0.0170785071488703,0.0485294438725254,"WBGene00021619","WBGene00021619",NA
"WBGene00021633",36.3238340198529,-2.58323837675319,0.723714253392137,-3.56941757695835,0.00035777575780139,0.00176821884725286,"WBGene00021633","WBGene00021633",NA
"WBGene00021650",23.3376374827148,-5.39094838829937,1.26384854177967,-4.26550192534004,1.99453293926476e-05,0.000142042148983115,"WBGene00021650","WBGene00021650",NA
"WBGene00021678",31.7546854332642,-2.84912932270842,0.874228817375621,-3.25902013990036,0.00111797731107831,0.00474866261730825,"WBGene00021678","WBGene00021678",NA
"WBGene00021703",36.3459362368471,-3.49830553721523,0.720865077226768,-4.85292691757731,1.21652530566251e-06,1.20581110914246e-05,"WBGene00021703","WBGene00021703",NA
"WBGene00021709",1013.71251275661,2.34479558752816,0.29222885879111,8.02383309173533,1.02495545915243e-15,4.72570592827927e-14,"WBGene00021709","WBGene00021709",NA
"WBGene00021719",33.4104447138043,2.10641581641091,0.868236254277049,2.42608599449104,0.0152626532625933,0.0441508000571233,"WBGene00021719","WBGene00021719",NA
"WBGene00021720",23.1301995711506,-4.38305820458702,1.19735858484767,-3.66060615429139,0.000251619278850566,0.00129833731141197,"WBGene00021720","WBGene00021720",NA
"WBGene00021725",88.0342847385803,2.46645807315995,0.616180802466867,4.00281551013198,6.25931115956262e-05,0.000384627405002702,"WBGene00021725","WBGene00021725",NA
"WBGene00021726",74.5020079259199,3.78546115329225,0.667955487329019,5.66723565432381,1.45119694331808e-08,2.21129615254214e-07,"WBGene00021726","WBGene00021726",NA
"WBGene00021731",13.873615659508,2.98170505962969,0.771555173849226,3.86453899953027,0.000111299206760776,0.000639903283279072,"WBGene00021731","WBGene00021731",NA
"WBGene00021787",32.3155479691787,-4.76793651768472,0.950149240613357,-5.01809222581374,5.21871244191382e-07,5.61257012281973e-06,"WBGene00021787","WBGene00021787",NA
"WBGene00021791",101.263545339506,-1.58542912870397,0.654923415093192,-2.42078553334114,0.015487011266121,0.0447002932202478,"WBGene00021791","WBGene00021791",NA
"WBGene00021797",16.232829216321,2.31309664840846,0.625394892331779,3.69861774819442,0.000216776781193809,0.00114079180176845,"WBGene00021797","WBGene00021797",NA
"WBGene00021834",301.880067220363,-1.44038120605731,0.27308922422007,-5.27439780962055,1.33192710132594e-07,1.67139895164633e-06,"WBGene00021834","WBGene00021834",NA
"WBGene00021858",44.2269737706503,-2.98373069146449,0.764721479793943,-3.90172209137955,9.5510775103427e-05,0.000559940733614964,"WBGene00021858","WBGene00021858",NA
"WBGene00021871",17.0231790253993,-2.51137920778973,0.968872484246566,-2.5920637118131,0.00954021019303166,0.0298479907135011,"WBGene00021871","WBGene00021871",NA
"WBGene00021872",90.3019261647102,1.60444785961357,0.425863953712466,3.76751271298453,0.000164882146638639,0.00089983219622225,"WBGene00021872","WBGene00021872",NA
"WBGene00021873",17.370612750485,-2.79021220686253,0.756056128879601,-3.69048288914389,0.00022382874541542,0.00117401257182481,"WBGene00021873","WBGene00021873",NA
"WBGene00021875",56.0376523881233,-1.65695360584898,0.390120630360239,-4.24728526742855,2.1637638288316e-05,0.00015310235844302,"WBGene00021875","WBGene00021875",NA
"WBGene00021876",1047.90127432687,-1.38518558635373,0.231174387621214,-5.99195092764084,2.07338497122948e-09,3.71364553806804e-08,"WBGene00021876","WBGene00021876",NA
"WBGene00021878",40.0784025925846,-4.26745614464342,0.784652609410413,-5.43865666597347,5.36837922526981e-08,7.34446495351359e-07,"WBGene00021878","WBGene00021878",NA
"WBGene00021879",399.718140272056,-1.20861439045158,0.357716966161636,-3.37868903289721,0.000728323410578848,0.00328907630565671,"WBGene00021879","WBGene00021879",NA
"WBGene00021880",26.3680667551714,-5.13418316056568,1.12695502911144,-4.5558012768387,5.21862569370735e-06,4.36197760468767e-05,"WBGene00021880","WBGene00021880",NA
"WBGene00021895",126.882391157852,-1.00911288755681,0.298106104815107,-3.38507957823504,0.000711576219199247,0.00322363198130423,"WBGene00021895","WBGene00021895",NA
"WBGene00021898",344.248203202267,-1.37331775631213,0.185866796228236,-7.38872022427156,1.48248728526663e-13,5.14300746803786e-12,"WBGene00021898","WBGene00021898",NA
"WBGene00021908",25.3507487538873,-3.98548274251285,0.947346743705351,-4.20699471338705,2.58789193030947e-05,0.000179382829097543,"WBGene00021908","WBGene00021908",NA
"WBGene00021913",284.222167498993,2.67498519886112,0.546987362041636,4.89039671570603,1.00632951642719e-06,1.01938113240921e-05,"WBGene00021913","WBGene00021913",NA
"WBGene00021919",25.8319587601657,4.47609965061658,0.726175614202678,6.16393550412902,7.09588541624007e-10,1.3969902238887e-08,"WBGene00021919","WBGene00021919",NA
"WBGene00021939",150.362536495635,-1.06424929402116,0.20241092872548,-5.25786478389489,1.45737609557208e-07,1.80818372691074e-06,"WBGene00021939","WBGene00021939",NA
"WBGene00021966",21.3268129762634,1.83850731644972,0.666912141567918,2.75674590678072,0.00583796974675414,0.0196103646510827,"WBGene00021966","WBGene00021966",NA
"WBGene00021968",30.4235434551248,-4.05231421988477,0.874016916996037,-4.63642538386148,3.54486075910918e-06,3.11795045107369e-05,"WBGene00021968","WBGene00021968",NA
"WBGene00021969",117.771169519413,-4.27420248349389,1.21933149691313,-3.50536543533444,0.000455980938849637,0.00218775950284588,"WBGene00021969","WBGene00021969",NA
"WBGene00021977",1819.59568770713,2.17208041851418,0.255833970220888,8.49019548357399,2.06289807429342e-17,1.16541510576585e-15,"WBGene00021977","WBGene00021977",NA
"WBGene00021978",442.019891457654,3.33865176473324,0.349523776486026,9.55200186464774,1.27213965013176e-21,1.04498229996168e-19,"WBGene00021978","WBGene00021978",NA
"WBGene00021979",526.737318493418,3.79742793470094,0.295820808024251,12.8369196205753,1.01846848696906e-37,2.59945894361585e-35,"WBGene00021979","WBGene00021979",NA
"WBGene00021993",380.41861753553,-4.98858230899055,1.2121067142411,-4.1156296309388,3.8612390920409e-05,0.000252695468601377,"WBGene00021993","WBGene00021993",NA
"WBGene00021994",58.6700394543211,-1.43685264003795,0.586916605815527,-2.44813764988202,0.0143596784499151,0.0419290876577398,"WBGene00021994","WBGene00021994",NA
"WBGene00021996",210.458597077775,-4.73662494297137,1.16816413800474,-4.05475976266631,5.01858534911688e-05,0.000317673340987279,"WBGene00021996","WBGene00021996",NA
"WBGene00022002",419.662625187175,-4.42636637421867,1.19798196532864,-3.6948522618238,0.000220014676738473,0.00115527912366752,"WBGene00022002","WBGene00022002",NA
"WBGene00022003",13.3970583518089,-4.3069294947444,1.00739406797078,-4.27531750650462,1.90865089540202e-05,0.000136949534377415,"WBGene00022003","WBGene00022003",NA
"WBGene00022006",64.442696343116,-5.28932532089635,0.877133477623504,-6.03023993021813,1.63716435336311e-09,2.98089045893234e-08,"WBGene00022006","WBGene00022006",NA
"WBGene00022007",64.442696343116,-5.28932532089635,0.877133477623504,-6.03023993021813,1.63716435336311e-09,2.98089045893234e-08,"WBGene00022007","WBGene00022007",NA
"WBGene00022008",10.5449860005607,-4.87597541816179,1.41366146123098,-3.44918182456209,0.000562287946085209,0.00262725780104475,"WBGene00022008","WBGene00022008",NA
"WBGene00022012",23.1021166180936,-1.75581441806409,0.478082434653657,-3.67261855026335,0.000240077714779975,0.00124779300994552,"WBGene00022012","WBGene00022012",NA
"WBGene00022032",23.1135112962875,-4.43120689018371,1.05066528138512,-4.21752480898764,2.46998651673928e-05,0.000171718108049927,"WBGene00022032","WBGene00022032",NA
"WBGene00022033",13.3661043315435,3.20513988342201,0.78484793875782,4.08377180488591,4.43105454578059e-05,0.000285027284531242,"WBGene00022033","WBGene00022033",NA
"WBGene00022064",19.0228542543707,-4.97728400174017,1.14837589766037,-4.33419406649042,1.46295078661212e-05,0.000107783276252819,"WBGene00022064","WBGene00022064",NA
"WBGene00022072",421.38489405998,-1.04344435774707,0.319014393718354,-3.27083786278398,0.0010722936920188,0.00458733724634082,"WBGene00022072","WBGene00022072",NA
"WBGene00022079",14.7756168766141,-6.87539262495581,1.87449843372348,-3.6678572258386,0.000244591691398276,0.00126710730161492,"WBGene00022079","WBGene00022079",NA
"WBGene00022090",142.620251640053,-5.35703081349238,1.33439570758571,-4.01457437478176,5.95531631144505e-05,0.000368322527215423,"WBGene00022090","WBGene00022090",NA
"WBGene00022102",10.8021641311297,-3.27076474585906,1.03261456284105,-3.16745944087806,0.00153777159025266,0.00626371312039934,"WBGene00022102","WBGene00022102",NA
"WBGene00022108",33.8117336138303,-3.12256764581334,0.759481539305783,-4.1114464068048,3.93188148830096e-05,0.000256262572331443,"WBGene00022108","WBGene00022108",NA
"WBGene00022111",20.0937878757332,2.63360624909483,0.722638302188704,3.64443213308545,0.000267982835626746,0.00137291631226732,"WBGene00022111","WBGene00022111",NA
"WBGene00022112",65.1624569891823,3.11895987282392,0.705732829413614,4.41946263916251,9.89466246703419e-06,7.66431302031707e-05,"WBGene00022112","WBGene00022112",NA
"WBGene00022133",12.6082578392435,-5.87854532141297,1.4496262440529,-4.05521447030206,5.00883236440356e-05,0.000317196459833496,"WBGene00022133","WBGene00022133",NA
"WBGene00022143",26.8647686896532,-4.28162134457175,0.951358552763446,-4.50053382306258,6.77830175138718e-06,5.50780369144838e-05,"WBGene00022143","WBGene00022143",NA
"WBGene00022155",26.7689472126673,-2.56416657473849,0.678238819122003,-3.78062491034923,0.000156435208769919,0.000858981344198409,"WBGene00022155","WBGene00022155",NA
"WBGene00022157",27.2792156086919,-4.54660605235988,0.859425004832468,-5.2902883053143,1.22123699986768e-07,1.55195296150792e-06,"WBGene00022157","WBGene00022157",NA
"WBGene00022162",44.4363408037404,-3.89125534703883,1.03611497926386,-3.75562116648821,0.000172912080162008,0.000937924994973653,"WBGene00022162","WBGene00022162",NA
"WBGene00022177",29.2152685863677,-1.11475512818002,0.464395410411393,-2.40044389584406,0.0163752007587027,0.0467838551364996,"WBGene00022177","WBGene00022177",NA
"WBGene00022196",131.160524331915,-1.62020781406581,0.446897007968896,-3.62546131474341,0.000288446076178018,0.00146856569522006,"WBGene00022196","WBGene00022196",NA
"WBGene00022200",384.61668059103,-2.59532185959991,0.309748747413868,-8.37879694839314,5.34714297861303e-17,2.87318475914722e-15,"WBGene00022200","WBGene00022200",NA
"WBGene00022230",18.9266370765792,-1.50941070800807,0.475525260015507,-3.17419669348133,0.00150251833225318,0.00613872063461539,"WBGene00022230","WBGene00022230",NA
"WBGene00022231",160.507458767844,1.03774990728327,0.386484723986286,2.68509941759068,0.00725082346212656,0.0235697111085228,"WBGene00022231","WBGene00022231",NA
"WBGene00022258",31.9095653388031,1.35105780139808,0.424375025997122,3.18364116319898,0.00145435180396097,0.0059630092753913,"WBGene00022258","WBGene00022258",NA
"WBGene00022279",225.5459918084,-1.09113895274807,0.396569776931273,-2.75144253601848,0.00593334286548674,0.0198933308882012,"WBGene00022279","WBGene00022279",NA
"WBGene00022288",15.7372428276775,-3.47695754003191,0.914481629082294,-3.80210758691908,0.000143470396444415,0.000797907539447479,"WBGene00022288","WBGene00022288",NA
"WBGene00022298",35.2714127964925,-2.04033690185909,0.616098328959477,-3.31170659934267,0.000927287421449713,0.00404817321770945,"WBGene00022298","WBGene00022298",NA
"WBGene00022334",41.2145942965625,3.25667291369602,0.531471598887523,6.12765182657528,8.91854817623206e-10,1.71565018954085e-08,"WBGene00022334","WBGene00022334",NA
"WBGene00022338",15.2747325930441,-6.06216871259442,1.34211677655821,-4.51687127266268,6.27600312686999e-06,5.15237867273709e-05,"WBGene00022338","WBGene00022338",NA
"WBGene00022349",274.746032788331,4.00421103535914,1.00052163122307,4.00212340283365,6.2776539986354e-05,0.000385588777836252,"WBGene00022349","WBGene00022349",NA
"WBGene00022353",24.8888915083124,-2.31650675042271,0.523443543078791,-4.42551404263672,9.62128973483685e-06,7.49411957384322e-05,"WBGene00022353","WBGene00022353",NA
"WBGene00022382",498.105041424667,1.84003384087473,0.425794513408851,4.3214127541092,1.55033352361728e-05,0.000113460916810352,"WBGene00022382","WBGene00022382",NA
"WBGene00022385",17.0432690529003,-3.41380572311187,0.966854557192523,-3.53083687480836,0.00041424713732167,0.00201457445857047,"WBGene00022385","WBGene00022385",NA
"WBGene00022389",182.737052141326,-1.03559869289578,0.374450615433495,-2.76564825964268,0.00568097744943168,0.0191550390858049,"WBGene00022389","WBGene00022389",NA
"WBGene00022396",56.6360703126354,-2.03234331264067,0.515259550626272,-3.94430983408354,8.0030131777564e-05,0.000479409335078257,"WBGene00022396","WBGene00022396",NA
"WBGene00022397",24.9857978912134,-1.46984719142478,0.515781585543579,-2.84974732061384,0.00437539737362018,0.015264231062034,"WBGene00022397","WBGene00022397",NA
"WBGene00022410",206.104580047175,-1.19230367608614,0.436993658916695,-2.72842328889133,0.00636378896159303,0.0210745216932459,"WBGene00022410","WBGene00022410",NA
"WBGene00022413",154.739694756485,-1.55490743915888,0.533738497869242,-2.91323830933366,0.00357701507143884,0.0128554881609443,"WBGene00022413","WBGene00022413",NA
"WBGene00022416",19.4812343162775,2.22372347696448,0.605159765816728,3.67460562082035,0.000238217085827987,0.00123947462968308,"WBGene00022416","WBGene00022416",NA
"WBGene00022418",102.747274923055,2.43311906406023,0.378859718949402,6.42221630424949,1.34304393861428e-10,3.01825896456193e-09,"WBGene00022418","WBGene00022418",NA
"WBGene00022441",29.1142731741026,5.29302039521162,0.896320451024551,5.90527683392849,3.52055063580957e-09,6.02625511827858e-08,"WBGene00022441","WBGene00022441",NA
"WBGene00022467",26.1480825137097,-4.5459038072287,1.00626412163927,-4.51760498011508,6.25430220809943e-06,5.13751387703248e-05,"WBGene00022467","WBGene00022467",NA
"WBGene00022484",30.3181672364655,-2.15181847065771,0.566718132545203,-3.79698186291238,0.000146468501262448,0.000811887851108203,"WBGene00022484","WBGene00022484",NA
"WBGene00022487",26.6614647614775,-1.84845458982858,0.420471270017991,-4.39614956272635,1.10188024973372e-05,8.41751705475363e-05,"WBGene00022487","WBGene00022487",NA
"WBGene00022496",15.3164241117535,-1.98455705378117,0.808509067681665,-2.4545884927076,0.0141045944376084,0.0413447432930142,"WBGene00022496","WBGene00022496",NA
"WBGene00022500",1914.31708132999,-1.11726067242351,0.294321572901207,-3.79605430009894,0.000147017310084349,0.000814148939572102,"WBGene00022500","WBGene00022500",NA
"WBGene00022505",47.1730910728507,-2.14026799205699,0.780063511695259,-2.74370991588324,0.00607491939931161,0.0202587081134766,"WBGene00022505","WBGene00022505",NA
"WBGene00022548",10.3874816012936,-3.38291259895951,0.76491698166415,-4.42258791483445,9.75256446180739e-06,7.57572847025071e-05,"WBGene00022548","WBGene00022548",NA
"WBGene00022554",246.418638694551,1.06428358565474,0.263459572008143,4.03964668105454,5.3531781309423e-05,0.000336025362431086,"WBGene00022554","WBGene00022554",NA
"WBGene00022557",36.6964896724975,1.68580101836389,0.651546231200952,2.58738511196139,0.00967074393526796,0.0301930849861916,"WBGene00022557","WBGene00022557",NA
"WBGene00022562",35.3376718736543,-1.72507727068128,0.66383665677907,-2.5986472019357,0.00935919077099116,0.0293872833237646,"WBGene00022562","WBGene00022562",NA
"WBGene00022574",23.2190290775725,-1.35960283252709,0.531440114510889,-2.55833685753738,0.010517415668411,0.0324676937685958,"WBGene00022574","WBGene00022574",NA
"WBGene00022589",52.675732668719,-4.15631890327006,0.859061110825665,-4.8382109851013,1.31013028233368e-06,1.28170377312767e-05,"WBGene00022589","WBGene00022589",NA
"WBGene00022597",193.501017990637,-1.84112117127579,0.392801911410475,-4.68714921641976,2.77036981195079e-06,2.52048986137572e-05,"WBGene00022597","WBGene00022597",NA
"WBGene00022610",288.754140758617,-1.59860087900939,0.422832010356038,-3.78069975748363,0.000156388182427888,0.000858981344198409,"WBGene00022610","WBGene00022610",NA
"WBGene00022617",13.9918566370552,-4.41063091928665,1.33691496757002,-3.299111032696,0.000969915395922218,0.00420295860708837,"WBGene00022617","WBGene00022617",NA
"WBGene00022621",71.0570512728991,-4.48446071148859,0.818003394566324,-5.48220305841896,4.20061685532403e-08,5.87469830852704e-07,"WBGene00022621","WBGene00022621",NA
"WBGene00022632",22.6385939979761,-4.33648139778905,1.04398903145802,-4.15376145449804,3.27054127018968e-05,0.000219940827691358,"WBGene00022632","WBGene00022632",NA
"WBGene00022633",237.226525784044,-1.0371953346511,0.300680161356404,-3.44949706682406,0.000561631832386897,0.00262554912455575,"WBGene00022633","WBGene00022633",NA
"WBGene00022634",29.8267237632779,-4.54252029731335,1.15559824151874,-3.93088197446834,8.46348144843521e-05,0.000502569756304464,"WBGene00022634","WBGene00022634",NA
"WBGene00022635",24.1114848474087,-2.42883838307391,0.527792508227272,-4.60188112792998,4.18692154245378e-06,3.59421439076828e-05,"WBGene00022635","WBGene00022635",NA
"WBGene00022641",13.2652601051767,-1.60360368445924,0.655678737008159,-2.44571555237011,0.0144565004415746,0.0421687266962092,"WBGene00022641","WBGene00022641",NA
"WBGene00022645",587.813588110403,2.78461158014827,0.297780660035469,9.35121703275356,8.66449153766951e-21,6.62254425389895e-19,"WBGene00022645","WBGene00022645",NA
"WBGene00022650",44.7677294975354,-3.22065305928549,0.691703050431121,-4.65612094276314,3.22222695054168e-06,2.87306860911368e-05,"WBGene00022650","WBGene00022650",NA
"WBGene00022652",20.0962185952546,-5.94800295001316,1.24916289067627,-4.76159113788036,1.92072521008605e-06,1.80262916013311e-05,"WBGene00022652","WBGene00022652",NA
"WBGene00022683",27.1537489923488,1.76410283572183,0.498899538049745,3.53598811219171,0.000406252974290052,0.00198003816052553,"WBGene00022683","WBGene00022683",NA
"WBGene00022705",70.0891789764373,-4.33166179212964,0.913779505480329,-4.74037967162844,2.13318108254746e-06,1.97855660044457e-05,"WBGene00022705","WBGene00022705",NA
"WBGene00022706",33.3902433903448,-3.52627539894241,0.78752263989847,-4.47768130119666,7.54581368823027e-06,6.06252473557478e-05,"WBGene00022706","WBGene00022706",NA
"WBGene00022707",31.2112896376494,-4.76132536991586,0.96366169953151,-4.94086812024449,7.77755028617306e-07,8.10237071722096e-06,"WBGene00022707","WBGene00022707",NA
"WBGene00022708",24.8236047155919,-6.00750596663143,1.28418699116867,-4.67806169034956,2.89599427542302e-06,2.62143421017234e-05,"WBGene00022708","WBGene00022708",NA
"WBGene00022709",40.7505450632519,-4.27627053778962,0.875585337487735,-4.88389920970955,1.04008254893878e-06,1.04911078842498e-05,"WBGene00022709","WBGene00022709",NA
"WBGene00022732",31.9054250371496,-5.47246982866995,1.00932170309388,-5.42192822357347,5.89595575083198e-08,8.00293405001343e-07,"WBGene00022732","WBGene00022732",NA
"WBGene00022736",32.9098985271831,1.13506843235406,0.42384090799151,2.67805304054509,0.007405149082518,0.0240004072191451,"WBGene00022736","WBGene00022736",NA
"WBGene00022741",45.9553238246847,2.47224494679838,0.595707131323455,4.15010131120289,3.323281491171e-05,0.000222585109434429,"WBGene00022741","WBGene00022741",NA
"WBGene00022743",277.172499158446,-3.33381192064756,0.507879218110061,-6.56418258863489,5.23190616866756e-11,1.28047319980763e-09,"WBGene00022743","WBGene00022743",NA
"WBGene00022751",458.511660278247,-4.86080768669164,0.959660736102435,-5.06513135718496,4.08118833342807e-07,4.50095870753761e-06,"WBGene00022751","WBGene00022751",NA
"WBGene00022753",27.4642447387427,-4.7077600263367,1.02707193287519,-4.58367118762339,4.5688250624426e-06,3.87780383714323e-05,"WBGene00022753","WBGene00022753",NA
"WBGene00022754",349.080687871454,-4.59383685471154,1.04383142866164,-4.40093747761701,1.07784181252668e-05,8.26923941301335e-05,"WBGene00022754","WBGene00022754",NA
"WBGene00022761",21.135828400833,-3.78732404280557,0.791304196076828,-4.78617965326429,1.69985910817738e-06,1.62914080379296e-05,"WBGene00022761","WBGene00022761",NA
"WBGene00022780",26.881929014718,-4.35038503831485,0.994736348119007,-4.3734051204032,1.22323421221709e-05,9.18743383879082e-05,"WBGene00022780","WBGene00022780",NA
"WBGene00022782",21.0209286468466,-1.77186414157906,0.720083786249427,-2.46063607515433,0.013869096740656,0.0407547285596619,"WBGene00022782","WBGene00022782",NA
"WBGene00022797",80.762235160422,-2.13421802484083,0.493566691896378,-4.32407222748512,1.53175110073186e-05,0.000112215881510818,"WBGene00022797","WBGene00022797",NA
"WBGene00022813",61.3206630456579,1.24698580166674,0.307994120211667,4.0487324914182,5.1495763319918e-05,0.000324814185848009,"WBGene00022813","WBGene00022813",NA
"WBGene00022816",231.75094737209,5.3722012532705,0.525854982445498,10.216126941095,1.67916470884618e-24,1.7391522596767e-22,"WBGene00022816","WBGene00022816",NA
"WBGene00022834",21.4992020574717,-2.23206001844362,0.779913242998979,-2.8619337323479,0.00421064934833014,0.0147543052551318,"WBGene00022834","WBGene00022834",NA
"WBGene00022837",11.2676934872957,2.32770811302371,0.782561820199126,2.97447186016743,0.00293493373475016,0.0108704347941912,"WBGene00022837","WBGene00022837",NA
"WBGene00022847",160.188992915987,-1.24124905060257,0.345994620818355,-3.58748077547199,0.00033388834175902,0.00166862449956702,"WBGene00022847","WBGene00022847",NA
"WBGene00022849",59.0036400505059,-3.72202231695522,0.742813622632892,-5.01070820936558,5.42300888726981e-07,5.80172649893319e-06,"WBGene00022849","WBGene00022849",NA
"WBGene00022867",63.9361663261858,-1.62469196380151,0.293913756585758,-5.52778468988557,3.24299707175301e-08,4.62596378708242e-07,"WBGene00022867","WBGene00022867",NA
"WBGene00022876",50.1130804591571,-3.68163159805722,0.834934267307227,-4.40948676107279,1.0361589226383e-05,7.98373017858182e-05,"WBGene00022876","WBGene00022876",NA
"WBGene00022887",44.8913915118939,-1.66875626938124,0.501719293183527,-3.32607554075225,0.000880780546769678,0.00387115509070695,"WBGene00022887","WBGene00022887",NA
"WBGene00022888",41.8357353899798,-5.84090192248615,1.12915126206584,-5.17282504011013,2.30580902601117e-07,2.70360364304985e-06,"WBGene00022888","WBGene00022888",NA
"WBGene00023021",48.8999451587039,-1.67476488849818,0.420916089945824,-3.97885689927829,6.92474024359059e-05,0.00042224962586024,"WBGene00023021","WBGene00023021",NA
"WBGene00023069",101.4293931765,-1.3887522624868,0.30192293560461,-4.59969117518609,4.23117734945868e-06,3.6278475018484e-05,"WBGene00023069","WBGene00023069",NA
"WBGene00023245",18.1287849343913,2.58619016750098,0.690949264282363,3.7429523427991,0.000181870732498705,0.000980935237586414,"WBGene00023245","WBGene00023245",NA
"WBGene00023423",42.7108115258492,3.10784221833868,0.735754312601056,4.22402174898814,2.39980875713425e-05,0.000167482746902929,"WBGene00023423","WBGene00023423",NA
"WBGene00023424",40.140425186139,-5.01731604437963,0.931297867738498,-5.3874450035662,7.14663334734867e-08,9.57327370512226e-07,"WBGene00023424","WBGene00023424",NA
"WBGene00023432",77.2374337365054,-1.44706492892455,0.323215325386611,-4.47709256110817,7.56664489413199e-06,6.07243433306168e-05,"WBGene00023432","WBGene00023432",NA
"WBGene00023451",303.577221347341,-1.04322356177687,0.355680062495,-2.93303918824952,0.00335661521430696,0.0121766754462156,"WBGene00023451","WBGene00023451",NA
"WBGene00023486",78.662684518667,-1.58633551018927,0.468718913364022,-3.3844068693624,0.000713322133116787,0.00323051750590565,"WBGene00023486","WBGene00023486",NA
"WBGene00023490",53.6752084998266,-4.16956169603042,0.950255376190069,-4.38783278737949,1.14485738271349e-05,8.6854811948641e-05,"WBGene00023490","WBGene00023490",NA
"WBGene00023491",96.3624301171448,1.40782499969754,0.380123411718213,3.70359982126321,0.000212561484310188,0.00112274253335015,"WBGene00023491","WBGene00023491",NA
"WBGene00023492",25.7908059277311,-1.38043699262071,0.432030711427727,-3.1952288485668,0.00139720003498048,0.00576339974025283,"WBGene00023492","WBGene00023492",NA
"WBGene00023501",35.3055812320187,-1.9004533149275,0.469067484048433,-4.0515562889268,5.087808231819e-05,0.000321627788842941,"WBGene00023501","WBGene00023501",NA
"WBGene00043062",85.9762533878064,-1.04275880461858,0.345493544905953,-3.01817159826367,0.00254304861363217,0.00963110594452691,"WBGene00043062","WBGene00043062",NA
"WBGene00043067",11.2852166377656,2.53307536554328,0.719575580073757,3.52023531049182,0.000431164096947389,0.0020840813113524,"WBGene00043067","WBGene00043067",NA
"WBGene00043147",131.458924269338,-4.39319854609989,1.44089879357569,-3.04892929724638,0.00229658524149388,0.00883081110077155,"WBGene00043147","WBGene00043147",NA
"WBGene00043534",20.5207331130571,-1.80877964088215,0.504311131198558,-3.58663437902583,0.000334973478310155,0.0016734623996809,"WBGene00043534","WBGene00043534",NA
"WBGene00043743",411.981516301965,-4.50312548165864,1.49458667273878,-3.01295706953334,0.00258715513668204,0.00977483699936461,"WBGene00043743","WBGene00043743",NA
"WBGene00043952",10.7956710184286,-3.18104941414993,0.928913949291809,-3.42448233937613,0.000615971878831241,0.00284829701201389,"WBGene00043952","WBGene00043952",NA
"WBGene00043982",48.8529369539885,-1.22872243329454,0.331092559935039,-3.71111460050815,0.000206348652396259,0.00109642347370657,"WBGene00043982","WBGene00043982",NA
"WBGene00043983",50.6935419267981,-1.9586083166193,0.576603261335299,-3.39680409036111,0.000681777586822913,0.00311132624767711,"WBGene00043983","WBGene00043983",NA
"WBGene00043985",27.0277470257777,-1.31438799883367,0.426688313435455,-3.08044058730119,0.00206694587652079,0.0080762322069742,"WBGene00043985","WBGene00043985",NA
"WBGene00043995",17.8495758099098,-1.39692192809352,0.560956094406353,-2.49025180762471,0.0127652618301317,0.0380429289695732,"WBGene00043995","WBGene00043995",NA
"WBGene00044003",10.005339099823,-3.88098651466264,1.34339924442623,-2.88893010083553,0.00386554990382376,0.0136961588436671,"WBGene00044003","WBGene00044003",NA
"WBGene00044005",30.4717301482353,-4.54922752660948,0.813445304012163,-5.59254261370898,2.23768209122353e-08,3.29384038412543e-07,"WBGene00044005","WBGene00044005",NA
"WBGene00044007",37.6260273119234,-1.15387798805726,0.418816020051467,-2.75509515590036,0.00586750681280736,0.0197003229681596,"WBGene00044007","WBGene00044007",NA
"WBGene00044047",11.5369388656934,1.70385676430672,0.657311402240409,2.59216066920371,0.00953752176282913,0.0298479907135011,"WBGene00044047","WBGene00044047",NA
"WBGene00044062",18.5859024375835,-4.94161287896296,1.0132424209237,-4.87702920536831,1.07695495163274e-06,1.08324539927423e-05,"WBGene00044062","WBGene00044062",NA
"WBGene00044066",70.6611670456799,3.79790598862457,0.739313922743357,5.1370681273413,2.79057812521883e-07,3.21141168629249e-06,"WBGene00044066","WBGene00044066",NA
"WBGene00044068",99.4996263798914,1.87918580587506,0.418422474020404,4.4911206317838,7.08494068400815e-06,5.72766160613849e-05,"WBGene00044068","WBGene00044068",NA
"WBGene00044078",54.7113476240589,-1.46531487010849,0.47299145468895,-3.09797324155066,0.001948490210591,0.00767845894126748,"WBGene00044078","WBGene00044078",NA
"WBGene00044082",129.127970906047,-1.0546842896049,0.314730051559404,-3.35107589624574,0.000804982368218213,0.00358095642357389,"WBGene00044082","WBGene00044082",NA
"WBGene00044107",87.1567081492527,1.41636197175948,0.510402372724254,2.77499096291363,0.00552032417514575,0.0186706089529953,"WBGene00044107","WBGene00044107",NA
"WBGene00044120",17.1553440964669,-1.62356852361519,0.544979276200249,-2.9791380966542,0.00289060469558113,0.0107445676080504,"WBGene00044120","WBGene00044120",NA
"WBGene00044122",21.029556643209,-5.85741141845102,1.32799956593427,-4.4107028109834,1.03035650267372e-05,7.94759065985727e-05,"WBGene00044122","WBGene00044122",NA
"WBGene00044134",34.366556848239,-1.3696201118032,0.46111750200987,-2.97021931684103,0.00297587211088187,0.0109964167737421,"WBGene00044134","WBGene00044134",NA
"WBGene00044167",16.9169164773718,-1.45003903816912,0.572196423271193,-2.53416305869126,0.0112716268138037,0.034392506173835,"WBGene00044167","WBGene00044167",NA
"WBGene00044174",36.4687749309184,-2.20477596613106,0.585564592729289,-3.76521393797857,0.000166406540487241,0.00090676655859098,"WBGene00044174","WBGene00044174",NA
"WBGene00044175",10.4137736042076,-2.10502609482275,0.867435747295033,-2.42672278769575,0.0152358925581647,0.044091235540362,"WBGene00044175","WBGene00044175",NA
"WBGene00044177",76.2566879408586,-3.8786520720139,0.888077560403901,-4.36746996540469,1.25694074484308e-05,9.40599689321579e-05,"WBGene00044177","WBGene00044177",NA
"WBGene00044178",120.80539294093,-1.56701818269782,0.356505822122541,-4.39549114056036,1.10522571975268e-05,8.43856368185103e-05,"WBGene00044178","WBGene00044178",NA
"WBGene00044191",204.886338897379,-1.00034554575087,0.391658013232386,-2.55413016446398,0.01064534525035,0.0328059335194595,"WBGene00044191","WBGene00044191",NA
"WBGene00044205",20.5378868138927,-3.24778057216151,0.808376231221653,-4.01765965737677,5.87790093479647e-05,0.000364322801652411,"WBGene00044205","WBGene00044205",NA
"WBGene00044206",157.115432368751,-1.55823892759171,0.553398617341636,-2.81576223496371,0.00486616654017124,0.0167273011925607,"WBGene00044206","WBGene00044206",NA
"WBGene00044221",25.174593001819,-2.36692474671411,0.534771070594118,-4.42605233690842,9.59732481438251e-06,7.4795290933462e-05,"WBGene00044221","WBGene00044221",NA
"WBGene00044243",10.3591432495751,-3.88813470716602,1.42496247637589,-2.72858743414403,0.00636062257955334,0.0210689173880778,"WBGene00044243","WBGene00044243",NA
"WBGene00044260",60.8540348062134,-1.50047366183154,0.574934171206904,-2.60981819654542,0.00905903527314494,0.0285926025288314,"WBGene00044260","WBGene00044260",NA
"WBGene00044281",64.3726389112337,3.15121257311537,0.77158225959034,4.08409153262345,4.42495874720349e-05,0.000284763329012965,"WBGene00044281","WBGene00044281",NA
"WBGene00044283",100.104089088383,-1.41173896943942,0.384728624356824,-3.66944095152659,0.000243081476039937,0.00126145632431882,"WBGene00044283","WBGene00044283",NA
"WBGene00044291",20.311340547576,-1.25712810541928,0.519848981462098,-2.41825635953648,0.0155950853663352,0.0449577561801189,"WBGene00044291","WBGene00044291",NA
"WBGene00044296",55.0608099590537,-2.08660393907476,0.568748845711605,-3.66876162441095,0.000243728196928208,0.00126400838849596,"WBGene00044296","WBGene00044296",NA
"WBGene00044300",15.3820041544847,-5.39588782029668,1.35039895994265,-3.99577308658904,6.44834764091411e-05,0.000394716200563535,"WBGene00044300","WBGene00044300",NA
"WBGene00044303",15.8200043756108,1.80156501286117,0.535906023754092,3.3617181614063,0.000774591407679024,0.00346084244762622,"WBGene00044303","WBGene00044303",NA
"WBGene00044312",27.9125962900884,-3.27313027851218,0.774466755362951,-4.22630184684718,2.37563276654761e-05,0.000166072695405126,"WBGene00044312","WBGene00044312",NA
"WBGene00044330",41.6829451559163,1.02247873992013,0.321451246752503,3.18082057621439,0.00146858554551104,0.00601446796618603,"WBGene00044330","WBGene00044330",NA
"WBGene00044347",24.355211979064,-2.7120687365338,0.749370653169455,-3.61912856483388,0.000295596763146488,0.00149715256401586,"WBGene00044347","WBGene00044347",NA
"WBGene00044388",27.2190540946538,-3.87700537639655,1.15920528858197,-3.34453734345812,0.000824199331298553,0.0036550670314149,"WBGene00044388","WBGene00044388",NA
"WBGene00044401",11.5110629456505,-1.85767318028199,0.626532178698462,-2.96500841208357,0.00302674653036759,0.0111613230543199,"WBGene00044401","WBGene00044401",NA
"WBGene00044417",22.5193691720883,4.74776181111299,0.85882134633525,5.52822985988014,3.23478045645257e-08,4.6188528535541e-07,"WBGene00044417","WBGene00044417",NA
"WBGene00044418",28.3127719129514,-1.30462630350326,0.521259269701874,-2.50283568913684,0.0123202726987641,0.0369866955856828,"WBGene00044418","WBGene00044418",NA
"WBGene00044433",54.3520761645837,-1.48379687416381,0.420307081121887,-3.53026856031843,0.000415138042303693,0.00201753418519098,"WBGene00044433","WBGene00044433",NA
"WBGene00044445",52.2134218341818,-1.46481946365991,0.410276463985207,-3.57032292184502,0.000356541415583624,0.00176272793252741,"WBGene00044445","WBGene00044445",NA
"WBGene00044447",34.9447554031807,-6.06591188600861,1.20596130497308,-5.02993907100861,4.90635723157216e-07,5.31664624039885e-06,"WBGene00044447","WBGene00044447",NA
"WBGene00044457",123.821136947896,-1.50667256849499,0.355240020269362,-4.24128049354503,2.22248180330248e-05,0.000156946306396257,"WBGene00044457","WBGene00044457",NA
"WBGene00044472",10.7233651710514,3.09534815674448,0.912126760162913,3.39355042734589,0.00068992854675673,0.00314149369824592,"WBGene00044472","WBGene00044472",NA
"WBGene00044475",26.0707530874329,-4.74538539083053,0.968151234781376,-4.90149185411318,9.51115942213316e-07,9.73803736536886e-06,"WBGene00044475","WBGene00044475",NA
"WBGene00044479",21.5730557037484,4.91607886886873,0.772816093295318,6.36125322896212,2.0011421051211e-10,4.38685952584292e-09,"WBGene00044479","WBGene00044479",NA
"WBGene00044485",16.49076656923,-1.61191364804996,0.482111683358506,-3.34344448328027,0.000827452485647663,0.00366380990624599,"WBGene00044485","WBGene00044485",NA
"WBGene00044488",35.7286510605062,1.39920620498195,0.343738327031362,4.07055627769517,4.69010087719108e-05,0.00029980148406839,"WBGene00044488","WBGene00044488",NA
"WBGene00044489",28.9703301440023,-1.68570609583514,0.574898947443844,-2.93217808682769,0.00336593672273928,0.012201200501677,"WBGene00044489","WBGene00044489",NA
"WBGene00044500",153.287188746195,-1.61117555121087,0.310199530901969,-5.19399738138237,2.05826036390549e-07,2.43853343507598e-06,"WBGene00044500","WBGene00044500",NA
"WBGene00044526",21.5039184175887,2.39053643420262,0.784926141073278,3.04555589260142,0.00232250606530198,0.00890917315924884,"WBGene00044526","WBGene00044526",NA
"WBGene00044529",26.4898346039438,-3.0146192431727,0.934117619246208,-3.22723732114738,0.0012499174527267,0.00522523256853547,"WBGene00044529","WBGene00044529",NA
"WBGene00044567",21.1761318636435,3.05830363748859,0.931236844633445,3.28413083643872,0.00102297419801916,0.00440137574120647,"WBGene00044567","WBGene00044567",NA
"WBGene00044607",49.0237733684916,-1.42487810804353,0.39422270143906,-3.61439892436989,0.000301045230677513,0.00152198363110821,"WBGene00044607","WBGene00044607",NA
"WBGene00044633",48.2789144125424,-5.63404038454094,0.858111590635675,-6.56562671571344,5.18144688114361e-11,1.2702988039826e-09,"WBGene00044633","WBGene00044633",NA
"WBGene00044634",10.3715545261059,-6.66412049061003,1.5428757104216,-4.31928537444474,1.56535258935007e-05,0.000114501456292634,"WBGene00044634","WBGene00044634",NA
"WBGene00044644",167.193905008065,2.19726672735885,0.412353401847363,5.32860094645755,9.89721835754908e-08,1.28952545108887e-06,"WBGene00044644","WBGene00044644",NA
"WBGene00044660",12.2671818041654,-2.81805474449619,0.750180464766918,-3.75650243754582,0.000172304593955738,0.000934984647459894,"WBGene00044660","WBGene00044660",NA
"WBGene00044674",123.187754949787,-4.91689245072568,0.729539968595769,-6.73971634506852,1.58696136380289e-11,4.18495180310603e-10,"WBGene00044674","WBGene00044674",NA
"WBGene00044676",32.4301775093886,-1.30035744399001,0.394642129013943,-3.29502946692259,0.000984113598031573,0.00425209663139821,"WBGene00044676","WBGene00044676",NA
"WBGene00044684",29.5241216290181,-4.69406208420449,1.08517054584477,-4.32564457465098,1.52086479815705e-05,0.000111532686300968,"WBGene00044684","WBGene00044684",NA
"WBGene00044725",23.9179969600027,1.56254402193453,0.498547994299375,3.13418976668519,0.0017232937001383,0.00691106533559952,"WBGene00044725","WBGene00044725",NA
"WBGene00044728",289.191516411822,-1.03070876794636,0.232065188579867,-4.44146222125699,8.93496353482355e-06,7.01303864927144e-05,"WBGene00044728","WBGene00044728",NA
"WBGene00044733",14.3290986524531,3.52475926699471,0.829443299009559,4.24954818636022,2.14202128361837e-05,0.00015171412391852,"WBGene00044733","WBGene00044733",NA
"WBGene00044743",58.3743131290983,-1.29170462997487,0.429880711070599,-3.00479783509695,0.00265757425893149,0.0100121927389282,"WBGene00044743","WBGene00044743",NA
"WBGene00044761",16.6383072796482,-1.93708362093587,0.649714481199838,-2.98143827325294,0.00286897877259576,0.0106787274991436,"WBGene00044761","WBGene00044761",NA
"WBGene00044763",18.2246036606609,-6.66099942189505,1.38319585642594,-4.81565888948402,1.46714966499897e-06,1.42105175992459e-05,"WBGene00044763","WBGene00044763",NA
"WBGene00044777",17.2070809397398,-3.73149372104532,1.20642725071603,-3.09301179895483,0.00198136257448463,0.0077926959649973,"WBGene00044777","WBGene00044777",NA
"WBGene00044779",112.531886413925,-1.37796291641708,0.340297339218259,-4.04929089243713,5.13730570240049e-05,0.000324326459383437,"WBGene00044779","WBGene00044779",NA
"WBGene00044792",21.183898931211,-1.49539294024408,0.481139402039369,-3.10802427301873,0.00188342598518152,0.0074466964332502,"WBGene00044792","WBGene00044792",NA
"WBGene00044798",18.9772270658462,2.80555694745589,0.847471951088311,3.31050124296507,0.000931290385956881,0.00405944906571568,"WBGene00044798","WBGene00044798",NA
"WBGene00044811",18.4991300483596,2.26870473473495,0.558469982142883,4.06235752551962,4.85795977426235e-05,0.00030914879364885,"WBGene00044811","WBGene00044811",NA
"WBGene00044901",114.539213997272,2.90417366140979,0.434891108733016,6.67793294250284,2.42335868707914e-11,6.252177926791e-10,"WBGene00044901","WBGene00044901",NA
"WBGene00044921",25.0806015756885,-1.53705936829616,0.539034270147225,-2.85150583816564,0.00435126872072845,0.0152023182169083,"WBGene00044921","WBGene00044921",NA
"WBGene00044949",89.0762429607148,1.44438139407304,0.310382660134352,4.65355053483924,3.26267593871155e-06,2.90370032328793e-05,"WBGene00044949","WBGene00044949",NA
"WBGene00044976",13.6459627876588,1.85165105809149,0.63535892411308,2.914338632571,0.00356443031007796,0.0128134814944528,"WBGene00044976","WBGene00044976",NA
"WBGene00045013",13.4601134302714,-2.10647898113721,0.651972119328622,-3.23093414378883,0.00123386365137685,0.00517021787426834,"WBGene00045013","WBGene00045013",NA
"WBGene00045036",11.2242073531059,-2.52408129918552,0.826566074111656,-3.05369573980913,0.00226041206066913,0.00872012674308875,"WBGene00045036","WBGene00045036",NA
"WBGene00045058",55.6586045150591,1.73071895496728,0.518348718987651,3.33890852155943,0.000841082571665413,0.00371495463436766,"WBGene00045058","WBGene00045058",NA
"WBGene00045077",19.4404376162771,2.18924113077224,0.721185928485465,3.03561265452001,0.00240047529515962,0.00916399396199691,"WBGene00045077","WBGene00045077",NA
"WBGene00045183",13.7539460011629,3.33689036334786,0.801404804199685,4.16380129724854,3.12992527501381e-05,0.000211718040491114,"WBGene00045183","WBGene00045183",NA
"WBGene00045245",224.158782886425,-1.20580771196173,0.345484440195058,-3.49019397597455,0.000482670064991976,0.00229806903362102,"WBGene00045245","WBGene00045245",NA
"WBGene00045247",12.6244488394766,-3.18856001473619,1.24167856578129,-2.56794318804229,0.0102303921200363,0.0316568509572804,"WBGene00045247","WBGene00045247",NA
"WBGene00045252",21.8330133846464,-1.83618108173089,0.633860001299852,-2.89682434286033,0.00376960756384172,0.0134369642874175,"WBGene00045252","WBGene00045252",NA
"WBGene00045261",242.140486931158,1.94449688951791,0.317535134418084,6.12372200349233,9.14143350020958e-10,1.74910989315255e-08,"WBGene00045261","WBGene00045261",NA
"WBGene00045271",104.695756034804,-1.30325103302761,0.448106252978828,-2.90835270510984,0.00363338292836236,0.0130285855983651,"WBGene00045271","WBGene00045271",NA
"WBGene00045272",124.901479306381,1.26333036031971,0.444319577980997,2.84329213234386,0.004465012414417,0.0155389389917853,"WBGene00045272","WBGene00045272",NA
"WBGene00045305",117.040289426683,1.51876853658875,0.297233882552052,5.10967499246247,3.22713468227414e-07,3.6549473861921e-06,"WBGene00045305","WBGene00045305",NA
"WBGene00045306",12.981049667653,-3.77704394003317,1.21067676943054,-3.11977898263446,0.00180986783170191,0.00719567202184016,"WBGene00045306","WBGene00045306",NA
"WBGene00045322",13.4587969116544,-2.69188475040074,1.03220260577121,-2.60790346328325,0.00910986420527553,0.028724308203398,"WBGene00045322","WBGene00045322",NA
"WBGene00045338",29.9646447471559,-1.84718030658825,0.440017011968157,-4.19797475176238,2.69312648441552e-05,0.000185955830153387,"WBGene00045338","WBGene00045338",NA
"WBGene00045355",115.018117001773,-4.60558425624876,1.44428048741239,-3.18884336968386,0.0014284325207854,0.00586852141982918,"WBGene00045355","WBGene00045355",NA
"WBGene00045379",15.1647627318312,2.34232539917924,0.696608599718692,3.3624698290046,0.000772485671623038,0.00345359327635536,"WBGene00045379","WBGene00045379",NA
"WBGene00045392",29.9725663374451,-1.57248545363226,0.495995430768674,-3.17036278176048,0.00152248722558525,0.00621030534112155,"WBGene00045392","WBGene00045392",NA
"WBGene00045405",15.9348759973431,-2.29558365518371,0.805308445333177,-2.85056448679607,0.00436416997622268,0.0152363266793435,"WBGene00045405","WBGene00045405",NA
"WBGene00045411",13.1282561670258,2.16295019135354,0.743334604886646,2.90979348618295,0.00361667644595311,0.0129751898699819,"WBGene00045411","WBGene00045411",NA
"WBGene00045416",63.30980621546,-1.74659311406166,0.376934267832163,-4.63368089111854,3.59220584848033e-06,3.15570978440869e-05,"WBGene00045416","WBGene00045416",NA
"WBGene00045457",48.7607617287119,1.72551049215167,0.457642271051167,3.77043512214969,0.000162963164781884,0.000891401651062944,"WBGene00045457","WBGene00045457",NA
"WBGene00045474",20.4343157920718,4.05401796296424,0.93600264330121,4.33120354090671,1.48296515481102e-05,0.000109145319040751,"WBGene00045474","WBGene00045474",NA
"WBGene00045484",25.8745187199396,-1.90976811744776,0.684112203625649,-2.79160071597377,0.0052448032248172,0.0178443162324,"WBGene00045484","WBGene00045484",NA
"WBGene00050903",17.5668598027616,4.31758665254415,0.882369096544293,4.89317528169735,9.92219620119264e-07,1.00866251994059e-05,"WBGene00050903","WBGene00050903",NA
"WBGene00050904",53.5068531203801,-2.76294430067055,0.483254325481229,-5.71737107147295,1.08184700808729e-08,1.70671515304543e-07,"WBGene00050904","WBGene00050904",NA
"WBGene00050913",19.1167318510067,-3.32174800103925,0.928803622931799,-3.57637278648208,0.000348394736837117,0.00172963041806631,"WBGene00050913","WBGene00050913",NA
"WBGene00050915",15.6772378297627,-6.20160930959869,1.48872345375193,-4.16572285065381,3.10367572136932e-05,0.000210540280424925,"WBGene00050915","WBGene00050915",NA
"WBGene00050943",61.5486094459081,-2.44261302533671,0.406345727234294,-6.0111694589773,1.84189745351141e-09,3.31147676767782e-08,"WBGene00050943","WBGene00050943",NA
"WBGene00050956",44.6814011191907,-5.30950659119033,0.875185351950383,-6.06672241412393,1.30546898764565e-09,2.42011261224634e-08,"WBGene00050956","WBGene00050956",NA
"WBGene00050957",62.1898512595792,-1.29494580486905,0.313994027698104,-4.12410966655105,3.7217155062885e-05,0.000244910127676711,"WBGene00050957","WBGene00050957",NA
"WBGene00077490",27.7875243430202,6.63666392790766,0.937079074491315,7.08228804651338,1.41793536819183e-12,4.27564350581558e-11,"WBGene00077490","WBGene00077490",NA
"WBGene00077519",40.6424676052187,-6.04109973551916,0.966665745154872,-6.24941947699957,4.11981072537715e-10,8.48479174320109e-09,"WBGene00077519","WBGene00077519",NA
"WBGene00077521",19.3889675973999,-1.63599522223788,0.605250566153228,-2.70300486067403,0.00687157414963418,0.022522261862727,"WBGene00077521","WBGene00077521",NA
"WBGene00077525",31.7460487969291,-1.93312539463404,0.578371472174664,-3.34235951743182,0.000830693920358654,0.00367588489278212,"WBGene00077525","WBGene00077525",NA
"WBGene00077563",11.1627467305457,-4.8903186762996,1.51251703910752,-3.23323212225443,0.00122398066111665,0.005140804394564,"WBGene00077563","WBGene00077563",NA
"WBGene00077569",17.0330167729142,-4.5575767596346,0.996429155057408,-4.57390948117332,4.78706721507895e-06,4.03905263902736e-05,"WBGene00077569","WBGene00077569",NA
"WBGene00077593",65.9085106230408,1.82753652693368,0.515569329209068,3.54469597665418,0.00039306617797356,0.00191883126764842,"WBGene00077593","WBGene00077593",NA
"WBGene00077701",141.593731279699,-1.18061964738828,0.305077746491218,-3.8698976276274,0.000108881063807085,0.000628109942788929,"WBGene00077701","WBGene00077701",NA
"WBGene00077764",338.660477026304,-2.67368468273831,0.393632774977906,-6.79233248016092,1.10334901845391e-11,2.97550330580409e-10,"WBGene00077764","WBGene00077764",NA
"WBGene00077770",140.406724695058,-1.88300095259849,0.387184702071165,-4.86331444017742,1.15436243506732e-06,1.15218591371628e-05,"WBGene00077770","WBGene00077770",NA
"WBGene00077783",53.0819948759349,-2.3889122615893,0.638433287468732,-3.74183537807198,0.000182681173803014,0.000983821408126029,"WBGene00077783","WBGene00077783",NA
"WBGene00086554",37.3217850074723,-4.99248651327152,1.0449189763254,-4.77786950604367,1.77162288961925e-06,1.68699573359947e-05,"WBGene00086554","WBGene00086554",NA
"WBGene00086555",10.4285677016006,3.17057627432243,0.951783372039219,3.33119527769159,0.000864739174528971,0.00381002374276898,"WBGene00086555","WBGene00086555",NA
"WBGene00086557",13.2365150357018,-1.45050661613508,0.568224077810753,-2.55270178223276,0.0106890973816103,0.03291238019719,"WBGene00086557","WBGene00086557",NA
"WBGene00138721",11.7400191566127,-3.42286640553681,0.997764523470355,-3.43053528665424,0.000602391618271774,0.002789110268856,"WBGene00138721","WBGene00138721",NA
"WBGene00164968",31.2401439317369,-1.11161575231369,0.432174463627689,-2.57214584818997,0.0101070303408949,0.0313721038312192,"WBGene00164968","WBGene00164968",NA
"WBGene00175035",19.8610477836104,-3.37464974867836,0.948200261391765,-3.55900529253711,0.000372262030955799,0.00183032033314456,"WBGene00175035","WBGene00175035",NA
"WBGene00185005",38.3197368115802,-1.24460398428415,0.43285652181901,-2.87532686132093,0.00403609434848633,0.0142228541723163,"WBGene00185005","WBGene00185005",NA
"WBGene00185092",25.4201581116114,-1.42712699754188,0.476254051158919,-2.99656663091706,0.0027303856133334,0.0102401998350497,"WBGene00185092","WBGene00185092",NA
"WBGene00189952",20.9570705795247,-2.34587360646865,0.790805329844704,-2.96643626179066,0.00301272800479751,0.0111211057263871,"WBGene00189952","WBGene00189952",NA
"WBGene00194658",15.5499303710575,7.33522144831919,1.31468222860543,5.57946345414597,2.41261627378283e-08,3.52953166849313e-07,"WBGene00194658","WBGene00194658",NA
"WBGene00194663",30.7942585297684,-2.20479332655496,0.480313773570444,-4.59031876218225,4.42569600611825e-06,3.76975405336401e-05,"WBGene00194663","WBGene00194663",NA
"WBGene00194700",52.9007851774105,-5.3266500504766,0.846629620817368,-6.29159424558528,3.14221945688258e-10,6.60466804370922e-09,"WBGene00194700","WBGene00194700",NA
"WBGene00194703",294.041128654605,-4.59509240757637,1.50420011890063,-3.05484114104098,0.00225179760636901,0.00870098491155238,"WBGene00194703","WBGene00194703",NA
"WBGene00194717",28.6867633924354,-3.56069804908045,0.742390701420412,-4.79625895403564,1.61656275018011e-06,1.55488098171766e-05,"WBGene00194717","WBGene00194717",NA
"WBGene00194769",38.3223208108802,-3.04037052001902,0.537851244512682,-5.65280930561709,1.5784639857203e-08,2.3950091027495e-07,"WBGene00194769","WBGene00194769",NA
"WBGene00194816",22.4730511445188,-4.73297022720154,1.2065166047505,-3.92283886402067,8.75116827630903e-05,0.000518146015630841,"WBGene00194816","WBGene00194816",NA
"WBGene00194894",14.6313203993607,-4.26386999021675,1.30805031540361,-3.25971404922685,0.0011152459140498,0.0047398780402955,"WBGene00194894","WBGene00194894",NA
"WBGene00194908",14.4783465753073,-2.90806185962898,0.800888870421089,-3.6310429162288,0.000282278235845099,0.00143887404598217,"WBGene00194908","WBGene00194908",NA
"WBGene00194912",18.1003621463598,-6.70566161430185,1.44690320320899,-4.6344922033691,3.57814719062569e-06,3.14529260735627e-05,"WBGene00194912","WBGene00194912",NA
"WBGene00194985",28.0554655320655,-1.37856287801307,0.454410531277567,-3.0337388399368,0.00241543429207424,0.00921371826437606,"WBGene00194985","WBGene00194985",NA
"WBGene00195176",21.247697816537,-1.42234004093766,0.510867047359808,-2.78416869572701,0.00536651146073158,0.0182195729729625,"WBGene00195176","WBGene00195176",NA
"WBGene00195183",36.1346898021842,-1.53997425665737,0.343833289135527,-4.47883990677344,7.50497914195665e-06,6.03691130294102e-05,"WBGene00195183","WBGene00195183",NA
"WBGene00195233",18.5855848414723,-1.2505462380478,0.461504799466815,-2.70971448074338,0.00673411499940729,0.0221215136029714,"WBGene00195233","WBGene00195233",NA
"WBGene00206354",33.0054229075187,-2.81099821076683,0.624374413923118,-4.50210346241537,6.72842114376964e-06,5.47349592532154e-05,"WBGene00206354","WBGene00206354",NA
"WBGene00206380",41.5586105210801,1.31814186222476,0.376805828399693,3.49819923917567,0.000468411067413637,0.00223913022961308,"WBGene00206380","WBGene00206380",NA
"WBGene00206484",25.6821783989517,-1.97441861528024,0.484555031508921,-4.07470459883954,4.60727921452573e-05,0.000294903008567919,"WBGene00206484","WBGene00206484",NA
"WBGene00206519",16.0947809543187,2.82307929753733,0.924443405375627,3.05381517259051,0.00225951241008118,0.00871901156612779,"WBGene00206519","WBGene00206519",NA
"WBGene00206522",15.2789858552344,-1.4805266256737,0.548614920512754,-2.69866270550927,0.00696186969393552,0.0227650431332465,"WBGene00206522","WBGene00206522",NA
"WBGene00219216",32.6582461310078,-1.42264543115263,0.58824431011746,-2.4184601647376,0.0155863520519287,0.0449507122433852,"WBGene00219216","WBGene00219216",NA
"WBGene00219217",21.3624563135717,2.68962465466809,0.760478064635531,3.53675507518698,0.000405075130513182,0.00197534590256735,"WBGene00219217","WBGene00219217",NA
"WBGene00219271",13.1500479275821,-1.69046078366003,0.599528333160083,-2.81965119938484,0.0048075875774671,0.0165617857904886,"WBGene00219271","WBGene00219271",NA
"WBGene00219286",21.0761393294632,-2.24248775766655,0.782093492181101,-2.86728860434921,0.00414005283451293,0.014553314108139,"WBGene00219286","WBGene00219286",NA
"WBGene00219307",43.5678426755358,-1.14728237078884,0.44262423028528,-2.59200082663661,0.00954195423165901,0.0298479907135011,"WBGene00219307","WBGene00219307",NA
"WBGene00219308",22.6113766639256,-3.34172916412173,0.669878405750194,-4.98856081258411,6.0830763272277e-07,6.44517494033103e-06,"WBGene00219308","WBGene00219308",NA
"WBGene00219313",416.624212793078,1.78129053647387,0.507226739700664,3.51182301139149,0.000445044274025973,0.00214031554799907,"WBGene00219313","WBGene00219313",NA
"WBGene00219326",28.7265454708332,-6.34939523761756,1.29141327176943,-4.91662535643444,8.80488243220836e-07,9.08651152372231e-06,"WBGene00219326","WBGene00219326",NA
"WBGene00219571",16.4726382060134,-1.94904730806922,0.633066067471907,-3.07874234335852,0.00207876380677728,0.00811464154786958,"WBGene00219571","WBGene00219571",NA
"WBGene00219796",32.0139932202182,2.76431512657465,0.527628687265846,5.23912970103888,1.61335623899711e-07,1.97428944554671e-06,"WBGene00219796","WBGene00219796",NA
"WBGene00220259",16.7119793392574,-2.53426894840858,0.826199167983588,-3.06738259564421,0.00215942269937396,0.00838940707859527,"WBGene00220259","WBGene00220259",NA
"WBGene00235094",22.6952870109026,2.55733060014757,0.658760440536978,3.8820342612908,0.000103586278442631,0.000601120047819943,"WBGene00235094","WBGene00235094",NA
"WBGene00235133",16.6156213698066,-2.08252107134021,0.640288480066509,-3.25247312137162,0.00114405415643609,0.00484646296915858,"WBGene00235133","WBGene00235133",NA
"WBGene00235267",38.6948387904915,2.36396525106793,0.530941801260431,4.45239995316999,8.49158087001753e-06,6.70506585267674e-05,"WBGene00235267","WBGene00235267",NA
"WBGene00235272",19.106181158551,1.82841011327816,0.768979649414673,2.37770936418135,0.0174205504281404,0.0493068311156954,"WBGene00235272","WBGene00235272",NA
"WBGene00235293",12.1363319936454,-3.46667231627918,0.85650484423312,-4.04746375881049,5.17755953351589e-05,0.000326291262841899,"WBGene00235293","WBGene00235293",NA
"WBGene00235300",13.3887348193393,-7.31444552545796,1.45024119586922,-5.04360622653114,4.56838959449103e-07,4.98442690641681e-06,"WBGene00235300","WBGene00235300",NA
"WBGene00235340",37.5472975625616,-1.66201773971704,0.45879337738613,-3.62258441738196,0.000291674227580454,0.00148179036579101,"WBGene00235340","WBGene00235340",NA
"WBGene00235352",26.741802165758,-2.03995142860556,0.643624624791585,-3.1694738672656,0.00152715190403122,0.00622577928246383,"WBGene00235352","WBGene00235352",NA
"WBGene00235383",15.3198321797697,-4.67996428992919,1.19296626863164,-3.92296447350285,8.74660528755335e-05,0.000518090465706589,"WBGene00235383","WBGene00235383",NA
"WBGene00235387",14.1055432148634,-1.59290619631964,0.608479507842643,-2.61784690493073,0.00884864948008703,0.0280554008471348,"WBGene00235387","WBGene00235387",NA
"WBGene00255375",220.000559041249,-4.24120046009754,1.25592645186684,-3.3769497041752,0.000732944509978677,0.00330681056853701,"WBGene00255375","WBGene00255375",NA
"WBGene00255600",21.6844222782288,-1.39728494946111,0.43237785176895,-3.23162933472314,0.00123086607366928,0.00516219741518633,"WBGene00255600","WBGene00255600",NA
"WBGene00269337",12.7904463380837,-4.34472114531859,1.206557641062,-3.6009229873961,0.000317089499477916,0.00159246669572658,"WBGene00269337","WBGene00269337",NA
"WBGene00269379",10.8805208873833,-3.64505003526587,1.22154379505306,-2.98396999765983,0.00284534670207918,0.0106128758906101,"WBGene00269379","WBGene00269379",NA
"WBGene00269394",12.5074112354804,-6.07769781385758,1.38587633004016,-4.38545466295788,1.15743764303299e-05,8.75304562532832e-05,"WBGene00269394","WBGene00269394",NA
"WBGene00271815",18.2608854716474,-4.93901517950269,1.4833136392814,-3.32971736300856,0.000869341801817697,0.00382676389694498,"WBGene00271815","WBGene00271815",NA
"WBGene00271819",22.5194392044327,-5.43582772689091,1.18993581414202,-4.56816885607424,4.92003609144745e-06,4.13902741936777e-05,"WBGene00271819","WBGene00271819",NA
"WBGene00271824",27.4198372552094,2.56518754359915,0.760816754638242,3.37162336129001,0.000747265642791934,0.00335764471311698,"WBGene00271824","WBGene00271824",NA
"WBGene00284847",148.432924678356,2.70285500556932,0.488656663344252,5.53119441178109,3.18057573798375e-08,4.55510711653323e-07,"WBGene00284847","WBGene00284847",NA
"WBGene00284850",10.3408682163867,-3.63941928994579,1.16093616346641,-3.1349004402438,0.00171912445280182,0.00689821611563626,"WBGene00284850","WBGene00284850",NA
"WBGene00302974",60.1811602669857,4.23310569688288,0.701576162837092,6.03370798654945,1.60239516503744e-09,2.92877673834784e-08,"WBGene00302974","WBGene00302974",NA
"WBGene00302993",13.7078919448493,2.65470206501442,0.832843998117301,3.18751419355311,0.00143501414745435,0.00589386701424282,"WBGene00302993","WBGene00302993",NA
"WBGene00303058",22.8118917096285,3.07852749779382,0.868173229794223,3.54598298144197,0.000391151467614464,0.00191135997491061,"WBGene00303058","WBGene00303058",NA
"WBGene00303233",16.171561801135,-4.26729362473218,0.896579108067859,-4.75952828515965,1.94045931797408e-06,1.81392969468957e-05,"WBGene00303233","WBGene00303233",NA
"WBGene00304173",15.5473285341914,2.09132303358875,0.847753191799037,2.46690080771115,0.0136288105557787,0.0401559656305389,"WBGene00304173","WBGene00304173",NA
