"","baseMean","log2FoldChange","lfcSE","stat","pvalue","padj","sgd","systematic","genename"
"S000029717",3736.82780548423,-1.91478845631511,0.626964744387094,-3.05406081196314,0.00225766311499241,0.00644847704713914,"S000029717","S000029717","ETS1-1"
"S000029707",3717.47985387149,-1.91478626303779,0.625459554519058,-3.06140700738059,0.00220299410963073,0.00631329249599554,"S000029707","S000029707","ETS1-2"
"S000178119",3185.39671688781,-3.4291664464026,0.39942576473938,-8.58524098624455,9.06462119930443e-18,3.03211579116733e-16,"S000178119","S000178119","IRT1"
"S000029715",151.562849866501,-2.80269945121808,0.60892947913388,-4.60266672456807,4.17115413047991e-06,2.59179762844371e-05,"S000029715","S000029715","ITS1-1"
"S000029709",151.562849866501,-2.80269945121808,0.60892947913388,-4.60266672456807,4.17115413047991e-06,2.59179762844371e-05,"S000029709","S000029709","ITS1-2"
"S000029716",53.012111702459,-2.75633321518131,0.804801121226815,-3.42486254365506,0.000615110545124701,0.00208887794258084,"S000029716","S000029716","ITS2-1"
"S000029712",53.012111702459,-2.75633321518131,0.804801121226815,-3.42486254365506,0.000615110545124701,0.00208887794258084,"S000029712","S000029712","ITS2-2"
"S000007260",12.3772997358867,1.66025186073525,0.717350883011424,2.31442087833718,0.0206446467309215,0.0429595697828889,"S000007260","S000007260","COX1"
"S000007261",43.3817846497885,2.17815658955704,0.60833006709102,3.58055060466236,0.000342870928147584,0.00124889646604755,"S000007261","S000007261","AI1"
"S000007262",25.9793291531659,1.51198916887072,0.656855666553877,2.30185906259013,0.02134312148429,0.0441149792162411,"S000007262","S000007262","AI2"
"S000007273",85.3955642534725,-3.13945991722054,0.681228738691965,-4.60852535852885,4.05534920187961e-06,2.54081764250959e-05,"S000007273","S000007273","BI4"
"S000144908",2292.91101848665,-1.02193494420698,0.269471644247625,-3.79236541588728,0.000149219123562828,0.000598566517636099,"S000144908","S000144908","RME2"
"S000144910",253.36322152133,-1.19002543655859,0.18283232325129,-6.50883506480955,7.57358210990128e-11,1.10680917193484e-09,"S000144910","S000144910","RME3"
"S000028470",42635.6639261714,-1.0434751062243,0.321589745818853,-3.244739982512,0.00117557913835448,0.00365796485376349,"S000028470","S000028470","RUF5-1"
"S000007497",45.2160874879465,1.50831191603089,0.635836598741131,2.37216907459737,0.0176839964467557,0.0377840108608644,"S000007497","S000007497","SNR30"
"S000119075",556.447093282269,-1.05911776277645,0.42025055526907,-2.52020550478115,0.0117286336336769,0.0266242497646608,"S000119075","S000119075","SNR86"
"S000002136",2783.07517104988,1.21724774923699,0.236266212910172,5.15201786257854,2.57698483152094e-07,2.04427215686266e-06,"S000002136","S000002136",NA
"S000000004",22569.2702888114,1.21659013801772,0.209171183417017,5.81624159764037,6.01854626150597e-09,6.37987095783934e-08,"S000000004","S000000004","SSA1"
"S000000005",195.791054525283,1.20634599701291,0.26201252193457,4.6041539851067,4.14145958183133e-06,2.57866888750842e-05,"S000000005","S000000005","ERP2"
"S000000006",1112.93188822778,-1.29778912438309,0.15711059862228,-8.26035376202207,1.45241363886269e-16,4.18420216248432e-15,"S000000006","S000000006","FUN14"
"S000000010",730.509993036141,2.51086441258401,0.295731012276421,8.49036559695366,2.05988056014507e-17,6.59709619820928e-16,"S000000010","S000000010","CYS3"
"S000000016",29.2910297515288,-4.91409819962769,0.798191726604868,-6.15653863079984,7.4352044722e-10,9.32653460981588e-09,"S000000016","S000000016","LDS1"
"S000000021",954.575285010164,1.4266933876084,0.20606245313637,6.92359702553007,4.40317317823897e-12,7.89032907921929e-11,"S000000021","S000000021","PMT2"
"S000028730",44.0927485171115,1.21915751989564,0.33615860444205,3.62673304739343,0.000287029766566253,0.00106877317532184,"S000028730","S000028730",NA
"S000000026",416.350288753079,-1.07849929628338,0.312776208626653,-3.4481500399883,0.000564440394414928,0.00193756876554862,"S000000026","S000000026","FRT2"
"S000000027",452.57694736129,1.28441033898948,0.231819568043193,5.540560487759,3.01505071131157e-08,2.79286466658568e-07,"S000000027","S000000027","MYO4"
"S000002134",3215.42033076092,-1.04367438584957,0.433171622826403,-2.40937847922653,0.0159797167129394,0.0345223804551876,"S000002134","S000002134","FUN19"
"S000000032",49.5329133198097,1.66166085711095,0.352878223341498,4.7088790047066,2.49082866865448e-06,1.6462436239263e-05,"S000000032","S000000032","MTW1"
"S000000034",384.367117688053,1.20696898586979,0.403819381580844,2.988883250588,0.00279999098955397,0.00774402652646047,"S000000034","S000000034","RBG1"
"S000000038",359.896498295309,2.22219867961507,0.334906737454736,6.63527612643328,3.23895619408027e-11,5.05226819807183e-10,"S000000038","S000000038","CLN3"
"S000000044",104.944338882963,1.02063575098511,0.257638196101903,3.96150790693094,7.44779152368828e-05,0.000327322282949833,"S000000044","S000000044","BOL3"
"S000000050",16934.0316008188,-3.50061557806713,0.650609328229105,-5.38051857878439,7.42715730954939e-08,6.44364757360185e-07,"S000000050","S000000050","ACS1"
"S000000056",2661.77966838186,-1.35571572637665,0.417711530077624,-3.24557889537959,0.00117212080811399,0.00365097743696552,"S000000056","S000000056","BDH1"
"S000000057",8105.76077857224,-1.2718152300729,0.429536330429318,-2.96090258256324,0.00306738944621768,0.00834557246076667,"S000000057","S000000057","BDH2"
"S000000058",9529.49367003914,-2.23521498321647,0.334678139798768,-6.67870027173104,2.41070624736648e-11,3.83991066544803e-10,"S000000058","S000000058","GDH3"
"S000000059",906.203491549383,-1.07904242825666,0.189826924957056,-5.68434866919308,1.3131213666045e-08,1.29399406682908e-07,"S000000059","S000000059","FLO9"
"S000000070",717.111741547593,1.61031317929692,0.199253994028418,8.08171091951739,6.38643518812744e-16,1.75583224966737e-14,"S000000070","S000000070","ADE1"
"S000000071",63.685897933386,3.05458487546271,0.271688610934577,11.2429625406648,2.50821205212886e-29,1.81951141757444e-27,"S000000071","S000000071","KIN3"
"S000000076",245.074087147375,1.27660020466233,0.326449496483431,3.91055957633288,9.20825435512437e-05,0.000396020710515742,"S000000076","S000000076",NA
"S000000080",7854.09531447885,-2.00478596734784,0.529597777771609,-3.78548787682491,0.000153407313214884,0.000612104329268929,"S000000080","S000000080","YAT1"
"S000000081",1336.25832906969,-1.45443028677379,0.455689278812322,-3.19171495665757,0.00141430829675408,0.00428563173364687,"S000000081","S000000081","SWH1"
"S000002144",18.6774698955724,-2.88050163049229,0.570120049806859,-5.05244751779581,4.36184231914165e-07,3.28283157544398e-06,"S000002144","S000002144",NA
"S000000091",13.2638158342196,-1.72582143021115,0.588796593878698,-2.93109954804986,0.00337764526119297,0.009054675920589,"S000000091","S000000091",NA
"S000000098",450.245246676024,1.76471833927785,0.404788788621191,4.35960280740213,1.30298728450534e-05,7.08670107980041e-05,"S000000098","S000000098","HTB2"
"S000000099",359.482776365649,1.06836947030748,0.386605188657158,2.76346386870381,0.00571914238489354,0.014282437287202,"S000000099","S000000099","HTA2"
"S000000105",149.191595012858,2.51585376024159,0.285096992798527,8.82455383182348,1.09897061834266e-18,4.05944913683508e-17,"S000000105","S000000105","ALK2"
"S000000106",66.9940905407967,1.11483242224193,0.369030552232708,3.02097594764707,0.002519613739406,0.00707913874240015,"S000000106","S000000106",NA
"S000000125",914.095626202214,-1.31260611572008,0.325844918691809,-4.02831543603592,5.61779372508789e-05,0.000256248000142077,"S000000125","S000000125",NA
"S000000126",3276.18232774955,1.43824080135619,0.173665910490286,8.28165295823351,1.21477171443511e-16,3.53340120416125e-15,"S000000126","S000000126","PET9"
"S000000127",64.9987754560866,2.78484867366772,0.439887251180017,6.33082378768022,2.43855712562254e-10,3.24835231269321e-09,"S000000127","S000000127","SHE1"
"S000000135",365.264951753711,2.66397218547136,0.431218306186576,6.17778082992314,6.5008873546716e-10,8.22307621060456e-09,"S000000135","S000000135","URA7"
"S000000144",55.1925472434166,-1.20965278100962,0.365838235945721,-3.30652365486776,0.00094461374482559,0.00301725164859145,"S000000144","S000000144","RRT1"
"S000000145",1323.25960970307,-1.85862165335113,0.242240202496941,-7.67263911684767,1.68493054316899e-14,4.12397024407337e-13,"S000000145","S000000145","MOH1"
"S000000151",309.567878357801,1.2192729653422,0.214152916752051,5.69346887184307,1.24483920114075e-08,1.23682785974727e-07,"S000000151","S000000151",NA
"S000000162",1367.64949222512,-1.10929322307032,0.459853864668453,-2.41227335094836,0.015853390745438,0.0342986940992749,"S000000162","S000000162","SEF1"
"S000000163",1437.05178977855,-1.77702539626471,0.408616420456605,-4.34888395889473,1.36832086156792e-05,7.38231174507209e-05,"S000000163","S000000163","UBP13"
"S000000165",474.829590908761,1.98794322981965,0.263061040661686,7.5569655803813,4.12581088129058e-14,9.70371379541037e-13,"S000000165","S000000165","AST1"
"S000000166",14.6887346439607,1.45407810762149,0.635290102698466,2.2888411159644,0.0220885855758601,0.0454374355149483,"S000000166","S000000166",NA
"S000000171",31711.5224101874,-2.60533282645611,0.256085114699191,-10.1736988091496,2.59849596383086e-24,1.40950848632663e-22,"S000000171","S000000171","SSA3"
"S000000172",2435.49485229994,1.34324801221961,0.293014406218692,4.58423880775702,4.5564325196905e-06,2.78520611178238e-05,"S000000172","S000000172","ILS1"
"S000000173",294.667881200426,1.44462219950193,0.274152777214379,5.26940567292625,1.36866181366267e-07,1.13352307841306e-06,"S000000173","S000000173",NA
"S000000177",112.837752977946,3.25779171976471,0.377938814888763,8.61989187515329,6.70173644008998e-18,2.27972627716281e-16,"S000000177","S000000177",NA
"S000000179",25.0618423318135,2.05282717111621,0.555917203980372,3.6926850912653,0.000221898729742267,0.000848513763594654,"S000000179","S000000179",NA
"S000000180",873.731727702374,-1.26617755744281,0.239501746458631,-5.2867153420174,1.2453219743448e-07,1.04140050104584e-06,"S000000180","S000000180","CDC27"
"S000000181",452.642844700721,1.3938636522242,0.199809794806333,6.97595257317198,3.03805210557861e-12,5.57686333161244e-11,"S000000181","S000000181","BOI1"
"S000000182",920.157695539591,-1.35786204249143,0.207169368906086,-6.55435718929555,5.58820641597578e-11,8.41164770764754e-10,"S000000182","S000000182",NA
"S000000188",3098.75919727707,1.07263404337537,0.366904196819544,2.92347172006573,0.00346151667358747,0.0092302001291719,"S000000188","S000000188","RPL32"
"S000000193",66.3319866628218,1.27606006683714,0.366443699286505,3.48228136906633,0.000497161007033252,0.00173732235829786,"S000000193","S000000193","BRN1"
"S000000201",1892.17965049369,-1.04023321141986,0.270783727925264,-3.84156470327848,0.000122252499948125,0.000507993307237862,"S000000201","S000000201","PKC1"
"S000000202",473.284168702769,-1.35469524166244,0.250174881071344,-5.41499304750789,6.12910873817651e-08,5.41899613987677e-07,"S000000202","S000000202","SRO77"
"S000000205",1625.83974014285,-1.10755042068737,0.259568832810801,-4.26688523692928,1.98221062268251e-05,0.000102533420611438,"S000000205","S000000205","NTH2"
"S000000208",541.943175429265,1.55848832611426,0.509727799337901,3.05749132799627,0.00223198099533272,0.00638549641003372,"S000000208","S000000208","GPI18"
"S000000216",13.2821306268077,2.59103140140478,0.679552586628099,3.81284900151927,0.000137374047102724,0.000558871038922636,"S000000216","S000000216",NA
"S000000222",68.0878373082196,-3.56785379331183,0.368705206266274,-9.67671118463996,3.78702493363826e-22,1.74058604010962e-20,"S000000222","S000000222","GAL7"
"S000000223",270.595528696602,-1.74988568762094,0.361665038210168,-4.83841539199057,1.30878387572445e-06,9.05768702958262e-06,"S000000223","S000000223","GAL10"
"S000000224",229.130448804834,-2.16044815133325,0.437042012683716,-4.94334203264974,7.6794578906796e-07,5.50452570949784e-06,"S000000224","S000000224","GAL1"
"S000000230",3892.97160954385,-1.76580480201142,0.509618134505199,-3.46495676360866,0.000530316731117704,0.00183719047069027,"S000000230","S000000230","ETR1"
"S000000233",417.967300792665,2.36509345752116,0.231766941238139,10.20461954102,1.89060654522332e-24,1.054013148962e-22,"S000000233","S000000233","CDS1"
"S000000234",166.201206143454,1.661099888617,0.416170694863045,3.99139081420338,6.56869293674112e-05,0.000293616185390633,"S000000234","S000000234","RKM3"
"S000000235",6568.2460247234,1.6397162785505,0.313762960427444,5.2259714668573,1.73243076006033e-07,1.40958994680044e-06,"S000000235","S000000235","RPL4A"
"S000000238",392.204540650397,1.37191288330295,0.585231091563154,2.34422419293986,0.0190667065582779,0.0402385699920755,"S000000238","S000000238","HMT1"
"S000000242",265.22009452513,1.01001666260403,0.222111148723617,4.54734788599396,5.43261584036564e-06,3.22900098468327e-05,"S000000242","S000000242","CHS2"
"S000000244",18.4991697951633,-2.47841230533309,0.422814012872363,-5.8617080557386,4.58129980169573e-09,4.96115217733993e-08,"S000000244","S000000244","FIG1"
"S000000247",1064.41008186165,-1.24381160441221,0.35238505895794,-3.52969449979055,0.000416039771385763,0.00147821626290437,"S000000247","S000000247","QDR3"
"S000000249",654.762729985183,-1.5517191937018,0.591139035438381,-2.62496485712716,0.00866579109586872,0.0204855626965942,"S000000249","S000000249","GIP1"
"S000000250",3598.05406427862,-1.14713694623668,0.505634556086336,-2.26870757235352,0.0232861148139473,0.0474308854177189,"S000000250","S000000250","ZTA1"
"S000000252",1320.13975838649,1.70031906173316,0.375093857878224,4.53304959817597,5.813815683633e-06,3.441984683496e-05,"S000000252","S000000252","RPS11B"
"S000000254",887.536851821822,-1.8315078159884,0.184374280056238,-9.9336405025134,2.97202237133906e-23,1.46676612277316e-21,"S000000254","S000000254","REG2"
"S000000255",71.8309482499422,-1.68565746686081,0.234612067305246,-7.18487112032332,6.72706128390701e-13,1.35463665519746e-11,"S000000255","S000000255",NA
"S000028736",18.0803138732557,7.06139473807408,1.31415991371718,5.3733146661737,7.73022550820438e-08,6.6777170423097e-07,"S000028736","S000028736",NA
"S000000270",150.180216407322,2.84186229199221,0.351666493389722,8.08112898274563,6.41698942469958e-16,1.75621333300528e-14,"S000000270","S000000270","NRG2"
"S000000282",2864.04966866941,3.03909301979019,0.314096392888467,9.675669917258,3.82577729516056e-22,1.7450761434971e-20,"S000000282","S000000282","ECM33"
"S000000286",845.46054466087,1.53246893558892,0.487239377895289,3.14520747934757,0.00165969079005733,0.00493481394910379,"S000000286","S000000286","UBC4"
"S000000288",457.312742512659,2.591361433362,0.384787455466842,6.73452680576096,1.64464282624029e-11,2.70557225595431e-10,"S000000288","S000000288","MIS1"
"S000000292",528.653428373233,1.11649786443802,0.234304828891283,4.76515089219981,1.88712371794493e-06,1.26812186448063e-05,"S000000292","S000000292","POL30"
"S000000293",391.13525296008,1.10060535093716,0.214747376808437,5.12511662444634,2.97353630230851e-07,2.32213515904015e-06,"S000000293","S000000293",NA
"S000000296",237.984267884995,2.27726774098608,0.346577260306225,6.57073617286362,5.00671023996822e-11,7.5933003412717e-10,"S000000296","S000000296","PHO3"
"S000000297",2475.05250135048,4.94694877461823,0.230746996085057,21.4388436623231,5.80378888636344e-102,4.99208755497061e-99,"S000000297","S000000297","PHO5"
"S000000300",253.012621218785,1.75802433540876,0.219543646787774,8.00763019623241,1.16939917350398e-15,3.11546567418914e-14,"S000000300","S000000300",NA
"S000000310",1085.42716348009,1.11590984183709,0.417792457988861,2.67096693704999,0.00756330961908619,0.0181791166533006,"S000000310","S000000310","PHO88"
"S000000320",806.608631676469,-1.04883415781625,0.384812913510698,-2.72556902586143,0.00641907529633799,0.015826884667998,"S000000320","S000000320",NA
"S000000321",7338.26167365168,-1.0243908353912,0.395710617756687,-2.58873729797433,0.0096328550989744,0.0224195672790587,"S000000321","S000000321","TKL2"
"S000000325",1636.87157103819,1.47692160000426,0.427582396659858,3.45412161852666,0.000552088342634624,0.0019005854265312,"S000000325","S000000325","GRS1"
"S000000332",363.439466181399,-1.24199362366299,0.203709109540195,-6.09689780916708,1.08146604638962e-09,1.31545597279028e-08,"S000000332","S000000332","ATG14"
"S000000334",224.114927365106,1.48070072571956,0.307311196354128,4.81824529430187,1.44826253993615e-06,9.95432506045153e-06,"S000000334","S000000334","SHE3"
"S000000340",554.630328363752,-1.0870380395797,0.260168717904444,-4.17820423737087,2.93819757132481e-05,0.000144062602418133,"S000000340","S000000340","MEC1"
"S000000342",115.549302656218,1.14315226653996,0.262037505932474,4.36255207998563,1.28553970434992e-05,7.01743840425281e-05,"S000000342","S000000342",NA
"S000000344",2547.52866993813,-1.51269647822427,0.239013961592321,-6.32890425373741,2.46908251369598e-10,3.2817540430383e-09,"S000000344","S000000344","IRA1"
"S000000351",1138.54333072049,-1.2346002234012,0.14522065864328,-8.50154678360101,1.87080952361381e-17,6.05599147402082e-16,"S000000351","S000000351","RTC2"
"S000000353",3943.1325625909,-1.05159925840667,0.374419751783117,-2.80861053242675,0.00497557989609717,0.0126779376023703,"S000000353","S000000353","ARA1"
"S000000357",129.274414419633,1.05859697148135,0.243955696612858,4.33930007037825,1.42937238776109e-05,7.64075390501617e-05,"S000000357","S000000357","RIB7"
"S000000361",1113.91153862433,-2.65854970093245,0.328942036618953,-8.08212209135226,6.36493333064827e-16,1.75583224966737e-14,"S000000361","S000000361","ICS2"
"S000000362",594.97354987771,1.10717679697214,0.279533490415944,3.9608019608837,7.46984662103628e-05,0.000328052126223628,"S000000362","S000000362","AMN1"
"S000000364",270.792872938275,1.20180689094877,0.210278411038818,5.71531278466297,1.09502418689017e-08,1.10623164920566e-07,"S000000364","S000000364","CDC28"
"S000000366",1902.94593894868,3.61278402168606,0.284299051084822,12.7076893429664,5.35947568171443e-37,7.17097846213391e-35,"S000000366","S000000366","TOS1"
"S000002158",22.6246235686214,2.36450337698633,0.430144160445625,5.49700215513034,3.86301981034865e-08,3.54021952482637e-07,"S000002158","S000002158","YSY6"
"S000000371",98.9095465476847,-1.03303522782339,0.317986933911455,-3.24867193477531,0.00115945114720396,0.00361900225884658,"S000000371","S000000371","POP7"
"S000000372",244.535862124391,-1.38175030866619,0.253841132319822,-5.44336647114103,5.22829288816358e-08,4.69143837252354e-07,"S000000372","S000000372","PEX32"
"S000000379",86.7563218125884,1.32116142680165,0.385433537023922,3.42772825894402,0.000608654380073058,0.00207045650984174,"S000000379","S000000379","SWD3"
"S000000381",1104.14317567655,3.29217051152733,0.358360675185948,9.18675161502884,4.04883295730885e-20,1.60381731815504e-18,"S000000381","S000000381","EHT1"
"S000000386",261.268787011816,2.36997581223329,0.285820722766522,8.29182639136088,1.11522625202915e-16,3.27287378674414e-15,"S000000386","S000000386","SMP1"
"S000000390",109.615094493417,-1.03139994375781,0.203023203222639,-5.08020722452473,3.77023373772606e-07,2.87657370904944e-06,"S000000390","S000000390","PCH2"
"S000000393",3101.4702685831,1.29771326539127,0.44412029492466,2.92198595790678,0.00347807220989366,0.00925794552421298,"S000000393","S000000393","RPS9B"
"S000000401",339.79563265492,-1.66415433274867,0.143389010528863,-11.6058708168133,3.84750787104218e-31,3.21747845715902e-29,"S000000401","S000000401",NA
"S000087085",20.6558230579037,-2.64740195774809,0.500857107272997,-5.28574301792846,1.25195545586701e-07,1.04549567264567e-06,"S000087085","S000087085",NA
"S000000416",7163.98449022644,-2.13298900324006,0.46093927113362,-4.62748378543284,3.70135200598925e-06,2.34587793979592e-05,"S000000416","S000000416","NGR1"
"S000000418",4171.44560707694,-1.23271247966067,0.544440053108128,-2.26418404124256,0.0235627977080675,0.047913409321268,"S000000418","S000000418","SDS24"
"S000000421",171.12709822761,-1.13947629473421,0.15998578883109,-7.12235944867111,1.06094924973531e-12,2.08077375656556e-11,"S000000421","S000000421","ATG12"
"S000000429",1068.12353642762,-1.08920667354241,0.306940095966986,-3.54859690165588,0.000387289466967954,0.00138389903894009,"S000000429","S000000429",NA
"S000000430",92.2961557127823,-1.33276696354714,0.313374540224704,-4.25295227427054,2.10970552057056e-05,0.000108014769892477,"S000000430","S000000430",NA
"S000000434",3555.40581848604,-1.02806818495212,0.196484017208582,-5.23232474354771,1.67391334840145e-07,1.36566832936655e-06,"S000000434","S000000434","OM14"
"S000000437",102.165302060253,1.06995653875413,0.347910280714507,3.07538063134194,0.00210234064003703,0.00606525778325968,"S000000437","S000000437","PBP2"
"S000000442",106.86623497597,-1.03094070902809,0.281295847092828,-3.66496953183913,0.000247368029908093,0.000934380745342927,"S000000442","S000000442",NA
"S000000445",2561.25010673432,-1.67420770951136,0.365337544008061,-4.5826325188041,4.59158540276065e-06,2.80100665755034e-05,"S000000445","S000000445",NA
"S000000452",616.019692532752,1.8620899731338,0.402019098562331,4.63184455612396,3.62422225861925e-06,2.3042705616839e-05,"S000000452","S000000452","HIS7"
"S000000453",2252.50366859941,1.36427124875405,0.367755949892872,3.70971903826835,0.000207489379476682,0.000801857223253597,"S000000453","S000000453","ARO4"
"S000000456",122.457149580914,1.4696351080173,0.254816115454175,5.76743392150797,8.04876268231132e-09,8.35544829486145e-08,"S000000456","S000000456","DUT1"
"S000000458",83.9607342070642,1.28753080570563,0.296712033753158,4.33932789789293,1.42919141682314e-05,7.64075390501617e-05,"S000000458","S000000458","TRS20"
"S000007649",422.999900253914,-1.50776982664093,0.357611205635704,-4.21622645733559,2.4842429853065e-05,0.000124336051658607,"S000007649","S000007649","RCF3"
"S000000461",285.171539341091,-1.14131951706681,0.135089532452586,-8.44861549481927,2.94777556269122e-17,9.244039928627e-16,"S000000461","S000000461","POP4"
"S000000465",159.834722969452,1.60536920046805,0.241304986976417,6.65286374966196,2.8744427567158e-11,4.53063346549367e-10,"S000000465","S000000465","TAE1"
"S000000474",414.195559787538,-1.10306541778954,0.172999352969133,-6.37612452797062,1.81625263541545e-10,2.49672536936905e-09,"S000000474","S000000474","BIT2"
"S000000476",549.129753625734,-1.05590454754008,0.274213877619619,-3.85066050159867,0.000117799700533082,0.000491866849451932,"S000000476","S000000476","HSM3"
"S000000484",2358.71798026578,-1.98540919885249,0.446302457435941,-4.4485733066739,8.64425471128943e-06,4.91009977515789e-05,"S000000484","S000000484","SAF1"
"S000000500",3673.36618895526,1.80885787547066,0.587923713192138,3.07668807173884,0.00209314212379064,0.00604161492202465,"S000000500","S000000500","PHO89"
"S000000502",1138.63854168597,-1.3719176139615,0.311680280877766,-4.40168242308386,1.07414701544662e-05,5.98282995375033e-05,"S000000502","S000000502","MAL31"
"S000000503",37.8540936116557,1.81044269334523,0.372325245560529,4.86253004579275,1.15894780172667e-06,8.07641749328272e-06,"S000000503","S000000503","MAL32"
"S000029705",585.934472564383,-1.44048138521308,0.120223317706542,-11.9817138030512,4.43068375951724e-33,4.37330277312349e-31,"S000029705","S000029705",NA
"S000000530",2366.89770501126,1.88729616221198,0.396129155116237,4.76434551165058,1.89467612778687e-06,1.27029878755261e-05,"S000000530","S000000530","AGP1"
"S000007548",71.8940987274608,4.87048979974509,0.427486691218159,11.3933132885757,4.51488750781068e-30,3.53040749149716e-28,"S000007548","S000007548","HBN1"
"S000000535",3407.81766094245,2.58488601763599,0.241270221784712,10.7136554130684,8.78240950619989e-27,5.56619869861364e-25,"S000000535","S000000535","HIS4"
"S000000541",181.906550055992,1.4030278127613,0.49216268200918,2.85073993630247,0.00436176280827864,0.0113394533111596,"S000000541","S000000541","GFD2"
"S000000542",16.0341180698272,2.56640613299089,0.63220794844739,4.05943351280794,4.91919118537348e-05,0.000228009623765464,"S000000542","S000000542","SRO9"
"S000000552",132.270823292984,1.5333381083428,0.260190944235388,5.89312634553348,3.78956427026405e-09,4.17129185946249e-08,"S000000552","S000000552","POF1"
"S000000553",41.0461866427621,-1.02853736505747,0.313142797598085,-3.28456337794357,0.00102140522849454,0.00322828392691108,"S000000553","S000000553","SPS22"
"S000087203",165.793485513014,-2.38176058843378,0.321980791055289,-7.39721329532602,1.39072071992698e-13,3.09601340090213e-12,"S000087203","S000087203",NA
"S000000554",369.90946437454,-1.03579590877558,0.367074885741066,-2.82175640178836,0.00477614409075924,0.0122475142974708,"S000000554","S000000554",NA
"S000000568",77.0267818769898,1.40059188021305,0.318786449916226,4.39351133205667,1.11534372636828e-05,6.14971115060753e-05,"S000000568","S000000568","VAC17"
"S000000571",65.6854317803516,1.08776351839669,0.417169798168265,2.60748386669628,0.00912103686063396,0.0213521628840891,"S000000571","S000000571","HMLALPHA1"
"S000000595",383.60668786948,2.04045753997909,0.190389542636078,10.7172773868118,8.44527654384905e-27,5.40946915643778e-25,"S000000595","S000000595","CDC10"
"S000000596",63.5641989326757,1.55237516514959,0.407350597194159,3.81090681060095,0.000138457958478227,0.000562141178690092,"S000000596","S000000596","MRPL32"
"S000000599",73.1620728788581,-1.45006889171647,0.392635365895989,-3.69316933131439,0.000221476441082185,0.000848288582541881,"S000000599","S000000599",NA
"S000000600",324.745168080444,-1.16993587932619,0.291717312105066,-4.01051233772791,6.05871341878597e-05,0.000273964328927445,"S000000600","S000000600",NA
"S000000603",21816.2599230973,-7.69256908396935,0.916958273635672,-8.38922479369631,4.89358202215771e-17,1.51098755668777e-15,"S000000603","S000000603","ADY2"
"S000000609",105.867467352882,2.13637076716391,0.549774730285545,3.88590207857373,0.000101950598357736,0.000432894606990078,"S000000609","S000000609",NA
"S000000627",2695.35376083331,1.37445681790695,0.305570450959545,4.49800304182198,6.85947162575608e-06,4.00202312584083e-05,"S000000627","S000000627","RPS14A"
"S000000630",388.888836473972,2.30502952304431,0.338422306564152,6.81110399147808,9.68525855547808e-12,1.63347175805416e-10,"S000000630","S000000630","ELO2"
"S000000636",65.6854317803516,1.08776351839669,0.417169798168265,2.60748386669628,0.00912103686063396,0.0213521628840891,"S000000636","S000000636","MATALPHA1"
"S000000637",34.6980241098905,2.22687944731108,0.49955487533688,4.45772738342182,8.28331523795135e-06,4.74988962359096e-05,"S000000637","S000000637",NA
"S000000639",50.4766239370491,1.7976983203319,0.381698494996171,4.70973384464074,2.48040483053302e-06,1.64115576754278e-05,"S000000639","S000000639",NA
"S000000649",2206.99898763885,1.03252976014146,0.199958052827217,5.16373182046171,2.4207445090612e-07,1.92540326143428e-06,"S000000649","S000000649","THR4"
"S000000653",375.781731078405,1.30226248626933,0.482914814621098,2.69667122821879,0.00700363801370678,0.0170655218456206,"S000000653","S000000653","PWP2"
"S000000656",240.391453548208,-1.14904753999437,0.231457528401531,-4.96439907541486,6.89141106551195e-07,4.98716178190474e-06,"S000000656","S000000656","TAH1"
"S000000661",309.915639580644,1.06788474541453,0.368425273167946,2.89851110438815,0.00374939031547194,0.00991004349844448,"S000000661","S000000661","HCM1"
"S000000663",456.748942048008,1.30112348869257,0.220782373687384,5.89323987672535,3.78696041471463e-09,4.17129185946249e-08,"S000000663","S000000663","SED4"
"S000000668",120.670785661772,2.10072306334772,0.597188077072569,3.51769089839422,0.00043531911158893,0.00153727646385745,"S000000668","S000000668","RSA4"
"S000028519",13.4344122782672,1.11174627975285,0.47093497494433,2.36072141357578,0.0182394266358583,0.0387370679980609,"S000028519","S000028519","EGO2"
"S000000672",1076.19542861309,-1.40374422467723,0.208455542185917,-6.73402208431216,1.65036111962797e-11,2.70758155348229e-10,"S000000672","S000000672","FUB1"
"S000007223",120.802484467958,2.40843584838682,0.398659236393388,6.04133964178425,1.52839862237186e-09,1.81508641130197e-08,"S000007223","S000007223",NA
"S000000683",159.474290437286,2.3297701495391,0.346360890823931,6.72642382919442,1.73883605816945e-11,2.83650441086421e-10,"S000000683","S000000683",NA
"S000000684",953.676360855401,1.40829212192001,0.227612221237613,6.18724299715806,6.12255498022639e-10,7.77719483880656e-09,"S000000684","S000000684","ABP1"
"S000000687",1044.69023647816,-1.19862243028839,0.420579261753424,-2.84993231784955,0.00437285332681719,0.0113584770840234,"S000000687","S000000687","KIN82"
"S000000695",508.755548051283,3.79224442843309,0.299587155194082,12.6582343825,1.00739593712456e-36,1.29053849732489e-34,"S000000695","S000000695","GIT1"
"S000000697",99.1471892919986,-1.19478680030423,0.235493913984097,-5.07353578736184,3.90490994082715e-07,2.96487550488276e-06,"S000000697","S000000697",NA
"S000000698",35.6958833017313,-1.35340234990695,0.349050026260482,-3.87738790455486,0.000105583947317015,0.000446433249154315,"S000000698","S000000698",NA
"S000000699",29.2283335369764,-1.43384280192446,0.416669022098827,-3.44120327136865,0.000579133285071006,0.00198010307178451,"S000000699","S000000699",NA
"S000002161",411.818834849699,3.08394694665756,0.311551274649692,9.89868184659218,4.21797618591387e-23,2.06475078173882e-21,"S000002161","S000002161","MCD1"
"S000002172",778.056480380408,2.92631893150777,0.500122430467253,5.85120513145905,4.88023873972445e-09,5.2471281164073e-08,"S000002172","S000002172","NOP1"
"S000002182",351.878765842348,-2.59921146469929,0.182802877528381,-14.2186572763098,7.01867150566456e-46,1.7608092139836e-43,"S000002182","S000002182","DIA3"
"S000002185",1171.11055988484,-1.10201163086063,0.133105649399078,-8.27922508049657,1.23979405553044e-16,3.58884615785999e-15,"S000002185","S000002185","MRX9"
"S000002204",1525.48312675554,-1.05101078113702,0.335183621942965,-3.13562689920411,0.00171487218817668,0.00507632519420441,"S000002204","S000002204","NPC2"
"S000002206",5493.4399795167,1.58619668097155,0.343055339803011,4.62373412372001,3.76892900539877e-06,2.38408716947766e-05,"S000002206","S000002206","STP4"
"S000002207",391.802080710258,-2.07906621872625,0.325703994425431,-6.38329972708468,1.73312212090671e-10,2.39337804816038e-09,"S000002207","S000002207","KNH1"
"S000002210",251.211830283037,1.6663629619056,0.368891992381566,4.5172109894486,6.26594635708977e-06,3.68070858693049e-05,"S000002210","S000002210","SLC1"
"S000002213",5788.17778196753,1.7901378435024,0.225989248383822,7.92134075538859,2.34963040870868e-15,6.04577978240812e-14,"S000002213","S000002213","PSA1"
"S000002217",80.171324544507,1.75586958729271,0.243822539115347,7.20142441984022,5.95867534562848e-13,1.21206703567666e-11,"S000002217","S000002217","RAD59"
"S000002219",12.879998350227,1.3119381095623,0.516904951689682,2.53806450349098,0.0111467437559791,0.0254994468673062,"S000002219","S000002219","RPS29B"
"S000002228",3769.4101544161,-1.6251736579384,0.411383369306543,-3.95050889071648,7.7985200749212e-05,0.000340499560341556,"S000002228","S000002228","BDF2"
"S000002233",2030.11806075619,1.09259899013277,0.373255559075814,2.92721424655554,0.00342013188171007,0.00914820704565806,"S000002233","S000002233","RPL31A"
"S000002236",4350.8128366925,-1.86187659570921,0.441725390635341,-4.21500922333499,2.49767981379847e-05,0.000124904735538875,"S000002236","S000002236","MDH3"
"S000002237",952.556673793306,-1.1890425772304,0.347498001740055,-3.42172493446411,0.000622252306355782,0.00210837430307719,"S000002237","S000002237","MRK1"
"S000002239",1140.29790305254,1.19847577098123,0.250463817238902,4.78502557452471,1.70965562238558e-06,1.16314536750097e-05,"S000002239","S000002239","RPP1A"
"S000002240",1183.00770642697,1.26082854696073,0.447802928834801,2.81558798697778,0.00486880626579634,0.0124480180579022,"S000002240","S000002240","RPL13A"
"S000002241",2069.83510677325,1.11311522381581,0.364928321517291,3.05022975248323,0.00228666367067613,0.00651585516381495,"S000002241","S000002241","RPS16B"
"S000002243",5102.17088237949,-2.73460950705722,0.307005610895854,-8.90736002862462,5.22621236046124e-19,1.95447357902715e-17,"S000002243","S000002243","NDE2"
"S000002248",256.052429025169,-1.36051531786253,0.119151039049049,-11.4184091781396,3.38370874167382e-30,2.71644137781574e-28,"S000002248","S000002248","RAM1"
"S000002249",920.285910959752,-1.31800926434212,0.201582645026166,-6.53830722466724,6.2219014552062e-11,9.27278927272192e-10,"S000002249","S000002249","UBX3"
"S000002272",25.4366621241982,-2.35537428907882,0.571274953478564,-4.12301340140445,3.73947933212003e-05,0.000178834634801836,"S000002272","S000002272",NA
"S000002273",1201.81651969225,-1.11458824437929,0.176671995764109,-6.30879975945638,2.81207657015429e-10,3.71305110282872e-09,"S000002273","S000002273","IWR1"
"S000002275",282.366586049054,1.06509711750477,0.207063214851013,5.14382585178704,2.69199094242774e-07,2.1270967800994e-06,"S000002275","S000002275","CYK3"
"S000002277",90.4695673030934,1.06046085133571,0.362805396582513,2.92294674038711,0.00346735820030329,0.00923759456815315,"S000002277","S000002277","HEM25"
"S000002283",1477.3824934902,-1.10734889245357,0.292473580755547,-3.7861501527521,0.00015299924529079,0.000610880938922975,"S000002283","S000002283","HNT1"
"S000002287",432.739131121519,-1.18554550472764,0.221320871923266,-5.35668188194504,8.47641687112421e-08,7.22896685283836e-07,"S000002287","S000002287",NA
"S000002288",1227.36708637036,1.21724934509001,0.367119482229973,3.31567624168606,0.000914216747838612,0.00294043752069246,"S000002288","S000002288","RPP1B"
"S000002304",1211.03724662827,1.06554543724648,0.249008480200983,4.27915320950695,1.87605695836036e-05,9.74610780525255e-05,"S000002304","S000002304","COP1"
"S000002305",127.689772839453,1.16866002910677,0.42251963565392,2.76593069408022,0.00567605965866528,0.0141925063142955,"S000002305","S000002305","LDB17"
"S000002308",1241.87029709027,-1.26058088048878,0.221936242478839,-5.67992350599956,1.34754993916275e-08,1.32509253404764e-07,"S000002308","S000002308","ATG9"
"S000002326",220.83991376714,1.12931849532232,0.420240701999989,2.68731346094685,0.00720293219871531,0.0174382206547909,"S000002326","S000002326","NRP1"
"S000002328",1116.81966285697,-1.64894636014628,0.255242727066983,-6.46030693643839,1.04490824778309e-10,1.48732684631252e-09,"S000002328","S000002328","UGX2"
"S000002341",3400.44930341572,-1.27709100209332,0.376889962940766,-3.38849830897204,0.000702764622121191,0.00234423589462144,"S000002341","S000002341","LYS20"
"S000002345",26.137518888861,-2.05768634401401,0.370015275940239,-5.56108484652495,2.68102804530926e-08,2.51049297990778e-07,"S000002345","S000002345",NA
"S000002348",288.508077756407,1.00729239821458,0.365363476474806,2.75695974850415,0.00583415327628503,0.0145344798907436,"S000002348","S000002348","RBS1"
"S000002351",1131.93867252245,1.34944600744858,0.268498498142272,5.02589778633896,5.01082740271042e-07,3.72471503601474e-06,"S000002351","S000002351","ARF1"
"S000002357",341.610139142272,1.57803687112183,0.254078311516682,6.21082870750351,5.27059017580888e-10,6.79533692688335e-09,"S000002357","S000002357","GGC1"
"S000002358",1036.38922753031,-1.90183545942844,0.322805508809406,-5.89158303537917,3.82513366224278e-09,4.18747814188432e-08,"S000002358","S000002358",NA
"S000002359",468.483047667303,-1.6397498868049,0.237698357991277,-6.8984485238433,5.2573533288193e-12,9.36524390320147e-11,"S000002359","S000002359","MGT1"
"S000002363",11641.7220091273,-2.03212965442531,0.217796839810647,-9.33039091013467,1.05481148165181e-20,4.38001374553484e-19,"S000002363","S000002363","RTN2"
"S000002370",99.9056770494988,-1.07207442526668,0.43494687036555,-2.4648399570404,0.0137074462167594,0.0303651705927551,"S000002370","S000002370",NA
"S000002377",4487.48799916968,-3.31763322856691,0.462314034957804,-7.17614646691337,7.17037367090566e-13,1.43909399575077e-11,"S000002377","S000002377",NA
"S000002378",78.0709728395172,2.29778506474436,0.358747174689098,6.40502623257087,1.50343529033779e-10,2.10027468285936e-09,"S000002378","S000002378","DTD1"
"S000002382",14837.4560376208,-1.56438009948859,0.389118911272123,-4.02031372459965,5.81206901573294e-05,0.000263910011641991,"S000002382","S000002382","HBT1"
"S000002385",415.900997504737,1.05208126295442,0.20463135502439,5.14134924644871,2.7277247152352e-07,2.15250727528586e-06,"S000002385","S000002385","GCS1"
"S000002386",736.435607752861,3.31735203922823,0.333499542977699,9.94709620771521,2.59648979077394e-23,1.30278875252082e-21,"S000002386","S000002386","HO"
"S000002387",1889.24245452837,2.51214435975703,0.565336657190692,4.44362545362005,8.84555389071905e-06,5.01026152173278e-05,"S000002387","S000002387",NA
"S000002388",4466.60979443882,2.41619734917204,0.588810887009738,4.10352016662368,4.06910965360713e-05,0.000192459616845,"S000002388","S000002388","SSB1"
"S000002395",500.622005193378,1.9979125061402,0.163733653314209,12.2022105150623,3.02498752636648e-34,3.25240176718796e-32,"S000002395","S000002395","PHO13"
"S000002399",155.470273985381,1.10722439745931,0.3617771723157,3.06051482013659,0.00220956825174423,0.00632912009693245,"S000002399","S000002399","LRG1"
"S000002401",9.83776357196014,-1.42691612818986,0.591303830915983,-2.41316909105669,0.0158144809014812,0.0342343999955485,"S000002401","S000002401",NA
"S000002405",69.4007052144202,1.07768660001984,0.41239327725305,2.61324968049505,0.00896857553839439,0.0210689790544958,"S000002405","S000002405","SOR2"
"S000002409",1145.03322075019,1.3767379855988,0.211434254235651,6.5114235655703,7.44419054104678e-11,1.09054674568474e-09,"S000002409","S000002409","YRB1"
"S000002413",1747.57560601656,-1.07352310735365,0.330536561743055,-3.24781955040774,0.001162929978125,0.00362695766583663,"S000002413","S000002413","SOK1"
"S000113613",27.359148613618,-1.6806124796057,0.577546269216297,-2.90991833760127,0.00361523203395785,0.00958490183904017,"S000113613","S000113613","HED1"
"S000002425",733.54476411349,-2.12695394559505,0.450478890122197,-4.72153965975651,2.3406597707031e-06,1.55210489861271e-05,"S000002425","S000002425",NA
"S000002428",76.9082908109035,1.25725672233049,0.556925229740754,2.25749643792532,0.0239770718175168,0.0485263695506786,"S000002428","S000002428","FAL1"
"S000002429",433.625274907774,-1.45925548388292,0.137845818675975,-10.5861425315561,3.45539201947891e-26,2.10150660093763e-24,"S000002429","S000002429","ATG31"
"S000002440",2372.96326676587,3.06960544149917,0.440098639626556,6.97481238320543,3.06279273658245e-12,5.60518998995833e-11,"S000002440","S000002440","MRH1"
"S000002442",2492.93751308306,1.03954417184216,0.145709831896648,7.1343447337137,9.72493203662834e-13,1.93886807260064e-11,"S000002442","S000002442","ARO3"
"S000002443",512.372239287928,1.11684386786947,0.196061013197378,5.69640975355529,1.22356610315127e-08,1.21971713693275e-07,"S000002443","S000002443","EHD3"
"S000002444",2116.45036498547,2.00834773125631,0.291759268741331,6.8835781633278,5.83675477545584e-12,1.03058945756656e-10,"S000002444","S000002444","KRS1"
"S000002448",733.712924492632,-1.04573132649507,0.225876969524133,-4.629650064361,3.66284199529053e-06,2.32391692872964e-05,"S000002448","S000002448","RSM10"
"S000002450",652.306853203517,1.29411095789689,0.176998564782839,7.31142062922738,2.64332646920139e-13,5.66386785447031e-12,"S000002450","S000002450","NRG1"
"S000002451",167.824997571278,1.69862659270976,0.212951314341669,7.97659595556385,1.50424232268938e-15,3.97238729162839e-14,"S000002451","S000002451","HEM13"
"S000002462",7325.3295731652,1.89841085942479,0.562543482616423,3.37469176710602,0.000738984092619552,0.00244608203499853,"S000002462","S000002462","PST1"
"S000002471",2823.00508909079,1.34415771171219,0.420469342548749,3.19680313328992,0.00138959730952309,0.00422563909123159,"S000002471","S000002471","RPS13"
"S000002477",948.394777295897,-1.75543011603981,0.306147999830812,-5.73392645717077,9.81318946736809e-09,9.96377972732264e-08,"S000002477","S000002477","FMP16"
"S000002479",656.353273379622,1.1014448252893,0.120563156803577,9.13583265809632,6.49053528294157e-20,2.53763071029813e-18,"S000002479","S000002479","IPT1"
"S000002485",212.287091857777,-1.29277692390398,0.293265071085017,-4.40821990536067,1.04223694577875e-05,5.81047097271651e-05,"S000002485","S000002485","SHU2"
"S000002494",138.328327678671,1.11915844225369,0.293949618499839,3.80731381100365,0.00014048443363764,0.000568452133691016,"S000002494","S000002494","RRP1"
"S000002500",424.620516304796,1.12381671246244,0.215535600764291,5.21406537239034,1.84746313238102e-07,1.49309738524377e-06,"S000002500","S000002500","DNF2"
"S000002501",21.6062697094727,1.6458602189527,0.509007057347078,3.23347229708533,0.00122295196454707,0.00378096322442163,"S000002501","S000002501",NA
"S000002508",335.366365838741,1.64278692235175,0.55063554368328,2.98343784958543,0.00285029916976444,0.00786149853465491,"S000002508","S000002508","ARX1"
"S000002518",3045.43774184687,-4.24873535807092,0.604363592227193,-7.03009812754195,2.06388337424128e-12,3.92007627643746e-11,"S000002518","S000002518","ALT2"
"S000002519",30.7079622496592,-2.68971154345858,0.64830471756594,-4.14883845602281,3.34166511402275e-05,0.000161737666009091,"S000002519","S000002519","IRC2"
"S000113555",105.559642044758,-1.88262538862968,0.46335199334058,-4.06305663013709,4.84342730875127e-05,0.000225017560385736,"S000113555","S000113555","COX26"
"S000002528",152.041286942382,-1.0559648070725,0.319174935900773,-3.30842020565421,0.000938239172567308,0.00300645984993495,"S000002528","S000002528","DPB4"
"S000002530",386.299190474154,1.20350056748814,0.363239506139461,3.31324249468084,0.00092220984237741,0.00296140024584234,"S000002530","S000002530","INO2"
"S000002539",223.378381670875,-1.09986578736747,0.21054976571527,-5.223780627972,1.75306453360256e-07,1.42061932124106e-06,"S000002539","S000002539",NA
"S000002540",518.554013434947,2.00778237385545,0.340164637905823,5.90238416966587,3.58285658777579e-09,3.97281390699779e-08,"S000002540","S000002540",NA
"S000002551",194.012795311224,1.25644355197747,0.283151642444614,4.43735215918175,9.10722309409891e-06,5.13432492973497e-05,"S000002551","S000002551","MKC7"
"S000002553",216.09147671284,1.62643045508594,0.220918964434979,7.36211333981983,1.81021167726465e-13,3.96337618502198e-12,"S000002553","S000002553","SWI5"
"S000002556",277.540613439621,-1.27293122808961,0.461559383502114,-2.7578926430466,0.00581753004090928,0.0145040780026148,"S000002556","S000002556",NA
"S000002557",3539.23851547413,-1.43359724662664,0.296012421029009,-4.84303071351911,1.27873513318845e-06,8.88035090764438e-06,"S000002557","S000002557","NUM1"
"S000002565",3349.41664021063,2.49596661959776,0.222602057517888,11.2126844083514,3.53312667389609e-29,2.50270067100334e-27,"S000002565","S000002565","HOM2"
"S000002580",444.537462732346,-1.48624809165434,0.391867617285359,-3.7927300600908,0.000149000100524683,0.000598086403506079,"S000002580","S000002580","ARG82"
"S000002586",166.696921867381,-1.1207472242227,0.377562766735522,-2.96837326919941,0.00299380527499131,0.00817863047219724,"S000002586","S000002586","CSN9"
"S000002604",747.623612179341,-1.0695688038918,0.318051045015271,-3.36288410509844,0.000771327383483259,0.00253225854741151,"S000002604","S000002604","CAB5"
"S000002612",1369.557502288,-1.38618069315099,0.349878649820415,-3.96188991200946,7.43588265130061e-05,0.000327037614634631,"S000002612","S000002612","COQ4"
"S000002617",236.667845926226,1.72944511908695,0.176163185539703,9.81729022320148,9.48591052227287e-23,4.49721789406338e-21,"S000002617","S000002617",NA
"S000007410",266.245549680118,1.04680787493236,0.290722208272892,3.60071520215528,0.000317343039051954,0.00116792325069182,"S000007410","S000007410",NA
"S000007392",69.1792800399336,-4.04660303619613,1.23562106811242,-3.27495470951938,0.00105678914635488,0.00332441350585305,"S000007392","S000007392",NA
"S000002621",330.485827452466,1.00994677854656,0.406592495897717,2.48392872159801,0.0129941814546179,0.0290092571517442,"S000002621","S000002621","UPC2"
"S000002622",1985.72630471356,1.00905294190652,0.154963784717678,6.51154038180513,7.43840250680019e-11,1.09054674568474e-09,"S000002622","S000002622","AHA1"
"S000002626",114.798348769395,-1.95192643668061,0.256363766956442,-7.61389356949281,2.65959828421209e-14,6.40537650769641e-13,"S000002626","S000002626","SPR28"
"S000002631",657.509771873,-1.98284013590805,0.273388299313487,-7.25283467100537,4.08138164154534e-13,8.56236894207125e-12,"S000002631","S000002631","CRF1"
"S000002634",1772.33234839533,1.24992229909252,0.261538771586507,4.77910900747309,1.76073718919516e-06,1.19374914569844e-05,"S000002634","S000002634","ADK1"
"S000002661",168.076352978865,1.96806900410408,0.22879938018837,8.60172349454694,7.85278016358805e-18,2.65626906544739e-16,"S000002661","S000002661","MET32"
"S000002665",185.582925809615,1.40665064422783,0.388271040564013,3.62285748168211,0.000291366376018818,0.00108280174137101,"S000002665","S000002665","RKM4"
"S000002669",312.072144492251,1.97257506596608,0.258929949965865,7.61818038518189,2.57276602778794e-14,6.22113423827758e-13,"S000002669","S000002669","EXG2"
"S000002670",5235.81323329688,-1.48327912011625,0.338140886285326,-4.38657133838777,1.15151409296012e-05,6.32020633884494e-05,"S000002670","S000002670",NA
"S000002671",530.217185266859,-2.03146492190113,0.33101874868971,-6.13700864359615,8.40898123936039e-10,1.04825002157741e-08,"S000002671","S000002671","DIN7"
"S000002689",14.2386327608278,2.31379567172719,0.854297000176034,2.70842069122379,0.0067604267676248,0.016537091626503,"S000002689","S000002689","PHM6"
"S000002693",188.079161244711,-1.0879612932853,0.221834076824927,-4.90439209726977,9.37171209524578e-07,6.64629900182272e-06,"S000002693","S000002693","ZIP1"
"S000002701",9155.82459911996,-1.42963876068683,0.251796171343429,-5.67776210837184,1.36468321832376e-08,1.3382341461771e-07,"S000002701","S000002701","SSD1"
"S000002702",2339.01136559762,-1.13176532389384,0.49766571519578,-2.27414766445908,0.0229571096869049,0.0468799229308981,"S000002702","S000002702","DPL1"
"S000002708",314.759493639666,1.38249889481553,0.366217586588933,3.77507510683077,0.000159959460506332,0.00063446370995298,"S000002708","S000002708","PRO1"
"S000002717",325.840392923792,3.74596587844372,0.267254147683391,14.0164929559165,1.23572000901924e-44,2.65723934796601e-42,"S000002717","S000002717","GIC2"
"S000002736",2386.81377845808,-1.19048930947579,0.33628168670489,-3.54015504424577,0.000399892028601192,0.00142575184118219,"S000002736","S000002736","SKP1"
"S000002737",3161.45271835786,-1.33756242721958,0.282006203825746,-4.74302483092207,2.10550450065292e-06,1.40234984495921e-05,"S000002737","S000002737","PEX3"
"S000002744",300.19359535687,-1.04619118212585,0.210046508110113,-4.98075969716863,6.33351462242002e-07,4.63354696738651e-06,"S000002744","S000002744","MRX8"
"S000002751",14547.3285420721,3.78376422090944,0.383506348204343,9.8662362138875,5.83116727117381e-23,2.808756651179e-21,"S000002751","S000002751","HXT6"
"S000002756",445.223784493539,1.56835157935396,0.21059442850283,7.44726054959659,9.5298298518736e-14,2.16524926558985e-12,"S000002756","S000002756","PAL1"
"S000002761",1270.49264419092,2.35593941228154,0.0972199477722828,24.2330865863026,9.97032706637224e-130,1.50078348166568e-126,"S000002761","S000002761","TRR1"
"S000002762",457.041003342361,1.23190038128156,0.27654036961573,4.45468552382917,8.40162514747614e-06,4.79489905336055e-05,"S000002762","S000002762","TRP4"
"S000002779",229.477808990192,-1.07459817378912,0.24224933098032,-4.43591802479081,9.16807339668428e-06,5.15896915153608e-05,"S000002779","S000002779","CTS2"
"S000002782",149.471545982955,-3.18146110119766,0.32898028412554,-9.67067406380987,4.01723310758892e-22,1.81862861208969e-20,"S000002782","S000002782","PHO92"
"S000002788",3580.95414586217,-1.73517863216485,0.253157905345077,-6.85413568183715,7.17449628256538e-12,1.24131155509558e-10,"S000002788","S000002788","ARO10"
"S000002790",1561.69040274846,1.96408731772604,0.43105428303078,4.55647326809136,5.20196560104146e-06,3.11342295068296e-05,"S000002790","S000002790","RPP2B"
"S000002792",1216.38748373212,-4.29237428405254,0.489543084395428,-8.76812362563247,1.81668305492712e-18,6.54984950521928e-17,"S000002792","S000002792","ATO3"
"S000002803",787.173063319096,1.27703472292047,0.241440263125255,5.28923679253102,1.22827793859076e-07,1.02857600392976e-06,"S000002803","S000002803","SXM1"
"S000002806",396.278630401287,1.40332955854019,0.478293207368992,2.93403614544239,0.00334585242044066,0.00898945891275021,"S000002806","S000002806","UTP5"
"S000002807",497.262391303815,1.09487362432167,0.26995570074476,4.05575293020709,4.99730621822445e-05,0.000231274256263869,"S000002807","S000002807","HPT1"
"S000002825",1304.36554939691,1.5128266614734,0.364367812486747,4.15192179338955,3.29694937599148e-05,0.000159959163520102,"S000002825","S000002825",NA
"S000002826",1922.1298505105,1.41730355031905,0.341274876574327,4.15296773247935,3.28191030976618e-05,0.000159486537329315,"S000002826","S000002826","RPL12B"
"S000002834",95.4068194829888,-1.11473946521588,0.294718503452174,-3.78238709873462,0.000155331552826946,0.000619371708325192,"S000002834","S000002834",NA
"S000002840",3340.8847079333,1.27199404906842,0.316102499698153,4.02399237678617,5.72197700224572e-05,0.000260408341122611,"S000002840","S000002840","NPL3"
"S000002841",74.4403637491133,1.85610208979757,0.487810804810689,3.80496305430932,0.00014182535829838,0.000573107706251374,"S000002841","S000002841",NA
"S000002850",58.9583114675759,-1.09611884936778,0.230939070778985,-4.74635515623427,2.07114915706228e-06,1.3809954678485e-05,"S000002850","S000002850",NA
"S000002855",1232.63622162283,1.27052296905779,0.356324646925855,3.56563313826048,0.000362978833417466,0.00131417082100766,"S000002855","S000002855","RPS17B"
"S000002856",132.88968721746,1.03148730507756,0.318640561248865,3.2371500383843,0.00120729917930215,0.00374119833174382,"S000002856","S000002856","ADA2"
"S000002865",2522.85220516232,-1.19167139370154,0.291133092920649,-4.09321860921643,4.25426278653683e-05,0.000200429704520644,"S000002865","S000002865","TOM1"
"S000087209",209.783236394893,-1.14818047751026,0.34244236555111,-3.35291597364839,0.000799649791096513,0.00261222128588309,"S000087209","S000087209",NA
"S000002873",254.087082674588,1.09498151808212,0.344440479386412,3.17901519598605,0.00147776343711106,0.00445276517928974,"S000002873","S000002873","RMT2"
"S000002899",29.6796511907868,-1.22135452191497,0.356309037876344,-3.42779551479926,0.000608503619611004,0.00207045650984174,"S000002899","S000002899",NA
"S000002905",3942.66638019671,3.16304555727316,0.197376665583316,16.0254280713745,8.49041791777623e-58,2.84004479349615e-55,"S000002905","S000002905","ITR1"
"S000002908",999.268226485462,1.51485013313488,0.396235972875302,3.82310097223709,0.000131783781306003,0.000540143054624536,"S000002908","S000002908","RPL37B"
"S000002910",1203.761545247,4.72019168576914,0.19095936717081,24.7183039811134,6.79880116004666e-135,2.04677908923205e-131,"S000002910","S000002910","SAM2"
"S000002916",689.050482440407,-1.23765861606237,0.34393453214674,-3.59852966300668,0.000320021354480888,0.00117634223158085,"S000002916","S000002916","GNP1"
"S000002926",484.832566123517,-2.07626430603192,0.360672649339146,-5.75664472988519,8.5802221446959e-09,8.81595862341536e-08,"S000002926","S000002926","EUG1"
"S000002930",35.3387799307088,-1.02073956911384,0.323595542912068,-3.15436844379283,0.00160845878261614,0.00479907350353409,"S000002930","S000002930","SPS2"
"S000002931",65.8865730837956,-1.73793683198888,0.236374266701181,-7.35247899969558,1.94564110483748e-13,4.24445836674873e-12,"S000002931","S000002931","SPS1"
"S000028739",159.520156223441,3.45508726750083,0.4359809060709,7.92485913807189,2.28405098777234e-15,5.90226223063402e-14,"S000028739","S000028739",NA
"S000002934",80.0406923080843,1.44729415356193,0.325821385372177,4.44198637209993,8.91322065612018e-06,5.03910812868541e-05,"S000002934","S000002934",NA
"S000002943",14.8007013154262,2.26476329334795,0.716410106943209,3.16126653071839,0.00157084689393382,0.00470316715483617,"S000002943","S000002943",NA
"S000002944",1090.53964887909,2.56449748592813,0.270617279468438,9.47647353105264,2.63021825867387e-21,1.11524958700531e-19,"S000002944","S000002944","STL1"
"S000002946",243.199509498923,-1.17204546086342,0.162088039306428,-7.23091886285122,4.79736922122625e-13,9.89210961678194e-12,"S000002946","S000002946","PAD1"
"S000000731",465.285183589276,-1.17532690284462,0.19906589701417,-5.90421021618262,3.54340108323557e-09,3.93631326977147e-08,"S000000731","S000000731","VAB2"
"S000007256",52.5959580671997,1.03402186364463,0.283400852727091,3.64861945083972,0.000263653309444356,0.000987838566374903,"S000007256","S000007256","TIM9"
"S000000752",242.153494668153,3.0682850087434,0.353489009376911,8.68000115237475,3.95764813422402e-18,1.37739881018282e-16,"S000000752","S000000752","SNU13"
"S000000754",51.631203747661,-1.03670220188349,0.307667176703436,-3.36955736712461,0.000752890174056851,0.00248391876054592,"S000000754","S000000754",NA
"S000028619",30.4848971219841,-1.78270936256622,0.353449537031873,-5.04374507754827,4.56507406102167e-07,3.41444856166602e-06,"S000028619","S000028619",NA
"S000000756",1001.96735521146,-1.63989378774303,0.134782596465247,-12.1669550131116,4.66149529616149e-34,4.92401108389269e-32,"S000000756","S000000756","ECM10"
"S000000761",25.4281243636499,-2.50262952474361,0.834241576717261,-2.99988587789097,0.00270080778021237,0.00750764711203078,"S000000761","S000000761","UTR5"
"S000000764",295.865813750479,-1.02635592948694,0.192670122822867,-5.32701134171448,9.98419316578196e-08,8.44309368696252e-07,"S000000764","S000000764","UTR4"
"S000000765",141.909011866154,-1.36790888643403,0.301778693336633,-4.53282129135649,5.82010531535607e-06,3.44232358583093e-05,"S000000765","S000000765","CYC7"
"S000000766",624.985667916439,1.61431258945273,0.303305156900912,5.32240403014353,1.02404812464655e-07,8.6355654880909e-07,"S000000766","S000000766","UTR2"
"S000028744",842.77639620576,1.00477847370065,0.34754530744954,2.89107190390287,0.00383930267371307,0.0101166045507336,"S000028744","S000028744",NA
"S000000780",1412.33673445208,1.12677343716032,0.395848464190692,2.84647671796326,0.00442059616393731,0.0114725903030459,"S000000780","S000000780","RPL12A"
"S000000783",307.333671826862,-3.87234402815946,0.611451583543675,-6.33303458912845,2.40385645506222e-10,3.21635993687325e-09,"S000000783","S000000783","SDD1"
"S000002954",10.9999130257554,1.51364583568958,0.549121627395034,2.75648555834549,0.00584261926860634,0.0145485569132666,"S000002954","S000002954","SOM1"
"S000000791",464.130639886466,-2.36447010169416,0.292895599738826,-8.07274026582354,6.87377295069778e-16,1.86427869081763e-14,"S000000791","S000000791","SIT1"
"S000000793",50.7566973973514,-2.22060258764947,0.620863497801917,-3.57663575892481,0.000348044600784684,0.00126468107502992,"S000000793","S000000793",NA
"S000000796",227.691419236278,-1.45626561325881,0.239877564634357,-6.0708704270805,1.27218805672054e-09,1.53196885790287e-08,"S000000796","S000000796","DSF1"
"S000000798",57.6515884897995,1.99924600248073,0.312539213666342,6.39678451554264,1.58683014388414e-10,2.20145260284018e-09,"S000000798","S000000798","RMD6"
"S000000799",54.9111968563101,1.17848885655308,0.353635151508258,3.33249919168615,0.000860697204716452,0.00278316749172812,"S000000799","S000000799",NA
"S000000803",644.659958574245,2.03940892222058,0.278902218685726,7.31227213548498,2.62662462321105e-13,5.64818102012633e-12,"S000000803","S000000803","MNN1"
"S000000805",875.790721831035,1.16824109494714,0.172542559741308,6.77074164599549,1.28123890738076e-11,2.13103300037005e-10,"S000000805","S000000805","PMI40"
"S000000813",46.8715277924388,-2.25611017342416,0.331564222703931,-6.80444396269723,1.01440263155476e-11,1.7060665487685e-10,"S000000813","S000000813","TIR1"
"S000000818",257.751679102661,1.14594522856277,0.317460315714998,3.60972748981812,0.000306518853929234,0.00113293432750639,"S000000818","S000000818","BIM1"
"S000000826",12792.5588223077,-2.86469156613789,0.235537195451612,-12.1623744421564,4.93044381596288e-34,5.11831072688147e-32,"S000000826","S000000826","YAT2"
"S000000828",975.512842592494,1.58781057019491,0.113682983013597,13.967003047457,2.47838209798956e-44,4.81365761677262e-42,"S000000828","S000000828","CHO1"
"S000000830",182.286197597555,-1.56346400604048,0.409655913702107,-3.81652980891031,0.00013534173100959,0.000552095231984242,"S000000830","S000000830","MIG3"
"S000000832",669.145299148443,-1.44051550459877,0.446002804748254,-3.22983508009969,0.0012386164358745,0.00381663744135125,"S000000832","S000000832","CHZ1"
"S000000834",172.131941946319,1.71576179679632,0.283838955438468,6.04484255568744,1.49555975495842e-09,1.77959788233293e-08,"S000000834","S000000834","FIR1"
"S000000836",102.190874352787,1.27750493804548,0.32027399071544,3.98878764770046,6.64118382534435e-05,0.000296636259735893,"S000000836","S000000836",NA
"S000000839",2468.02454638317,1.27560679190092,0.301702805561989,4.22802429538175,2.3575234011842e-05,0.000119006675986197,"S000000839","S000000839","PHM8"
"S000028746",122.908789301772,-1.37431834120219,0.35794716576688,-3.83944467965769,0.00012331290990924,0.000512046227974852,"S000028746","S000028746","FMP49"
"S000000841",488.115396132409,-1.51890836420003,0.210697017903881,-7.20896944489716,5.63769091542708e-13,1.15851662122138e-11,"S000000841","S000000841","HVG1"
"S000000845",1520.77941720264,4.88949986818504,0.375385926737367,13.0252615240046,8.78994033486273e-39,1.29083489649289e-36,"S000000845","S000000845","SAH1"
"S000007237",145.540912393482,-1.1225516224767,0.43826441274643,-2.56135700236785,0.010426415380383,0.0240711069805545,"S000007237","S000007237","ISD11"
"S000000851",531.770553043447,1.12885889409499,0.382298304546364,2.95282213044209,0.00314883341796041,0.00853630167021144,"S000000851","S000000851","TPA1"
"S000000854",2039.35898844132,3.14873266116319,0.634876956616012,4.95959512839527,7.06402495856019e-07,5.09917996234724e-06,"S000000854","S000000854","HOM3"
"S000000856",1511.06795548912,-2.29962008242657,0.442550972984729,-5.19628296581765,2.03312713062232e-07,1.636558616775e-06,"S000000856","S000000856","GIP2"
"S000002135",1164.32675368429,1.14758590182617,0.355080682848176,3.2319018106565,0.00122969302670054,0.00379886183363979,"S000002135","S000002135","RPL34A"
"S000000864",783.447376587061,2.62771242467329,0.343201702085859,7.65646676197403,1.91118189757558e-14,4.65879603453544e-13,"S000000864","S000000864","GPP2"
"S000002959",61.5617332262769,1.33442722361784,0.401559907251925,3.32310870562251,0.000890202166241548,0.00287394490238089,"S000002959","S000002959",NA
"S000028748",763.829401858447,1.69945032411155,0.320085871647667,5.30935750260858,1.10012356311509e-07,9.2511787339608e-07,"S000028748","S000028748",NA
"S000000869",2106.44661150272,1.79586371965504,0.295700003735727,6.07326241787958,1.25337382281949e-09,1.51233743230384e-08,"S000000869","S000000869","RGI1"
"S000000872",1749.77714475066,3.86902888722769,0.331219065329518,11.6811780848984,1.59075370342737e-31,1.38810551425162e-29,"S000000872","S000000872","RNR1"
"S000000874",688.172138796611,2.15720851062278,0.181235623557091,11.9027841672818,1.14463509820661e-32,1.09394411528603e-30,"S000000874","S000000874","VTC1"
"S000000875",2755.09586616153,4.81876417654441,0.386640840744802,12.4631535749349,1.18586726855753e-35,1.42802136479697e-33,"S000000875","S000000875","ALD5"
"S000000876",1780.56979948974,1.22347195289325,0.392986314306453,3.11326860084796,0.00185027540162402,0.00543970126620031,"S000000876","S000000876","RPS24A"
"S000028750",14.8095333323407,-1.12478489645693,0.446320965923203,-2.52012560989678,0.0117312962341214,0.0266242497646608,"S000028750","S000028750",NA
"S000000881",817.507489241547,-1.05920911539579,0.198600933914678,-5.33335415155119,9.64150080218859e-08,8.18779637940444e-07,"S000000881","S000000881",NA
"S000000888",1418.22399806297,1.0688062437985,0.173333287471929,6.16619149955019,6.99543595392663e-10,8.81161503736239e-09,"S000000888","S000000888","ILV1"
"S000000892",1332.17189150689,1.66219057657041,0.254584493893516,6.52903305755004,6.61956413879186e-11,9.81684622651866e-10,"S000000892","S000000892","TRP2"
"S000000893",3426.94966513507,2.39263086970674,0.195814056150761,12.2188923345963,2.46419285557527e-34,2.69761912425794e-32,"S000000893","S000000893","MET6"
"S000000898",755.516859103448,-2.20810516763285,0.144839143678979,-15.2452238500312,1.77124876423088e-52,4.84758582247006e-50,"S000000898","S000000898","SHC1"
"S000000903",1068.03483171434,-1.31217894161547,0.356349394884454,-3.68228194141017,0.000231155563117003,0.000879208872727399,"S000000903","S000000903","AST2"
"S000000904",2278.50971488228,1.63543314642342,0.395474853696902,4.1353657031171,3.5438981810762e-05,0.000169887029842833,"S000000904","S000000904","RPS8B"
"S000000908",25.5500130082657,-2.10197613794547,0.477643991244375,-4.4007172213542,1.07893656675596e-05,5.99777593419343e-05,"S000000908","S000000908","MAM1"
"S000000917",301.311549678204,-1.04473699175537,0.259600666554299,-4.0244002668493,5.71206943725928e-05,0.000260154085338412,"S000000917","S000000917","SPR6"
"S000000918",732.647300826355,-1.24568015595896,0.212854593171669,-5.85225875278298,4.84941374829307e-09,5.24149867927549e-08,"S000000918","S000000918","SLX8"
"S000000919",1793.68806074791,1.4216286814385,0.303183068636622,4.68901079414292,2.74528908920625e-06,1.79472156418142e-05,"S000000919","S000000919","RPL23B"
"S000000926",1356.78785384134,2.15135513680074,0.283865357604928,7.57878719316962,3.48800079647781e-14,8.26820976204445e-13,"S000000926","S000000926","DSE1"
"S000000929",180.190516823007,1.4105571994551,0.529305093375519,2.66492277725801,0.00770060035546196,0.0184689723968394,"S000000929","S000000929","LCP5"
"S000000932",1694.92901523125,2.95007547296328,0.364397035157432,8.0957724359331,5.69021105637503e-16,1.59352375676438e-14,"S000000932","S000000932","COM2"
"S000028756",59.4776016224768,1.45200526809892,0.26870337384821,5.40374781047278,6.52626854636717e-08,5.72808497342226e-07,"S000028756","S000028756",NA
"S000000951",184.661119224269,1.05847015558991,0.181049525646362,5.84630173324718,5.02621994362775e-09,5.39445103040689e-08,"S000000951","S000000951","PEA2"
"S000000956",421.456137516447,1.19592010421214,0.17780763158564,6.72592111793655,1.74485076585309e-11,2.83650441086421e-10,"S000000956","S000000956","OXA1"
"S000000958",296.170975679587,1.48640421825374,0.360748073474352,4.1203386173022,3.78315979738564e-05,0.000180208901424517,"S000000958","S000000958",NA
"S000000960",1090.45830609521,1.64934328013399,0.138731965762362,11.8887040277308,1.35492634306847e-32,1.25507869409466e-30,"S000000960","S000000960",NA
"S000000961",370.319758130201,1.10367993825785,0.181403918610937,6.08410196818821,1.17146035769726e-09,1.42204895437403e-08,"S000000961","S000000961","BUR6"
"S000000964",1714.60283851991,-1.00058321333421,0.286113605697138,-3.49715355512792,0.000470251067486036,0.00164998932245537,"S000000964","S000000964","RAD4"
"S000000965",333.392516599439,1.79596235680078,0.13855171074613,12.9623975563286,1.99900353529063e-38,2.79906983394997e-36,"S000000965","S000000965","GCG1"
"S000000970",293.687101081279,1.05010230984578,0.227124199879193,4.62347169700246,3.77370252512217e-06,2.38420387237781e-05,"S000000970","S000000970","CCA1"
"S000000989",24.2822729588712,-2.01078177319087,0.408431255101953,-4.9231829055025,8.5147798877002e-07,6.0743471213084e-06,"S000000989","S000000989",NA
"S000000990",92.8390947966616,-1.33773136004859,0.261176192281608,-5.12194985447298,3.02392316871414e-07,2.35842505166164e-06,"S000000990","S000000990",NA
"S000001895",151.01047267727,1.63695537865911,0.449456472376553,3.64207766327965,0.000270446449192381,0.00101093674255407,"S000001895","S000001895","DEG1"
"S000001891",248.803593687299,-1.17728953192174,0.271513107216274,-4.33603203908668,1.45077806955261e-05,7.71655013849493e-05,"S000001891","S000001891","MSH4"
"S000001887",3845.12310149692,-1.66144199002935,0.252551073715025,-6.57863760224633,4.7477837091366e-11,7.2370647373953e-10,"S000001887","S000001887","BLM10"
"S000001884",601.072040466726,1.17290000540062,0.121493016149173,9.65405290424673,4.72505049029167e-22,2.10737251867008e-20,"S000001884","S000001884","WWM1"
"S000001955",115.561446764744,1.39361440607885,0.23629508666362,5.89777140843702,3.68443917592664e-09,4.07046023454207e-08,"S000001955","S000001955","AUA1"
"S000001883",157.384281638288,-1.99640968369838,0.211480167315769,-9.4401745044842,3.72159080771904e-21,1.56697190582352e-19,"S000001883","S000001883","HXT10"
"S000001877",135.562874706337,1.11365921990919,0.238622196434775,4.66703951496647,3.05570580985666e-06,1.976198139758e-05,"S000001877","S000001877","GNA1"
"S000002965",14.276770148202,1.21639457417684,0.462192055605442,2.63179463909963,0.00849351849506828,0.0201257280042527,"S000002965","S000002965","SMX2"
"S000028766",279.720980356368,1.34533095240295,0.2923895414606,4.60115962316057,4.20145289368556e-06,2.60524694880337e-05,"S000028766","S000028766",NA
"S000001873",962.007156071928,1.18934088459078,0.200859729083509,5.92125106420065,3.19501655831228e-09,3.57568674676547e-08,"S000001873","S000001873","GAT1"
"S000001872",948.172482601064,1.57417704793645,0.353414835490042,4.45419062771859,8.42102572230716e-06,4.80142006382684e-05,"S000001872","S000001872","FRS2"
"S000001870",1044.09715040673,-1.44940075192552,0.359269527044551,-4.03429916210454,5.47655083148869e-05,0.000250946062073009,"S000001870","S000001870","EPL1"
"S000001866",435.868148659615,1.26502000168289,0.218991042776225,5.7765833051699,7.62327670138782e-09,7.94113304827959e-08,"S000001866","S000001866","CAF16"
"S000001863",1233.78421065492,1.74199750289416,0.222245036208157,7.83818407202844,4.57108610603492e-15,1.1420128400181e-13,"S000001863","S000001863","HAC1"
"S000001859",152.330869473534,1.01579773283688,0.274242365699216,3.70401462314903,0.00021221401683274,0.000818015746062692,"S000001859","S000001859","MOB2"
"S000001857",898.29393122094,1.84035974353744,0.202113931727234,9.10555609803841,8.58256147244068e-20,3.33390984681067e-18,"S000001857","S000001857","TUB2"
"S000001919",128.16907612307,-1.20866534633461,0.358695356480947,-3.36961525845349,0.000752732034868966,0.00248391876054592,"S000001919","S000001919","PES4"
"S000001921",327.973395760473,1.01491586524407,0.220348139422144,4.60596521443591,4.10557022405524e-06,2.56368560299018e-05,"S000001921","S000001921","HIS2"
"S000001924",233.971172287278,1.45284152131674,0.259292877004835,5.60309075242991,2.10562905487922e-08,2.00601147775756e-07,"S000001924","S000001924","CDC14"
"S000001926",1183.90612864875,1.96432325126936,0.188184008470116,10.4383112424842,1.65732717384913e-25,9.68812321722873e-24,"S000001926","S000001926","MET10"
"S000002104",3146.44985155529,1.08863754757649,0.34089282822932,3.19348914798571,0.00140564620765354,0.00426582450417437,"S000002104","S000002104","RPL2A"
"S000006437",21.2338220247217,1.69495087080505,0.418508361950694,4.04998089621143,5.12218143194951e-05,0.000236689596329762,"S000006437","S000006437","RPL29"
"S000001947",795.026347472294,1.18754860974579,0.183233481003502,6.48106777889078,9.1075743627506e-11,1.30563583900289e-09,"S000001947","S000001947","RET2"
"S000001952",64.3964946939207,2.62986397203938,0.316370272237733,8.31261405642816,9.3616600679166e-17,2.77667759945447e-15,"S000001952","S000001952","IRC7"
"S000002969",256.918643431447,2.66087971000003,0.350276486844017,7.59651249781134,3.04217932051417e-14,7.23990580585606e-13,"S000002969","S000002969","ERG26"
"S000002973",1312.74323806884,-1.48797650537432,0.233880506716667,-6.36212280477447,1.9898424314044e-10,2.7167440543052e-09,"S000002973","S000002973","COG7"
"S000002976",20028.8819419005,4.73267757835766,0.235851668214872,20.0663307331198,1.45347289108321e-89,1.0939200346515e-86,"S000002976","S000002976","PMA1"
"S000002977",4869.14666990987,3.09612336665488,0.236659300639417,13.0826185925913,4.13930727693291e-39,6.23069227860327e-37,"S000002977","S000002977","LEU1"
"S000002978",423.556537619386,-1.82890007477387,0.387414713971635,-4.72078113922067,2.34940629633218e-06,1.55619090321409e-05,"S000002978","S000002978","MPO1"
"S000002980",832.755145740937,3.03531051403194,0.258670412228111,11.734277948091,8.50490190295605e-32,7.53059034672035e-30,"S000002980","S000002980","ERG4"
"S000002994",2305.84778430028,1.2731353280482,0.143236720869455,8.88833059232436,6.20338766503793e-19,2.30559241550576e-17,"S000002994","S000002994","TRP5"
"S000002996",727.143178910742,1.66051671471767,0.262715698471054,6.32058428324423,2.6057616002733e-10,3.45579088001003e-09,"S000002996","S000002996","SCW11"
"S000002998",1653.80568434544,1.3118741758436,0.377697262158378,3.4733483858125,0.000514007677954011,0.00179099550287101,"S000002998","S000002998","RPL30"
"S000003001",17.4026591423359,-2.99211597789878,0.58873571903607,-5.08227355866523,3.72943778633645e-07,2.84961229841774e-06,"S000003001","S000003001","HOP2"
"S000003013",1632.97787590752,1.19269974758232,0.371368436779978,3.2116346718204,0.00131982094263009,0.00403792779246737,"S000003013","S000003013","RIM8"
"S000003017",719.242561918476,1.05496115164275,0.168268572545381,6.26950794010114,3.6219082687809e-10,4.71004528862415e-09,"S000003017","S000003017","TIF4632"
"S000003031",103.718402609138,1.51393645690632,0.355924894807496,4.2535278621776,2.10428741897054e-05,0.000108014769892477,"S000003031","S000003031","PUS2"
"S000003035",220.936238228477,1.31792853916329,0.258728550082991,5.09386590208366,3.50834959227509e-07,2.69779985888739e-06,"S000003035","S000003035","NPY1"
"S000003038",71.8272375936102,1.58814739890515,0.365650043613952,4.34335350601487,1.40324061251378e-05,7.55041262550982e-05,"S000003038","S000003038","RPB9"
"S000003044",3228.45386082083,1.04542852295578,0.339050332785516,3.08340214376702,0.00204648402310837,0.00593825556777615,"S000003044","S000003044","RPL7A"
"S000003045",672.806966554425,2.08334506663831,0.265113015092,7.85832813947419,3.89294376597595e-15,9.8900482763465e-14,"S000003045","S000003045","HNM1"
"S000003049",111.83558094221,-1.26215100826661,0.505294109870627,-2.49785418751422,0.0124947576201293,0.0280712446383578,"S000003049","S000003049",NA
"S000003060",465.213223726631,1.18577653088759,0.245397802583475,4.83205847160849,1.35128552310108e-06,9.33037859471517e-06,"S000003060","S000003060","NUP145"
"S000003065",380.980464387065,2.22788289724997,0.36179266365299,6.15789959573869,7.37160642384798e-10,9.26606310605192e-09,"S000003065","S000003065","SRM1"
"S000003070",3681.03108614183,1.11423264226772,0.361674947874665,3.08075704113696,0.00206475052643088,0.00597973204407904,"S000003070","S000003070",NA
"S000003071",4995.84440239488,1.04724883854943,0.369071858275398,2.83752016055362,0.00454654754298818,0.0117437849662513,"S000003071","S000003071","RPL28"
"S000003072",434.449020777754,-1.27711924979048,0.211435019733026,-6.04024466430901,1.53880714684921e-09,1.82384996676753e-08,"S000003072","S000003072","VPS73"
"S000003088",449.029853255054,2.0286372639989,0.367582926904037,5.51885606082163,3.41213529684455e-08,3.13655978966428e-07,"S000003088","S000003088","PRP43"
"S000028634",108.282029548806,1.47208219699979,0.384974590778356,3.82384248795091,0.00013138786907167,0.000538887165994908,"S000028634","S000028634",NA
"S000003091",5938.17449479081,1.20548706270193,0.446211292273065,2.70160590638798,0.00690054998636029,0.0168419857628649,"S000003091","S000003091","RPS2"
"S000003093",693.994362187252,1.14249887112299,0.178456212541874,6.40212439146608,1.53229742811547e-10,2.13563954043593e-09,"S000003093","S000003093","MET13"
"S000003094",389.605639426275,1.36033763981462,0.162445663028416,8.37410869859086,5.56433827980778e-17,1.70065384683871e-15,"S000003094","S000003094","SCS3"
"S000003102",679.883653477327,-1.13794053357771,0.190794724485754,-5.96421382532868,2.45814669446071e-09,2.79782632275008e-08,"S000003102","S000003102","PCL10"
"S000003115",1605.28787924432,2.84822496522542,0.24409189424076,11.6686585356909,1.84306473818383e-31,1.56297081529646e-29,"S000003115","S000003115","RPL9A"
"S000003116",1153.94719905867,1.98503271953714,0.25093094192177,7.91067336827674,2.56000393433442e-15,6.55905688877767e-14,"S000003116","S000003116","ARO2"
"S000003120",298.099466825289,-1.26196052656416,0.345628115529496,-3.65120911714854,0.000261008605157295,0.000979148169253628,"S000003120","S000003120",NA
"S000003121",473.334736248654,-1.186506990853,0.348074392465329,-3.40877414867911,0.000652554805769463,0.00219744546171026,"S000003121","S000003121","PEX14"
"S000003122",465.527433589122,-1.20844325018761,0.321639608433462,-3.75713444023051,0.000171870172397394,0.000675917902027898,"S000003122","S000003122","LYS5"
"S000003124",6658.22825699633,-1.05922154925838,0.278930236640537,-3.7974425505666,0.000146196644845729,0.00058840240549207,"S000003124","S000003124","AMS1"
"S000003125",139.388088923983,2.07666770731304,0.30883783427702,6.72413634869074,1.76636971582662e-11,2.85895485456776e-10,"S000003125","S000003125","ARI1"
"S000003138",30.8009457883956,-2.0086949199623,0.391052795622919,-5.13663357594106,2.79703564376646e-07,2.20143158315266e-06,"S000003138","S000003138","SPO74"
"S000003147",389.749513773343,1.59255563190643,0.223598701660833,7.1223831805701,1.06076652820802e-12,2.08077375656556e-11,"S000003147","S000003147","TOS3"
"S000003170",1237.23468318415,1.30214095958321,0.18882986313722,6.8958423098414,5.35465674390788e-12,9.51043901329479e-11,"S000003170","S000003170","ARO8"
"S000003177",641.714056990635,-1.22683125382386,0.271452977722311,-4.51949823545083,6.19863643138178e-06,3.65185811676611e-05,"S000003177","S000003177","MIG2"
"S000003185",10.9974167002184,1.37522565982308,0.555964520402789,2.47358529070658,0.0133764870710998,0.0297536374878455,"S000003185","S000003185",NA
"S000003193",664.214825999631,2.0831487507843,0.328762389438928,6.33633535253058,2.35294365962785e-10,3.16229325326324e-09,"S000003193","S000003193","VRG4"
"S000003203",1814.00864122417,1.75847302641671,0.203418515066586,8.64460654351499,5.39910158096125e-18,1.85759946394101e-16,"S000003203","S000003203","ADE5,7"
"S000003215",212.52658582224,1.28092003004463,0.394554224837774,3.24649933876972,0.00116833719460043,0.00364107569807929,"S000003215","S000003215","RAI1"
"S000003216",116.839521190914,-1.11968309922471,0.264313487204389,-4.23619358613688,2.27340795734001e-05,0.000115123543407437,"S000003216","S000003216","BRR6"
"S000003218",313.793456340234,-1.06775488574135,0.192670841370283,-5.54186029472563,2.99275039308432e-08,2.77647921675819e-07,"S000003218","S000003218","ZIP2"
"S000003220",401.431685254811,-1.92919102376188,0.460733007890524,-4.18722121211745,2.82390563641654e-05,0.000138802394828643,"S000003220","S000003220","HFM1"
"S000003222",2457.87944556353,2.33432249328882,0.391031128579949,5.96965899304753,2.3774997645481e-09,2.72665258711317e-08,"S000003222","S000003222","HXK2"
"S000003225",1318.51551085231,-3.46558701067444,0.320639064264781,-10.8083742653783,3.14188702688632e-27,2.07882437240467e-25,"S000003225","S000003225","ADH4"
"S000003226",511.044265277568,-1.26952838563663,0.360604984030241,-3.52055141181898,0.000430650498318436,0.00152347041737679,"S000003226","S000003226","MNT2"
"S000003227",19.7772078431507,-1.34182915716248,0.455052964284736,-2.94873182349575,0.00319080727320772,0.00863842202876965,"S000003227","S000003227","VEL1"
"S000003238",162.980327184929,-1.16355852086707,0.204288503561868,-5.6956632437943,1.22893234401445e-08,1.22304159393571e-07,"S000003238","S000003238","PRP18"
"S000003242",390.93474149172,-1.0506765982589,0.313151855212772,-3.35516644966072,0.000793172440168238,0.00259407455852958,"S000003242","S000003242","NMA2"
"S000003243",32.7907522792247,-1.03744542646941,0.396727995879308,-2.61500432851989,0.00892263247130335,0.0209856133241084,"S000003243","S000003243",NA
"S000003252",337.219796671551,1.43455281291679,0.33492013321632,4.28326836950776,1.84167812233666e-05,9.5923390783642e-05,"S000003252","S000003252","VMA7"
"S000003266",1417.56584232285,1.13707099590578,0.453798790647832,2.50567215986302,0.0122218882833493,0.0275817051551896,"S000003266","S000003266","RPL26B"
"S000003275",13211.4683005553,-1.22197740595551,0.281535928203527,-4.34039596208171,1.42226195594417e-05,7.6322987849731e-05,"S000003275","S000003275","NQM1"
"S000003278",1416.43651941744,-1.27594065389261,0.180288933935308,-7.07719894971725,1.47097286448293e-12,2.83869474905504e-11,"S000003278","S000003278","TAM41"
"S000003284",1843.67374862197,-1.66322990323843,0.601452937276845,-2.76535336375429,0.00568611632181656,0.0142117502588865,"S000003284","S000003284","FMP48"
"S000003285",248.823748954541,-1.17260140121123,0.305204658170316,-3.84201672491143,0.000122027518906947,0.000507408626615142,"S000003285","S000003285",NA
"S000003286",511.317050167936,1.08593693128153,0.429460378106456,2.52860796162281,0.0114515860709853,0.0260779121533292,"S000003286","S000003286",NA
"S000003287",1070.37661397945,2.26165931022854,0.290004343388848,7.7987084048463,6.25439968868008e-15,1.55610498039433e-13,"S000003287","S000003287","MUP1"
"S000003292",1974.9309106047,1.19333710980496,0.429272211811595,2.77990765991793,0.00543743575938104,0.0136810700824209,"S000003292","S000003292","ERG25"
"S000003296",26.0292927276914,1.19932830649017,0.376528431369564,3.18522641737252,0.00144640793558662,0.00436970505778577,"S000003296","S000003296",NA
"S000003297",867.513491001823,1.09668246900775,0.417632373465349,2.6259517668803,0.00864070605186288,0.0204423147891027,"S000003297","S000003297","VHT1"
"S000003310",108.539029347713,1.70072115785356,0.238158096629366,7.14114355935718,9.25576202541363e-13,1.85145990548224e-11,"S000003310","S000003310","PAC10"
"S000003317",1381.96798580304,1.50036587229662,0.495696164995277,3.02678531376355,0.00247169436941911,0.00697379184548849,"S000003317","S000003317","RPL11B"
"S000003324",255.705903547878,1.20642267746051,0.208455762431226,5.78742781389184,7.14723850491208e-09,7.48409096314359e-08,"S000003324","S000003324","DBF2"
"S000003328",176.392308533914,-1.39186530199592,0.20947277724911,-6.64461186925823,3.04017129265047e-11,4.76689358152304e-10,"S000003328","S000003328","TPC1"
"S000003340",187.354652127528,4.09497578539441,0.293075432656007,13.9724293786195,2.29657092491996e-44,4.60921784631436e-42,"S000003340","S000003340","CLB1"
"S000003350",2566.87391569358,1.12044727391343,0.225924563811183,4.95938668647757,7.07160815239984e-07,5.09917996234724e-06,"S000003350","S000003350","RPS23A"
"S000003355",157.708444742732,1.47405661523356,0.45768132310781,3.22070519553696,0.00127875613715263,0.00392599935364739,"S000003355","S000003355","PPT1"
"S000003356",2033.99422533339,2.00643655063548,0.298854436031089,6.7137586354139,1.89673959112798e-11,3.06173433731409e-10,"S000003356","S000003356","ASN2"
"S000003359",687.241997573903,-1.94164051740707,0.501314076157329,-3.87310193300401,0.000107458856690971,0.000453869668779405,"S000003359","S000003359",NA
"S000003362",3258.75950791527,-1.20361892593482,0.351021920281066,-3.42889961108718,0.000606033644367442,0.00206504163708906,"S000003362","S000003362",NA
"S000003368",879.577277631511,2.49703434960542,0.192330910175479,12.9830111412002,1.52754860437315e-38,2.18985003498351e-36,"S000003368","S000003368","LSB1"
"S000003369",134.928815450741,2.47917843074892,0.292212186068933,8.48417194402727,2.17260296699882e-17,6.92129230915338e-16,"S000003369","S000003369",NA
"S000003370",5202.48372590435,3.38720121682978,0.246692705340937,13.7304474088464,6.67202259644843e-43,1.18153670744753e-40,"S000003370","S000003370","TPO2"
"S000003375",2411.14886832597,-1.5772180758826,0.097513113297685,-16.1744202655874,7.64136362745588e-59,2.87554065005699e-56,"S000003375","S000003375","SKN1"
"S000003376",2804.35809752832,-1.08327434083235,0.276129413736286,-3.92306754349217,8.74286276522406e-05,0.000377623936222483,"S000003376","S000003376","THI4"
"S000003380",1415.34521925155,1.39725114474305,0.39220194728226,3.56258084495812,0.000367226765755728,0.00132637813834147,"S000003380","S000003380","RPL24B"
"S000003383",22.4701856010949,6.2478395757788,1.22040276139109,5.11948987124308,3.06363222317522e-07,2.38630396063881e-06,"S000003383","S000003383",NA
"S000003384",117.189145672904,3.76505377922359,0.452362111671483,8.32309709871958,8.56941905409152e-17,2.57982360623425e-15,"S000003384","S000003384","RSR1"
"S000003386",968.060430657232,-1.70283043140835,0.200455572916374,-8.4948021480986,1.98270364022784e-17,6.3838816138031e-16,"S000003386","S000003386","GTO1"
"S000003389",1438.91907298309,1.99385063277134,0.124272319274526,16.0442055351585,6.27568677669032e-58,2.22270059308544e-55,"S000003389","S000003389","CHO2"
"S000003391",824.436558726899,1.87612375006601,0.67341266985332,2.78599413710862,0.00533638368803942,0.0134775025946667,"S000003391","S000003391","NSR1"
"S000003392",256.795841642488,2.01121103034713,0.663084140251618,3.03311587211835,0.00242042642310819,0.00685483889630028,"S000003392","S000003392",NA
"S000003400",295.344211174888,-1.18112405307685,0.206531887336573,-5.71884597728989,1.07249955554491e-08,1.08529744940099e-07,"S000003400","S000003400",NA
"S000003407",1899.63354826338,1.30600899220597,0.3111853908031,4.1968840144952,2.70612431002217e-05,0.0001338831098656,"S000003407","S000003407","ERG1"
"S000003417",797.399640796692,1.92243513327087,0.257866434810062,7.4551584609563,8.97598840996593e-14,2.047137356682e-12,"S000003417","S000003417","TYS1"
"S000003419",230.091123421516,1.09378725063785,0.434342636175881,2.51825899540504,0.0117936563642839,0.0267355440396663,"S000003419","S000003419","HGH1"
"S000003421",3886.13517731505,2.66964865162046,0.263930796641968,10.1149569720048,4.74225352582739e-24,2.50465863850936e-22,"S000003421","S000003421","CRH1"
"S000003433",2537.30643736563,-1.50157952012234,0.269793511834322,-5.56566208695355,2.61158897636455e-08,2.44927994185217e-07,"S000003433","S000003433",NA
"S000003435",84.8537276614119,1.86759302931315,0.32141857498909,5.81047013034808,6.22976476192773e-09,6.59216408287643e-08,"S000003435","S000003435","YCH1"
"S000003436",2659.78604323832,1.56783598921798,0.143441699817743,10.9301269519956,8.27325983009519e-28,5.66060198147763e-26,"S000003436","S000003436","ADE3"
"S000003439",395.493979144209,1.77104350900285,0.358252157486309,4.94356690390771,7.67060090862779e-07,5.50452570949784e-06,"S000003439","S000003439","CIR1"
"S000003440",120.640136165026,2.51308696607991,0.525375307857239,4.78341278795461,1.72343686535242e-06,1.17063560962631e-05,"S000003440","S000003440","SER2"
"S000003457",248.579439598847,-2.44143719034212,0.367347451668199,-6.64612529433665,3.00909136053045e-11,4.73048017800361e-10,"S000003457","S000003457","AMA1"
"S000003460",54.4167972828576,1.05218520389101,0.244340399205944,4.30622691667198,1.66062710862474e-05,8.68691209472595e-05,"S000003460","S000003460",NA
"S000003461",486.529051382997,1.02180421396925,0.190034803046333,5.37693200187186,7.57657709975872e-08,6.55439234448955e-07,"S000003461","S000003461","SMI1"
"S000003462",165.829977849192,-2.06518365222569,0.605782221623242,-3.40911895151342,0.000651730552006595,0.00219589795950291,"S000003462","S000003462","BNS1"
"S000003466",1647.91249311854,3.36123445670013,0.372257880766094,9.02931712226703,1.72746383259463e-19,6.58294920003307e-18,"S000003466","S000003466","YHB1"
"S000003468",3731.74803790874,-4.45668256684843,0.68834736045394,-6.47446743154416,9.5146930363394e-11,1.36075930574346e-09,"S000003468","S000003468","SPG1"
"S000003471",268.984181728998,1.01160171899609,0.253270208529879,3.994159932461,6.4924030604596e-05,0.000291287323599309,"S000003471","S000003471","PEX21"
"S000003480",1994.48808266545,-1.66773178751896,0.356107531587314,-4.68322526087895,2.8239587746746e-06,1.83816819268278e-05,"S000003480","S000003480","SOL4"
"S000003488",5752.45361484728,-1.33337059261172,0.242800122046467,-5.49163888952467,3.9822097576516e-08,3.63837404413054e-07,"S000003488","S000003488","GND2"
"S000003491",256.123461036383,-1.42475017837681,0.218621790825031,-6.51696325878638,7.17449899911854e-11,1.05617746879444e-09,"S000003491","S000003491",NA
"S000003492",1736.05459182049,-1.48925321827911,0.245151583452331,-6.07482602113679,1.24122217858469e-09,1.50068247736113e-08,"S000003492","S000003492","TNA1"
"S000003496",752.315204893012,1.28714283663587,0.31232905255795,4.12111145631273,3.77048947324093e-05,0.000179747562299158,"S000003496","S000003496","MES1"
"S000007608",113.195955739978,1.00525693247453,0.435262476398379,2.3095419131753,0.0209135286684674,0.0433759407898181,"S000007608","S000007608","EFG1"
"S000003511",2468.05495798051,4.80285982073635,0.409154860175553,11.7384889884373,8.09192406548183e-32,7.27186191018897e-30,"S000003511","S000003511","SCW4"
"S000003513",1957.11732020139,-1.03460383546968,0.227307586875997,-4.55155874772488,5.32499241518081e-06,3.17507762029043e-05,"S000003513","S000003513","YOR1"
"S000003517",1678.52996520724,2.0135234932797,0.42248647417425,4.76588865292111,1.88023079921567e-06,1.26490163598632e-05,"S000003517","S000003517","ZUO1"
"S000003521",941.675021681283,-1.09361293213345,0.268507837234365,-4.07292741767869,4.64258956804342e-05,0.00021685827609922,"S000003521","S000003521","MAL11"
"S000003522",86.3003774809661,-1.12116514793398,0.315140964497,-3.55766236142446,0.000374169828795019,0.00134500091891034,"S000003522","S000003522",NA
"S000003524",60.2819536681854,2.48006410082162,0.325383955945076,7.62196185616557,2.4984887498099e-14,6.06588740427637e-13,"S000003524","S000003524","MAL12"
"S000003528",186.326651792005,1.43973780304653,0.330372991768594,4.35791617026303,1.3130665540379e-05,7.11608795847185e-05,"S000003528","S000003528","YRF1-3"
"S000001007",3065.69090176555,1.14945221497505,0.410464524077273,2.80036920988245,0.00510441875525686,0.0129514139592927,"S000001007","S000001007","RPS20"
"S000001010",9.37034501078208,2.03504075541285,0.59218105395951,3.43651783826234,0.000589243549904073,0.00201010505040931,"S000001010","S000001010",NA
"S000001028",512.665271636586,2.28283719272321,0.40915000803059,5.57946266141229,2.41262726852788e-08,2.27330653893683e-07,"S000001028","S000001028","MUP3"
"S000001035",104.838628196464,-1.48864889464427,0.299176684282069,-4.97581854754678,6.49724895989773e-07,4.73606973214821e-06,"S000001035","S000001035","ECM34"
"S000001036",147.124297362959,-1.19613561906886,0.272175605635853,-4.3947201523607,1.10915546866344e-05,6.12913331635715e-05,"S000001036","S000001036",NA
"S000028775",33.2470618751157,-1.22810731951819,0.433323126782764,-2.83416056889545,0.00459462394178854,0.0118476362970059,"S000028775","S000028775",NA
"S000001049",2817.59224091551,1.43444230700679,0.339748527954029,4.22207070519194,2.42068144646223e-05,0.000121660459007922,"S000001049","S000001049","ERG11"
"S000001052",2526.66877108027,1.15580780943644,0.367957791514403,3.14114237037755,0.00168290202173814,0.00499642656453911,"S000001052","S000001052","RPL27A"
"S000001055",202.517027377677,1.21754413333041,0.224452717440709,5.4245016376424,5.81164574188915e-08,5.18398800176512e-07,"S000001055","S000001055","ARD1"
"S000001056",36.9170152851154,-1.65810797383148,0.307885539808492,-5.38546881695982,7.22560618435646e-08,6.27783186666815e-07,"S000001056","S000001056","SPO13"
"S000001060",3883.75694499725,2.00611504293496,0.267257702115881,7.50629458778,6.0824458268091e-14,1.40315733039148e-12,"S000001060","S000001060","ARG4"
"S000001061",2317.33205124734,1.52615204713626,0.393008074812209,3.88325875458284,0.000103065786061098,0.000437321422039373,"S000001061","S000001061","DED81"
"S000001062",1218.51525022894,1.82469670925533,0.44768252793216,4.07587206425853,4.584221910505e-05,0.000214464647421528,"S000001062","S000001062",NA
"S000001063",347.580858558189,1.31574085400731,0.390125839916238,3.37260627055569,0.000744603459130523,0.002461975523023,"S000001063","S000001063","RPS27B"
"S000001064",185.869810386399,-1.71753421997753,0.664952785869799,-2.5829416110061,0.00979619005834038,0.0227645157627431,"S000001064","S000001064",NA
"S000001066",361.86307823097,1.46817049539819,0.30613311500355,4.79585651941367,1.61981195995829e-06,1.10702472314516e-05,"S000001066","S000001066","MAS2"
"S000001067",692.515304340794,2.16954309490884,0.297557814562967,7.29116490553381,3.07286364644155e-13,6.53770742587441e-12,"S000001067","S000001067","THR1"
"S000001073",158.676730246562,1.17720918063281,0.266199119208601,4.42228803811447,9.76611405636279e-06,5.46993234728934e-05,"S000001073","S000001073","RRM3"
"S000001075",2355.44672705251,1.46107598347645,0.33982471511284,4.29949888427421,1.71184737668561e-05,8.93931748050654e-05,"S000001075","S000001075",NA
"S000001084",873.337819860832,1.1232365786259,0.251085616457913,4.47352020586243,7.69422836467757e-06,4.44170172423046e-05,"S000001084","S000001084","NCP1"
"S000001085",238.467418734501,2.20167141568588,0.181703471755449,12.11683736373,8.60146942971183e-34,8.77787244682965e-32,"S000001085","S000001085","DOG2"
"S000001088",397.231347569021,1.57802531068334,0.304154610225407,5.18823406790999,2.12297656289514e-07,1.70205617645694e-06,"S000001088","S000001088","INM1"
"S000001091",411.390164298897,2.02368884344445,0.19862195854314,10.1886461008032,2.22846000722632e-24,1.21977797304633e-22,"S000001091","S000001091","FSH1"
"S000028647",56.2623907539974,-1.32659405862816,0.442090402988342,-3.00073027973679,0.00269333017110293,0.00749378048068887,"S000028647","S000028647",NA
"S000001096",1851.67777175612,-1.31011585836832,0.17302560996537,-7.57180314885486,3.68078939448326e-14,8.69099331144458e-13,"S000001096","S000001096",NA
"S000001105",312.198787749515,2.19520341818121,0.346442745387748,6.33641040953039,2.35179827387062e-10,3.16229325326324e-09,"S000001105","S000001105","PAN5"
"S000028778",173.174451346547,1.41146513305418,0.219888217456028,6.41901212072193,1.37161489411937e-10,1.92505670804026e-09,"S000028778","S000028778",NA
"S000001106",1912.47820092265,1.12461256753433,0.259471045431286,4.33425072791851,1.46257407274767e-05,7.77242585349842e-05,"S000001106","S000001106","SSZ1"
"S000001110",561.609503611265,2.18850033191889,0.511182049123034,4.28125427266744,1.85842860223492e-05,9.66286581524735e-05,"S000001110","S000001110","DYS1"
"S000028779",17.6355845861775,1.46561372389316,0.627802477536135,2.3345140809974,0.0195688196259394,0.041139616958024,"S000028779","S000028779",NA
"S000028780",33.8460715792913,1.59057609551492,0.408264828386252,3.89594200852908,9.78177936867894e-05,0.000417406758177292,"S000028780","S000028780",NA
"S000001112",174.766985331181,1.36867434729647,0.328831034283004,4.16224201672686,3.15138087363472e-05,0.000153515082849148,"S000001112","S000001112","TRM5"
"S000001113",2274.80117139832,1.68336961880615,0.262480189468745,6.4133206479821,1.42383602915474e-10,1.99370156547459e-09,"S000001113","S000001113","PCL5"
"S000001131",418.056064232143,1.64671946896129,0.521061961688838,3.16031410856403,0.00157599134998925,0.00471622461147379,"S000001131","S000001131","GAR1"
"S000001134",917.583533927746,1.88017644186421,0.474222435061731,3.96475641566696,7.34709328032125e-05,0.00032365830182225,"S000001134","S000001134","HXT4"
"S000001146",1685.15262572178,1.39928494949087,0.208759352971828,6.70286111530389,2.04377698644739e-11,3.28148832943992e-10,"S000001146","S000001146","GRE3"
"S000001147",110.588220776929,-1.04961449198342,0.408640878056347,-2.5685499134981,0.0102125003657502,0.0236134657074431,"S000001147","S000001147","YPT35"
"S000001148",1793.3027739991,-1.4363458390243,0.40682465017484,-3.53062637282919,0.000414576917433009,0.00147440497333972,"S000001148","S000001148","TRR2"
"S000001149",366.198109933722,1.37149286736641,0.313296954098079,4.3776131539953,1.19986071335195e-05,6.56760123190191e-05,"S000001149","S000001149","CDC12"
"S000001157",732.701131565799,-1.10255391520478,0.428709471841981,-2.57179742371351,0.0101172071460267,0.023423566620085,"S000001157","S000001157","DMA1"
"S000001165",198.16573645108,2.36732206595837,0.319979930806499,7.39834545245266,1.37891749647656e-13,3.08641719192764e-12,"S000001165","S000001165","EPT1"
"S000007496",491.579778526757,-2.13863293942487,0.464319066471261,-4.60595546006346,4.10576270545649e-06,2.56368560299018e-05,"S000007496","S000007496","IGO2"
"S000028649",378.637713592834,-1.37748599730631,0.335603873661108,-4.10449969566588,4.05190805027906e-05,0.000191947587495911,"S000028649","S000028649",NA
"S000001179",1077.06049610216,-1.48873681855391,0.341499312771135,-4.35941380517983,1.30411307032368e-05,7.08670107980041e-05,"S000001179","S000001179","ARO9"
"S000001181",32318.8955802901,-2.90547538598369,0.288143124978219,-10.0834451150043,6.53922645593379e-24,3.36518653770747e-22,"S000001181","S000001181","SPS100"
"S000003533",31.0681116512761,-1.34604416432759,0.386165441530391,-3.48566707314139,0.000490911560264901,0.00171876016016322,"S000003533","S000003533",NA
"S000001182",273.526356773647,-1.96891207539595,0.244520967927219,-8.05211958747844,8.13723389696364e-16,2.19705315218018e-14,"S000001182","S000001182",NA
"S000001186",2061.88006228007,2.35882340882347,0.369254066779232,6.38807699370242,1.67984760828108e-10,2.3251407929794e-09,"S000001186","S000001186","DSE2"
"S000001187",67.5783494428427,2.2902699558165,0.422870218328001,5.41601147716683,6.09431908118348e-08,5.39616105703025e-07,"S000001187","S000001187","DCD1"
"S000001192",178.621031128925,2.52074396484172,0.369516203543535,6.82174134900889,8.99435019776123e-12,1.53413548273995e-10,"S000001192","S000001192","SKG6"
"S000001193",745.655863002112,-1.36469044418245,0.309045798662283,-4.4158194354674,1.0062805786604e-05,5.63086929750398e-05,"S000001193","S000001193","PEX28"
"S000001196",30.6978570365606,1.30254837123633,0.476270121171357,2.73489415635143,0.00624003372882121,0.0154423522734207,"S000001196","S000001196","SPO16"
"S000001200",49.864845524374,-1.15767691054376,0.285468777601092,-4.05535386486809,5.005846102152e-05,0.000231491546705508,"S000001200","S000001200","REC104"
"S000001203",800.513973710158,-2.18766089294406,0.340502434854574,-6.42480249481445,1.32040842066844e-10,1.861868641884e-09,"S000001203","S000001203","PEX18"
"S000001204",1912.24436105877,-1.11036551613877,0.204754990524764,-5.42289842749632,5.86403174154336e-08,5.22297856743085e-07,"S000001204","S000001204","YAP1801"
"S000001206",315.262598191311,2.17037853955637,0.213384155734386,10.1712263128758,2.66531633436793e-24,1.43284550439547e-22,"S000001206","S000001206","SOL3"
"S000001215",110.057023382902,1.28591591196731,0.315017622983559,4.08204436243372,4.46412726713092e-05,0.000209171286189846,"S000001215","S000001215","SPC97"
"S000001222",951.673046560037,3.22114575596594,0.179604910532796,17.9346196404678,6.329532972953e-72,4.23445755890556e-69,"S000001222","S000001222","OYE2"
"S000028784",180.607835892612,2.33312750252838,0.238350609453743,9.78863661341374,1.25983134194587e-22,5.88018954252409e-21,"S000028784","S000028784",NA
"S000001226",1211.02996924189,2.64808921650424,0.200750548978473,13.1909438354174,9.89387066938533e-40,1.52746141795818e-37,"S000001226","S000001226","GND1"
"S000001227",60.5095061361773,-1.10404525582783,0.324728992891198,-3.3998973913541,0.000674111448148873,0.00226118386033669,"S000001227","S000001227","SSP1"
"S000001237",693.459167734555,-1.41943427613055,0.136257185638917,-10.4173168517664,2.06702348919606e-25,1.19668734888937e-23,"S000001237","S000001237","MDM31"
"S000001239",310.583330418192,1.19248977106317,0.408899175127592,2.91634183583538,0.00354162237805652,0.00940631157400895,"S000001239","S000001239","UTP9"
"S000001240",177.19996332383,1.00828271073811,0.370230770623792,2.72338981721935,0.00646157652310892,0.0159186383983792,"S000001240","S000001240","RIX1"
"S000001241",760.977577334024,-1.33376493850754,0.241193595069989,-5.52985222563853,3.20500660213006e-08,2.95518296346479e-07,"S000001241","S000001241","AIM18"
"S000001246",3167.62717686364,1.05134392791993,0.24801161822731,4.23909144029028,2.24426236990632e-05,0.000113904819072887,"S000001246","S000001246","RPS4B"
"S000001251",2962.30203869431,3.42667227677808,0.30533383584428,11.2227073272209,3.15462409233025e-29,2.26118948332386e-27,"S000001251","S000001251","BAT1"
"S000028652",19.7087433702903,-1.79207201798826,0.44872058461113,-3.99373703691642,6.503999427984e-05,0.000291590324317883,"S000028652","S000028652",NA
"S000001257",99.2013079303223,-1.32298102553767,0.259889779208592,-5.09054657542275,3.57032858519734e-07,2.73846476579276e-06,"S000001257","S000001257",NA
"S000003535",66.9187375716428,-1.26394246784376,0.349982194164112,-3.61144792197937,0.000304492234426071,0.00112613497756718,"S000003535","S000003535",NA
"S000001259",33.5341624089642,3.93201558509968,0.949643669923721,4.14051681660293,3.46524202453296e-05,0.000166647142409848,"S000001259","S000001259","IMD2"
"S000001272",190.33001176753,1.18435606922452,0.195410254774731,6.06086958225323,1.35387578325806e-09,1.61739803392793e-08,"S000001272","S000001272","DOT5"
"S000003536",82.9130247278499,1.37457634515155,0.234487403098731,5.86204771338093,4.57193599997355e-09,4.96115217733993e-08,"S000003536","S000003536",NA
"S000001280",4964.62715391702,1.4203405703872,0.399581917080784,3.55456668500855,0.000378602488367551,0.00135607708653244,"S000001280","S000001280","RPL2B"
"S000028656",18.5942051789457,1.11305271968404,0.401719768270023,2.77071931131825,0.00559326195514562,0.0140320959299716,"S000028656","S000028656",NA
"S000001290",22.375849623822,-2.19688746697094,0.36733603261942,-5.9805934400316,2.223261468582e-09,2.56441710772648e-08,"S000001290","S000001290",NA
"S000001291",66.0584273388451,-2.32492471258577,0.253123539237579,-9.18494075892172,4.11753895754472e-20,1.62037268388083e-18,"S000001291","S000001291",NA
"S000001295",3057.46924664333,-1.21092031563722,0.347418641997867,-3.48547881217223,0.000491257126283955,0.00171876016016322,"S000001295","S000001295","BCY1"
"S000001298",1304.18119558324,-1.34071498814256,0.329509352845984,-4.06882225515833,4.7251375243266e-05,0.000220372215600081,"S000001298","S000001298","CST6"
"S000001301",488.922964785289,1.23083300347901,0.242594850814255,5.07361553366773,3.90327302405762e-07,2.96487550488276e-06,"S000001301","S000001301","TED1"
"S000001314",800.274157257742,1.12175518074361,0.381262667375386,2.94221091318952,0.00325877892404566,0.00880265047181648,"S000001314","S000001314","RPL34B"
"S000001317",963.308486355109,-1.43938312452596,0.289915476377383,-4.96483713981627,6.87587446341222e-07,4.9819061545373e-06,"S000001317","S000001317",NA
"S000001328",370.242265775803,-1.93314090274701,0.242780638100972,-7.9625002960204,1.68597208553916e-15,4.4135817074049e-14,"S000001328","S000001328","RNR3"
"S000001334",214.899062641436,-1.33776590804823,0.336963595700304,-3.97006063894819,7.18543422356366e-05,0.000317181081085607,"S000001334","S000001334","HOP1"
"S000001335",418.727513265378,-1.17684344462278,0.244607866038948,-4.81114309069439,1.50069526094244e-06,1.03029488781464e-05,"S000001335","S000001335","SPO22"
"S000001336",675.777114689481,1.68621814688483,0.325614403292889,5.17857358222598,2.23588883919249e-07,1.78782027898778e-06,"S000001336","S000001336","SER33"
"S000001340",1899.30809947848,1.67230359089157,0.418652669895356,3.99448925360865,6.48338618537602e-05,0.000291099688457487,"S000001340","S000001340","THS1"
"S000001345",773.509751173862,-1.92949980946741,0.255374335254769,-7.55557447674797,4.17015116102992e-14,9.76983663056853e-13,"S000001345","S000001345","CAB2"
"S000001349",726.370255956219,-1.47751865805832,0.229269507241547,-6.44446213469494,1.16011092332456e-10,1.63967790360027e-09,"S000001349","S000001349","AIM19"
"S000001357",287.9041680135,1.11828296028748,0.300354037672768,3.72321600519263,0.000196701095375903,0.000765570326605243,"S000001357","S000001357","PRK1"
"S000001359",1291.88542765442,-1.50857338897555,0.200014883465721,-7.54230566663854,4.61733898588158e-14,1.07755806333306e-12,"S000001359","S000001359","FYV10"
"S000001361",338.376315884327,-1.01822294251195,0.21962114074184,-4.63627016539748,3.54752238499937e-06,2.25788924736588e-05,"S000001361","S000001361","SGA1"
"S000001363",4532.71904656777,-1.81675945000954,0.538203765499589,-3.37559780601521,0.000736555067263333,0.00244072540450882,"S000001363","S000001363","XBP1"
"S000001369",3018.87792187451,-1.21584957941299,0.238258434308712,-5.10307046607052,3.34186495022226e-07,2.58297418039644e-06,"S000001369","S000001369","PFK26"
"S000001375",96.937684326301,-1.37620012422844,0.244647151746913,-5.62524482464492,1.85245055818112e-08,1.78457676972936e-07,"S000001375","S000001375","SDP1"
"S000001378",1601.18655562038,1.30454298988083,0.135684164266473,9.61455595745731,6.94081745087737e-22,3.05041327530895e-20,"S000001378","S000001378","HIS5"
"S000001380",191.342658325488,1.92402138266381,0.335698332804855,5.73139987496531,9.96051386678971e-09,1.00963390558823e-07,"S000001380","S000001380","RHO3"
"S000001383",386.994529463563,2.65654239902867,0.189736532254257,14.0012172008538,1.53223773412363e-44,3.18124255074427e-42,"S000001383","S000001383","QDR2"
"S000001385",976.963133511749,1.54912240335589,0.203817316642438,7.60054360873349,2.94889369043422e-14,7.04574956750176e-13,"S000001385","S000001385","SIM1"
"S000001386",1506.82078898691,-1.43375627401786,0.274371496556644,-5.22560211979549,1.73589281426313e-07,1.41050076041543e-06,"S000001386","S000001386","AYR1"
"S000001393",102.990129183256,1.9446607427972,0.260080069059122,7.47716174419784,7.59449227765909e-14,1.74528389327425e-12,"S000001393","S000001393","FKH1"
"S000001398",14665.8502678777,-1.42812578858778,0.303987888973952,-4.6979693612404,2.62760836129429e-06,1.72152665324841e-05,"S000001398","S000001398","OM45"
"S000001399",1619.15454119236,-2.02476725129054,0.417684047189293,-4.84760494185913,1.24960933284547e-06,8.68810368713924e-06,"S000001399","S000001399","TMA108"
"S000001400",327.463965501265,1.0477107201371,0.28639530982862,3.65826773058557,0.000253925717106792,0.000955554214187495,"S000001400","S000001400","TPM2"
"S000001407",495.245765599134,-1.35800223406021,0.290947104134582,-4.667522772222,3.04852970581002e-06,1.97367713534216e-05,"S000001407","S000001407","PAN6"
"S000001408",1028.88819665959,-1.42565470862482,0.311709057128919,-4.573671107783,4.79251943829883e-06,2.90007633547711e-05,"S000001408","S000001408","ATG32"
"S000001415",644.714923413389,1.10584194014323,0.215746554260897,5.12565284730322,2.9650850483389e-07,2.3185424774089e-06,"S000001415","S000001415","RRD1"
"S000001420",30.2292169769718,3.66729869966569,0.525356649094364,6.98058872194263,2.93945658024276e-12,5.41237555646533e-11,"S000001420","S000001420","AIM20"
"S000001424",845.529683993754,1.1258990509213,0.255212924280595,4.41160671660743,1.02606360804775e-05,5.73259641620345e-05,"S000001424","S000001424","SUC2"
"S000001451",428.310472648889,1.59844404251217,0.483414625043779,3.30656947411844,0.000944459268143678,0.00301725164859145,"S000001451","S000001451","SQT1"
"S000001453",137.912620072427,-1.14646031682472,0.317106427145169,-3.61538025938489,0.000299907074396654,0.00111122491996446,"S000001453","S000001453",NA
"S000001455",1016.24169772586,-1.42631861679086,0.379610338415095,-3.75732289785852,0.000171740831244898,0.000675850682957864,"S000001455","S000001455",NA
"S000001458",281.746081508585,-1.24152737408261,0.461769782198361,-2.68862845067953,0.00717462264590084,0.01740467483923,"S000001458","S000001458","FLO11"
"S000001465",166.498381516292,1.36310551327028,0.278163520268998,4.90037482971198,9.56539841358483e-07,6.76771608086889e-06,"S000001465","S000001465","YVH1"
"S000001469",67.7121436296776,-1.00647483854122,0.266228120274656,-3.78049785838884,0.000156515065797815,0.000623677836643709,"S000001469","S000001469","DCG1"
"S000001471",24.7654419175114,1.3193352664611,0.3387276226628,3.89497395013009,9.82092838778896e-05,0.00041878052282491,"S000001471","S000001471","DAL3"
"S000001473",842.240627954331,1.69078668310373,0.346040955532263,4.88608835478174,1.02859053063346e-06,7.22653860553566e-06,"S000001473","S000001473","LYS1"
"S000001477",8694.10069845874,-1.82268046479309,0.326809798078248,-5.57719038875537,2.44434300452876e-08,2.29959206722933e-07,"S000001477","S000001477","GTT1"
"S000003549",1400.86839682395,1.20106893460361,0.219627394663558,5.46866631297749,4.53434476610468e-08,4.1054571183032e-07,"S000003549","S000003549","VTC4"
"S000003559",27.9182478165903,-1.13699005462858,0.398226412012342,-2.85513471816968,0.00430185769452611,0.0112030645236772,"S000003559","S000003559",NA
"S000003560",517.18330181531,-1.05783114742487,0.238095633478115,-4.44288344129631,8.87612560359893e-06,5.02285265594635e-05,"S000003560","S000003560","PET130"
"S000003574",41.280592961404,-2.11644835610152,0.473656184847097,-4.46832201037287,7.88355700664312e-06,4.53361000353374e-05,"S000003574","S000003574","IRC18"
"S000003581",2003.55154762717,-2.40144964912995,0.169330970645231,-14.1819871461157,1.18444448312176e-45,2.85261609315045e-43,"S000003581","S000003581",NA
"S000003592",1872.64588921217,-2.20137384056393,0.521935340281726,-4.21771371023793,2.46791879551714e-05,0.000123724721630381,"S000003592","S000003592","ZAP1"
"S000003594",99.1949390644529,1.37876404003226,0.28557109351781,4.82809384888346,1.37846131767928e-06,9.50711980956119e-06,"S000003594","S000003594","BIT61"
"S000003596",510.587218963067,2.46574570267843,0.250404719053111,9.84704166919249,7.05911789054273e-23,3.37324990626649e-21,"S000003596","S000003596","BNA3"
"S000003602",2537.95994594247,-1.23119564267947,0.397620671154236,-3.09640753612101,0.00195880941977707,0.00571165744749744,"S000003602","S000003602","MPM1"
"S000003603",463.66740209385,-1.29560351250358,0.380542941682876,-3.40461842958913,0.000662565633039102,0.00222493456582735,"S000003603","S000003603",NA
"S000003605",338.834221300003,1.0311117277754,0.28273201744494,3.64695776974108,0.000265363516194017,0.000993627942166776,"S000003605","S000003605","UTP18"
"S000003611",70.1012954506847,1.07786898295374,0.242172724206694,4.45082734434526,8.5540095645233e-06,4.86342696770489e-05,"S000003611","S000003611","APQ13"
"S000003615",1633.54487047404,2.70424976858802,0.265126651260503,10.1998413050181,1.98596734429635e-24,1.09701920917507e-22,"S000003615","S000003615","PRY1"
"S000003616",803.685112198161,1.51273091398027,0.370234235655879,4.08587528730408,4.39109611958816e-05,0.000206230809173481,"S000003616","S000003616","SCP160"
"S000003625",914.169746408009,-1.18290727620276,0.258785584543715,-4.57099369846443,4.85416880786593e-06,2.92855214350308e-05,"S000003625","S000003625","SIP4"
"S000003626",473.338076919765,-1.31557764879641,0.129485859872205,-10.1600101362018,2.99045358379774e-24,1.59340894053506e-22,"S000003626","S000003626","DPB11"
"S000003633",202.50321097908,1.32774489089386,0.188754789867055,7.03423151184147,2.00362209616835e-12,3.8297805209618e-11,"S000003633","S000003633","PHS1"
"S000003637",1265.76106322528,1.10045584581297,0.175021430981035,6.28754912838196,3.22516965360417e-10,4.22146662703277e-09,"S000003637","S000003637","GSH1"
"S000003641",146.802691722263,-1.82872878943147,0.216427072618777,-8.44963047969818,2.92226245524825e-17,9.21201164557577e-16,"S000003641","S000003641","SET4"
"S000003643",72.4085978708754,3.59397149650681,0.318875086053453,11.2707817377252,1.82938394082945e-29,1.3432586228944e-27,"S000003643","S000003643",NA
"S000003644",143.546620946521,2.30440909489963,0.268729678385025,8.5751938853511,9.89200133349644e-18,3.29059337176696e-16,"S000003644","S000003644","PRM10"
"S000003652",4402.5978308889,1.04108113747169,0.286887409852359,3.6288840211129,0.000284649078563954,0.00106122111581026,"S000003652","S000003652","NCA3"
"S000003654",56.5826428541184,1.06349802341786,0.358395896474714,2.9673833709558,0.00300346205498223,0.00820129026442085,"S000003654","S000003654",NA
"S000003667",277.217240495193,-1.13347492669079,0.152236396297776,-7.44549236749998,9.65835155882518e-14,2.18620055397317e-12,"S000003667","S000003667","AIM23"
"S000003668",1049.06955352327,-2.0978439979318,0.356053300447309,-5.89193807583383,3.81692220913809e-09,4.18609993100554e-08,"S000003668","S000003668",NA
"S000028805",227.458173022307,-1.05368474080774,0.420279823764653,-2.50710284250471,0.0121725289474172,0.0274909215275314,"S000028805","S000028805",NA
"S000003669",524.702730749169,-1.33230854298168,0.253860824274146,-5.24818489340014,1.53605096123139e-07,1.26519327463395e-06,"S000003669","S000003669","MRS3"
"S000003672",1025.75143438874,1.60671336632114,0.421366206987856,3.81310446750526,0.000137232071185281,0.000558670926711682,"S000003672","S000003672","RPS21B"
"S000003673",653.395551238862,-1.20887939163966,0.217486219739522,-5.55841833605597,2.72230275892986e-08,2.54123797077778e-07,"S000003673","S000003673","GLG2"
"S000003684",174.40704578032,1.03349463213939,0.454192814813806,2.27545350439564,0.0228787388533797,0.0467592962105224,"S000003684","S000003684","RPA34"
"S000003689",5144.8988048776,5.36163974957882,0.470518382478229,11.3951759362492,4.4193638566567e-30,3.50118286591184e-28,"S000003689","S000003689","INO1"
"S000003691",2221.79402978654,-1.04019342492585,0.220970480268873,-4.70738636065847,2.50913072766359e-06,1.6565215034279e-05,"S000003691","S000003691","FBP26"
"S000003693",283.545031409737,1.63797750161119,0.39954352232869,4.09962221903747,4.13825087910677e-05,0.000195269659428698,"S000003693","S000003693","FAR1"
"S000003694",1261.3341770832,6.04998130776791,0.21368429107696,28.3127097330189,2.41057273079448e-176,1.45140584121136e-172,"S000003694","S000003694","CIS3"
"S000003695",19385.1487973018,2.52803314359328,0.48784674337849,5.18202320279084,2.19491902180491e-07,1.75739460509141e-06,"S000003695","S000003695","HSP150"
"S000003697",405.583984371418,-1.43520667364947,0.135543879344772,-10.588502266479,3.36939622949098e-26,2.07011578548625e-24,"S000003697","S000003697","FMP33"
"S000003699",2242.56120872141,-2.19270469446291,0.187888571081439,-11.6702398759129,1.80912417136115e-31,1.55610523368079e-29,"S000003699","S000003699",NA
"S000003700",1196.26145,-1.02853082261321,0.146961479049312,-6.99864229229819,2.58454788560247e-12,4.83278348422748e-11,"S000003700","S000003700","TPK1"
"S000003701",2179.71069751934,1.26965501783735,0.327978360660503,3.87115483863153,0.000108320956018855,0.000456723022541687,"S000003701","S000003701","HAL5"
"S000003705",22.6945850532629,1.09420833645461,0.410119997774825,2.66801995121287,0.00762997270845216,0.018317410557253,"S000003705","S000003705",NA
"S000003707",592.520904071023,3.73169623253878,0.350736021807254,10.6396149825452,1.94933161617203e-26,1.20999233618266e-24,"S000003707","S000003707","TOH1"
"S000003713",1440.71014577844,1.09716228065622,0.368469732042882,2.97761847241371,0.00290497349537362,0.00798668740440392,"S000003713","S000003713","RPL17B"
"S000003721",956.135636381165,-2.23484626866339,0.300931368929376,-7.42643173629358,1.11566432727055e-13,2.51588573576628e-12,"S000003721","S000003721","ATG36"
"S000003724",54.0245620460143,1.44059050568587,0.346682029656684,4.15536538514117,3.2476811362104e-05,0.00015795063102684,"S000003724","S000003724","BUD19"
"S000003726",1278.63606078371,2.35561835472727,0.458853504713119,5.13370461494029,2.84093854039401e-07,2.23306670387889e-06,"S000003726","S000003726","RPS22A"
"S000003728",298.781978031323,1.32223369345519,0.321698165995179,4.11016857794275,3.95370370380127e-05,0.000187442913390452,"S000003728","S000003728","SOP4"
"S000003731",20.1082696348707,1.46102335436983,0.515742820432668,2.83285253131423,0.00461346639977691,0.0118860424446114,"S000003731","S000003731",NA
"S000003744",135.052443447887,1.78515340171632,0.606945802583859,2.94120726120298,0.00326935699843376,0.00882330725574615,"S000003744","S000003744","NUC1"
"S000003747",174.143257840802,-1.10901431462371,0.281410126874866,-3.9409182851364,8.11702760613017e-05,0.000353381223546708,"S000003747","S000003747",NA
"S000003755",170.435972121279,-1.78665661310809,0.383049673456584,-4.66429483410221,3.09677119023296e-06,2.00060722493483e-05,"S000003755","S000003755","HXT9"
"S000003768",5451.9271751127,-1.28565824422687,0.335979224433367,-3.82660042862812,0.000129925156095745,0.000533614846420519,"S000003768","S000003768","MHO1"
"S000003770",26.2724691656695,1.18860567159397,0.366546045483109,3.24271857858237,0.00118395093077162,0.00368021092110268,"S000003770","S000003770","SPC1"
"S000003777",5412.92500328925,1.93135735209933,0.342090287215777,5.6457532536757,1.64459578527772e-08,1.59711471341245e-07,"S000003777","S000003777","ILV3"
"S000003791",209.735969329606,1.29329650054642,0.245206160341196,5.27432303799726,1.33247020694412e-07,1.10659353324283e-06,"S000003791","S000003791","RBH2"
"S000003797",324.006922844589,-1.18953029333143,0.192276779710255,-6.18655198575697,6.14944112468771e-10,7.79490210773572e-09,"S000003797","S000003797","HUL4"
"S000003799",31.8339101328366,-2.21641907228245,0.571298499264479,-3.87961647918906,0.000104621292705345,0.000443296835593864,"S000003799","S000003799",NA
"S000003800",806.470689981409,-1.67085855991774,0.252915952454645,-6.60637869498315,3.93834687450868e-11,6.09583201321768e-10,"S000003800","S000003800",NA
"S000003804",106.72699938315,1.07234755897273,0.473976992357531,2.26244643993994,0.0236698344444534,0.048049923530025,"S000003804","S000003804","POL32"
"S000003808",17.3463608730175,-3.02153231177494,0.802142066647253,-3.76682939021534,0.000165333902832683,0.000653627990121855,"S000003808","S000003808","ANB1"
"S000003809",151.578585342747,1.86266852012543,0.318713578175535,5.84433374564152,5.08599698118319e-09,5.42957230916737e-08,"S000003809","S000003809","CYC1"
"S000003818",462.272610892603,-1.43245443892424,0.205697133879942,-6.96390081818211,3.30977666709777e-12,6.02082789512737e-11,"S000003818","S000003818","CDC8"
"S000003824",49.7306793418183,2.18601616205252,0.582788552663563,3.7509593351853,0.000176159271042104,0.000690980437097398,"S000003824","S000003824","RPA12"
"S000003830",75.4504228758925,1.91401412204187,0.537882428103053,3.55842470777864,0.000373085704003086,0.00134351018170011,"S000003830","S000003830","HAM1"
"S000003831",442.650189577375,1.0121177232251,0.388278969729575,2.60667664779788,0.00914256519514942,0.0213859304739684,"S000003831","S000003831","LIA1"
"S000003834",3595.77505333305,1.09569862094402,0.162546800429858,6.74081937046086,1.57495906394004e-11,2.60517267142389e-10,"S000003834","S000003834","OPI3"
"S000003837",484.783667972405,1.10213027918134,0.1533360552144,7.18767857722895,6.59021785133154e-13,1.33153361351903e-11,"S000003837","S000003837","CDC11"
"S000003838",3948.52581271218,1.03007872156536,0.346599620485677,2.97195571109381,0.00295909366471514,0.00810587031631023,"S000003838","S000003838","MIR1"
"S000003855",568.223048324491,1.35843648522479,0.312592493272974,4.34571051595448,1.38825556466662e-05,7.47646400255612e-05,"S000003855","S000003855","RPL43B"
"S000003866",1537.18182043905,2.74051734454351,0.218348026372417,12.5511431913255,3.91812142600692e-36,4.81449165428319e-34,"S000003866","S000003866","ADO1"
"S000003868",345.244982307654,-1.01846117467803,0.275521777513449,-3.69648157713529,0.000218608115048167,0.000839974129358657,"S000003868","S000003868","LIH1"
"S000003870",2931.59490951321,1.00893615393856,0.340261568909543,2.96517810451517,0.00302507739255369,0.00824909011800986,"S000003870","S000003870","CPA2"
"S000003876",328.187453001551,-1.17975568675774,0.296749146943706,-3.97559925246069,7.02022572230218e-05,0.000311716659837621,"S000003876","S000003876",NA
"S000003882",8301.72381468521,1.17535934205342,0.219017555407035,5.36650744671616,8.02758876907182e-08,6.89502310678765e-07,"S000003882","S000003882","ATP2"
"S000003884",7014.74270946302,1.00822125542916,0.405724991264976,2.48498681899213,0.0129556231560084,0.0289446408246109,"S000003884","S000003884","RPS5"
"S000003885",127.196523677949,1.56217336945605,0.3634473905444,4.29821044282668,1.72182647682623e-05,8.98363710309424e-05,"S000003885","S000003885",NA
"S000003889",40.3538237270383,-1.95998818807596,0.464448563407154,-4.22003283570877,2.44266738054628e-05,0.000122663055031436,"S000003889","S000003889",NA
"S000003906",4566.58873068594,1.13630199121633,0.403651302554473,2.81505840319438,0.00487683701452944,0.0124619715878727,"S000003906","S000003906","RPS4A"
"S000003908",597.394385963606,-2.22278094504635,0.546797781809774,-4.06508771430905,4.80144009261369e-05,0.0002234116754067,"S000003908","S000003908","HMS2"
"S000003909",2841.74474854662,-1.38308592117237,0.43941528062668,-3.14755991006926,0.00164639363715901,0.00490011670258745,"S000003909","S000003909","BAT2"
"S000003911",27.8099765565242,-2.13541103051778,0.420687053264634,-5.0760084341709,3.85446190688568e-07,2.93397157286456e-06,"S000003911","S000003911","DAN1"
"S000003914",137.759845239444,-1.84869947597986,0.171447236786685,-10.7829062201802,4.14576650267942e-27,2.68404947447664e-25,"S000003914","S000003914","PGU1"
"S000003918",18.6950637458474,-2.44852850929726,0.533394777008095,-4.59046210206909,4.42265757766675e-06,2.72000217314928e-05,"S000003918","S000003918",NA
"S000001484",299.418281432583,2.85466956712128,0.215069365012943,13.2732505484892,3.30909212175083e-40,5.24316938554257e-38,"S000001484","S000001484","MET14"
"S000001488",1084.05597938501,-1.3396743886596,0.274083676621621,-4.88782989622929,1.01953561331441e-06,7.17128963524073e-06,"S000001488","S000001488","BYE1"
"S000001489",1567.97184606787,1.92570400180362,0.511986280758735,3.76124141246487,0.000169072151634807,0.000666856202855509,"S000001489","S000001489","RPL14A"
"S000001492",368.349547952334,1.67852724064196,0.484580959368896,3.46387369992421,0.000532456444282828,0.00184216279686447,"S000001492","S000001492","MRT4"
"S000001497",291.019984055337,1.51993381113436,0.408730337905999,3.71867138348786,0.000200273391222224,0.000776962685920754,"S000001497","S000001497","URB1"
"S000001512",1486.22627006189,1.93121848526931,0.303098353029102,6.37159016526853,1.87078254394458e-10,2.5599958402478e-09,"S000001512","S000001512","MAE1"
"S000001513",294.361571878222,1.26864211824296,0.276970868047363,4.58041716512228,4.64049386438782e-06,2.81657394732652e-05,"S000001513","S000001513",NA
"S000001526",764.977187256816,1.05661508808028,0.181665616957518,5.81626345026732,6.01775991392092e-09,6.37987095783934e-08,"S000001526","S000001526","PHD1"
"S000001533",1981.91909847473,-2.56533125564941,0.156385512522587,-16.4038932652338,1.79365609323315e-60,7.19973555823786e-58,"S000001533","S000001533",NA
"S000001536",43.7675403460959,1.37990503490058,0.304757011944978,4.52788608896624,5.95766809929676e-06,3.51347703053767e-05,"S000001536","S000001536",NA
"S000001545",3258.90230113448,1.02804591574513,0.24316787296525,4.2277209699163,2.36070292604731e-05,0.000119043486748165,"S000001545","S000001545","MSN4"
"S000113563",275.052972781211,-4.13224099858132,0.569836353758042,-7.25162754417018,4.11792987999922e-13,8.60904715537337e-12,"S000113563","S000113563",NA
"S000028524",11.0856197338541,1.30091397492462,0.509456512079816,2.5535329200401,0.0106636197642511,0.0244872824563524,"S000028524","S000028524",NA
"S000001554",250.911513435292,-1.44353362539647,0.253196925264679,-5.70122889086222,1.18946792533166e-08,1.18966551136577e-07,"S000001554","S000001554",NA
"S000001561",73.7627537118251,1.58409189241093,0.391760847419659,4.04351762776852,5.26551953858786e-05,0.000242568424956676,"S000001561","S000001561","DHR2"
"S000001564",1242.46438868413,2.20174842337517,0.300892752214789,7.31738603595036,2.52847704881225e-13,5.45661659888838e-12,"S000001564","S000001564","TEF4"
"S000001572",180.039364375775,1.02726133523903,0.224152699510603,4.58286399174253,4.58650375203151e-06,2.80074432971417e-05,"S000001572","S000001572","MIF2"
"S000001574",826.266886452535,-1.71179382274596,0.540207056375058,-3.16877353330513,0.00153083625221358,0.0045970898127571,"S000001574","S000001574",NA
"S000001576",1846.29167730265,-1.46632017552285,0.32086190064239,-4.56994168702226,4.8785994128299e-06,2.9403450515164e-05,"S000001576","S000001576","MBR1"
"S000001579",786.915478768953,4.51369987013392,0.26724588467676,16.8896889678707,5.3584739159895e-64,2.4817978037056e-61,"S000001579","S000001579","CWP1"
"S000001956",3453.92280616332,4.3357695565253,0.189291128355325,22.9052972223107,4.11440316594858e-116,4.95456429243528e-113,"S000001956","S000001956","CWP2"
"S000001582",153.433557605155,1.11023494657861,0.379018560745199,2.9292363529526,0.00339795937127979,0.0090969823808251,"S000001582","S000001582","UTP11"
"S000001586",1506.26383938141,1.28529142799306,0.165362168794542,7.77258448750755,7.69006782717272e-15,1.90542791717724e-13,"S000001586","S000001586","APE1"
"S000001589",353.125488749601,-1.20071627865222,0.307389274795193,-3.90617492901217,9.37686420250695e-05,0.000401551204575351,"S000001589","S000001589","AAT1"
"S000001590",1657.15039560559,-2.5816543403224,0.187555553857378,-13.7647448301401,4.15348146042246e-43,7.57821571915261e-41,"S000001590","S000001590",NA
"S000001592",2796.16864422169,1.58045412803313,0.324008414947429,4.87781815262287,1.07265745311752e-06,7.50984944793089e-06,"S000001592","S000001592","HAP4"
"S000001603",772.823018302396,3.52088072955816,0.488847308336911,7.2024140657262,5.91557252445014e-13,1.20737837863438e-11,"S000001603","S000001603","OAC1"
"S000001611",229.511190879721,1.84638038373273,0.224647160546301,8.21902390950619,2.05166141222931e-16,5.85452766020506e-15,"S000001611","S000001611","PMU1"
"S000001616",1407.02678031914,-2.25357345679518,0.181046631805637,-12.4474751853683,1.4433931454982e-35,1.70405296647934e-33,"S000001616","S000001616",NA
"S000001627",83.2354481608676,1.59933144012248,0.291046312342504,5.49510978940143,3.90467416342748e-08,3.57295488419405e-07,"S000001627","S000001627","RPC25"
"S000001632",358.924737421625,-1.67330258474861,0.438022490339951,-3.82012938068534,0.000133381689409927,0.00054483795925181,"S000001632","S000001632","DBR1"
"S000001634",3382.42598300184,-1.12506483035933,0.214495695929648,-5.24516273150927,1.56144447504362e-07,1.28435207434941e-06,"S000001634","S000001634","NNR2"
"S000001645",314.083482244457,-1.14802717533199,0.30020861981483,-3.82409797573466,0.00013125171809511,0.000538695701875024,"S000001645","S000001645",NA
"S000001647",2078.95549546361,2.76395524637087,0.278110647015002,9.93832949596412,2.83542000075769e-23,1.41091436566629e-21,"S000001647","S000001647","PIR1"
"S000001658",1700.39007217609,-1.08357329332703,0.273896918770628,-3.95613538914783,7.61720019971401e-05,0.000334036142771144,"S000001658","S000001658","ZRT3"
"S000001660",76.0561901830017,2.02095486531097,0.336545292250507,6.00500114500687,1.91330554323509e-09,2.21965562154498e-08,"S000001660","S000001660",NA
"S000001661",797.545613360083,1.63179833888077,0.363213087605776,4.49267494637168,7.03340971685363e-06,4.09556672197057e-05,"S000001661","S000001661","STE3"
"S000001663",3348.25064020235,1.23883838940189,0.330948200813612,3.74329996765747,0.000181619195223521,0.000710545272541144,"S000001663","S000001663","RPL17A"
"S000001665",5026.74815194642,1.71442302247386,0.151529806245523,11.314097634996,1.11746106076853e-29,8.41029130860916e-28,"S000001665","S000001665","FAS1"
"S000001668",901.464801476453,1.02017958328705,0.242836353876218,4.20109908175888,2.65622301457949e-05,0.000131756811647589,"S000001668","S000001668","ASH1"
"S000001669",507.967780370762,-1.51109072784415,0.492915916726152,-3.06561560819644,0.00217222382028342,0.00623401316583723,"S000001669","S000001669","MTR2"
"S000001670",2539.27247119656,-4.47386056727613,0.537670804836057,-8.32081736080179,8.73587728788658e-17,2.61685159952065e-15,"S000001670","S000001670","FAT3"
"S000001671",1245.17370664927,-2.01375950624007,0.466840393082056,-4.31359311679381,1.6062244155741e-05,8.44635563857786e-05,"S000001671","S000001671","PXA2"
"S000001686",977.401823079991,-1.07254353200038,0.167018854911066,-6.42169132683547,1.34768486777662e-10,1.89589032450538e-09,"S000001686","S000001686","TOR2"
"S000001694",642.468972733157,1.61479887646994,0.370373630387944,4.35991859025853,1.30110840226554e-05,7.08670107980041e-05,"S000001694","S000001694","TRP3"
"S000001695",922.25196633502,1.85907110890673,0.389825355329056,4.76898458115293,1.85156829748156e-06,1.24840903909703e-05,"S000001695","S000001695","SAC1"
"S000001696",761.405192323315,1.06172842318516,0.231724527626875,4.58185602559419,4.60867160142071e-06,2.80291027395496e-05,"S000001696","S000001696","DOA1"
"S000001699",884.421117349136,1.95231143273055,0.364078252591577,5.36234015306775,8.21506554164346e-08,7.03254314427059e-07,"S000001699","S000001699","URA1"
"S000001700",18245.5288891674,-1.930139437637,0.47457221439731,-4.06711429595221,4.75989005059681e-05,0.000221821191909005,"S000001700","S000001700","JEN1"
"S000001704",322.109356496698,-1.4511881817358,0.2180694257581,-6.65470721854227,2.8386455730685e-11,4.48595406704604e-10,"S000001704","S000001704","MCH2"
"S000001705",300.708502575054,-1.01333704222318,0.154699528602855,-6.55035636743678,5.73999410571222e-11,8.59714042549584e-10,"S000001705","S000001705",NA
"S000001721",1545.89156221071,1.75962011813248,0.161715722268099,10.880946474798,1.42079967902665e-27,9.50514985268828e-26,"S000001721","S000001721","PRY2"
"S000001723",273.429588843756,-1.30755240622517,0.148607615490827,-8.79869044332977,1.38421936231611e-18,5.02071372319597e-17,"S000001723","S000001723",NA
"S000001725",491.402873053137,-1.08726715649916,0.258474718861516,-4.20647389148218,2.59386033951088e-05,0.000129163065814713,"S000001725","S000001725","HEL1"
"S000001735",171.605799970995,1.10755846859029,0.382679463882562,2.894219766468,0.00380102025780773,0.0100201151367164,"S000001735","S000001735","BCH2"
"S000001741",35.4507282489782,-1.79427260274039,0.542586400365124,-3.30688826983678,0.000943385116384009,0.00301652776725869,"S000001741","S000001741",NA
"S000001742",110.510862222667,-1.89856829985287,0.412212712228216,-4.60579754949854,4.10887993171487e-06,2.56368560299018e-05,"S000001742","S000001742","DAL80"
"S000001750",5120.28367648029,2.30681945897858,0.328590805361147,7.0203408657257,2.21327614573236e-12,4.19060870234419e-11,"S000001750","S000001750","UTH1"
"S000001751",735.50203294419,1.95644915180068,0.350940939161339,5.57486725964803,2.4771867872418e-08,2.32685517098017e-07,"S000001751","S000001751","SHB17"
"S000001757",1625.07897700033,-1.14192025723962,0.248253718343838,-4.59981129329161,4.22873836023348e-06,2.61408969886712e-05,"S000001757","S000001757","FMP46"
"S000001758",859.071908749828,-1.63490529111806,0.418328344816824,-3.90818674224417,9.29914192734486e-05,0.000399074365962533,"S000001758","S000001758","TRK2"
"S000001764",314.840560123165,1.14686265516319,0.33451102648172,3.42847489132279,0.000606982679147801,0.00206710560585345,"S000001764","S000001764","TRM2"
"S000001765",474.875612720016,1.158017465625,0.420775917072685,2.75210015269234,0.00592144084470823,0.0147204770132074,"S000001765","S000001765","RPS21A"
"S000001766",1579.19707392968,-1.90286826019736,0.417194600927077,-4.56110471221071,5.08851958637585e-06,3.04855486861383e-05,"S000001766","S000001766","GLG1"
"S000001767",2223.27898983003,1.48359827805518,0.408316012849655,3.63345602760246,0.000279650123857604,0.00104387687275055,"S000001767","S000001767","TIF1"
"S000001769",452.102565502243,1.30566035580677,0.199275389347797,6.55204016953642,5.67562687674827e-11,8.52193252491305e-10,"S000001769","S000001769","KTR2"
"S000001783",909.621343084605,-1.51069932516281,0.281876087295132,-5.35944478178124,8.34781033137917e-08,7.12938524896936e-07,"S000001783","S000001783",NA
"S000028669",35.9490324884392,-1.1606056573171,0.363897555454601,-3.18937470153435,0.00142580934080542,0.00431613777827523,"S000028669","S000028669",NA
"S000001784",2795.54618533561,-2.1275027608207,0.303174388433225,-7.01742245384059,2.25998513368894e-12,4.25230327810660e-11,"S000001784","S000001784","ECM4"
"S000001798",234.959146505347,1.06213877691036,0.221857473543206,4.78748252176194,1.68886440975153e-06,1.15030006913054e-05,"S000001798","S000001798","PXL1"
"S000001800",266.617926254653,2.10621506847053,0.363969918775432,5.78678335714347,7.17470129360535e-09,7.49980494597184e-08,"S000001800","S000001800","SRP40"
"S000001804",2088.04984742903,-1.24246894212163,0.371060052422954,-3.34843089146498,0.000812705468533724,0.00264932302438633,"S000001804","S000001804","ESL2"
"S000001805",5462.76240772688,1.14849208400487,0.46679061712288,2.4604009632493,0.0138781869192905,0.030692866691405,"S000001805","S000001805","PCK1"
"S000001810",347.777501431308,-1.15325670905639,0.33659484023502,-3.42624595270432,0.0006119859503359,0.00208061400732493,"S000001810","S000001810","FLO10"
"S000001811",186.558843040274,-1.39613924359924,0.292843670221047,-4.76752406000578,1.86503728506169e-06,1.25608383594591e-05,"S000001811","S000001811","NFT1"
"S000001812",78.998083586237,-1.6627465946863,0.35812902440454,-4.64287025451496,3.43602136431449e-06,2.19387960069327e-05,"S000001812","S000001812",NA
"S000001813",621.689003665085,-3.00219864088699,0.409160823503171,-7.33745380406323,2.17695499982962e-13,4.73192998338417e-12,"S000001813","S000001813","VBA5"
"S000001814",468.361179156147,-1.76599261082548,0.194726761428163,-9.06908017097063,1.2002595316062e-19,4.63254015371854e-18,"S000001814","S000001814","GEX2"
"S000003927",118.406764158021,1.10051765714999,0.474620350711675,2.31873255223844,0.020409542330021,0.0425947502145776,"S000003927","S000003927","ORC3"
"S000003931",423.622185183936,1.51607438704457,0.452842827858201,3.34790415962886,0.000814251648645215,0.00265150899580526,"S000003931","S000003931","DRS1"
"S000003938",2464.62999736707,-1.09098531632643,0.244386206168109,-4.46418532957609,8.03739737858058e-06,4.61766885652993e-05,"S000003938","S000003938","BPT1"
"S000003939",1610.89672697908,-2.30963482186174,0.132736268700273,-17.4001788996875,8.22456635642619e-68,4.50182854836746e-65,"S000003939","S000003939","SDC25"
"S000003940",76.4106111599775,-1.89160311596302,0.276963354427756,-6.82979565968694,8.50356694444005e-12,1.45454478899073e-10,"S000003940","S000003940",NA
"S000003946",1471.73604737137,-1.15388962535875,0.261562666749133,-4.41152263700332,1.02646220337586e-05,5.73259641620345e-05,"S000003946","S000003946","POM33"
"S000003947",5080.75327072655,1.85400434660103,0.111524952767715,16.6241213341965,4.66150485355618e-62,2.00478005166155e-59,"S000003947","S000003947","SSA2"
"S000003948",40.1281745675661,-2.19065656252902,0.365160801906752,-5.99915585432531,1.98345917060627e-09,2.29661685888853e-08,"S000003948","S000003948","PAU17"
"S000003961",95.6252459704948,1.04175056940796,0.283050879120227,3.68043573171689,0.000232835739856927,0.000884482012415494,"S000003961","S000003961","ENT4"
"S000003963",2238.65747488431,-1.11857677382531,0.332821590571729,-3.36089005495045,0.000776917449430353,0.00254516478541724,"S000003963","S000003963","VPS13"
"S000003967",2160.82482807645,1.33486322451399,0.40726976597569,3.27758978454019,0.00104697427739443,0.00329698332855224,"S000003967","S000003967",NA
"S000003968",4400.4033739687,1.34153892136806,0.427961159690734,3.13472120305854,0.00172017509248574,0.00508952050705486,"S000003968","S000003968","RPL8B"
"S000003975",72.780094842247,1.5534131637411,0.202150175745303,7.68445121560671,1.53654212709422e-14,3.77613067234054e-13,"S000003975","S000003975","AQY2"
"S000003976",89.3730067963924,1.29734909306389,0.253634155596311,5.11504095343049,3.13672892870736e-07,2.43693482319316e-06,"S000003976","S000003976",NA
"S000003978",721.067372059265,1.81092975414347,0.376923773924232,4.80449862657773,1.55139765991452e-06,1.06147333072106e-05,"S000003978","S000003978","YCT1"
"S000003981",262.604106400065,2.09585093266091,0.249926089956466,8.38588293453467,5.03464195773545e-17,1.54661118507781e-15,"S000003981","S000003981",NA
"S000003987",10.8048878900685,1.66919288124744,0.587300552397019,2.8421442384734,0.00448112128068945,0.0116046585939919,"S000003987","S000003987","PAU18"
"S000003994",1210.91795674036,-2.33494168739057,0.280652314390564,-8.31969510909215,8.81898720407148e-17,2.62866940374824e-15,"S000003994","S000003994","THI73"
"S000003995",881.037601544007,-1.21642592352572,0.163822683774224,-7.42525940548115,1.12559095335067e-13,2.52879967541954e-12,"S000003995","S000003995","SSL1"
"S000003997",648.222360744047,-1.27044960443453,0.191540028170338,-6.63281516960365,3.29344116622997e-11,5.12398172141361e-10,"S000003997","S000003997","NSE1"
"S000003998",63.2946350088529,1.22894688904501,0.41667135944153,2.9494393151768,0.00318351086769433,0.00862254562950408,"S000003998","S000003998","PAM18"
"S000003999",189.463701051416,1.34668619999066,0.401876336468655,3.35099650759284,0.000805213178841874,0.00262632099122802,"S000003999","S000003999","RLP24"
"S000004000",198.694381621351,-1.47877945481241,0.3327761705743,-4.44376606732493,8.83977180548465e-06,5.01026152173278e-05,"S000004000","S000004000","TEN1"
"S000004005",540.965088768871,-1.06195613189365,0.282434216345989,-3.76001231590411,0.000169904992197736,0.000669501281428383,"S000004005","S000004005","BRE2"
"S000004013",991.378031802984,1.47710809356794,0.251600550814265,5.87084602473055,4.3357681839562e-09,4.72928627456527e-08,"S000004013","S000004013","IZH3"
"S000004016",179.888542818451,1.68908748365953,0.398467247679395,4.23896190589437,2.245557552558e-05,0.000113904819072887,"S000004016","S000004016","SED5"
"S000004019",4478.67998479063,1.58699046656163,0.574675786747709,2.76154051233472,0.0057529378809538,0.0143549270539672,"S000004019","S000004019","RPL15A"
"S000004020",300.388819651398,-1.04576591289554,0.208942261126649,-5.00504736215934,5.58482976881279e-07,4.12086520073797e-06,"S000004020","S000004020",NA
"S000004030",504.297223210095,1.04645344860882,0.327528159703472,3.19500298709042,0.00139829393321447,0.00424739732405895,"S000004030","S000004030","AFB1"
"S000004032",72.0308808865913,1.81106968935727,0.402726073287045,4.49702616613656,6.891051034532e-06,4.01655549650699e-05,"S000004032","S000004032",NA
"S000004034",60169.1601132909,-1.03186331011576,0.130521486579396,-7.9056968868347,2.66438785437794e-15,6.79757596237693e-14,"S000004034","S000004034","PDC1"
"S000004038",2916.91429657185,1.09193685215596,0.372657741948094,2.93013328113831,0.00338816646635454,0.00907479995281168,"S000004038","S000004038","RPS0B"
"S000004043",339.860458155406,-3.87741967371372,0.62616664950509,-6.19231266433362,5.92877955079889e-10,7.57596030080179e-09,"S000004043","S000004043",NA
"S000004046",1874.22883776687,2.30773188813346,0.284134704703913,8.1219641597047,4.58698800595803e-16,1.29663167999405e-14,"S000004046","S000004046","ERG3"
"S000004050",986.930184998969,2.67288059214247,0.451665688180221,5.91782962950234,3.26217617297266e-09,3.64407471938189e-08,"S000004050","S000004050","FRS1"
"S000004051",1173.892054508,1.61941181529607,0.501897785979208,3.22657692569131,0.0012528055065515,0.00385247290855291,"S000004051","S000004051","RPL22A"
"S000004052",1123.95468814965,1.57291836552316,0.498630122134147,3.15447923360715,0.00160784820593143,0.00479907350353409,"S000004052","S000004052","BUD28"
"S000004060",491.215183868478,-1.7770054947557,0.262333367981609,-6.77384470160224,1.2540428351496e-11,2.09738664178771e-10,"S000004060","S000004060","XYL2"
"S000004063",64.6315681870731,1.37887973405906,0.307081063981806,4.49027926430775,7.11298539326343e-06,4.12992141300281e-05,"S000004063","S000004063","RFU1"
"S000004066",4438.57995401161,1.06611816337818,0.372521936323966,2.86189364819318,0.00421118189474282,0.0110002282812349,"S000004066","S000004066",NA
"S000004070",1196.07609670707,-1.46337472840134,0.198727092330725,-7.36374045047651,1.78827236006176e-13,3.92963061311382e-12,"S000004070","S000004070","EMP46"
"S000004071",123.232436239491,-2.50669842138466,0.564888242132123,-4.43751212084595,9.10045989420294e-06,5.13432492973497e-05,"S000004071","S000004071","GAL2"
"S000004073",533.77265250706,1.48806707049398,0.350551491388688,4.24493150663572,2.18660202060953e-05,0.000111195361200084,"S000004073","S000004073","EMP70"
"S000004074",244.843033021485,1.69639659549424,0.297091205264034,5.71001956785157,1.12963184724689e-08,1.13737681476146e-07,"S000004074","S000004074","RAX2"
"S000004079",837.31835984527,1.47075671237729,0.152419816816611,9.64937987129901,4.9453875012178e-22,2.18942486359061e-20,"S000004079","S000004079","ALT1"
"S000004081",159.926926214912,-1.18046665278196,0.324132523668263,-3.64192596109277,0.000270605909436855,0.00101093674255407,"S000004081","S000004081","GEP5"
"S000004083",1534.01066644389,-1.02668140772284,0.223957491348062,-4.58426910188606,4.55577203035511e-06,2.78520611178238e-05,"S000004083","S000004083","NYV1"
"S000007618",18.3260006934332,1.84398837441936,0.482657097273649,3.82049364825539,0.000133184835348776,0.000544403186446017,"S000007618","S000007618","MIM2"
"S000004092",380.596575763044,-1.03232695387442,0.327044183633863,-3.15653665631351,0.00159654818704707,0.0047682622193504,"S000004092","S000004092","APC9"
"S000004093",187.858883107456,1.18854851001264,0.254073078519272,4.67797893794753,2.89716296130978e-06,1.88378166199203e-05,"S000004093","S000004093","CDC45"
"S000004097",758.920310151145,1.04365934503688,0.222786845105394,4.68456449725814,2.80555814774526e-06,1.83014795314997e-05,"S000004097","S000004097","REX3"
"S000004098",168.81031977984,-1.06978226998263,0.316691394828152,-3.37799601584732,0.000730161385449366,0.002422204794375,"S000004098","S000004098",NA
"S000004100",10130.185222241,4.41116320831591,0.195912379979355,22.5160003098362,2.8933501042065e-112,2.90347682957123e-109,"S000004100","S000004100","CCW12"
"S000004103",801.586286329503,1.76963960690132,0.169195988430267,10.4591109004376,1.3309870490035e-25,7.85673825691186e-24,"S000004103","S000004103","HOG1"
"S000004110",1954.85818956492,1.15983090242411,0.314094541816012,3.69261718372524,0.000221958009908916,0.000848513763594654,"S000004110","S000004110","YPS1"
"S000004111",1783.79399354104,1.72846768019743,0.227339540424649,7.60302267246962,2.89292782295221e-14,6.93956909242838e-13,"S000004111","S000004111","YPS3"
"S000004113",19.1486033613993,-1.1381500727699,0.430518801409103,-2.64367100587638,0.00820123267547791,0.0195257268428563,"S000004113","S000004113",NA
"S000004115",38.8443148078209,-1.54718970503864,0.520229092358032,-2.97405456128131,0.00293892812364209,0.00806163381888337,"S000004115","S000004115",NA
"S000004120",2942.99627884556,-1.51526644279433,0.2252957752221,-6.7256762418228,1.74778796949115e-11,2.83650441086421e-10,"S000004120","S000004120","ZRT2"
"S000004122",73.9942624880693,1.35693918520531,0.267559193923704,5.07154759029604,3.94593557151524e-07,2.98848780831361e-06,"S000004122","S000004122","USB1"
"S000004123",352.129584726788,1.54584912130144,0.181791453170979,8.50342023421494,1.8408503755299e-17,5.99122168165706e-16,"S000004123","S000004123","CKI1"
"S000004124",150.369431392001,1.1681792120711,0.292537873152114,3.9932580335117,6.51715802617431e-05,0.000291745787922643,"S000004124","S000004124","PDC5"
"S000004136",136.063923991126,1.48770732781457,0.284351545783674,5.23192980616455,1.67749455044095e-07,1.36673811748375e-06,"S000004136","S000004136","SPE4"
"S000004139",5186.9951553064,-1.80612954810297,0.416475804859398,-4.33669741922394,1.44639518035118e-05,7.70685431937561e-05,"S000004139","S000004139",NA
"S000004141",505.180661170328,-1.6280392891281,0.512526517852583,-3.17649766874379,0.00149064987618651,0.00448311833392555,"S000004141","S000004141","PCD1"
"S000004143",1926.6511781973,2.03295130270232,0.405612434007646,5.01205370509919,5.38521682497651e-07,3.98334035665646e-06,"S000004143","S000004143","ACS2"
"S000004154",1370.17440529879,-3.3627090071938,0.219928684694932,-15.2899973546347,8.9153769142711e-53,2.55616592384887e-50,"S000004154","S000004154","SHH4"
"S000004155",287.029601197292,-1.48327745035512,0.225169141274341,-6.58739222417664,4.47618681149744e-11,6.85779155013386e-10,"S000004155","S000004155","PUS5"
"S000004157",4598.92306669501,1.38547959840031,0.435097429118751,3.18429736807792,0.00145105863034523,0.00437716633933297,"S000004157","S000004157","RPS31"
"S000004158",398.486166057173,2.44713595546762,0.278124079855801,8.79872018538053,1.38385260710919e-18,5.02071372319597e-17,"S000004158","S000004158","UPS2"
"S000004163",997.186423950058,-1.03910962741469,0.192670856801536,-5.39318527287727,6.92195149938948e-08,6.0489216223257e-07,"S000004163","S000004163",NA
"S000004165",947.506685278811,1.51478405678081,0.547051199236007,2.76899869499656,0.00562288604432236,0.0140888043582459,"S000004165","S000004165","CBF5"
"S000004167",1803.61679194904,1.29099705115727,0.394301878248372,3.27413365843535,0.00105986466774079,0.00333234734436933,"S000004167","S000004167",NA
"S000004169",439.158343040173,3.33065834757604,0.264267355508916,12.60336654583,2.02320840518839e-36,2.53786204325818e-34,"S000004169","S000004169",NA
"S000004170",706.654034377277,4.01521627037644,0.283790183134138,14.1485382828714,1.90679566377295e-45,4.41569872752959e-43,"S000004170","S000004170","SAM1"
"S000004171",418.438654134574,-1.07462982405688,0.316773870657972,-3.39241939944341,0.000692783107690759,0.00231418421594991,"S000004171","S000004171","VTA1"
"S000004173",253.095093940491,1.28850284586674,0.220412398237873,5.8458728100956,5.03918981439992e-09,5.39874766414625e-08,"S000004173","S000004173","TOS4"
"S000004175",392.503637633965,1.50849653035083,0.415971432586067,3.62644261643788,0.000287352639932461,0.00106931411930368,"S000004175","S000004175","RPL37A"
"S000004176",166.342323915273,1.29792634675273,0.407470595925969,3.18532517371766,0.00144591438338109,0.00436970505778577,"S000004176","S000004176","EMG1"
"S000004177",239.063230801499,1.01176524668285,0.200686585561387,5.04151906243563,4.61850838374729e-07,3.44585365285532e-06,"S000004177","S000004177","SKG3"
"S000004184",1582.3836807252,3.24341781501529,0.341644766686717,9.49353870240739,2.23321520266743e-21,9.53630406756069e-20,"S000004184","S000004184","NCW2"
"S000004186",439.285296922623,1.7219835538967,0.575986262131364,2.9896260850471,0.00279319141316508,0.00772877090931386,"S000004186","S000004186","PWP1"
"S000004187",927.233007684909,1.75073615910922,0.54200391412402,3.23011718824713,0.00123739487888749,0.00381482568652411,"S000004187","S000004187","NOP56"
"S000004188",153.203457881522,2.05350901152815,0.312432300363756,6.57265272872652,4.94266453916962e-11,7.51509676523744e-10,"S000004188","S000004188",NA
"S000004199",199.336332840893,1.73413882864485,0.158958866412766,10.9093557835386,1.03990652013181e-27,7.03514287383551e-26,"S000004199","S000004199","PNP1"
"S000004200",74.4480297068552,2.22205894541733,0.458004159684252,4.85161302235598,1.22461390088966e-06,8.52416219336025e-06,"S000004200","S000004200","CLB4"
"S000004201",265.744225520447,-1.34398688884735,0.18481264398921,-7.27215876488308,3.5378742970348e-13,7.46782280790268e-12,"S000004201","S000004201","ATG38"
"S000004202",202.042294636566,1.27986452844652,0.264433726308152,4.84002001679265,1.2982605154266e-06,9.00556055689352e-06,"S000004202","S000004202","TUB4"
"S000004203",178.560027720261,-2.27867586870012,0.201686332033258,-11.2981174565878,1.34061026655951e-29,9.96520298142573e-28,"S000004203","S000004203","CRR1"
"S000004206",4106.19929135149,1.03668517308418,0.296794054822016,3.49294453928961,0.000477725716298679,0.00167426457382674,"S000004206","S000004206","CPR6"
"S000004207",524.655552297947,1.18357968366499,0.324991695041543,3.64187670553766,0.000270657702872805,0.00101093674255407,"S000004207","S000004207",NA
"S000004212",343.462655214503,1.33956904090258,0.551920055898025,2.42710701774186,0.0152197656021826,0.0332022495256311,"S000004212","S000004212","UTP13"
"S000004218",624.799893116121,-1.69076746946647,0.305516679983643,-5.53412491114066,3.12786014149892e-08,2.89291027833564e-07,"S000004218","S000004218","ECM22"
"S000004234",1227.09578052693,1.03905871485133,0.125318503813882,8.29134312355416,1.11976748060005e-16,3.27287378674414e-15,"S000004234","S000004234","MAP1"
"S000004239",7298.49456206654,2.42272931638843,0.515224813168605,4.7022760831117,2.57277297442558e-06,1.69482123402805e-05,"S000004239","S000004239","YEF3"
"S000004247",2890.53006157759,1.17693930637694,0.284013032457963,4.14396232521877,3.41355848710062e-05,0.000164819852853511,"S000004247","S000004247",NA
"S000004254",40.9137341016001,1.10782868234244,0.459091648281741,2.41308829400132,0.0158179871761528,0.0342343999955485,"S000004254","S000004254","RPS28B"
"S000004255",395.128208755897,-1.37629368798733,0.172439423441314,-7.98131692000073,1.44780202369561e-15,3.84018325315914e-14,"S000004255","S000004255","NEJ1"
"S000004257",2939.04908694554,-3.25303486594589,0.209697296133527,-15.5130033907279,2.83310963682088e-54,8.52907656164927e-52,"S000004257","S000004257","BOP2"
"S000004276",7232.99931918923,2.15262589060424,0.247828985192315,8.68593271660215,3.75647217462317e-18,1.322673623591e-16,"S000004276","S000004276","CTS1"
"S000004278",96.381307081883,1.50545465453306,0.318662944975874,4.72428526211932,2.3092607931154e-06,1.53297235229854e-05,"S000004278","S000004278","RPS30A"
"S000004284",1489.17670216949,1.42120938116424,0.367787169157968,3.86421686329633,0.000111446177002794,0.000468587591992894,"S000004284","S000004284","GSP1"
"S000004285",205.113230443179,1.04724198950956,0.350604607571545,2.98696014511404,0.00281766452636664,0.00778932879396397,"S000004285","S000004285",NA
"S000004286",493.241819710583,1.11889124017566,0.347834533847611,3.21673419772015,0.00129658661507484,0.00397289975031329,"S000004286","S000004286","ATP14"
"S000004291",5482.87890396375,2.61658212273055,0.496342327664643,5.27172875833886,1.35144705368622e-07,1.12080753584638e-06,"S000004291","S000004291","EXG1"
"S000004292",365.776206452469,1.61471455692827,0.120730506878123,13.3745363842323,8.51831666932997e-41,1.46539384760102e-38,"S000004292","S000004292","HRI1"
"S000004294",2086.10203438072,4.64128608470392,0.49956565868585,9.29064278940473,1.53359326914168e-20,6.28147283911704e-19,"S000004294","S000004294","MET17"
"S000004297",107.925967167449,-1.19869165262671,0.184321049042953,-6.50328141495862,7.85865822478668e-11,1.14016822099857e-09,"S000004297","S000004297","UBC12"
"S000004299",24.4574462635656,-2.01536693375364,0.54503263131944,-3.69769958337127,0.000217562149300327,0.00083648895334436,"S000004299","S000004299","CDA2"
"S000004302",83.5593285413866,-2.00268754717735,0.445012816552786,-4.50029184033579,6.78602297223266e-06,3.96685867143814e-05,"S000004302","S000004302",NA
"S000004303",2699.35349494423,-2.03196876573644,0.38894009377056,-5.2243746486448,1.74744656611319e-07,1.41797517177459e-06,"S000004303","S000004303","ATG39"
"S000004305",92.0654069361376,1.03732746932359,0.450097038486401,2.30467517140736,0.0211847724423365,0.0438629693518942,"S000004305","S000004305","SPH1"
"S000004306",534.564202971441,2.71758445246412,0.221858657715965,12.2491701718637,1.69723666013001e-34,1.92812489257411e-32,"S000004306","S000004306","CDC3"
"S000004317",343.864338973282,1.16938854668763,0.282622044146998,4.13764096221524,3.50894877021129e-05,0.000168345661716671,"S000004317","S000004317","RPL38"
"S000004318",412.874285707343,-1.12049566119595,0.229336642635968,-4.88581174084137,1.03003585371353e-06,7.22825859581489e-06,"S000004318","S000004318",NA
"S000004319",4491.47145992361,-1.37950269514424,0.519697733274427,-2.65443277278216,0.007944186751906,0.0189809319179468,"S000004319","S000004319","TMA10"
"S000004323",101.19154295541,1.602143177204,0.261796478224437,6.11980416264608,9.36904312299139e-10,1.14656521633193e-08,"S000004323","S000004323","JIP3"
"S000004324",1032.49697900865,1.24435692319466,0.144093655933275,8.63575092973477,5.83425047499115e-18,1.99591034715464e-16,"S000004324","S000004324","MID2"
"S000004331",2178.81343133619,1.41776335438953,0.308181373445303,4.60041870324509,4.21642556262907e-06,2.6091570722086e-05,"S000004331","S000004331",NA
"S000004332",4819.24924970505,1.41498679384759,0.3108825214099,4.55151607568804,5.32607273956707e-06,3.17507762029043e-05,"S000004332","S000004332","RPP0"
"S000004333",21.929267819658,1.58668262828006,0.501606097331261,3.16320442817945,0.00156042715144093,0.00467662114426374,"S000004333","S000004333","SPO77"
"S000004334",3506.86356129884,1.06243680937613,0.186885036417582,5.68497526469796,1.30831594399754e-08,1.29137218013265e-07,"S000004334","S000004334","FKS1"
"S000004336",952.862667123486,1.00764286903473,0.308300529915132,3.26837864765304,0.0010816555104033,0.00339377166656502,"S000004336","S000004336","RPL26A"
"S000004337",3852.42718092636,-1.59201497074928,0.262618452636574,-6.06208343231842,1.34369476394991e-09,1.60842667470028e-08,"S000004337","S000004337",NA
"S000004338",149.388607284841,-1.47005783572267,0.448021731785684,-3.28121993070168,0.00103359115909119,0.00326337303035555,"S000004338","S000004338","CIS1"
"S000004344",670.719314064683,-1.38650364022903,0.361810927411624,-3.83212207035316,0.000127042671223901,0.000523920495506238,"S000004344","S000004344",NA
"S000004347",8241.70635380031,1.72472061389946,0.280992146810077,6.1379673185856,8.35840517362281e-10,1.04410700311998e-08,"S000004347","S000004347","ILV5"
"S000004348",1295.58161763393,-1.40958996948573,0.244077373772738,-5.77517673063052,7.68723552564274e-09,7.99392834195077e-08,"S000004348","S000004348","ATG33"
"S000004351",1694.02926922949,1.00664366160516,0.146615715625654,6.86586466743695,6.60897058029137e-12,1.15340903953433e-10,"S000004351","S000004351","ADE13"
"S000004356",30.7606273749671,1.77361357263797,0.416988356149702,4.25338872532265,2.10559592118518e-05,0.000108014769892477,"S000004356","S000004356","GRX8"
"S000004364",686.023066341186,1.87643384528885,0.180181337771719,10.4141409343192,2.13718314969219e-25,1.22552188040921e-23,"S000004364","S000004364","ELO3"
"S000004368",139.039281969493,-1.00338740509502,0.235713246827799,-4.25681381338762,2.0736090273507e-05,0.000106711110715201,"S000004368","S000004368","PSY3"
"S000004369",1105.93501544212,1.32497869213034,0.350634111454926,3.77880716349146,0.000157581391252016,0.000627511611592849,"S000004369","S000004369","FBP1"
"S000004372",382.118194297117,1.27854216695663,0.184431001295213,6.93236038397962,4.13875948655072e-12,7.43864802045429e-11,"S000004372","S000004372","CSR1"
"S000004393",384.379114868833,1.13738665986637,0.31689400594165,3.58917063289546,0.00033173166430798,0.00121346072344979,"S000004393","S000004393","DUS3"
"S000004401",394.86298238206,1.10606290871075,0.426593514250048,2.59277947686385,0.00952037940106006,0.022192103900032,"S000004401","S000004401","UTP21"
"S000004406",1238.70543393609,2.78842101722134,0.258165430249447,10.8009078307932,3.40816971586804e-27,2.23049889774364e-25,"S000004406","S000004406","PUN1"
"S000004429",44.777768566911,1.05265540052292,0.434488718044383,2.42274507209505,0.0154037319485505,0.0335670901419553,"S000004429","S000004429","DIF1"
"S000004435",511.922228066812,-1.05268908764085,0.229453827140971,-4.58780357145278,4.47933798415353e-06,2.74644541777886e-05,"S000004435","S000004435","ECM7"
"S000004440",972.215567152015,1.72440400373144,0.383987272220869,4.49078427458805,7.09613952988393e-06,4.12411738508023e-05,"S000004440","S000004440","RPL6B"
"S000004442",1152.2976629648,-1.12651079970142,0.260764690552727,-4.32002813461294,1.56009309334837e-05,8.21812818464613e-05,"S000004442","S000004442","HMG2"
"S000004446",2382.53673812545,-1.64575587955525,0.233769176939395,-7.04008929278947,1.92116676343694e-12,3.68386786071778e-11,"S000004446","S000004446","FMP27"
"S000004449",285.263456228285,-1.11999562546074,0.236530568251412,-4.73509886582725,2.18948342468783e-06,1.45667179006027e-05,"S000004449","S000004449","NBP1"
"S000004450",34.1022934861688,-1.45623797633851,0.336841480884578,-4.32321450586873,1.53772089809942e-05,8.12159432233034e-05,"S000004450","S000004450",NA
"S000028685",159.154884782886,-1.11991059262945,0.452774729681892,-2.47343881893822,0.01338197148598,0.0297536374878455,"S000028685","S000028685",NA
"S000004458",1625.19048409265,-1.41078971327874,0.295233991086968,-4.77854771425407,1.76565865986631e-06,1.19449784169158e-05,"S000004458","S000004458","YRF1-4"
"S000028687",159.154884782886,-1.11991059262945,0.452774729681892,-2.47343881893822,0.01338197148598,0.0297536374878455,"S000028687","S000028687",NA
"S000004463",5264.88961075068,-1.25360245354277,0.300366059891078,-4.17358224160668,2.99847352016003e-05,0.000146814798668783,"S000004463","S000004463","GLO1"
"S000004465",536.239273404771,1.29751349166188,0.152252828545945,8.52209777679321,1.5668902065145e-17,5.15532564667967e-16,"S000004465","S000004465","GIS4"
"S000004467",730.209457603085,1.43556127273022,0.468663072478938,3.06309875266465,0.00219057757176028,0.00628069883788982,"S000004467","S000004467","ERG6"
"S000004476",156.123252302597,1.47711427778727,0.249852112594475,5.9119543254962,3.38072294903563e-09,3.76950608817473e-08,"S000004476","S000004476","TRM9"
"S000004480",226.14057452071,1.30694797236811,0.335813483476172,3.89188652831698,9.94677661059001e-05,0.000423846723088198,"S000004480","S000004480",NA
"S000004483",197.104562553332,1.28286032606946,0.381136308517292,3.36588327430698,0.000762989876007327,0.00251036177237165,"S000004483","S000004483","UNG1"
"S000004486",1647.59378293963,1.32668945921847,0.333944546555212,3.97278372383638,7.10375440171899e-05,0.000314497832740809,"S000004486","S000004486","RPS17A"
"S000004488",1941.62574744605,1.28269064634514,0.347204346896538,3.69433924952374,0.000220459307855437,0.000845740766441953,"S000004488","S000004488","RPS18B"
"S000004489",673.600913155769,-1.31500819231421,0.249021430709208,-5.2807029040396,1.28689219716229e-07,1.07169819074884e-06,"S000004489","S000004489","YOX1"
"S000004500",53.2146433805736,1.81328827310995,0.300459614027125,6.03504826757267,1.58915179893465e-09,1.87613391791873e-08,"S000004500","S000004500","CGI121"
"S000004502",330.185211621613,1.46866384916406,0.294286293179795,4.99059549561411,6.0193432693522e-07,4.41442945490495e-06,"S000004502","S000004502","YMD8"
"S000004506",4913.46046557479,-2.87172531214929,0.268101445367996,-10.7113384197074,9.00503854703482e-27,5.6478476137184e-25,"S000004506","S000004506","CAT2"
"S000004507",60.0261239753356,1.31360933414185,0.515121938518285,2.55009394070918,0.0107693896105202,0.0246830966292128,"S000004507","S000004507","RRN11"
"S000004516",186.250942873102,2.63013707487205,0.212347094849713,12.3860280581352,3.11072848633767e-35,3.60186465696906e-33,"S000004516","S000004516","SUR7"
"S000004520",429.362568426361,2.84085534061107,0.327870050610251,8.66457712536875,4.53191995153403e-18,1.56820057633255e-16,"S000004520","S000004520","IMD4"
"S000004525",99.6495559800586,1.8989896196644,0.387492896725716,4.90070820835868,9.54917955853853e-07,6.764189426113e-06,"S000004525","S000004525","OGG1"
"S000004529",86.6999412253922,3.11077064262238,0.317345707516354,9.80246642366219,1.09869530954782e-22,5.1681597334277e-21,"S000004529","S000004529","TEM1"
"S000004537",2718.13996650103,-1.40940791798389,0.221016052390668,-6.37694820235328,1.806515249487e-10,2.48902249820623e-09,"S000004537","S000004537","TCB3"
"S000004540",979.511991094293,-1.44172284332624,0.407811324461997,-3.53526926999446,0.000407359821511266,0.00145130975462682,"S000004540","S000004540","HMG1"
"S000004541",883.748563539379,-1.06221601214422,0.149084001840234,-7.12494968630197,1.04118714715454e-12,2.06216704375576e-11,"S000004541","S000004541","WAR1"
"S000004548",56.7908767903031,-1.86432036384797,0.25296570855031,-7.36985409813832,1.70814876599861e-13,3.76731271797714e-12,"S000004548","S000004548",NA
"S000004550",711.531314235966,1.25406432301583,0.345837803137412,3.62616322345058,0.000287663563425749,0.00106980995391379,"S000004550","S000004550","TUB1"
"S000004554",36.6598155223123,-2.58588878914107,0.980372793803692,-2.63765865952709,0.00834805638665836,0.0198278688378974,"S000004554","S000004554",NA
"S000004561",18.7117557658138,1.02922892278638,0.425416172103623,2.41934601991501,0.0155484420037066,0.0337874756517147,"S000004561","S000004561",NA
"S000004588",544.614863456286,-1.04330618780489,0.209520560659518,-4.97949310807888,6.37510230067078e-07,4.65831200877898e-06,"S000004588","S000004588",NA
"S000004592",3950.060016476,3.36936669333702,0.602014644572205,5.59681848891119,2.18321067748824e-08,2.0766368861227e-07,"S000004592","S000004592","PHO84"
"S000004593",473.754875771371,2.52553728864374,0.240541712441987,10.4993735307045,8.69552823766356e-26,5.23557755189723e-24,"S000004593","S000004593","TUB3"
"S000004595",864.627231580595,1.43887689469762,0.222884120418675,6.45571740146749,1.0770743580197e-10,1.52949639378223e-09,"S000004595","S000004595","ERG13"
"S000004597",19503.6999006426,-1.59852896587075,0.318443564592046,-5.01981871707347,5.17202657580646e-07,3.83979926176704e-06,"S000004597","S000004597","MSC1"
"S000004605",34.6392525160126,2.00483188885125,0.433017049233363,4.62991443962938,3.65816857266094e-06,2.32340010295269e-05,"S000004605","S000004605","AIM34"
"S000004614",1148.7035215849,1.60058905540535,0.523583265260336,3.05699047621299,0.00223571379294794,0.00639184840804348,"S000004614","S000004614","CLU1"
"S000004617",1029.62757918127,1.13956706944884,0.493252504279214,2.31031177654959,0.0208708994113972,0.0433173682716383,"S000004617","S000004617","ERG5"
"S000004619",248.305338161426,-3.45753366713236,0.396179822630099,-8.7271826318135,2.61095268039932e-18,9.30209827732799e-17,"S000004619","S000004619","SPO20"
"S000004633",2595.96389974713,-1.07770282670838,0.415419364054197,-2.59425274785163,0.0094796770188283,0.0221057844037046,"S000004633","S000004633","EIS1"
"S000004635",65.29836116771,3.25721168007451,0.351205267643353,9.27438162283541,1.78652308992278e-20,7.26801048947638e-19,"S000004635","S000004635","HOF1"
"S000004642",748.216386992457,1.11274275672806,0.273793667169831,4.06416542877099,4.82046291944515e-05,0.000224123608015284,"S000004642","S000004642","SUB1"
"S000004644",761.012504753247,-1.30653829947629,0.198930433429909,-6.5678150745931,5.10588942988889e-11,7.72426137119624e-10,"S000004644","S000004644","ARA2"
"S000004652",416.124506894122,1.12187582450457,0.400812984282456,2.7990007023175,0.00512610259586375,0.012995479465135,"S000004652","S000004652","ERB1"
"S000004657",733.467219964465,-1.2445771432565,0.19055304323443,-6.53139473466895,6.51600119360471e-11,9.68712177449233e-10,"S000004657","S000004657","STB2"
"S000004660",1370.34562012129,-1.77897297003159,0.25545659183203,-6.96389534234968,3.30990538662541e-12,6.02082789512737e-11,"S000004660","S000004660","AAC1"
"S000004662",815.217777523637,1.35411843399264,0.338149098939673,4.00450108617386,6.21485056073575e-05,0.000280506860766042,"S000004662","S000004662","FET3"
"S000004673",39.7929156327663,1.10466411334479,0.30027274560402,3.67886905993644,0.000234270500184119,0.000889371173775903,"S000004673","S000004673","NAT4"
"S000004686",1973.800996809,-1.49713121836574,0.386850054609332,-3.8700555952555,0.000108810536880035,0.000458145624164119,"S000004686","S000004686","ISF1"
"S000004689",256.61436687753,-1.58153992304059,0.401913535938382,-3.93502527688706,8.31879405527471e-05,0.000361381378115505,"S000004689","S000004689",NA
"S000004690",639.95376639037,-1.57859747964725,0.346518189368428,-4.55559773795552,5.22368192811658e-06,3.12331567916484e-05,"S000004690","S000004690",NA
"S000004699",188.627410758437,1.71064737638886,0.609590218694691,2.80622510651803,0.00501256613189071,0.0127613787230926,"S000004699","S000004699","UTP15"
"S000004707",71.5768019948234,-1.94978354082869,0.276056546829182,-7.06298605566191,1.62962081901877e-12,3.13480733268755e-11,"S000004707","S000004707","SRT1"
"S000004713",21634.3860818906,-3.17544225683657,0.608160657623261,-5.22138717299873,1.77587814134711e-07,1.43717235067889e-06,"S000004713","S000004713","SPG4"
"S000004714",5623.39929980852,2.24395187055806,0.399771462561173,5.61308667752813,1.98748978708895e-08,1.89947238223215e-07,"S000004714","S000004714","ILV2"
"S000004716",6710.83039090788,-1.73318522585789,0.3352964984299,-5.16911221552838,2.35208642674872e-07,1.87574998350385e-06,"S000004716","S000004716","HFD1"
"S000004720",1983.21872436072,-2.18889689236251,0.32416654699465,-6.75238365172405,1.45435682092162e-11,2.41230920627247e-10,"S000004720","S000004720",NA
"S000004721",841.049145452213,-1.04081816469961,0.191656942647209,-5.43063115963136,5.61550897550345e-08,5.02391969413169e-07,"S000004721","S000004721","MGR3"
"S000004723",35.927924973209,1.09067607518241,0.329682154778727,3.30826542890816,0.00093875790155677,0.00300652198152836,"S000004723","S000004723","SPC24"
"S000004724",2934.29446097824,-2.23709254213945,0.226381419994207,-9.88196178907569,4.98473286100704e-23,2.42040939968737e-21,"S000004724","S000004724","SHH3"
"S000004727",1945.48108851954,1.80264271224852,0.218920542434494,8.2342328052102,1.8071196469961e-16,5.1812701878874e-15,"S000004727","S000004727","ADE17"
"S000004728",336.56899923521,1.04665429763793,0.149858058488488,6.98430440241113,2.86270767926289e-12,5.29265896496389e-11,"S000004728","S000004728","RPL15B"
"S000007524",591.139703090354,4.31801480329936,0.307166120668889,14.0575881021527,6.92048620901405e-45,1.54326842461013e-42,"S000007524","S000007524",NA
"S000004730",75.6581995209111,1.12086619368466,0.379585456774758,2.95286917261893,0.00314835362254985,0.00853630167021144,"S000004730","S000004730","PKR1"
"S000004738",518.813266204378,1.75184134561569,0.646831923338393,2.70834088796079,0.00676205274613027,0.016537091626503,"S000004738","S000004738","RRB1"
"S000004740",188.444536367734,-1.31701451693941,0.14936448703857,-8.81745415561412,1.17091512523568e-18,4.29882924941708e-17,"S000004740","S000004740","REC114"
"S000004742",4115.62655531294,-1.21047599771703,0.326438744879178,-3.70812600129637,0.000208798760318932,0.000806399830583894,"S000004742","S000004742","GID8"
"S000004747",919.521815013959,-1.11218092466903,0.247151672754123,-4.49999351521878,6.795553554613e-06,3.96857691099174e-05,"S000004747","S000004747","RIM11"
"S000004752",101.732974674643,1.27397864712744,0.354864637541037,3.59004113781305,0.000330625777864251,0.00121128021028166,"S000004752","S000004752","FDO1"
"S000004753",4339.59596778657,1.34370359009226,0.236337620081745,5.68552560369988,1.30410943657184e-08,1.28933381241364e-07,"S000004753","S000004753","NDE1"
"S000004755",153.274905583909,-1.67352714422892,0.566101894409876,-2.95622954233965,0.00311425225068965,0.00846160324973031,"S000004755","S000004755",NA
"S000004760",1024.61870581796,-1.31339034016412,0.245633993758208,-5.34694046238961,8.94534247288141e-08,7.61809151756987e-07,"S000004760","S000004760","YIM1"
"S000004768",63.7619456148687,-1.40846223978245,0.363023859515861,-3.87980625202104,0.000104539702310653,0.000443263061698904,"S000004768","S000004768",NA
"S000004769",128.578801179891,-1.46919011870849,0.216906382123455,-6.77338354144084,1.25804850596004e-11,2.09825763279373e-10,"S000004769","S000004769","ATG16"
"S000004770",940.603287500996,-1.15611364700214,0.253401163676588,-4.56238491658101,5.0575816726954e-06,3.03606173991017e-05,"S000004770","S000004770",NA
"S000004775",1513.95033698316,-1.14139951053922,0.323115588414846,-3.53248048519958,0.000411680609400827,0.00146583616156261,"S000004775","S000004775","PAH1"
"S000004776",88.7077698479408,1.00832385297309,0.315165802523193,3.19934410681782,0.00137740657429822,0.0041928033285387,"S000004776","S000004776","MME1"
"S000004780",1515.56664482415,-1.13418807449612,0.156798095533597,-7.23343016786255,4.70944663103605e-13,9.77778557429932e-12,"S000004780","S000004780","ALD2"
"S000004784",3750.66331735658,1.28598012761498,0.258300620660759,4.97861803167687,6.40398849550473e-07,4.67374724017381e-06,"S000004784","S000004784","DDR48"
"S000004785",3367.42238276812,1.39288638754867,0.259455841381217,5.3684911472165,7.93980877299379e-08,6.83914000317534e-07,"S000004785","S000004785",NA
"S000004786",482.760603323389,-1.29194623206059,0.380786179393243,-3.39283908391639,0.000691722602581418,0.00231418421594991,"S000004786","S000004786","PAI3"
"S000004787",5516.22963912526,-2.31761913497303,0.377786335458685,-6.13473521258814,8.53011500770335e-10,1.06115335664012e-08,"S000004787","S000004787","SIP18"
"S000004793",965.650110072796,-1.257987929955,0.246547876157416,-5.10240830122501,3.35358251998273e-07,2.58870773754052e-06,"S000004793","S000004793",NA
"S000004794",377.508263359975,-1.07164177677763,0.382377049619278,-2.80257870561173,0.00506958449251115,0.0128901892860683,"S000004794","S000004794","RGM1"
"S000004796",187.959991529986,1.23059912981173,0.282194157380925,4.3608242680609,1.2957340204028e-05,7.06667983409896e-05,"S000004796","S000004796","ADD37"
"S000004803",21717.550703295,-2.48536766898724,0.426211174663958,-5.83130573933639,5.4995311374519e-09,5.86065079267219e-08,"S000004803","S000004803","SPG5"
"S000004807",659.632756748388,1.32778755348124,0.350060543393774,3.79302260291485,0.000148824603936175,0.000597780480520153,"S000004807","S000004807","RPL36A"
"S000004811",87.5681493930983,1.2050902616889,0.273960249884345,4.39877778691487,1.08862220644203e-05,6.04110074192395e-05,"S000004811","S000004811","CIK1"
"S000004812",615.032396971185,3.10038731807954,0.231895117372865,13.3697826552097,9.08057934672684e-41,1.51872689574006e-38,"S000004812","S000004812","CLN1"
"S000004815",544.408218704853,1.16238858604714,0.305321324778841,3.80709924827265,0.000140606328064975,0.000568563264794636,"S000004815","S000004815","ERG2"
"S000004819",1868.78157889593,-2.46255429165511,0.417950486870987,-5.89197612877828,3.81604313107409e-09,4.18609993100554e-08,"S000004819","S000004819",NA
"S000004827",300.669744888032,1.33164285267991,0.338105339991332,3.93854427946643,8.19774668128761e-05,0.000356380019985796,"S000004827","S000004827","SCJ1"
"S000004828",284.255852408045,2.39378098651635,0.203894015980936,11.7403199647613,7.91862976007467e-32,7.2239499674863e-30,"S000004828","S000004828","GAS3"
"S000004830",1232.28422181187,2.11670739671024,0.488492470585811,4.33314231879938,1.46996015908378e-05,7.80478846370674e-05,"S000004830","S000004830","GUA1"
"S000004845",257.38184780559,-1.63047598015801,0.230370695105084,-7.07761887602181,1.46652379212504e-12,2.83869474905504e-11,"S000004845","S000004845","FUS2"
"S000004860",1883.59351313379,-1.72497266892699,0.42715635267251,-4.03826996399485,5.3846862379753e-05,0.000247490044571368,"S000004860","S000004860","FAA4"
"S000004862",5390.99676114513,-1.09455251652978,0.283310050622774,-3.8634440046293,0.000111799530037932,0.000469745268917229,"S000004862","S000004862","GAD1"
"S000004863",339.423993889316,-1.10624197063304,0.205158308570151,-5.3921382874668,6.96241519362302e-08,6.07546404069627e-07,"S000004863","S000004863","GTO3"
"S000004864",54.1578128398347,2.36679577983848,0.494805756376615,4.78328263027931,1.7245537049303e-06,1.17063560962631e-05,"S000004864","S000004864","HOR7"
"S000004865",129.782421214774,-1.22770314625647,0.226744969570043,-5.41446696076413,6.14715520715676e-08,5.42698262496933e-07,"S000004865","S000004865",NA
"S000004874",1105.57100119785,1.44046807672299,0.124701110090101,11.5513653060683,7.26569398785091e-31,5.9117220947095e-29,"S000004874","S000004874","TPS3"
"S000004884",1167.78997251646,-1.52456304175531,0.248603256258839,-6.13251437128392,8.65008919922666e-10,1.07385952718647e-08,"S000004884","S000004884","URA10"
"S000004887",36.5020804255094,1.23838843581518,0.401179026412502,3.08687232951665,0.00202274452047086,0.00588354819215221,"S000004887","S000004887","RCE1"
"S000004893",1909.22849210934,-1.46232397555284,0.27260931314018,-5.3641746817391,8.13201778565467e-08,6.97476910077304e-07,"S000004893","S000004893","CAT8"
"S000004903",273.52932802456,1.99060263930502,0.536971914900696,3.70708892600677,0.000209655340350941,0.000809188977085265,"S000004903","S000004903","HAS1"
"S000004909",581.425721211567,1.17725749694625,0.197255039172079,5.96819985886012,2.3988542444191e-09,2.74448398186841e-08,"S000004909","S000004909",NA
"S000004910",2081.9602809583,1.15544111279587,0.210643401837617,5.48529459131404,4.12780946745115e-08,3.76568800053384e-07,"S000004910","S000004910",NA
"S000004911",800.685747179005,1.79061253269982,0.18530198270709,9.66321302417078,4.32094852689919e-22,1.94152470749702e-20,"S000004911","S000004911","LCB1"
"S000004912",10351.3897669204,-1.17056758178587,0.317796201164684,-3.68339073121668,0.00023015196467208,0.000876372667045524,"S000004912","S000004912","PRC1"
"S000004916",387.311143019338,1.41241522077565,0.168194764747454,8.39749812008952,4.56091845650413e-17,1.42286476821821e-15,"S000004916","S000004916","ATM1"
"S000004918",21415.1481364445,-4.65706163975588,1.04620761393881,-4.45137425660933,8.53224891246168e-06,4.85563995292361e-05,"S000004918","S000004918","ADH2"
"S000004919",91.7653793933331,2.05371823108569,0.381029317335642,5.3899218187366,7.04883422191361e-08,6.1419726266486e-07,"S000004919","S000004919",NA
"S000004921",1744.98868804091,4.61567006493736,0.18733201144881,24.6389820364398,4.83036911586915e-134,9.69455081554939e-131,"S000004921","S000004921","SCW10"
"S000004923",321.918556655417,-1.22349938557328,0.254577289312893,-4.80600366543111,1.5397707676204e-06,1.05471669986831e-05,"S000004923","S000004923","FKS3"
"S000004924",3973.23768647502,4.08852222506706,0.231739361197504,17.6427612639466,1.15668101577017e-69,6.96437639595221e-67,"S000004924","S000004924","GAS1"
"S000004933",56.481054453344,4.18533835985337,0.686123629281654,6.09997700302971,1.06083726586466e-09,1.29297594691723e-08,"S000004933","S000004933",NA
"S000004935",1082.24593141112,4.02402627219257,0.445033896405791,9.0420669182542,1.53736926056039e-19,5.89586007505358e-18,"S000004935","S000004935","DIA1"
"S000004938",449.946995369275,-1.49368290134471,0.212815872311651,-7.01866305891569,2.24001236027267e-12,4.22793555523566e-11,"S000004938","S000004938","FET4"
"S000004939",16.8100577336478,-2.8602909181955,0.506389655996886,-5.64839918099173,1.61948782105127e-08,1.57782138682034e-07,"S000004939","S000004939",NA
"S000004940",11.6983819439316,1.32004274805895,0.5382557181024,2.45244537803092,0.0141888919569636,0.0312591725111151,"S000004940","S000004940",NA
"S000004941",227.088471395983,-1.1056747354388,0.180629341103684,-6.12123550184534,9.28525496453756e-10,1.13866152792916e-08,"S000004941","S000004941","SNO4"
"S000004942",751.851520285239,-1.64105237293522,0.252315566514052,-6.50396800961477,7.82285395689072e-11,1.13771506459998e-09,"S000004942","S000004942","ERR3"
"S000004948",231.04512249793,1.21543696855016,0.184696231130872,6.58073508651581,4.6812801885552e-11,7.15380406479464e-10,"S000004948","S000004948","PET8"
"S000004951",956.931395713413,-1.02819846232304,0.231697883007843,-4.43766878218835,9.09384088389457e-06,5.13432492973497e-05,"S000004951","S000004951","LST8"
"S000004953",905.079691489844,-1.47306308280722,0.454630104486022,-3.24013537218918,0.00119472964804006,0.00370797278909752,"S000004953","S000004953","ASI3"
"S000004957",535.162438040487,-2.35032298078134,0.368762493521229,-6.37354129575012,1.84712510037422e-10,2.53338046226724e-09,"S000004957","S000004957","SPO1"
"S000004958",170.684134285605,-2.48842886379096,0.358332273007447,-6.94447319217391,3.79875201383666e-12,6.86855431691007e-11,"S000004958","S000004958",NA
"S000004959",3710.72884756083,-2.80402600931143,0.337832438081659,-8.30004964956522,1.04067894562915e-16,3.07153329982016e-15,"S000004959","S000004959","HEF3"
"S000004960",242.422095510677,1.03669564281926,0.248035510335474,4.17962589879614,2.91989034009253e-05,0.000143281660453929,"S000004960","S000004960","PBI2"
"S000004966",204.429352096429,1.33108087671389,0.330385924759502,4.0288667796088,5.60463659230764e-05,0.000255841674922549,"S000004966","S000004966","HDA1"
"S000004969",20.1012833174764,2.96624817082439,0.635362155881835,4.6685943494816,3.03267499808186e-06,1.96552595946726e-05,"S000004969","S000004969","EFM6"
"S000004975",1199.66963949638,1.87513666984567,0.219178697147575,8.55528705229561,1.17575784974918e-17,3.88969121612076e-16,"S000004975","S000004975","HHF2"
"S000004981",2895.89715166492,2.3721225203844,0.257802840040758,9.20130484213974,3.53629090471728e-20,1.41006672432469e-18,"S000004981","S000004981","NCE103"
"S000004982",1963.19358006322,1.11894776816047,0.194089717076071,5.7651058748358,8.16065948877183e-09,8.45702767330382e-08,"S000004982","S000004982","IDH1"
"S000004988",91.401811611295,1.8903424288402,0.275738575178247,6.85556029880191,7.10335511717604e-12,1.23254470203219e-10,"S000004988","S000004988",NA
"S000004989",342.121443654763,1.68007615518352,0.270642859769725,6.20772392300688,5.37574805050849e-10,6.90136013051421e-09,"S000004989","S000004989","YIP3"
"S000007385",521.456400987894,1.31401097115604,0.218121958014462,6.02420307940254,1.69944875886275e-09,1.99778760478046e-08,"S000007385","S000007385",NA
"S000005001",319.273921748901,-1.06715846729289,0.232640766483038,-4.58715161330376,4.49334375323955e-06,2.75223018700461e-05,"S000005001","S000005001","OCA2"
"S000005002",46.3718298260686,1.55560084363465,0.392919607372857,3.95908174202791,7.52384843908115e-05,0.000330182882301076,"S000005002","S000005002",NA
"S000005005",525.720445550931,1.20879213463088,0.364624695506553,3.31516803312395,0.000915880522143201,0.00294421602980471,"S000005005","S000005005","NOP2"
"S000005006",217.311661966671,1.497164226319,0.243845574269631,6.1398047957332,8.26229480135111e-10,1.03424692305478e-08,"S000005006","S000005006","GCD10"
"S000005009",134.572938273149,1.13263604493215,0.286539214394661,3.95281339527974,7.72376701362168e-05,0.000337798273836064,"S000005009","S000005009","AQR1"
"S000005010",890.174710301869,2.1506170248875,0.293882687296564,7.31794392065448,2.51799040731305e-13,5.45353246130642e-12,"S000005010","S000005010","SUN4"
"S000005013",2898.14037611565,1.45347697716119,0.429149962264211,3.38687429795541,0.000706937704146574,0.00235356303728393,"S000005013","S000005013","RPL16B"
"S000005033",101.399910097861,1.16155144887715,0.212995327778833,5.45341280952069,4.94121791562613e-08,4.46043074512517e-07,"S000005033","S000005033",NA
"S000005035",2596.2484084668,-1.09953591787909,0.382778736827727,-2.87251044034336,0.00407224623170561,0.0106697104269362,"S000005035","S000005035","NST1"
"S000005040",705.870759633331,1.42940243577506,0.253773573309521,5.63258978125217,1.77523374158434e-08,1.7212048885796e-07,"S000005040","S000005040","RPS7B"
"S000005055",29.6007487196995,1.54589500222165,0.462895815214252,3.3396175800512,0.000838938282682659,0.0027211287906089,"S000005055","S000005055","CYB5"
"S000005056",582.762170431647,1.16212975386441,0.308816964351155,3.76316682053436,0.000167775203416233,0.000662409508045338,"S000005056","S000005056","DBP2"
"S000005058",103.612270390588,1.05061093654383,0.390942878953627,2.68737709037144,0.00720156005764178,0.0174382206547909,"S000005058","S000005058",NA
"S000005059",4468.48517444145,-1.76730849302876,0.184319800790823,-9.58827258626652,8.95720411900623e-22,3.90806710148815e-20,"S000005059","S000005059",NA
"S000005060",1013.92756676019,-1.33396424818239,0.386616731523618,-3.45035312601544,0.000559853711869521,0.00192365203936041,"S000005060","S000005060","DMA2"
"S000005069",2302.45739296873,-1.35660124398458,0.362361279774686,-3.74378091618427,0.000181271725761139,0.000709646983620168,"S000005069","S000005069","ESBP6"
"S000005073",81.0113740283553,2.51228026791842,0.376597075064485,6.67100313375571,2.54060796220092e-11,4.02552645800309e-10,"S000005073","S000005073","NRK1"
"S000005076",310.238878689055,1.38126186496448,0.461351093596734,2.99394947608349,0.00275391543406951,0.00763910476063163,"S000005076","S000005076","KRE33"
"S000005084",65.6179757476899,-1.05736559701679,0.352512269847959,-2.99951430760933,0.0027041042310957,0.00751334175146619,"S000005084","S000005084",NA
"S000005085",194.12920417887,2.17920900143944,0.361043281234741,6.03586637587247,1.58112053131644e-09,1.87031959117019e-08,"S000005085","S000005085","AAH1"
"S000005097",114.453187006638,2.19875799442682,0.337087981332412,6.52280151234039,6.90061568263425e-11,1.02085029545801e-09,"S000005097","S000005097","GIM3"
"S000005098",861.742181051719,1.12203785432311,0.197149734678921,5.69129781559415,1.26077384013313e-08,1.25059625888659e-07,"S000005098","S000005098","YCK2"
"S000005104",13592.4100406898,2.44588286943179,0.30810476648972,7.93847786679212,2.04677433343168e-15,5.33490400934725e-14,"S000005104","S000005104","YGP1"
"S000005106",1301.75069292156,1.58053229938276,0.43830492010104,3.60601085431212,0.000310940135872426,0.00114716333216169,"S000005106","S000005106","RPL42A"
"S000005113",428.973518094439,2.08299403248095,0.206019211487214,10.1106785985841,4.9539935520395e-24,2.59373871102868e-22,"S000005113","S000005113","PSD1"
"S000005114",39.1703121332813,1.64222467110317,0.344654177540212,4.76484771727907,1.8899633223756e-06,1.26861417659125e-05,"S000005114","S000005114",NA
"S000005136",4589.08836930721,2.0440229671222,0.387504208582388,5.27484069037568,1.32871461343671e-07,1.10499871374343e-06,"S000005136","S000005136","CHS1"
"S000005138",3889.0985143005,-1.41213435980483,0.368740721383803,-3.82961327001098,0.000128344797658597,0.00052810466782742,"S000005138","S000005138",NA
"S000005139",7744.73709894402,-2.71916052973692,0.404109448698626,-6.72877246125666,1.71100369465944e-11,2.79944381672405e-10,"S000005139","S000005139",NA
"S000005144",2787.92155478147,-1.50433091951951,0.248834149341242,-6.04551635497798,1.48932240857945e-09,1.77568519248651e-08,"S000005144","S000005144","NNR1"
"S000005146",2992.27289168252,-3.14000131493969,0.630330323630685,-4.98151714620578,6.30876931534298e-07,4.62105839996108e-06,"S000005146","S000005146","SPS19"
"S000005147",1548.10339692402,-2.99945978901802,0.637541245580116,-4.70473057204124,2.54201432319246e-06,1.67639301642298e-05,"S000005147","S000005147",NA
"S000005153",6574.17382877969,1.10385064764058,0.480622504079809,2.29671028358107,0.0216353024214998,0.0447035538365993,"S000005153","S000005153","SSB2"
"S000005154",29.884670747532,1.32463005184371,0.356779458798556,3.71274191710577,0.000205025929997325,0.000793865674928548,"S000005154","S000005154","MER1"
"S000005159",772.638490140182,-1.20929126986403,0.293061333739833,-4.12641017643626,3.68469826732316e-05,0.0001763558685815,"S000005159","S000005159","IES2"
"S000005161",431.929694596831,2.71564695664578,0.239745299256267,11.3272166965117,9.62136795852817e-30,7.33294385801242e-28,"S000005161","S000005161",NA
"S000005164",1050.0874075583,1.76075972549237,0.111639232505269,15.771872360456,4.85877529407031e-56,1.53972031818934e-53,"S000005164","S000005164","ADE12"
"S000005183",1911.10793181355,-1.29590928842061,0.45452317084785,-2.85114020920709,0.0043562755670447,0.0113300799953245,"S000005183","S000005183","LAP3"
"S000005184",1205.26439654688,-1.29192883924699,0.364939563430496,-3.54011723777668,0.000399949320670441,0.00142575184118219,"S000005184","S000005184","NAR1"
"S000005191",692.350143683591,1.74787469949811,0.357887755612436,4.88386280918457,1.04027467573413e-06,7.29161096926099e-06,"S000005191","S000005191",NA
"S000005192",279.076435330211,1.72870303338697,0.683486395213448,2.52924278448456,0.0114308925021273,0.0260522301585965,"S000005192","S000005192","RPA49"
"S000005198",477.559203286298,-1.9410613337561,0.306597773266897,-6.3309700950319,2.43624565062094e-10,3.24835231269321e-09,"S000005198","S000005198","RTC4"
"S000005213",27.4524738791835,-3.23578786139244,0.542491824555144,-5.96467580695038,2.45120223847862e-09,2.79520618899238e-08,"S000005213","S000005213","BSC4"
"S000005214",536.058391836614,-1.79115985011364,0.576256820918321,-3.10826663580182,0.00188188201013023,0.00552183800340844,"S000005214","S000005214","ALP1"
"S000005218",929.728314530794,1.02622823651658,0.251042199555784,4.08787143489211,4.35349292904876e-05,0.000204784225982833,"S000005218","S000005218","GOR1"
"S000005220",71.3011182790694,2.69151531112068,0.385131553603405,6.98856088507438,2.7772015153766e-12,5.17694437278096e-11,"S000005220","S000005220",NA
"S000005233",363.949379088528,4.2919587490497,0.322882137068639,13.2926484816263,2.55376270363331e-40,4.15573114556113e-38,"S000005233","S000005233","PCL1"
"S000005242",225.349795752214,1.47635220728476,0.320283633013352,4.60951498955683,4.03609434287544e-06,2.53138792067219e-05,"S000005242","S000005242","CLA4"
"S000005244",122.369731274182,4.98512539903906,0.450757305419175,11.0594444928701,1.97315762977048e-28,1.36556115963771e-26,"S000005244","S000005244","TOS6"
"S000005246",1933.56989025553,1.44385773057828,0.360025555779712,4.01043122467042,6.06079531857426e-05,0.000273964328927445,"S000005246","S000005246","RPS19B"
"S000005262",44.3120055680937,-3.8703214243354,0.523232125562925,-7.39694914598653,1.39348884179451e-13,3.09601340090213e-12,"S000005262","S000005262","HXT14"
"S000005263",18.8750258685588,-3.4319137923568,0.681331809019597,-5.03706673741706,4.7271999732254e-07,3.5182288057837e-06,"S000005263","S000005263",NA
"S000005264",112.811410958367,1.71004050518925,0.200803287693693,8.51599854180555,1.65160910918486e-17,5.40453176434893e-16,"S000005264","S000005264",NA
"S000005265",898.012582205539,-1.17464501150399,0.444718548810535,-2.64132228045299,0.00825831210823823,0.0196445796562022,"S000005265","S000005265","VNX1"
"S000005271",1133.06996882746,3.12355085927018,0.438236934411832,7.12753904109512,1.02179296687539e-12,2.03043414308804e-11,"S000005271","S000005271","EGT2"
"S000005285",2306.02775438173,-2.30993518918964,0.44353647774895,-5.20799371657795,1.90893387735661e-07,1.54070923264935e-06,"S000005285","S000005285","ATO2"
"S000005292",70.0353856943542,3.19531489787322,0.432769439316177,7.38341159884617,1.54284120235124e-13,3.41523782329295e-12,"S000005292","S000005292","NRM1"
"S000005295",175.381036855166,1.12913093972103,0.419041516706986,2.69455625445957,0.00704824278256757,0.017160319366696,"S000005295","S000005295","URK1"
"S000005297",117.323965898313,2.57391554122726,0.318389220403253,8.08417928837948,6.25842072590755e-16,1.73649544657555e-14,"S000005297","S000005297",NA
"S000005320",118.415482641785,1.21446829184764,0.217021453941213,5.59607481100288,2.1925911982546e-08,2.08226996919416e-07,"S000005320","S000005320","RSM19"
"S000005321",205.404425341601,1.2844458602992,0.456293535619031,2.81495519886482,0.00487840342677561,0.0124619715878727,"S000005321","S000005321","DBP6"
"S000005322",719.580836252623,-1.0461387605798,0.211469924586271,-4.94698602000505,7.53713872786398e-07,5.41540719337339e-06,"S000005322","S000005322","ZRG17"
"S000005324",147.80861225017,1.89602476100095,0.391982196609127,4.83701754161965,1.31801800505587e-06,9.11112102002454e-06,"S000005324","S000005324","COQ2"
"S000005325",43.0602028665827,1.81252692610119,0.354903953048834,5.10709139904056,3.27155527089884e-07,2.53513954775829e-06,"S000005325","S000005325",NA
"S000005326",412.601789936617,2.58495597116534,0.279877306216108,9.23603276776345,2.55806184640915e-20,1.03369734075366e-18,"S000005326","S000005326","MVD1"
"S000005336",388.110275243397,1.21542995502148,0.510742283565522,2.37973238976122,0.0173252149120387,0.0370909506992722,"S000005336","S000005336","NOG2"
"S000005341",582.108648990816,1.41074827662416,0.245558976926488,5.74504868150875,9.18945444418507e-09,9.39383789616949e-08,"S000005341","S000005341","BIO3"
"S000005343",247.993132033975,-1.50781176695993,0.488811772439496,-3.08464699905845,0.00203793873537483,0.00591916503892515,"S000005343","S000005343","FRE4"
"S000005345",171.566196472298,-3.40891820170675,0.421930135157256,-8.07934280502676,6.51167395342041e-16,1.77406284495676e-14,"S000005345","S000005345",NA
"S000005346",172.514954395263,-1.25429915925514,0.201317200746276,-6.23046195062071,4.65061775974825e-10,6.03477791625953e-09,"S000005346","S000005346",NA
"S000005347",482.33355194331,-1.74287332750671,0.292643836262968,-5.95561263057177,2.59099383773184e-09,2.94346677301574e-08,"S000005347","S000005347",NA
"S000005348",903.842505643085,1.57506095693671,0.174964606829807,9.00216898420386,2.21301594504532e-19,8.32785562819868e-18,"S000005348","S000005348",NA
"S000005349",183.690048567724,1.36827682956752,0.326237767094716,4.19410922822516,2.73945962060249e-05,0.000135421070407616,"S000005349","S000005349",NA
"S000005350",696.070865552429,2.04557837187364,0.404401539471726,5.0582853234085,4.23043138434221e-07,3.18791331228091e-06,"S000005350","S000005350","DSE4"
"S000005353",850.251893680291,-1.82037189343361,0.250333002337714,-7.27180146618393,3.54724684115623e-13,7.46782280790268e-12,"S000005353","S000005353","PDR18"
"S000005356",130.418474108782,-1.92810565504471,0.293619388656144,-6.56668370528728,5.1448166330584e-11,7.76364434778061e-10,"S000005356","S000005356","MAN2"
"S000005358",78.089644189313,1.89071006211841,0.359540773718928,5.25868051782209,1.45092711314569e-07,1.19835831937589e-06,"S000005358","S000005358","COS10"
"S000005359",10.8048878900685,1.66919288124744,0.587300552397019,2.8421442384734,0.00448112128068945,0.0116046585939919,"S000005359","S000005359","PAU6"
"S000005371",1129.14107948397,1.05883867582678,0.264371825851028,4.00511163554708,6.19881993122542e-05,0.000279993209346648,"S000005371","S000005371","PLB3"
"S000005373",731.884139896801,-1.19671341122843,0.146522771673643,-8.16742269859549,3.15047485672262e-16,8.94764580770136e-15,"S000005373","S000005373","HRD1"
"S000005374",21.7470039425433,-2.12776295382849,0.475691942112078,-4.47298506756536,7.71351658936559e-06,4.4485712054186e-05,"S000005374","S000005374",NA
"S000005379",386.391651625788,1.10643089397463,0.263117669625828,4.20508016640635,2.60989632560622e-05,0.000129654998155735,"S000005379","S000005379",NA
"S000005386",374.040645879873,-1.08746998019395,0.155020944785797,-7.01498743732073,2.2996961762683e-12,4.31354226707521e-11,"S000005386","S000005386","MIM1"
"S000005388",55.4559572614491,1.67611085051264,0.544748985655527,3.07684987884041,0.00209200629807675,0.00604123257588496,"S000005388","S000005388","YAP7"
"S000005389",72.1163310532147,1.8421435964077,0.477864322017891,3.85495110542848,0.000115752761051924,0.000485001652257227,"S000005389","S000005389",NA
"S000005399",1007.61832272339,1.31665646376753,0.346667653975943,3.79803667480006,0.000145846747614744,0.000587386800928679,"S000005399","S000005399","RPP2A"
"S000005400",3395.72382048106,1.29732872879738,0.361382671569308,3.58990297781495,0.000330801065221375,0.00121128021028166,"S000005400","S000005400","RPS15"
"S000005404",654.598300584718,-1.10898063288408,0.307422471110364,-3.60735059112176,0.000309339557429818,0.00114265857379444,"S000005404","S000005404","PEX15"
"S000005405",1031.52062873146,-1.21557472238166,0.105070871657834,-11.5690933481566,5.91039215631242e-31,4.87485906481604e-29,"S000005405","S000005405","PSK2"
"S000005406",109.817668550855,-1.64981565710054,0.249844458949271,-6.60337100946283,4.01912011127066e-11,6.18903380817409e-10,"S000005406","S000005406",NA
"S000005407",106.927579073424,-1.37381504815434,0.448281864897766,-3.06462330004728,0.00217944316400188,0.00625175192494299,"S000005407","S000005407","LDS2"
"S000005408",1279.43215258108,-1.50642767298959,0.261523764903561,-5.76019419705546,8.40172162603107e-09,8.6621174503995e-08,"S000005408","S000005408","RRT8"
"S000005412",285.726697174169,1.51259535233179,0.232534865624227,6.50481100230416,7.77911201206343e-11,1.1340928189984e-09,"S000005412","S000005412","SPE2"
"S000005417",93.207763492935,1.20528513121796,0.259041405166155,4.65286671234995,3.27351858888142e-06,2.09679313017607e-05,"S000005417","S000005417","GPM3"
"S000005425",566.811972988096,1.37229349686264,0.314554445512135,4.36265809128326,1.28491672197732e-05,7.01743840425281e-05,"S000005425","S000005425","MET22"
"S000005426",535.597563062826,-1.00817086457388,0.171861324375776,-5.86618815045037,4.45927761161113e-09,4.85520985524604e-08,"S000005426","S000005426","INP54"
"S000005436",154.064035684862,1.58309806557398,0.425501188081243,3.72054910754258,0.000198790081251953,0.000772701794201427,"S000005436","S000005436","MDM20"
"S000005437",331.566196072927,1.39734123542225,0.603756486381256,2.31441196399813,0.0206451352425866,0.0429595697828889,"S000005437","S000005437","BRX1"
"S000005439",12.248956072176,2.58598467712167,0.72684444018456,3.55782411497162,0.000373939554927799,0.00134497614111128,"S000005439","S000005439",NA
"S000005440",53.674172905838,2.22057912971981,0.388981072042548,5.70870741360113,1.13837391001056e-08,1.14426532757489e-07,"S000005440","S000005440","REX4"
"S000005441",6361.23201999022,-2.39819670908607,0.416209587894699,-5.76199294498909,8.3126473942252e-09,8.58498284058832e-08,"S000005441","S000005441","IRA2"
"S000005443",2173.31972778177,-2.2128292517712,0.261878430079369,-8.44983395959929,2.91717397091516e-17,9.21201164557577e-16,"S000005443","S000005443","ATG34"
"S000005457",676.540940319318,1.38786554769016,0.390842831491143,3.55095561659703,0.000383835139357065,0.00137237017462523,"S000005457","S000005457","WRS1"
"S000005459",323.504551851259,-1.10456323420872,0.151430372997745,-7.29419872871322,3.00441700906617e-13,6.41474993318703e-12,"S000005459","S000005459",NA
"S000005460",1900.1106022017,-1.19778085756896,0.213141150257635,-5.61966028672143,1.91333298002403e-08,1.83582611844789e-07,"S000005460","S000005460","PKH2"
"S000005467",83.688918594819,1.38405901704385,0.302976264686172,4.5682093891991,4.91908494997413e-06,2.96178104837943e-05,"S000005467","S000005467",NA
"S000005480",3441.52440179944,1.23874370250582,0.403165115066086,3.07254684548481,0.00212240517440465,0.00610850934755754,"S000005480","S000005480","RPL18A"
"S000005481",1369.74419089094,1.24597776174391,0.430196098839227,2.8963018611881,0.00377589001198069,0.00997133059742797,"S000005481","S000005481","RPS19A"
"S000005484",104.573853168186,1.6099994441295,0.490714487943612,3.28092910171935,0.00103465748509228,0.0032650276298431,"S000005484","S000005484","TRM11"
"S000005491",29.7915059778627,-2.70842459966062,0.338062372461406,-8.01161211743497,1.13214456542888e-15,3.02961885708768e-14,"S000005491","S000005491",NA
"S000005500",312.473513897744,1.02452792553598,0.285399886723051,3.58979794035508,0.000330934387296683,0.00121128021028166,"S000005500","S000005500","ARG8"
"S000005506",221.439349848674,-1.03590265591049,0.305886158705466,-3.38656270128243,0.000707741015605256,0.00235431417401063,"S000005506","S000005506","PSF3"
"S000005514",1602.21774230802,-5.04478574070534,0.393449427608037,-12.821941999954,1.23566345011161e-37,1.69089309843683e-35,"S000005514","S000005514","ZPS1"
"S000005516",161.039565114858,-1.29426306153522,0.323766147621442,-3.99752435837892,6.40084060705414e-05,0.000287937447547242,"S000005516","S000005516","HXT11"
"S000005519",276.636110087191,-1.171491427666,0.134081902642205,-8.7371330849332,2.39100748506273e-18,8.56920004021588e-17,"S000005519","S000005519","CSS3"
"S000005535",139.321242136129,-2.70291653848145,0.284160661166649,-9.51193077671049,1.87156046534118e-21,8.0490468298709e-20,"S000005535","S000005535","TIR4"
"S000005536",181.717598913444,-1.90872382899859,0.452479717781068,-4.21836328567134,2.46082107475161e-05,0.000123471697425662,"S000005536","S000005536","TIR2"
"S000005537",367.340718153359,-1.34139384903909,0.320354757028916,-4.18721376726119,2.8239982339327e-05,0.000138802394828643,"S000005537","S000005537","AUS1"
"S000005545",1128.31132254688,-1.92702784578977,0.298232604308123,-6.46149286816015,1.03675042824434e-10,1.47921192617516e-09,"S000005545","S000005545",NA
"S000005551",121.65514983814,1.81373785521803,0.274923765676479,6.59723924104973,4.18884531329926e-11,6.43393817126909e-10,"S000005551","S000005551","HST3"
"S000005556",1700.9264969893,-1.67442817349203,0.171431622101049,-9.76732386341797,1.55505325755219e-22,7.20228897209363e-21,"S000005556","S000005556","DFG16"
"S000005559",224.960231831967,1.06536418366213,0.25134014265945,4.23873469788561,2.24783106812782e-05,0.000113924165498297,"S000005559","S000005559","EXO1"
"S000005560",1061.08718419271,-1.39362949885899,0.116800627167335,-11.9316953398067,8.0908730006422e-33,7.85728166723657e-31,"S000005560","S000005560","AKR2"
"S000005566",1626.64620758379,-2.43832881593698,0.520551965116989,-4.68412181555974,2.81162766876099e-06,1.83212231532575e-05,"S000005566","S000005566","GLO4"
"S000005577",252.505362834684,1.28581975525943,0.360119169444208,3.57053960011045,0.000356246588844082,0.00129136707491284,"S000005577","S000005577","ETT1"
"S000005579",218.022971930324,-1.0122059852329,0.24843783377021,-4.07428276873936,4.61563732336531e-05,0.000215766710589927,"S000005579","S000005579",NA
"S000005581",246.45710272237,-1.01090296959536,0.304758648951195,-3.31706080557292,0.000909698158555523,0.00292746799180268,"S000005581","S000005581",NA
"S000005589",10928.1304187806,1.27322464832721,0.419442044138413,3.03551984385011,0.00240121421859751,0.00681594291517417,"S000005589","S000005589","RPL3"
"S000005600",240.349201349917,1.4035795501135,0.215916095632363,6.5005785974537,8.00116721404077e-11,1.1580535527822e-09,"S000005600","S000005600","CDC21"
"S000005601",618.731488386131,-1.57287881652036,0.28423621144109,-5.53370314269882,3.13539461194691e-08,2.89543112860926e-07,"S000005601","S000005601","UFE1"
"S000005603",151.425478803142,-1.27486426329048,0.256414398005282,-4.97189031976362,6.6303214444477e-07,4.81558087056931e-06,"S000005603","S000005603","RTS2"
"S000005618",495.988689796863,1.44615628266715,0.315049709637284,4.59024794637047,4.42719785299245e-06,2.72001615029261e-05,"S000005618","S000005618","ECM3"
"S000005626",1726.60360387886,-2.8902397048782,0.368305915462206,-7.84738876987921,4.24788872813646e-15,1.0701480348163e-13,"S000005626","S000005626","CRC1"
"S000005627",168.660404619193,-1.61780109153878,0.451407433971158,-3.5839044060629,0.000338496013674578,0.00123595178795308,"S000005627","S000005627","RAS1"
"S000005634",477.396968045149,1.91668579886866,0.425510338119262,4.50444002686358,6.65481878645247e-06,3.89394207125659e-05,"S000005634","S000005634","LEU9"
"S000005639",1103.60261160187,-1.13160519035577,0.21996007292076,-5.14459363160617,2.68100511847966e-07,2.1211999761322e-06,"S000005639","S000005639","AZF1"
"S000005644",956.736088577317,-1.09552933590487,0.191704590494192,-5.71467450560635,1.09914204869134e-08,1.10853170438368e-07,"S000005644","S000005644","RTC5"
"S000005651",272.028352933413,-1.05120554973322,0.177037578989931,-5.93775375674903,2.88953598067016e-09,3.25194320366636e-08,"S000005651","S000005651","CAT5"
"S000005660",251.506871772412,-1.04786242262602,0.388485046158565,-2.69730439559396,0.00699033391812494,0.0170400002109434,"S000005660","S000005660","BAG7"
"S000005661",214.54026036218,1.08317798188429,0.337778769249495,3.20676750729769,0.00134235434644554,0.00410061670215554,"S000005661","S000005661","IRC14"
"S000005662",2006.85945569182,1.05033031375541,0.333767397725281,3.1468930785742,0.00165015292258086,0.00490887882749969,"S000005662","S000005662","IDH2"
"S000005674",307.981761246423,-1.16225467672505,0.224967358955057,-5.1663258266602,2.38740465170588e-07,1.90139727618004e-06,"S000005674","S000005674","SPP2"
"S000005678",460.331965040491,-1.49812947071303,0.217473003327446,-6.88880664630048,5.62623472672074e-12,9.96339979105457e-11,"S000005678","S000005678","ATG40"
"S000005693",158.836790398029,1.8179449680535,0.260295426155877,6.98416024784401,2.86564826868996e-12,5.29265896496389e-11,"S000005693","S000005693","RPS28A"
"S000005699",4562.52883846503,-1.09729190443742,0.291969512841162,-3.75824137855917,0.0001711117741767,0.000673815560704977,"S000005699","S000005699","DCS2"
"S000005708",72.8276712945944,1.29288956702265,0.356469863612266,3.62692529999936,0.000286816225496006,0.0010686389193759,"S000005708","S000005708","RPS30B"
"S000005712",220.599033383628,-1.83507239796032,0.269418400123676,-6.81123634138549,9.67635096096942e-12,1.63347175805416e-10,"S000005712","S000005712",NA
"S000005716",277.314436143351,-1.48093711317939,0.215310392228283,-6.87814971610487,6.06349285577743e-12,1.06128751408825e-10,"S000005716","S000005716","SPR1"
"S000005724",693.58189605096,1.90220126050127,0.263043184587069,7.23151699781689,4.77628298771168e-13,9.88247418179108e-12,"S000005724","S000005724","BFR1"
"S000005726",102.437667825348,1.03040084224662,0.389762324783353,2.64366455331301,0.00820138900275429,0.0195257268428563,"S000005726","S000005726",NA
"S000005728",363.13537847132,1.85167341087736,0.326985803249298,5.66285567286731,1.4887437206193e-08,1.4551503152352e-07,"S000005728","S000005728","HIS3"
"S000005732",429.021898488727,1.42627194057955,0.426178543044382,3.34665356540726,0.000817933609735538,0.00266060414058221,"S000005732","S000005732","NOC2"
"S000005735",1377.55780768086,1.09379126126769,0.188742105209617,5.79516298206445,6.82548632034923e-09,7.18465963895502e-08,"S000005735","S000005735","NPT1"
"S000005740",26.4475079415346,-3.47938709803197,0.399695821083238,-8.70508750529912,3.17329829600633e-18,1.12390759060318e-16,"S000005740","S000005740","SPR2"
"S000005741",1872.52756261114,-1.18581542852112,0.261873339145537,-4.52820219267184,5.94876461691589e-06,3.51347703053767e-05,"S000005741","S000005741","AIM41"
"S000005748",507.481609247493,1.8986919079034,0.23470453342421,8.08971126463783,5.98063350755986e-16,1.66710159023231e-14,"S000005748","S000005748","ODC2"
"S000005750",277.521888724507,1.20825093768809,0.321905745966836,3.75343078782,0.000174430709724561,0.000685092826648129,"S000005750","S000005750","RPB8"
"S000005752",220.037135179614,3.5551966368888,0.295565628937012,12.0284508373822,2.51841845610658e-33,2.52723292070296e-31,"S000005752","S000005752","ISU2"
"S000005753",1920.75318819291,-1.23780298891709,0.215800629800413,-5.7358636536969,9.7016687186817e-09,9.86718705324029e-08,"S000005753","S000005753","HER1"
"S000005757",746.185477385161,-1.14556854700455,0.287710163564892,-3.98167563081645,6.84311274234795e-05,0.000304076618610162,"S000005757","S000005757","MKK1"
"S000005759",364.238125543156,1.4061625494459,0.237306126297073,5.92552148310567,3.11307880622643e-09,3.49047439334997e-08,"S000005759","S000005759","KIN4"
"S000005763",151.878484818051,-2.11962369321956,0.309940170098947,-6.83881567382143,7.98505470333103e-12,1.37365755339303e-10,"S000005763","S000005763","HES1"
"S000005771",1215.77849741174,-1.14837039543328,0.205487054306709,-5.58852916213025,2.29000925150649e-08,2.16794743762902e-07,"S000005771","S000005771","DGA1"
"S000005773",1263.72976451643,4.76544465995883,0.279999184752016,17.0194947680987,5.88764559365955e-65,2.95412617661868e-62,"S000005773","S000005773","SRL1"
"S000005774",30.1920769664795,6.69134249809654,1.25506353179789,5.33147711535457,9.74170992359979e-08,8.26124442957667e-07,"S000005774","S000005774",NA
"S000005781",13.6966805933162,-2.84509771484194,0.567102391126056,-5.01690304848236,5.25110491887484e-07,3.88891792331432e-06,"S000005781","S000005781","OSW1"
"S000005797",509.512448086179,2.28205058686897,0.20067632012764,11.3717980547853,5.77848015902804e-30,4.46054218429587e-28,"S000005797","S000005797","FSF1"
"S000005798",336.83148842679,1.66880996621813,0.431192966905986,3.87021610809804,0.000108738917755459,0.000458145624164119,"S000005798","S000005798","YTM1"
"S000005807",257.066137589121,1.19132116808871,0.16826406262661,7.08006896714682,1.44082737343887e-12,2.79845858563724e-11,"S000005807","S000005807","PLP2"
"S000005811",5865.24849776378,-1.02865114632139,0.293919070735394,-3.49977680504935,0.00046564786700697,0.00163574434495272,"S000005811","S000005811","RDL1"
"S000005819",1703.03890002622,1.09078220181311,0.328597638479885,3.31950712384649,0.00090176503906867,0.00290504403436729,"S000005819","S000005819","RPS10A"
"S000005825",515.135458152428,1.14409695597837,0.190000766168386,6.02153864455701,1.72766760840836e-09,2.01986148936442e-08,"S000005825","S000005825","BUD7"
"S000005832",130.760472445794,1.05296428680116,0.320053327884043,3.28996512475774,0.00100199800960269,0.00317027326107083,"S000005832","S000005832","RRG7"
"S000005836",51.30087234156,2.80516352662775,0.458267914264069,6.12123048399003,9.28554742091377e-10,1.13866152792916e-08,"S000005836","S000005836",NA
"S000005837",612.48420059058,2.6969185802743,0.514557839343478,5.241235045054,1.5950538350396e-07,1.31020724976445e-06,"S000005837","S000005837","NOP58"
"S000005842",78.4199215581716,2.60812202080336,0.482048196328245,5.41050052809945,6.28488378415013e-08,5.53235164683741e-07,"S000005842","S000005842","SFG1"
"S000005844",10782.8747898246,-1.48801315031008,0.560444623140018,-2.6550583034826,0.00792947020912964,0.0189532910397656,"S000005844","S000005844","FAA1"
"S000005850",1119.43334256294,1.19519479518201,0.268438517201464,4.45239680073562,8.49170557720874e-06,4.83713900476573e-05,"S000005850","S000005850","PRO2"
"S000005855",3163.6566280756,-2.33327004183418,0.258618384968478,-9.02205789475704,1.84588624491237e-19,6.98998810101723e-18,"S000005855","S000005855","PDR10"
"S000005862",2001.74671029887,1.11970861521982,0.207552855748145,5.39481189590827,6.85953758546331e-08,6.00309241309223e-07,"S000005862","S000005862","ALA1"
"S000005864",709.958540225122,2.06455178864583,0.173582900473171,11.8937509571395,1.27546942130185e-32,1.19993771650913e-30,"S000005864","S000005864","TEA1"
"S000005866",99.510444610828,-1.11955269619289,0.331771613987193,-3.37446800447523,0.000739585128750768,0.0024467264067079,"S000005866","S000005866","UBC11"
"S000005867",192.186808515945,1.66885538876413,0.313394548451927,5.32509386971715,1.00900918740392e-07,8.52067926698321e-07,"S000005867","S000005867","RPA43"
"S000005871",716.115536883517,1.11758498167665,0.357002172359215,3.13047109571125,0.00174526173371985,0.00515614371870815,"S000005871","S000005871","TYE7"
"S000005875",1513.99263110856,-1.66486562499702,0.378827691003458,-4.39478333958913,1.1088329003753e-05,6.12913331635715e-05,"S000005875","S000005875","PUT4"
"S000005878",57.3015880909379,-1.95930182309976,0.536144743227984,-3.65442699541047,0.000257756990817082,0.000968156482663536,"S000005878","S000005878","MEK1"
"S000005879",371.544274402667,-1.15462133469456,0.242679723244192,-4.75779895930054,1.95715272451252e-06,1.30788197050942e-05,"S000005879","S000005879","TFB6"
"S000005890",1130.67635563602,-1.16695666111599,0.290124361414058,-4.02226360939937,5.76414937110894e-05,0.000262129481597031,"S000005890","S000005890","PIP2"
"S000005892",272.472616783638,-1.50159550626359,0.36035669091134,-4.16696996097413,3.08675154562459e-05,0.000150610462367955,"S000005892","S000005892",NA
"S000005893",12.5695216422111,-1.58181300468251,0.642686683253401,-2.4612506309841,0.0138453608705085,0.0306481315446071,"S000005893","S000005893",NA
"S000005896",3571.18471807115,1.32300755739327,0.354873085701986,3.7281146716894,0.000192917598343661,0.000751330439603612,"S000005896","S000005896","RPS12"
"S000005900",609.683252251749,-1.4830882970575,0.503964627258633,-2.94284205049252,0.0032521429785355,0.00879261467164897,"S000005900","S000005900","NUD1"
"S000005902",1930.92436698072,3.96930679469564,0.272751789520947,14.5528166897354,5.60469392206798e-48,1.46721139585962e-45,"S000005902","S000005902","GDH1"
"S000005912",471.706709084355,3.15444701443337,0.45305233121495,6.96265485705391,3.33919214325127e-12,6.05580599232406e-11,"S000005912","S000005912",NA
"S000005914",70.2149908947383,-1.7482423237464,0.421670332882114,-4.14599317859801,3.38343899019935e-05,0.000163628001285062,"S000005914","S000005914",NA
"S000005915",872.22409098414,-5.31807231162822,1.04284827981068,-5.09956473495231,3.40435426468531e-07,2.62453483068761e-06,"S000005915","S000005915","FDH1"
"S000005918",685.070259962737,-1.87721911404073,0.417943384407041,-4.49156317357205,7.07023222257155e-06,4.11303074513075e-05,"S000005918","S000005918","HSP33"
"S000005920",1819.16763700122,-1.44306282328457,0.285953679603888,-5.04649153416576,4.49996822437451e-07,3.36993889041778e-06,"S000005920","S000005920","ERR1"
"S000005921",31.2736050683008,-1.30819798685024,0.447089019930713,-2.92603470121671,0.003433126405444,0.00917074271835774,"S000005921","S000005921","PAU21"
"S000028719",159.154884782886,-1.11991059262945,0.452774729681892,-2.47343881893822,0.01338197148598,0.0297536374878455,"S000028719","S000028719",NA
"S000005925",8241.20341135081,-1.95944507081605,0.507464609094081,-3.86124477589487,0.000112810814593801,0.00047333373844549,"S000005925","S000005925","LSP1"
"S000005935",1077.28123692332,2.58869634976024,0.334369556799724,7.74202165572981,9.78483179420747e-15,2.41452755052964e-13,"S000005935","S000005935","CIP1"
"S000005948",70.2916331475572,-1.67912902140288,0.439246857478494,-3.82274566753183,0.000131973884754372,0.000540554258575562,"S000005948","S000005948","SMA1"
"S000005979",1613.33855475231,-1.02677470301264,0.377967739819261,-2.71656703692128,0.00659628352610227,0.0161866493927259,"S000005979","S000005979","PDR12"
"S000007388",152.677008073094,-1.29493425747201,0.493607253693232,-2.62341010546979,0.00870544146975528,0.0205550835644692,"S000007388","S000007388",NA
"S000005982",4722.98843207991,2.70411964807055,0.426531111714496,6.33979462178269,2.30071650384314e-10,3.10596728018824e-09,"S000005982","S000005982","ALD6"
"S000005988",179.799430567415,2.39651509579993,0.233447926189489,10.2657373527263,1.00549860354045e-24,5.65804401113742e-23,"S000005988","S000005988",NA
"S000005995",559.303213922113,-1.04868383786321,0.156366843947053,-6.70656138726125,1.99264043250341e-11,3.20793797970669e-10,"S000005995","S000005995","YTA6"
"S000005997",378.979015677528,-2.10262184844524,0.25198324102892,-8.34429242143103,7.16415218222733e-17,2.17855354995913e-15,"S000005997","S000005997","GPI2"
"S000006000",1324.70116844578,1.37127894930218,0.349967761322647,3.91830077181866,8.91753912072256e-05,0.000384892494952477,"S000006000","S000006000","RPL21B"
"S000006002",517.382005722329,1.22549485544556,0.437101197374735,2.80368679565734,0.00505219570640205,0.0128514027664752,"S000006002","S000006002","RPS9A"
"S000006009",595.605343594121,1.31077085943687,0.32384791294075,4.04748898189345,5.17700181120145e-05,0.000238856152530605,"S000006009","S000006009",NA
"S000006011",3370.45934314198,1.14585466445072,0.381564422775564,3.00304377466739,0.00267293981214492,0.00744737186900719,"S000006011","S000006011","RPS6A"
"S000006013",2727.79433180164,-1.95435785338217,0.347256265061993,-5.62799882972095,1.823123260887e-08,1.76196230398084e-07,"S000006013","S000006013","SSU1"
"S000006020",260.710750129563,-1.18224189835433,0.408292647837003,-2.89557479082086,0.0037846483194949,0.00999007783063516,"S000006020","S000006020","INA17"
"S000006024",127.826113851516,1.12921926057489,0.187857567922641,6.01103949690171,1.84337483815129e-09,2.14680075445047e-08,"S000006024","S000006024","FMP30"
"S000006034",574.38864873659,-2.58090710692693,0.48083018752829,-5.36760622329911,7.97885176306468e-08,6.86295235220178e-07,"S000006034","S000006034",NA
"S000006035",112.921984156102,-2.60154466508952,0.526461588638624,-4.94156595890851,7.74975894470991e-07,5.54758265380355e-06,"S000006035","S000006035",NA
"S000006040",1969.71838213006,-2.22876564892242,0.298535737114794,-7.46565778175295,8.28845055691983e-14,1.89751942217545e-12,"S000006040","S000006040","DBP1"
"S000028859",17.211307571933,-1.71950324992112,0.532106877057278,-3.23149976829941,0.00123142423770044,0.00380225914625352,"S000028859","S000028859",NA
"S000006051",45.6027805819715,-1.68073645686544,0.515816217395547,-3.25840173337666,0.00112041672145909,0.00350990066592362,"S000006051","S000006051","SPO19"
"S000006052",5955.48192885918,1.49701406817253,0.46469495193698,3.22149845168868,0.00127522151431596,0.00391740241719204,"S000006052","S000006052","RPL5"
"S000006054",568.399703003901,-1.05589663565311,0.140337795090605,-7.5239648376362,5.31396415491631e-14,1.23534278674715e-12,"S000006054","S000006054","RDS2"
"S000006056",3187.30610049055,-1.65361585024025,0.43965508073756,-3.76116624756426,0.000169122973220456,0.000666856202855509,"S000006056","S000006056","ISU1"
"S000006063",1058.65989664749,1.28816393329517,0.440879450926026,2.92180533837424,0.00348008972045698,0.00925922236273595,"S000006063","S000006063",NA
"S000006064",1730.16815250127,1.04944904392916,0.448956741356223,2.3375282009553,0.019411736343268,0.040854170087697,"S000006064","S000006064","RPL33A"
"S000006068",3184.67671334976,-3.10470443442391,0.478401447311883,-6.48974716081883,8.59805449695127e-11,1.24146009894829e-09,"S000006068","S000006068","PXA1"
"S000006076",105.800997011157,2.47594836894405,0.343703463556164,7.20373412396369,5.85855514079048e-13,1.19980818036393e-11,"S000006076","S000006076","KIP2"
"S000006083",354.079805112968,-1.17886424869823,0.216628726068779,-5.44186484448025,5.27256736831174e-08,4.7241262090186e-07,"S000006083","S000006083",NA
"S000006084",941.665596899463,1.55893996005648,0.395195949546657,3.94472656373325,7.98910878636828e-05,0.000348315887058099,"S000006084","S000006084","SVS1"
"S000006086",1019.97611228862,-1.26001990481368,0.203643173764093,-6.1873908244689,6.11681816723196e-10,7.77719483880656e-09,"S000006086","S000006086","SET6"
"S000006087",317.157775798876,-1.29905416341072,0.214260307399258,-6.06297162166409,1.33629250423734e-09,1.60275242390697e-08,"S000006087","S000006087","ATG29"
"S000006088",1045.79011957362,-1.55409535414933,0.191816252653388,-8.10200039178941,5.40627697129882e-16,1.52108381514907e-14,"S000006088","S000006088","REV3"
"S000006092",305.909894472713,1.45542409366202,0.241606427586648,6.02394608537497,1.7021508740282e-09,1.99778760478046e-08,"S000006092","S000006092","OYE3"
"S000006104",392.071825291654,1.29375513371011,0.281220662719182,4.60049813267815,4.21481799202645e-06,2.6091570722086e-05,"S000006104","S000006104","RTT10"
"S000006107",3985.78145099817,-1.4562914343316,0.234322381849842,-6.21490539160197,5.13555827359241e-10,6.63544986379827e-09,"S000006107","S000006107","UIP4"
"S000006108",1325.32571330076,4.33930207173578,0.430509747005344,10.0794513989991,6.81053057596965e-24,3.47510208456892e-22,"S000006108","S000006108","MF(ALPHA)1"
"S000006113",47.0113011951452,-1.7712721275474,0.586513793844847,-3.02000080157699,0.00252774016551457,0.0070920426545029,"S000006113","S000006113","PRM3"
"S000006114",463.040095879268,-1.76110717692565,0.380887030158045,-4.62369951582466,3.76955818857787e-06,2.38408716947766e-05,"S000006114","S000006114","RSA1"
"S000006117",878.232202248879,-1.07385354193921,0.272181306484926,-3.94536111170692,7.96798063097478e-05,0.000347646459268834,"S000006117","S000006117","OXR1"
"S000006122",1306.41134964271,-2.85229078392077,0.450217062051619,-6.33536803541609,2.36775397405043e-10,3.17511061865426e-09,"S000006122","S000006122","YIG1"
"S000006132",159.953908736188,1.23535506043008,0.441898393029391,2.79556359542568,0.00518093074175529,0.0131068840319784,"S000006132","S000006132","NIP7"
"S000006133",313.89666567898,1.65660858797787,0.345997613024581,4.78791912318821,1.68519531405105e-06,1.14910090440559e-05,"S000006133","S000006133","PUS1"
"S000006142",1747.93117081823,2.24074677574102,0.160551669374718,13.9565461042404,2.8700944149545e-44,5.40026202263783e-42,"S000006142","S000006142","FLC1"
"S000006144",65644.6764867313,-1.74671957315221,0.269408042533354,-6.48354650710163,8.95912441726486e-11,1.29049971570219e-09,"S000006144","S000006144","GRE1"
"S000006148",123.058420535645,2.4323711412568,0.380090373373139,6.39945473933093,1.55932793449236e-10,2.16829410937148e-09,"S000006148","S000006148","ALG5"
"S000006150",381.452350253445,-1.15750557247933,0.243458195197354,-4.75443256917691,1.99004545985889e-06,1.32838843833818e-05,"S000006150","S000006150",NA
"S000006151",3155.25377027926,-2.80231342098529,0.533440521335126,-5.25328187287216,1.49412603144511e-07,1.23234696374397e-06,"S000006151","S000006151","USV1"
"S000006152",5250.69920313023,1.54912780364253,0.153320620292458,10.1038451363396,5.31176984918933e-24,2.7570832984456e-22,"S000006152","S000006152","FAS2"
"S000006165",200.49147552914,1.46003535089513,0.259483276704494,5.62670307481069,1.83686510694587e-08,1.77239820655787e-07,"S000006165","S000006165","HUT1"
"S000006166",138.745759736212,3.06738208059021,0.292828634116846,10.4750073019371,1.12528919484155e-25,6.70828340806036e-24,"S000006166","S000006166",NA
"S000006167",325.232749220726,1.75784845481282,0.202414692565628,8.68439159495738,3.80774892000776e-18,1.33293350275388e-16,"S000006167","S000006167","RBD2"
"S000006172",30.6589668383247,1.4775120355766,0.398240362202023,3.71010117459434,0.000207176435269021,0.000801162053150145,"S000006172","S000006172",NA
"S000006177",655.103152689547,2.7012411101097,0.314327455861144,8.59371671083989,8.42004640892519e-18,2.83224019151612e-16,"S000006177","S000006177","CLN2"
"S000006178",154.357472793777,-2.6364002526898,0.566495091239924,-4.65388013675343,3.25746209983922e-06,2.0887304902164e-05,"S000006178","S000006178",NA
"S000006184",314.326781160884,2.65317030560063,0.254860745269875,10.410274453177,2.22579035504007e-25,1.2642909177072e-23,"S000006184","S000006184","KEL3"
"S000006186",3886.760717724,-2.23278850945978,0.182482312127003,-12.235643462835,2.00509519862116e-34,2.23568114646259e-32,"S000006186","S000006186","DIP5"
"S000006189",1036.84500263997,-1.19411822820687,0.256172755174022,-4.66137871451508,3.14098145456145e-06,2.02482326958399e-05,"S000006189","S000006189","PLC1"
"S000006192",59.9465514964543,1.10203115209193,0.294281399469302,3.7448209573534,0.000180522466296966,0.000707173565109977,"S000006192","S000006192","ATP15"
"S000006194",496.534188975261,2.49855295229327,0.350732025927965,7.12382322567383,1.04973663804792e-12,2.07228337629067e-11,"S000006194","S000006194","SAM4"
"S000006196",2879.96460244192,-6.52499409128673,0.89522126481828,-7.28869425662183,3.12973389336441e-13,6.63525625772786e-12,"S000006196","S000006196","FDH2"
"S000006197",1033.48063913561,-6.29296926398995,0.939827088162696,-6.69587985199737,2.1437780910851e-11,3.42378989029799e-10,"S000006197","S000006197",NA
"S000006201",707.494945742194,-1.86514951315713,0.327998838232197,-5.68645158382163,1.29706135927981e-08,1.28447474411574e-07,"S000006201","S000006201","HSP32"
"S000006202",1819.16763700122,-1.44306282328457,0.285953679603888,-5.04649153416576,4.49996822437451e-07,3.36993889041778e-06,"S000006202","S000006202","ERR2"
"S000006203",31.2736050683008,-1.30819798685024,0.447089019930713,-2.92603470121671,0.003433126405444,0.00917074271835774,"S000006203","S000006203","PAU22"
"S000006204",186.326651792005,1.43973780304653,0.330372991768594,4.35791617026303,1.3130665540379e-05,7.11608795847185e-05,"S000006204","S000006204","YRF1-7"
"S000006206",4564.17802470445,-2.02165264835829,0.412662152902456,-4.89905031062096,9.63009858095378e-07,6.7975174157002e-06,"S000006206","S000006206","PDH1"
"S000006211",229.728381859156,-1.77365526035916,0.159383541758916,-11.1282208990059,9.14423487981128e-29,6.40202769899346e-27,"S000006211","S000006211","REC8"
"S000006214",1086.85252942271,1.22659859727692,0.467256290770402,2.62510879255264,0.00866212852892854,0.0204849473184127,"S000006214","S000006214","RPA135"
"S000006229",688.254219986732,-1.21751580844706,0.210449516527189,-5.78531055114001,7.23784904047441e-09,7.55270174570129e-08,"S000006229","S000006229","CCL1"
"S000006230",4309.70837892283,-2.22510233472531,0.323467126681827,-6.87891334600436,6.03108305582312e-12,1.05869245128604e-10,"S000006230","S000006230","ATH1"
"S000006235",349.041010856575,-1.0924473160638,0.118318577632432,-9.23310048112308,2.62909259569214e-20,1.05531776791083e-18,"S000006235","S000006235","NTO1"
"S000006237",829.010145137128,2.20395926434226,0.394696499017164,5.58393416164155,2.35137750988268e-08,2.2190664556432e-07,"S000006237","S000006237","HTS1"
"S000006238",281.942521016058,1.48785425503428,0.259126162291448,5.7418141104596,9.36676143660127e-09,9.5588594253858e-08,"S000006238","S000006238","ARP7"
"S000006247",1817.65662464464,1.2158511231022,0.355886854695887,3.41639795642682,0.000634554407676554,0.00214643375765198,"S000006247","S000006247","RPL43A"
"S000006248",2092.89647402265,1.13031129576723,0.363861343804582,3.10643412666084,0.00189358492663428,0.00554536714166586,"S000006248","S000006248","OPI11"
"S000006250",45.6832482819224,1.53666766517118,0.496276700302676,3.09639292804594,0.00195890593407776,0.00571165744749744,"S000006250","S000006250","MCM16"
"S000006251",109.743414409858,1.53070832103734,0.31244113750355,4.8991894385865,9.62328269954754e-07,6.7975174157002e-06,"S000006251","S000006251","MSF1"
"S000006256",137.913386208957,1.23793095972066,0.207362425416513,5.96989043330353,2.37412968622163e-09,2.72665258711317e-08,"S000006256","S000006256","NHP6A"
"S000006258",216.631778810734,-1.12450842172969,0.304026364290618,-3.69872009078388,0.00021668940577887,0.000833665758590784,"S000006258","S000006258","SMK1"
"S000006262",349.886334187359,1.40826801402937,0.200277157136917,7.03159578536769,2.04184616694827e-12,3.89049233265682e-11,"S000006262","S000006262","YMC1"
"S000006263",94.274458577715,1.67964713381956,0.266706915569693,6.29772621467948,3.02043383497067e-10,3.97074937125729e-09,"S000006263","S000006263",NA
"S000006264",92.9818445847388,2.46585243684554,0.314148248861009,7.84932733442207,4.18274602826362e-15,1.05816444689812e-13,"S000006264","S000006264","ARO7"
"S000006265",540.149562707395,-1.46036228576096,0.286498676648069,-5.09727410557938,3.44579217149185e-07,2.65308371669469e-06,"S000006265","S000006265","JID1"
"S000006269",680.469763675658,1.81017637167776,0.293423305658827,6.16916358301311,6.86521752109433e-10,8.66571796530586e-09,"S000006269","S000006269","ROX1"
"S000006277",136.688441093235,1.0957825595222,0.259820014187845,4.21746786115548,2.47061019340482e-05,0.000123756605445012,"S000006277","S000006277","LTP1"
"S000006278",1700.84746117032,4.83762078263972,0.381156075410681,12.6919681850207,6.55183505646259e-37,8.57578236412201e-35,"S000006278","S000006278","TKL1"
"S000006284",24269.5980886724,1.0022274571804,0.326797998131965,3.06681027089917,0.00216356137178589,0.00621211398165133,"S000006284","S000006284","TEF1"
"S000006305",409.303109749061,-1.37529686489834,0.259546507936715,-5.29884557427249,1.16537142656912e-07,9.7861943645365e-07,"S000006305","S000006305","SNT309"
"S000006306",1982.42317604325,1.31210830800694,0.455823963386277,2.87854174725567,0.00399518398395731,0.010508957084931,"S000006306","S000006306","RPL11A"
"S000006314",571.249905642713,1.25153218013973,0.445069059476913,2.81199547236703,0.00492351963577016,0.0125612337826153,"S000006314","S000006314","RPC40"
"S000006317",487.898340913896,1.10550527041141,0.276577464550312,3.99709091342224,6.41256779141629e-05,0.000288134855762071,"S000006317","S000006317","PIS1"
"S000006318",397.661666631535,1.30810900580232,0.191986283713732,6.81355449201165,9.52162678870903e-12,1.61492154633288e-10,"S000006318","S000006318",NA
"S000006323",66.0004264359567,3.39762471581861,0.404674082278244,8.39595334766828,4.62129116842569e-17,1.43426773840676e-15,"S000006323","S000006323","CLB2"
"S000006327",64.8863028753925,1.49175455190934,0.344031301906302,4.336101231613,1.45032170587131e-05,7.71655013849493e-05,"S000006327","S000006327",NA
"S000006332",209.266024238665,1.02032590146521,0.234229875838478,4.35608778689193,1.32407690326426e-05,7.16930488718893e-05,"S000006332","S000006332","ANT1"
"S000113589",37.405648437882,4.16191857194068,0.832931400486353,4.99671229768804,5.83159700047813e-07,4.28967474933028e-06,"S000113589","S000113589",NA
"S000006349",3070.98161966159,2.27736220211417,0.516251495541068,4.41134257582603,1.02731631507782e-05,5.73259641620345e-05,"S000006349","S000006349","ASN1"
"S000006353",11086.4355334757,-1.27959754558927,0.40276364695566,-3.17704329887087,0.00148784820881436,0.00447916703263564,"S000006353","S000006353","NCE102"
"S000006363",1511.87471249067,1.68426112628194,0.368302465514965,4.57303788050125,4.80703190434121e-06,2.90593766024482e-05,"S000006363","S000006363","KRE6"
"S000028726",42.026024718013,1.70570274539534,0.388567929852736,4.38971570824639,1.13498944057979e-05,6.24088714313325e-05,"S000028726","S000028726",NA
"S000006364",3869.25610031836,1.01238214925847,0.236698358101618,4.27709831778317,1.89345191453423e-05,9.82799480811256e-05,"S000006364","S000006364","GPH1"
"S000006371",249.871310092723,2.11425018331295,0.221953616365215,9.5256397166967,1.64028509879265e-21,7.10514861858311e-20,"S000006371","S000006371","MET16"
"S000006376",721.522814138509,-1.13213525964794,0.196405456209386,-5.76427601095246,8.20091113841825e-09,8.48413848185847e-08,"S000006376","S000006376",NA
"S000006386",57.574456355739,-1.07047903357438,0.475229694052703,-2.25255081273533,0.0242874854480118,0.0490392186057944,"S000006386","S000006386","SMX3"
"S000006396",886.458044644772,-1.61013551213096,0.362018382896136,-4.44766229617936,8.68098651644595e-06,4.92631666498785e-05,"S000006396","S000006396","AQY1"
"S000006398",362.691933678768,1.01622421174233,0.16583461041721,6.12793800513469,8.90252581846574e-10,1.09840385149554e-08,"S000006398","S000006398","OPT2"
"S000006405",121.683902876998,-1.70003377111303,0.282361468247208,-6.02077111181705,1.73588085405334e-09,2.02553074074712e-08,"S000006405","S000006405","ARR3"
