"","baseMean","log2FoldChange","lfcSE","stat","pvalue","padj","sgd","systematic","genename"
"S000029717",3167.77256776416,-2.76950826160993,0.530033657038166,-5.22515546859038,1.74008841047762e-07,2.68007366928412e-06,"S000029717","S000029717","ETS1-1"
"S000029707",3152.33400645373,-2.76070079245476,0.528475570878544,-5.22389481100392,1.75198329041591e-07,2.69259109353921e-06,"S000029707","S000029707","ETS1-2"
"S000119380",35.759204341359,2.44993707593562,0.574664036382924,4.26325108380912,2.01473911755563e-05,0.000201094037759934,"S000119380","S000119380","HRA1"
"S000132612",276.71682008677,1.79916542855297,0.226926641945421,7.92840106004695,2.21985411432161e-15,1.17078874007376e-13,"S000132612","S000132612","ICR1"
"S000178119",3025.55250290627,1.05830334135387,0.332886516018778,3.17917155074604,0.00147696650130967,0.00902534510612188,"S000178119","S000178119","IRT1"
"S000132614",57.8102529712512,1.75688456158661,0.527714407145551,3.32923364948427,0.000870853143838867,0.00569140557150842,"S000132614","S000132614","PWR1"
"S000007260",11.538233346054,-2.38288183688146,0.785218655249424,-3.03467298051463,0.00240796624797013,0.0136847163348855,"S000007260","S000007260","COX1"
"S000007261",39.5887650716159,-3.48777204982594,0.604052540749794,-5.77395477137909,7.7432229558393e-09,1.59848394994529e-07,"S000007261","S000007261","AI1"
"S000007262",23.7633256472654,-2.8812176489361,0.663837488085489,-4.34024546767545,1.42323640095666e-05,0.000146032432727018,"S000007262","S000007262","AI2"
"S000007268",16.3680475496666,-2.35228877476576,0.716487701548388,-3.28308325416092,0.00102678336938508,0.00658041507928006,"S000007268","S000007268","ATP6"
"S000007270",26.2923291574316,-2.41685888678271,0.52892330477206,-4.56939383267345,4.89136868817879e-06,5.54517717717993e-05,"S000007270","S000007270","COB"
"S000007273",73.645069656284,-2.67911429207641,0.531529320677508,-5.04038853145769,4.64587668407188e-07,6.57460548964746e-06,"S000007273","S000007273","BI4"
"S000007288",78.3016420083531,-1.56391974197433,0.552581608904914,-2.83020592211466,0.00465180535039919,0.0238565675899733,"S000007288","S000007288","21S_RRNA"
"S000006490",17.4615120640624,-4.35206901756735,1.19984434075534,-3.62719468662708,0.000286517259604686,0.00216562199446313,"S000006490","S000006490","RPR1"
"S000028470",39727.6250699675,-1.13775072530891,0.324918258540377,-3.50165217067212,0.00046238283928898,0.00329782331434999,"S000028470","S000028470","RUF5-1"
"S000028474",36404.1628959055,-1.13549312404528,0.38244387258872,-2.96904514735521,0.0029872670310365,0.0164345680040819,"S000028474","S000028474","RUF5-2"
"S000006491",53.6751586202782,-1.09800847492542,0.404319589834375,-2.71569447173017,0.00661369210424191,0.0320438987274338,"S000006491","S000006491","SCR1"
"S000007294",43.3939944934048,-2.77169438839479,0.480046740858989,-5.77380107494358,7.7502929917588e-09,1.59848394994529e-07,"S000007294","S000007294","SNR17A"
"S000007295",89.175518752741,-1.07869266019839,0.357793730847609,-3.01484505511871,0.00257110566787335,0.0144680367365802,"S000007295","S000007295","SNR19"
"S000007497",41.5313712389374,-3.07300966774725,0.61939716491285,-4.96129114213757,7.00261391272596e-07,9.55953778935933e-06,"S000007497","S000007497","SNR30"
"S000028467",14.8450176936598,-2.50313425763155,0.638410507575165,-3.92088511691177,8.82243181276336e-05,0.000755083939519921,"S000028467","S000028467","SNR82"
"S000028466",47.2730811252288,-1.03650256874244,0.405551733944131,-2.55578384208125,0.0105948911722231,0.04694009592086,"S000028466","S000028466","SNR84"
"S000029010",673.336639969123,-1.96893761930607,0.338784130983438,-5.81177640638171,6.18133665529897e-09,1.29355556096908e-07,"S000029010","S000029010","SRG1"
"S000000001",1068.29185700228,1.02521169941177,0.182664798074931,5.61253022047093,1.99389373822696e-08,3.77967151199973e-07,"S000000001","S000000001","TFC3"
"S000000005",190.761599810697,-1.64807097900472,0.329846889668373,-4.99647269877755,5.83884370704482e-07,8.08668537837128e-06,"S000000005","S000000005","ERP2"
"S000000008",218.213270283291,1.58962151417987,0.24967378486074,6.36679383486939,1.93020339908184e-10,5.25493279677652e-09,"S000000008","S000000008","MDM10"
"S000000010",721.050383307748,-2.49513261626237,0.339924932052049,-7.3402459807812,2.13201651132397e-13,8.5119865911602e-12,"S000000010","S000000010","CYS3"
"S000000016",31.6286602827745,3.57366240562066,0.821851641439075,4.34830597814847,1.37193112426752e-05,0.000141072025605436,"S000000016","S000000016","LDS1"
"S000000021",941.021914504677,-1.47696571588603,0.260118891848811,-5.67804093500634,1.36246114303165e-08,2.69718242622595e-07,"S000000021","S000000021","PMT2"
"S000028730",43.1514822294376,-1.34775727392019,0.396502549751248,-3.39911376299025,0.000676045901373132,0.00458336245891359,"S000028730","S000028730",NA
"S000000032",49.8920799486859,-1.09400406345567,0.415213290164184,-2.63480020840152,0.00841868201252784,0.0391056945092819,"S000000032","S000000032","MTW1"
"S000000034",379.884279258632,-1.33934043464466,0.454644279359729,-2.94590847273134,0.00322007668034543,0.017508518100711,"S000000034","S000000034","RBG1"
"S000000036",26186.5138440835,1.1158591695715,0.350288440084971,3.18554380298938,0.00144482229730556,0.00886682915216329,"S000000036","S000000036","CDC19"
"S000000041",533.56876942481,1.0706535299871,0.201068393539149,5.32482261951646,1.01051600608477e-07,1.64502337983709e-06,"S000000041","S000000041","PTA1"
"S000000045",247.150859397208,1.15965766216569,0.233619942960314,4.96386416104334,6.91042847066476e-07,9.46080020413902e-06,"S000000045","S000000045","SPC72"
"S000000046",432.62925605521,1.18537868906848,0.199209445883345,5.95041406702483,2.67464971155754e-09,5.96392641611418e-08,"S000000046","S000000046","GEM1"
"S000000047",979.021348096308,1.44631250650296,0.188095557727708,7.68924329726424,1.48007774363975e-14,6.91331738230161e-13,"S000000047","S000000047","AIM2"
"S000000050",15410.2467153861,3.21214462323385,0.688898162071969,4.6627278167978,3.12045345375098e-06,3.70129802609649e-05,"S000000050","S000000050","ACS1"
"S000000066",116.068032730536,-1.00676437024063,0.300545471560459,-3.34979051593565,0.000808726979937222,0.00535889416979263,"S000000066","S000000066","SEN34"
"S000000068",366.614236388274,1.90965639621602,0.235381646843553,8.11302164728789,4.9376270794441e-16,2.85722687637629e-14,"S000000068","S000000068",NA
"S000000069",667.762471492932,1.19373744680381,0.180234406694185,6.62324951544518,3.5138713384892e-11,1.07086914799629e-09,"S000000069","S000000069","BUD14"
"S000000080",7746.94113847539,2.55424283439199,0.468427280519596,5.4528054633341,4.95813009236299e-08,8.60030987987187e-07,"S000000080","S000000080","YAT1"
"S000000087",22.0526796423096,1.58205453113816,0.540869172654729,2.9250225583629,0.00344431254070057,0.0185322288251153,"S000000087","S000000087",NA
"S000002144",17.9648413380698,1.96084968858964,0.58026006359559,3.37926011388618,0.000726812057630766,0.00487943858136051,"S000002144","S000002144",NA
"S000000091",13.3628762507119,3.39681434402299,0.8238484541511,4.12310580533054,3.73797892263567e-05,0.000349381658401836,"S000000091","S000000091",NA
"S000000098",448.690794026491,-1.60599710833674,0.45693753337069,-3.51469728584076,0.000440255522805455,0.00316209657661225,"S000000098","S000000098","HTB2"
"S000000105",148.847437304234,-2.25757094617533,0.352949983982096,-6.3962913971682,1.59196065375787e-10,4.409669307008e-09,"S000000105","S000000105","ALK2"
"S000000111",6780.69595659764,3.95577098228496,0.535954226834042,7.38080004639998,1.57341158709822e-13,6.40705749697861e-12,"S000000111","S000000111","ACH1"
"S000000121",93.899658733481,1.09993149449421,0.234720252978617,4.68613798995186,2.7840859059212e-06,3.35018135896408e-05,"S000000121","S000000121","RRN10"
"S000000127",64.3732977956819,-2.76873755229804,0.567790611152665,-4.87633556792576,1.08074696928631e-06,1.42243440220204e-05,"S000000127","S000000127","SHE1"
"S000000133",457.757438148757,1.22916839147728,0.326526905846963,3.76437092768511,0.000166968883751374,0.00133547076410654,"S000000133","S000000133","APL3"
"S000000135",354.347930117764,-3.28780458246678,0.481472810363776,-6.82864018838922,8.57232761178144e-12,2.84940182686493e-10,"S000000135","S000000135","URA7"
"S000000139",720.524447887066,2.00605823971003,0.566290103564416,3.54245682042338,0.000396418316830202,0.00288787308993582,"S000000139","S000000139","ECM13"
"S000000156",343.185337836877,1.13581857743875,0.268475099803064,4.23062912825776,2.33038620914461e-05,0.000228922406098309,"S000000156","S000000156","YEL1"
"S000000159",178.925226821718,1.20783010580004,0.252778043874841,4.77822395998156,1.76850337583505e-06,2.21729989042196e-05,"S000000159","S000000159","KIP1"
"S000000160",4705.09225254163,1.45108258979337,0.144801764307847,10.0211665011787,1.23042048566487e-23,1.77640404056647e-21,"S000000160","S000000160","PRX1"
"S000000165",462.992508403384,-1.12682713890802,0.321056769967855,-3.50974420823095,0.000448537960631585,0.00321512190135769,"S000000165","S000000165","AST1"
"S000000167",52.00283316798,-2.01006639017687,0.372666028239331,-5.3937473176009,6.90032376329869e-08,1.16030973586857e-06,"S000000167","S000000167",NA
"S000007587",44.2570738995618,-1.74147172272705,0.406772020424192,-4.28119839931715,1.85889534214837e-05,0.00018776813516132,"S000007587","S000007587","KTI11"
"S000000170",84.2996608622941,1.05645998083994,0.265318820679531,3.98185088466074,6.83806775576812e-05,0.000600528606335356,"S000000170","S000000170","AAR2"
"S000000172",2416.53775730308,-1.1029278378333,0.35707519033396,-3.08878316861434,0.00200978063326622,0.0117009346603968,"S000000172","S000000172","ILS1"
"S000000173",287.825021310851,-1.94068803889752,0.364867730341974,-5.31888100128396,1.04407391824314e-07,1.69194427590128e-06,"S000000173","S000000173",NA
"S000000174",1969.99199732511,-1.71841663102099,0.220731731746552,-7.78509105792772,6.96630160246773e-15,3.44530618699208e-13,"S000000174","S000000174","ATG8"
"S000000176",249.839748734487,2.11680677767416,0.212332109397638,9.9693201545414,2.0764525568125e-23,2.88143071791466e-21,"S000000176","S000000176","PET112"
"S000000177",108.524120181963,-3.7959840651872,0.401032012250978,-9.46553878300259,2.92051517955658e-21,3.36636479527437e-19,"S000000177","S000000177",NA
"S000000179",24.8701013539245,-1.97155434327835,0.703902065491791,-2.80089296499066,0.00509614187840079,0.0257291260572174,"S000000179","S000000179",NA
"S000000186",309.336548812586,1.28172884874539,0.21769523416629,5.8877212156437,3.91556879645389e-09,8.42162664792155e-08,"S000000186","S000000186","MRP21"
"S000000194",282.176827647658,1.29762780290854,0.2370016021467,5.47518578420972,4.37052831852171e-08,7.6836360709263e-07,"S000000194","S000000194","BNA4"
"S000000195",7036.51740862214,1.17452605018896,0.282086165229083,4.16371376892987,3.13112597273767e-05,0.00029696870290869,"S000000195","S000000195","ATP1"
"S000000196",147.077787545211,1.70155617028624,0.423753755951395,4.01543619705735,5.93359498309979e-05,0.000530055456834034,"S000000196","S000000196",NA
"S000002149",310.632748096095,1.47365974234625,0.266455773931645,5.53059789473464,3.19141132965142e-08,5.78134881301746e-07,"S000002149","S000002149",NA
"S000000201",1860.56634773227,1.360273669084,0.210194693529555,6.47149386239257,9.70387011041604e-11,2.79631886064872e-09,"S000000201","S000000201","PKC1"
"S000000202",464.783867875497,1.40600222745377,0.201527492738149,6.97672664086899,3.02136764383534e-12,1.07157339288681e-10,"S000000202","S000000202","SRO77"
"S000000205",1587.61894324813,1.22987805495436,0.19261836100891,6.38505098118586,1.71340377745544e-10,4.71862816785561e-09,"S000000205","S000000205","NTH2"
"S000000216",13.114076139075,-2.75134250016251,0.843409273404721,-3.2621677125457,0.0011056371003726,0.00701414606108549,"S000000216","S000000216",NA
"S000002155",338.483510488101,1.84678102985852,0.29015375249095,6.36483593268753,1.9549859523305e-10,5.31228407160833e-09,"S000002155","S000002155",NA
"S000000217",89.3127789904735,1.31970541448675,0.330362746813444,3.99471619368749,6.47717942290783e-05,0.00057147114501001,"S000000217","S000000217",NA
"S000000222",70.1154024963135,3.25354118220952,0.420623582834677,7.73504224438198,1.03368774564525e-14,4.97457877054126e-13,"S000000222","S000000222","GAL7"
"S000000223",262.491368469554,1.81897896099158,0.287414642968755,6.32876231427542,2.47135446622209e-10,6.65217879203621e-09,"S000000223","S000000223","GAL10"
"S000000224",219.586672916342,1.82600255956191,0.365589381405449,4.99468160848147,5.8932911828272e-07,8.15419272760398e-06,"S000000224","S000000224","GAL1"
"S000000228",289.474408065915,1.20479397595147,0.330129403082599,3.64945977153701,0.000262792388356794,0.00200860513731747,"S000000228","S000000228","SCO2"
"S000000230",3683.91374121375,1.64271459027042,0.415687435334998,3.9518023655119,7.75647879591816e-05,0.000671899099576111,"S000000230","S000000230","ETR1"
"S000000233",424.84506435772,-1.56948390110171,0.279897579954403,-5.60735073649936,2.05447058766788e-08,3.87906844247517e-07,"S000000233","S000000233","CDS1"
"S000000235",6509.29279494483,-1.57784348022128,0.370254678652894,-4.26150855395529,2.03051580575995e-05,0.000202386069816785,"S000000235","S000000235","RPL4A"
"S000000242",276.412079865418,1.5600921440365,0.254218681290266,6.13681156757786,8.41941514926289e-10,2.08198444166807e-08,"S000000242","S000000242","CHS2"
"S000000244",18.4224897188328,1.7330919174192,0.505815408789795,3.42633278326923,0.000611790326579715,0.00421007180443133,"S000000244","S000000244","FIG1"
"S000000247",1037.35398481005,1.47034181053512,0.288659267964059,5.0936934085144,3.51154467640129e-07,5.11625974106051e-06,"S000000247","S000000247","QDR3"
"S000000250",3281.37820418813,-1.1270943362393,0.406292119198229,-2.77409844538332,0.00553549244698547,0.0275483264431627,"S000000250","S000000250","ZTA1"
"S000000251",370.185058884605,1.56963181684579,0.259174242242051,6.05628014291584,1.39305314235563e-09,3.29650804034587e-08,"S000000251","S000000251","FMP23"
"S000000252",1305.7480962646,-1.7386913585316,0.427446617927149,-4.0676222143555,4.7495299955507e-05,0.000434325222177902,"S000000252","S000000252","RPS11B"
"S000000254",917.386200249053,3.42390776358853,0.224942233813319,15.2212757273054,2.55499784201212e-52,1.82592920779396e-49,"S000000254","S000000254","REG2"
"S000000255",72.9902188218211,3.03742990299365,0.303930774331231,9.99382148674217,1.62205110918732e-23,2.27293887290336e-21,"S000000255","S000000255",NA
"S000000258",21188.255840435,2.74395844330173,0.795131356452934,3.45094986008661,0.000558617338344415,0.00389668990578659,"S000000258","S000000258","YRO2"
"S000028736",19.0323943075171,-4.35889799286301,1.3829592580466,-3.15186291100134,0.00162232420899753,0.00980874785076215,"S000028736","S000028736",NA
"S000000261",487.802028524923,1.11077057972685,0.278099045040402,3.99415459900438,6.4925491891291e-05,0.000572120872751062,"S000000261","S000000261","MUM2"
"S000000272",9695.43227127513,1.44957360088357,0.214998334562818,6.74225502179428,1.55947044888908e-11,5.02016016350712e-10,"S000000272","S000000272","BAP2"
"S000000273",1260.60842414952,1.459342247401,0.507408110045097,2.87607197936056,0.00402657879293692,0.0211521784231906,"S000000273","S000000273","TAT1"
"S000000277",826.646151191248,-1.74908911663382,0.213825826124116,-8.17997128007611,2.8391153326411e-16,1.70501997686719e-14,"S000000277","S000000277","RDH54"
"S000000280",222.424394960361,-1.06692548038336,0.172709057048885,-6.17758847517401,6.50881021142026e-10,1.63211270792684e-08,"S000000280","S000000280","ECM8"
"S000000282",2938.11788530029,-2.09211448944294,0.376203764015299,-5.56112056698579,2.68047927422133e-08,4.93712503433575e-07,"S000000282","S000000282","ECM33"
"S000000285",655.024375668727,1.04973009597642,0.285315491482875,3.67919067597992,0.000233975288693095,0.00180670383646159,"S000000285","S000000285","SPT7"
"S000000288",450.445828304473,-2.76948416471855,0.447159315635985,-6.19350658227835,5.88402302400882e-10,1.48587175056816e-08,"S000000288","S000000288","MIS1"
"S000007522",1603.69099641907,-2.68820461636281,0.234942483323365,-11.4419690229582,2.5796354780272e-30,5.8524968075306e-28,"S000007522","S000007522",NA
"S000000292",501.85720144241,-2.44275581215456,0.298319971194386,-8.18837506042415,2.64776600643059e-16,1.5968151700385e-14,"S000000292","S000000292","POL30"
"S000000293",371.322132900237,-2.49192438716211,0.296701597577272,-8.39875621671743,4.51232495483729e-17,3.11568408596567e-15,"S000000293","S000000293",NA
"S000000296",240.497793857219,-1.65723765839638,0.368924431419345,-4.49207891171796,7.05312783238193e-06,7.79059939012635e-05,"S000000296","S000000296","PHO3"
"S000000297",2663.0428211795,-2.17310978324329,0.268453237375476,-8.09492857858088,5.72979605879461e-16,3.27583900273405e-14,"S000000297","S000000297","PHO5"
"S000000298",673.006684207237,1.41243114166778,0.251887669172143,5.60738501535187,2.05406386531869e-08,3.87906844247517e-07,"S000000298","S000000298","PBY1"
"S000000300",250.22477744808,-1.41984534248626,0.239792324277326,-5.92114591976752,3.19706025115596e-09,7.02665725903953e-08,"S000000300","S000000300",NA
"S000000301",498.593642208678,1.83077136060555,0.263380042964425,6.95106333797975,3.62543041105675e-12,1.2669505346023e-10,"S000000301","S000000301","VPS15"
"S000000302",388.511487259807,1.36124740123423,0.271397717635285,5.01569214765293,5.28428831214678e-07,7.39024783224206e-06,"S000000302","S000000302","MMS4"
"S000000303",64.1853967610269,1.63501429799317,0.345856474354495,4.72743585628908,2.27372856650059e-06,2.79435962175348e-05,"S000000303","S000000303",NA
"S000000305",2484.79523894456,-1.62902036313648,0.319914554860243,-5.092048293483,3.54215846966383e-07,5.14777018707195e-06,"S000000305","S000000305","FES1"
"S000000306",464.34071580778,1.05185759471818,0.2641820815217,3.98156297603319,6.84635756543423e-05,0.000600705885099763,"S000000306","S000000306","EXO84"
"S000000307",688.893162112884,1.01044965076716,0.171780454016158,5.88221550905968,4.04810764054735e-09,8.67460307441429e-08,"S000000307","S000000307","SIF2"
"S000000309",874.506648463595,-1.00676646889073,0.318200081236284,-3.16394158348171,0.001556480330768,0.00943459430350595,"S000000309","S000000309","VID24"
"S000000310",1075.03978283571,-1.25440063303589,0.465716498080367,-2.69348549644772,0.00707092217764748,0.0339257101997702,"S000000310","S000000310","PHO88"
"S000000311",164.547273498498,1.13859065823454,0.242773104532761,4.68993738176172,2.73288669323537e-06,3.29908357317679e-05,"S000000311","S000000311","IML3"
"S000000317",27.9197997776179,1.41820446584891,0.554570595965765,2.55730194886939,0.010548760747983,0.0468304875213659,"S000000317","S000000317",NA
"S000000318",1166.44625288417,-1.86369152217017,0.267630184071939,-6.96368209973358,3.31492186645632e-12,1.16413214342163e-10,"S000000318","S000000318","RAD16"
"S000000320",786.780697360736,1.46057738681779,0.303466537034137,4.81297674891083,1.48698595360004e-06,1.89932888604159e-05,"S000000320","S000000320",NA
"S000000321",7179.50222174669,1.91833309210163,0.307118148551901,6.24623813716904,4.20455987006586e-10,1.08280674275408e-08,"S000000321","S000000321","TKL2"
"S000000327",417.417169890973,1.06681642968682,0.198526282197754,5.37367857734903,7.71463267953076e-08,1.28965198700039e-06,"S000000327","S000000327","TFC1"
"S000000329",350.913089050948,1.06669316852549,0.183954672525759,5.79867395527083,6.68413440560905e-09,1.39063075777831e-07,"S000000329","S000000329","PTC4"
"S000028600",102.873795934923,-1.29126924909746,0.50068407330934,-2.5790100343369,0.00990839084536144,0.0445908785745438,"S000028600","S000028600","MEO1"
"S000000332",365.18441093343,1.25086831998624,0.284144829620177,4.40222094365856,1.07148358363144e-05,0.000113023725910289,"S000000332","S000000332","ATG14"
"S000000333",345.321691520205,1.29955049354461,0.282434779113395,4.60124102854506,4.19981094603017e-06,4.84095950416203e-05,"S000000333","S000000333","OPY1"
"S000000340",546.710500379521,1.35917139566795,0.227614048192913,5.9713862411339,2.35246067786899e-09,5.3286403278576e-08,"S000000340","S000000340","MEC1"
"S000000343",1843.72882780987,1.20289369397343,0.228014674097878,5.27551000273374,1.32387389616812e-07,2.09547393111085e-06,"S000000343","S000000343",NA
"S000000353",3825.08394089914,1.22146120568458,0.287192792289458,4.25310536503117,2.10826315758354e-05,0.000208969523657015,"S000000353","S000000353","ARA1"
"S000000361",1162.5055278145,2.4509823396279,0.38488682775155,6.36805981110387,1.91434271105742e-10,5.22169854372972e-09,"S000000361","S000000361","ICS2"
"S000000362",566.575458409986,-2.20742392204119,0.263839203372357,-8.36655013290748,5.93296841912791e-17,4.01895344145001e-15,"S000000362","S000000362","AMN1"
"S000000366",1861.84962739883,-3.83582942902196,0.246865060204045,-15.5381625324033,1.91392720148041e-54,1.8237174327173e-51,"S000000366","S000000366","TOS1"
"S000002158",22.9700205824171,-1.5907453331057,0.589629970328187,-2.69787055128879,0.00697845709621272,0.033583531069417,"S000002158","S000002158","YSY6"
"S000000372",242.476733999593,1.65246617163261,0.233862827425069,7.06596336761585,1.59505493392267e-12,5.8456718386043e-11,"S000000372","S000000372","PEX32"
"S000000375",213.500996250829,-1.02095870462073,0.226565047613876,-4.50624981820099,6.59833989538444e-06,7.29400435594405e-05,"S000000375","S000000375","SEC66"
"S000000379",85.2408706911502,-1.56780341056389,0.459141404243404,-3.41464175540298,0.000638659508570271,0.00438449956432169,"S000000379","S000000379","SWD3"
"S000000381",1067.78282339522,-3.562038086703,0.275771332295305,-12.9166366099601,3.62650315415195e-38,1.17803658141577e-35,"S000000381","S000000381","EHT1"
"S000000386",264.067263375857,-1.04073805199271,0.274081945222712,-3.79717843562091,0.000146352443560408,0.00118785660182221,"S000000386","S000000386","SMP1"
"S000000391",376.302037260732,-1.37227778633987,0.418610051511679,-3.27817686504258,0.00104479909788478,0.00667261550762607,"S000000391","S000000391","GDT1"
"S000000393",3063.63881883585,-1.53718269339915,0.485582050856198,-3.16564974073636,0.00154736995105234,0.00939132004687523,"S000000393","S000000393","RPS9B"
"S000000400",11178.9615687372,1.39416004914039,0.350190896198164,3.98114304019906,6.85846591157545e-05,0.000601399099841398,"S000000400","S000000400","PGI1"
"S000000401",337.979656790074,1.14136841162836,0.2176987865071,5.24287907131322,1.58090157333674e-07,2.45874060801981e-06,"S000000401","S000000401",NA
"S000000405",204.03652887491,1.04048885231243,0.267045820664815,3.89629333918095,9.76760776459461e-05,0.000826085312303851,"S000000405","S000000405","DER1"
"S000000406",392.187560724222,1.38184583132016,0.328095090516356,4.21172358643163,2.53429539743686e-05,0.000246412817112687,"S000000406","S000000406","MCM7"
"S000000412",847.59182716738,1.20994018992508,0.2723244296341,4.44301009480045,8.87090020547441e-06,9.56919068957327e-05,"S000000412","S000000412","DUR1,2"
"S000000416",6374.81063982964,-1.34766859692419,0.363605203189644,-3.70640624804616,0.000210221003398157,0.00164009748024078,"S000000416","S000000416","NGR1"
"S000000417",123.649388667984,-1.16060697507887,0.302472827500267,-3.83706194262307,0.000124515073320147,0.00102872482252304,"S000000417","S000000417","MET8"
"S000000420",530.411179472901,1.18554461903556,0.26308915361407,4.50624665726301,6.59843813911401e-06,7.29400435594405e-05,"S000000420","S000000420","YBP1"
"S000000433",943.537510540369,1.49228718424699,0.193852140280488,7.69806916801525,1.38137596490113e-14,6.51617381727125e-13,"S000000433","S000000433","ROT2"
"S000000434",3555.71429133657,2.01802830710084,0.145229463544944,13.8954469557503,6.75008270225238e-44,3.44567614511761e-41,"S000000434","S000000434","OM14"
"S000000439",857.362291044321,1.02985191811547,0.225040100227466,4.57630403236808,4.73262614302434e-06,5.39851759475234e-05,"S000000439","S000000439","VHC1"
"S000000444",498.379363848321,2.11667268948482,0.251938107842503,8.40155825417262,4.40592512155084e-17,3.05698484283137e-15,"S000000444","S000000444","THI2"
"S000000445",2473.30781460771,1.59223280245191,0.281211396382802,5.66204934413277,1.49575795990736e-08,2.91875446455958e-07,"S000000445","S000000445",NA
"S000000447",227.065598453555,-1.13010640837872,0.276649945667129,-4.08496884267776,4.40827314208142e-05,0.000405975824869651,"S000000447","S000000447","ALG7"
"S000000451",340.387950069189,-1.00799380835997,0.376872106201078,-2.67463097367616,0.00748115478575536,0.0354653881767169,"S000000451","S000000451","ENP1"
"S000000454",73.8902857808889,1.25401708414935,0.399258696329115,3.14086354456171,0.001684504972501,0.0101289985578279,"S000000454","S000000454","SPO23"
"S000000456",121.507216710241,-1.49876099429209,0.351046407096476,-4.26940986716948,1.95990828427784e-05,0.000196031974158035,"S000000456","S000000456","DUT1"
"S000000461",282.972784922197,1.01929542093289,0.180808466999911,5.63743190706547,1.72604820198019e-08,3.32485268880093e-07,"S000000461","S000000461","POP4"
"S000000462",63.4535956302208,1.01360881294162,0.342605802185226,2.95852786636003,0.00309112292318413,0.0169083122621779,"S000000462","S000000462","SHG1"
"S000000463",287.184256075318,1.48035939331403,0.334225084657691,4.4292288678158,9.45706225829712e-06,0.000101023759983438,"S000000463","S000000463",NA
"S000000465",159.953036044581,-1.1287198064796,0.319288003304077,-3.53511498959971,0.000407597743759559,0.00296176642173634,"S000000465","S000000465","TAE1"
"S000000474",411.682462654371,1.17939236107165,0.230561528177832,5.11530423307216,3.13235671038203e-07,4.61079036678582e-06,"S000000474","S000000474","BIT2"
"S000000476",537.472824250018,1.17760441745497,0.207640170497056,5.67137088471844,1.4165934429549e-08,2.78505778268974e-07,"S000000476","S000000476","HSM3"
"S000000481",82.0225806832947,1.47115951984534,0.348565609261779,4.22061006810479,2.43642059237222e-05,0.000238029798542558,"S000000481","S000000481",NA
"S000000482",249.559323277787,1.3800075011632,0.344945809622042,4.00065013885884,6.31686932916726e-05,0.0005583612450327,"S000000482","S000000482","DPB3"
"S000000484",2230.20487274858,1.02540415046353,0.354858801802588,2.88961171388382,0.00385717928579367,0.0203810216383915,"S000000484","S000000484","SAF1"
"S000000489",266.761948058448,1.89306073798141,0.263520288285994,7.18373811099852,6.78307397940814e-13,2.58534603700481e-11,"S000000489","S000000489",NA
"S000000498",628.875574139727,1.34586157342539,0.279040805086143,4.82317119537376,1.41293598607293e-06,1.8144738588446e-05,"S000000498","S000000498","SUL1"
"S000000501",402.254694258322,1.75376886908631,0.213630392638303,8.20936032288071,2.22369978925401e-16,1.36409189218058e-14,"S000000501","S000000501","MAL33"
"S000000510",217.360211963325,1.24409674987804,0.179323404012432,6.93772659921063,3.98459887128074e-12,1.38232698221397e-10,"S000000510","S000000510","PGS1"
"S000000516",351.108290016433,1.0299415887707,0.196266223812063,5.24767618577575,1.54029720711487e-07,2.40606207445824e-06,"S000000516","S000000516","SGF29"
"S000000520",425.813253109444,1.29917139348483,0.192980773077707,6.7321286611371,1.6719868905115e-11,5.37027160136648e-10,"S000000520","S000000520","BUD3"
"S000000524",254.832664123778,3.48590121161331,0.379588725992005,9.18336339548381,4.17832433163928e-20,4.35918172789198e-18,"S000000524","S000000524",NA
"S000007548",74.545205573672,-3.05978366574049,0.481999092791242,-6.34811083983866,2.17975018718042e-10,5.91179685490888e-09,"S000007548","S000007548","HBN1"
"S000000532",107.395293087135,-1.19676590260425,0.261636483112023,-4.57415528740248,4.78145120540414e-06,5.44986300469229e-05,"S000000532","S000000532","FUS1"
"S000000537",400.332073284977,1.80518953322094,0.249547207058765,7.23385989567835,4.694560919863e-13,1.79891043505635e-11,"S000000537","S000000537","STE50"
"S000000538",772.101220916892,1.2213372877125,0.119221341265336,10.2442840748984,1.25550904113899e-24,1.97197700274721e-22,"S000000538","S000000538","MXR2"
"S000000543",794.241215987958,1.31411597314749,0.175905331038355,7.47058639661667,7.98382309171503e-14,3.41655040269111e-12,"S000000543","S000000543","ATG22"
"S000000551",40.0044341334227,1.91896433076664,0.496854437642628,3.86222640955235,0.000112358362552213,0.000937500336228126,"S000000551","S000000551",NA
"S000087203",147.485850783005,-2.31160952677829,0.287710859913107,-8.03448826184884,9.39702749449363e-16,5.14604268117998e-14,"S000087203","S000087203",NA
"S000000555",699.98487827761,-1.00214497407498,0.382184312281689,-2.62215099330491,0.00873767097197584,0.0402473513382052,"S000000555","S000000555","APA1"
"S000000598",22672.8974794328,3.56596684655899,0.528145796314896,6.75186070104184,1.45960982500214e-11,4.71995548161892e-10,"S000000598","S000000598","CIT2"
"S000000601",1942.91366350715,-1.58174600704735,0.301184878063623,-5.25174443423822,1.50665417389722e-07,2.36384282190043e-06,"S000000601","S000000601","SAT4"
"S000000602",1770.98865576835,-1.26394047821742,0.320664293778003,-3.94163149044731,8.09292488839214e-05,0.000698503474817566,"S000000602","S000000602","RVS161"
"S000000603",19026.9626491417,3.32026220473455,0.855217277406655,3.8823610004733,0.000103447150075441,0.000868214982987834,"S000000603","S000000603","ADY2"
"S000000604",2080.48939044803,1.69071176850611,0.217814320892797,7.76216991415469,8.34884476130012e-15,4.04508603977162e-13,"S000000604","S000000604","ADP1"
"S000000605",27841.3043527826,1.51154175912273,0.417088756481542,3.62402902411881,0.000290049035008273,0.00218884416967964,"S000000605","S000000605","PGK1"
"S000000606",14738.9084318353,1.2302555214591,0.425865075227867,2.88883872621118,0.00386667329267784,0.0204236368707481,"S000000606","S000000606",NA
"S000000607",704.286292789279,1.40839624800562,0.22379399225383,6.29327102940367,3.10844896449993e-10,8.27356816566061e-09,"S000000607","S000000607","POL4"
"S000000608",105.884225537766,1.05002640680997,0.364447017004716,2.88114968106978,0.00396227424633769,0.0208515411645451,"S000000608","S000000608","CTO1"
"S000000609",106.116455481478,-1.72965571399129,0.622545123054245,-2.77836200130441,0.00546337143606127,0.0272748752831379,"S000000609","S000000609",NA
"S000000613",196.319563060329,1.26263321350641,0.26458283334849,4.77216604541897,1.82255148149305e-06,2.27906634514262e-05,"S000000613","S000000613","PET18"
"S000000627",2675.15524299968,-1.25628304602172,0.3672451230197,-3.42082975994845,0.000624303985085048,0.00429205236114506,"S000000627","S000000627","RPS14A"
"S000000630",375.572201104742,-2.96405936690178,0.389381930386728,-7.61221601618217,2.69435738246252e-14,1.21868512871952e-12,"S000000630","S000000630","ELO2"
"S000000634",211.777533929654,1.29485868090786,0.206751773254051,6.26286614391825,3.77965051113554e-10,9.9306148447905e-09,"S000000634","S000000634","BUD5"
"S000000638",793.463613617091,1.2755584559152,0.238599851510382,5.34601529649192,8.99116131052024e-08,1.47883393108476e-06,"S000000638","S000000638","TAF2"
"S000000639",49.3739013532462,-2.19277872216589,0.504426314213979,-4.34707440983285,1.37965424593061e-05,0.000141764185025782,"S000000639","S000000639",NA
"S000000646",24.3810096795583,-1.42942527367771,0.388562734563176,-3.67875029314037,0.000234379604613258,0.00180884864402662,"S000000646","S000000646",NA
"S000000656",238.057008322793,1.17266456369383,0.23196315641918,5.05539147594075,4.29508813332152e-07,6.1206076460184e-06,"S000000656","S000000656","TAH1"
"S000000661",300.559945393807,-1.88091155378928,0.405885851934219,-4.6340899659989,3.58511067183533e-06,4.18607985315018e-05,"S000000661","S000000661","HCM1"
"S000000668",120.023531524869,-2.31282449973431,0.657928390541253,-3.51531341857985,0.00043923528071799,0.00315635488552149,"S000000668","S000000668","RSA4"
"S000000673",1151.07113520283,1.11425785436768,0.208645434243429,5.34043727536192,9.27226556522595e-08,1.51634429889902e-06,"S000000673","S000000673","PAT1"
"S000002133",746.811226105488,1.65884701252417,0.184585321395317,8.98688476410051,2.54337070337473e-19,2.40744354061821e-17,"S000002133","S000002133","PTC6"
"S000000677",390.731065100552,1.73303509793106,0.199469114914768,8.6882377688976,3.68104744778324e-18,2.97249780628056e-16,"S000000677","S000000677","SRB8"
"S000007223",120.394073086649,-2.31122082092414,0.495307854660923,-4.66623090907039,3.06774941758561e-06,3.64483311933093e-05,"S000007223","S000007223",NA
"S000000683",158.490659011399,-2.27280474122515,0.422942166201189,-5.37379557502904,7.70962604894141e-08,1.28965198700039e-06,"S000000683","S000000683",NA
"S000000686",182.264524602324,1.05307637124924,0.287640973183232,3.66107915570991,0.000251155142690741,0.00192894167355119,"S000000686","S000000686",NA
"S000000697",99.7092777617138,1.70410335572081,0.299049357244297,5.6984016666142,1.20935854349906e-08,2.41078963211048e-07,"S000000697","S000000697",NA
"S000000698",35.940831722736,1.50522323131348,0.471453447053593,3.19272929431433,0.00140935001571648,0.00867521092792235,"S000000698","S000000698",NA
"S000000702",121.812930838608,1.25488947542595,0.259244414808639,4.84056513368763,1.29470411699976e-06,1.67731381369039e-05,"S000000702","S000000702","ADH7"
"S000000703",183.738499694495,2.0993662356759,0.247520375540624,8.48158957051736,2.22137957799033e-17,1.61990705654162e-15,"S000000703","S000000703","RDS1"
"S000000704",139.253530461602,1.29593722880847,0.292665503509194,4.42804913209648,9.50892439784257e-06,0.000101501909199674,"S000000704","S000000704","AAD3"
"S000002160",258.104538701104,1.00695560083191,0.200562364105722,5.02066080703516,5.14940208572298e-07,7.2370112105446e-06,"S000002160","S000002160","NHP10"
"S000002161",388.249179450888,-4.36858103499106,0.377870832907918,-11.5610432310229,6.49153078117233e-31,1.49650724927897e-28,"S000002161","S000002161","MCD1"
"S000002169",127.123369000177,1.17576952006811,0.246858557484939,4.76292793754919,1.90803994211543e-06,2.37557621016165e-05,"S000002169","S000002169",NA
"S000002172",751.015709051367,-3.53112899328383,0.529947631601798,-6.663165910584,2.67990831849232e-11,8.38160385037435e-10,"S000002172","S000002172","NOP1"
"S000002179",684.171357323244,2.86682553054612,0.32706460394576,8.76531882680141,1.86248820239232e-18,1.54995278020247e-16,"S000002179","S000002179","GPM2"
"S000002180",3325.18011577049,1.90395060992152,0.220482545219089,8.63538022036892,5.85320243654389e-18,4.59669353986384e-16,"S000002180","S000002180","GPD1"
"S000002181",490.410341346819,2.32771147076191,0.301164119764404,7.72904645009786,1.08355135063436e-14,5.17966536943707e-13,"S000002181","S000002181",NA
"S000002184",28.375057285301,1.54979353953337,0.485405819126388,3.19277906952707,0.00140910711776116,0.00867521092792235,"S000002184","S000002184",NA
"S000002185",1173.47314161931,1.60083237056187,0.180938797361684,8.84736935308529,8.96064408867116e-19,8.00465537246105e-17,"S000002185","S000002185","MRX9"
"S000002195",94.577696219353,1.3582359261272,0.415847563839159,3.26618704601221,0.0010900622177543,0.00692455967927207,"S000002195","S000002195","BSC1"
"S000002197",290.167340308001,1.27317070838784,0.233925893588104,5.44262410996549,5.25013569776557e-08,9.03010704310028e-07,"S000002197","S000002197","PRM7"
"S000002199",25.3180302029781,1.39318949856918,0.474750581273894,2.93457144345321,0.00334008651049715,0.0180905386232062,"S000002199","S000002199",NA
"S000002207",391.72121155553,3.49420218880125,0.317303828300479,11.0121652408565,3.33881603331993e-28,6.72136585411856e-26,"S000002207","S000002207","KNH1"
"S000002210",252.091293478222,-1.32863979266553,0.443731315997822,-2.99424391464868,0.00275125903482119,0.0153308948868223,"S000002210","S000002210","SLC1"
"S000002213",5518.42374805716,-2.89351634297716,0.297023137491447,-9.74172035018814,2.00137038449726e-22,2.46599887117408e-20,"S000002213","S000002213","PSA1"
"S000002214",559.479655072163,1.28433049575752,0.219427703860137,5.85309180729593,4.82517590263338e-09,1.02323796997536e-07,"S000002214","S000002214","MBP1"
"S000002215",334.355089852386,1.15550323814429,0.192228344422977,6.01109707110483,1.84272020294962e-09,4.28260160337544e-08,"S000002215","S000002215",NA
"S000002235",447.402095474039,1.18612725246866,0.162554677976254,7.29678940794265,2.94715526818221e-13,1.15407370542817e-11,"S000002235","S000002235","VAM6"
"S000002236",4164.71835941768,1.79222588094025,0.362886268282103,4.93880876072995,7.86012483799439e-07,1.06185977608179e-05,"S000002236","S000002236","MDH3"
"S000002238",433.592458922641,1.28424730110652,0.256949857638765,4.99804636168349,5.79140628894016e-07,8.02876528494876e-06,"S000002238","S000002238","THI3"
"S000002239",1135.01124338247,-1.00784753372585,0.324365582193328,-3.10713463158109,0.00188910343643563,0.0111115042868208,"S000002239","S000002239","RPP1A"
"S000002241",2043.89882771891,-1.35659042562486,0.42078751105348,-3.22393224606051,0.00126443312338376,0.00789194001420265,"S000002241","S000002241","RPS16B"
"S000002243",4959.52931427166,2.34787038802425,0.22391371216141,10.4856034289305,1.0060140026366e-25,1.73240459514277e-23,"S000002243","S000002243","NDE2"
"S000002245",116.436158699715,1.27916424551227,0.231317998516947,5.5298950090931,3.20422504384031e-08,5.79721374071007e-07,"S000002245","S000002245","LUC7"
"S000002249",906.445407327663,1.13586122560917,0.173979279820561,6.52871552739313,6.63361048912059e-11,1.95493184991754e-09,"S000002249","S000002249","UBX3"
"S000002268",791.10282778159,1.80961138946979,0.228597654872639,7.91614153031444,2.44994723992577e-15,1.28267750550399e-13,"S000002268","S000002268","TMA17"
"S000002274",557.276252123219,1.0502516592927,0.290913487382743,3.61018551852471,0.000305978079137459,0.00229451452524224,"S000002274","S000002274","NUP84"
"S000002285",137.222810344219,-1.44981292329996,0.34397645091417,-4.21486098669505,2.49932088597479e-05,0.000243343279449848,"S000002285","S000002285","PCL2"
"S000002288",1224.26266032917,-1.11008759166807,0.422818265093884,-2.62544852791915,0.00865348914190018,0.0399368163723536,"S000002288","S000002288","RPP1B"
"S000007232",512.419065430607,1.92983776108443,0.218483411645694,8.83288001843347,1.02014430524609e-18,8.89080643590389e-17,"S000007232","S000007232","STF1"
"S000002290",1297.47511647267,1.4965684253343,0.223437436966714,6.69793050641394,2.11391743292472e-11,6.71427152639844e-10,"S000002290","S000002290","CDC53"
"S000002291",498.185171940453,1.01785801059611,0.263265675352803,3.86627694336556,0.000110509442673144,0.000924231400893649,"S000002291","S000002291","SRF1"
"S000002292",1622.2504296652,1.04934076576342,0.171519343589633,6.11791500481725,9.48076078683044e-10,2.32035126585903e-08,"S000002292","S000002292","PPH21"
"S000002295",1192.02270950669,-1.15484774131165,0.4293031536692,-2.69005184667598,0.0071440918829069,0.0342122038362655,"S000002295","S000002295","RPL35B"
"S000002313",151.041702864414,1.08480142676662,0.25918502001159,4.18543257908236,2.84623542364516e-05,0.000273579306726028,"S000002313","S000002313","MSH5"
"S000002315",82.3145561725584,1.2571621157302,0.359446587782882,3.49749353161079,0.000469652101720301,0.00334133274758002,"S000002315","S000002315","CMR1"
"S000002320",903.888475247178,1.31114330008236,0.197903375156667,6.62516896967734,3.46851190818743e-11,1.06385065887818e-09,"S000002320","S000002320","ENT1"
"S000002326",219.356100841857,-1.34200974962894,0.487230959166028,-2.75436058481587,0.00588069382929304,0.0289437868120129,"S000002326","S000002326","NRP1"
"S000002330",3027.44132271925,1.7907996895984,0.150098880313778,11.9307997891442,8.17839329770348e-33,2.1253413709832e-30,"S000002330","S000002330","GLT1"
"S000002333",1880.37632041623,1.21657289863014,0.407468530289501,2.98568553936124,0.00282943435451803,0.015699186812549,"S000002333","S000002333","DLD1"
"S000002340",192.726369591398,1.04232634419594,0.262454265112426,3.97145896542944,7.14338063331974e-05,0.000623666512466022,"S000002340","S000002340","INH1"
"S000002341",3428.98234329442,1.8445296256921,0.4065578348946,4.53694276035854,5.70755895684658e-06,6.38826469617918e-05,"S000002341","S000002341","LYS20"
"S000002345",26.2579342933456,1.85569777664827,0.471760970240943,3.9335551130915,8.36986366339141e-05,0.000720665429764177,"S000002345","S000002345",NA
"S000002353",1002.75022802603,1.00402385757711,0.191901336646837,5.23197949071532,1.67704361525627e-07,2.59134966409275e-06,"S000002353","S000002353","SNF3"
"S000002358",1005.58137317275,1.5926023513282,0.253377543062797,6.2854913346977,3.26818394612816e-10,8.68255634609848e-09,"S000002358","S000002358",NA
"S000002359",462.499157364373,1.20841701785128,0.23054990446995,5.24145529632518,1.5931507647763e-07,2.47241084483688e-06,"S000002359","S000002359","MGT1"
"S000002365",514.694886732029,1.39225739724499,0.286922650624754,4.85237883524862,1.21989313946657e-06,1.58797200750416e-05,"S000002365","S000002365",NA
"S000002375",269.831903898008,1.64649986029302,0.257601180142195,6.39166272213568,1.64091531150519e-10,4.53648018323863e-09,"S000002375","S000002375","RRI1"
"S000002377",4555.37452826442,1.62840506797327,0.485339229458955,3.35518946158253,0.0007931064591703,0.00527004677867089,"S000002377","S000002377",NA
"S000002378",76.0178760628201,-2.38037888567665,0.401757237263833,-5.92491849527893,3.12452320900973e-09,6.89179170160125e-08,"S000002378","S000002378","DTD1"
"S000002382",14323.7048481349,1.55902736206278,0.310696196256302,5.0178514601984,5.22525515731934e-07,7.32920235167471e-06,"S000002382","S000002382","HBT1"
"S000002386",686.350329983198,-5.04430492185775,0.361923700181105,-13.937481627574,3.7493806359108e-44,1.98481101589159e-41,"S000002386","S000002386","HO"
"S000002387",1836.51751621288,-3.02742209122743,0.721125997516046,-4.19818742030593,2.69059913451836e-05,0.000260108204122108,"S000002387","S000002387",NA
"S000002388",4413.94587829594,-2.45708705561156,0.744259844135606,-3.30138334745878,0.000962093325120872,0.0062194481664191,"S000002388","S000002388","SSB1"
"S000002392",587.353523336967,-1.45727458179207,0.30412205956165,-4.7917424467417,1.65339064259515e-06,2.09131968624889e-05,"S000002392","S000002392","MFG1"
"S000002393",4682.20416728151,-1.34954226711803,0.407923662960783,-3.30832062382166,0.000938572887213043,0.00609219903584742,"S000002393","S000002393","GYP7"
"S000002395",490.696050273758,-1.87662931521438,0.219038276002579,-8.56758622037495,1.05676732611107e-17,8.03424222984339e-16,"S000002395","S000002395","PHO13"
"S000002397",376.736160839028,1.22015179142274,0.295018023738473,4.13585507746597,3.53635329434182e-05,0.000332096567910825,"S000002397","S000002397","GUD1"
"S000002398",363.964150131237,1.33149768820434,0.235925502889788,5.64372088602201,1.66413782160402e-08,3.2273435392383e-07,"S000002398","S000002398","ADY3"
"S000002402",177.427489368054,1.27014447362207,0.230965330678256,5.49928627769434,3.8133159409359e-08,6.77907024176578e-07,"S000002402","S000002402","AAD4"
"S000002403",87.1243300512308,2.71740394797642,0.320625970893027,8.47530828649888,2.34457822375602e-17,1.70106886051497e-15,"S000002403","S000002403","THI13"
"S000002404",397.811174231442,1.73406931630795,0.176523127225843,9.82346814017963,8.92201156754462e-23,1.13859206549031e-20,"S000002404","S000002404","HXT15"
"S000002409",1141.24942867613,-1.04319215234226,0.300798771734786,-3.46807317837733,0.000524204520011643,0.00368541820193134,"S000002409","S000002409","YRB1"
"S000002412",842.824359192802,1.23048890306066,0.190910666993567,6.4453648527776,1.15322650249729e-10,3.29003321361153e-09,"S000002412","S000002412","MAF1"
"S000002416",151.208721499883,1.63650293254296,0.240261333468098,6.81134541676158,9.6690158542986e-12,3.1916684435448e-10,"S000002416","S000002416","GAL3"
"S000002424",911.814144220252,1.16570102363437,0.171945226594546,6.77949046171045,1.20600459246014e-11,3.93548484932256e-10,"S000002424","S000002424","KCS1"
"S000002425",693.607345302147,1.20151083104075,0.360655279770275,3.33146607975925,0.000863898276764757,0.00565889004115429,"S000002425","S000002425",NA
"S000002426",1301.08792255856,1.0280707090801,0.151218396565282,6.79858226532829,1.05653677252498e-11,3.4635504792889e-10,"S000002426","S000002426","GCV1"
"S000002432",1966.96890477628,-1.06543817962392,0.407602209515056,-2.61391659503398,0.00895108845954801,0.0409510371316935,"S000002432","S000002432","RPS11A"
"S000002434",609.206310576227,1.07981261476127,0.279315223537179,3.86592825513337,0.000110667469932941,0.000925011782310831,"S000002434","S000002434","VPS54"
"S000002437",489.016960164561,1.17253505960784,0.15376021282106,7.62573775162752,2.42642662941604e-14,1.10098145442043e-12,"S000002437","S000002437","RAD28"
"S000002438",151.245602043774,1.20807869253368,0.27246081848924,4.43395384052768,9.25204434358493e-06,9.92044034530078e-05,"S000002438","S000002438","MIX14"
"S000007345",612.934521865189,1.78240849161995,0.275538701932997,6.46881356091087,9.87753745507732e-11,2.84063667697022e-09,"S000007345","S000007345",NA
"S000002444",2096.10703230614,-1.81152647251361,0.355249229231962,-5.09931147895824,3.40891195230651e-07,4.98196099532893e-06,"S000002444","S000002444","KRS1"
"S000002446",160.831201154103,6.09195638931627,1.09682597491263,5.55416859981048,2.78936158536828e-08,5.10478170802418e-07,"S000002446","S000002446","ENA2"
"S000002447",4174.50826428708,1.15719405454929,0.31078701250872,3.72343118590525,0.000196533446318333,0.00154343546605931,"S000002447","S000002447","ENA1"
"S000002451",166.174844826926,-1.49324417807852,0.290649284635786,-5.13761518439555,2.78246922060966e-07,4.13838008014297e-06,"S000002451","S000002451","HEM13"
"S000002458",804.48346382862,1.21688047526123,0.162140597349406,7.5050943141581,6.1384389131162e-14,2.65868810258091e-12,"S000002458","S000002458","DET1"
"S000002460",30.5477703030093,1.40109239844282,0.466838227602826,3.00123750712812,0.00268884751399298,0.0150417602808226,"S000002460","S000002460",NA
"S000002477",915.192152318752,1.01159932565059,0.235747228099169,4.29103380687494,1.77843234691287e-05,0.000180022192170153,"S000002477","S000002477","FMP16"
"S000002484",77675.4927570671,-1.78756383462527,0.30323787619435,-5.8949226826783,3.74856861031221e-09,8.11792290108976e-08,"S000002484","S000002484","SED1"
"S000002489",327.929014116326,1.13409662746563,0.326143810651013,3.47729004944742,0.000506509559306697,0.00357508204008426,"S000002489","S000002489","STN1"
"S000002492",1156.2885864595,1.2315013711174,0.155688108623565,7.91005415895325,2.57276944034141e-15,1.3371852222109e-13,"S000002492","S000002492","AFR1"
"S000002494",136.914053433424,-1.39315131490138,0.39130264560668,-3.56029107020583,0.000370443951194884,0.00271804691705774,"S000002494","S000002494","RRP1"
"S000002501",21.1698946926394,-1.97180808369038,0.596709482027501,-3.30446916477775,0.000951564429021606,0.00616676508562047,"S000002501","S000002501",NA
"S000002508",336.482413866325,-1.49629371348353,0.58991804602202,-2.53644336458844,0.0111984854898476,0.0492189277694932,"S000002508","S000002508","ARX1"
"S000113555",102.067464281521,1.85378776831958,0.436004112759779,4.25176670143233,2.12090738880878e-05,0.000210077126183256,"S000113555","S000113555","COX26"
"S000002530",361.046680448485,-2.22029779398432,0.35455407376615,-6.2622261546732,3.79519978881609e-10,9.93494332995392e-09,"S000002530","S000002530","INO2"
"S000002533",197.630772057639,1.28729271380064,0.259223227718121,4.96596205954365,6.83613198372291e-07,9.36805699360993e-06,"S000002533","S000002533","SWF1"
"S000002535",706.334000870044,1.09752982490244,0.154374292298189,7.10953753091515,1.16432437123891e-12,4.34508831282448e-11,"S000002535","S000002535","MTC5"
"S000002537",148.140025093079,1.12011246881199,0.238065174546898,4.7050664631812,2.537832630502e-06,3.08708440746937e-05,"S000002537","S000002537","FIN1"
"S000002538",247.86374331751,1.57659192152651,0.270340668617986,5.83187105952736,5.4809266968368e-09,1.15544078580956e-07,"S000002538","S000002538",NA
"S000002539",220.835166011279,1.04292655231273,0.218096732105143,4.78194488402485,1.73607284446819e-06,2.18046477732722e-05,"S000002539","S000002539",NA
"S000002540",480.393866103122,-3.79114426006318,0.287839684511766,-13.17102701281,1.28833129313188e-39,4.84582083493e-37,"S000002540","S000002540",NA
"S000002544",531.624790959952,1.43668391539799,0.251779560553876,5.70611813062786,1.15581796546658e-08,2.31050436089703e-07,"S000002544","S000002544","RGP1"
"S000002551",184.3243117468,-2.46322623203053,0.315339959186846,-7.81133554523935,5.65851477047173e-15,2.84778702867438e-13,"S000002551","S000002551","MKC7"
"S000002553",225.574655055447,1.19111791229233,0.281887350827225,4.22551032813951,2.383998898606e-05,0.000233386960669696,"S000002553","S000002553","SWI5"
"S000002554",328.206613627151,-1.43908876279032,0.295227833111648,-4.87450233815213,1.09083093616528e-06,1.43433731100371e-05,"S000002554","S000002554","EKI1"
"S000002555",5026.1902695862,1.1601580352907,0.284682110489112,4.07527551800649,4.59598992222141e-05,0.000421633401529593,"S000002555","S000002555","KGD2"
"S000002556",252.491465486912,-1.17258798929168,0.380823652559342,-3.07908393139777,0.00207638175768068,0.0120298842572071,"S000002556","S000002556",NA
"S000002565",3337.83058026636,-1.01736339904767,0.292723072769421,-3.47551489338543,0.000509873680108082,0.00359527602850756,"S000002565","S000002565","HOM2"
"S000007227",126.260227793327,1.12650600125467,0.269952610351299,4.17297687838137,3.00645462291179e-05,0.000287049137777409,"S000007227","S000007227",NA
"S000002580",431.078764753245,2.00730346714566,0.327500878967914,6.12915444218494,8.83473352255371e-10,2.17340527087539e-08,"S000002580","S000002580","ARG82"
"S000002583",883.192996817294,1.73539516224295,0.20934038800242,8.28982490575536,1.13415300044879e-16,7.36838583427933e-15,"S000002583","S000002583","NGG1"
"S000002585",1677.90364346205,1.02086261012226,0.209210904753384,4.87958603938759,1.06308738791205e-06,1.40302013254173e-05,"S000002585","S000002585","SDH4"
"S000002589",453.378302376967,1.38111950323135,0.260844544556843,5.29479926665816,1.19147216598314e-07,1.90702258324715e-06,"S000002589","S000002589","SAS4"
"S000002599",104.034862037954,1.8058610221112,0.584058035173662,3.09192051706685,0.00198866089263536,0.0116094914317815,"S000002599","S000002599","HST4"
"S000002605",270.108866393329,1.08969452653255,0.219937788940797,4.95455797650976,7.24948993649894e-07,9.87768919565103e-06,"S000002605","S000002605","CBS2"
"S000002606",178.513519516681,1.00338499323374,0.385155821946279,2.60514040308002,0.00918366181260892,0.0418178796606418,"S000002606","S000002606","RKM2"
"S000002617",232.059960985502,-1.94923293409862,0.243005384568528,-8.02135696523604,1.04583315024959e-15,5.68368563365678e-14,"S000002617","S000002617",NA
"S000002621",321.548503879908,-1.23321046205839,0.432726815897472,-2.84985911839257,0.00437385979147293,0.0226752187158225,"S000002621","S000002621","UPC2"
"S000002631",648.317994743345,2.80407750074247,0.223599465650426,12.5406270206672,4.47441165334412e-36,1.30515848492342e-33,"S000002631","S000002631","CRF1"
"S000002637",630.554449664523,1.39410897564056,0.222755818439678,6.25846267633221,3.88790916718706e-10,1.0136132794869e-08,"S000002637","S000002637","IVY1"
"S000002655",1938.3782797264,-1.13974746323917,0.320163388537321,-3.55989317968602,0.000371005676486764,0.00272077174654967,"S000002655","S000002655","VHS1"
"S000002661",167.45742840588,-1.28996838276248,0.303193869974153,-4.25459915423899,2.09423842810608e-05,0.000207867707311946,"S000002661","S000002661","MET32"
"S000002667",187.622113774005,1.34859094973296,0.402698081463103,3.34888843977899,0.000811364582731648,0.00536890462082567,"S000002667","S000002667","YAP6"
"S000002669",304.074846468864,-2.29535869860615,0.267066457817259,-8.59470978634374,8.34754949079968e-18,6.44927161470269e-16,"S000002669","S000002669","EXG2"
"S000007397",515.039822552849,1.34877233332242,0.188194350292395,7.16691192496935,7.67083460809894e-13,2.89285591170338e-11,"S000007397","S000007397",NA
"S000002678",722.266919519331,1.26535396312317,0.304742739923403,4.15220380128241,3.29288808374586e-05,0.000310456790112002,"S000002678","S000002678","CCC2"
"S000002679",26.6143938285202,1.62329415058176,0.560201543844593,2.89769667438133,0.00375913960355713,0.0199292961252382,"S000002679","S000002679",NA
"S000002682",45.5106893579054,1.36876284162945,0.450176234786313,3.0405044421751,0.00236182207564834,0.0134599373713085,"S000002682","S000002682",NA
"S000002683",682.202271100892,1.41969901215834,0.478549872403169,2.9666688761799,0.00301044983205387,0.01655573661006,"S000002683","S000002683","BSC2"
"S000002685",1309.76907680176,-1.15032582565344,0.189684593827809,-6.06441357434476,1.32435969309471e-09,3.14959618858615e-08,"S000002685","S000002685","MTH1"
"S000002691",754.359217541154,1.23362954663101,0.224481940158504,5.49545119647469,3.89712711964486e-08,6.90230953173283e-07,"S000002691","S000002691","GCN2"
"S000002692",537.271115014043,1.4400783390973,0.322958873158904,4.45901462626402,8.23373030087651e-06,8.96303938997928e-05,"S000002692","S000002692","DPP1"
"S000002693",189.017851701036,1.42890275415146,0.289016267574079,4.94402189241895,7.65271040829199e-07,1.03677905085988e-05,"S000002693","S000002693","ZIP1"
"S000002713",199.505699738637,1.8570108375789,0.258922068539705,7.17208404850256,7.38645679297493e-13,2.80585480898295e-11,"S000002713","S000002713","HNT2"
"S000002717",310.210823110395,-4.72897402075444,0.303325952458407,-15.5904035985938,8.45973873395818e-55,9.30115736342033e-52,"S000002717","S000002717","GIC2"
"S000002723",188.097833838608,1.52808126239583,0.301292899473474,5.07174667928197,3.94180878665114e-07,5.68519404516697e-06,"S000002723","S000002723","IPK1"
"S000002729",344.613857115185,-1.25840975747628,0.399780261506783,-3.14775360027355,0.0016453031798752,0.00993087768156937,"S000002729","S000002729","ASP1"
"S000002731",206.399668493717,1.95015196148757,0.374629791804138,5.20554425769516,1.93428837963758e-07,2.95056390716755e-06,"S000002731","S000002731","PEP7"
"S000002750",3585.90498459603,-1.52869812476108,0.313484965145331,-4.87646392882789,1.08004427086451e-06,1.42243440220204e-05,"S000002750","S000002750","HXT7"
"S000002751",15093.1445807672,-1.62627376940298,0.404900737995394,-4.01647519205431,5.90750794362079e-05,0.000528055103428218,"S000002751","S000002751","HXT6"
"S000002753",1001.58995468855,-2.07303376337091,0.243952578598062,-8.49769154023355,1.93398211551308e-17,1.43224903507919e-15,"S000002753","S000002753","HXT3"
"S000002761",1246.71793339734,-2.4328185052383,0.188539984383143,-12.9034619006567,4.30322016547603e-38,1.36679835166998e-35,"S000002761","S000002761","TRR1"
"S000002765",494.182314989843,1.49002122310042,0.280667775347994,5.30884324448356,1.10323163095217e-07,1.7837658033031e-06,"S000002765","S000002765","CNL1"
"S000002766",1398.24920677044,1.18245440740851,0.199028567586178,5.94112906377883,2.83065636692471e-09,6.28238687149921e-08,"S000002766","S000002766","GGA1"
"S000002767",595.247735608384,1.362679021045,0.323088365475287,4.21766664064303,2.46843386723801e-05,0.000240499831386727,"S000002767","S000002767","EAF1"
"S000002768",31.3025610067853,2.22688300735769,0.540186557698489,4.12243321426863,3.74891319849618e-05,0.000349988349745956,"S000002768","S000002768","OPI7"
"S000002777",445.376465122651,1.29571011684073,0.242011651409199,5.35391626517153,8.6070702434451e-08,1.42056414537599e-06,"S000002777","S000002777","XRS2"
"S000002782",135.018291130925,-1.632993608143,0.255913117501632,-6.38104691187855,1.75881414189086e-10,4.81584876054522e-09,"S000002782","S000002782","PHO92"
"S000113553",211.092912326937,-1.25968354923361,0.333540481554215,-3.77670363538423,0.000158917637573191,0.00127822723344605,"S000113553","S000113553","WIP1"
"S000002785",658.077561489342,1.2867098307683,0.236640212071566,5.43740989540346,5.40606734525951e-08,9.26485858103048e-07,"S000002785","S000002785","ATP17"
"S000007605",122.625197195562,-1.14214103535357,0.377749166078742,-3.02354349900932,0.00249833109528924,0.0141364395664961,"S000007605","S000007605","SDH6"
"S000002788",3633.71680850807,2.1908921862744,0.29391031804343,7.45428810005457,9.03543657479782e-14,3.84355639772575e-12,"S000002788","S000002788","ARO10"
"S000002790",1558.24869866455,-1.5883159641683,0.475556269945678,-3.33991172979325,0.000838050222998872,0.00551292796562131,"S000002790","S000002790","RPP2B"
"S000002791",211.773860645747,1.38098980904959,0.433571643455482,3.18514789861109,0.00144680045771286,0.00887515834424461,"S000002791","S000002791","NKP1"
"S000002792",1130.29963792683,2.35117580679164,0.415247535811314,5.66210658468543,1.49525896865379e-08,2.91875446455958e-07,"S000002792","S000002792","ATO3"
"S000002794",309.297840232507,1.03816156357044,0.33677141255218,3.082689102685,0.00205139347697776,0.0119044120854418,"S000002794","S000002794","MUS81"
"S000002803",783.401931290695,-1.03358406906586,0.31866618143005,-3.2434695907408,0.00118083414867173,0.00743837042175629,"S000002803","S000002803","SXM1"
"S000002808",157.289899571586,-1.43638356378496,0.376412206348909,-3.81598561246849,0.000135640408070086,0.0011129209830917,"S000002808","S000002808","URH1"
"S000002811",180.3313212205,-2.05870485689641,0.229486135827261,-8.97093347044737,2.94012010505239e-19,2.76468004352064e-17,"S000002811","S000002811","DIT1"
"S000002820",173.551026420209,-1.05612605571565,0.381873694136247,-2.76564233654398,0.00568108062444555,0.028135719114761,"S000002820","S000002820","RRP17"
"S000002821",158.194312231731,-1.02886652732824,0.354046988104564,-2.90601689012073,0.00366061688930581,0.0195013837556049,"S000002821","S000002821",NA
"S000002825",1305.26979906426,-1.14126059117774,0.417692678257499,-2.73229733386463,0.00628943526267166,0.0306808526311829,"S000002825","S000002825",NA
"S000002826",1912.72241623012,-1.2980709585881,0.399626498955498,-3.24821042143317,0.00116133352290951,0.00732198502114935,"S000002826","S000002826","RPL12B"
"S000002829",1000.45992606272,1.08107185854825,0.14475857177599,7.46810254677823,8.13594318956179e-14,3.47125480622109e-12,"S000002829","S000002829","ARO80"
"S000002830",833.995971217173,1.04575844904991,0.150349255709163,6.95552794137429,3.51244153796389e-12,1.23047369858132e-10,"S000002830","S000002830","SIP1"
"S000002832",119.587114124899,1.11113427822819,0.359750039965512,3.08862864430735,0.0020108261465843,0.011702254932056,"S000002832","S000002832","DYN2"
"S000002833",783.77225218993,1.43276399439306,0.20375678799204,7.03173626023702,2.03979103592791e-12,7.38094513329558e-11,"S000002833","S000002833","SNX41"
"S000002834",94.4291258946447,1.66144573332315,0.295589263651125,5.62079188127787,1.90084148323995e-08,3.61767341144455e-07,"S000002834","S000002834",NA
"S000002840",3036.44130777071,-3.25920856917285,0.28171845304695,-11.5690276370703,5.91492014836694e-31,1.38593366689522e-28,"S000002840","S000002840","NPL3"
"S000002841",69.7344931240032,-3.45478783337946,0.60064147140075,-5.75183033120005,8.82823780013072e-09,1.80002857171567e-07,"S000002841","S000002841",NA
"S000002850",58.9637137742006,1.33365436000392,0.315924753174755,4.22143040898794,2.42756903566375e-05,0.0002373272518929,"S000002850","S000002850",NA
"S000002851",770.46195432129,1.27292568485177,0.183728458935611,6.92829892672137,4.25931005990431e-12,1.47049078952204e-10,"S000002851","S000002851","SSN2"
"S000002860",1970.20036721155,1.14951810989141,0.125016066917591,9.19496300142892,3.75123669244279e-20,3.94238426802094e-18,"S000002860","S000002860","PPN1"
"S000002863",17.8951777758697,1.55686761375959,0.584758511757725,2.66241120472073,0.00775830361567469,0.0365506594591315,"S000002863","S000002863",NA
"S000002866",660.469494597247,1.34595218419929,0.135632008620971,9.9235585897766,3.28819157836034e-23,4.39234787191629e-21,"S000002866","S000002866","HEH2"
"S000002873",252.535488665447,-1.08216123753349,0.41353941307812,-2.61682732844877,0.00887512246341377,0.0407070663474938,"S000002873","S000002873","RMT2"
"S000002874",989.018058082947,1.09978557887754,0.168822768690659,6.51443870638518,7.2961966639231e-11,2.14136630220642e-09,"S000002874","S000002874","PKH3"
"S000002878",452.622705027627,1.59508205871512,0.231984366471259,6.87581703447563,6.1635567182257e-12,2.1025230590358e-10,"S000002878","S000002878","UGO1"
"S000002885",1269.46299292797,1.1185848643154,0.173001916385293,6.46573684088099,1.00806378910186e-10,2.88742599952562e-09,"S000002885","S000002885","SNF1"
"S000002890",195.899650144646,-1.87204796583192,0.256222325229431,-7.30634211579969,2.74512710151987e-13,1.08088434330643e-11,"S000002890","S000002890","CWC21"
"S000002898",659.106692215629,1.37592344235812,0.28067598123622,4.9021773658649,9.47801999119129e-07,1.26252879528515e-05,"S000002898","S000002898","PKH1"
"S000002905",3966.78110059259,-2.45067768776197,0.154992825845024,-15.8115556278223,2.58991859074716e-56,3.08480886812909e-53,"S000002905","S000002905","ITR1"
"S000002906",321.887659195763,1.02840498082101,0.324511058923881,3.16909070597263,0.00152916664296888,0.00929267807310977,"S000002906","S000002906","SEC20"
"S000002908",1001.82116855466,-1.17464295821322,0.453166177297404,-2.59207994122281,0.00953976013759828,0.0431903046077581,"S000002908","S000002908","RPL37B"
"S000002910",1225.89091493531,-3.66955291326328,0.262660953217514,-13.9706829976531,2.35358692240812e-44,1.29383914930689e-41,"S000002910","S000002910","SAM2"
"S000002914",272.712881558272,1.10587505752359,0.175464262184591,6.30256579747385,2.92758191137435e-10,7.85064320061417e-09,"S000002914","S000002914","GMC1"
"S000002915",554.940611415636,-1.38982924967673,0.303871553588543,-4.57373924364971,4.79096038595531e-06,5.45505082995439e-05,"S000002915","S000002915","GIN4"
"S000002921",1411.36651574692,1.52900782391316,0.173323638949844,8.82169237374265,1.12742628182492e-18,9.76624475522643e-17,"S000002921","S000002921","GRX2"
"S000002926",504.219143309762,1.83100512187051,0.429521238027479,4.26289775629993,2.01792864440298e-05,0.000201271836109224,"S000002926","S000002926","EUG1"
"S000002928",458.235208775701,1.04008654915785,0.307078455215541,3.38703849616477,0.000706514734079969,0.00475657800009656,"S000002928","S000002928","URC2"
"S000002931",66.3578474657586,1.38307049830445,0.329180297957574,4.20155916646842,2.65082945053394e-05,0.000256695835613019,"S000002931","S000002931","SPS1"
"S000002932",624.344954835284,1.11232759404446,0.177812289083653,6.25562833579608,3.95918607560671e-10,1.02515664091751e-08,"S000002932","S000002932","AGE1"
"S000028739",161.172992358079,-2.64195059819054,0.529421176294109,-4.99026241580268,6.02973219797974e-07,8.3188187553788e-06,"S000028739","S000028739",NA
"S000002934",79.0753214017555,-1.16273990591138,0.39053643354587,-2.97728920027845,0.00290809550709588,0.0160596944777066,"S000002934","S000002934",NA
"S000002935",487.383630921931,-1.06107409202075,0.303479756627028,-3.49635871536826,0.000471654186663665,0.00334890873819362,"S000002935","S000002935","RBA50"
"S000002936",162.619844880858,-1.53533238014823,0.320007291227459,-4.79780436957895,1.60414337400477e-06,2.03082561954386e-05,"S000002936","S000002936","HLR1"
"S000002943",14.2581718778754,-2.46055424976683,0.790720600546641,-3.11178720785294,0.00185958487571452,0.0109694785920708,"S000002943","S000002943",NA
"S000000730",236.000192365283,1.13911980323708,0.286836004883377,3.97132781046865,7.14731510123378e-05,0.000623666512466022,"S000000730","S000000730","YEA4"
"S000000745",83.9127906993144,1.68816099384493,0.434919645038875,3.88154688596334,0.000103794135278992,0.000870105322898904,"S000000745","S000000745","MMS21"
"S000000749",221.013706817346,1.38482561831626,0.428887306661806,3.22887993374038,0.0012427605897508,0.00776684613437176,"S000000749","S000000749",NA
"S000000750",1547.91835945809,1.16138543379832,0.297985963233506,3.89745013891222,9.72108286855053e-05,0.000823100048632115,"S000000750","S000000750","RIP1"
"S000000751",655.176776482026,1.25159024442612,0.334380486475219,3.74301221228372,0.000181827388307363,0.00144140813149037,"S000000751","S000000751",NA
"S000000752",233.342650974959,-3.81809403870156,0.421968211309575,-9.04829780151479,1.45214277244828e-19,1.41193718684376e-17,"S000000752","S000000752","SNU13"
"S000000766",573.003178642172,-4.1812031544888,0.318401788633475,-13.1318456860239,2.16319065262204e-39,7.7296209994817e-37,"S000000766","S000000766","UTR2"
"S000000775",52.1925054970007,1.86385774895362,0.330533535892039,5.63893689009035,1.71103226263698e-08,3.30483569322572e-07,"S000000775","S000000775","PAU2"
"S000000780",1404.2364157862,-1.16418595758276,0.4422205199305,-2.63259144502324,0.00847362088078375,0.0392842890849958,"S000000780","S000000780","RPL12A"
"S000000783",280.190221587833,2.5748370382178,0.522198266987153,4.93076519206669,8.19081400009665e-07,1.10340532048427e-05,"S000000783","S000000783","SDD1"
"S000000788",252.889922303946,1.08683591416179,0.228974742922144,4.74653186762758,2.06934134229706e-06,2.55857230150968e-05,"S000000788","S000000788","NPR2"
"S000000791",479.889937112289,3.37007929504475,0.35827979930475,9.40627772367984,5.14018256776548e-21,5.78493145205291e-19,"S000000791","S000000791","SIT1"
"S000000795",46.0659192746841,2.03672654009462,0.592087281981751,3.43990928715371,0.000581909190360354,0.00403357325791491,"S000000795","S000000795","HXT13"
"S000000803",624.555889426182,-2.72812371705133,0.360648538088407,-7.56449404040722,3.89377188190533e-14,1.72837520211406e-12,"S000000803","S000000803","MNN1"
"S000000804",613.08381060253,-1.09763006997431,0.183016509250551,-5.99743746872391,2.00455515299884e-09,4.62861176119749e-08,"S000000804","S000000804","NOP16"
"S000000805",857.11465158995,-1.45134307151033,0.192398038816527,-7.54344004979359,4.57733310377002e-14,2.01925376704274e-12,"S000000805","S000000805","PMI40"
"S000000806",4664.66787115712,-1.61182247242682,0.257551819572817,-6.2582453313676,3.89333023464847e-10,1.0136132794869e-08,"S000000806","S000000806","FMP52"
"S000000809",230.476720771601,1.00272149764359,0.231938932158642,4.32321339203955,1.53772866482362e-05,0.000156655422710791,"S000000809","S000000809","PAC2"
"S000000816",587.342009960269,1.13685315000708,0.206809583192445,5.49710091987946,3.86085769499691e-08,6.84655571148771e-07,"S000000816","S000000816","HEM14"
"S000000818",254.03684239669,-1.43095959466466,0.391416639736515,-3.65584762985019,0.000256333582613853,0.00196554500874453,"S000000818","S000000818","BIM1"
"S000000824",449.949985545961,1.31858764044443,0.254099141196972,5.18926445100532,2.11126382830245e-07,3.20003116627009e-06,"S000000824","S000000824","SRB4"
"S000000826",13370.4904619359,4.39313076799939,0.285721750114976,15.3755559954101,2.38784757040628e-53,1.89608362910094e-50,"S000000826","S000000826","YAT2"
"S000000828",974.268720891062,-1.17701954255674,0.16136091335306,-7.29432870760593,3.00151822867861e-13,1.17215027438534e-11,"S000000828","S000000828","CHO1"
"S000000837",741.652252689084,1.3662865047302,0.214447168278896,6.3712032930801,1.87550840973862e-10,5.1255529063851e-09,"S000000837","S000000837","EDC2"
"S000000838",1747.153770417,-1.06291043216512,0.391994373909149,-2.71154512133755,0.00669704256036477,0.0323709263832579,"S000000838","S000000838","ARB1"
"S000000839",2468.38740109014,1.04480678496155,0.37129414040447,2.81395979969785,0.00489353475414629,0.0249174535949458,"S000000839","S000000839","PHM8"
"S000000843",546.549629194372,1.54224226745494,0.271748608182141,5.67525360211319,1.38483342050674e-08,2.73767967901837e-07,"S000000843","S000000843","YEN1"
"S000000845",1531.23876475417,-4.39238438927113,0.424113172189503,-10.3566327982582,3.90466549123099e-25,6.2707172883331e-23,"S000000845","S000000845","SAH1"
"S000000846",258.403829068755,1.94589042324724,0.247743068384441,7.85446969691867,4.01467119385832e-15,2.04934626335061e-13,"S000000846","S000000846","ERG28"
"S000000847",513.238427009513,1.41926605561363,0.238433236146351,5.95246735963639,2.64129823969501e-09,5.90799307354628e-08,"S000000847","S000000847","ACA1"
"S000000848",149.339050118311,1.90870072732798,0.310441158878456,6.14834944639308,7.82933929321833e-10,1.94616950466034e-08,"S000000848","S000000848","SPO73"
"S000000856",1435.46816218146,1.52235545777411,0.36469160417007,4.17436387448114,2.9881982621857e-05,0.000285687744223547,"S000000856","S000000856","GIP2"
"S000002135",1156.34138833153,-1.14512938666804,0.412332136004502,-2.77720140313181,0.00548291926539856,0.0273347059797793,"S000002135","S000002135","RPL34A"
"S000000860",24.6979431048943,1.25198397116062,0.478470438835399,2.61663808156667,0.00888004397663507,0.0407070663474938,"S000000860","S000000860","PET117"
"S000000861",438.12017420489,1.0640489744635,0.229064652549352,4.64519061592993,3.39762597304086e-06,3.98051377316992e-05,"S000000861","S000000861","PCL6"
"S000002958",191.649867155606,1.24478114813948,0.245707561867958,5.06610842041736,4.06030713949092e-07,5.82670380971323e-06,"S000002958","S000002958","FCY22"
"S000000864",774.741195022498,-1.73520610115512,0.395037272426117,-4.39251235838676,1.1204825874729e-05,0.000117412445914591,"S000000864","S000000864","GPP2"
"S000000867",12254.3099689003,2.44414456259042,0.548274022646455,4.45788868637769,8.27708619925178e-06,8.99653179056317e-05,"S000000867","S000000867","ICL1"
"S000028749",177.088191978575,1.92765652604757,0.429684426240939,4.48621455264629,7.24997362703225e-06,7.97720346814256e-05,"S000028749","S000028749",NA
"S000000872",1656.12060340183,-5.07225701843671,0.375341414524836,-13.5137153059913,1.29801844971343e-41,5.98470248443679e-39,"S000000872","S000000872","RNR1"
"S000000874",687.953118893456,-1.69638426964308,0.249172299268251,-6.80807728076067,9.89117309453569e-12,3.25747781198614e-10,"S000000874","S000000874","VTC1"
"S000000875",2775.41564925083,-2.37032223111819,0.423323097219684,-5.59932176317823,2.15192055956673e-08,4.05770455908803e-07,"S000000875","S000000875","ALD5"
"S000000876",1773.04826958521,-1.20471161737305,0.446532825813247,-2.69792397721034,0.00697733726286858,0.033583531069417,"S000000876","S000000876","RPS24A"
"S000000877",521.937164481031,1.0647696840407,0.2827972694228,3.76513424692514,0.000166459623304463,0.00133214299881898,"S000000877","S000000877","PTP3"
"S000000879",431.151055492368,1.53941290505733,0.336677646776692,4.57236445542337,4.82251181448564e-06,5.47483410360948e-05,"S000000879","S000000879","MRX1"
"S000028751",91.2293108391256,1.5490290628858,0.283393028960421,5.46600976237188,4.60278999137826e-08,8.06221536112371e-07,"S000028751","S000028751",NA
"S000000890",3426.61622618525,-1.6249116236739,0.261522932931186,-6.21326629164663,5.18943936717506e-10,1.31745394094197e-08,"S000000890","S000000890","DOT6"
"S000000895",568.467291716452,1.02971238366055,0.166644162754839,6.17910862665754,6.44645309899267e-10,1.6193172960264e-08,"S000000895","S000000895","TSC11"
"S000000898",746.293438274086,1.26972644291348,0.16356784502893,7.76268980427604,8.31468018744058e-15,4.04223550745198e-13,"S000000898","S000000898","SHC1"
"S000000904",2256.89920964445,-1.62678586334269,0.445617174258888,-3.6506354721364,0.000261592288172842,0.0020015731128771,"S000000904","S000000904","RPS8B"
"S000000907",1051.56414801977,1.07272091418576,0.197038716878757,5.44421386404905,5.20346732875591e-08,8.98226552293577e-07,"S000000907","S000000907","NUP157"
"S000000908",26.2700898369031,2.11815835638858,0.566956926206223,3.73601284062651,0.000186961125257393,0.00147882421876254,"S000000908","S000000908","MAM1"
"S000000919",1791.84961442562,-1.07546724002598,0.363229717474277,-2.96084595584374,0.00306795344757496,0.0168113146423631,"S000000919","S000000919","RPL23B"
"S000000925",474.221211723734,1.0829109480598,0.338149700475287,3.20246017233702,0.00136259140560103,0.00843461193601366,"S000000925","S000000925","YCK3"
"S000000926",1277.75912145752,-3.45123856544758,0.256638638334104,-13.4478525441465,3.16943656967076e-41,1.37275020879709e-38,"S000000926","S000000926","DSE1"
"S000000929",179.102660609888,-1.62659363286325,0.584037337846556,-2.78508500648396,0.00535136917673357,0.0268375858396677,"S000000929","S000000929","LCP5"
"S000000930",92.7863054425005,1.41415167878229,0.310168152846796,4.55930651100984,5.13228181541652e-06,5.79886988045441e-05,"S000000930","S000000930","VFA1"
"S000000931",962.797309520742,1.12526729460607,0.157384467296021,7.14979892195827,8.69051064016107e-13,3.26877548894269e-11,"S000000931","S000000931","SAK1"
"S000000932",1651.4357481503,-2.06336851762891,0.380295751862435,-5.42569436425177,5.77296704922698e-08,9.8346862973303e-07,"S000000932","S000000932","COM2"
"S000000938",2160.31633689394,1.01782796284568,0.217444277554128,4.68086801039093,2.85662819860473e-06,3.43107452459306e-05,"S000000938","S000000938","GDI1"
"S000000949",482.442377753202,1.55634347944767,0.233952458054677,6.65239208165934,2.88367254447876e-11,8.99919905638316e-10,"S000000949","S000000949","SCC4"
"S000028759",311.781083573234,-1.46938782627167,0.223140979528715,-6.58502005940413,4.54823980576343e-11,1.37147661484761e-09,"S000028759","S000028759",NA
"S000000950",711.601865636124,-1.77866185650384,0.218928367322319,-8.12440104614304,4.49576933611246e-16,2.62277678045124e-14,"S000000950","S000000950","SPT15"
"S000000952",8419.37935225042,-3.84957972123453,0.443653994476195,-8.67698650111238,4.06393323017344e-18,3.26324705948702e-16,"S000000952","S000000952","SPI1"
"S000000954",884.800185572106,-1.17933083006507,0.202450264286436,-5.82528669064366,5.70146396179051e-09,1.19839741773341e-07,"S000000954","S000000954",NA
"S000000956",415.994650401593,-1.12381002815509,0.22002912068197,-5.10755133080517,3.26360455783013e-07,4.78918890606428e-06,"S000000956","S000000956","OXA1"
"S000000958",295.24825071143,-1.39388899740314,0.425982470564258,-3.27217454642391,0.00106723665938095,0.00680071938142307,"S000000958","S000000958",NA
"S000000962",863.758257867265,1.2328363137542,0.272864612781793,4.51812457902003,6.23897744169754e-06,6.92880377421779e-05,"S000000962","S000000962",NA
"S000000965",333.503040651356,-1.24083242997147,0.231645136100629,-5.35660903940778,8.47983334473256e-08,1.40605867745084e-06,"S000000965","S000000965","GCG1"
"S000000966",903.297081300409,1.45351162702256,0.156869290644961,9.26574998233568,1.93711125814823e-20,2.11352146661929e-18,"S000000966","S000000966","CHD1"
"S000028763",32.2327473556143,1.17063569788909,0.460403874603934,2.54262781540694,0.0110022353020805,0.0485804600471538,"S000028763","S000028763",NA
"S000000975",334.645307226539,1.1930914936487,0.211738245791634,5.63474722853231,1.7531528930816e-08,3.36519398551179e-07,"S000000975","S000000975","RAD24"
"S000000977",1142.97953832304,1.45518895599606,0.295216219063326,4.9292310585548,8.25538927268337e-07,1.11105723987254e-05,"S000000977","S000000977","TMT1"
"S000000989",24.6568516360713,1.92938045710607,0.517876211105703,3.725563012417,0.00019487976124987,0.00153213224837425,"S000000989","S000000989",NA
"S000000990",94.7216600993207,2.3754108393417,0.355099387768362,6.68942533038448,2.24048668231914e-11,7.10050468966462e-10,"S000000990","S000000990",NA
"S000002962",1062.55561877166,1.21909653845794,0.138317524111784,8.81375332797818,1.21024191317764e-18,1.03984541836505e-16,"S000002962","S000002962",NA
"S000001883",156.418155849992,1.68939123773814,0.210054030550878,8.04265089942633,8.79155227049466e-16,4.87045180628605e-14,"S000001883","S000001883","HXT10"
"S000001878",2740.83647935909,-1.70849568594548,0.297256169586887,-5.74755332520051,9.05440489678933e-09,1.84089060013954e-07,"S000001878","S000001878","MDJ1"
"S000001877",133.019641276073,-1.13247766833416,0.25941389583786,-4.36552430885192,1.26818196976181e-05,0.000131539367879576,"S000001877","S000001877","GNA1"
"S000001876",3876.16574772027,1.19608355329512,0.200882915251967,5.95413279319881,2.61454453245456e-09,5.85731739849107e-08,"S000001876","S000001876","LPD1"
"S000001867",228.333269545576,1.09078810308387,0.317163516229566,3.43919791296028,0.000583440530063114,0.00404222757934663,"S000001867","S000001867","GYP8"
"S000001864",1733.31399701877,1.00669755482956,0.262091933526949,3.84100930266155,0.000122529470411257,0.00101355970070779,"S000001864","S000001864","AGX1"
"S000001863",1193.75015523925,-1.93725391675648,0.219249210891045,-8.83585354256618,9.93368509771835e-19,8.76433093220298e-17,"S000001863","S000001863","HAC1"
"S000001861",964.396681928461,1.16190579406987,0.250739602539946,4.63391415755619,3.58815832367967e-06,4.18607985315018e-05,"S000001861","S000001861","RIM15"
"S000001857",900.19841867328,-1.3239086378827,0.202058791820173,-6.55209617931866,5.67349795192605e-11,1.68588994234676e-09,"S000001857","S000001857","TUB2"
"S000001849",1504.21467162092,-1.23073756739665,0.226444724978725,-5.43504631212883,5.478220199459e-08,9.37726961806796e-07,"S000001849","S000001849","SEC53"
"S000001848",251.108628651594,1.09679506768012,0.304870675885868,3.59757482248216,0.000321198112795372,0.00239233174892353,"S000001848","S000001848","FMP32"
"S000001843",32.4470751311433,1.56781738869545,0.470787935101793,3.33019874087568,0.000867840172126496,0.00567690598636339,"S000001843","S000001843",NA
"S000001841",189.996274701027,1.2501493724387,0.443606722660996,2.81814794180669,0.00483015487074383,0.0246210426417766,"S000001841","S000001841","DAK2"
"S000001836",66.4643792157192,2.62994367083568,0.395921281108355,6.64259234429968,3.08213435817155e-11,9.57672747420565e-10,"S000001836","S000001836","THI5"
"S000001835",389.860686343952,1.47990987086915,0.488716904889545,3.02815363263038,0.00246052961667295,0.0139501585922676,"S000001835","S000001835","SNZ3"
"S000001828",54.3396039160139,2.48742062383707,0.481427034792047,5.16676556170452,2.38179704287771e-07,3.57970821596751e-06,"S000001828","S000001828",NA
"S000001827",33.2242685757898,1.17765157606858,0.404766807901025,2.90945688500364,0.00362057321635361,0.0193526002174054,"S000001827","S000001827",NA
"S000001826",68.2390546641916,1.16297412389854,0.30279075426306,3.84085084344474,0.000122608600190567,0.00101355970070779,"S000001826","S000001826",NA
"S000001902",1219.31738305936,1.2347221403739,0.176231408095643,7.00625475172851,2.44782045394997e-12,8.76735010019236e-11,"S000001902","S000001902",NA
"S000001910",923.726219733691,1.44366327743201,0.166149680374245,8.68893201708371,3.65862500582769e-18,2.9711776822895e-16,"S000001910","S000001910","CMK1"
"S000001912",1582.13227185632,1.17514064712563,0.13950688005871,8.42353184754108,3.65301731459769e-17,2.55944002340906e-15,"S000001912","S000001912",NA
"S000001915",840.832901773554,1.1243042086346,0.124700706272269,9.0160211777776,1.95044724609729e-19,1.88363124922085e-17,"S000001915","S000001915","FAB1"
"S000001919",130.58478327188,1.11065428471785,0.436904623003558,2.54209780863043,0.0110189333892093,0.0486241478641458,"S000001919","S000001919","PES4"
"S000002104",3102.89905567627,-1.34384896344879,0.3967130333797,-3.38745856671307,0.000705433714029234,0.00475208053574472,"S000002104","S000002104","RPL2A"
"S000001932",73.0971171866258,1.06219280295419,0.413887400230154,2.56638110356471,0.0102765849636613,0.0459440816032567,"S000001932","S000001932","CDC26"
"S000001934",443.110565104604,1.05486989790398,0.247557450817913,4.26111148914631,2.03412721082148e-05,0.000202604740238825,"S000001934","S000001934","IRC5"
"S000001939",230.645750765728,1.1143985213622,0.208050860339653,5.3563754533045,8.49079803728461e-08,1.40624538061308e-06,"S000001939","S000001939","IRC6"
"S000001941",237.88004340179,1.44711468293533,0.252482116102605,5.73155320968255,9.95151201072838e-09,2.00616306303725e-07,"S000001941","S000001941",NA
"S000001945",363.138914853428,1.32132112586951,0.290112097577018,4.55451922517203,5.25055230146157e-06,5.92313686225652e-05,"S000001945","S000001945","YMR31"
"S000001952",63.3234213682734,-2.42205738380222,0.376797157313061,-6.4280139507259,1.29281879111987e-10,3.65182983823644e-09,"S000001952","S000001952","IRC7"
"S000002969",258.063318535926,-2.11357095612614,0.421518236513077,-5.01418627485782,5.32583723489046e-07,7.44107444753562e-06,"S000002969","S000002969","ERG26"
"S000002976",19844.155515898,-3.50400231297961,0.278563367939164,-12.5788338176068,2.76075222860956e-36,8.22071491739925e-34,"S000002976","S000002976","PMA1"
"S000002980",816.557951319857,-3.24822723922568,0.338325126156572,-9.60090453856049,7.92458811659414e-22,9.51816285298152e-20,"S000002980","S000002980","ERG4"
"S000002985",287.232006166589,1.19300496401471,0.250250831774001,4.76723675824622,1.86769785166494e-06,2.33144151911328e-05,"S000002985","S000002985","ATE1"
"S000002989",396.557406188532,2.16953989327643,0.208700744197789,10.3954583469061,2.60033710942304e-25,4.31567993557029e-23,"S000002989","S000002989","ALK1"
"S000002996",697.948091932674,-2.52053604971511,0.254664383775799,-9.89748158868628,4.26889320433454e-23,5.64956394162533e-21,"S000002996","S000002996","SCW11"
"S000002998",1653.32342557447,-1.17057367414066,0.434818028605267,-2.69210013645344,0.00710036228321161,0.0340441053720039,"S000002998","S000002998","RPL30"
"S000003001",17.3658956091207,3.4125892042177,0.741708213311312,4.60098613305413,4.20495424404532e-06,4.84154050600937e-05,"S000003001","S000003001","HOP2"
"S000003013",1581.75812441389,-1.24583617516685,0.309034020635204,-4.03138842968194,5.54483170567263e-05,0.000498755692694644,"S000003013","S000003013","RIM8"
"S000003023",6676.87071514752,1.96724416707613,0.53297613495399,3.69105488606156,0.000223325936498926,0.00173289772550442,"S000003023","S000003023","OLE1"
"S000003024",1215.42013926372,1.29348567087628,0.189408702085428,6.82907203647319,8.5465653472635e-12,2.84746057129224e-10,"S000003024","S000003024","SDS23"
"S000003026",247.611920626271,-1.29127318429466,0.246288430925672,-5.24293073548531,1.58045880666404e-07,2.45874060801981e-06,"S000003026","S000003026","RAD6"
"S000003027",1537.85887349044,1.81498426777626,0.274012334872777,6.62373198863091,3.50241549118111e-11,1.06995840164655e-09,"S000003027","S000003027","PKP2"
"S000003031",102.195856974087,-1.39951098706599,0.375026458763247,-3.73176599774122,0.000190142089624813,0.00150232221504005,"S000003031","S000003031","PUS2"
"S000003034",843.874334499135,1.17272676178411,0.156813538698024,7.47847903644615,7.51876917297176e-14,3.22720023391247e-12,"S000003034","S000003034","SGF73"
"S000003038",71.9185596686175,-1.28277249758628,0.465943504809199,-2.75306444739813,0.00590402725007033,0.0290386309309206,"S000003038","S000003038","RPB9"
"S000003044",3189.21744547836,-1.26110647797869,0.392124188533073,-3.21608948097912,0.0012995030656143,0.00809315787225496,"S000003044","S000003044","RPL7A"
"S000003045",672.32784617494,-1.70876435018251,0.270651637184893,-6.31351935630519,2.72760191788972e-10,7.32812297225521e-09,"S000003045","S000003045","HNM1"
"S000003049",108.205217242256,2.19886365875951,0.470348134936805,4.67497050680332,2.93995867239205e-06,3.51051205551374e-05,"S000003049","S000003049",NA
"S000003054",564.937876397299,1.43120305748663,0.185791689498247,7.70326736008358,1.32630455983424e-14,6.27710962705655e-13,"S000003054","S000003054","MAD1"
"S000003057",66.8672281147887,-2.10351473874215,0.29663177639674,-7.09133311438869,1.32826188815923e-12,4.93112913440518e-11,"S000003057","S000003057","MF(ALPHA)2"
"S000003063",743.918558645699,1.39359309351337,0.269854181519598,5.16424494764467,2.41411397720883e-07,3.62055075678012e-06,"S000003063","S000003063","VPS45"
"S000003064",362.823728918562,1.03013639571964,0.210536097860326,4.89292053091556,9.93505304055193e-07,1.3184931579258e-05,"S000003064","S000003064","TOS8"
"S000003065",384.090930007891,-1.75030404404322,0.437124714092829,-4.0041296856794,6.22462126985806e-05,0.000552570304398936,"S000003065","S000003065","SRM1"
"S000003070",3655.05384561253,-1.13356576624875,0.415780152235334,-2.72635853384157,0.00640373965695091,0.0311958592081797,"S000003070","S000003070",NA
"S000003072",432.09869908835,1.96944567382172,0.186888352216902,10.5380867799401,5.76599635628744e-26,1.01744920889403e-23,"S000003072","S000003072","VPS73"
"S000003078",564.326369966549,1.26263678286125,0.230549077292527,5.47665077513706,4.33451457860399e-08,7.62970651132843e-07,"S000003078","S000003078","CUE3"
"S000003085",1440.02717235632,1.98972759636144,0.534173128554943,3.72487399683338,0.000195412803993808,0.00153547839883645,"S000003085","S000003085",NA
"S000003088",443.355366149356,-2.17704747225059,0.417604508098389,-5.21318000651867,1.85630607833953e-07,2.83463491214817e-06,"S000003088","S000003088","PRP43"
"S000003089",1727.00790938957,1.05900633820091,0.207248735849581,5.10983255873523,3.22444451501205e-07,4.7365863774992e-06,"S000003089","S000003089","GPG1"
"S000028634",108.249315039767,-1.3593006417533,0.475490398590378,-2.85873415274637,0.00425335073032166,0.0221549351269998,"S000028634","S000028634",NA
"S000003091",5882.10881871651,-1.43332850264738,0.487133517117327,-2.94237298868137,0.00325707364302407,0.0176740142671765,"S000003091","S000003091","RPS2"
"S000003092",485.304570642871,1.32716018529904,0.199096005148233,6.66593076195038,2.62993230730885e-11,8.24333826060645e-10,"S000003092","S000003092","MON1"
"S000003094",383.392229493226,-1.21766852020644,0.176820668698519,-6.8864603282469,5.71977014801895e-12,1.95580561544581e-10,"S000003094","S000003094","SCS3"
"S000003113",513.893535982839,1.25585146940449,0.239294004188283,5.24815268006613,1.53631951387466e-07,2.4024742682506e-06,"S000003113","S000003113","TIP20"
"S000003114",260.400752645365,1.25022832111698,0.273709646645205,4.56771742041516,4.93064129408769e-06,5.58428336104559e-05,"S000003114","S000003114","RRT6"
"S000003115",1545.84152559216,-3.48829668576787,0.313716536594583,-11.1192630252571,1.01103683123106e-28,2.15682827295306e-26,"S000003115","S000003115","RPL9A"
"S000003116",1136.20780046136,-1.88817287481948,0.319697722562168,-5.90611925442262,3.50260467973273e-09,7.63151351942377e-08,"S000003116","S000003116","ARO2"
"S000003121",459.272934902871,1.10376597049294,0.282542374917708,3.90655019734446,9.36232009393674e-05,0.000796047835232825,"S000003121","S000003121","PEX14"
"S000003125",132.182984297596,-3.20676869364887,0.327804884197933,-9.78255312301138,1.33792211888398e-22,1.69229388010696e-20,"S000003125","S000003125","ARI1"
"S000003127",262.104530977096,1.25906994021951,0.280616410184834,4.4868008231956,7.23006068338824e-06,7.96142198364162e-05,"S000003127","S000003127",NA
"S000003128",543.554921593131,1.30709843318162,0.195621498903808,6.68177291609626,2.36068639850176e-11,7.44840854167455e-10,"S000003128","S000003128","AIM14"
"S000003129",570.153896755381,1.17908346028608,0.128825941551928,9.15253128432062,5.56148331449228e-20,5.67787721528844e-18,"S000003129","S000003129","YIP5"
"S000003133",874.419125987659,-2.62754932362308,0.310264442230745,-8.46874138954331,2.48058726784843e-17,1.79065827370493e-15,"S000003133","S000003133",NA
"S000003134",1239.55894226359,-2.59473779006387,0.316251273175175,-8.2046714437308,2.31222342902274e-16,1.41233373807787e-14,"S000003134","S000003134","CUP2"
"S000003143",45.1760836714226,-1.28693773066636,0.411730253208243,-3.12568173127531,0.00177393424919952,0.0105689213104664,"S000003143","S000003143","SAE2"
"S000003144",370.498975365691,-1.03012503979367,0.203878447940783,-5.05264313221019,4.35737589832431e-07,6.19085225792737e-06,"S000003144","S000003144",NA
"S000003146",748.289323517773,1.74333567882567,0.372746022237742,4.67700679502823,2.91092615383406e-06,3.48166255370295e-05,"S000003146","S000003146","MPT5"
"S000003155",1444.30921696282,1.39338563134586,0.340347274915577,4.09401142316033,4.23973408852491e-05,0.00039298650666204,"S000003155","S000003155","COX4"
"S000003180",174.878498219394,1.83183707816358,0.225159294193371,8.13573823246383,4.09435637791695e-16,2.41820808717219e-14,"S000003180","S000003180","VAM7"
"S000003193",637.413469624068,-2.90271167920318,0.386503514600015,-7.5101818471357,5.90452856487999e-14,2.56514975008601e-12,"S000003193","S000003193","VRG4"
"S000003196",1656.7898079635,1.1594330793586,0.136354212997982,8.50309685242922,1.84598769252107e-17,1.37420323381269e-15,"S000003196","S000003196","VID30"
"S000003202",561.978996808613,1.11351064957884,0.17829098983245,6.24546787600021,4.22533372009647e-10,1.08619954786581e-08,"S000003202","S000003202","SEC15"
"S000003210",371.757467785685,1.2656672376052,0.317327155663398,3.98852482372404,6.64854466573561e-05,0.000584425885039109,"S000003210","S000003210","KAP114"
"S000003219",332.528942313198,1.04073552066129,0.21309960401298,4.88379847293333,1.04061433453918e-06,1.3771759892193e-05,"S000003219","S000003219","RMR1"
"S000003220",379.944131315828,1.10983574402264,0.386358551907434,2.87255384549775,0.00407168685582149,0.021325254756415,"S000003220","S000003220","HFM1"
"S000003222",2464.96274162526,-1.7930918297074,0.437543819784015,-4.09808514857443,4.16582046528768e-05,0.000387139609300109,"S000003222","S000003222","HXK2"
"S000003224",11227.5343991269,2.18768541347918,0.279791666459316,7.818979890158,5.32531161308151e-15,2.70870743365744e-13,"S000003224","S000003224","ZRT1"
"S000003225",1412.18880865484,4.17984602870563,0.388314672331062,10.7640692627294,5.08729864916816e-27,9.44321553150137e-25,"S000003225","S000003225","ADH4"
"S000003226",503.626590608292,1.90098422779884,0.32023302065181,5.93625299455231,2.9160970415685e-09,6.45197755652299e-08,"S000003226","S000003226","MNT2"
"S000003227",19.8522194733758,1.64892895993073,0.558535778125741,2.9522351557567,0.00315482573261625,0.0172172295518457,"S000003227","S000003227","VEL1"
"S000003235",409.474794118922,1.47617038681272,0.264169033834017,5.58797662764754,2.29730553517349e-08,4.29782565631345e-07,"S000003235","S000003235","CUL3"
"S000003242",383.55489479847,1.229087206902,0.276490846797416,4.44530884526009,8.77656897347354e-06,9.48891833115411e-05,"S000003242","S000003242","NMA2"
"S000003243",32.0794671467401,1.12616738420234,0.418410285127139,2.69153848323815,0.00711232922187166,0.0340900474742494,"S000003243","S000003243",NA
"S000003246",791.917938654689,-1.22898672636136,0.312533593972506,-3.93233479556591,8.41247916586544e-05,0.000723028050016324,"S000003246","S000003246","MSB2"
"S000003248",67.9343314892739,1.61541837936233,0.284748710513495,5.67313676837801,1.40206202693841e-08,2.76028547534858e-07,"S000003248","S000003248",NA
"S000003252",337.312278898137,-1.03359231608009,0.408385674853893,-2.53092206637727,0.0113763122421516,0.0498509093273862,"S000003252","S000003252","VMA7"
"S000003266",1405.11186672573,-1.26010945403956,0.494944505510571,-2.54596109262728,0.010897733397576,0.0481785658680958,"S000003266","S000003266","RPL26B"
"S000003274",402.859937593499,1.23959087310529,0.270082945003896,4.58966734492401,4.43952955267081e-06,5.08854818735556e-05,"S000003274","S000003274","MTE1"
"S000003276",1484.93386270837,1.97652271576479,0.368116505853863,5.36928576777658,7.90490768764082e-08,1.31991642032068e-06,"S000003276","S000003276","RME1"
"S000003279",505.333053326285,1.01278335208053,0.306009880099431,3.30964265516998,0.000934151496181615,0.00606901242496537,"S000003279","S000003279","TFC4"
"S000003281",231.117347506807,-1.56795583558954,0.205299443272218,-7.63740909667494,2.21636414129896e-14,1.00886919336261e-12,"S000003281","S000003281","SCM4"
"S000003285",248.136236969733,2.21331607855112,0.286503999083866,7.72525369847711,1.11630789529956e-14,5.31846291583887e-13,"S000003285","S000003285",NA
"S000003291",105.066249823084,1.38084617991192,0.334160506684659,4.13228419364051,3.59175940679286e-05,0.000336857068249937,"S000003291","S000003291","SPR3"
"S000003298",348.916055316079,-1.13733241591974,0.292613819320559,-3.88680349602284,0.000101572912087519,0.000853989195568767,"S000003298","S000003298",NA
"S000003299",2573.13207393758,3.03374414848692,0.358875423306473,8.45347424612068,2.82760329646026e-17,2.02074669581533e-15,"S000003299","S000003299",NA
"S000003302",1119.8171745512,2.03767518456321,0.276430981879845,7.37137049800343,1.68882769702866e-13,6.79955331651566e-12,"S000003302","S000003302","ROM1"
"S000003303",358.728756921915,1.06877644718334,0.408088684069976,2.61898084633015,0.00881928992188536,0.0405449053887126,"S000003303","S000003303","ENV11"
"S000003309",528.870388060316,1.36118002739501,0.162848622694834,8.35856026824221,6.34882799916978e-17,4.28036785811951e-15,"S000003309","S000003309","PEX8"
"S000003310",107.455758980202,-1.64103448358313,0.332583984701316,-4.93419574925383,8.04816934124339e-07,1.08623686869114e-05,"S000003310","S000003310","PAC10"
"S000003311",212.057176732342,-1.28774901652255,0.363941531616619,-3.53834037792389,0.000402650646888277,0.00292730706814555,"S000003311","S000003311",NA
"S000003319",2418.88516599168,4.92633114209612,0.490718820600115,10.0390099896139,1.02699692455574e-23,1.49784357578319e-21,"S000003319","S000003319","PDC6"
"S000003321",511.355048261404,1.41548077367785,0.259248348183707,5.45994134039697,4.76291924303484e-08,8.30200057813378e-07,"S000003321","S000003321","NNF2"
"S000003332",1183.40777607266,1.29082614803841,0.20652039883047,6.25035664926271,4.09516453349323e-10,1.05844822201119e-08,"S000003332","S000003332","MDR1"
"S000003333",286.141028323825,1.13705091292284,0.180570586143795,6.29698854727852,3.03483693163655e-10,8.0927097507241e-09,"S000003333","S000003333","PCP1"
"S000007347",558.081512300368,1.47606947498446,0.197284567832733,7.48193075211002,7.32385369840709e-14,3.15300725636544e-12,"S000007347","S000007347",NA
"S000003342",1382.71320863077,-1.14063910799272,0.273779213637105,-4.1662735926499,3.0961909168481e-05,0.000294436838153759,"S000003342","S000003342","CLD1"
"S000003344",324.128565321145,1.26584861544963,0.194397848529115,6.51163901775408,7.43351870004788e-11,2.17274606911624e-09,"S000003344","S000003344","SHY1"
"S000003349",387.315089153864,1.12833399474995,0.244517835145193,4.61452635583801,3.93992778531757e-06,4.55609933944531e-05,"S000003349","S000003349",NA
"S000003354",344.59582746071,1.12175801254682,0.310844989690157,3.60873763371562,0.000307690592820651,0.00230373056217159,"S000003354","S000003354",NA
"S000003356",1984.801773245,-2.14300141792211,0.358211366514777,-5.98250535367561,2.19731286396259e-09,5.02499084233878e-08,"S000003356","S000003356","ASN2"
"S000003359",651.529052065843,1.75430925267785,0.422163556039366,4.15552036072546,3.2454803961424e-05,0.000306593861877484,"S000003359","S000003359",NA
"S000003361",115.116848128177,1.09349500828945,0.390233397519867,2.8021563895842,0.0050762259449246,0.0256466940370475,"S000003361","S000003361","SYF2"
"S000003368",867.210980534176,-1.96125995080927,0.245177157084844,-7.99935839916185,1.25069186384008e-15,6.72035293603994e-14,"S000003368","S000003368","LSB1"
"S000003369",132.201964094447,-2.08760001517297,0.305130120046546,-6.84167139859715,7.82744761112796e-12,2.64486308997286e-10,"S000003369","S000003369",NA
"S000003370",5043.46472531125,-2.48919445330732,0.27987623053451,-8.893911599972,5.8994632978423e-19,5.4051941612859e-17,"S000003370","S000003370","TPO2"
"S000003374",2501.59173946651,-2.55576151887175,0.423101083598918,-6.04054590721517,1.53593675465958e-09,3.62263102877052e-08,"S000003374","S000003374","BTN2"
"S000003375",2395.38782647523,1.53324714677937,0.134433513793235,11.4052448940491,3.93667868825554e-30,8.68459996967094e-28,"S000003375","S000003375","SKN1"
"S000003376",2767.44701409694,2.36372666390875,0.287857913537128,8.21143540875373,2.18559774139525e-16,1.34649778093803e-14,"S000003376","S000003376","THI4"
"S000003378",1359.55453963747,2.90542219937065,0.24585983171695,11.8173927765295,3.17382141340723e-32,7.82128094169474e-30,"S000003378","S000003378","ECL1"
"S000003380",1410.94689053902,-1.21966048260252,0.441844804019283,-2.76038208780042,0.00577337947130858,0.0285236476956148,"S000003380","S000003380","RPL24B"
"S000003383",21.1713055728657,-7.07056957667626,1.263171315479,-5.59747477640833,2.17496484109264e-08,4.09575394910897e-07,"S000003383","S000003383",NA
"S000003384",112.87797658335,-4.42146701623641,0.533748860718645,-8.28379663477559,1.19309279318687e-16,7.68147535721619e-15,"S000003384","S000003384","RSR1"
"S000003389",1436.28762630417,-1.57541893709758,0.216325375668954,-7.28263585455857,3.27359998283805e-13,1.27145555855175e-11,"S000003389","S000003389","CHO2"
"S000003392",256.911824686877,-1.85220774353756,0.695385697722235,-2.66356893678508,0.00773165681263287,0.0364714755191292,"S000003392","S000003392",NA
"S000003393",3344.22118194752,1.03126038008966,0.164131115075443,6.28314978312086,3.3178111775727e-10,8.79804733971179e-09,"S000003393","S000003393","RTS3"
"S000007368",545.417433577325,1.5767971877869,0.278082776475641,5.67024397472895,1.4259431214018e-08,2.79574829001316e-07,"S000007368","S000007368",NA
"S000007370",1079.89827647212,1.29083507664332,0.148883648641991,8.67009297808987,4.3176766924865e-18,3.44762865730221e-16,"S000007370","S000007370",NA
"S000029726",114.315880074796,-1.34901828216746,0.339673767680687,-3.97151152230163,7.14180457471414e-05,0.000623666512466022,"S000029726","S000029726",NA
"S000003400",294.287257520648,1.29390619212617,0.236152593131377,5.47911066725547,4.27468946087597e-08,7.5336789721702e-07,"S000003400","S000003400",NA
"S000003403",225.133598068377,1.25397333037655,0.241130179671006,5.20039976782437,1.98860337674788e-07,3.02695506537353e-06,"S000003403","S000003403","MSM1"
"S000003412",3831.90974274041,1.55957961821567,0.320761713735033,4.86211275047611,1.16139433875231e-06,1.51596431815404e-05,"S000003412","S000003412","RNR4"
"S000003417",792.165465137548,-1.74117428895396,0.328171102746779,-5.30569045958159,1.12247296901716e-07,1.81282555323867e-06,"S000003417","S000003417","TYS1"
"S000003421",3836.62772816959,-2.679326483323,0.338391455616386,-7.91783137207929,2.41688836564673e-15,1.27002152243341e-13,"S000003421","S000003421","CRH1"
"S000003425",929.754120734313,1.34259136391325,0.127934802987194,10.4943403402719,9.17160904946828e-26,1.59865619687866e-23,"S000003425","S000003425","PDX1"
"S000003435",84.6894554085464,-1.13557368253028,0.346201244402112,-3.28009705595199,0.00103771381049898,0.00663626107090019,"S000003435","S000003435","YCH1"
"S000003440",121.029433745455,-2.2902594480488,0.607601286643655,-3.76934594839328,0.000163675894250546,0.00131206929698433,"S000003440","S000003440","SER2"
"S000003443",881.458350452076,-1.52047988486765,0.384883651014686,-3.95049226138636,7.79906197125799e-05,0.000674769931932145,"S000003443","S000003443","ZPR1"
"S000003444",162.758247540323,1.16092076160249,0.289573123492535,4.0090763521167,6.09567065676936e-05,0.000542259292996898,"S000003444","S000003444","SLI1"
"S000003456",199.627988139825,1.19077421666995,0.321430462910938,3.70460909612007,0.000211716974008909,0.0016499840291763,"S000003456","S000003456","AZR1"
"S000003457",241.432995643801,2.45250289245552,0.317090261877184,7.73439990852012,1.03891978916722e-14,4.98298004918359e-13,"S000003457","S000003457","AMA1"
"S000003462",155.223382188664,2.03938717062128,0.547789649515689,3.72293849002868,0.000196917508122532,0.00154560238528026,"S000003462","S000003462","BNS1"
"S000003465",1008.67578478479,1.01023970669841,0.138161748934928,7.31200722693674,2.63180952571181e-13,1.04436044486176e-11,"S000003465","S000003465","PHO81"
"S000003466",1738.47309131627,-1.22820950039178,0.430209064036643,-2.85491311797924,0.00430486036691927,0.0223824551561939,"S000003466","S000003466","YHB1"
"S000003472",5306.75525788265,1.0103761915118,0.242625127856799,4.16435099050476,3.1223946775756e-05,0.000296337231916255,"S000003472","S000003472","PFK1"
"S000003475",1721.61008422806,1.5720886239598,0.472873104226491,3.32454650076021,0.000885624631396675,0.00578529838050853,"S000003475","S000003475","MPC3"
"S000003476",3180.56800184851,1.35295736511262,0.285646330868015,4.73647731095053,2.17465074795395e-06,2.67950716728498e-05,"S000003476","S000003476","LSC2"
"S000003479",169.491891041676,1.08178884868196,0.269434700089469,4.01503165079606,5.94378178856558e-05,0.000530633810768069,"S000003479","S000003479","CPD1"
"S000003480",1931.70812395088,1.64797378740969,0.269418956191004,6.1167699953576,9.5491034922742e-10,2.33308267034316e-08,"S000003480","S000003480","SOL4"
"S000003481",240.189821876328,-2.88806925433056,0.69310599805676,-4.16685075937555,3.08836539789194e-05,0.000294083988221649,"S000003481","S000003481","MGA1"
"S000003486",46288.1159988653,3.12589290947705,0.19026560362016,16.4291014770987,1.18400309565962e-60,1.53845056784208e-57,"S000003486","S000003486","ENO1"
"S000003488",5664.21639436021,1.3162555487553,0.193186132255299,6.81340597996878,9.53146608422554e-12,3.15354733198694e-10,"S000003488","S000003488","GND2"
"S000003491",267.650233398943,2.650445477853,0.313772619366627,8.44702601266842,2.98817165938304e-17,2.11435334294861e-15,"S000003491","S000003491",NA
"S000003492",1806.43863299958,2.13690483126395,0.323221392049367,6.61127290404583,3.81029304462442e-11,1.15138516885448e-09,"S000003492","S000003492","TNA1"
"S000003495",255.303660984801,1.21062546459907,0.241280577753145,5.01750068684628,5.23480144971543e-07,7.33539383537084e-06,"S000003495","S000003495","SAY1"
"S000003496",751.087401101892,-1.14701511119776,0.38143227956492,-3.00712648784234,0.00263730001389039,0.0147765304188692,"S000003496","S000003496","MES1"
"S000003503",719.725644610282,1.11050344249948,0.196929557473956,5.63908971687171,1.7095145509128e-08,3.30483569322572e-07,"S000003503","S000003503","SLH1"
"S000003510",255.682475962208,1.25803251757303,0.301255748117866,4.17596187104396,2.96729523374261e-05,0.000284259723698949,"S000003510","S000003510","CWC22"
"S000003511",2216.54784299124,-6.73995016349515,0.337789253241967,-19.9531219504699,1.40815064659619e-88,3.35444953196655e-85,"S000003511","S000003511","SCW4"
"S000003512",525.415407420209,-2.42557346835088,0.376664064685961,-6.43962006403019,1.19772938120268e-10,3.39665596141468e-09,"S000003512","S000003512","PXR1"
"S000003516",1040.29466122553,1.34214643922659,0.287421347036941,4.66961293259155,3.01767772705738e-06,3.59430564606926e-05,"S000003516","S000003516","ERV29"
"S000003517",1679.8655160951,-1.70158534846406,0.466688292035504,-3.64608535826437,0.000266265562402359,0.00202864268838855,"S000003517","S000003517","ZUO1"
"S000003518",1018.39732244942,1.18438030164606,0.30389656366804,3.89731389967216,9.72655133379726e-05,0.000823100048632115,"S000003518","S000003518","BIO2"
"S000003520",264.149481665017,1.38622043807461,0.17602028078975,7.87534499919586,3.3980389972651e-15,1.74705652474497e-13,"S000003520","S000003520","MAL13"
"S000003524",60.5397072308167,-1.16569724762891,0.338236047070998,-3.44640158174571,0.00056810545347561,0.00395515404117238,"S000003524","S000003524","MAL12"
"S000028771",27.1366879039774,2.32629626254202,0.665431063031872,3.49592375796649,0.0004724236631077,0.00334938066309442,"S000028771","S000028771",NA
"S000007372",478.59987817581,1.19466948278726,0.218860592089507,5.4585865430661,4.7993991667197e-08,8.35539735565466e-07,"S000007372","S000007372",NA
"S000001013",1782.71701988762,-1.30381906668965,0.296589639579983,-4.39603712569347,1.10245086154235e-05,0.000116033359087075,"S000001013","S000001013","AIM17"
"S000001020",313.669111898372,1.13537995796053,0.313045777247656,3.62688156327472,0.000286864792181199,0.0021671027878678,"S000001020","S000001020","WSC4"
"S000001027",963.635649467858,1.39782127964258,0.26587265800998,5.25748412832323,1.4603949390142e-07,2.29630636560285e-06,"S000001027","S000001027","VMR1"
"S000001028",483.018959025947,-3.19644424991411,0.387734463162721,-8.24390028124134,1.66686087546608e-16,1.0358453257842e-14,"S000001028","S000001028","MUP3"
"S000001030",221.811347925364,1.00835038323124,0.275439684851477,3.66087546090158,0.000251354921211725,0.00192943925288893,"S000001030","S000001030","CBP2"
"S000001032",602.318837947834,1.16691711540036,0.316658059287462,3.68510158252764,0.000228611442122328,0.00177006681595581,"S000001032","S000001032","ARN1"
"S000001036",143.843706602407,1.20268228613921,0.240303009943322,5.00485735248543,5.59034134142053e-07,7.76508734625109e-06,"S000001036","S000001036",NA
"S000001040",760.786247440053,1.03804942766638,0.194241943028278,5.34410545674607,9.08646587470264e-08,1.49065183063084e-06,"S000001040","S000001040","COS8"
"S000001041",44.0731902639109,3.14784730147135,0.556470440211036,5.6568095517842,1.54212718184377e-08,3.00294602317343e-07,"S000001041","S000001041",NA
"S000001043",620.615374157886,1.1867733706817,0.178549848765607,6.64673411311397,2.99667646748386e-11,9.33148077336533e-10,"S000001043","S000001043","OSH7"
"S000001045",472.623708924647,-1.37916231454933,0.196848377413791,-7.00621632074834,2.44849256627785e-12,8.76735010019236e-11,"S000001045","S000001045","TCD1"
"S000001046",427.016291609076,1.23638187343714,0.313560739436774,3.94303788050112,8.04559414262846e-05,0.000694837927979387,"S000001046","S000001046","NEM1"
"S000001052",2514.39755701381,-1.06477185807025,0.420000349925575,-2.53516897845188,0.0112393095829847,0.0493528269952689,"S000001052","S000001052","RPL27A"
"S000001055",200.83486922282,-1.1634464021074,0.284956112543383,-4.08289680724175,4.44777764582424e-05,0.000409350198916715,"S000001055","S000001055","ARD1"
"S000001056",36.7980582123141,1.35395245409088,0.382461371436882,3.54010249193054,0.000399971668661341,0.00291079178216728,"S000001056","S000001056","SPO13"
"S000001057",55.3092760466788,1.38348299755914,0.503800680830934,2.74609195699641,0.00603098565769887,0.0295613436232819,"S000001057","S000001057","MIP6"
"S000001059",366.705936227377,1.24191199252338,0.191597964456861,6.48186423088541,9.05961487995197e-11,2.62655325515524e-09,"S000001059","S000001059","YSC83"
"S000001062",1216.71839089643,-1.28389413499865,0.489932789773129,-2.62055155686391,0.00877876548630639,0.0404105942337447,"S000001062","S000001062",NA
"S000003531",50.7215689698409,2.68819692333842,0.931609046920642,2.88554188285745,0.00390740467144684,0.0206007137473219,"S000003531","S000003531","ECM12"
"S000001064",195.199766007899,1.97247696540507,0.701499948978312,2.81179915733116,0.00492652544281291,0.0250586577060943,"S000001064","S000001064",NA
"S000001065",496.383679517571,1.0665819698348,0.246202299309874,4.33213651060333,1.47669331594074e-05,0.00015119181636634,"S000001065","S000001065","MYO1"
"S000001067",685.877931197899,-1.9381495250273,0.358506822610725,-5.40617194092226,6.43859909102367e-08,1.08778837834517e-06,"S000001067","S000001067","THR1"
"S000001079",1303.30490857005,1.15573063904687,0.155114476352703,7.45082384457104,9.2759148379325e-14,3.93414394001689e-12,"S000001079","S000001079","PUT2"
"S000001080",106.11447260024,1.07354530644332,0.337832438056756,3.17774489808749,0.00148425281140569,0.00905667826691569,"S000001080","S000001080","RRF1"
"S000001085",240.096350944086,-1.44438543480574,0.265804997460379,-5.43400405788471,5.51033267495706e-08,9.42095513434944e-07,"S000001085","S000001085","DOG2"
"S000028647",52.5456055556681,-1.3726038920812,0.494909334240424,-2.77344514867122,0.00554661900856043,0.0275940917122709,"S000028647","S000028647",NA
"S000001096",1856.56097860115,1.5582955016257,0.154125593807013,10.110556353002,4.9601792186678e-24,7.46272016551778e-22,"S000001096","S000001096",NA
"S000001098",647.205302639785,1.25839548735838,0.172141829972491,7.31022487421838,2.66695680070331e-13,1.05300589923902e-11,"S000001098","S000001098","RSC30"
"S000028777",42.701329888623,1.81674506098926,0.407620625000782,4.45695077619239,8.31336826202445e-06,9.02910125905132e-05,"S000028777","S000028777",NA
"S000001105",314.554754378008,-1.46523787698223,0.417912863420199,-3.50608465360632,0.000454750562945709,0.00325312802611762,"S000001105","S000001105","PAN5"
"S000028778",172.183681587513,-1.38018643141654,0.323102620649669,-4.27166585229601,1.94018149245531e-05,0.000194467139352481,"S000028778","S000028778",NA
"S000001110",554.005479924472,-2.29683046382693,0.552041351244116,-4.16061307481883,3.17394422513249e-05,0.000300784996514625,"S000001110","S000001110","DYS1"
"S000028780",33.2711550753694,-1.84682735734999,0.547295278267775,-3.37446243496805,0.000739600094478061,0.00494670292483618,"S000028780","S000028780",NA
"S000001112",175.18353853659,-1.04012568775368,0.405865777755904,-2.5627331614523,0.0103851830275536,0.0462992579578364,"S000001112","S000001112","TRM5"
"S000001113",2209.3035406694,-1.66327550429104,0.295777817550488,-5.62339501341112,1.87240576456912e-08,3.56989042270651e-07,"S000001113","S000001113","PCL5"
"S000001115",1077.50649482555,1.01566048918064,0.18295504554554,5.55142103980854,2.83356698148099e-08,5.16583837580456e-07,"S000001115","S000001115","OSH3"
"S000001117",363.722183206725,1.00548754695309,0.228850261446831,4.39364823354896,1.11464124132833e-05,0.000117057805013268,"S000001117","S000001117","PPE1"
"S000001121",637.20002269422,1.06705282945477,0.191900177700951,5.56045774547233,2.69067993380764e-08,4.94953517296173e-07,"S000001121","S000001121","IRE1"
"S000001126",221.106006547027,-1.06895462674222,0.417402668058995,-2.56096740280333,0.0104381149519457,0.0464772514044114,"S000001126","S000001126","STE12"
"S000001128",484.34971593948,1.2938787151396,0.18922152916042,6.83790433826728,8.03600259851085e-12,2.69621091879144e-10,"S000001128","S000001128","NAM8"
"S000001131",410.877627693262,-2.00809224577191,0.561224143981015,-3.57805747900938,0.000346157337146477,0.00255427300972359,"S000001131","S000001131","GAR1"
"S000001134",868.055213572688,-3.24285131538813,0.404693971416851,-8.01309518902585,1.11856996218775e-15,6.05595472331422e-14,"S000001134","S000001134","HXT4"
"S000001139",4681.20525747379,-1.49995047298553,0.385894997515194,-3.8869394074653,0.000101516081050027,0.000853989195568767,"S000001139","S000001139",NA
"S000001147",108.440449211443,1.85630188434959,0.379952630073746,4.88561398822084,1.0310703200994e-06,1.36580983180544e-05,"S000001147","S000001147","YPT35"
"S000001148",1717.121730697,1.07912336145215,0.316732596052005,3.40704864261891,0.000656694225343329,0.00448025325194854,"S000001148","S000001148","TRR2"
"S000001158",83.7460249452605,-1.36650021749275,0.287247519815335,-4.75722198879642,1.96275292510338e-06,2.43521072556446e-05,"S000001158","S000001158","COX23"
"S000001165",195.115542677809,-2.58487289795156,0.403688182625673,-6.40314234897589,1.52211154813382e-10,4.23259540028729e-09,"S000001165","S000001165","EPT1"
"S000001180",2313.50879684083,-1.10032431392993,0.323065551976941,-3.40588560803433,0.00065949805998882,0.00449509097349557,"S000001180","S000001180",NA
"S000001182",274.43935132026,2.36782180874999,0.291119282083702,8.13351074446935,4.17033107222676e-16,2.45179694687677e-14,"S000001182","S000001182",NA
"S000001186",1904.37690401221,-4.53847153690203,0.331051331612802,-13.7092683324719,8.93543353059328e-43,4.40393625699206e-40,"S000001186","S000001186","DSE2"
"S000001187",66.3298254301513,-2.53238184062601,0.528994335763082,-4.78716248818245,1.69155877207793e-06,2.13393199729125e-05,"S000001187","S000001187","DCD1"
"S000001189",3268.08172497231,-1.5337362862836,0.202050830589244,-7.59084375852719,3.17829005861477e-14,1.42853144049626e-12,"S000001189","S000001189","CRP1"
"S000001192",172.861568037463,-3.23969883635643,0.438073589069722,-7.39533018467546,1.41057322057208e-13,5.79348363265423e-12,"S000001192","S000001192","SKG6"
"S000001195",126.518573804422,1.08276806645856,0.3326570975335,3.25490745421272,0.00113429321571908,0.00717682732725664,"S000001195","S000001195","SPO12"
"S000001196",29.3743820022682,-2.43111480310882,0.548486772381041,-4.43240370693916,9.31883245997126e-06,9.98456314470534e-05,"S000001196","S000001196","SPO16"
"S000001198",611.675909439196,1.24341543291676,0.17573274853355,7.07560453753085,1.48798640071303e-12,5.49555287477811e-11,"S000001198","S000001198","LAM1"
"S000001206",308.281381705605,-2.47162194925744,0.269530672777028,-9.17009527632543,4.72601149275733e-20,4.85963181769644e-18,"S000001206","S000001206","SOL3"
"S000001209",296.785518045983,1.08904088684767,0.14617179420968,7.4504174538999,9.30453427077525e-14,3.93460675539025e-12,"S000001209","S000001209","CDC23"
"S000001214",486.513541640754,1.76456670126415,0.239861527174904,7.35660579688317,1.88645379305767e-13,7.57390001802622e-12,"S000001214","S000001214","ATG7"
"S000001220",71.8194946681646,1.01689021057914,0.3678864666973,2.7641413931539,0.00570728024361233,0.0282396756396254,"S000001220","S000001220",NA
"S000001222",936.070961354541,-3.18045600204999,0.250453010045444,-12.6988132483331,6.00331450087103e-37,1.86533422089021e-34,"S000001222","S000001222","OYE2"
"S000028784",179.06606347955,-2.13262927082767,0.289046542514555,-7.37815180999884,1.60501900696885e-13,6.49873559960505e-12,"S000028784","S000028784",NA
"S000001226",1179.07111422554,-2.98237449391828,0.220960579873852,-13.4973147500832,1.62180249503692e-41,7.24388220673835e-39,"S000001226","S000001226","GND1"
"S000001227",62.4469799564077,2.62244303194843,0.428896781663051,6.11439195645135,9.69258109964608e-10,2.36006919347941e-08,"S000001227","S000001227","SSP1"
"S000028785",46.1842565613042,2.08293436471137,0.35235585979266,5.91145090062375,3.39107350424383e-09,7.39978833529115e-08,"S000028785","S000028785",NA
"S000001237",691.368754069234,1.58110255850813,0.156700520720935,10.0899636531769,6.11921721601397e-24,9.1106220488008e-22,"S000001237","S000001237","MDM31"
"S000001251",2997.04168018143,-1.53007900149448,0.360887987654967,-4.23976151557958,2.23757379523299e-05,0.000220563050036311,"S000001251","S000001251","BAT1"
"S000001259",30.5590544365003,-6.55394412447579,0.987026043722032,-6.64009239286245,3.13486585680042e-11,9.67745954454609e-10,"S000001259","S000001259","IMD2"
"S000001263",298.305003104509,1.68389163555316,0.413512997234913,4.07216132700312,4.65788984485163e-05,0.000427037970188995,"S000001263","S000001263",NA
"S000001264",494.152985825001,1.18851654197486,0.258810750004847,4.59222247125594,4.38550499258277e-06,5.03470063124381e-05,"S000001264","S000001264","INP51"
"S000001268",151.155942650173,1.00501873910401,0.397234475226671,2.53003906201877,0.0114049828653499,0.0499575299094226,"S000001268","S000001268","YIA6"
"S000001269",326.916838523168,1.37800990352726,0.17100473917093,8.05831411578513,7.73538369583712e-16,4.31882184236719e-14,"S000001269","S000001269","NAS2"
"S000003536",86.869113482875,1.08949498315274,0.329942723481896,3.30207307394224,0.000959730638493045,0.00620979176821235,"S000003536","S000003536",NA
"S000001276",664.741145611806,1.5545818555536,0.280955358019985,5.5331988203016,3.1444269412382e-08,5.70346373998954e-07,"S000001276","S000001276","MNT3"
"S000001278",97.7078477692385,-1.14756277986875,0.319724641700406,-3.58922219371524,0.000331666065300984,0.0024634239552054,"S000001278","S000001278","SNL1"
"S000001279",1419.73080439744,1.44809538799712,0.191261705565626,7.57127718648438,3.69572525004031e-14,1.65071878121332e-12,"S000001279","S000001279","VID28"
"S000001280",4925.80192896581,-1.39443171094579,0.44556747273312,-3.12956352579402,0.00175066214640279,0.0104476885421858,"S000001280","S000001280","RPL2B"
"S000001286",356.18533176402,1.54918297311005,0.200966218722147,7.70867354205397,1.27132157028337e-14,6.03687681198012e-13,"S000001286","S000001286",NA
"S000001290",22.8045433693505,2.30783197288363,0.516258043036486,4.47030705673776,7.81073789871988e-06,8.541612607988e-05,"S000001290","S000001290",NA
"S000001291",66.6304966821885,1.99421228157997,0.340396046270366,5.85850600625374,4.6704972639718e-09,9.94864640744395e-08,"S000001291","S000001291",NA
"S000001292",1518.81130653433,1.08395644645396,0.1600030326759,6.7745993830605,1.2475145515008e-11,4.06166867530771e-10,"S000001292","S000001292","SSM4"
"S000001296",1088.9500284166,-1.1008615702471,0.103433567909383,-10.6431750591022,1.87624696374271e-26,3.39458200668032e-24,"S000001296","S000001296","CAP2"
"S000001298",1266.08284373033,1.30821417220478,0.253386815687969,5.16291334516698,2.43135711889678e-07,3.63508235359745e-06,"S000001298","S000001298","CST6"
"S000001299",133.501195402444,1.00265664526723,0.272613333349249,3.67794426247932,0.00023512132082069,0.00181359365271998,"S000001299","S000001299","PRM2"
"S000001307",1970.5132177117,1.09299507525605,0.175969778083968,6.21126586142821,5.25594610140454e-10,1.33197229835771e-08,"S000001307","S000001307","PIG2"
"S000001309",4348.6035298758,-1.65164928164383,0.296857573741741,-5.56377679984921,2.6399757325976e-08,4.86879653497001e-07,"S000001309","S000001309","SYG1"
"S000028790",110.261530833721,-1.06694814208323,0.409513862210284,-2.60540177156533,0.00917665823449646,0.0418112770626898,"S000028790","S000028790",NA
"S000001313",1043.56841130274,-1.21119126983726,0.211668692490725,-5.72210871426026,1.05209946507668e-08,2.11203056942992e-07,"S000001313","S000001313","MMF1"
"S000001328",363.357213705226,1.84123408996396,0.186927106815861,9.85001116920793,6.85363591206736e-23,8.90536528101626e-21,"S000001328","S000001328","RNR3"
"S000001330",480.44554458681,1.13964249173114,0.244441367923506,4.66223250758345,3.12797510541425e-06,3.70714329864726e-05,"S000001330","S000001330","SEC6"
"S000001334",208.873736242609,1.09678187541127,0.29607976667124,3.70434591914924,0.000211936883016634,0.00165079774875027,"S000001334","S000001334","HOP1"
"S000001335",411.707623019135,1.27636079299775,0.20125961733008,6.341862366281,2.27004076841002e-10,6.13340126708591e-09,"S000001335","S000001335","SPO22"
"S000001341",123.243172820306,-1.00597007526487,0.352912371545335,-2.85048118562669,0.00436531329017026,0.0226473404197472,"S000001341","S000001341","AIR1"
"S000003537",625.777934126052,1.23761889928464,0.197250839638362,6.27434033514727,3.51119730243655e-10,9.27644048867386e-09,"S000003537","S000003537",NA
"S000001345",802.390645577273,2.42836231127091,0.328510473915672,7.39203923188845,1.44593846050867e-13,5.92171874385398e-12,"S000001345","S000001345","CAB2"
"S000001369",2954.03823139072,1.4402491023098,0.176096568634674,8.17874597714454,2.8681302060498e-16,1.71523786757614e-14,"S000001369","S000001369","PFK26"
"S000001375",97.503920923222,1.06211527535766,0.340438661045997,3.11984329892003,0.00180947272098372,0.0107314496269794,"S000001375","S000001375","SDP1"
"S000001377",1377.16659646795,1.02852682620778,0.150414383871707,6.83795525223863,8.03314788948945e-12,2.69621091879144e-10,"S000001377","S000001377","NUP159"
"S000001380",192.843613843448,-1.49581046347334,0.425893565258511,-3.51216967217011,0.000444464144412935,0.00318911948599101,"S000001380","S000001380","RHO3"
"S000001383",395.275360471572,-1.59460992011432,0.262827176906682,-6.06714244273335,1.30206070769889e-09,3.11209928012379e-08,"S000001383","S000001383","QDR2"
"S000001384",405.107037954587,1.15296599000459,0.223035219164881,5.16943464947679,2.34803222616456e-07,3.53639879963858e-06,"S000001384","S000001384","POG1"
"S000001385",956.314902812405,-1.8220042517821,0.224024174905085,-8.13306980174816,4.18553456263858e-16,2.45179694687677e-14,"S000001385","S000001385","SIM1"
"S000001386",1493.92629193045,2.11426380088822,0.246185928750633,8.58807735932706,8.84367196221848e-18,6.79583889010692e-16,"S000001386","S000001386","AYR1"
"S000001389",98.8905070750969,-1.29683033949408,0.399957746850539,-3.24241835470359,0.00118519901781222,0.00745421983498024,"S000001389","S000001389","RRT14"
"S000001398",14312.7415628001,1.34335817718637,0.223302569537568,6.01586528972011,1.78928324411116e-09,4.16518329121838e-08,"S000001398","S000001398","OM45"
"S000001399",1553.29565391525,2.07619202587798,0.337711830455319,6.14782142242028,7.85544017653024e-10,1.9492674729713e-08,"S000001399","S000001399","TMA108"
"S000001402",656.759372429672,-1.17697623892554,0.19938103472814,-5.90315042015087,3.56624835895671e-09,7.7583543066314e-08,"S000001402","S000001402","AXL2"
"S000001406",561.701952991654,1.19920704745152,0.1977368960988,6.06466001596553,1.32233069695388e-09,3.14959618858615e-08,"S000001406","S000001406","NDC80"
"S000001411",779.918511848783,1.12664286548723,0.200662625439408,5.61461240238497,1.97003334707964e-08,3.7443732220491e-07,"S000001411","S000001411","MLP2"
"S000001412",160.375969605391,1.29617512707599,0.29384223620813,4.4111259967335,1.02834454696153e-05,0.000108875026738675,"S000001412","S000001412","MCM10"
"S000001420",31.8808724022811,-1.75543942671232,0.618265169651861,-2.83929859367751,0.00452128270390914,0.0233177574035058,"S000001420","S000001420","AIM20"
"S000001424",803.928303999804,-1.84748959314528,0.205311682225571,-8.99846308363248,2.28899465274983e-19,2.18110670478356e-17,"S000001424","S000001424","SUC2"
"S000001446",272.251463100031,1.21475857103192,0.235149393198873,5.16590136383877,2.39282960230137e-07,3.59251192286696e-06,"S000001446","S000001446","EGH1"
"S000001451",428.264076119953,-1.4628924024253,0.532133018891976,-2.74911037370201,0.00597572602045719,0.0293362224678926,"S000001451","S000001451","SQT1"
"S000001453",137.106763551032,2.36791943932464,0.315619346070403,7.50245341043338,6.26342796037936e-14,2.70462766881275e-12,"S000001453","S000001453",NA
"S000001454",82.8560024528368,1.53508767752142,0.290709515545701,5.28048651809645,1.28841305175309e-07,2.04614308318966e-06,"S000001454","S000001454","RPR2"
"S000001455",983.568508062018,1.41899703522109,0.310546340658911,4.56935680584832,4.8922328555404e-06,5.54517717717993e-05,"S000001455","S000001455",NA
"S000001456",324.132697693733,1.34167363989308,0.280422256104046,4.78447630560133,1.71433718331453e-06,2.15885650758719e-05,"S000001456","S000001456","MET28"
"S000028799",360.624567878974,1.20327724502732,0.249513320219244,4.82249702729302,1.41772143276408e-06,1.81898495857245e-05,"S000028799","S000028799",NA
"S000001458",269.936340947569,1.02261661996951,0.386720039884699,2.64433314672392,0.00818520505424358,0.0382323973334325,"S000001458","S000001458","FLO11"
"S000001465",166.301004643692,-1.14981850872662,0.355282257187131,-3.23635218327551,0.00121067911618301,0.00758625015677501,"S000001465","S000001465","YVH1"
"S000001467",153.833946843756,1.13864938034424,0.235272419544165,4.83970616934339,1.30031234870575e-06,1.68041269439885e-05,"S000001467","S000001467","DAL4"
"S000001472",771.31513071914,1.43661336724649,0.156656316693162,9.17047839226512,4.70924448581887e-20,4.85963181769644e-18,"S000001472","S000001472","MGA2"
"S000001473",835.606472025079,-1.1622609221216,0.396273566113354,-2.93297615967939,0.00335729670666495,0.0181730354276177,"S000001473","S000001473","LYS1"
"S000028803",73.4855771191832,1.50831978126717,0.325075098043508,4.63991179375202,3.48557920558941e-06,4.07353913209235e-05,"S000028803","S000028803",NA
"S000001477",7822.34915554679,-1.48364036893177,0.255272341217794,-5.81199029183484,6.17344215902913e-09,1.29355556096908e-07,"S000001477","S000001477","GTT1"
"S000003553",2072.00053496421,1.29014263623433,0.231872620436561,5.56401456025854,2.63637934428001e-08,4.86879653497001e-07,"S000003553","S000003553","TPH3"
"S000028659",21.7903106124129,1.68145948543847,0.585714043761474,2.8707856732273,0.00409453037983993,0.0214370412890301,"S000028659","S000028659",NA
"S000028660",37.3908184710561,1.67941041781263,0.517963193773329,3.24233543618849,0.00118554393982542,0.00745421983498024,"S000028660","S000028660",NA
"S000003563",4515.50124329212,2.02733950813313,0.325173504213212,6.23463929829853,4.52820238549866e-10,1.15781031656408e-08,"S000003563","S000003563","RNR2"
"S000003566",482.259701385993,1.43431917968344,0.170092168899179,8.432599742635,3.3806943328055e-17,2.38030857629503e-15,"S000003566","S000003566","VPS53"
"S000003571",3671.43342862585,-1.31926038982771,0.221700016889819,-5.95065534200369,2.67070953738659e-09,5.96392641611418e-08,"S000003571","S000003571","KAR2"
"S000003572",45.2133100514952,-1.23755876972182,0.374813641484569,-3.30179756750601,0.000960673751880735,0.00621308141883772,"S000003572","S000003572","TAD2"
"S000003575",68.3093472165026,1.29378717498604,0.366498373984035,3.53013073679393,0.000415354367586736,0.00300590378527454,"S000003575","S000003575","LOH1"
"S000003576",688.060974630078,1.09892326107037,0.238023454489262,4.61686964181062,3.89571809297636e-06,4.50862337675393e-05,"S000003576","S000003576","NUP192"
"S000003580",468.94528461991,1.07814636373882,0.157943286325823,6.82616139513965,8.72168059277079e-12,2.89231973810842e-10,"S000003580","S000003580","GYP6"
"S000003581",1982.33193634328,2.05089656524955,0.112731950816487,18.192682291005,5.89817344641582e-74,9.36695478551349e-71,"S000003581","S000003581",NA
"S000003582",231.794458296017,1.50715756380252,0.265768146139308,5.67094885409069,1.42008792477126e-08,2.7880929544994e-07,"S000003582","S000003582","AIM22"
"S000003583",461.120288087909,1.630221151868,0.214714280069613,7.59251388095593,3.13757859090826e-14,1.41468172870195e-12,"S000003583","S000003583","RTT101"
"S000003584",3389.94667864778,-1.54095540650432,0.369253590740939,-4.17316295668856,3.00399922168549e-05,0.000287006422964911,"S000003584","S000003584","UBX6"
"S000003587",300.993340508496,1.23214963574842,0.220967637680105,5.57615426713391,2.4589388676869e-08,4.57625172341782e-07,"S000003587","S000003587","IRC8"
"S000003588",37250.5559273389,3.32176621594914,0.299955486474352,11.0741972250378,1.67373414180961e-28,3.41752601269782e-26,"S000003588","S000003588","TDH1"
"S000003589",468.604547160653,1.11094647836665,0.199931011514401,5.55664911587079,2.75002795506958e-08,5.04571881409621e-07,"S000003589","S000003589","PEP8"
"S000003592",1791.92668115694,1.85035920586855,0.446318480926313,4.14582699337973,3.38589416158711e-05,0.000318804909430596,"S000003592","S000003592","ZAP1"
"S000003596",517.109819839592,-1.00482644004517,0.326592036148824,-3.07670221201378,0.00209304284176604,0.0121214997315081,"S000003596","S000003596","BNA3"
"S000003605",332.803925754929,-1.44698522741364,0.340406650902842,-4.25075486502945,2.1305124735394e-05,0.000210692116060289,"S000003605","S000003605","UTP18"
"S000003606",623.870591462964,1.10056383302204,0.2922534402398,3.76578572392168,0.000166026136309377,0.00132941824440892,"S000003606","S000003606",NA
"S000003607",419.97098371674,1.10039624658496,0.233680905142008,4.70896946379184,2.48972363271004e-06,3.03631568961814e-05,"S000003607","S000003607","ARG2"
"S000003611",67.9947048813282,-1.41334865473129,0.265436847655172,-5.32461362172056,1.01167849258197e-07,1.64504217229511e-06,"S000003611","S000003611","APQ13"
"S000003613",84.359609122928,1.00789018372618,0.255612234532731,3.9430435932327,8.04540242065238e-05,0.000694837927979387,"S000003613","S000003613","ICS3"
"S000003616",798.482045301099,-1.47524387894536,0.426571364492375,-3.45837531945192,0.000543443742633572,0.00379825985988344,"S000003616","S000003616","SCP160"
"S000003619",251.274841481317,1.04415349568301,0.174826141232144,5.97252498009737,2.33609361543099e-09,5.29996603894525e-08,"S000003619","S000003619","TAX4"
"S000003620",1075.03331667074,1.00419095730244,0.167494023618379,5.99538380897939,2.03005401427003e-09,4.67992935902606e-08,"S000003620","S000003620","ALY2"
"S000003621",304.822734283131,1.31539458197713,0.397101312919833,3.31249114314232,0.000924690538556626,0.00601027824810817,"S000003621","S000003621","EXO70"
"S000003625",940.753033718997,3.09098979524958,0.324997118590366,9.51082215330512,1.8916154577879e-21,2.19811867789939e-19,"S000003625","S000003625","SIP4"
"S000003626",473.388533319577,1.21675049207553,0.218576593697096,5.56670076834353,2.59607634047054e-08,4.80644030237636e-07,"S000003626","S000003626","DPB11"
"S000003633",196.25847997545,-1.86092449349972,0.223119998967097,-8.34046478179727,7.39990999597986e-17,4.96558279683287e-15,"S000003633","S000003633","PHS1"
"S000003635",334.94505878157,1.28276135160967,0.252092073841392,5.08846363974434,3.60975972926482e-07,5.23268720186431e-06,"S000003635","S000003635","CHS6"
"S000003639",991.20224355454,1.07802871355488,0.199855393696458,5.39404363132775,6.88894784374518e-08,1.15976126655654e-06,"S000003639","S000003639","GSM1"
"S000003641",147.478978434615,1.36174228996334,0.305317800095173,4.46008155940748,8.19284691296728e-06,8.92533238773181e-05,"S000003641","S000003641","SET4"
"S000003643",72.8237339426884,-2.49996228763108,0.374595810405205,-6.67375933790301,2.49332371538264e-11,7.83232436570639e-10,"S000003643","S000003643",NA
"S000003644",142.072120576547,-1.7902133196464,0.289262226340214,-6.18889421649148,6.05877232591204e-10,1.52730216674181e-08,"S000003644","S000003644","PRM10"
"S000003649",304.843200356363,1.5564795381783,0.301998650870393,5.15392877978877,2.55084854849058e-07,3.80180170006004e-06,"S000003649","S000003649",NA
"S000003659",1606.54004642393,1.09151733584059,0.191649711508164,5.69537687926075,1.23099692114526e-08,2.44369986026795e-07,"S000003659","S000003659","MTC1"
"S000003667",275.849597340129,1.09138858758847,0.2124847756715,5.1363142801146,2.8017896370172e-07,4.16278370913585e-06,"S000003667","S000003667","AIM23"
"S000003668",1027.19290764896,2.81059410087215,0.319304278625797,8.80224378128668,1.34107476194068e-18,1.13420009304249e-16,"S000003668","S000003668",NA
"S000003669",515.194634621153,1.15910606521344,0.286866744613839,4.04057314755585,5.33207306274814e-05,0.000481705413232817,"S000003669","S000003669","MRS3"
"S000003672",1029.87618495315,-1.22399614929391,0.473766599826142,-2.58354250751969,0.00977914156736986,0.0440925143288383,"S000003672","S000003672","RPS21B"
"S000003682",420.847688741318,1.50979855626823,0.250305457109158,6.03182437053224,1.62118919336352e-09,3.8048698096461e-08,"S000003682","S000003682","IDS2"
"S000003684",172.304719704225,-1.30557636683558,0.510815133249834,-2.55586861440348,0.0105923104897324,0.04694009592086,"S000003684","S000003684","RPA34"
"S000003687",2026.01199680198,-1.16289218070125,0.266734547894215,-4.35973588679049,1.30219515763191e-05,0.000134578997744272,"S000003687","S000003687","SNA3"
"S000003688",141.843620547211,-1.10397382352585,0.366394958987295,-3.0130704488326,0.00258618873767227,0.0145400273026221,"S000003688","S000003688",NA
"S000003689",5498.06818871029,-2.40016574710375,0.383268134321288,-6.26236707978369,3.79177049797885e-10,9.93494332995392e-09,"S000003689","S000003689","INO1"
"S000003692",670.40415583804,1.0380135864,0.232282875589191,4.46874778765785,7.86788339670955e-06,8.59752732333101e-05,"S000003692","S000003692","SSY5"
"S000003693",283.483683174551,-1.41673889975466,0.464351748315403,-3.05100369470854,0.0022807776810696,0.0130867745465788,"S000003693","S000003693","FAR1"
"S000003694",1239.60760680348,-6.09503510732049,0.257971245812579,-23.6268002975365,2.04452159815073e-123,2.92223472023684e-119,"S000003694","S000003694","CIS3"
"S000003697",411.154214118309,2.7759534869596,0.230922717138643,12.0211364276168,2.75160813336075e-33,7.56321827887023e-31,"S000003697","S000003697","FMP33"
"S000003699",2193.05387548137,1.1464089463935,0.166115683502532,6.90126857513743,5.15401831410854e-12,1.77082653277773e-10,"S000003699","S000003699",NA
"S000003702",1329.26943236116,-1.11420210935902,0.275028810860236,-4.05121960086295,5.09513594613452e-05,0.000462673304181072,"S000003702","S000003702","QCR8"
"S000003707",597.478304251469,-2.30752798404863,0.414733623009527,-5.56387969536685,2.63841874049198e-08,4.86879653497001e-07,"S000003707","S000003707","TOH1"
"S000003711",64.0722233308993,1.45097445434474,0.326511084197573,4.44387503079911,8.83529367289753e-06,9.53797979355924e-05,"S000003711","S000003711",NA
"S000003726",1249.09716255547,-2.76793742796595,0.50064660601598,-5.52872504218596,3.22566447624297e-08,5.82862482413917e-07,"S000003726","S000003726","RPS22A"
"S000003732",401.620510230579,-1.4551840672805,0.2602036168537,-5.59248209104903,2.23846249389332e-08,4.20978216121279e-07,"S000003732","S000003732","ELO1"
"S000003741",379.157833102961,1.48457682122942,0.168884181560154,8.79050250600667,1.4889249005355e-18,1.25183550607964e-16,"S000003741","S000003741",NA
"S000003749",51.1596476432722,-1.00044447154942,0.293321523239283,-3.41074347528629,0.000647860126833372,0.00443883946566067,"S000003749","S000003749",NA
"S000003750",59.2868918492664,1.53031440333937,0.316582786819968,4.83385220880507,1.33916021550694e-06,1.72593480254649e-05,"S000003750","S000003750","HXT8"
"S000003755",163.860394077404,1.25211420396255,0.307680092943829,4.06953271491355,4.7107524845632e-05,0.00043133110353531,"S000003755","S000003755","HXT9"
"S000003763",222.020251778521,1.29608788038946,0.442804886913509,2.92699543002699,0.00342253909773831,0.018431933430284,"S000003763","S000003763","MRX12"
"S000003764",1378.42283712053,-1.50695449240701,0.13751892864157,-10.9581605041059,6.07210273437903e-28,1.20539672753444e-25,"S000003764","S000003764","SAG1"
"S000003773",112.491934263023,1.20720210979688,0.2947703549556,4.09539863660549,4.21442590621411e-05,0.000390894156246063,"S000003773","S000003773",NA
"S000003774",234.888687678389,1.08807708205373,0.280151652227098,3.88388600746749,0.000102800118243597,0.000863291474768349,"S000003774","S000003774","GPI14"
"S000003780",973.029218817514,2.16516376305994,0.495045761709876,4.37366387216713,1.22178452756641e-05,0.000126911091951357,"S000003780","S000003780","TES1"
"S000003781",144.445298099575,2.31817774265119,0.512565941291069,4.52269172784303,6.10581359777425e-06,6.79147033097178e-05,"S000003781","S000003781",NA
"S000003789",68.7732056122019,8.2546724074962,2.68357918872056,3.07599359921693,0.00209802348904293,0.0121374985534471,"S000003789","S000003789",NA
"S000003791",206.344190397751,-1.64732268787722,0.331378171992978,-4.9711261244815,6.65651270940133e-07,9.1394367104201e-06,"S000003791","S000003791","RBH2"
"S000003797",325.319168996624,2.17956113231133,0.217755994465575,10.0091900462281,1.38884906787767e-23,1.98508197271755e-21,"S000003797","S000003797","HUL4"
"S000003798",19.1794018783962,2.00467534671038,0.55500196326443,3.61201487454063,0.000303827134113604,0.00227958069705288,"S000003798","S000003798",NA
"S000003799",30.678010942789,2.42171280581168,0.595214659849274,4.06863770194257,4.7288810763156e-05,0.000432713810651594,"S000003799","S000003799",NA
"S000003800",796.478306647963,2.28842174576673,0.196625010601296,11.6385079332916,2.62568766320176e-31,6.36083962205809e-29,"S000003800","S000003800",NA
"S000003805",251.745034706606,1.11916929351456,0.254062865694015,4.405088049595,1.05740919008905e-05,0.000111621488581557,"S000003805","S000003805","VPS55"
"S000003806",7790.68259147226,-1.27543356920428,0.214779927496318,-5.93832758988221,2.87944244888161e-09,6.38075518168447e-08,"S000003806","S000003806","SSC1"
"S000003807",1040.16609433784,-2.04265455330155,0.436659479255772,-4.67791185200648,2.89811072684853e-06,3.47214556738022e-05,"S000003807","S000003807","TAH11"
"S000003808",18.7041866512736,3.42341808190566,0.918822033357765,3.72587721845877,0.00019463713607925,0.0015312619797899,"S000003808","S000003808","ANB1"
"S000003812",765.847489101309,1.53781585478032,0.212570793553687,7.23437039054908,4.67693748094417e-13,1.79697493051438e-11,"S000003812","S000003812","OSM1"
"S000003814",68.5149519605133,1.51687767670702,0.360067576224966,4.21275831778671,2.52270948664897e-05,0.000245453279051557,"S000003814","S000003814","BFA1"
"S000003820",1916.98778550485,1.23861828578331,0.15112704224138,8.19587459274818,2.48777603531244e-16,1.50668571494579e-14,"S000003820","S000003820","PTK2"
"S000003822",1673.23482526088,1.93616178958382,0.288521986610853,6.71062130247714,1.93797464445705e-11,6.16914734815694e-10,"S000003822","S000003822",NA
"S000003823",441.506371410021,1.19758370596437,0.2638372502819,4.53910016377442,5.64947967611325e-06,6.33317749103425e-05,"S000003823","S000003823","NTA1"
"S000003824",49.6262977761657,-2.12709822793817,0.706760479754775,-3.00964511863512,0.00261553097118322,0.0146718148238311,"S000003824","S000003824","RPA12"
"S000003830",74.7208389566564,-2.13715999983044,0.620717016630683,-3.44305044419624,0.00057519201476129,0.00399128582964624,"S000003830","S000003830","HAM1"
"S000003831",432.618756921208,-1.65330469008372,0.446083112700217,-3.7062705200293,0.000210333637534552,0.00164009748024078,"S000003831","S000003831","LIA1"
"S000003850",720.089800561542,1.15944461196024,0.144237509902658,8.03844029713711,9.09891730978993e-16,5.00195481187798e-14,"S000003850","S000003850","GRR1"
"S000003852",486.540490744133,1.81785189413625,0.220195555099592,8.25562483908475,1.5110958461658e-16,9.59915241299903e-15,"S000003852","S000003852","BUD4"
"S000003853",435.703794508796,1.09829998609051,0.197902163941954,5.54971185869726,2.86140808407601e-08,5.20994977652209e-07,"S000003853","S000003853","FIP1"
"S000003856",1214.36741608982,3.6004168999185,0.452489823530182,7.95690137698388,1.76401207147731e-15,9.40784497672581e-14,"S000003856","S000003856","SFC1"
"S000003859",121.202396495166,1.56280776174261,0.238808597959539,6.54418549037081,5.98205123434827e-11,1.77021652779585e-09,"S000003859","S000003859",NA
"S000003860",246.358070593221,1.68148097592124,0.260991600786709,6.44266317710125,1.17395036452073e-10,3.34248457372407e-09,"S000003860","S000003860","YUH1"
"S000003864",1664.20194446359,1.3113575227557,0.281416395740247,4.65984762297259,3.16443553727074e-06,3.74414545813003e-05,"S000003864","S000003864","URA8"
"S000003866",1533.92545890569,-2.43613664609805,0.292720282098243,-8.32240468147825,8.61964334777456e-17,5.73025871487171e-15,"S000003866","S000003866","ADO1"
"S000003880",283.660965627087,1.30080730788256,0.366639389158134,3.54792023538287,0.000388285791375087,0.0028358552969464,"S000003880","S000003880","JHD2"
"S000003885",123.10003852813,-2.17778836115917,0.417674096137569,-5.2140852911354,1.84726465507475e-07,2.82384531711053e-06,"S000003885","S000003885",NA
"S000003886",1111.43449309809,1.08680102654666,0.156032360692538,6.96522837777354,3.27871434442365e-12,1.15425281095683e-10,"S000003886","S000003886","ENT3"
"S000003888",1255.41748724007,1.46937680519902,0.208269925624519,7.05515595107139,1.72407252487333e-12,6.28626749949349e-11,"S000003888","S000003888","RSF2"
"S000003889",39.8455113262984,3.56579270151181,0.55541841149745,6.42001170234557,1.36263869801436e-10,3.82636442253816e-09,"S000003889","S000003889",NA
"S000003890",117.70584557177,1.18178313493311,0.363547298170104,3.25069981507647,0.00115121339527517,0.00726779728739752,"S000003890","S000003890","EFM3"
"S000003895",758.623048533508,1.65190643963934,0.185114724307328,8.92369013767287,4.51004479235145e-19,4.15884323981156e-17,"S000003895","S000003895","SGM1"
"S000003899",633.119518000734,1.52921218873961,0.238267193248754,6.41805599792788,1.38025489292489e-10,3.86823199697557e-09,"S000003899","S000003899","IML1"
"S000003901",421.833970321366,1.09432121153668,0.299447880635751,3.65446303781929,0.000257720786585548,0.00197300653597602,"S000003901","S000003901","HIR3"
"S000003904",777.630568402787,-1.18956658306008,0.32858388936504,-3.62028273923843,0.000294281265040796,0.00221961061806232,"S000003904","S000003904","PMT4"
"S000003910",520.81039606959,1.32734837038456,0.206071638555969,6.44119870005328,1.18533567878532e-10,3.36819142283868e-09,"S000003910","S000003910",NA
"S000003911",26.963071689097,1.63547073424682,0.430383946473215,3.80002727250562,0.000144680164427022,0.00117897011981495,"S000003911","S000003911","DAN1"
"S000003912",515.530287110928,1.48769091129842,0.180321142195328,8.25023007943749,1.5808986192556e-16,9.95408985243185e-15,"S000003912","S000003912","DAN4"
"S000003914",137.730142649753,1.46008474164592,0.264774773056356,5.51444053673175,3.49891177616905e-08,6.2747736532979e-07,"S000003914","S000003914","PGU1"
"S000003915",445.96568698575,1.14194637012195,0.369877902226565,3.08736035120709,0.00201942631228223,0.0117427421812245,"S000003915","S000003915",NA
"S000003917",141.211584416799,1.89893933402231,0.244230631375575,7.77518906341501,7.53348049220676e-15,3.6875355025723e-13,"S000003917","S000003917","THI11"
"S000003921",381.802128876573,1.39504537673255,0.203934312121206,6.84066041767126,7.8828918214523e-12,2.65731539632117e-10,"S000003921","S000003921","MPH3"
"S000001484",304.522171554302,-1.50448298515152,0.280431751052283,-5.36488104327041,8.10025859075784e-08,1.34938223820165e-06,"S000001484","S000001484","MET14"
"S000001487",780.99880593275,-1.15823082106249,0.207621019210776,-5.57858171328337,2.42487559789759e-08,4.51874144990224e-07,"S000001487","S000001487","AUR1"
"S000001489",1547.84460207058,-2.06845391515366,0.54665613874926,-3.78383003232389,0.000154433307335316,0.00124425888486114,"S000001489","S000001489","RPL14A"
"S000001492",349.459383706308,-2.62294516888938,0.513102429964833,-5.11193285338593,3.18879179139274e-07,4.68903303234326e-06,"S000001492","S000001492","MRT4"
"S000001498",827.059129970701,1.13175095641568,0.289874593152135,3.9042778606737,9.45071518897301e-05,0.000801931935338861,"S000001498","S000001498","PUT3"
"S000001499",2014.85344994844,1.36714385870734,0.323805941912031,4.22210862047352,2.42027417995032e-05,0.000236776035961875,"S000001499","S000001499","ATP7"
"S000001509",2170.84379754146,-1.3855461172449,0.240336264954949,-5.76503141340162,8.16426330124874e-09,1.67180251238894e-07,"S000001509","S000001509","GPX1"
"S000001515",1878.67393056351,-1.45932463090199,0.304818673137546,-4.78751716842325,1.68857296711789e-06,2.1320471218212e-05,"S000001515","S000001515","IXR1"
"S000001516",347.170219395222,1.43681294200785,0.346449703406178,4.1472482957312,3.36495079727905e-05,0.000317041804518849,"S000001516","S000001516","TTI1"
"S000001530",245.983936615074,1.12407645757904,0.194873873146676,5.76822556779063,8.01105345783688e-09,1.64988453995479e-07,"S000001530","S000001530","ANR2"
"S000001533",1976.30102051183,2.78712477067173,0.180723392190253,15.4220476768035,1.16355728773877e-53,9.78277900802958e-51,"S000001533","S000001533",NA
"S000001536",43.009402207713,-1.25180537838859,0.37053188303432,-3.37840125426574,0.000729086115988971,0.00489011161700158,"S000001536","S000001536",NA
"S000001540",610.918919049218,1.17291927922623,0.246139040671477,4.76527118991957,1.88599811879157e-06,2.35018056773216e-05,"S000001540","S000001540","NUP120"
"S000001543",53035.3853878649,1.04488757779272,0.217242715376899,4.80977038047014,1.51103775446154e-06,1.92488971698028e-05,"S000001543","S000001543","FBA1"
"S000001552",302.682049472968,1.16773109293927,0.223572044855865,5.22306397336973,1.75986555845549e-07,2.69600840589542e-06,"S000001552","S000001552",NA
"S000001554",245.491731405072,1.30400792299821,0.236961745414388,5.50303138896036,3.7331592332241e-08,6.65312280803891e-07,"S000001554","S000001554",NA
"S000001561",72.988949733047,-1.8852966342623,0.485265322112522,-3.88508419693988,0.000102294430466292,0.000859549849885193,"S000001561","S000001561","DHR2"
"S000001564",1214.11242495002,-2.62070626709422,0.355242819110114,-7.37722517138872,1.61622536610002e-13,6.52562405583831e-12,"S000001564","S000001564","TEF4"
"S000001568",5028.75626063327,1.01277945527994,0.255801934514218,3.95923297923161,7.51908597673584e-05,0.000653314868483194,"S000001568","S000001568","MDH1"
"S000001569",135.62028093093,1.3896219656236,0.503529880038137,2.75976068295759,0.00578437176570573,0.0285680807350491,"S000001569","S000001569","SRX1"
"S000001572",178.120194209525,-1.10568168631069,0.321104701815035,-3.44336809788475,0.000574516766316571,0.00399128582964624,"S000001572","S000001572","MIF2"
"S000001574",784.72013249095,1.78941769899149,0.457389776139171,3.91223807863825,9.14446940264513e-05,0.000780309857743324,"S000001574","S000001574",NA
"S000001579",730.282032245507,-6.30444660288522,0.308605570226308,-20.4288166226618,9.27218956109769e-93,3.31318513491923e-89,"S000001579","S000001579","CWP1"
"S000001956",3460.21667598744,-3.76615326950109,0.26151678858057,-14.401191181425,5.08593265046408e-47,3.16057545100361e-44,"S000001956","S000001956","CWP2"
"S000001584",817.5581891885,-1.29183708288113,0.206165384440289,-6.26602320456607,3.70385164445784e-10,9.74938334332152e-09,"S000001584","S000001584","HSL1"
"S000001588",768.256506670154,1.15549753501776,0.16901052266834,6.83683782982711,8.09602995704224e-12,2.70998960599543e-10,"S000001588","S000001588","SEG2"
"S000001590",1615.96360872746,1.21516221749976,0.155475793139806,7.81576471140476,5.46303387259275e-15,2.75912166575859e-13,"S000001590","S000001590",NA
"S000001604",607.83888391601,1.56157225336453,0.132003248621137,11.8298016880358,2.73787859074824e-32,6.86535064869555e-30,"S000001604","S000001604","DGR2"
"S000001606",111.588437847216,1.05409843529284,0.298702392637558,3.52892531588079,0.000417250866268631,0.00301810052205342,"S000001606","S000001606",NA
"S000001607",838.006423162194,1.56153583578486,0.284824175866976,5.48245538157604,4.19462813360703e-08,7.40170616217843e-07,"S000001607","S000001607","SSH4"
"S000001611",225.343128855244,-1.7023473007296,0.210750591131868,-8.07754460657446,6.60838597791177e-16,3.718648062295e-14,"S000001611","S000001611","PMU1"
"S000001612",1014.96195313012,1.2811727880183,0.140367743742423,9.12725925387292,7.02553269811703e-20,7.0220936261669e-18,"S000001612","S000001612","MYO3"
"S000001617",294.14635971603,1.13380518814758,0.321152610459111,3.53042494820988,0.000414892706171083,0.00300408381423673,"S000001617","S000001617","OCT1"
"S000001623",381.894872695157,1.36168385277382,0.281387117276925,4.83918334979681,1.30373730174524e-06,1.68331682509889e-05,"S000001623","S000001623","TGL1"
"S000001627",83.517803534205,-1.16740996756103,0.390963428150532,-2.98598253315792,0.0028266878816847,0.0156900387933668,"S000001627","S000001627","RPC25"
"S000001630",176.303722676784,1.03720301732482,0.238699306115429,4.3452284558517,1.39130786428841e-05,0.00014285893178358,"S000001630","S000001630",NA
"S000001631",4886.28925286519,1.66403549131978,0.162718860511072,10.2264450850586,1.50959402333102e-24,2.34528558429024e-22,"S000001631","S000001631","SDH1"
"S000001633",5073.30867352418,1.5365958298387,0.176389308988337,8.71138868138714,3.00174481315755e-18,2.45165363511205e-16,"S000001633","S000001633","MCR1"
"S000001634",3395.98258387782,1.29139025024981,0.234580937832946,5.50509458347146,3.68970121280678e-08,6.58963146296652e-07,"S000001634","S000001634","NNR2"
"S000001635",21830.8748562755,1.25588488339023,0.401534787602428,3.12771127724485,0.00176173149078886,0.010504976302814,"S000001635","S000001635","GPM1"
"S000001636",9872.79204463368,1.0857715593969,0.409476800844507,2.65160701939059,0.00801097209670113,0.0375658871975555,"S000001636","S000001636",NA
"S000001645",312.965872262845,2.70597891164167,0.293988477976594,9.20437062794382,3.43679305722442e-20,3.66582710200811e-18,"S000001645","S000001645",NA
"S000001646",21441.1924314013,1.48837499841533,0.217724495264346,6.83604753157538,8.14079429610344e-12,2.71860684285529e-10,"S000001646","S000001646","PIR3"
"S000001651",784.241325301948,1.19620145961671,0.148787725497436,8.03965149421763,9.00943385358757e-16,4.97188563974236e-14,"S000001651","S000001651","KKQ8"
"S000001658",1668.76453431849,1.07224676467665,0.229091745145223,4.68042514581635,2.86280624389423e-06,3.43560786263478e-05,"S000001658","S000001658","ZRT3"
"S000001663",3319.974577139,-1.20235820991652,0.385869735327682,-3.11596919850548,0.00183341421673147,0.0108464360098273,"S000001663","S000001663","RPL17A"
"S000001666",168.235254498396,1.18648809941516,0.423731822583973,2.80009203033135,0.00510880392529142,0.025774844512598,"S000001666","S000001666","LOT5"
"S000001670",2327.90582927208,2.4632844233349,0.445759110170976,5.52604392625891,3.2753215932078e-08,5.91088024390393e-07,"S000001670","S000001670","FAT3"
"S000001671",1187.68619067776,1.98869798667007,0.390557171323,5.09195101944595,3.54397667675002e-07,5.14777018707195e-06,"S000001671","S000001671","PXA2"
"S000001672",381.692444114912,1.85108930738675,0.416017628210145,4.44954536025504,8.60522547095022e-06,9.33190346405853e-05,"S000001672","S000001672","HYM1"
"S000001676",710.593372121014,1.4913668573936,0.191450513029307,7.78982951675511,6.70996692641895e-15,3.33005407219813e-13,"S000001676","S000001676","SDS22"
"S000001680",571.672578913689,1.82238230775479,0.183612239487291,9.9251679127901,3.23557680528099e-23,4.3628395545171e-21,"S000001680","S000001680","PEX1"
"S000001681",1130.81680018732,1.76987367560601,0.266526068541242,6.64052745494254,3.12562605419689e-11,9.66982103736714e-10,"S000001681","S000001681","PTK1"
"S000001684",935.173929244345,1.02317188562633,0.217495024678004,4.70434616672778,2.54680811123363e-06,3.09536805560053e-05,"S000001684","S000001684","MNN4"
"S000001686",966.422990997014,1.05154475630217,0.15744696203201,6.67872369673536,2.41032101303608e-11,7.58826392936668e-10,"S000001686","S000001686","TOR2"
"S000001691",117.695482228222,1.09684909865685,0.288803966590629,3.79790177955415,0.000145926122128575,0.00118506935430893,"S000001691","S000001691","CBT1"
"S000001692",562.613484634825,1.38383009327486,0.170656278620144,8.10887301928729,5.10914040291122e-16,2.93272866581567e-14,"S000001692","S000001692","STE6"
"S000001693",3290.46980455688,1.01255328023117,0.166305662092087,6.08850755586722,1.13968076111587e-09,2.73313038903173e-08,"S000001693","S000001693","UBA1"
"S000001697",187.153231059027,1.38410131961931,0.232213460655883,5.96046980097511,2.51513783225521e-09,5.65233726987794e-08,"S000001697","S000001697","YRA2"
"S000001698",551.154194937188,1.74855945709017,0.295328803014156,5.92072103785406,3.20533165388216e-09,7.02665725903953e-08,"S000001698","S000001698","OXP1"
"S000001699",859.3299387625,-2.4943001274974,0.417762000787212,-5.97062471645877,2.36346831596135e-09,5.34510326582841e-08,"S000001699","S000001699","URA1"
"S000001700",17415.5181697027,2.03515227000939,0.391821022229049,5.19408646945873,2.05727511525365e-07,3.12151095778348e-06,"S000001700","S000001700","JEN1"
"S000001703",121.675428440902,1.19956199813535,0.451746620216145,2.65538676871872,0.00792175235531065,0.0372114193210992,"S000001703","S000001703","FRE2"
"S000001710",507.117865856776,1.09804503772756,0.227230989089905,4.83228560560952,1.34974432388485e-06,1.73800861453028e-05,"S000001710","S000001710","PAP1"
"S000001721",1465.8028679739,-2.97652570420621,0.223561850908537,-13.3141038692865,1.91658259504518e-40,7.60936528638355e-38,"S000001721","S000001721","PRY2"
"S000001722",2490.93737438537,-1.93833399455126,0.236478206113609,-8.1966707478322,2.47136149153909e-16,1.50311360844971e-14,"S000001722","S000001722","YPT52"
"S000001725",487.941354854103,1.7704040104834,0.243538862701375,7.26949280638735,3.60839737946273e-13,1.3939141552611e-11,"S000001725","S000001725","HEL1"
"S000001729",583.053541731995,1.57295953353933,0.180202932615337,8.72882317013671,2.57336201098094e-18,2.12607301866766e-16,"S000001729","S000001729","ALY1"
"S000001737",578.285928208534,1.35077784077873,0.28077221877201,4.81093837092045,1.50223336356861e-06,1.91709120227555e-05,"S000001737","S000001737","SET3"
"S000001742",111.761787427025,1.25696206083332,0.453318256785757,2.77280264365654,0.00555758145325121,0.0276197884948955,"S000001742","S000001742","DAL80"
"S000001744",527.340314037016,1.15139975111147,0.237871245508546,4.84043268302518,1.29556737585825e-06,1.67731381369039e-05,"S000001744","S000001744","CAF4"
"S000001747",1424.53388185338,2.02261044290944,0.493664389587614,4.09713660853488,4.18292076467364e-05,0.000388476195513193,"S000001747","S000001747","GAP1"
"S000001750",4814.63238190396,-3.19451631003555,0.287915749828313,-11.0953162928408,1.32191573455229e-28,2.73828139042839e-26,"S000001750","S000001750","UTH1"
"S000001751",718.981134214097,-2.07676311738965,0.404843540239518,-5.12979190963741,2.90062644358821e-07,4.30069022388031e-06,"S000001751","S000001751","SHB17"
"S000001759",344.850685652444,1.36418328765879,0.305029629436783,4.47229762622621,7.73836218484629e-06,8.47543377072859e-05,"S000001759","S000001759",NA
"S000001763",257.472730354239,1.1784319248918,0.262606093852849,4.48745079599003,7.20804520531212e-06,7.94942824996344e-05,"S000001763","S000001763","RHO4"
"S000001764",310.663000515621,-1.21324228740318,0.396336663365317,-3.06114069059741,0.00220495460346401,0.0126873655987565,"S000001764","S000001764","TRM2"
"S000001765",470.774398134206,-1.35292825859505,0.476512580164709,-2.83922883657636,0.00452227128821927,0.0233177574035058,"S000001765","S000001765","RPS21A"
"S000001766",1509.43670442932,1.44010471273601,0.33571750321245,4.28963250040816,1.78969014716295e-05,0.000181033554659589,"S000001766","S000001766","GLG1"
"S000001767",2231.00330201174,-1.16494757878516,0.453534469937167,-2.56859766126828,0.0102110935126513,0.0457371230261124,"S000001767","S000001767","TIF1"
"S000001772",505.010048701158,1.37709337804915,0.29753736879787,4.62830394586392,3.68672654882806e-06,4.2864082146761e-05,"S000001772","S000001772","OAF3"
"S000001775",1413.71274654627,1.99859396781898,0.464518980484697,4.3025022696243,1.68879940405864e-05,0.00017143472927706,"S000001775","S000001775","GPT2"
"S000001779",1271.08472791386,-1.1671747744516,0.392588499852788,-2.97302334349902,0.00294882023631481,0.0162431817135401,"S000001779","S000001779","DRE2"
"S000001784",2696.20276178844,1.3409974847128,0.223726703395942,5.99390892708752,2.04856127311547e-09,4.71498973858928e-08,"S000001784","S000001784","ECM4"
"S000001786",384.154064056935,1.47473169335292,0.15169302745731,9.7218159468005,2.43401317060401e-22,2.9734487390977e-20,"S000001786","S000001786",NA
"S000001788",581.334174014379,1.10392863348375,0.187500386123904,5.88760725406854,3.91826888747487e-09,8.42162664792155e-08,"S000001788","S000001788","MTD1"
"S000001800",262.904697826981,-2.29612758461359,0.413313388429783,-5.55541545202975,2.76952245536383e-08,5.0749723659635e-07,"S000001800","S000001800","SRP40"
"S000001805",5710.23621593039,1.37454943431366,0.479786832815975,2.86491695957166,0.0041711860961031,0.0218064238740313,"S000001805","S000001805","PCK1"
"S000001808",1399.11651471473,-2.02627156151173,0.205695180303465,-9.85084608459149,6.79693605939816e-23,8.90536528101626e-21,"S000001808","S000001808","SKG1"
"S000001811",186.602953727613,2.28083683773013,0.325558307607031,7.00592423672149,2.45360668864265e-12,8.76735010019236e-11,"S000001811","S000001811","NFT1"
"S000001812",78.6322497909013,1.44633975091237,0.423700719583626,3.41358813913203,0.000641134166799221,0.00439929459724497,"S000001812","S000001812",NA
"S000001813",650.084901622973,2.46548565190884,0.448937111756176,5.49182855982707,3.97793446815344e-08,7.03671006847984e-07,"S000001813","S000001813","VBA5"
"S000003924",829.035196984468,1.10321511245434,0.186605303660103,5.91202442168428,3.37928419361333e-09,7.38533776442131e-08,"S000003924","S000003924","DNM1"
"S000003925",79.8865260236017,-1.02808714365419,0.361792096404348,-2.84165174936596,0.00448804871114258,0.0231831153698449,"S000003925","S000003925","RTT109"
"S000003930",180.270613083084,1.53041175369354,0.374457629253857,4.0870091410423,4.36969908831738e-05,0.000403117111597428,"S000003930","S000003930","LMO1"
"S000003938",2417.83888174446,1.12541873803721,0.196504987289181,5.72717646286005,1.02115934699036e-08,2.05569444317368e-07,"S000003938","S000003938","BPT1"
"S000003947",4900.01273009001,-2.50649741892027,0.173677110091927,-14.43193877186,3.25792679139262e-47,2.11661580133521e-44,"S000003947","S000003947","SSA2"
"S000003948",40.7545752986263,2.19541518343844,0.493583112424813,4.44791389367654,8.67082726173374e-06,9.38879803423942e-05,"S000003948","S000003948","PAU17"
"S000003954",682.357669306014,1.09305969052363,0.221622906895313,4.93207000050744,8.13627465119563e-07,1.0970922036749e-05,"S000003954","S000003954","GPI13"
"S000003955",323.330190240947,1.55231090687662,0.19902570600306,7.7995498071629,6.21284152225922e-15,3.1049001355822e-13,"S000003955","S000003955",NA
"S000003964",6088.90621441872,1.39440314994802,0.164348192149882,8.48444471282262,2.16751295190297e-17,1.5887314164897e-15,"S000003964","S000003964","SDH2"
"S000003965",58.4583669338645,1.05118347694592,0.41496154752499,2.53320695186249,0.011302420160589,0.0495842514902696,"S000003965","S000003965","ATG10"
"S000003968",4374.7017804549,-1.34419306151526,0.47005297770201,-2.85966290031124,0.00424091544810604,0.0221062744346388,"S000003968","S000003968","RPL8B"
"S000003971",2490.64421659178,1.14144355193182,0.219604214131155,5.19773063758292,2.01736164166552e-07,3.06746276003461e-06,"S000003971","S000003971","YBT1"
"S000003975",75.9579570095721,2.08732129826573,0.342315100527678,6.09766059121589,1.07631970732849e-09,2.60301820251203e-08,"S000003975","S000003975","AQY2"
"S000003977",278.504097150109,1.14606133190146,0.331008212933286,3.46233503315656,0.000535510087545631,0.0037519831771028,"S000003977","S000003977",NA
"S000003983",374.280129712528,1.14778985158947,0.214792976518209,5.34370290032349,9.10667862546374e-08,1.49097087736258e-06,"S000003983","S000003983","GTT2"
"S000003989",546.059183815958,1.70617239754636,0.235805460425175,7.23550843339251,4.63788316231018e-13,1.78677261560376e-11,"S000003989","S000003989",NA
"S000028671",68.2390546641916,1.16297412389854,0.30279075426306,3.84085084344474,0.000122608600190567,0.00101355970070779,"S000028671","S000028671",NA
"S000028673",68.2390546641916,1.16297412389854,0.30279075426306,3.84085084344474,0.000122608600190567,0.00101355970070779,"S000028673","S000028673",NA
"S000003994",1219.10420665765,3.21438817631062,0.358383736771447,8.96912400453187,2.98881918834564e-19,2.79210409536106e-17,"S000003994","S000003994","THI73"
"S000003995",877.653448032584,1.81503071955399,0.140104531249538,12.9548323909757,2.20617429834912e-38,7.33322075495442e-36,"S000003995","S000003995","SSL1"
"S000003998",62.3238603727524,-1.42946259762684,0.50606507411537,-2.82466163096836,0.00473305697210051,0.0242297934463584,"S000003998","S000003998","PAM18"
"S000004001",63.4858083475987,1.51274516421876,0.296383265320966,5.10401679588941,3.32518742010777e-07,4.86955981512299e-06,"S000004001","S000004001","LOT6"
"S000004006",316.063390155748,-1.01054296127818,0.265001540588445,-3.81334749614751,0.000137097135660366,0.00112358334862019,"S000004006","S000004006","PML1"
"S000004007",445.233520425332,-1.1075802031812,0.238239054998657,-4.64902869593502,3.33501816419125e-06,3.92001764973565e-05,"S000004007","S000004007","MEU1"
"S000004013",968.550981111745,-1.31570773360147,0.243998510222869,-5.39227773317017,6.95701272595855e-08,1.16846748404378e-06,"S000004013","S000004013","IZH3"
"S000004020",302.851128403778,1.37454671681229,0.29214181607477,4.70506665317811,2.53783026699611e-06,3.08708440746937e-05,"S000004020","S000004020",NA
"S000004021",204.302977776232,1.58279096183712,0.255819132559824,6.18714849823432,6.12622500035817e-10,1.54158686496689e-08,"S000004021","S000004021",NA
"S000004024",928.181379350313,1.15429564197029,0.220248365454196,5.24088176359401,1.59811093773088e-07,2.47741861529149e-06,"S000004024","S000004024","SMF3"
"S000004025",271.398040622429,1.23237195522238,0.173237122112852,7.11378681538926,1.12901500580392e-12,4.22434855443858e-11,"S000004025","S000004025","MLH2"
"S000004028",445.124860848606,1.04744733293272,0.240553395570424,4.3543236230314,1.33478398022262e-05,0.000137847308015332,"S000004028","S000004028","COX12"
"S000004029",563.327236757354,1.30486838937874,0.269943788752905,4.83385224533971,1.339159969609e-06,1.72593480254649e-05,"S000004029","S000004029","RIC1"
"S000004030",492.44623041191,-1.60008545032495,0.39739893512355,-4.02639591831692,5.66382925741021e-05,0.000508499444573895,"S000004030","S000004030","AFB1"
"S000004032",69.5962801482586,-2.60453298823099,0.524938056322926,-4.96160062479592,6.99146347733464e-07,9.55344048580726e-06,"S000004032","S000004032",NA
"S000004034",60767.9859488747,2.21072226794809,0.180699634001428,12.2342376627648,2.04011225792244e-34,5.8318649004971e-32,"S000004034","S000004034","PDC1"
"S000004038",2890.64800755912,-1.20327704950307,0.423727079251679,-2.83974545980898,0.0045149544452592,0.0232968389480468,"S000004038","S000004038","RPS0B"
"S000004043",307.867540511716,1.72178784571136,0.538725799490538,3.19603747832315,0.00139329012481931,0.00858744965676687,"S000004043","S000004043",NA
"S000004050",988.120339134226,-2.29817976070079,0.493107354330229,-4.66060735156207,3.15277668715215e-06,3.73344135786791e-05,"S000004050","S000004050","FRS1"
"S000004051",1152.84005836501,-1.93213688476476,0.534219068877229,-3.61675012617117,0.000298325035224577,0.00224418933077099,"S000004051","S000004051","RPL22A"
"S000004052",1103.43050353258,-1.85463121741985,0.52812177013285,-3.51174922585242,0.000445167843781933,0.00319256597650535,"S000004052","S000004052","BUD28"
"S000004060",482.715516892878,1.90445435726116,0.213086933863879,8.9374525351129,3.98244675305904e-19,3.69617606762811e-17,"S000004060","S000004060","XYL2"
"S000004062",649.647603836628,1.04995345388463,0.161611897758532,6.49675839741325,8.20690992474943e-11,2.38902980762614e-09,"S000004062","S000004062","LAM6"
"S000004063",63.9369895993257,-1.46494924929978,0.370801722103579,-3.9507617197381,7.79028557470819e-05,0.000674418847482157,"S000004063","S000004063","RFU1"
"S000004067",593.812320865247,1.01133804966864,0.24238850324933,4.17238456490794,3.01428321654713e-05,0.000287586464389631,"S000004067","S000004067","FMP25"
"S000004070",1181.75154225675,1.45080068881167,0.175369083201295,8.27284183921052,1.30803166082311e-16,8.34629309292173e-15,"S000004070","S000004070","EMP46"
"S000004071",115.486062770088,2.33982900293319,0.509242996775158,4.59472004082615,4.3333065099272e-06,4.9787741114461e-05,"S000004071","S000004071","GAL2"
"S000004072",341.175812327917,1.01450505920161,0.262939440177302,3.8583221235944,0.000114168113001792,0.000950935220940917,"S000004072","S000004072","SRL2"
"S000004073",530.431616531747,-1.35461230770489,0.415369177755028,-3.26122490606128,0.00110932014091782,0.00703126952289949,"S000004073","S000004073","EMP70"
"S000004074",244.256201948146,-1.22733025134466,0.28534414659265,-4.30122806442834,1.69854130188603e-05,0.000172301283377268,"S000004074","S000004074","RAX2"
"S000004076",785.24120268676,2.02320447973807,0.188327537050397,10.7430092881035,6.39260699946286e-27,1.17140425440157e-24,"S000004076","S000004076","SMC4"
"S000004081",156.125211195163,1.13125704906889,0.278388230997783,4.06359509169733,4.8322622783773e-05,0.000440762761613572,"S000004081","S000004081","GEP5"
"S000004082",1512.04808920724,1.22413707808754,0.170687157375079,7.17181712387151,7.4008763939451e-13,2.80585480898295e-11,"S000004082","S000004082","SUL2"
"S000007618",18.0319939407802,-1.55047075407319,0.563251962801708,-2.75271256288375,0.00591037635697469,0.0290598587100926,"S000007618","S000007618","MIM2"
"S000004092",370.89295499325,1.2702603590814,0.244928903725459,5.18624114900392,2.1458092221258e-07,3.2455080647454e-06,"S000004092","S000004092","APC9"
"S000004093",184.507822661738,-1.61980992898181,0.338828739439199,-4.78061551585851,1.74759307200215e-06,2.19300682863273e-05,"S000004093","S000004093","CDC45"
"S000004100",10102.0853286189,-4.12342545659258,0.286725210356289,-14.3811053498531,6.79997644743546e-47,4.04966930679979e-44,"S000004100","S000004100","CCW12"
"S000004103",782.672501587086,-2.08600929351719,0.242314499499952,-8.60868539778652,7.39031605488038e-18,5.74074931371768e-16,"S000004103","S000004103","HOG1"
"S000004104",761.809577034923,1.05513975038277,0.208271320684208,5.06617880424653,4.05880692662059e-07,5.82670380971323e-06,"S000004104","S000004104","AVL9"
"S000004111",1743.45160133698,-1.40288793100433,0.16573570295133,-8.4646090493628,2.57013347390023e-17,1.84597576595256e-15,"S000004111","S000004111","YPS3"
"S000004120",2991.9205851677,2.29431330494657,0.283796655742952,8.08435638165038,6.24933414886513e-16,3.54451321387815e-14,"S000004120","S000004120","ZRT2"
"S000004126",222.651265195106,2.67728945214596,0.384079165644096,6.97067087108508,3.15433143928619e-12,1.1159618629138e-10,"S000004126","S000004126","TIS11"
"S000004134",575.513260180046,1.05546427393867,0.15958150526518,6.61395111034193,3.74195368071527e-11,1.13553596514784e-09,"S000004134","S000004134","ACF2"
"S000004136",134.768901470407,-1.31183844898751,0.368616708613079,-3.55881439537373,0.000372532668155309,0.00273056893638145,"S000004136","S000004136","SPE4"
"S000004138",614.281396686249,1.27560662897794,0.156620769770079,8.14455599248138,3.80676175761686e-16,2.25767824902978e-14,"S000004138","S000004138","PEP3"
"S000004141",478.553477169677,1.19014895145898,0.43177714980074,2.75639633085777,0.00584421353622797,0.0288138475589191,"S000004141","S000004141","PCD1"
"S000004153",823.04597435906,1.07575689962509,0.276475644182401,3.89096443849993,9.98465670733089e-05,0.000841951022524368,"S000004153","S000004153","MAS1"
"S000004154",1360.38374680259,3.17464550990302,0.212474609908164,14.9412935092582,1.77496077868277e-50,1.20807211474823e-47,"S000004154","S000004154","SHH4"
"S000004155",285.034179634919,1.97669093442661,0.213594255543253,9.25441992528831,2.15396783529835e-20,2.33232289923632e-18,"S000004155","S000004155","PUS5"
"S000004156",946.639685662839,1.39767894913236,0.243269381502358,5.74539607286671,9.1706069256643e-09,1.86186768165511e-07,"S000004156","S000004156","SEC10"
"S000004158",401.550964259354,-1.40397709282081,0.3337687610906,-4.20643648085361,2.59428955381901e-05,0.000251732386916056,"S000004158","S000004158","UPS2"
"S000004160",263.430515130712,1.02713818191817,0.312867111357808,3.28298547412192,0.00102713958174448,0.00658041507928006,"S000004160","S000004160","APS1"
"S000004161",167.770788210351,1.17173389919075,0.290762759257776,4.02986235989029,5.58095221112096e-05,0.000501373664070093,"S000004161","S000004161",NA
"S000004163",981.635278583067,1.12470574577821,0.139051753398166,8.08839671771477,6.045521954816e-16,3.44257550996753e-14,"S000004163","S000004163",NA
"S000004164",3275.69179403097,2.74897609918048,0.152083390624783,18.0754524730626,4.97456012506977e-73,7.11013878676222e-70,"S000004164","S000004164","IDP2"
"S000004165",943.681475302619,-1.46709669560477,0.577713510668875,-2.53948829049569,0.0111014761437125,0.0488676928001485,"S000004165","S000004165","CBF5"
"S000004167",1640.9682682582,-3.22000629436762,0.335763377911242,-9.59010572981196,8.79947938065976e-22,1.04809132323142e-19,"S000004167","S000004167",NA
"S000004169",440.997363967815,-2.69365627089561,0.259015792143543,-10.3995831628784,2.49020128360673e-25,4.18734669959894e-23,"S000004169","S000004169",NA
"S000004170",708.259560628097,-3.41876501786495,0.299761182573618,-11.4049624054487,3.94947875203674e-30,8.68459996967094e-28,"S000004170","S000004170","SAM1"
"S000004171",409.674476338636,1.21909237880043,0.268216314335166,4.54518354643049,5.48874033414252e-06,6.17234977151055e-05,"S000004171","S000004171","VTA1"
"S000004173",241.32751794501,-2.52317160655163,0.287863875716499,-8.76515540642746,1.86519189949504e-18,1.54995278020247e-16,"S000004173","S000004173","TOS4"
"S000004176",165.561810295125,-1.39282072222868,0.481145424616432,-2.89480196832182,0.00379397799608302,0.0200916367165671,"S000004176","S000004176","EMG1"
"S000004184",1624.55219180974,-1.18917933010681,0.331328107970141,-3.58912902799657,0.000331784605599725,0.0024634239552054,"S000004184","S000004184","NCW2"
"S000004187",920.889904293855,-1.79785079392161,0.573381127979945,-3.1355248824731,0.00171546874987848,0.0102790301943345,"S000004187","S000004187","NOP56"
"S000004188",148.079426669326,-2.60657920173834,0.399649794966239,-6.52215823595888,6.93028438555254e-11,2.03815956219552e-09,"S000004188","S000004188",NA
"S000004195",148.01963638545,1.44752069945975,0.380948987621171,3.79977568256255,0.000144827121260585,0.00117899516540921,"S000004195","S000004195","HMX1"
"S000004201",266.807268728205,1.85867975058863,0.210379291576348,8.83489879950522,1.00188917303419e-18,8.78527727004769e-17,"S000004201","S000004201","ATG38"
"S000004202",198.236674632959,-1.7116613146211,0.344843217480805,-4.96359280929274,6.92009495623051e-07,9.46496815400982e-06,"S000004202","S000004202","TUB4"
"S000004203",180.189656478943,2.65674301727261,0.259957840310874,10.2198995579264,1.61508141530283e-24,2.48218910418531e-22,"S000004203","S000004203","CRR1"
"S000004206",3845.16950564145,-2.38634524756745,0.270765836267158,-8.81331736849143,1.21495966463977e-18,1.03984541836505e-16,"S000004206","S000004206","CPR6"
"S000004207",495.185687958773,-2.23433062010941,0.316084532732847,-7.06877556073852,1.56306712143737e-12,5.74316667524531e-11,"S000004207","S000004207",NA
"S000004214",480.260855708181,-1.70791893299898,0.149786818386313,-11.4023313359531,4.07069887585184e-30,8.81553015644701e-28,"S000004214","S000004214","UCC1"
"S000004218",609.635285462971,1.80861291698882,0.238672733787839,7.57779444800986,3.51478668232411e-14,1.57482276020246e-12,"S000004218","S000004218","ECM22"
"S000004222",123.745918225122,1.50735602241492,0.257160592216403,5.86153581862365,4.58605522389226e-09,9.79798016668044e-08,"S000004222","S000004222",NA
"S000004227",2175.84831165255,2.09430269373311,0.229662287327663,9.11905353770656,7.5783241989528e-20,7.52201303997447e-18,"S000004227","S000004227","THI7"
"S000004231",1260.43320923632,1.04756140315488,0.196415241215725,5.33340181072983,9.63896946167965e-08,1.574511891609e-06,"S000004231","S000004231","CSC1"
"S000004232",165.438737181964,1.23159722314337,0.277978865488527,4.43054266366231,9.39962477346574e-06,0.000100485293109309,"S000004232","S000004232","ARV1"
"S000004234",1202.20609279064,-1.28439685154186,0.203946201142533,-6.29772383278777,3.02048023426949e-10,8.06948111932969e-09,"S000004234","S000004234","MAP1"
"S000004239",7257.76446629578,-2.17088814490103,0.541986338870692,-4.00542963762591,6.1904859574979e-05,0.000550252585761925,"S000004239","S000004239","YEF3"
"S000004244",308.42043085359,1.42037101177081,0.237585127846895,5.97836667910515,2.25385959575026e-09,5.1378652634862e-08,"S000004244","S000004244","NDL1"
"S000004246",1805.17046585234,1.13310151823177,0.174953193791137,6.47659807562293,9.38136473606535e-11,2.70884537722388e-09,"S000004246","S000004246","HAP1"
"S000004249",5345.27461857469,-1.38881408460348,0.274844206034224,-5.05309573246213,4.34705868426159e-07,6.18233928101004e-06,"S000004249","S000004249","HSP60"
"S000004255",401.186227801546,1.84596380103975,0.271966978671154,6.78745563178011,1.14128340160169e-11,3.73280632931189e-10,"S000004255","S000004255","NEJ1"
"S000004256",652.379546792522,1.15623524706697,0.259567734651583,4.45446445267543,8.41028614076127e-06,9.12742747227796e-05,"S000004256","S000004256","PDR8"
"S000004257",2984.01706941319,2.85867227525991,0.212814926601773,13.432668097615,3.89134301304855e-41,1.63585193192656e-38,"S000004257","S000004257","BOP2"
"S000004263",379.830980732109,2.42280260529192,0.18666153263984,12.9796566599861,1.59594382365961e-38,5.43114882656352e-36,"S000004263","S000004263","PIG1"
"S000004265",63.9261617003982,1.34843256776695,0.320762469721767,4.20383522092405,2.62430016333569e-05,0.000254299133793607,"S000004265","S000004265","SMD2"
"S000004276",6677.69078020344,-4.08642265632876,0.207658190676453,-19.6786008922504,3.28958837818868e-86,6.7168695270644e-83,"S000004276","S000004276","CTS1"
"S000004278",96.1813249616925,-1.26853309354249,0.413639491426084,-3.06676011318222,0.00216392442542886,0.0124763904044594,"S000004278","S000004278","RPS30A"
"S000004284",1481.74010208619,-1.32806596206032,0.421594720198985,-3.15010102933333,0.00163214011135941,0.00985975427373629,"S000004284","S000004284","GSP1"
"S000004286",511.660831088118,1.18240654619908,0.411203747555915,2.87547609482401,0.00403418692372829,0.0211831865175784,"S000004286","S000004286","ATP14"
"S000004290",1040.81062782772,1.21622661072519,0.16405493294805,7.41353270437971,1.22978697970602e-13,5.10969340143551e-12,"S000004290","S000004290","ECM38"
"S000004292",365.683571646112,-1.0692489650013,0.213070888279972,-5.0182780652621,5.21366772723581e-07,7.32013289050898e-06,"S000004292","S000004292","HRI1"
"S000004294",2107.7113891207,-3.21386029252118,0.432065301843585,-7.43836702185507,1.01937517216055e-13,4.26021325604991e-12,"S000004294","S000004294","MET17"
"S000004295",14453.0297199301,1.5752744403951,0.204761538581928,7.6932145133536,1.43483648403496e-14,6.74609140339199e-13,"S000004295","S000004295","ACO1"
"S000004297",109.127191429088,1.63885206937364,0.285903579251029,5.73218451362828,9.91453313415447e-09,2.00153138540212e-07,"S000004297","S000004297","UBC12"
"S000028525",1007.74755173606,2.44096212277915,0.294777147319617,8.28070338889769,1.22449836865829e-16,7.84832070996994e-15,"S000028525","S000028525",NA
"S000004298",58.0151117150002,2.07556745468734,0.375051122235949,5.5340921053999,3.12844555265135e-08,5.68168644015828e-07,"S000004298","S000004298","CDA1"
"S000004299",26.3007722049754,3.46152924377371,0.722626450308783,4.79020556512231,1.66610536853008e-06,2.10553881807254e-05,"S000004299","S000004299","CDA2"
"S000004301",1648.95515507004,1.2654157443678,0.168020457300981,7.53131948748966,5.02301169488935e-14,2.20904326630934e-12,"S000004301","S000004301","CDC25"
"S000004302",80.1827798340763,1.57773738732558,0.395079487838443,3.99346824092965,6.51138036456013e-05,0.000573426737835231,"S000004302","S000004302",NA
"S000004303",2572.20152676062,1.17542196004576,0.303687924516788,3.87049291444837,0.000108615514176381,0.000909456089117176,"S000004303","S000004303","ATG39"
"S000004306",541.727239616652,-1.73838162302448,0.288670878462757,-6.02201937473495,1.72254269065666e-09,4.02950943986181e-08,"S000004306","S000004306","CDC3"
"S000004310",216.177664580247,1.11934448040195,0.384570166082165,2.91063784745799,0.00360691820933677,0.019294042651965,"S000004310","S000004310","EST2"
"S000004317",338.790340696811,-1.39053677173178,0.360378468847851,-3.85854564557478,0.000114063766439411,0.000950620066308168,"S000004317","S000004317","RPL38"
"S000004321",27.1141685839477,1.28722302071435,0.425703785155727,3.02375281968298,0.00249660329003095,0.0141347491515935,"S000004321","S000004321","REC102"
"S000004323",99.9494493757491,-1.11879589589156,0.324904488646086,-3.44346087846834,0.000574319678450305,0.00399128582964624,"S000004323","S000004323","JIP3"
"S000004324",1011.70461882914,-1.14906945135448,0.192577911058057,-5.96677700490827,2.41985761631747e-09,5.46398497788713e-08,"S000004324","S000004324","MID2"
"S000004331",2155.3314268779,-1.39905723142368,0.365281860106815,-3.83007585160283,0.000128103765027172,0.00105715191312551,"S000004331","S000004331",NA
"S000004332",4739.28957601886,-1.60849816734851,0.366494820254944,-4.388870124357,1.13941085923392e-05,0.000118959820387366,"S000004332","S000004332","RPP0"
"S000004333",21.3767064849077,-2.40029186712276,0.638754817976879,-3.75776714252455,0.000171436301975576,0.00136737670989783,"S000004333","S000004333","SPO77"
"S000004334",3416.99681733731,-1.60597801539858,0.264547528406105,-6.07065968476277,1.27385878768461e-09,3.04979290659567e-08,"S000004334","S000004334","FKS1"
"S000004338",155.201596610506,2.13365321358349,0.486863866439909,4.38244314408746,1.17355797873843e-05,0.000122079069797004,"S000004338","S000004338","CIS1"
"S000004345",260.990550764417,1.8185773126137,0.302050065398294,6.02078105897995,1.73577416809776e-09,4.04721373321717e-08,"S000004345","S000004345","BUD8"
"S000004364",663.642964486406,-2.53672911320238,0.255261709186107,-9.93775808087573,2.85172824175145e-23,3.88188111993843e-21,"S000004364","S000004364","ELO3"
"S000004368",140.084105617213,1.01909683435586,0.32814683208771,3.10561228908486,0.00189885509118544,0.011155090759685,"S000004368","S000004368","PSY3"
"S000004369",1179.65079161627,1.86226978721975,0.394091114761065,4.72548026957886,2.29572125267106e-06,2.81896424952125e-05,"S000004369","S000004369","FBP1"
"S000004372",378.907999537192,-1.1247175060934,0.280853608879268,-4.00463967894707,6.21120821897757e-05,0.000551751392628008,"S000004372","S000004372","CSR1"
"S000004373",680.172642966096,-1.88950170582098,0.369321379747486,-5.1161449334801,3.11843476892048e-07,4.59502970641036e-06,"S000004373","S000004373","CTF3"
"S000004381",1205.98621362344,1.44213378751648,0.344539295313346,4.1856874009245,2.84304393551728e-05,0.000273456439908132,"S000004381","S000004381","STE23"
"S000004384",334.930824835327,1.04926410583146,0.337597567111863,3.108032189947,0.00188337553191622,0.0110869384174953,"S000004384","S000004384","ART10"
"S000004385",105.462713440501,1.11113767655794,0.320524632083564,3.4666217985651,0.000527042890992978,0.00370355164255784,"S000004385","S000004385","ATP10"
"S000007380",1418.12469632583,1.02733227824509,0.306522040664058,3.35157718518202,0.000803526362878429,0.00532937461931387,"S000007380","S000007380",NA
"S000004410",420.882143599359,1.04920534787987,0.242295609929483,4.3302697402781,1.48926800857384e-05,0.000152261141963848,"S000004410","S000004410","CDC73"
"S000004423",367.984119670125,1.02151733711616,0.194783027046636,5.24438577942205,1.56803807763964e-07,2.44405324358816e-06,"S000004423","S000004423","ATG23"
"S000004429",43.1972846831266,-1.32709599205443,0.427369780257909,-3.10526399703216,0.00190109263112382,0.0111636470733988,"S000004429","S000004429","DIF1"
"S000004434",626.339204931662,1.00211954345062,0.198087503494201,5.05897406839678,4.2151817825744e-07,6.01874058125234e-06,"S000004434","S000004434","SIR3"
"S000004440",957.70453249359,-1.87136858901251,0.434825644305068,-4.30372176416436,1.67952567895185e-05,0.000170614502695514,"S000004440","S000004440","RPL6B"
"S000004445",131.517899076812,1.83421993479786,0.301179158441732,6.09012902581942,1.12819724151996e-09,2.71013834841088e-08,"S000004445","S000004445","RIF2"
"S000004448",116.129895488595,1.74686182353979,0.336185645383222,5.19612258146396,2.0348810633857e-07,3.09081350042208e-06,"S000004448","S000004448",NA
"S000004450",33.4317768375276,1.07889668948187,0.371025223124665,2.90787963253743,0.00363888369624756,0.0194286756333457,"S000004450","S000004450",NA
"S000004454",14.2533186970536,2.49021364034768,0.836025324314858,2.97863422066606,0.00289536188739956,0.0160090551089369,"S000004454","S000004454",NA
"S000004467",712.375258336779,-1.67018046855966,0.401699425446548,-4.15778655073507,3.21346062271695e-05,0.000303769792860406,"S000004467","S000004467","ERG6"
"S000004475",825.59319683426,1.06183449312843,0.284770927645315,3.72873207917825,0.0001924456247966,0.00151721550087771,"S000004475","S000004475","UBX2"
"S000004476",154.784551627733,-1.43463582517514,0.337271114430067,-4.25365755854735,2.10306839626844e-05,0.000208599282358534,"S000004476","S000004476","TRM9"
"S000004478",961.41571019532,1.10814638204834,0.277030340573196,4.00009031413492,6.33183145100372e-05,0.000559337867300347,"S000004478","S000004478","PPZ1"
"S000004483",195.973060278394,-1.33670257314374,0.463103229395479,-2.88640304860026,0.00389672782702647,0.0205520039969333,"S000004483","S000004483","UNG1"
"S000004486",1638.69341895563,-1.14403689530296,0.383360668207343,-2.98423127404454,0.00284291799473265,0.0157617637310759,"S000004486","S000004486","RPS17A"
"S000004488",1938.59796118075,-1.08199786313414,0.404658542675184,-2.673854000415,0.00749850887724257,0.0355005589209765,"S000004488","S000004488","RPS18B"
"S000004491",698.658323277036,1.25277170393776,0.190709674635107,6.56899922006969,5.06545497344892e-11,1.51465581455032e-09,"S000004491","S000004491","USA1"
"S000004500",53.3078448933187,-1.30082745591989,0.375751462513215,-3.46193584242972,0.000536304984444485,0.00375571148587214,"S000004500","S000004500","CGI121"
"S000004506",4857.25093756108,3.91360852814663,0.193888109968153,20.1848815215614,1.32945964915008e-90,3.80039335306042e-87,"S000004506","S000004506","CAT2"
"S000004517",204.899881115589,1.00995571104868,0.314061723855226,3.21578732566035,0.00130087198267643,0.00809815472491037,"S000004517","S000004517",NA
"S000004520",410.570229986286,-3.79652469876515,0.367152101545956,-10.3404683856615,4.62272548030462e-25,7.34140169888822e-23,"S000004520","S000004520","IMD4"
"S000004522",91.2878177102398,1.6892108673178,0.277263426395797,6.09244028062478,1.11202334300989e-09,2.67578276795293e-08,"S000004522","S000004522",NA
"S000004523",1130.41098567333,-1.20023824995365,0.200896455599889,-5.97441227307701,2.30921154785066e-09,5.24730694013188e-08,"S000004523","S000004523","SML1"
"S000004525",97.5872590645003,-2.31803161928098,0.491632786503347,-4.71496548423383,2.41751726638419e-06,2.95835396305045e-05,"S000004525","S000004525","OGG1"
"S000004529",89.2328352712364,-1.84167276250014,0.394455821316861,-4.66889487484772,3.02824274504383e-06,3.60088798293773e-05,"S000004529","S000004529","TEM1"
"S000004530",586.567852417952,1.31705124641503,0.154464891345288,8.52654111199232,1.50788601693559e-17,1.14032882751642e-15,"S000004530","S000004530","ORC1"
"S000004537",2718.28349469085,2.13684045099649,0.212198417822954,10.0700112325029,7.49695223476552e-24,1.10467977620107e-21,"S000004537","S000004537","TCB3"
"S000004540",951.391338863862,1.97780626623625,0.344502747207933,5.74104642783152,9.40932870563982e-09,1.9049225947551e-07,"S000004540","S000004540","HMG1"
"S000004541",880.666458763759,1.12879957286467,0.20187823402158,5.59148725634286,2.2513282042968e-08,4.22841445782053e-07,"S000004541","S000004541","WAR1"
"S000004546",1221.11256609425,-1.3091695177609,0.268241736552902,-4.8805586132295,1.05785766721247e-06,1.3974084692669e-05,"S000004546","S000004546","TDA9"
"S000004548",57.147116568714,1.62331271907343,0.345256031001895,4.70176498977515,2.57922257254465e-06,3.12149265278414e-05,"S000004548","S000004548",NA
"S000004550",699.421211628213,-1.14180631510606,0.27931321017514,-4.08790659915477,4.35283325482885e-05,0.000401905980046956,"S000004550","S000004550","TUB1"
"S000004552",280.70128920182,1.07472239663218,0.373355444001329,2.87855022311755,0.0039950766255566,0.0210086939694925,"S000004552","S000004552","AIM33"
"S000004555",36.5599617134862,2.09444508002632,0.716987500053901,2.92117377202373,0.00348715265883946,0.0187210767445581,"S000004555","S000004555",NA
"S000004556",2604.82718858256,1.81104317150008,0.236461565492971,7.6589325107632,1.87484883212463e-14,8.61646763908594e-13,"S000004556","S000004556","RPM2"
"S000004560",105.56540341717,1.04591975623565,0.249720662452064,4.18835888854981,2.80978933559112e-05,0.00027062209550946,"S000004560","S000004560","RAD10"
"S000004575",233.321846720915,1.15730957011302,0.446698056358128,2.59080950463143,0.00957504775246898,0.0433226202994743,"S000004575","S000004575","PML39"
"S000004587",636.479035635724,-1.30800406912965,0.327641498032431,-3.99218071271357,6.54684499101466e-05,0.000575840341271215,"S000004587","S000004587","NGL3"
"S000004588",547.041436804292,1.15569696632656,0.261441851434279,4.42047422777328,9.84845314763448e-06,0.000104735075029122,"S000004588","S000004588",NA
"S000004589",2614.50723301656,1.17150752332388,0.18769550882332,6.24153199332347,4.33305784356455e-10,1.11189220391505e-08,"S000004589","S000004589","NDI1"
"S000004590",492.175884185565,1.22506621369223,0.213505052971311,5.73787925223877,9.58694244678942e-09,1.93813533793439e-07,"S000004590","S000004590","GTR1"
"S000004593",475.38689584439,-1.91033090872244,0.320604729076156,-5.95852380040428,2.54526583758542e-09,5.71106508894951e-08,"S000004593","S000004593","TUB3"
"S000004595",866.629233096479,-1.01319465459237,0.2926119321883,-3.46258830600375,0.000535006322034517,0.0037519831771028,"S000004595","S000004595","ERG13"
"S000004596",487.635035932451,-1.34352161193236,0.225970334560114,-5.94556632642835,2.75502664174753e-09,6.13358189883137e-08,"S000004596","S000004596","RSC9"
"S000004599",904.798727752275,-2.35262554166511,0.367162187018442,-6.40759213460874,1.4783575159287e-10,4.11894034603681e-09,"S000004599","S000004599","ERO1"
"S000004602",615.187306195166,1.72403207739457,0.259770623375992,6.63674766218351,3.20679925679557e-11,9.87818572788343e-10,"S000004602","S000004602",NA
"S000004603",265.223661036164,1.14173695040144,0.319789973334079,3.57027125803188,0.000356611746457078,0.00262734623304692,"S000004603","S000004603","CDC5"
"S000004611",373.568757726526,1.31974755262524,0.263846652056118,5.00194920928742,5.67535444235329e-07,7.87551854801511e-06,"S000004611","S000004611","ADI1"
"S000004617",1090.19093194608,1.34911857999729,0.530019450280372,2.54541334149836,0.0109148451936024,0.0482392957180456,"S000004617","S000004617","ERG5"
"S000004618",1270.18229700219,-1.35649539952588,0.24852383392684,-5.45821049873713,4.80957264441749e-08,8.36292236090744e-07,"S000004618","S000004618","SOK2"
"S000004620",555.502417588454,2.1277008650014,0.588155173056258,3.61758420646907,0.000297365600003229,0.00224038990997789,"S000004620","S000004620","PEX9"
"S000004621",758.311653558442,1.74026594880941,0.215577349853134,8.07258253241816,6.88266173410444e-16,3.85779937904136e-14,"S000004621","S000004621","STB4"
"S000004627",152.306933119983,1.77865177838929,0.259901462710047,6.84356201709261,7.72478593291857e-12,2.61893777690435e-10,"S000004627","S000004627","CSI1"
"S000004628",398.333915665439,1.48699349134931,0.17914202885557,8.30064000530092,1.03552027450544e-16,6.75830652214896e-15,"S000004628","S000004628","PEX12"
"S000004631",795.347510286564,1.09865336806238,0.196814623222928,5.58217346898027,2.37531284024464e-08,4.43795378112635e-07,"S000004631","S000004631","FAR8"
"S000004637",577.081329810019,1.00949535923928,0.311794661476927,3.23769289203812,0.00120500448493446,0.0075541288730748,"S000004637","S000004637","RCH1"
"S000004653",216.215988048904,1.41242237952191,0.336331861890023,4.19949026412417,2.67516531915765e-05,0.000258877033897903,"S000004653","S000004653",NA
"S000004656",113.828865692679,1.48512252689751,0.238268984769646,6.23296619294912,4.57684972146193e-10,1.16815916194385e-08,"S000004656","S000004656","FAR3"
"S000004657",720.237868020472,1.00497952505194,0.15539195432002,6.46738455314263,9.97136662373745e-11,2.86186231231083e-09,"S000004657","S000004657","STB2"
"S000004658",724.866515592039,1.03873605834866,0.22293063584789,4.65945855489066,3.17042220498083e-06,3.74812610221597e-05,"S000004658","S000004658","STV1"
"S000004660",1348.54710509069,1.68169707335988,0.190860267664149,8.81114280065407,1.23876443134362e-18,1.05390833435681e-16,"S000004660","S000004660","AAC1"
"S000004667",76.3518784867829,1.27134567595633,0.286210048884641,4.4420022319648,8.91256354429357e-06,9.60688316278944e-05,"S000004667","S000004667","RIM9"
"S000004672",331.922563488712,1.07363846884873,0.215051418419555,4.99247331981839,5.96109503916922e-07,8.24003204979164e-06,"S000004672","S000004672","AVO2"
"S000004680",549.405125199615,1.35448747898866,0.177339224600222,7.63783354777882,2.20907189098284e-14,1.00876244529769e-12,"S000004680","S000004680","RCO1"
"S000004686",1929.45225633436,2.26583794401629,0.322649879138948,7.02259040066312,2.17791995057923e-12,7.85424533991232e-11,"S000004686","S000004686","ISF1"
"S000004689",255.297166867684,1.42755554195938,0.393025679040442,3.63221951666036,0.000280993926276143,0.002126600740247,"S000004689","S000004689",NA
"S000004690",633.037329858974,1.1531404941844,0.336040740357862,3.43154967744798,0.000600143201390035,0.00413988744086282,"S000004690","S000004690",NA
"S000004692",1110.27028122826,1.03855886866787,0.232527765907793,4.46638647480794,7.95518452007734e-06,8.67965285079889e-05,"S000004692","S000004692","SEG1"
"S000004693",191.576149454983,1.06652953486914,0.285191528527241,3.73969570687042,0.000184243155222709,0.00145974912283713,"S000004693","S000004693",NA
"S000004699",188.713679421902,-1.74465264621398,0.654755889375598,-2.66458488502906,0.00770834095528765,0.0363975280059222,"S000004699","S000004699","UTP15"
"S000004700",111.714239686928,1.05847172459328,0.271787507098796,3.89448262685791,9.84085442067185e-05,0.000831296289802971,"S000004700","S000004700","CTF13"
"S000004701",544.417299966723,1.39545070270224,0.276043003482691,5.0551931586621,4.29955383797271e-07,6.12086882531314e-06,"S000004701","S000004701","SNO1"
"S000004705",1174.01944468008,1.03986969417018,0.179254127798195,5.8010920414668,6.58844214365425e-09,1.37272016850219e-07,"S000004705","S000004705",NA
"S000004707",71.9890846151474,2.24620324506043,0.34828747423614,6.44927943500344,1.12383185268077e-10,3.21258573407325e-09,"S000004707","S000004707","SRT1"
"S000004708",542.881293909114,1.44808680865615,0.241021808079232,6.00811528299597,1.87692368484202e-09,4.35501140055958e-08,"S000004708","S000004708",NA
"S000004710",3615.69601858534,1.28203648505722,0.310615943517366,4.1274007719618,3.66886661265891e-05,0.000343412642401662,"S000004710","S000004710","YPK2"
"S000004711",4709.1795724802,1.62624592008952,0.140385313271765,11.5841599252006,4.95803412483372e-31,1.18108636243747e-28,"S000004711","S000004711","PGM2"
"S000004712",248.889184851695,1.82147994720549,0.406513852129954,4.48073279092886,7.43871950879702e-06,8.1534983082236e-05,"S000004712","S000004712","YKU80"
"S000004718",73.8248685591353,1.04888086516774,0.3103122676698,3.3800818544623,0.000724642451370133,0.00486715909653821,"S000004718","S000004718","MED11"
"S000004724",2986.54369993066,2.11481385646303,0.302617565476385,6.98840416990951,2.78030479791891e-12,9.90994924604864e-11,"S000004724","S000004724","SHH3"
"S000004727",2029.35316565056,1.15691969219445,0.256163892801086,4.51632616737601,6.29217237428165e-06,6.98245494919314e-05,"S000004727","S000004727","ADE17"
"S000007524",606.358127189398,-3.20817890056926,0.388998903476853,-8.24726977864132,1.62054294393734e-16,1.01589562709195e-14,"S000007524","S000007524",NA
"S000004730",74.3498761206757,-1.62776497803194,0.484528256248943,-3.3594841106555,0.000780881416587966,0.00519606056205391,"S000004730","S000004730","PKR1"
"S000004740",188.712975426075,1.48291258705326,0.200252172968299,7.40522594622738,1.30927356276674e-13,5.39292421689484e-12,"S000004740","S000004740","REC114"
"S000004744",3255.43773701371,-1.43428836463764,0.483850827833573,-2.96431933589867,0.00303353309383443,0.016657045144132,"S000004744","S000004744","GAT2"
"S000004746",98.1111773937497,1.00351370293107,0.317867836759015,3.15701554823197,0.00159392847086336,0.00964930945957222,"S000004746","S000004746","CIN4"
"S000004747",900.507293042487,1.0089664608998,0.184793477811922,5.4599679211985,4.76220621102421e-08,8.30200057813378e-07,"S000004747","S000004747","RIM11"
"S000004752",100.988452571699,-1.06377558072295,0.347067880394213,-3.06503609471056,0.00217643728975632,0.0125333675191326,"S000004752","S000004752","FDO1"
"S000004755",146.142854942435,2.62669390399443,0.517109616230488,5.07956886035484,3.7829239003701e-07,5.47814906869198e-06,"S000004755","S000004755",NA
"S000004756",186.4309044477,1.4462231632545,0.3008013903212,4.80790052768774,1.52523620608521e-06,1.93951967024697e-05,"S000004756","S000004756","OSW5"
"S000004760",1014.46937099973,1.73102943394143,0.204899708849876,8.44817908067258,2.95881289984789e-17,2.10399566057343e-15,"S000004760","S000004760","YIM1"
"S000004763",247.984412154789,1.10730594493131,0.191329599526672,5.78742624074195,7.14730541826855e-09,1.48267687000453e-07,"S000004763","S000004763","RIM13"
"S000004770",920.565711582587,1.12987958086289,0.18338204885336,6.16134233382019,7.21308659091611e-10,1.8055454753759e-08,"S000004770","S000004770",NA
"S000004772",878.122260050553,1.38394443913908,0.177905158711844,7.77911359715364,7.30344597783083e-15,3.58722176498749e-13,"S000004772","S000004772","DNF3"
"S000004773",185.424142105086,1.35223313760014,0.225301701298368,6.00187717095566,1.9504923409112e-09,4.5110658622401e-08,"S000004773","S000004773","INP2"
"S000004777",313.228776895655,1.07606988798217,0.299311732789498,3.59514770087198,0.000324207588039294,0.00241223272037774,"S000004777","S000004777","MLH1"
"S000004779",8571.76302291892,-1.08831522766522,0.320185733306474,-3.39901224338284,0.000676296888396331,0.00458336245891359,"S000004779","S000004779","ALD3"
"S000004782",42.1958225625329,1.04965200710639,0.40880856301549,2.56758811352641,0.010240875866787,0.0458130950748003,"S000004782","S000004782",NA
"S000004783",514.106851031977,1.37340999580175,0.16116691430318,8.52166216459387,1.57279599987484e-17,1.18315648559006e-15,"S000004783","S000004783","HOT1"
"S000004786",444.661249857888,-1.20466926981076,0.323630085535227,-3.72236489638611,0.000197365518991842,0.00154826858559297,"S000004786","S000004786","PAI3"
"S000004803",19023.100763256,-2.07036152427482,0.330876547527856,-6.25720239087215,3.91944632123493e-10,1.01689876583658e-08,"S000004803","S000004803","SPG5"
"S000004807",658.397327383324,-1.17082673029064,0.417799548161594,-2.80236475947023,0.00507294808320643,0.0256466940370475,"S000004807","S000004807","RPL36A"
"S000004808",1284.08663437292,2.80024012051314,0.490835975195606,5.7050425437891,1.16314033387926e-08,2.32189452404137e-07,"S000004808","S000004808","ICY1"
"S000004809",3429.46163276332,2.03755514702186,0.230287397325432,8.84787952222359,8.91978684239804e-19,8.00465537246105e-17,"S000004809","S000004809",NA
"S000004812",612.690964234202,-2.91781444214756,0.270348829157929,-10.7927763224862,3.7236737789271e-27,7.00295648976382e-25,"S000004812","S000004812","CLN1"
"S000004815",544.741797173553,-1.0018715668361,0.377966398256672,-2.65068950958901,0.00803276487319624,0.0376557259208245,"S000004815","S000004815","ERG2"
"S000004817",168.65218702207,1.24737737671019,0.374397481196609,3.33169275798398,0.00086319497592629,0.00565687564920425,"S000004817","S000004817","INP1"
"S000004818",4112.99242621495,1.00355360997513,0.219266431350242,4.57686844171835,4.71988070780989e-06,5.3882791498983e-05,"S000004818","S000004818","PFK2"
"S000004819",1777.04025232148,1.71484153536201,0.336507698267221,5.09599496294511,3.4691435086803e-07,5.05963960913954e-06,"S000004819","S000004819",NA
"S000004827",300.513034800499,-1.2500496747358,0.416021659901326,-3.00477065312488,0.00265781175562746,0.0148856204636298,"S000004827","S000004827","SCJ1"
"S000004828",285.830142752977,-1.85481107156506,0.233549676556429,-7.94182676214029,1.99225064855764e-15,1.05463846369757e-13,"S000004828","S000004828","GAS3"
"S000004830",1219.24389794927,-2.15430637112756,0.52413201932822,-4.11023614601668,3.95254693257263e-05,0.000368037480829059,"S000004830","S000004830","GUA1"
"S000004844",330.083239929286,1.10479412542589,0.374032908799027,2.95373508436262,0.00313953385823229,0.017153424096221,"S000004844","S000004844","PEP5"
"S000004845",251.806147610599,1.04268888025922,0.214394093521264,4.86342166957041,1.15373695766807e-06,1.50734573454751e-05,"S000004845","S000004845","FUS2"
"S000004860",1802.84314579187,1.50059670873345,0.350589031722699,4.28021578815493,1.86712188943311e-05,0.000188465912186917,"S000004860","S000004860","FAA4"
"S000004862",5287.79655662143,1.14208565816608,0.22317608010114,5.11741965200079,3.09743942124929e-07,4.56880305964046e-06,"S000004862","S000004862","GAD1"
"S000004863",337.488035902436,1.93707604139228,0.240716890200702,8.04711310360154,8.47698352349638e-16,4.71445624518808e-14,"S000004863","S000004863","GTO3"
"S000004864",51.2007248574033,-3.14376026079721,0.518482645970611,-6.06338569907585,1.33285514102885e-09,3.16453463965538e-08,"S000004864","S000004864","HOR7"
"S000004869",47.8299460662749,-1.25513238124386,0.410978433947184,-3.05401032650089,0.00225804308135018,0.0129823852621634,"S000004869","S000004869","COX7"
"S000004870",354.001268466019,1.16253189960911,0.236504698878616,4.91547062329516,8.85694316290784e-07,1.18532105456406e-05,"S000004870","S000004870","PET111"
"S000004871",584.386980303808,1.35924437380996,0.232104141635893,5.85618319530999,4.73625761917102e-09,1.00737098438707e-07,"S000004871","S000004871","ROY1"
"S000004880",314.097256381399,1.31043946581146,0.234437407811947,5.58971999410021,2.27436057100533e-08,4.26047649297236e-07,"S000004880","S000004880","PPA2"
"S000004882",224.998454932134,-1.66882618633147,0.251659410353242,-6.63128862929868,3.32768808445266e-11,1.02285259765768e-09,"S000004882","S000004882","TMA23"
"S000004884",1156.22257860519,1.39745932545893,0.223185038487432,6.26143819912741,3.81442987142211e-10,9.96702854702673e-09,"S000004884","S000004884","URA10"
"S000004892",344.653025817439,1.20319995112157,0.196549622655146,6.12160906171076,9.26350792992837e-10,2.27106893383304e-08,"S000004892","S000004892",NA
"S000004897",607.577937240687,1.03472714143754,0.210565231569327,4.91404556073096,8.92160029538178e-07,1.19285718448916e-05,"S000004897","S000004897","YKU70"
"S000004902",391.112420514129,1.10425951996707,0.268218601336528,4.11701319171961,3.83814111926012e-05,0.000358084536668308,"S000004902","S000004902","ABZ2"
"S000004903",269.532865937755,-2.30659748278877,0.582966426472489,-3.95665578332858,7.60063287200487e-05,0.000659198092473093,"S000004903","S000004903","HAS1"
"S000004911",799.112179942077,-1.34737067942288,0.267906126654588,-5.02926415400738,4.9236569982118e-07,6.93338221432919e-06,"S000004911","S000004911","LCB1"
"S000004918",18674.4465268019,3.58208840579912,0.90518750720408,3.9572888239072,7.58052525502274e-05,0.000657853354402186,"S000004918","S000004918","ADH2"
"S000004919",87.4739741864741,-3.21226598515139,0.417661841650333,-7.69106886197353,1.45910870232347e-14,6.83771825649486e-13,"S000004919","S000004919",NA
"S000004920",1924.93255675586,1.65121355167727,0.186153579656903,8.87016814138411,7.30355409142031e-19,6.60694295118167e-17,"S000004920","S000004920","UBP15"
"S000004921",1681.91959172909,-5.21866341355525,0.246384682978057,-21.1809571539803,1.43095297262032e-99,6.81753694588743e-96,"S000004921","S000004921","SCW10"
"S000004923",315.210039760623,1.13495281932839,0.211421820082334,5.36819150874021,7.95300810969593e-08,1.32639842370926e-06,"S000004923","S000004923","FKS3"
"S000004924",3814.54419927256,-4.86436583479368,0.251950364190963,-19.3068418472568,4.70476488726351e-83,8.40565056670717e-80,"S000004924","S000004924","GAS1"
"S000004933",55.5617556511561,-3.61349343147284,0.701719922724632,-5.1494810314668,2.61208187583921e-07,3.88900898451768e-06,"S000004933","S000004933",NA
"S000004934",22.965561785,1.81757102800312,0.583979138460545,3.11239033776875,0.00185578946307752,0.0109516097422655,"S000004934","S000004934",NA
"S000004935",1042.23849507163,-4.15812081522702,0.440587966725468,-9.43766314393684,3.81185574757045e-21,4.35862833600196e-19,"S000004935","S000004935","DIA1"
"S000004936",678.875964917316,1.42611966365424,0.192578430248944,7.40539665740715,1.3075903319941e-13,5.39292421689484e-12,"S000004936","S000004936",NA
"S000004937",656.836463236095,-1.41842200730132,0.209443912012365,-6.77232388219326,1.26730032754957e-11,4.11670990492408e-10,"S000004937","S000004937","ADH6"
"S000004938",454.003238708176,1.35099526283052,0.294634582419697,4.58532481739047,4.53281194486752e-06,5.18299849023931e-05,"S000004938","S000004938","FET4"
"S000004939",16.9413498044985,2.3045744745468,0.603218756150804,3.82046223040628,0.000133201803094965,0.00109578057145301,"S000004939","S000004939",NA
"S000004941",228.237419920647,1.40340518136526,0.243719315790708,5.75828459394835,8.49730086088804e-09,1.73750960235583e-07,"S000004941","S000004941","SNO4"
"S000004942",749.185608956276,1.44851290628247,0.272102342392515,5.32341211599328,1.01838665443625e-07,1.65406823316561e-06,"S000004942","S000004942","ERR3"
"S000004953",866.713208632336,1.49043494591187,0.370725131937135,4.0203234620862,5.81182877623184e-05,0.000520153216647976,"S000004953","S000004953","ASI3"
"S000004958",165.339763387084,1.97470393398478,0.280532320327376,7.03913164686456,1.93441542678178e-12,7.03526709796234e-11,"S000004958","S000004958",NA
"S000004959",3578.46697580471,2.30417019894518,0.255623161173738,9.01393359023172,1.98795097959197e-19,1.90696532559114e-17,"S000004959","S000004959","HEF3"
"S000004964",111.146146036357,-1.58261420735435,0.445536379386488,-3.55215484206618,0.000382089940940802,0.00279631926567685,"S000004964","S000004964",NA
"S000004969",19.6781921294879,-2.86680437242269,0.715985939793187,-4.00399534835945,6.22815896163637e-05,0.000552570304398936,"S000004969","S000004969","EFM6"
"S000004970",201.154204256112,1.33022048069085,0.238619371620071,5.57465419366212,2.48022040989425e-08,4.60386887254785e-07,"S000004970","S000004970","SSN8"
"S000004975",1195.21058761847,-1.62912491762479,0.298806264279629,-5.45211099088679,4.97753715045655e-08,8.62350769593642e-07,"S000004975","S000004975","HHF2"
"S000004978",34.4861426251047,1.43452406777211,0.429755349225991,3.3380016568863,0.000843832462020169,0.00554779088300565,"S000004978","S000004978",NA
"S000004985",558.618316860304,1.71586428778068,0.282825679774082,6.06686171196085,1.30433770664604e-09,3.11233703524071e-08,"S000004985","S000004985",NA
"S000004986",570.141204727083,1.62964854677186,0.342412501624022,4.75931380730151,1.94252224555095e-06,2.41220420987486e-05,"S000004986","S000004986","COG6"
"S000004988",92.6954498718257,-1.11756548647711,0.358034140297833,-3.12139363454963,0.00179997258192078,0.0106928545774703,"S000004988","S000004988",NA
"S000004990",1428.30723248979,-1.31604208707658,0.200330117322005,-6.56936712596843,5.05295616839259e-11,1.51408600660032e-09,"S000004990","S000004990","LAP2"
"S000004993",499.978202828913,1.10249548319557,0.297035586649427,3.71166127140444,0.000205903413559917,0.00160818442077153,"S000004993","S000004993","ALG11"
"S000004996",309.518839438969,1.26261549343947,0.307249838999191,4.10940978049721,3.96671646539945e-05,0.000369116396093452,"S000004996","S000004996","COG5"
"S000004997",1460.66665711216,1.03673424670041,0.332624082254638,3.11683459499707,0.00182804105612952,0.0108280939972064,"S000004997","S000004997","COX5A"
"S000004999",620.209548876204,1.06171088351702,0.20721963829544,5.12360166367679,2.99753904107469e-07,4.43517862464602e-06,"S000004999","S000004999","VAC7"
"S000005005",521.214353794235,-1.26753465635343,0.422520612258495,-2.99993567077849,0.00270036631299999,0.0150943823667223,"S000005005","S000005005","NOP2"
"S000005006",212.847598306922,-1.90889149971923,0.33877677690701,-5.63465865974396,1.75405409585551e-08,3.36519398551179e-07,"S000005006","S000005006","GCD10"
"S000005008",2580.79453209876,-1.04351358042539,0.380941162579882,-2.73930381625947,0.00615694481180733,0.0300653270226041,"S000005008","S000005008","YDJ1"
"S000005009",131.617688376739,-1.14664943038552,0.329228321978293,-3.48283957921797,0.000496125562773477,0.00350525094845344,"S000005009","S000005009","AQR1"
"S000005010",829.335171844091,-3.90817587671945,0.278026953395338,-14.056823732346,6.99562372277224e-45,3.99953799478334e-42,"S000005010","S000005010","SUN4"
"S000005013",2890.4868558959,-1.30550927245953,0.4723282274053,-2.76398740687435,0.00570997429500576,0.0282396756396254,"S000005013","S000005013","RPL16B"
"S000005018",1746.32217222949,-1.40957299698208,0.269866502954604,-5.22322326613168,1.7583516749759e-07,2.69600840589542e-06,"S000005018","S000005018","MLF3"
"S000005019",216.489069202672,-1.37461915200612,0.486800250647072,-2.8237848073803,0.00474602382459748,0.0242787825787301,"S000005019","S000005019","IMP4"
"S000005021",2293.75032147311,-2.10850725732446,0.357608864616503,-5.89612693070572,3.72132754798129e-09,8.07115851946838e-08,"S000005021","S000005021","APJ1"
"S000005030",48.3691978160478,1.12285874466619,0.314927333237334,3.56545344325508,0.000363227639911583,0.00266920959241967,"S000005030","S000005030","SNN1"
"S000005036",186.737489402409,1.32308282061321,0.201597846364247,6.56298092700186,5.27425961306627e-11,1.57052068019909e-09,"S000005036","S000005036",NA
"S000005037",766.932540864045,-1.14201255688682,0.298602797371968,-3.82452062384474,0.000131026778216731,0.00108002637892257,"S000005037","S000005037","YPT53"
"S000005040",696.216157845605,-1.51301468356556,0.323229699951884,-4.68092716662727,2.85580392698698e-06,3.43107452459306e-05,"S000005040","S000005040","RPS7B"
"S000005046",383.00371041387,-1.41074023735788,0.301800847302323,-4.67440780888431,2.94803024043358e-06,3.51721170505151e-05,"S000005046","S000005046","POL1"
"S000005048",12242.7210701569,2.20611350518551,0.142639389445577,15.4663695193903,5.85154084577345e-54,5.22725458178999e-51,"S000005048","S000005048","LEU4"
"S000005056",557.861133701964,-2.34459836955763,0.331391721854646,-7.0750058463621,1.49442460281555e-12,5.50510588867078e-11,"S000005056","S000005056","DBP2"
"S000005059",4363.48852649271,1.0257687186711,0.140069722621351,7.3232722923572,2.41996063415763e-13,9.63467892590946e-12,"S000005059","S000005059",NA
"S000005061",6578.96233611012,3.82865018331124,0.245837065469826,15.5739338003983,1.09463043476843e-54,1.11753948601037e-51,"S000005061","S000005061","MLS1"
"S000005062",1414.6239602781,1.05841433871531,0.155620696465044,6.8012440681568,1.03719529013167e-11,3.4079614441039e-10,"S000005062","S000005062","DCP2"
"S000005072",55.6527574528836,1.64098497697466,0.332177654285562,4.94008238002655,7.80895719826993e-07,1.05656875435764e-05,"S000005072","S000005072","TEP1"
"S000005073",81.4714530531119,-1.96576205680587,0.464542801000542,-4.23160589847043,2.32028703930027e-05,0.00022808708839559,"S000005073","S000005073","NRK1"
"S000005076",308.618206675766,-1.35098404894738,0.508776090431605,-2.65536072617193,0.00792236402393513,0.0372114193210992,"S000005076","S000005076","KRE33"
"S000005085",186.275038823778,-3.00895405751019,0.39203445919735,-7.67522850840897,1.65124027654919e-14,7.66016106730597e-13,"S000005085","S000005085","AAH1"
"S000005086",285.702110884328,1.41757445544169,0.220983291791078,6.41484903203401,1.40962480168819e-10,3.94281160284332e-09,"S000005086","S000005086","MEP2"
"S000005092",86.814585256177,1.17496272990368,0.271545271871174,4.32694968985173,1.51188476796211e-05,0.000154352635632017,"S000005092","S000005092","ALF1"
"S000005097",115.749230540024,-1.41609491815067,0.436633330147895,-3.24321305858858,0.00118189793144103,0.00744179168902495,"S000005097","S000005097","GIM3"
"S000005101",1626.10860951278,-1.35580282093221,0.192764647297348,-7.03346199596869,2.01470869628178e-12,7.30868817156232e-11,"S000005101","S000005101","IGO1"
"S000005104",13204.5736496286,-2.11564453250281,0.308545395445699,-6.85683391724812,7.04033994659409e-12,2.3958947346826e-10,"S000005104","S000005104","YGP1"
"S000005106",1301.72330066742,-1.27500127847903,0.480032024764954,-2.65607545476436,0.00790559233356897,0.0371692865867439,"S000005106","S000005106","RPL42A"
"S000005113",426.610956530509,-1.73585194556803,0.2065897294021,-8.4024116329105,4.37401478391534e-17,3.0496484539757e-15,"S000005113","S000005113","PSD1"
"S000005114",38.7673411580477,-1.50775940125146,0.409515289732297,-3.68181466981878,0.000231579733335303,0.00179110883580167,"S000005114","S000005114",NA
"S000005116",468.709411907344,1.04479736212628,0.16750092395438,6.23756178449999,4.44443591847839e-10,1.13842872012207e-08,"S000005116","S000005116","APC1"
"S000005117",1220.35316105106,1.85665981998718,0.17074551027703,10.8738426970923,1.53592520328363e-27,3.00725738774423e-25,"S000005117","S000005117","MDG1"
"S000005134",1341.18073783498,-2.24543187190441,0.350916286154557,-6.39876791274213,1.56635714252667e-10,4.34717332779295e-09,"S000005134","S000005134",NA
"S000005136",4469.09402014488,-1.80940423911486,0.345160848679532,-5.24220590497743,1.5866816451336e-07,2.46504790803201e-06,"S000005136","S000005136","CHS1"
"S000005144",2721.88479839435,1.09114329284061,0.195808063645072,5.57251459683731,2.51088446214911e-08,4.65474340045361e-07,"S000005144","S000005144","NNR1"
"S000005161",434.34199830928,-1.77410962925977,0.327141870151559,-5.4230588962454,5.85876777639603e-08,9.95711864780362e-07,"S000005161","S000005161",NA
"S000005162",271.049604636993,1.72606143310013,0.268479833632289,6.42901706898457,1.28431706815426e-10,3.63499878319383e-09,"S000005162","S000005162","MGS1"
"S000005167",626.747359596879,1.3611011315777,0.16494853728921,8.2516714239862,1.56194380062729e-16,9.87825785060436e-15,"S000005167","S000005167","ATG4"
"S000005181",553.104315318419,1.78880254326263,0.179925114850157,9.9419280335175,2.73481860257652e-23,3.75853483525251e-21,"S000005181","S000005181","YTP1"
"S000005183",1852.3926335224,2.0697241104584,0.368691229505317,5.61370584604196,1.98038759646537e-08,3.75905443775293e-07,"S000005183","S000005183","LAP3"
"S000005188",1429.59477350139,-1.09511228449573,0.205503239897137,-5.32892953436586,9.87933144774998e-08,1.61009446274447e-06,"S000005188","S000005188","SUI1"
"S000005191",695.814112399945,-1.23187464932766,0.41785994255651,-2.94805633148495,0.00319778788320956,0.0174184383440222,"S000005191","S000005191",NA
"S000005194",490.26370830495,1.53816235890792,0.251104861057114,6.12557778623834,9.03551147398386e-10,2.21897878861944e-08,"S000005194","S000005194","RAD50"
"S000005197",314.637355487293,1.58287219761176,0.258019528422809,6.13469921167344,8.53204684402103e-10,2.10619249640056e-08,"S000005197","S000005197","TEX1"
"S000005198",473.195780053035,3.65403393626591,0.273256604219466,13.3721706258604,8.79366737634721e-41,3.59108250886088e-38,"S000005198","S000005198","RTC4"
"S000005202",703.154968196338,1.05906519270292,0.311836311924712,3.39622151816181,0.000683230415265796,0.00462158652408614,"S000005202","S000005202","DSL1"
"S000005206",664.453207202247,1.01289003665687,0.209060419353496,4.84496319192869,1.26635153598231e-06,1.64366976841153e-05,"S000005206","S000005206","POL2"
"S000005214",503.970216227112,1.77105546373032,0.48858090775846,3.62489699373573,0.000289076646945544,0.00218265848641979,"S000005214","S000005214","ALP1"
"S000005220",71.1353496431652,-1.99039068513511,0.453552640151456,-4.38844471166665,1.1416414840629e-05,0.000119105706070883,"S000005220","S000005220",NA
"S000005224",773.738138280801,1.28949183407226,0.223102769306465,5.77981097267757,7.47846023417593e-09,1.54912510329096e-07,"S000005224","S000005224","ERG24"
"S000007387",1082.86670390603,1.07188053688729,0.21396468993249,5.00961414346213,5.45392720875568e-07,7.59035848050097e-06,"S000007387","S000007387",NA
"S000005233",352.344420067591,-4.82227295387552,0.371050862547964,-12.99625857426,1.2847662708921e-38,4.4788205633807e-36,"S000005233","S000005233","PCL1"
"S000005237",749.623984589248,1.26711593951237,0.207497188761569,6.10666557496539,1.0173409141397e-09,2.46873577008468e-08,"S000005237","S000005237","MSB3"
"S000005238",1094.71252504826,1.00301104593293,0.215380215991991,4.65693212031243,3.20956208356104e-06,3.78813136749281e-05,"S000005238","S000005238","RIM21"
"S000005240",12.8789041491555,2.16076439484033,0.803686984074923,2.68856462485511,0.00717599440078422,0.0343491252412622,"S000005240","S000005240",NA
"S000005244",116.856351952342,-5.86358407927773,0.489120718470771,-11.9880100307551,4.1065211078102e-33,1.10744351309304e-30,"S000005244","S000005244","TOS6"
"S000005246",1921.73927664558,-1.40016698605335,0.417649844928823,-3.35249013750256,0.000800880948214336,0.00531429498274258,"S000005246","S000005246","RPS19B"
"S000005262",47.5959954497394,3.79712536563854,0.617411006110022,6.15007722256556,7.74452305847483e-10,1.92844021036203e-08,"S000005262","S000005262","HXT14"
"S000005263",20.2807944778685,3.41473957847899,0.803685929865106,4.24884827715241,2.14872382656457e-05,0.000212244019717259,"S000005263","S000005263",NA
"S000005265",864.903822750431,1.28598786394791,0.361431251331553,3.55804280678603,0.000373628433838172,0.00273579467461526,"S000005265","S000005265","VNX1"
"S000005266",5972.47731425796,-2.49179069417685,0.285970401678024,-8.71345663591568,2.94746462262412e-18,2.42115585351532e-16,"S000005266","S000005266","KRE1"
"S000005268",19.4604261251554,1.62287792056364,0.55354522073204,2.93178923741308,0.00337015377664415,0.0182174003672567,"S000005268","S000005268",NA
"S000005271",1114.50511342228,-3.19739247007797,0.375616191743715,-8.5123925441946,1.70380634564611e-17,1.27500021457172e-15,"S000005271","S000005271","EGT2"
"S000005272",13.1346602055723,1.59481037858216,0.594123369250551,2.68430844690374,0.00726800185071061,0.0346965766373436,"S000005272","S000005272","MDJ2"
"S000005273",456.961121697314,1.05203733319587,0.18853145792942,5.58016866124122,2.40285470981968e-08,4.48355122290506e-07,"S000005273","S000005273","PEX6"
"S000005276",99.368884880265,2.39118108372078,0.277654847109997,8.61206317343158,7.17572807414218e-18,5.60451810730679e-16,"S000005276","S000005276","THI12"
"S000005277",397.31144446617,1.04645277738601,0.346294577064955,3.02185724724684,0.00251228995332288,0.0142062430032765,"S000005277","S000005277","SNZ2"
"S000005283",253.641376937126,1.98100041367591,0.503534273548187,3.93419180727592,8.34771032216557e-05,0.000719624991765455,"S000005283","S000005283","YRF1-6"
"S000005284",13317.0963188893,1.90662206365662,0.244703293023672,7.79156684038651,6.61832862875863e-15,3.29601989863579e-13,"S000005284","S000005284","CIT1"
"S000005285",2218.88817329302,2.31938283367323,0.366403651206882,6.33013024306256,2.44954344751777e-10,6.60591028214555e-09,"S000005285","S000005285","ATO2"
"S000005291",302.560274062725,-1.30954279644856,0.244224845465411,-5.36203756809841,8.22884200604892e-08,1.36920650515084e-06,"S000005291","S000005291","LRO1"
"S000005292",68.4600326411441,-3.48813366419283,0.499545430799316,-6.98261549227167,2.89734606410239e-12,1.03014346503023e-10,"S000005292","S000005292","NRM1"
"S000005297",112.614911055513,-2.98932386613937,0.317771431623004,-9.40715107985486,5.09766366934519e-21,5.78261165285324e-19,"S000005297","S000005297",NA
"S000005311",309.049621188179,1.23125409008977,0.213957405229028,5.75466920049713,8.68116176963378e-09,1.77256921676251e-07,"S000005311","S000005311","CPR8"
"S000005312",476.974957607042,1.30549811365165,0.246121267107244,5.30428812185011,1.13113536613164e-07,1.82475370069069e-06,"S000005312","S000005312",NA
"S000005322",719.768815979866,1.76678129396569,0.21429795276622,8.24450850397574,1.658404640718e-16,1.03509072182456e-14,"S000005322","S000005322","ZRG17"
"S000005324",148.774116920469,-1.6258946646062,0.480699924831904,-3.38234848939234,0.000718689099132718,0.004831713684809,"S000005324","S000005324","COQ2"
"S000005325",43.2274400618412,-1.5250272201305,0.462390287804421,-3.29813852140325,0.000973281069162032,0.00627757505484338,"S000005325","S000005325",NA
"S000005326",411.211278552323,-2.29047328540311,0.346345448802373,-6.61326225975635,3.75941552082083e-11,1.13841792455704e-09,"S000005326","S000005326","MVD1"
"S000005333",713.940811311813,1.02120694075354,0.309864142506943,3.29566026095019,0.000981906807279523,0.00633035362942996,"S000005333","S000005333","LYS9"
"S000005336",383.344553258744,-1.44644560842233,0.553328470213427,-2.61408130303582,0.00894677436432158,0.0409466045434673,"S000005336","S000005336","NOG2"
"S000005340",404.45583422407,1.10220803690942,0.244505632171661,4.50790448923317,6.54710343523854e-06,7.25408910076469e-05,"S000005340","S000005340","BIO4"
"S000005345",167.359858135539,4.29256439036731,0.397323165816622,10.8037103287063,3.30569517136045e-27,6.29977347790066e-25,"S000005345","S000005345",NA
"S000005346",171.109096710188,1.28937870612569,0.202017971023303,6.38249507998947,1.74225626535194e-10,4.7796677160605e-09,"S000005346","S000005346",NA
"S000005347",442.565141781542,-1.05339050324013,0.273513319837216,-3.85133164215572,0.000117477279772595,0.000976222534761456,"S000005347","S000005347",NA
"S000005349",183.142850129828,1.17683559004884,0.426159894304507,2.76148836569767,0.00575385665720412,0.028437023928568,"S000005349","S000005349",NA
"S000005350",692.063627470472,-1.54388216477554,0.336716559239517,-4.58510911450996,4.53749410027126e-06,5.18420489010209e-05,"S000005350","S000005350","DSE4"
"S000005351",320.714619573986,1.80444270266444,0.219291406436582,8.22851534397119,1.89548026280767e-16,1.17281815568441e-14,"S000005351","S000005351",NA
"S000005352",353.501812114905,1.63117370286029,0.280114193677352,5.82324544660219,5.77156951625004e-09,1.21135158730928e-07,"S000005352","S000005352","BSC5"
"S000005355",79.66604803484,1.05385386376203,0.356660555863198,2.95478108368745,0.00312890984768744,0.0171019152783926,"S000005355","S000005355","HXT17"
"S000005356",128.874069921706,1.73759699734758,0.292364377733463,5.94325824102852,2.79411723107959e-09,6.21093586062529e-08,"S000005356","S000005356","MAN2"
"S000005358",77.2101623672761,-1.0616279464865,0.347350939060828,-3.05635548116537,0.00224045457038278,0.0128864455430507,"S000005358","S000005358","COS10"
"S000005367",295.334736511616,-1.59385958740126,0.36843783277291,-4.3259932765473,1.51846053944922e-05,0.000154913322557799,"S000005367","S000005367","CSI2"
"S000005373",737.014662424451,1.33957502092214,0.226460750351398,5.91526354497866,3.3134460434889e-09,7.25253970897196e-08,"S000005373","S000005373","HRD1"
"S000005378",486.134539241593,1.28009781353516,0.197619712361025,6.47758160479755,9.32043679058772e-11,2.69670046655608e-09,"S000005378","S000005378","TLG2"
"S000005385",614.629963832894,1.02303232307841,0.169751451174451,6.02664846751182,1.67394542325647e-09,3.92224621878767e-08,"S000005385","S000005385","LAG2"
"S000005389",71.2172256854189,-1.84926309545291,0.561389590962327,-3.29408155267526,0.00098743844967461,0.00636225036091272,"S000005389","S000005389",NA
"S000005390",1952.39151400843,-1.93075559879074,0.158129298123741,-12.2099801978496,2.74956085321884e-34,7.70577907354057e-32,"S000005390","S000005390","GAS5"
"S000005399",1000.08213467365,-1.33923870618838,0.405802767101358,-3.30022073470454,0.000966088100184264,0.00623962820421766,"S000005399","S000005399","RPP2A"
"S000005400",3342.64090204927,-1.48896539697916,0.40862153795371,-3.64387399752734,0.000268564934415002,0.00204289441596255,"S000005400","S000005400","RPS15"
"S000005410",63.1486675700883,1.00887264598089,0.348588877505039,2.8941618940963,0.00380172092551246,0.0201251841438332,"S000005410","S000005410",NA
"S000005411",2204.89971859576,1.31362482245617,0.154821727375401,8.48475756423371,2.16168945833149e-17,1.5887314164897e-15,"S000005411","S000005411","GAL11"
"S000005413",140.297882433722,-1.89374012268854,0.37148840716355,-5.09770987780732,3.43787165348825e-07,5.01915214946962e-06,"S000005413","S000005413","DDR2"
"S000005414",488.993262487793,1.37240077511798,0.185880533721133,7.38324098626125,1.54482041966793e-13,6.30860521666108e-12,"S000005414","S000005414","AIM39"
"S000005416",1011.8583969496,2.08404680617094,0.280090159251023,7.44062844529704,1.00207428762817e-13,4.20018996864206e-12,"S000005416","S000005416","THI20"
"S000005417",91.8337593200194,-1.23828561419597,0.312648929142248,-3.96062643679352,7.47533990731059e-05,0.000650304524012114,"S000005417","S000005417","GPM3"
"S000005419",2365.52092972364,1.22679681817027,0.273787154198649,4.48084141040508,7.43493434884533e-06,8.1534983082236e-05,"S000005419","S000005419","ARG1"
"S000005423",735.281257286409,1.00253720002081,0.22160533742264,4.52397587386985,6.06886454054432e-06,6.76089484629773e-05,"S000005423","S000005423","APM4"
"S000005426",530.641744432678,1.13461139538943,0.147616879435543,7.686190086987,1.51581244110505e-14,7.05716847580277e-13,"S000005426","S000005426","INP54"
"S000005428",238.302267534761,-1.33537770274651,0.284414508631748,-4.69518137162096,2.66370272447682e-06,3.2182842807225e-05,"S000005428","S000005428","RTG1"
"S000005431",453.410459583336,1.34079823692929,0.22643431054167,5.92135632502806,3.19297187720491e-09,7.02665725903953e-08,"S000005431","S000005431","NBA1"
"S000005439",12.142157542139,-2.65560883076951,0.863940641886316,-3.07383250887618,0.00211328041114516,0.012218898429004,"S000005439","S000005439",NA
"S000005440",52.6953836302194,-2.57872754670821,0.508050839653357,-5.0757273592298,3.86016468233086e-07,5.57869907022801e-06,"S000005440","S000005440","REX4"
"S000005442",1185.82099383533,1.56868113209937,0.196049270116777,8.0014637706378,1.22948765186524e-15,6.63134604079617e-14,"S000005442","S000005442","ATG19"
"S000005447",1662.27774562643,1.16276866506793,0.124265666748894,9.35711927106591,8.1940263808585e-21,9.00901685089312e-19,"S000005447","S000005447","DUF1"
"S000005448",260.072045597923,1.23551064744857,0.392970312766091,3.14403049622731,0.00166638072826155,0.0100326789170355,"S000005448","S000005448","MPD2"
"S000005457",672.787723915054,-1.30654840303397,0.44246684835984,-2.95287298444426,0.00314831474766977,0.0171939978183615,"S000005457","S000005457","WRS1"
"S000005465",220.781268185507,1.30322516274198,0.308075541736048,4.23021300359687,2.33470136152787e-05,0.000229188781320864,"S000005465","S000005465","WSC3"
"S000005477",429.72571709545,2.5879981839675,0.280369160964737,9.23068063214342,2.68917605390073e-20,2.8899543863461e-18,"S000005477","S000005477","RRI2"
"S000005484",103.679887549677,-1.97153710465093,0.569051657049792,-3.46460128922606,0.000531018125493953,0.00372782026900053,"S000005484","S000005484","TRM11"
"S000005486",3462.38289028479,1.11931313778048,0.243805080760776,4.59101645580044,4.41092553712177e-06,5.05982012055228e-05,"S000005486","S000005486","MDH2"
"S000005491",30.0651137354164,2.99956157998324,0.451686877479916,6.64079859197728,3.1198811617837e-11,9.66982103736714e-10,"S000005491","S000005491",NA
"S000005498",643.594193706007,1.34217742398241,0.245418484754075,5.46893370858906,4.52751031149975e-08,7.94984089462726e-07,"S000005498","S000005498","RTC1"
"S000005512",189.358953961314,1.70097277030579,0.30176514971197,5.63674357999704,1.73295854806322e-08,3.33367113424867e-07,"S000005512","S000005512","FRE7"
"S000005514",1672.30038724406,4.26165171435866,0.403534453939136,10.5608125223464,4.52725936892874e-26,8.08851477001231e-24,"S000005514","S000005514","ZPS1"
"S000005516",157.748601950271,1.29346976394361,0.280697857168266,4.6080500114692,4.06462910968641e-06,4.69650314185513e-05,"S000005516","S000005516","HXT11"
"S000005519",272.625589253514,1.00420905125521,0.171721922022953,5.84787917247388,4.9787997894041e-09,1.05269209156735e-07,"S000005519","S000005519","CSS3"
"S000005529",403.499596950464,1.16256289214492,0.299000490600222,3.88816382813003,0.000101005443980665,0.000850719393527193,"S000005529","S000005529","YSP3"
"S000005535",138.73588361508,1.92208591204325,0.315454227335107,6.09307387724882,1.10762913237248e-09,2.66970374182121e-08,"S000005535","S000005535","TIR4"
"S000005536",162.934661570264,-1.63236989190026,0.371414715473292,-4.39500597013271,1.10769709384292e-05,0.000116499739236916,"S000005536","S000005536","TIR2"
"S000005537",376.917763056318,1.6410465941723,0.383621217853009,4.27777849034694,1.88767721600277e-05,0.000190272005982565,"S000005537","S000005537","AUS1"
"S000005546",746.670734284873,-1.2997371546763,0.312067785451945,-4.16491933889936,3.11462661623726e-05,0.000295796400171955,"S000005546","S000005546","HSP10"
"S000005547",521.062328928904,-1.18323457734745,0.243222078728958,-4.86483210541928,1.14554006889766e-06,1.49937767442804e-05,"S000005547","S000005547","SFM1"
"S000005548",376.314412725641,1.12599498840693,0.191095200002679,5.89232481187984,3.80799721787923e-09,8.22170758839092e-08,"S000005548","S000005548","DDL1"
"S000005554",432.396111716361,-2.96816426554159,0.27448740667032,-10.8134806676452,2.97175907587771e-27,5.73991249615136e-25,"S000005554","S000005554","CIN5"
"S000005556",1601.19810268722,-1.03666333839903,0.245148494434514,-4.22871590865898,2.35028898790938e-05,0.000230244554518086,"S000005556","S000005556","DFG16"
"S000005559",222.718749922387,-1.00043866031042,0.288091248996845,-3.47264508656205,0.000515356373938329,0.00363035419058676,"S000005559","S000005559","EXO1"
"S000005560",1050.40565255245,1.05236290909533,0.167061132430595,6.29926838028906,2.99053806568972e-10,8.00444954548748e-09,"S000005560","S000005560","AKR2"
"S000005562",2608.61206808594,-1.48636738123482,0.266581202053339,-5.57566463721407,2.4658656898354e-08,4.58317533222592e-07,"S000005562","S000005562","PEP12"
"S000005567",361.366255310539,1.31652526849481,0.294881925128094,4.46458448724154,8.02242878511477e-06,8.74634436503779e-05,"S000005567","S000005567",NA
"S000005570",232.448948322676,1.31932071603317,0.218514809099106,6.03767186980357,1.56353594435622e-09,3.67559527182293e-08,"S000005570","S000005570","IRC23"
"S000005575",237.161755370349,1.58041589557024,0.315009231508164,5.01704628783008,5.24719291938836e-07,7.34555616031517e-06,"S000005575","S000005575","RSB1"
"S000005577",241.758610599722,-2.17886237461847,0.412942345701697,-5.27643240587502,1.3172306795883e-07,2.08727029970682e-06,"S000005577","S000005577","ETT1"
"S000005578",1045.7133158285,-1.06555140515479,0.261127855525033,-4.08057349152719,4.49247221826424e-05,0.000412931867624764,"S000005578","S000005578","TMC1"
"S000005585",811.816796148102,1.23634004573056,0.166268350129665,7.43581111357869,1.03928254960491e-13,4.33074795379097e-12,"S000005585","S000005585","LPL1"
"S000005586",128.205826896681,1.29424203411767,0.30995890576563,4.17552782011784,2.97295916558693e-05,0.000284421053237844,"S000005586","S000005586","SLD7"
"S000005590",365.610191389567,1.03715080148184,0.146396365965671,7.08453925505941,1.39507664332482e-12,5.1657591873165e-11,"S000005590","S000005590","YNG1"
"S000005592",452.92897295679,1.24354752252318,0.275925542628637,4.50682278514841,6.58055485807923e-06,7.28550508028865e-05,"S000005592","S000005592","MSA1"
"S000005594",38.3879781161036,1.32710703531018,0.367675528498136,3.60945162907927,0.000306844982515384,0.00229860342510083,"S000005594","S000005594","VAM10"
"S000005595",688.81612082626,1.12061557121594,0.268588034083668,4.1722468204479,3.01610655649659e-05,0.000287586464389631,"S000005595","S000005595","VPS5"
"S000005596",645.703002871493,1.19290086067976,0.204693274343513,5.82774819791029,5.61802595600046e-09,1.18259860072334e-07,"S000005596","S000005596","GYP1"
"S000005599",164.653694053274,1.00227810965262,0.361458148361046,2.77287457537541,0.00555635318040607,0.0276197884948955,"S000005599","S000005599","SGO1"
"S000005600",232.623265109249,-2.1129917941024,0.270342858628693,-7.81597044886074,5.45411706736056e-15,2.75912166575859e-13,"S000005600","S000005600","CDC21"
"S000005603",149.956408391266,1.57791274036289,0.256724341890851,6.14633084163774,7.92958026027918e-10,1.9642546041624e-08,"S000005603","S000005603","RTS2"
"S000005607",694.018283847104,1.14227114098617,0.20986621870103,5.44285377635466,5.24336869444732e-08,9.02933358430549e-07,"S000005607","S000005607","TGL5"
"S000005612",1759.56678078209,1.49399930588006,0.177973114461247,8.39452245583628,4.67791609860271e-17,3.21449301910234e-15,"S000005612","S000005612","TCB1"
"S000005616",601.231304399985,1.18921222899701,0.267416973280832,4.44703346390858,8.70642790233302e-06,9.42020999303905e-05,"S000005616","S000005616","PTC5"
"S000005619",487.326677027287,1.33832196393448,0.255663242583115,5.23470621123564,1.65247491249186e-07,2.55614977535132e-06,"S000005619","S000005619","CMR2"
"S000005626",1823.03924858696,3.60782029203448,0.39485031621453,9.1371847606025,6.40992051283453e-20,6.49765914113077e-18,"S000005626","S000005626","CRC1"
"S000005630",262.786132032022,1.06228958492002,0.322579583102483,3.29310855542439,0.0009908620958029,0.00637658349181038,"S000005630","S000005630","PIN2"
"S000005632",186.624882404027,1.15896627977178,0.27856445277541,4.16049595784639,3.17557237627209e-05,0.000300784996514625,"S000005632","S000005632","VAM3"
"S000005634",474.019979675712,-1.56116895905972,0.479631265227876,-3.2549357647025,0.00113418015342021,0.00717682732725664,"S000005634","S000005634","LEU9"
"S000005641",292.849616439909,-1.03195207033839,0.263509106559507,-3.91619129908645,8.99588759905454e-05,0.000769468710073528,"S000005641","S000005641","TRS33"
"S000005644",947.501638219068,1.17545076977471,0.177612336637055,6.61806939782967,3.63920187024073e-11,1.10670451768831e-09,"S000005644","S000005644","RTC5"
"S000005646",2346.45758908207,1.68331591941412,0.224030033036834,7.51379579155515,5.74371561052316e-14,2.50289412259779e-12,"S000005646","S000005646","GCY1"
"S000005647",190.546280738014,1.34575944569628,0.289000215797292,4.65660360143195,3.21468546611224e-06,3.79104780256949e-05,"S000005647","S000005647",NA
"S000005650",1590.88497121043,1.12895037754677,0.22925434864245,4.92444476727247,8.46002192922796e-07,1.13752674914822e-05,"S000005650","S000005650","UBP2"
"S000005651",276.545827940205,1.85627185498008,0.253876772649442,7.31170416107053,2.63775358983484e-13,1.04436044486176e-11,"S000005651","S000005651","CAT5"
"S000005660",243.083232185004,1.03774414813345,0.327830431529086,3.1654905961388,0.00154821666244659,0.0093915203378629,"S000005660","S000005660","BAG7"
"S000005663",471.339342208381,1.81353135671619,0.237036787730798,7.65084345800284,1.99665287956237e-14,9.14684602807212e-13,"S000005663","S000005663","SIA1"
"S000005664",995.320489090731,1.34515917953769,0.16994532645133,7.91524667154011,2.46763355503006e-15,1.28722213146148e-13,"S000005664","S000005664","RUP1"
"S000005674",304.923228491877,1.24463831181982,0.208093345486998,5.98115383702927,2.21562496098975e-09,5.05877437179338e-08,"S000005674","S000005674","SPP2"
"S000005675",356.515156115031,1.13167875463439,0.285204727678095,3.96795229815298,7.24928392817899e-05,0.000631792775521111,"S000005675","S000005675","SMP3"
"S000005678",454.696507075286,1.55035179461992,0.206000968914991,7.52594418747461,5.23406963625342e-14,2.29480237150215e-12,"S000005678","S000005678","ATG40"
"S000005691",916.301533718131,1.31559738238306,0.27970244244386,4.70356057990849,2.55663189911656e-06,3.10454149116528e-05,"S000005691","S000005691","SEY1"
"S000005693",161.146543634696,-1.15274985169941,0.366739167483957,-3.14324172028839,0.00167087798315284,0.0100512874634695,"S000005693","S000005693","RPS28A"
"S000005699",4456.58532118423,1.08278777128506,0.216170842343315,5.00894459006371,5.47293255845849e-07,7.60939932471277e-06,"S000005699","S000005699","DCS2"
"S000005703",307.448586295976,3.01163560993593,0.648405778366004,4.64467731537698,3.40608403383162e-06,3.9838919063466e-05,"S000005703","S000005703","MPC54"
"S000005705",260.943798149105,1.04689806061771,0.318398341777416,3.2880135454649,0.0010089698483559,0.00647877738535066,"S000005705","S000005705","SYC1"
"S000005708",72.2712108430924,-1.35921484295866,0.458181091000426,-2.96654504006451,0.00301166245928557,0.0165560352040649,"S000005708","S000005708","RPS30B"
"S000005710",1888.38274579358,1.33029656340576,0.287160838464482,4.6325835044889,3.61130597220931e-06,4.20328959778401e-05,"S000005710","S000005710","SER1"
"S000005716",273.912530019989,1.37843776792591,0.215938162682807,6.38348382148044,1.73103891558229e-10,4.75802677315725e-09,"S000005716","S000005716","SPR1"
"S000005719",369.232923938789,1.34556886163904,0.234088028405633,5.74813189210771,9.02348417641222e-09,1.8372173694225e-07,"S000005719","S000005719","PEX27"
"S000005724",688.987762417732,-1.79450318302403,0.339641317313776,-5.28352438748253,1.26721985441057e-07,2.01472451380315e-06,"S000005724","S000005724","BFR1"
"S000005730",1793.75004093172,-2.60824469697044,0.357286691733691,-7.30014511403782,2.87457526765873e-13,1.12874462364413e-11,"S000005730","S000005730","DED1"
"S000005734",1120.95133928429,-1.12216772852969,0.170657268601646,-6.57556362951693,4.84692101589546e-11,1.45540004370155e-09,"S000005734","S000005734","PTP2"
"S000005740",25.9952791254035,1.38053584070583,0.392163623403758,3.52030570485748,0.000431049671335769,0.00310221195992051,"S000005740","S000005740","SPR2"
"S000005743",769.675975853542,1.75379158772756,0.178301523963595,9.83609981979537,7.87029092479038e-23,1.01342403772999e-20,"S000005743","S000005743","RFC1"
"S000005744",93.6672642206874,1.18897974859124,0.263631223690907,4.51001111304346,6.48242297633823e-06,7.18799624521353e-05,"S000005744","S000005744",NA
"S000005746",2289.2877301125,-1.38946055427682,0.374560860891129,-3.70957219334427,0.000207609753737815,0.00162062600227995,"S000005746","S000005746","RCN2"
"S000005748",503.205699757401,-1.28032190467448,0.307893224085869,-4.1583308904434,3.20581428817386e-05,0.000303247542163263,"S000005748","S000005748","ODC2"
"S000005750",274.977220841781,-1.41135364061586,0.39411259269867,-3.58109247652217,0.000342160511112699,0.00253000526918458,"S000005750","S000005750","RPB8"
"S000005752",224.538532601253,-1.82128336769568,0.368683284090825,-4.93996730062492,7.81356729417211e-07,1.05656875435764e-05,"S000005752","S000005752","ISU2"
"S000005753",1882.85466768662,1.12343643408657,0.156347324965338,7.18551746462973,6.69531155166188e-13,2.5587189306926e-11,"S000005753","S000005753","HER1"
"S000005754",353.415040126075,1.23019034078252,0.243721093441796,5.04753332348029,4.47550727589676e-07,6.34607395777703e-06,"S000005754","S000005754","MCP1"
"S000005756",6035.00477512319,1.58443331239391,0.194183291138476,8.15947295518858,3.36489608192803e-16,2.00393582079156e-14,"S000005756","S000005756","WTM1"
"S000005763",159.282856151586,2.76653047122507,0.397187009996441,6.96530954335556,3.27682452753235e-12,1.15425281095683e-10,"S000005763","S000005763","HES1"
"S000005773",1188.216993064,-5.78503232747845,0.250462406668016,-23.0974077285236,4.91622812561216e-118,3.51338242996873e-114,"S000005773","S000005773","SRL1"
"S000005774",28.7473387764504,-7.50196960967061,1.3165655066812,-5.69813622763185,1.21124251999497e-08,2.41118235909306e-07,"S000005774","S000005774",NA
"S000005775",326.558116510477,1.26671333893349,0.27884901059909,4.54264957301457,5.5551554183044e-06,6.24212550265918e-05,"S000005775","S000005775","APC5"
"S000005781",14.102891964531,2.01301749570671,0.654920721898383,3.07368117758084,0.00211435258639878,0.0122201542731087,"S000005781","S000005781","OSW1"
"S000005789",49.7885700510593,-1.08925406162203,0.363608640368696,-2.99567705684204,0.0027383627428692,0.0152709397908035,"S000005789","S000005789",NA
"S000005790",455.803448303704,-1.25726692270215,0.1922969581115,-6.53815294349663,6.22832159464776e-11,1.83928513537811e-09,"S000005790","S000005790","DSE3"
"S000005797",509.564024706894,-1.80523221509699,0.267492186333467,-6.74872877537632,1.49146090857156e-11,4.81206563571407e-10,"S000005797","S000005797","FSF1"
"S000005798",332.528216287417,-1.83305679304669,0.484320859662839,-3.78479835521184,0.000153833257277288,0.00124152385446882,"S000005798","S000005798","YTM1"
"S000005805",196.165597164176,1.14694782446913,0.36664742389537,3.12820369030175,0.00175878248634489,0.0104917688135758,"S000005805","S000005805","RFM1"
"S000005815",1608.12228674815,1.34240830778379,0.200724169697167,6.68782593451046,2.26510322997682e-11,7.16263727125193e-10,"S000005815","S000005815",NA
"S000005835",213.113341579032,1.14909983213161,0.359505826506853,3.19633159578209,0.00139187050359741,0.00858240082308791,"S000005835","S000005835","SNU66"
"S000005836",50.6825087293457,-3.1489644335714,0.588954927915152,-5.3466985066556,8.95730345272281e-08,1.47496242223234e-06,"S000005836","S000005836",NA
"S000005837",599.050134669949,-2.9785733607989,0.55129337206687,-5.40288258796191,6.5578387619924e-08,1.1066256130479e-06,"S000005837","S000005837","NOP58"
"S000005844",9640.1414014921,-1.53613029542802,0.460830461288622,-3.33339573762667,0.00085792819675093,0.00562645355632438,"S000005844","S000005844","FAA1"
"S000005854",573.718343199341,-1.78454837308632,0.226666594447286,-7.87301003678042,3.46208866895871e-15,1.77360692994361e-13,"S000005854","S000005854","SNC2"
"S000005855",3089.53562467134,1.80868519088696,0.189463643630897,9.5463443868447,1.34353554371997e-21,1.58703748151979e-19,"S000005855","S000005855","PDR10"
"S000005865",1417.96644551898,-3.05806514149567,0.326455992882141,-9.36746516581704,7.42953248832775e-21,8.23180681051694e-19,"S000005865","S000005865",NA
"S000005867",189.256216165706,-1.84619979561113,0.361668332146252,-5.10467638859948,3.31361071446103e-07,4.85758337864529e-06,"S000005867","S000005867","RPA43"
"S000005869",223.569943781753,-1.07273599022886,0.280388940392554,-3.82588553145853,0.00013030283155719,0.00107467880637445,"S000005869","S000005869",NA
"S000005871",730.081019026041,1.89293529116501,0.411595764132429,4.59901548101444,4.24492240766383e-06,4.88114850947218e-05,"S000005871","S000005871","TYE7"
"S000005872",29.0006595445985,2.57432459324398,0.63664968267612,4.04354963694155,5.26480038531233e-05,0.000476868136294481,"S000005872","S000005872",NA
"S000005873",809.104660105621,1.94415335355051,0.32996535176182,5.89199242638624,3.8156666930334e-09,8.22584073054698e-08,"S000005873","S000005873","REV1"
"S000005875",1497.53653291026,2.6721627221477,0.321209191077268,8.31907304142149,8.86539067381426e-17,5.86634393059385e-15,"S000005875","S000005875","PUT4"
"S000005877",682.060542737033,1.1973307531535,0.134849452817326,8.87901825434521,6.74530393236006e-19,6.14080440160652e-17,"S000005877","S000005877","MNE1"
"S000005879",368.610734953966,1.18544919206745,0.250068912214841,4.74049005759259,2.13201914887778e-06,2.63151551769517e-05,"S000005879","S000005879","TFB6"
"S000005880",604.157052580926,1.10007429099322,0.24053633522085,4.57342251424585,4.79821175855627e-06,5.45591413405288e-05,"S000005880","S000005880","SOG2"
"S000005890",1101.4561080914,1.0150474082012,0.231125837520979,4.39175221207825,1.12440802255558e-05,0.000117651272813959,"S000005890","S000005890","PIP2"
"S000005892",263.236972178867,1.19362581424834,0.299996641280916,3.9787972597021,6.9264772544778e-05,0.000606618501214774,"S000005892","S000005892",NA
"S000005896",3543.22605800373,-1.30157706325304,0.406035597710357,-3.20557377380866,0.00134793488435158,0.00836199362067586,"S000005896","S000005896","RPS12"
"S000005902",2015.99720698156,-1.92628117018992,0.347871490044454,-5.53733555441339,3.07107817226316e-08,5.58459546007091e-07,"S000005902","S000005902","GDH1"
"S000005908",282.660035378149,1.43024058975522,0.272460104464857,5.24935785576527,1.52630319812342e-07,2.38942514904469e-06,"S000005908","S000005908","FRE3"
"S000005909",235.44798312131,1.92388792138932,0.409086262480603,4.70289055839547,2.56503926964592e-06,3.10959340806185e-05,"S000005909","S000005909","FIT2"
"S000005911",991.229916841904,-1.34629921672245,0.328907165295068,-4.0932498856164,4.25368873761091e-05,0.000393769256001767,"S000005911","S000005911","FRE5"
"S000005913",358.994872669383,1.01030716724411,0.229207781072082,4.40782229346038,1.04415158719091e-05,0.000110385049080767,"S000005913","S000005913","PHR1"
"S000005914",70.1767056159622,2.72429393596549,0.453695456982851,6.00467536986702,1.91715097350195e-09,4.44114082078824e-08,"S000005914","S000005914",NA
"S000005918",660.912013121156,2.04603799548776,0.349446711959344,5.85507868714987,4.76784221248511e-09,1.01258200212555e-07,"S000005918","S000005918","HSP33"
"S000005920",1816.46726795551,1.93562954194219,0.259904000228945,7.44747883925269,9.51408033052417e-14,3.99955147541712e-12,"S000005920","S000005920","ERR1"
"S000005925",7747.4454179429,1.20652972331731,0.415912968857717,2.90091873458763,0.00372070356521859,0.0197695226980183,"S000005925","S000005925","LSP1"
"S000005935",1060.18138437514,-1.13644313470288,0.29746839360683,-3.82038280075206,0.000133244709521118,0.00109578057145301,"S000005935","S000005935","CIP1"
"S000005937",652.587812403975,1.45437074137134,0.463636278575204,3.13687864513267,0.00170756788904194,0.0102461241973453,"S000005937","S000005937","SWI1"
"S000005939",320.411317193911,1.02865031597931,0.314870348297701,3.26690119136511,0.00108731623197046,0.0069132610780933,"S000005939","S000005939","CTF19"
"S000005957",2889.99631856743,3.03238196082644,0.230743565295069,13.1417834206935,1.89702363830193e-39,6.95234842621783e-37,"S000005957","S000005957","PMA2"
"S000005963",387.656629772622,1.00682854908814,0.245819460170865,4.09580489839295,4.20704128390747e-05,0.000390462604356425,"S000005963","S000005963","SSN3"
"S000005966",549.795334084365,1.17497049260746,0.300225277493943,3.91362946656338,9.09191169976016e-05,0.000776752504032708,"S000005966","S000005966","VPS16"
"S000005968",32.928103575908,1.57643768292117,0.534778365619936,2.94783369011891,0.00320009173179544,0.0174243470943056,"S000005968","S000005968","SGF11"
"S000005976",1114.58119201948,-1.4191704472778,0.343213423000112,-4.13495030256244,3.55031457548617e-05,0.000333188747389519,"S000005976","S000005976","LGE1"
"S000005979",1564.54240200824,1.16438315195705,0.328070652672342,3.54918412382337,0.000386426776993419,0.0028237208198195,"S000005979","S000005979","PDR12"
"S000007388",155.558042268776,1.85691963158262,0.546063881658988,3.40055384351945,0.000672494902527327,0.00456625636191121,"S000007388","S000007388",NA
"S000005981",239.540141383393,1.24158355404932,0.261700780592975,4.74428678140002,2.09242241285515e-06,2.58487411814508e-05,"S000005981","S000005981","MFM1"
"S000005986",301.144368150072,1.33577880055468,0.21865154928925,6.10916686799965,1.00152571455777e-09,2.43449099288678e-08,"S000005986","S000005986","VPS28"
"S000005988",179.528528075522,-1.43861929480576,0.325695365658841,-4.41707020268962,1.00047743350136e-05,0.000106239405327154,"S000005988","S000005988",NA
"S000005991",996.412646687042,1.94231665509388,0.288574369585135,6.73073169279109,1.68812004728586e-11,5.4099326986226e-10,"S000005991","S000005991","MUK1"
"S000005993",156.261928394662,1.35406096104919,0.326943510850518,4.14157466385158,3.44929550013345e-05,0.000324560767501037,"S000005993","S000005993","UBP16"
"S000005995",562.497390820233,1.28868426108276,0.246846842334613,5.22058232098382,1.78361400623045e-07,2.72946413180426e-06,"S000005995","S000005995","YTA6"
"S000005996",762.321605492079,2.21462674981452,0.26417914537223,8.38304911121616,5.15739443742008e-17,3.52701620545671e-15,"S000005996","S000005996","GCR1"
"S000005997",380.209631795577,2.21396943532308,0.280006448933424,7.90685158772713,2.63980022010477e-15,1.36705306325933e-13,"S000005997","S000005997","GPI2"
"S000005998",84.2789877126396,1.11176442482126,0.330683838560265,3.36201620757057,0.000773755818675551,0.00516306812153579,"S000005998","S000005998",NA
"S000006000",1306.62568742013,-1.60104965971548,0.409431198381925,-3.91042418370373,9.21341769892917e-05,0.000785255689748328,"S000006000","S000006000","RPL21B"
"S000006011",3355.51330908485,-1.13396949092879,0.433481699435486,-2.61595701134682,0.00889777592044816,0.040748449609409,"S000006011","S000006011","RPS6A"
"S000006017",456.998682679715,1.34532428971314,0.254250382765822,5.29133633970673,1.21425821774744e-07,1.93915002304627e-06,"S000006017","S000006017","PNG1"
"S000006027",6057.01982999139,-1.49442007124009,0.369865496672597,-4.04044195710134,5.33505680506227e-05,0.000481705413232817,"S000006027","S000006027","SSE1"
"S000006030",527.114687245996,2.26960692267405,0.24158009008987,9.39484260408105,5.73034344426568e-21,6.39873428506949e-19,"S000006030","S000006030",NA
"S000006034",543.857924588134,2.3527383289447,0.411835094078115,5.7128165199502,1.11121470361242e-08,2.22757247668056e-07,"S000006034","S000006034",NA
"S000006035",106.366599849462,2.07793969383118,0.476096301169373,4.36453652071527,1.27392566368796e-05,0.000131943619645594,"S000006035","S000006035",NA
"S000006037",314.13488272637,1.54666655441048,0.364832785052511,4.23938477510421,2.24133201456205e-05,0.000220781243860341,"S000006037","S000006037","HOS3"
"S000006041",473.720522665806,1.36684443998503,0.193523234908552,7.06294745760594,1.63007372383074e-12,5.95873241297003e-11,"S000006041","S000006041","VPS30"
"S000006044",1176.28373801502,1.27343785586276,0.274865187647885,4.63295431029299,3.60484119432248e-06,4.19918461209871e-05,"S000006044","S000006044","RNY1"
"S000006046",812.105094949734,1.30759545967282,0.218402855417021,5.98708042152691,2.13641163066938e-09,4.89354670467267e-08,"S000006046","S000006046","KAP120"
"S000006051",47.7349697368873,1.66998281386283,0.613899433978814,2.72028726763814,0.00652252252090716,0.031677340941667,"S000006051","S000006051","SPO19"
"S000006052",5937.4402406323,-1.37735271279441,0.499955062897981,-2.75495302479909,0.0058700562679422,0.028901382789424,"S000006052","S000006052","RPL5"
"S000006055",961.891100908376,1.87233749355304,0.278729984665564,6.71738814106985,1.85010687464879e-11,5.90258427664177e-10,"S000006055","S000006055","ODC1"
"S000006057",50.0876381205313,-2.64053410705539,0.431850989697832,-6.11445653720275,9.68865703204177e-10,2.36006919347941e-08,"S000006057","S000006057",NA
"S000006058",941.170658042722,-1.4299688752053,0.277412051900889,-5.15467466321969,2.54071647664554e-07,3.79065350737941e-06,"S000006058","S000006058","GIP3"
"S000006069",69.2039191683174,1.2734697899766,0.427123768152098,2.98150064438259,0.00286839443063351,0.0158845259965303,"S000006069","S000006069","PPT2"
"S000006076",107.851820840041,-1.47226779806545,0.382294954151407,-3.85113060498925,0.000117573772068002,0.000976456667151626,"S000006076","S000006076","KIP2"
"S000006077",497.104891482956,2.39922218301183,0.286350769859621,8.37861265114813,5.35552092566391e-17,3.64506955192925e-15,"S000006077","S000006077","PRM4"
"S000006079",305.895541402719,1.69772706893112,0.236768438317081,7.17041122963152,7.47728178911751e-13,2.82732245004911e-11,"S000006079","S000006079","AIM44"
"S000006082",298.804486474179,1.51508846791275,0.323315376900112,4.68610086671144,2.78459067686933e-06,3.35018135896408e-05,"S000006082","S000006082","BEM4"
"S000006083",348.915691293373,1.00359636872705,0.1873743392987,5.35610357577928,8.50357744392335e-08,1.40673185655088e-06,"S000006083","S000006083",NA
"S000006084",886.198544472652,-2.99762801325845,0.34649992559371,-8.65116495515019,5.09763564298161e-18,4.04780590250757e-16,"S000006084","S000006084","SVS1"
"S000006088",1057.15035700246,1.737917794415,0.273782198308021,6.34781152739426,2.18399410494202e-10,5.91208858748793e-09,"S000006088","S000006088","REV3"
"S000006095",428.194535758397,1.59917985272976,0.275607097418198,5.80238995189304,6.53763011620886e-09,1.36412185767844e-07,"S000006095","S000006095","NIP100"
"S000006098",1356.94858805214,1.97526625225006,0.266553257735836,7.41039996670241,1.25919071485213e-13,5.2166993876468e-12,"S000006098","S000006098","CUP9"
"S000006102",1229.70752783792,1.39822158423089,0.18046296726302,7.74796959972966,9.33734860711883e-15,4.50874066356586e-13,"S000006102","S000006102","CTI6"
"S000006103",136.244024190992,1.54032636351902,0.306413657078496,5.02695075084209,4.98340269145192e-07,7.01060774300416e-06,"S000006103","S000006103",NA
"S000006108",1336.3505898509,-3.73101386277058,0.486134717679445,-7.67485581071128,1.65604825424862e-14,7.66016106730597e-13,"S000006108","S000006108","MF(ALPHA)1"
"S000006110",62.9392628945036,1.56339709915626,0.434965500540005,3.59430138071945,0.000325263161791412,0.00241882745654769,"S000006110","S000006110","GUP2"
"S000006112",216.463328236056,1.21790539982275,0.260390294525525,4.67723039386694,2.90775499100328e-06,3.4807824192973e-05,"S000006112","S000006112",NA
"S000006113",44.5968570293863,1.55773538448779,0.574236398340172,2.71270749989102,0.00667359847816871,0.0322903666379368,"S000006113","S000006113","PRM3"
"S000006114",445.594792026362,1.43016086285942,0.31180586743131,4.58670285662435,4.50300858967608e-06,5.15304257583989e-05,"S000006114","S000006114","RSA1"
"S000006115",220.637075409113,1.37433625467168,0.18161509882632,7.56730174722956,3.8105607591384e-14,1.69670856480888e-12,"S000006115","S000006115","DDC1"
"S000006122",1228.95509499855,1.75080155287804,0.36722067955832,4.76770958265161,1.86332118238439e-06,2.32801133390036e-05,"S000006122","S000006122","YIG1"
"S000006124",1398.14856277688,1.09123037643737,0.187908531404826,5.80724232305584,6.35101862830287e-09,1.32712148032651e-07,"S000006124","S000006124","TPK2"
"S000006132",157.934686521598,-1.54001579511979,0.515967107460015,-2.98471699620723,0.00283840797029436,0.0157428657816909,"S000006132","S000006132","NIP7"
"S000006133",312.035055650925,-1.45275028657773,0.413033705285665,-3.51726812603095,0.000436013108033573,0.00313635397741513,"S000006133","S000006133","PUS1"
"S000006135",804.041778872046,1.08072042813262,0.19017864639307,5.68265916615551,1.32616394345464e-08,2.62896827237131e-07,"S000006135","S000006135","THI6"
"S000006142",1753.38128837593,-1.18040912124878,0.238477583481158,-4.94976971846935,7.43013426533668e-07,1.00949533321727e-05,"S000006142","S000006142","FLC1"
"S000028722",93.1091470369388,-1.78476574879992,0.299398212207295,-5.96117704124498,2.50427461576313e-09,5.63678694222085e-08,"S000028722","S000028722",NA
"S000006143",8467.21958178801,-1.50407797718999,0.203852503978778,-7.37826589241491,1.60364463370996e-13,6.49873559960505e-12,"S000006143","S000006143","FMP40"
"S000006144",58454.8349045286,-2.11686586196564,0.230213816237098,-9.19521641475018,3.74240505959072e-20,3.94238426802094e-18,"S000006144","S000006144","GRE1"
"S000006148",121.159930459692,-2.59763673341734,0.484538020938563,-5.36105861906492,8.27356625433422e-08,1.37504747061859e-06,"S000006148","S000006148","ALG5"
"S000006149",405.522395003797,1.07048028776662,0.261653947653224,4.09120633328014,4.29135109195918e-05,0.000396741792738503,"S000006149","S000006149","CET1"
"S000006152",5215.88297898393,-1.3052701069425,0.187865773544472,-6.94788668694628,3.70798631458472e-12,1.29264020474047e-10,"S000006152","S000006152","FAS2"
"S000006154",140.893820805162,1.20684894419265,0.272984319040199,4.42094603981604,9.82697135447471e-06,0.000104662370767144,"S000006154","S000006154","NSL1"
"S000006157",343.067130410265,1.50041202941784,0.206311861243473,7.27254371306929,3.52780367606552e-13,1.36647419897031e-11,"S000006157","S000006157","ENV7"
"S000006162",92.9896173501543,-1.53621158679146,0.286609075276405,-5.35995444425456,8.32429404705534e-08,1.38187148448969e-06,"S000006162","S000006162","CIN2"
"S000006165",198.460070401109,-1.31517371826126,0.3405575037702,-3.86182569375627,0.000112542852291013,0.000938491824851487,"S000006165","S000006165","HUT1"
"S000006166",139.93346136614,-2.48260816625905,0.37480738751125,-6.62369059143622,3.50339699132853e-11,1.06995840164655e-09,"S000006166","S000006166",NA
"S000006167",324.42698286092,-1.29804087807071,0.278841542842014,-4.65512012607876,3.23791870120785e-06,3.81529859821631e-05,"S000006167","S000006167","RBD2"
"S000006171",420.262534158209,1.25829500805167,0.349994923338895,3.59518074161686,0.000324166443034436,0.00241223272037774,"S000006171","S000006171","ATG41"
"S000006172",30.1583867650205,-1.48520659808573,0.475207070827729,-3.12538825547935,0.00177570520491012,0.0105750643724085,"S000006172","S000006172",NA
"S000006176",114.927835333091,-1.34730032514488,0.32325626639578,-4.16790164709539,3.07416517146185e-05,0.000292926951971362,"S000006176","S000006176","BBP1"
"S000006177",621.571818016138,-3.81896901190035,0.288095659164549,-13.2559061215119,4.17048983732939e-40,1.61104895256619e-37,"S000006177","S000006177","CLN2"
"S000006184",307.85189740392,-2.81990494101162,0.288730675456732,-9.76655818281492,1.56684647249239e-22,1.96446812555559e-20,"S000006184","S000006184","KEL3"
"S000006186",3864.2837111955,1.76502982211315,0.169804384374383,10.3944890976527,2.62690935699024e-25,4.31567993557029e-23,"S000006186","S000006186","DIP5"
"S000006188",112.564918055322,-1.89144118013902,0.393984093121572,-4.80080595425302,1.580283387959e-06,2.00416951766619e-05,"S000006188","S000006188","ACM1"
"S000006189",1017.39477555526,1.06611960786764,0.214392211730584,4.97275343755199,6.6008592324756e-07,9.07173855863209e-06,"S000006189","S000006189","PLC1"
"S000006194",491.713820038748,-2.29767522308167,0.413461919415071,-5.55716286117043,2.74194902073182e-08,5.03736212767607e-07,"S000006194","S000006194","SAM4"
"S000006195",1228.58101686547,1.25136269589879,0.329365211737345,3.79931653770618,0.000145095675922116,0.00117899516540921,"S000006195","S000006195","SAM3"
"S000006201",689.749055972465,1.8994332435826,0.273803513382988,6.93721282139185,3.99911155381692e-12,1.38400245614298e-10,"S000006201","S000006201","HSP32"
"S000006202",1816.46726795551,1.93562954194219,0.259904000228945,7.44747883925269,9.51408033052417e-14,3.99955147541712e-12,"S000006202","S000006202","ERR2"
"S000006206",4436.58234800719,2.96568129328589,0.324671624839459,9.13440247435339,6.57689609314908e-20,6.61997013094224e-18,"S000006206","S000006206","PDH1"
"S000006207",731.114653269472,2.01907868873485,0.233438363307885,8.64930108369489,5.18157890467976e-18,4.09172968423137e-16,"S000006207","S000006207",NA
"S000006209",328.76148586984,1.20245887419857,0.240914714524744,4.99122221143974,5.99984243937229e-07,8.28557951555054e-06,"S000006209","S000006209","HAL1"
"S000006211",231.318777243653,2.50212565786757,0.240153562689803,10.4188571255945,2.03382386482903e-25,3.46064815476206e-23,"S000006211","S000006211","REC8"
"S000006213",88.6657759032309,1.18307901833552,0.324744658217843,3.64310540111147,0.000269368470142387,0.00204682804026855,"S000006213","S000006213","SUT2"
"S000006219",89.7011858964078,1.92063692035808,0.354289531022763,5.42109419607625,5.9235335041422e-08,1.00471668481887e-06,"S000006219","S000006219",NA
"S000006224",309.085830307289,1.20220139815717,0.340343979185452,3.53231281198041,0.000411941752324959,0.00298725695889429,"S000006224","S000006224","ATP20"
"S000006225",390.090797972978,1.09858267854729,0.40259355882028,2.72876367363271,0.00635722447661106,0.0310009585275339,"S000006225","S000006225","AGC1"
"S000006236",524.895283025355,1.44226295224492,0.286396461494284,5.03589654955881,4.75617389900448e-07,6.72403496918605e-06,"S000006236","S000006236","SRO7"
"S000006237",827.982087436305,-1.81348921683919,0.446014378945588,-4.06598823366731,4.78293489748027e-05,0.000437100310036353,"S000006237","S000006237","HTS1"
"S000006238",283.361400526617,-1.04053094258597,0.329415669555424,-3.15871720367843,0.00158465176461268,0.00959721511508859,"S000006238","S000006238","ARP7"
"S000028425",34.2023163203415,2.28056342441923,0.493530741197656,4.62091463418258,3.82051965632369e-06,4.42876621636938e-05,"S000028425","S000028425","SPO24"
"S000006247",1806.00444441426,-1.14679624973906,0.414348289450193,-2.76771083394785,0.00564515187120472,0.0279792835886357,"S000006247","S000006247","RPL43A"
"S000006248",2077.53130841166,-1.08474110929459,0.41708782955849,-2.60074984792255,0.00930202557095888,0.0422612369630373,"S000006248","S000006248","OPI11"
"S000006264",90.6719113560204,-3.01451654824105,0.379521815008267,-7.94293352590387,1.97454776988342e-15,1.04915283549976e-13,"S000006264","S000006264","ARO7"
"S000006270",131.709513436158,1.18054756424299,0.255548101676803,4.61966869053893,3.8435328154512e-06,4.45183262003598e-05,"S000006270","S000006270","UBA3"
"S000006272",134.364827809162,1.58252058988975,0.357647029563417,4.42481122189535,9.65266544450597e-06,0.000102882585531934,"S000006272","S000006272","HOS1"
"S000006278",1707.6380255756,-4.10821318631863,0.420715459827054,-9.76482582315235,1.59385646231166e-22,1.98095568833222e-20,"S000006278","S000006278","TKL1"
"S000006282",253.241636198151,-1.16377768148886,0.190665342956597,-6.1037714743669,1.03594376637976e-09,2.50961766997727e-08,"S000006282","S000006282",NA
"S000006287",613.089641050848,2.5110553531933,0.263801374847399,9.51873489911063,1.75300066523479e-21,2.05374086132794e-19,"S000006287","S000006287","MDM36"
"S000006295",844.743801160296,1.26112661395181,0.249182149038327,5.06106323755094,4.16924891906089e-07,5.97104957917207e-06,"S000006295","S000006295","NVJ2"
"S000006302",993.666591286473,1.0111100158045,0.167182133604612,6.04795496985216,1.46695941737113e-09,3.46566131446043e-08,"S000006302","S000006302",NA
"S000006306",1973.69614638815,-1.32624890137635,0.49746433165175,-2.66601807806552,0.00767555653856207,0.0362547024473455,"S000006306","S000006306","RPL11A"
"S000006311",153.778861642246,1.1930569215106,0.269886355547103,4.42058998904217,9.84317834153847e-06,0.000104735075029122,"S000006311","S000006311","YTH1"
"S000006314",567.591871971242,-1.32804897797262,0.495912960246967,-2.67798804312606,0.0074065862285132,0.0352049997056459,"S000006314","S000006314","RPC40"
"S000006317",463.273631958691,-2.3063316515388,0.333686037707786,-6.91168161359657,4.78941850297157e-12,1.64952189549332e-10,"S000006317","S000006317","PIS1"
"S000006318",391.69168456335,-1.35391952515815,0.264446075443922,-5.11983217329033,3.05807678012274e-07,4.51540200602214e-06,"S000006318","S000006318",NA
"S000006325",225.349460521296,1.25883789758614,0.261906772259525,4.80643507888657,1.53645344275484e-06,1.9520470273151e-05,"S000006325","S000006325","THI22"
"S000006327",64.1569504313613,-1.01342855472724,0.380645423203694,-2.66239521862037,0.00775867213314245,0.0365506594591315,"S000006327","S000006327",NA
"S000006331",3316.45961997747,1.87882662659158,0.148799609096232,12.6265561986557,1.50731834070307e-36,4.58385128588701e-34,"S000006331","S000006331",NA
"S000006338",297.071696186009,1.16338724796948,0.26222595190357,4.43658318150486,9.13980265981287e-06,9.81481588404998e-05,"S000006338","S000006338","MSS18"
"S000007359",366.614236388274,1.90965639621602,0.235381646843553,8.11302164728789,4.9376270794441e-16,2.85722687637629e-14,"S000007359","S000007359",NA
"S000113589",37.4762704101958,-2.63594394301661,0.865466301996178,-3.04569217419196,0.00232145372237104,0.0132669084581565,"S000113589","S000113589",NA
"S000006352",1431.03214331606,1.30246383896219,0.183312332916235,7.10516209270741,1.20181403502907e-12,4.47331458402877e-11,"S000006352","S000006352",NA
"S000006356",409.987618207079,-1.35304653422456,0.396911303771103,-3.40893928031048,0.000652159936474967,0.00445782973315959,"S000006356","S000006356","URN1"
"S000006357",72.2379246153974,-2.70735471969232,0.52861223063572,-5.12162708841677,3.02910479173851e-07,4.47724868545176e-06,"S000006357","S000006357","MAY24"
"S000006358",1591.38439238214,-3.0402189494422,0.441391768839437,-6.88780164033399,5.6661140593688e-12,1.94210475421003e-10,"S000006358","S000006358","PIN3"
"S000006359",559.093684394297,2.38302717832476,0.277505494298321,8.58731530469438,8.90250719701625e-18,6.80446713192263e-16,"S000006359","S000006359","NCA2"
"S000007364",142.063737164015,1.14243202447989,0.248307264605478,4.60088039024971,4.20708970017745e-06,4.84154050600937e-05,"S000007364","S000007364",NA
"S000006368",601.346539917715,1.84574423618034,0.24401874981353,7.56394431817551,3.91027175351055e-14,1.73032551618967e-12,"S000006368","S000006368","MMS1"
"S000006372",122.145595642238,1.01204036212814,0.264121425418494,3.831723838854,0.000127248528016219,0.00105070087286876,"S000006372","S000006372","NUT2"
"S000006376",713.905922815092,1.3752880269528,0.165183714838355,8.32580880202766,8.3754895607967e-17,5.5939659949751e-15,"S000006376","S000006376",NA
"S000006379",214.435130697774,-2.09261650745372,0.268990395165637,-7.77952129541705,7.27994909984196e-15,3.58722176498749e-13,"S000006379","S000006379","DPB2"
"S000006381",41.5415487112851,1.75868727499921,0.350882518999431,5.01218265308355,5.38160831904801e-07,7.51165309610871e-06,"S000006381","S000006381",NA
"S000006383",457.138195005827,1.43950430800116,0.261726165073731,5.50003973655305,3.79705668041805e-08,6.75857174759841e-07,"S000006383","S000006383","HDA3"
"S000006388",3290.52897479603,1.01625104550043,0.18455367139371,5.50653388700378,3.65967544128595e-08,6.54665094897372e-07,"S000006388","S000006388","GDB1"
"S000006396",931.873115074837,3.7547166493514,0.413824715851488,9.07320540684882,1.15566146525587e-19,1.13136091252755e-17,"S000006396","S000006396","AQY1"
"S000006397",124.253699519181,1.39350260746445,0.278097119573649,5.01084876247848,5.4190491250942e-07,7.55653357511916e-06,"S000006397","S000006397","HPA2"
"S000006400",147.699046880108,1.25019860390304,0.241472179495197,5.17740224367298,2.24996768703263e-07,3.39944906456209e-06,"S000006400","S000006400",NA
"S000006405",120.817873529591,2.25016848409428,0.281745534491328,7.98652758829628,1.38792715510062e-15,7.42982877447682e-14,"S000006405","S000006405","ARR3"
"WBGene00008988",12.8099517812022,-3.40400159630547,1.16470628959564,-2.92262661128693,0.00347092472645688,0.0186573625856518,"WBGene00008988","WBGene00008988",NA
"WBGene00009068",12.7295580919917,-1.82722207822374,0.632230456041943,-2.89012030464808,0.00385094421680065,0.020363131961055,"WBGene00009068","WBGene00009068",NA
"WBGene00009069",131.373182850219,-1.10549939114697,0.423198028615542,-2.61225080552365,0.00899482397922805,0.0411138532571495,"WBGene00009069","WBGene00009069",NA
"WBGene00009158",199.629252445874,1.14931182585758,0.204190034418771,5.628638190542,1.81637949187457e-08,3.47287326885793e-07,"WBGene00009158","WBGene00009158",NA
"WBGene00009218",116.659672531424,1.76929356455523,0.350545866870683,5.0472526758044,4.48208416013667e-07,6.34910098125207e-06,"WBGene00009218","WBGene00009218",NA
"WBGene00009241",89.2446045722955,1.68686946153274,0.335268993925043,5.03139118766789,4.8693344711803e-07,6.86364867816372e-06,"WBGene00009241","WBGene00009241",NA
"WBGene00009397",129.209581334105,-2.21219322461874,0.631702532602305,-3.50195402178552,0.000461859313966546,0.0032957339862825,"WBGene00009397","WBGene00009397",NA
"WBGene00009486",22.4557810637545,-2.48281305678264,0.560806618873139,-4.4272178202381,9.54563260534379e-06,0.000101817706588193,"WBGene00009486","WBGene00009486",NA
"WBGene00009488",119.742431051988,3.35253667528549,0.634457363307782,5.2841008224837,1.2632366996618e-07,2.01062830158866e-06,"WBGene00009488","WBGene00009488",NA
"WBGene00009628",1365.33404104933,1.64873339303571,0.203299016844084,8.10989358743514,5.06641115513742e-16,2.91992800969271e-14,"WBGene00009628","WBGene00009628",NA
"WBGene00009653",58.1254548485274,2.82660257587171,0.723991195016725,3.90419468541522,9.4539656548379e-05,0.000801931935338861,"WBGene00009653","WBGene00009653",NA
"WBGene00009777",12.2040292015069,-1.86588467865819,0.675596434300135,-2.76183322458044,0.0057477830129007,0.0284168324466931,"WBGene00009777","WBGene00009777",NA
"WBGene00009787",337.017443841921,2.53548642611836,0.450887938741708,5.62331836419075,1.87323712098921e-08,3.56989042270651e-07,"WBGene00009787","WBGene00009787",NA
"WBGene00009842",26.0536768816472,1.18873755114749,0.463814479347874,2.56295912283476,0.0103784266789571,0.0462978903586261,"WBGene00009842","WBGene00009842",NA
"WBGene00009926",401.594464778667,1.60511038217251,0.489706300432767,3.27770008422198,0.00104656528898588,0.00668091008283838,"WBGene00009926","WBGene00009926",NA
"WBGene00010010",11.834019134404,1.65808202679533,0.637607037247515,2.60047635915862,0.00930944331480192,0.0422814977116186,"WBGene00010010","WBGene00010010",NA
"WBGene00010019",81.6220963968795,3.68215382653765,0.471718335713703,7.80583146289322,5.91105299894139e-15,2.9644449303112e-13,"WBGene00010019","WBGene00010019",NA
"WBGene00010034",34.2362667108827,-1.07120355549004,0.351887759179183,-3.04416259886032,0.00233328993233634,0.0133185754803847,"WBGene00010034","WBGene00010034",NA
"WBGene00010045",61.1690442647446,1.20201487091829,0.457143119938211,2.6294060185807,0.00855341704515307,0.0395388065415178,"WBGene00010045","WBGene00010045",NA
"WBGene00010063",142.177384973829,-1.68874516618784,0.250924303425264,-6.73009805401659,1.6954879049751e-11,5.4213889543197e-10,"WBGene00010063","WBGene00010063",NA
"WBGene00010225",140.71293370624,1.21220196044566,0.472054713314089,2.56792682342969,0.0102308750830451,0.0458113714166552,"WBGene00010225","WBGene00010225",NA
"WBGene00010268",49.7373812482803,1.09051161272354,0.416509683104909,2.61821431039544,0.00883912721646823,0.0405848608325876,"WBGene00010268","WBGene00010268",NA
"WBGene00010274",32.3121577015628,1.67148834153918,0.597802390232527,2.79605496540257,0.00517306016526933,0.0260438707087688,"WBGene00010274","WBGene00010274",NA
"WBGene00010277",80.7580238357327,1.71504049204855,0.300451367390928,5.70821330234471,1.14168287454715e-08,2.2854444434037e-07,"WBGene00010277","WBGene00010277",NA
"WBGene00010321",43.8187052598612,1.73092867496081,0.378554110288203,4.57247359866996,4.81999971898644e-06,5.47483410360948e-05,"WBGene00010321","WBGene00010321",NA
"WBGene00010336",539.086923991071,1.58689351898203,0.390305325673458,4.06577470149531,4.78731674445177e-05,0.000437221202737694,"WBGene00010336","WBGene00010336",NA
"WBGene00010342",12.2735633032682,-2.72785733850534,0.668205116296058,-4.08236523782725,4.45796630009823e-05,0.00041002388885009,"WBGene00010342","WBGene00010342",NA
"WBGene00010396",44.2567831069071,3.1617224672494,0.64868821740531,4.87402481256093,1.09347246854116e-06,1.43648915375541e-05,"WBGene00010396","WBGene00010396",NA
"WBGene00010453",87.3140224733664,-1.31065283191695,0.433260951654018,-3.02508875289453,0.00248560176317307,0.014081135949676,"WBGene00010453","WBGene00010453",NA
"WBGene00010470",147.745377418032,1.87410534426498,0.398811912151939,4.69922107931165,2.61155627025529e-06,3.1579504036175e-05,"WBGene00010470","WBGene00010470",NA
"WBGene00010475",40.2482867039572,-1.43316214813215,0.416251090899759,-3.44302316429792,0.000575250039115039,0.00399128582964624,"WBGene00010475","WBGene00010475",NA
"WBGene00010514",26.6998230517093,-1.13870256844709,0.435664186592405,-2.61371626011672,0.0089563382126687,0.0409510371316935,"WBGene00010514","WBGene00010514",NA
"WBGene00010567",71.5159094202,1.18812326084309,0.45807658692226,2.59372186827074,0.00949432582518791,0.0429982252913215,"WBGene00010567","WBGene00010567",NA
"WBGene00010700",746.81474804642,1.0537759255089,0.155817864901613,6.76286975292775,1.35284851147586e-11,4.38464031168354e-10,"WBGene00010700","WBGene00010700",NA
"WBGene00010774",16.3943217139018,-2.18666467750509,0.653952616094526,-3.34376623579255,0.000826493478790957,0.00544632148103234,"WBGene00010774","WBGene00010774",NA
"WBGene00010790",1924.29753446464,-2.80471678338812,0.795878749759732,-3.52405034590361,0.000425003487315472,0.00306487126347126,"WBGene00010790","WBGene00010790",NA
"WBGene00010811",400.650821926611,-1.42476980185305,0.261387472210304,-5.45079605309745,5.01448502285232e-08,8.67700174717048e-07,"WBGene00010811","WBGene00010811",NA
"WBGene00010868",394.001552393413,1.5694826086994,0.349782035632752,4.48703034694227,7.22227906193047e-06,7.95898493694466e-05,"WBGene00010868","WBGene00010868",NA
"WBGene00010924",129.32602061876,2.65579755663759,0.34621879340499,7.6708648034914,1.7084054481126e-14,7.87685131286237e-13,"WBGene00010924","WBGene00010924",NA
"WBGene00010943",134.980010775436,1.00525716516128,0.351142725792071,2.86281643139191,0.00419893753949185,0.0219351327244189,"WBGene00010943","WBGene00010943",NA
"WBGene00010947",49.6297126885326,1.15120982897953,0.435278625721879,2.64476535476635,0.00817475825774537,0.0382085741589126,"WBGene00010947","WBGene00010947",NA
"WBGene00010953",157.402952498423,1.42838340448992,0.557156654308759,2.56370159710657,0.0103562538919282,0.0462135300897064,"WBGene00010953","WBGene00010953",NA
"WBGene00010972",47.0199012169047,-1.34067150125064,0.462782146378757,-2.89698189902381,0.00376771493497545,0.0199673524529492,"WBGene00010972","WBGene00010972",NA
"WBGene00011006",218.689479719649,1.22341731898387,0.362061133627654,3.37903521078304,0.000727406910527797,0.00488113942355578,"WBGene00011006","WBGene00011006",NA
"WBGene00011060",87.2656100814185,1.21224869614063,0.26161176458832,4.63376980789935,3.59066249210251e-06,4.18607985315018e-05,"WBGene00011060","WBGene00011060",NA
"WBGene00011185",121.993779085812,1.44309018013206,0.42388619027244,3.40442838962165,0.000663026822309767,0.00451483676573297,"WBGene00011185","WBGene00011185",NA
"WBGene00011212",39.1358678801275,-1.43536110968443,0.557688455312951,-2.57376873415636,0.0100597489894265,0.0451866726291242,"WBGene00011212","WBGene00011212",NA
"WBGene00011227",15.4088532772297,1.62115927129977,0.621001861245652,2.61055460936611,0.00903955381578061,0.0412655198623291,"WBGene00011227","WBGene00011227",NA
"WBGene00011267",12.5157206545827,-3.17110298860167,1.12981478321652,-2.80674588057144,0.00500447033858883,0.0253648562232093,"WBGene00011267","WBGene00011267",NA
"WBGene00011278",22.6292605798059,3.24461044654295,0.632824456248327,5.12718877171481,2.94100595307973e-07,4.35604125257706e-06,"WBGene00011278","WBGene00011278",NA
"WBGene00011339",99.7583771209931,1.42362430304357,0.468800131875821,3.03674040650797,0.00239151317647204,0.0136020285838897,"WBGene00011339","WBGene00011339",NA
"WBGene00011397",82.6987349411654,-2.30860011110265,0.375284884810448,-6.15159364137114,7.67082132225623e-10,1.91342145129159e-08,"WBGene00011397","WBGene00011397",NA
"WBGene00011424",36.5241807974456,-1.63055549782505,0.39866907639821,-4.08999742983921,4.31377969117479e-05,0.000398557550911191,"WBGene00011424","WBGene00011424",NA
"WBGene00011475",162.513382484739,-1.98604126052405,0.752624799746718,-2.63881984913653,0.00831951782867383,0.0387657402499081,"WBGene00011475","WBGene00011475",NA
"WBGene00011494",26.1613545825039,4.60430694890304,0.782339155372576,5.88530807551147,3.97313203658133e-09,8.52672315298152e-08,"WBGene00011494","WBGene00011494",NA
"WBGene00011522",424.598792926729,-1.08385896719053,0.306767147781323,-3.53316505704566,0.000410616025407682,0.00297915474677767,"WBGene00011522","WBGene00011522",NA
"WBGene00011530",39.872859459066,2.88031502294865,0.993357861110474,2.89957439882617,0.00373669653831018,0.0198323815900733,"WBGene00011530","WBGene00011530",NA
"WBGene00011583",29.4189996257632,-1.30567725069674,0.393961554030728,-3.31422504896226,0.000918975101309018,0.00597584673476333,"WBGene00011583","WBGene00011583",NA
"WBGene00011676",50.5040406633368,1.34932218155538,0.335836002396066,4.01780086687689,5.87438063829145e-05,0.000525422543573841,"WBGene00011676","WBGene00011676",NA
"WBGene00011699",35.5938021007727,-1.52260794670841,0.537957023777255,-2.83035238766369,0.00464967612373158,0.0238542070482755,"WBGene00011699","WBGene00011699",NA
"WBGene00011803",167.007126518085,1.64632994129934,0.383140021355561,4.29694067321543,1.73171517911948e-05,0.000175541879823792,"WBGene00011803","WBGene00011803",NA
"WBGene00011830",64.3152035834042,-1.31243117185263,0.357545582010035,-3.67066812705239,0.000241917281161779,0.00186400199441796,"WBGene00011830","WBGene00011830",NA
"WBGene00011844",9.89291298256096,-2.26632442622371,0.881610647524712,-2.57066362865154,0.010150386290005,0.0455365572012057,"WBGene00011844","WBGene00011844",NA
"WBGene00011850",76.4167835877279,-1.48450468466367,0.479313091551415,-3.09715029868827,0.00195390780132324,0.0114362015578678,"WBGene00011850","WBGene00011850",NA
"WBGene00011938",333.682611079114,2.63065134606809,0.3256696775895,8.07766742528599,6.60173565906431e-16,3.718648062295e-14,"WBGene00011938","WBGene00011938",NA
"WBGene00012063",12.8333705218027,-3.46315424590388,1.31496053755623,-2.63365640792531,0.00844709201631497,0.0391994435679188,"WBGene00012063","WBGene00012063",NA
"WBGene00012085",662.075424789717,1.55613610143233,0.196931184857139,7.9019282931812,2.74621398062884e-15,1.4170265857447e-13,"WBGene00012085","WBGene00012085",NA
"WBGene00012130",284.249148454697,1.82918494580523,0.336047911729101,5.4432266410862,5.2324004237221e-08,9.02131474743788e-07,"WBGene00012130","WBGene00012130",NA
"WBGene00012185",1684.40195684609,1.12966571180919,0.297661618006533,3.7951339489944,0.00014756376524332,0.0011960173575357,"WBGene00012185","WBGene00012185",NA
"WBGene00012216",175.687953405239,1.35125540099345,0.356748967051353,3.78769253955245,0.000152052845611591,0.0012285422963971,"WBGene00012216","WBGene00012216",NA
"WBGene00012217",48.8831362494714,1.32560429527604,0.404080194755557,3.28054755585818,0.00103605796892516,0.00662868201806816,"WBGene00012217","WBGene00012217",NA
"WBGene00012308",19.594355595692,1.6383640329376,0.638324044056753,2.56666507895468,0.0102681736652042,0.0459208404870973,"WBGene00012308","WBGene00012308",NA
"WBGene00012323",81.9588373492792,2.27768671719316,0.53411330083839,4.26442613134313,2.00416632600555e-05,0.000200178541562525,"WBGene00012323","WBGene00012323",NA
"WBGene00012499",17.9988189456553,-2.09410356401196,0.760087684735281,-2.7550815597562,0.00586775064840825,0.0288999862225014,"WBGene00012499","WBGene00012499",NA
"WBGene00012532",61.2902309128721,1.11762038262666,0.319483377648414,3.49821136502626,0.000468389770048881,0.00333401144587085,"WBGene00012532","WBGene00012532",NA
"WBGene00012607",16.2868872090429,1.88941442589832,0.59366913498506,3.182605115467,0.00145956525013481,0.00894194861559229,"WBGene00012607","WBGene00012607",NA
"WBGene00012717",209.657623422636,-1.10191711992777,0.282206596982076,-3.90464692077257,9.4363051497167e-05,0.000801465163815809,"WBGene00012717","WBGene00012717",NA
"WBGene00012778",125.612852753704,1.69518858637482,0.426157570230609,3.97784459268784,6.95427975970765e-05,0.000608307959641992,"WBGene00012778","WBGene00012778",NA
"WBGene00012783",234.323348964024,-1.05548934704953,0.292568526933068,-3.60766538394952,0.000308964596524268,0.00230963963290866,"WBGene00012783","WBGene00012783",NA
"WBGene00012886",58.9673265731455,-1.38190452266167,0.498658248754742,-2.77124569003437,0.00558422739118963,0.0277232935402131,"WBGene00012886","WBGene00012886",NA
"WBGene00012909",108.06602425938,1.39323792900044,0.256804137482091,5.42529393280356,5.78592466247236e-08,9.84502633341875e-07,"WBGene00012909","WBGene00012909",NA
"WBGene00012980",415.087064974527,1.09062848767677,0.26734429713015,4.07949037770508,4.51345379270085e-05,0.000414593798580162,"WBGene00012980","WBGene00012980",NA
"WBGene00013079",132.11902353621,1.54060708193765,0.41315144774873,3.72891609198624,0.000192305167321063,0.00151721550087771,"WBGene00013079","WBGene00013079",NA
"WBGene00013091",34.3843620352888,-1.34820236551098,0.419281258409489,-3.21550829776005,0.00130213730264666,0.00810250259761807,"WBGene00013091","WBGene00013091",NA
"WBGene00013103",228.810099247602,-1.168686968718,0.220643785212199,-5.29671373972326,1.17905310608646e-07,1.89138114986462e-06,"WBGene00013103","WBGene00013103",NA
"WBGene00013104",19.9943908070165,-1.17177208427716,0.459108538607606,-2.55227682724205,0.0107021448108672,0.0473871610228392,"WBGene00013104","WBGene00013104",NA
"WBGene00013136",157.229848450029,1.18954266710584,0.281887213979756,4.21992416864733,2.44384507454459e-05,0.000238592060454002,"WBGene00013136","WBGene00013136",NA
"WBGene00013146",26.5210368308992,-3.70288540766672,0.70236384180246,-5.27203307927142,1.34920751980508e-07,2.13085337906895e-06,"WBGene00013146","WBGene00013146",NA
"WBGene00013149",29.130218790155,1.34559299491053,0.392101500029943,3.43174661358798,0.000599707595043672,0.00413988744086282,"WBGene00013149","WBGene00013149",NA
"WBGene00013234",34.1445148697123,-2.30863312876396,0.663591565373148,-3.47899709585034,0.000503294041047329,0.00355414117030112,"WBGene00013234","WBGene00013234",NA
"WBGene00013257",71.2449184861911,1.18845754986045,0.298721619820219,3.97847852651477,6.93576739336894e-05,0.00060706015525672,"WBGene00013257","WBGene00013257",NA
"WBGene00013263",167.378607255501,1.75039421869216,0.493137079352923,3.54950842672177,0.000385951112653649,0.00282168759752358,"WBGene00013263","WBGene00013263",NA
"WBGene00013280",28.3022068740983,-2.80503436043501,1.05321287562216,-2.66331187679224,0.00773756630986257,0.0364752754837948,"WBGene00013280","WBGene00013280",NA
"WBGene00013403",25.446850041113,-3.42445375007487,1.3363752689181,-2.56249410605094,0.010392335153678,0.0463033496346364,"WBGene00013403","WBGene00013403",NA
"WBGene00013499",158.86959820378,-1.0698568544231,0.30994215412481,-3.45179524690366,0.000556870133961571,0.00388639884019176,"WBGene00013499","WBGene00013499",NA
"WBGene00013516",85.3234009597941,-1.51746478435004,0.345918724627632,-4.38676682213006,1.15048010485849e-05,0.000119765565467898,"WBGene00013516","WBGene00013516",NA
"WBGene00013654",190.704657394503,1.13113879562309,0.401060107510923,2.82037224455759,0.00479679695431699,0.0245034377655657,"WBGene00013654","WBGene00013654",NA
"WBGene00013692",55.3110911780124,-1.04865968658585,0.291406985624434,-3.59860860692394,0.000319924243766594,0.00238408613981018,"WBGene00013692","WBGene00013692",NA
"WBGene00013796",27.8811263258972,-3.02409658611435,1.08592175614401,-2.78481996424179,0.00535574510079682,0.0268501103913325,"WBGene00013796","WBGene00013796",NA
"WBGene00013842",18.1988926945955,2.444874950372,0.584450760203892,4.18320090732549,2.87433164808448e-05,0.000275538713924021,"WBGene00013842","WBGene00013842",NA
"WBGene00013844",14.1282320282344,4.2425546762453,0.864702255796859,4.9063763252654,9.27744418182763e-07,1.23811867124988e-05,"WBGene00013844","WBGene00013844",NA
"WBGene00013845",49.6232265218795,1.6345335457338,0.353168900494903,4.62819218635418,3.68871622756006e-06,4.2864082146761e-05,"WBGene00013845","WBGene00013845",NA
"WBGene00013946",115.727306371735,1.19516671389458,0.298706563485888,4.00113978061633,6.30381039173082e-05,0.000557624390694256,"WBGene00013946","WBGene00013946",NA
"WBGene00013947",180.582538950309,2.64514029220663,0.48621054414698,5.4403186521743,5.31853547695602e-08,9.13675812165052e-07,"WBGene00013947","WBGene00013947",NA
"WBGene00013986",141.641687499909,-1.87280640011596,0.353336851441283,-5.30034269699487,1.15585515711828e-07,1.86043218025805e-06,"WBGene00013986","WBGene00013986",NA
"WBGene00014053",178.111987291043,-1.6695046655277,0.325215599608672,-5.13353193246756,2.84354758799546e-07,4.22043880324187e-06,"WBGene00014053","WBGene00014053",NA
"WBGene00014089",28.1388386089316,1.70222999867166,0.614472619264392,2.77022921006547,0.00560168572039583,0.0277906608821998,"WBGene00014089","WBGene00014089",NA
"WBGene00014134",10.3071344723647,-2.76311954501177,0.7243180175008,-3.81478781177594,0.000136299998613203,0.00111769126803127,"WBGene00014134","WBGene00014134",NA
"WBGene00014135",41.6184290587434,-2.67244460436303,0.575254436718906,-4.64567404226541,3.38967859306882e-06,3.97446071622089e-05,"WBGene00014135","WBGene00014135",NA
"WBGene00014136",107.008443513099,-2.57234424657103,0.444140935054659,-5.7917297045688,6.9665195528875e-09,1.44727418560205e-07,"WBGene00014136","WBGene00014136",NA
"WBGene00014148",260.016245475066,1.3029222385634,0.397350783071666,3.27902270253839,0.00104167255488057,0.00665859831257064,"WBGene00014148","WBGene00014148",NA
"WBGene00014244",170.278705388203,1.12045104887292,0.229499146470392,4.88215780365645,1.04931229242303e-06,1.38740246027773e-05,"WBGene00014244","WBGene00014244",NA
"WBGene00014666",221.056240292666,1.34652632239094,0.3382766039303,3.98054818673888,6.87565248119801e-05,0.000602536486289167,"WBGene00014666","WBGene00014666",NA
"WBGene00014698",69.8347517512627,2.0584459842589,0.642231246387105,3.2051476720243,0.00134993202859853,0.00837074988492791,"WBGene00014698","WBGene00014698",NA
"WBGene00014793",257.986356868346,1.44691652404237,0.274569690664257,5.26976054983304,1.36601841076416e-07,2.15502220144064e-06,"WBGene00014793","WBGene00014793",NA
"WBGene00014821",41.8377196403555,-1.16548998430719,0.387120291550797,-3.01066621860162,0.00260675229037564,0.014628311930247,"WBGene00014821","WBGene00014821",NA
"WBGene00015044",149.183748155203,-2.22461366270066,0.393577540828421,-5.65228813112198,1.58325894811149e-08,3.07884627827993e-07,"WBGene00015044","WBGene00015044",NA
"WBGene00015048",920.943139516841,1.47709617099437,0.301797188197401,4.89433377367394,9.86393082467289e-07,1.3114898909493e-05,"WBGene00015048","WBGene00015048",NA
"WBGene00015110",82.9533221778796,-1.10059515971011,0.3815836167581,-2.88428305455215,0.00392305960023091,0.0206756234757007,"WBGene00015110","WBGene00015110",NA
"WBGene00015182",49.6861322490663,1.30317918720748,0.498940376317519,2.61189362309326,0.00900422665883006,0.0411305246515366,"WBGene00015182","WBGene00015182",NA
"WBGene00015227",18.1434317251653,-1.70764413517766,0.573369307783469,-2.97826219854542,0.00289887880576111,0.0160223026955698,"WBGene00015227","WBGene00015227",NA
"WBGene00015278",201.841635504601,1.2691799555015,0.338817579969122,3.74590939353611,0.000179741461203923,0.00142645458355784,"WBGene00015278","WBGene00015278",NA
"WBGene00015295",220.072056011811,1.85678222394585,0.28556127779853,6.50221990271333,7.91432915330947e-11,2.30856135894392e-09,"WBGene00015295","WBGene00015295",NA
"WBGene00015449",72.8346392106761,4.19679915640264,0.597634086689429,7.02235573551477,2.18158217305338e-12,7.85424533991232e-11,"WBGene00015449","WBGene00015449",NA
"WBGene00015483",86.5604405538503,-1.03607500216782,0.281138001667692,-3.68528977236052,0.000228442580165588,0.00176971804786273,"WBGene00015483","WBGene00015483",NA
"WBGene00015569",318.743394806408,-1.43741738264299,0.327324178802232,-4.39141828111473,1.12613660677781e-05,0.000117745943823521,"WBGene00015569","WBGene00015569",NA
"WBGene00015587",31.2426004283876,-3.8789548483922,1.00583997751405,-3.85643336426047,0.000115053442522203,0.000957193745034836,"WBGene00015587","WBGene00015587",NA
"WBGene00015607",20.0163433230274,-4.55623844536594,1.43702730801692,-3.17059976518712,0.00152124584625472,0.00925635031099135,"WBGene00015607","WBGene00015607",NA
"WBGene00015623",240.821129532298,1.21892071156429,0.309078020664401,3.94373145312653,8.02234905634519e-05,0.00069366869366208,"WBGene00015623","WBGene00015623",NA
"WBGene00015660",2463.59893455114,4.17668279370935,0.769440498060189,5.42820764469644,5.69227927018092e-08,9.70880043063197e-07,"WBGene00015660","WBGene00015660",NA
"WBGene00015692",382.535036372655,3.60084629341603,0.373436408666091,9.64246176819823,5.29037618660553e-22,6.40808024026719e-20,"WBGene00015692","WBGene00015692",NA
"WBGene00015693",444.124140845114,2.72816679274744,0.272655126672091,10.0059251628467,1.43543642805319e-23,2.03135572932319e-21,"WBGene00015693","WBGene00015693",NA
"WBGene00015695",1015.13934186966,2.67590488835647,0.356018963929704,7.51618638181539,5.63971383733909e-14,2.46508959868769e-12,"WBGene00015695","WBGene00015695",NA
"WBGene00015788",13.5062103167186,2.450285744661,0.659073619857161,3.7177724473209,0.00020098718156348,0.00157408755402017,"WBGene00015788","WBGene00015788",NA
"WBGene00015791",315.609125009258,1.15236324624625,0.284715557671626,4.04741931094371,5.17854248483268e-05,0.000469650429795137,"WBGene00015791","WBGene00015791",NA
"WBGene00015828",9.98099027289079,-3.08872247702368,1.20719388738271,-2.55859684952536,0.0105095541233657,0.0467260074354804,"WBGene00015828","WBGene00015828",NA
"WBGene00015894",871.907877846786,2.52425326301526,0.243197899154846,10.3794205122144,3.07636811820654e-25,4.99665108108251e-23,"WBGene00015894","WBGene00015894",NA
"WBGene00015947",239.209449521556,-1.03004029057123,0.308966610936132,-3.33382396062257,0.000856608534953266,0.00562144434806567,"WBGene00015947","WBGene00015947",NA
"WBGene00016013",95.4390719964174,2.66280827632741,0.410199920238777,6.49148901534986,8.49921091157099e-11,2.46908986908708e-09,"WBGene00016013","WBGene00016013",NA
"WBGene00016022",29.2559452243553,-1.06511913994469,0.418979150088653,-2.54217695491367,0.0110164384228604,0.0486241478641458,"WBGene00016022","WBGene00016022",NA
"WBGene00016052",705.883120176698,1.87882707300409,0.302277851738556,6.21556313900602,5.11409040220254e-10,1.30063512666692e-08,"WBGene00016052","WBGene00016052",NA
"WBGene00016066",49.1109313245668,-4.50276239858053,0.684295519257874,-6.58014304033997,4.69995891974353e-11,1.41424237557672e-09,"WBGene00016066","WBGene00016066",NA
"WBGene00016071",30.9632209462157,-4.37869249975688,1.40557976110407,-3.11522164798209,0.00183806736167171,0.0108604782142926,"WBGene00016071","WBGene00016071",NA
"WBGene00016095",48.7931760816581,1.48507140259955,0.570275978179097,2.60412757931942,0.00921084632168879,0.0418869317454336,"WBGene00016095","WBGene00016095",NA
"WBGene00016174",164.10780845218,1.07821294071601,0.283216813542423,3.80702306204892,0.000140649633894866,0.00114940263994244,"WBGene00016174","WBGene00016174",NA
"WBGene00016180",47.7608260004769,2.43000310927246,0.678609049499075,3.58085868596389,0.000342466851408251,0.0025309610688615,"WBGene00016180","WBGene00016180",NA
"WBGene00016265",45.6464980445137,1.88062288682981,0.475133172387252,3.95809637407727,7.55494760150005e-05,0.000656031993124181,"WBGene00016265","WBGene00016265",NA
"WBGene00016309",55.1324772285759,-2.947170696798,0.966370198012032,-3.04973260026103,0.00229045195187253,0.0131317407734112,"WBGene00016309","WBGene00016309",NA
"WBGene00016359",44.4151919888707,-3.80343589123169,1.13158276231152,-3.36116457223357,0.000776145649098965,0.0051765981159923,"WBGene00016359","WBGene00016359",NA
"WBGene00016361",23.265499090891,-1.53650909126172,0.483006721499835,-3.18113397364439,0.00146699770868625,0.00898195069695678,"WBGene00016361","WBGene00016361",NA
"WBGene00016505",209.186129296868,2.24920291791155,0.470287259574517,4.78261503394004,1.73029306820057e-06,2.1751168710458e-05,"WBGene00016505","WBGene00016505",NA
"WBGene00016531",83.1632285623185,-1.11077950804465,0.362705257220363,-3.06248527125646,0.00219507277680791,0.0126355921058862,"WBGene00016531","WBGene00016531",NA
"WBGene00016542",68.9977327645807,-1.23635299496445,0.42234734647774,-2.92733695446482,0.00341878263797211,0.018425588327502,"WBGene00016542","WBGene00016542",NA
"WBGene00016595",92.9786993269077,1.16521839562075,0.378804231085345,3.07604377142826,0.00209767048490983,0.0121374985534471,"WBGene00016595","WBGene00016595",NA
"WBGene00016714",39.4859849861585,1.59202460652156,0.531720309418473,2.99410155738213,0.00275254307735025,0.0153320725660823,"WBGene00016714","WBGene00016714",NA
"WBGene00016719",63.0653377604162,-1.28560353341862,0.32739235135494,-3.92679770342234,8.60843250895083e-05,0.000738094336235358,"WBGene00016719","WBGene00016719",NA
"WBGene00016783",242.276905418962,2.28782803660435,0.382912676490914,5.97480359639814,2.30367548502774e-09,5.2430626922773e-08,"WBGene00016783","WBGene00016783",NA
"WBGene00016788",465.34958477807,2.85269740543453,0.458550355492195,6.22112134745273,4.93614197532679e-10,1.25761635032702e-08,"WBGene00016788","WBGene00016788",NA
"WBGene00016845",446.982597134512,2.7801666555061,0.335553321349469,8.28532003296916,1.17791904601589e-16,7.61809815597514e-15,"WBGene00016845","WBGene00016845",NA
"WBGene00016862",426.310039883029,1.35358936324105,0.289326491156497,4.67841488634684,2.89101128384294e-06,3.46654566107107e-05,"WBGene00016862","WBGene00016862",NA
"WBGene00016865",67.4139224735655,-1.06615832391597,0.282215026309795,-3.77782266896596,0.000158205460287942,0.00127321545264389,"WBGene00016865","WBGene00016865",NA
"WBGene00016892",441.200789339563,2.52942468650298,0.315086978342598,8.02770301650711,9.93145378181813e-16,5.41794919479109e-14,"WBGene00016892","WBGene00016892",NA
"WBGene00016920",140.26846281429,1.33355951259595,0.233016190976113,5.72303369568281,1.04638501367625e-08,2.10351350217647e-07,"WBGene00016920","WBGene00016920",NA
"WBGene00016975",66.6195832291518,-1.17036544736917,0.3666709720345,-3.19186828691488,0.00141355775806826,0.00869362350949639,"WBGene00016975","WBGene00016975",NA
"WBGene00016997",254.699312196033,1.55035509348369,0.282332813514725,5.49123240116343,3.99138727646682e-08,7.05177977040052e-07,"WBGene00016997","WBGene00016997",NA
"WBGene00017082",97.6566290096448,1.62924010963983,0.35040167748054,4.64963558780427,3.32522024343344e-06,3.91171793739869e-05,"WBGene00017082","WBGene00017082",NA
"WBGene00017108",258.767919641526,1.0866847539999,0.22559470921512,4.81697801238623,1.45748741875154e-06,1.86498367736936e-05,"WBGene00017108","WBGene00017108",NA
"WBGene00017131",49.3144574421762,-1.2635418629254,0.414003825896755,-3.0520052808413,0.00227318101610537,0.0130589132890651,"WBGene00017131","WBGene00017131",NA
"WBGene00017252",22.1259138259094,-2.46831301663323,0.961958460717459,-2.56592474356146,0.0102901151100422,0.0459901861375338,"WBGene00017252","WBGene00017252",NA
"WBGene00017267",45.517640976811,2.6553207249313,0.460425926696328,5.76709644477213,8.06489044357494e-09,1.65472341298749e-07,"WBGene00017267","WBGene00017267",NA
"WBGene00017270",45.517640976811,2.6553207249313,0.460425926696328,5.76709644477213,8.06489044357494e-09,1.65472341298749e-07,"WBGene00017270","WBGene00017270",NA
"WBGene00017312",112.863379034919,3.25247966274263,0.446256024934756,7.28837143031997,3.13724076419481e-13,1.22181423004459e-11,"WBGene00017312","WBGene00017312",NA
"WBGene00017417",77.2804028980922,-1.08260864031101,0.389647660130764,-2.77842972275951,0.00546223275581892,0.0272748752831379,"WBGene00017417","WBGene00017417",NA
"WBGene00017459",57.3353537186699,-1.17381954874796,0.381612437874067,-3.07594677806419,0.00209835296477771,0.0121374985534471,"WBGene00017459","WBGene00017459",NA
"WBGene00017463",45.1565167329774,-1.12867280036385,0.352591490777941,-3.20107781918844,0.00136914549728343,0.00846784794144183,"WBGene00017463","WBGene00017463",NA
"WBGene00017464",200.399751354191,1.03922710806176,0.405247064745823,2.5644284646789,0.0103345880192847,0.0461600832998865,"WBGene00017464","WBGene00017464",NA
"WBGene00017466",139.026823321719,6.12329202258182,0.692622164678826,8.84073934512511,9.50872568622462e-19,8.44150411386388e-17,"WBGene00017466","WBGene00017466",NA
"WBGene00017467",516.055329347804,3.99852785660028,0.394574669844064,10.1337672237818,3.91277691200678e-24,5.94950217056521e-22,"WBGene00017467","WBGene00017467",NA
"WBGene00017471",47.4276995048883,2.79144817798116,0.577949355721392,4.82991831437703,1.36589073348783e-06,1.75563635375373e-05,"WBGene00017471","WBGene00017471",NA
"WBGene00017487",92.5751986227903,-1.43127611954962,0.342756926221625,-4.17577592180927,2.96972042900486e-05,0.000284301500949541,"WBGene00017487","WBGene00017487",NA
"WBGene00017489",11.7972357364158,-2.52579156477332,0.687103885433188,-3.67599662630481,0.000236922653016184,0.00182650241615983,"WBGene00017489","WBGene00017489",NA
"WBGene00017567",244.003856401032,1.24689655281422,0.371529860735473,3.35611396173078,0.000790459892989357,0.00525490383744041,"WBGene00017567","WBGene00017567",NA
"WBGene00017658",263.047791213952,-1.22170739415892,0.328458375418958,-3.71951968830325,0.000199601988907706,0.00156495404687759,"WBGene00017658","WBGene00017658",NA
"WBGene00017659",1199.00535838973,-1.48021697536837,0.268150378845372,-5.52010025770624,3.38806299290117e-08,6.09257312600855e-07,"WBGene00017659","WBGene00017659",NA
"WBGene00017660",51.2818887222344,-1.70333326416421,0.640271255885968,-2.66033067782692,0.00780639670798925,0.036763370065005,"WBGene00017660","WBGene00017660",NA
"WBGene00017667",179.471320261752,1.76515345271184,0.31785443159295,5.55333913032341,2.80263589147702e-08,5.12251595868045e-07,"WBGene00017667","WBGene00017667",NA
"WBGene00017729",10.9043103001571,-2.60556984721374,0.917058556665964,-2.84122516307626,0.00449405698272983,0.0232057646149413,"WBGene00017729","WBGene00017729",NA
"WBGene00017806",48.7874583240043,4.00997366168756,0.669305251218658,5.99124787141036,2.08236968907531e-09,4.78509806526583e-08,"WBGene00017806","WBGene00017806",NA
"WBGene00017892",1054.33327246374,1.02570786501225,0.323935340409165,3.16639692265955,0.00154340034966788,0.00937120696593161,"WBGene00017892","WBGene00017892",NA
"WBGene00017898",204.155334076796,1.23280812306455,0.26536579704331,4.64569336666754,3.38936127668854e-06,3.97446071622089e-05,"WBGene00017898","WBGene00017898",NA
"WBGene00017964",207.832525201313,-1.23353578680681,0.347996629955832,-3.54467739231661,0.000393093890408884,0.00286511523488739,"WBGene00017964","WBGene00017964",NA
"WBGene00017991",10.1180947682362,2.66526292185848,1.00344496289415,2.65611271212253,0.00790471893194807,0.0371692865867439,"WBGene00017991","WBGene00017991",NA
"WBGene00018103",40.8310202205285,-2.43706478553864,0.855770926274497,-2.84780039928223,0.00440225253729855,0.0227976070708725,"WBGene00018103","WBGene00018103",NA
"WBGene00018138",2556.69813714766,1.19847634037682,0.182605474004809,6.56320051142202,5.26649523512983e-11,1.57052068019909e-09,"WBGene00018138","WBGene00018138",NA
"WBGene00018225",62.2800172880862,-1.0823728872002,0.362051824119628,-2.98955236541653,0.00279386553521793,0.0155440716601284,"WBGene00018225","WBGene00018225",NA
"WBGene00018261",10.9767698323211,-2.18858733708676,0.64624264215012,-3.38663405095816,0.000707556997813542,0.00476135224564452,"WBGene00018261","WBGene00018261",NA
"WBGene00018262",42.8250921218518,-1.23873591532245,0.437370669323212,-2.8322336228885,0.00462240622411789,0.0237484012082376,"WBGene00018262","WBGene00018262",NA
"WBGene00018346",63.8700856319305,-1.21273489308146,0.356398402017134,-3.40275064707827,0.00066711133949266,0.00453400968871545,"WBGene00018346","WBGene00018346",NA
"WBGene00018400",320.429284716573,-1.6141625090201,0.194202561134381,-8.31174676374719,9.4303502993358e-17,6.18293563433058e-15,"WBGene00018400","WBGene00018400",NA
"WBGene00018437",65.5639521532229,-2.32014012243121,0.798839565122031,-2.90438809459417,0.0036797172035767,0.0195735757315675,"WBGene00018437","WBGene00018437",NA
"WBGene00018444",18.8778980260727,-2.86966243695439,1.12240567583707,-2.55670698993414,0.0105668183215964,0.0468605442974176,"WBGene00018444","WBGene00018444",NA
"WBGene00018462",63.6773820640712,1.95013744978776,0.557153592636991,3.50017926036843,0.000464945381359931,0.00331444605275686,"WBGene00018462","WBGene00018462",NA
"WBGene00018465",263.200035948452,1.87350232163517,0.324865752413553,5.76700470183822,8.06928019906444e-09,1.65472341298749e-07,"WBGene00018465","WBGene00018465",NA
"WBGene00018702",248.508633224135,2.20635285927733,0.322404958912614,6.84342097813498,7.73239866965392e-12,2.61893777690435e-10,"WBGene00018702","WBGene00018702",NA
"WBGene00018744",31.0965186938976,2.63287427880987,0.904872291254863,2.909663942918,0.00361817569294108,0.0193470202690635,"WBGene00018744","WBGene00018744",NA
"WBGene00018746",52.4365351210876,-1.80639564348748,0.713737573068817,-2.53089610474144,0.0113771542871289,0.0498509093273862,"WBGene00018746","WBGene00018746",NA
"WBGene00018750",12.8134726523083,1.5011107938288,0.590955140343838,2.54014339050406,0.0110807029290233,0.048821358497081,"WBGene00018750","WBGene00018750",NA
"WBGene00018804",26.3514685891726,-1.58395277929623,0.601038648258025,-2.6353592799514,0.00840482677174605,0.0390701862473593,"WBGene00018804","WBGene00018804",NA
"WBGene00018865",10.4387315545462,-1.71152623165401,0.648838926931454,-2.63782914466663,0.00834386089580236,0.038846515890457,"WBGene00018865","WBGene00018865",NA
"WBGene00018873",15.8102943716059,-1.86125847944122,0.573974094979457,-3.2427569392445,0.00118379154582066,0.00745043265716191,"WBGene00018873","WBGene00018873",NA
"WBGene00018918",10.7814150805596,-6.069873297996,1.8479098495413,-3.28472371068463,0.00102082421521226,0.00654876144884595,"WBGene00018918","WBGene00018918",NA
"WBGene00018931",54.7906237938153,-1.00988172013628,0.385120540570378,-2.62224839693206,0.00873517393085604,0.0402473513382052,"WBGene00018931","WBGene00018931",NA
"WBGene00018946",51.8035250954212,1.76263778173839,0.530209702460234,3.32441630841448,0.00088603822694842,0.00578535604283863,"WBGene00018946","WBGene00018946",NA
"WBGene00018966",247.586948775065,2.91487440737269,0.32109227498288,9.07799606056579,1.10592164824029e-19,1.09013366333093e-17,"WBGene00018966","WBGene00018966",NA
"WBGene00019022",102.819818064548,-1.30179420232697,0.268698290155508,-4.84481758917619,1.26728054627406e-06,1.64366976841153e-05,"WBGene00019022","WBGene00019022",NA
"WBGene00019039",23.5109877878111,-4.26895886368951,1.53657097005393,-2.77823735244697,0.00546546786365062,0.0272758143069687,"WBGene00019039","WBGene00019039",NA
"WBGene00019043",23.7100301206864,-2.97320721392382,1.14093139834033,-2.60594740248961,0.0091620529783092,0.0417811329217072,"WBGene00019043","WBGene00019043",NA
"WBGene00019060",445.382042905062,-1.48764854101407,0.24632850235541,-6.03928707717163,1.54796627868272e-09,3.64498880085868e-08,"WBGene00019060","WBGene00019060",NA
"WBGene00019108",24.4065310803801,-1.22352518660797,0.464118845852892,-2.63623250281844,0.00838322685073587,0.0389916893516329,"WBGene00019108","WBGene00019108",NA
"WBGene00019117",39.0701159639327,-1.00226635656203,0.394514856600507,-2.54050345581015,0.0110692999738165,0.0487861561904901,"WBGene00019117","WBGene00019117",NA
"WBGene00019143",54.6212200611649,-1.0487357415523,0.344457971756637,-3.04459709904243,0.00232992206150506,0.013304664812262,"WBGene00019143","WBGene00019143",NA
"WBGene00019148",21.8836695990054,1.6724594318336,0.518256213449028,3.22708997679598,0.00125056128851087,0.00780876911170201,"WBGene00019148","WBGene00019148",NA
"WBGene00019213",127.743954568021,-2.04191522947018,0.493215927919212,-4.1400026111984,3.47301868163332e-05,0.000326578000109112,"WBGene00019213","WBGene00019213",NA
"WBGene00019232",93.1272084420929,2.33119190844092,0.411731388311646,5.66192419285849,1.49684952250904e-08,2.91875446455958e-07,"WBGene00019232","WBGene00019232",NA
"WBGene00019233",21.3363894277529,1.93970067250064,0.662259751824373,2.92891220877791,0.00340150479971734,0.0183463049442868,"WBGene00019233","WBGene00019233",NA
"WBGene00019234",89.5806442440207,1.92329025109782,0.52705284336932,3.64914121096986,0.00026311844775289,0.00201002243384931,"WBGene00019234","WBGene00019234",NA
"WBGene00019495",27.9384110224541,-2.51466677195583,0.904324448770929,-2.78071302326674,0.00542396610176254,0.0271350183732909,"WBGene00019495","WBGene00019495",NA
"WBGene00019516",24.7246940665864,-1.25509947730274,0.442707830484617,-2.83505145126714,0.0045818305897469,0.0235823207127304,"WBGene00019516","WBGene00019516",NA
"WBGene00019547",21.8740278346456,-3.13781117495646,0.675569615524553,-4.64468961132906,3.40588118783024e-06,3.9838919063466e-05,"WBGene00019547","WBGene00019547",NA
"WBGene00019550",10.1620323211039,-2.83899044690191,0.806088394468902,-3.52193440121713,0.000428410138652232,0.0030847688220435,"WBGene00019550","WBGene00019550",NA
"WBGene00019564",91.3366599661437,1.47836453565767,0.529726217715908,2.79080869742889,0.00525765371265029,0.0264232224032738,"WBGene00019564","WBGene00019564",NA
"WBGene00019645",333.931893507818,1.23409742206251,0.290312511002306,4.25092744987729,2.12887124910658e-05,0.000210692116060289,"WBGene00019645","WBGene00019645",NA
"WBGene00019652",49.1279944763944,2.78682222268381,0.694709306856188,4.01149400933636,6.03357083304286e-05,0.000538032522365075,"WBGene00019652","WBGene00019652",NA
"WBGene00019653",29.2690100680301,-1.06557740103419,0.388634890623916,-2.74184697962528,0.00610947957194656,0.0298845966878276,"WBGene00019653","WBGene00019653",NA
"WBGene00019655",22.1241496936461,2.33787628573447,0.866427517207822,2.6982941322877,0.00696958306394399,0.0335634267968165,"WBGene00019655","WBGene00019655",NA
"WBGene00019660",129.922326673933,-2.91151118265126,0.663643818869296,-4.38715934642748,1.14840656994477e-05,0.000119636844782949,"WBGene00019660","WBGene00019660",NA
"WBGene00019700",67.5005670489844,-1.97776131662775,0.744989058298077,-2.65475216662367,0.00793666948192867,0.0372663656061782,"WBGene00019700","WBGene00019700",NA
"WBGene00019717",62.9057534968473,2.11354238609009,0.521597417390724,4.05205684618421,5.07693251209299e-05,0.000461313390943072,"WBGene00019717","WBGene00019717",NA
"WBGene00019730",1367.53769553924,1.97715596047149,0.177890415329897,11.1144603086393,1.06693793478756e-28,2.24260939734097e-26,"WBGene00019730","WBGene00019730",NA
"WBGene00019746",46.0527784414152,1.52021517199599,0.446505180887739,3.40469772147661,0.000662373295576837,0.00451253646981875,"WBGene00019746","WBGene00019746",NA
"WBGene00019770",377.226923455563,1.00579526230199,0.231238151562804,4.34960777667702,1.36381243104312e-05,0.000140338164700499,"WBGene00019770","WBGene00019770",NA
"WBGene00019782",112.872262989525,1.9173847839796,0.476358121235988,4.0250909945749,5.69532884982475e-05,0.000510685917506556,"WBGene00019782","WBGene00019782",NA
"WBGene00019922",91.31048591493,-2.24991963488411,0.800577320802915,-2.81037143623756,0.00494843545635965,0.025152200561077,"WBGene00019922","WBGene00019922",NA
"WBGene00019963",348.010959763888,1.23254104887576,0.188141821061235,6.5511274522776,5.71042946572123e-11,1.69334374177497e-09,"WBGene00019963","WBGene00019963",NA
"WBGene00019968",38.0524540952282,2.2468190279887,0.493474845840418,4.55305685168659,5.28719774163836e-06,5.95977265940355e-05,"WBGene00019968","WBGene00019968",NA
"WBGene00020009",65.2815880139698,1.60090939505098,0.415441401522661,3.85351433242662,0.000116434444296473,0.000968119553420295,"WBGene00020009","WBGene00020009",NA
"WBGene00020016",22.4857306381334,-2.41090530798283,0.706050301858186,-3.4146367498715,0.000638671244169716,0.00438449956432169,"WBGene00020016","WBGene00020016",NA
"WBGene00020029",292.175596417163,1.18201606875478,0.240203144215129,4.92090173347668,8.61463780955025e-07,1.15722761477351e-05,"WBGene00020029","WBGene00020029",NA
"WBGene00020052",40.011028936207,1.19375114108664,0.429625864027696,2.77858304408249,0.00545965557611784,0.0272748752831379,"WBGene00020052","WBGene00020052",NA
"WBGene00020075",47.5735058776816,-1.53453162877454,0.373597900190226,-4.10744179234732,4.00065554804574e-05,0.000372032334080793,"WBGene00020075","WBGene00020075",NA
"WBGene00020135",161.416394368528,-1.03448486409427,0.383762966608044,-2.69563494684686,0.00702546140026412,0.033740675191298,"WBGene00020135","WBGene00020135",NA
"WBGene00020182",68.7988152478735,2.28690541092179,0.514133877435762,4.44807376305898,8.6643778010023e-06,9.38879803423942e-05,"WBGene00020182","WBGene00020182",NA
"WBGene00020192",76.0134856503019,-1.32666938914646,0.45017478979759,-2.94700951544392,0.00320863329729106,0.0174575545177697,"WBGene00020192","WBGene00020192",NA
"WBGene00020205",234.417199524143,-2.72990359845824,1.03421304119094,-2.63959502513586,0.00830051494104505,0.0387077520562339,"WBGene00020205","WBGene00020205",NA
"WBGene00020258",24.9844920757347,-1.34929842826109,0.427021633211601,-3.15978939547653,0.00157883218158843,0.00956602304851352,"WBGene00020258","WBGene00020258",NA
"WBGene00020315",168.842710657364,1.43841694978812,0.278544100802642,5.16405461700044,2.41657134399233e-07,3.62055075678012e-06,"WBGene00020315","WBGene00020315",NA
"WBGene00020324",59.1873010146703,1.42741499695426,0.350120355174158,4.07692662211608,4.56348862052419e-05,0.000418920634895005,"WBGene00020324","WBGene00020324",NA
"WBGene00020335",81.0532302766341,1.48255299676922,0.463018286713379,3.20193184440458,0.00136509291995996,0.00844643857358773,"WBGene00020335","WBGene00020335",NA
"WBGene00020341",75.9438419694477,1.54786291302486,0.382407963626094,4.04767436940279,5.17290434646995e-05,0.000469436963962508,"WBGene00020341","WBGene00020341",NA
"WBGene00020362",29.4256542968723,-3.65401125456687,1.39563110077377,-2.6181784373686,0.00884005655536728,0.0405848608325876,"WBGene00020362","WBGene00020362",NA
"WBGene00020373",23.627256931712,-1.41219406477786,0.448240554393406,-3.15052721342662,0.00162976072985929,0.00984954338768662,"WBGene00020373","WBGene00020373",NA
"WBGene00020394",27.5841821830009,1.62996155202869,0.52442521031394,3.10809152567805,0.00188299743470185,0.0110869384174953,"WBGene00020394","WBGene00020394",NA
"WBGene00020449",24.0740346696501,-1.93297780560504,0.725625174117456,-2.66387919624761,0.00772452971103431,0.0364619231042977,"WBGene00020449","WBGene00020449",NA
"WBGene00020502",23.1895367889287,-1.76903908489858,0.509644569487925,-3.47112319214164,0.000518286165094219,0.0036473974188536,"WBGene00020502","WBGene00020502",NA
"WBGene00020551",73.7767444971517,1.21763658100876,0.359373081643953,3.38822422491601,0.000703467302935262,0.00474500149167235,"WBGene00020551","WBGene00020551",NA
"WBGene00020609",47.7769440560145,2.54965062016143,0.606319142140701,4.20512967998917,2.60932501819466e-05,0.000253019555529554,"WBGene00020609","WBGene00020609",NA
"WBGene00020613",21.4475729326302,3.29781145079264,1.00284833871279,3.28844484603281,0.00100742521229715,0.00647442830906618,"WBGene00020613","WBGene00020613",NA
"WBGene00020658",174.679307271433,-1.65868981964138,0.419334723907402,-3.95552699329441,7.63661245529055e-05,0.00066191693040308,"WBGene00020658","WBGene00020658",NA
"WBGene00020672",420.494210898604,2.23090062990973,0.360043250352912,6.1962017833219,5.78419644034807e-10,1.46324813667071e-08,"WBGene00020672","WBGene00020672",NA
"WBGene00020688",40.2167167959294,-1.10193717165279,0.419698410010104,-2.62554526148017,0.00865103064024013,0.0399368163723536,"WBGene00020688","WBGene00020688",NA
"WBGene00020700",11.6717258603689,-2.86731220560157,0.895947694339576,-3.20031205361283,0.0013727886918361,0.00848303881211128,"WBGene00020700","WBGene00020700",NA
"WBGene00020741",40.4822169361785,-4.56249377240202,0.711718966499045,-6.41052717035909,1.4501730553912e-10,4.04830536732547e-09,"WBGene00020741","WBGene00020741",NA
"WBGene00020774",20.6614374154138,-2.19075558405365,0.670912407087938,-3.26533771161352,0.0010933363732201,0.00693919040072599,"WBGene00020774","WBGene00020774",NA
"WBGene00020881",17.007920619859,-2.2477983533839,0.859042513336983,-2.61663226031997,0.0088801954013493,0.0407070663474938,"WBGene00020881","WBGene00020881",NA
"WBGene00020906",32.8825178675831,-1.0710454780676,0.37547970690607,-2.85247233969833,0.00433805876287816,0.0225365019774269,"WBGene00020906","WBGene00020906",NA
"WBGene00020911",268.139058943719,-1.21344593449557,0.216382573630637,-5.60787273270402,2.04828550672914e-08,3.87763506591782e-07,"WBGene00020911","WBGene00020911",NA
"WBGene00020952",184.667741513098,-1.06308741555979,0.342276777953071,-3.10592913114763,0.00189682169731049,0.0111477271873597,"WBGene00020952","WBGene00020952",NA
"WBGene00020989",88.9244906507664,1.85149537361392,0.434841710766458,4.25786056804545,2.06392604941343e-05,0.000205143915328693,"WBGene00020989","WBGene00020989",NA
"WBGene00021018",63.4873237713196,-1.15300755610488,0.417953908671222,-2.75869547379178,0.00580325861026159,0.0286415660623166,"WBGene00021018","WBGene00021018",NA
"WBGene00021066",99.5793265095098,2.81076670027457,0.509689313880678,5.51466672682211,3.49441500757011e-08,6.27458212351753e-07,"WBGene00021066","WBGene00021066",NA
"WBGene00021072",10.6524012956308,-3.54561107867471,0.988937513526677,-3.58527311400152,0.000336725634500455,0.00249368885695078,"WBGene00021072","WBGene00021072",NA
"WBGene00021121",434.424656034766,1.106066823305,0.435831906450374,2.537828935732,0.0111542491388566,0.0490829153460211,"WBGene00021121","WBGene00021121",NA
"WBGene00021197",64.702466860654,-2.08028112438729,0.512285215430018,-4.06078696345175,4.89075833769745e-05,0.000445529693567302,"WBGene00021197","WBGene00021197",NA
"WBGene00021299",28.7253007990821,-2.93317400428191,1.05655092703223,-2.77617853454634,0.00550019964353615,0.0273917608031575,"WBGene00021299","WBGene00021299",NA
"WBGene00021335",52.416594334443,2.09362285984637,0.428400293398713,4.88707148922942,1.02346938042317e-06,1.35699887331988e-05,"WBGene00021335","WBGene00021335",NA
"WBGene00021379",53.9268568735098,1.82036547168882,0.485637056230633,3.74840726903738,0.000177961110965793,0.00141389558589999,"WBGene00021379","WBGene00021379",NA
"WBGene00021435",13.2160177507488,2.2530668036667,0.830644859566165,2.71243092366026,0.00667917006156177,0.0323063883891379,"WBGene00021435","WBGene00021435",NA
"WBGene00021458",84.7876059742408,-2.13176292408273,0.831513879165078,-2.5637129788179,0.0103559143239373,0.0462135300897064,"WBGene00021458","WBGene00021458",NA
"WBGene00021491",120.025131479992,2.54538194434937,0.812096248785048,3.13433530589192,0.00172243912141748,0.010296454354839,"WBGene00021491","WBGene00021491",NA
"WBGene00021492",17.4932004065808,3.24731127207094,0.736040316656353,4.41186603313071,1.02483519961108e-05,0.000108583910363537,"WBGene00021492","WBGene00021492",NA
"WBGene00021505",50.8889357471719,-1.82613400792863,0.624328767671139,-2.92495573244278,0.0034450522625293,0.0185322288251153,"WBGene00021505","WBGene00021505",NA
"WBGene00021529",34.3554601302782,1.87768742788417,0.617345965575469,3.04154806638098,0.00235364983250575,0.0134240690566659,"WBGene00021529","WBGene00021529",NA
"WBGene00021556",168.007512023865,1.19546074535158,0.279692038105647,4.27420370436153,1.91821603698153e-05,0.000192849203794065,"WBGene00021556","WBGene00021556",NA
"WBGene00021565",28.2968644809141,2.29413714398678,0.667853473818101,3.43509053096821,0.00059235590375155,0.00410002079047017,"WBGene00021565","WBGene00021565",NA
"WBGene00021601",45.91850463067,6.64884054504571,1.05920699710633,6.27718714397643,3.44753033015206e-10,9.12510203867841e-09,"WBGene00021601","WBGene00021601",NA
"WBGene00021709",1013.71251275661,3.48257119779147,0.291651384034262,11.9408697795939,7.24614600599801e-33,1.91794749747647e-30,"WBGene00021709","WBGene00021709",NA
"WBGene00021726",74.5020079259199,-2.49037394807997,0.923889628091066,-2.69553188212055,0.00702763520915792,0.033740675191298,"WBGene00021726","WBGene00021726",NA
"WBGene00021745",11.8906958411179,2.4660404342952,0.775496809914914,3.1799491664779,0.00147300889520248,0.00900886441554517,"WBGene00021745","WBGene00021745",NA
"WBGene00021774",25.0850677663553,-2.74588710371186,1.07340534531084,-2.55810828193398,0.0105243315768252,0.0467737161777249,"WBGene00021774","WBGene00021774",NA
"WBGene00021797",16.232829216321,2.06245875706778,0.631398081216599,3.26649512949702,0.00108887680926059,0.00692010503991178,"WBGene00021797","WBGene00021797",NA
"WBGene00021898",344.248203202267,-1.08059865924559,0.184721973377322,-5.84986528396547,4.91971311199991e-09,1.04174014088614e-07,"WBGene00021898","WBGene00021898",NA
"WBGene00021913",284.222167498993,-1.76063130660686,0.572862715071418,-3.07339133842454,0.00211640747625375,0.012227086523078,"WBGene00021913","WBGene00021913",NA
"WBGene00021915",29.9085388397822,-1.16625281786524,0.455739405427973,-2.55903440425575,0.0104963353005944,0.0467073849475079,"WBGene00021915","WBGene00021915",NA
"WBGene00021948",58.0875269445885,1.1199281704828,0.40857977205201,2.74102695994514,0.00612474817818239,0.0299387912827499,"WBGene00021948","WBGene00021948",NA
"WBGene00021975",66.0694158417413,1.28690807665034,0.392280495950492,3.2805813440512,0.00103593387685466,0.00662868201806816,"WBGene00021975","WBGene00021975",NA
"WBGene00021977",1819.59568770713,3.03481054877521,0.255550111109419,11.8755986276046,1.58495385218398e-32,4.04531168022601e-30,"WBGene00021977","WBGene00021977",NA
"WBGene00021978",442.019891457654,5.31618363575682,0.347389080226075,15.3032548757639,7.27266459696926e-53,5.47095763602535e-50,"WBGene00021978","WBGene00021978",NA
"WBGene00021979",526.737318493418,4.02407756307263,0.295674597433466,13.6098183543757,3.50112898881812e-42,1.66805455457258e-39,"WBGene00021979","WBGene00021979",NA
"WBGene00022012",23.1021166180936,-1.89351308163,0.485414081840956,-3.9008202531924,9.58673132149863e-05,0.000812622718758192,"WBGene00022012","WBGene00022012",NA
"WBGene00022200",384.61668059103,-1.34302520397909,0.305492569815455,-4.39626143703067,1.10131277360671e-05,0.000115998993906858,"WBGene00022200","WBGene00022200",NA
"WBGene00022231",160.507458767844,1.11076394431473,0.386492430965717,2.87396040729516,0.00405359775572526,0.0212694833783338,"WBGene00022231","WBGene00022231",NA
"WBGene00022245",4357.39440606336,1.09686302433996,0.215484911614812,5.09020801558784,3.57670929582382e-07,5.19004121474212e-06,"WBGene00022245","WBGene00022245",NA
"WBGene00022255",11.8229926653148,-2.22112071706152,0.762364056294912,-2.91346463506709,0.0035744232120652,0.0191488871701829,"WBGene00022255","WBGene00022255",NA
"WBGene00022382",498.105041424667,2.22582780243216,0.425549351278216,5.23048101412087,1.69069540700298e-07,2.60680792365626e-06,"WBGene00022382","WBGene00022382",NA
"WBGene00022484",30.3181672364655,-1.47811084993281,0.551924044122158,-2.6781055575931,0.00740398807042011,0.0352046578478092,"WBGene00022484","WBGene00022484",NA
"WBGene00022496",15.3164241117535,-3.18687303754673,0.881018461056721,-3.61726022599379,0.00029773792811502,0.00224095218880884,"WBGene00022496","WBGene00022496",NA
"WBGene00022557",36.6964896724975,-2.45080505638497,0.786924767440598,-3.11440833709682,0.0018431421565066,0.0108859631582433,"WBGene00022557","WBGene00022557",NA
"WBGene00022644",288.20386467012,1.46445879354706,0.523953832236116,2.79501494873524,0.00518973153939935,0.0261186031312095,"WBGene00022644","WBGene00022644",NA
"WBGene00022645",587.813588110403,1.68913970481793,0.299240187169597,5.64476222527088,1.65409691870592e-08,3.21222924715539e-07,"WBGene00022645","WBGene00022645",NA
"WBGene00022797",80.762235160422,-1.98614497897219,0.492766007151355,-4.03060468893533,5.56335429215524e-05,0.000500107062250156,"WBGene00022797","WBGene00022797",NA
"WBGene00022813",61.3206630456579,1.39429877938496,0.307236691928932,4.5381909648587,5.67388684074323e-06,6.35555365319302e-05,"WBGene00022813","WBGene00022813",NA
"WBGene00023069",101.4293931765,-1.38865143146295,0.302750955745452,-4.58677802698832,4.50138826418745e-06,5.15304257583989e-05,"WBGene00023069","WBGene00023069",NA
"WBGene00023423",42.7108115258492,5.58977769007623,0.7191255764038,7.77302028114416,7.66364652457526e-15,3.73844709132267e-13,"WBGene00023423","WBGene00023423",NA
"WBGene00043302",51.756949984127,1.10962746033313,0.37281632091366,2.97633820754887,0.00291712959933295,0.0160982754298324,"WBGene00043302","WBGene00043302",NA
"WBGene00044073",22.0712063602267,-1.42011570616351,0.549956344841153,-2.58223351632336,0.00981631394139229,0.0442322115902648,"WBGene00044073","WBGene00044073",NA
"WBGene00044082",129.127970906047,-1.44353236844665,0.318396050507348,-4.53376342497482,5.79419238833469e-06,6.47508927337511e-05,"WBGene00044082","WBGene00044082",NA
"WBGene00044197",21.9612302867297,-5.31730156033546,1.47634317294508,-3.60167043664261,0.000316179028880113,0.0023623350025005,"WBGene00044197","WBGene00044197",NA
"WBGene00044221",25.174593001819,-2.11428219562189,0.528702629646282,-3.99900071810956,6.36104871288718e-05,0.000561571768087069,"WBGene00044221","WBGene00044221",NA
"WBGene00044281",64.3726389112337,-2.42435271975286,0.939458896681524,-2.5805841302014,0.0098633320108,0.04441606944876,"WBGene00044281","WBGene00044281",NA
"WBGene00044379",25.6200405898674,4.01906434392866,1.1055733796947,3.63527597330402,0.000277683213107154,0.00210441472160157,"WBGene00044379","WBGene00044379",NA
"WBGene00044457",123.821136947896,-1.35326821331602,0.354562061950918,-3.81673156420033,0.000135231157054044,0.00111083846423762,"WBGene00044457","WBGene00044457",NA
"WBGene00044553",155.12257695142,1.51505689572969,0.398763224700384,3.79938971771544,0.000145052841410624,0.00117899516540921,"WBGene00044553","WBGene00044553",NA
"WBGene00044607",49.0237733684916,-1.86558560098562,0.405013573166032,-4.6062298268232,4.10035197003913e-06,4.73395239965826e-05,"WBGene00044607","WBGene00044607",NA
"WBGene00044644",167.193905008065,2.2253609192259,0.412465427502887,5.39526653833388,6.84219055200656e-08,1.15324799009233e-06,"WBGene00044644","WBGene00044644",NA
"WBGene00044692",50.8477795544054,-2.87531198817756,1.04782027585087,-2.74408890001931,0.00606791028705945,0.0297117648965196,"WBGene00044692","WBGene00044692",NA
"WBGene00044725",23.9179969600027,-1.8849671794117,0.661135317727095,-2.85110646621027,0.0043567378997057,0.0226192716311273,"WBGene00044725","WBGene00044725",NA
"WBGene00044811",18.4991300483596,1.47115937994111,0.574955673721174,2.55873530287928,0.010505369753675,0.0467260074354804,"WBGene00044811","WBGene00044811",NA
"WBGene00044921",25.0806015756885,-1.39424769194237,0.537347908807424,-2.59468338685216,0.0094678090085471,0.0429189324957703,"WBGene00044921","WBGene00044921",NA
"WBGene00044976",13.6459627876588,-2.8094404609703,1.03311991228086,-2.71937499952721,0.00654054107661831,0.0317262973045142,"WBGene00044976","WBGene00044976",NA
"WBGene00045058",55.6586045150591,-1.6848628868973,0.586277966636519,-2.87382945083775,0.00405527883750481,0.0212704955686078,"WBGene00045058","WBGene00045058",NA
"WBGene00045275",151.568597959223,1.15452914193033,0.370242795835339,3.11830278648769,0.0018189582898404,0.010783231371501,"WBGene00045275","WBGene00045275",NA
"WBGene00045305",117.040289426683,2.43615658243014,0.292885367847036,8.31778180090738,8.96248141141681e-17,5.90326022181477e-15,"WBGene00045305","WBGene00045305",NA
"WBGene00050899",43.8907189359562,1.71594282498698,0.559784996074558,3.0653605170197,0.00217407758986234,0.0125248250672722,"WBGene00050899","WBGene00050899",NA
"WBGene00077593",65.9085106230408,2.49250276333912,0.512454905164959,4.86384799563345,1.15125338860199e-06,1.50547709819654e-05,"WBGene00077593","WBGene00077593",NA
"WBGene00077764",338.660477026304,-1.56385819449874,0.390029321392624,-4.00959135306771,6.08239185679674e-05,0.000541654995695924,"WBGene00077764","WBGene00077764",NA
"WBGene00077770",140.406724695058,-1.10564238825325,0.382610487712741,-2.88973361619757,0.0038556839891465,0.0203806550506179,"WBGene00077770","WBGene00077770",NA
"WBGene00194650",39.742877366178,-1.05763635088762,0.343272188426665,-3.081042934865,0.00206276902180188,0.0119607130339206,"WBGene00194650","WBGene00194650",NA
"WBGene00194713",24.919881780499,1.64951059336131,0.604718629702698,2.72773239047105,0.00637713203273912,0.0310768319617934,"WBGene00194713","WBGene00194713",NA
"WBGene00194769",38.3223208108802,-1.682725757134,0.503294979140018,-3.34341852567112,0.0008275298991802,0.00545063817925465,"WBGene00194769","WBGene00194769",NA
"WBGene00206361",14.3588173247513,3.34299121069406,1.00093133941704,3.33988064819818,0.000838144019400764,0.00551292796562131,"WBGene00206361","WBGene00206361",NA
"WBGene00206380",41.5586105210801,1.06196651981251,0.381219902714918,2.7857058675309,0.00534113121873408,0.0268050521451426,"WBGene00206380","WBGene00206380",NA
"WBGene00219571",16.4726382060134,-1.63571722540652,0.624263584356154,-2.62023489179423,0.00878692205028814,0.0404351181148643,"WBGene00219571","WBGene00219571",NA
"WBGene00271815",18.2608854716474,-4.31535324229578,1.44761164110515,-2.98101584690304,0.00287293925733216,0.0159035324574162,"WBGene00271815","WBGene00271815",NA
"WBGene00284847",148.432924678356,2.75188476115438,0.488723008222026,5.63076571975961,1.79411296657919e-08,3.43743386478771e-07,"WBGene00284847","WBGene00284847",NA
"WBGene00303024",230.210068355886,1.34443598983464,0.308974824828477,4.3512800454891,1.35345052331129e-05,0.00013947273489321,"WBGene00303024","WBGene00303024",NA
"WBGene00303058",22.8118917096285,3.78926650885607,0.86253787832466,4.39315954009591,1.11715082172521e-05,0.000117149205391918,"WBGene00303058","WBGene00303058",NA
