"","baseMean","log2FoldChange","lfcSE","stat","pvalue","padj","sgd","systematic","genename"
"S000029717",3167.77256776416,-1.39019563534089,0.531106945241648,-2.6175436939699,0.00885651487803861,0.0312712863517307,"S000029717","S000029717","ETS1-1"
"S000029707",3152.33400645373,-1.39019520388105,0.529551620351807,-2.62523076212565,0.00865902598597388,0.0307257841155722,"S000029707","S000029707","ETS1-2"
"S000029715",136.064072812925,-1.45260827386464,0.540500976281726,-2.68752201681038,0.00719843565722776,0.026354313741997,"S000029715","S000029715","ITS1-1"
"S000029709",136.064072812925,-1.45260827386464,0.540500976281726,-2.68752201681038,0.00719843565722776,0.026354313741997,"S000029709","S000029709","ITS1-2"
"S000007261",39.5887650716159,1.76810053991967,0.618858257032735,2.85703635659198,0.00427616854902995,0.0172925436657286,"S000007261","S000007261","AI1"
"S000007268",16.3680475496666,-2.55085372828465,0.95948837156414,-2.65855616793593,0.00784762683925184,0.0282890618949374,"S000007268","S000007268","ATP6"
"S000007497",41.5313712389374,1.79417900692264,0.628439855402667,2.85497329855541,0.00430404473496928,0.0173877081393205,"S000007497","S000007497","SNR30"
"S000119075",525.145834212896,-1.6141318232443,0.35738201110105,-4.51654468637455,6.28568574877358e-06,6.53866858858957e-05,"S000119075","S000119075","SNR86"
"S000002136",2758.65528425381,2.20300013825622,0.200178666437835,11.0051694191916,3.60837069860523e-28,8.05850662424446e-26,"S000002136","S000002136",NA
"S000000004",22322.3563124837,2.19544795122549,0.18531637798752,11.8470260160888,2.22963917209114e-32,7.08182948593303e-30,"S000000004","S000000004","SSA1"
"S000000010",721.050383307748,1.41389948862775,0.340978664135444,4.14659225735637,3.37460240514068e-05,0.00027945070786023,"S000000010","S000000010","CYS3"
"S000000016",31.6286602827745,-4.48717711760015,0.860641791713918,-5.21375694371545,1.85053905519386e-07,3.12275734544106e-06,"S000000016","S000000016","LDS1"
"S000000027",456.224366269496,1.00590717765564,0.321661291503826,3.12722483004667,0.00176464922944183,0.0081598613511524,"S000000027","S000000027","MYO4"
"S000000035",171.020723532758,1.96427689271048,0.37642804794163,5.21820014064166,1.80670180466163e-07,3.06716131747047e-06,"S000000035","S000000035",NA
"S000000049",3254.51457846449,1.13886275149628,0.361847035176592,3.14735963206244,0.00164752188245727,0.00768789757295521,"S000000049","S000000049","FLC2"
"S000000050",15410.2467153861,-3.88866475001526,0.688955054303962,-5.64429381237924,1.6586061931835e-08,3.73330052270423e-07,"S000000050","S000000050","ACS1"
"S000000057",7774.6496138456,1.90057270749125,0.34511447915334,5.50707901955859,3.64836524320905e-08,7.52468750666479e-07,"S000000057","S000000057","BDH2"
"S000000058",9307.39733513693,-2.02391620581202,0.309259019015973,-6.54440479133605,5.97328037238759e-11,2.24084242421354e-09,"S000000058","S000000058","GDH3"
"S000000066",116.068032730536,-1.6791611068883,0.330197263570885,-5.08532714271822,3.66992941792706e-07,5.61008568667717e-06,"S000000066","S000000066","SEN34"
"S000000076",240.786997665136,3.52735077624933,0.394173193174633,8.9487332911718,3.59584813545386e-19,3.98414398449938e-17,"S000000076","S000000076",NA
"S000001821",15.976648006452,2.70125637971784,0.560715498993515,4.81751687721599,1.45355799619628e-06,1.87675740195424e-05,"S000001821","S000001821",NA
"S000000080",7746.94113847539,-1.46450791254476,0.468291423981742,-3.12734301237569,0.00176393995668234,0.00815922129477691,"S000000080","S000000080","YAT1"
"S000002144",17.9648413380698,-1.88739652237195,0.576986400826903,-3.2711282617182,0.00107119315396771,0.0053740132501441,"S000002144","S000002144",NA
"S000000094",182.590931748067,-1.00630382295269,0.297389739494217,-3.38378797017057,0.000714931906710133,0.00384154952729621,"S000000094","S000000094","PHO11"
"S000000111",6780.69595659764,-2.11225528651352,0.535470461925749,-3.9446719038751,7.99093123754968e-05,0.000584815054676383,"S000000111","S000000111","ACH1"
"S000000138",356.004309010949,-1.35754936520227,0.385905024545619,-3.51783283153855,0.00043508635440089,0.00254576677966008,"S000000138","S000000138","FUI1"
"S000000139",720.524447887066,1.47421903805274,0.561631811677177,2.62488521376727,0.00866781828789041,0.0307417188061582,"S000000139","S000000139","ECM13"
"S000000159",178.925226821718,-1.19924665051633,0.252560945176992,-4.74834559110442,2.05087376133086e-06,2.53573863933408e-05,"S000000159","S000000159","KIP1"
"S000000163",1366.39911412102,-1.47772809169949,0.324173526223636,-4.55844778231537,5.15330733983792e-06,5.5173199856407e-05,"S000000163","S000000163","UBP13"
"S000000165",462.992508403384,4.63333213034598,0.313122890133541,14.7971683844958,1.52780207800639e-49,1.55977679292467e-46,"S000000165","S000000165","AST1"
"S000000166",14.2941074367222,3.69089216303833,0.680927781465464,5.42038710051593,5.94701202355239e-08,1.15962677834426e-06,"S000000166","S000000166",NA
"S000000172",2416.53775730308,1.49962112720164,0.356975494859428,4.20090776200807,2.65846892304204e-05,0.000226850724280835,"S000000172","S000000172","ILS1"
"S000000173",287.825021310851,1.27768851570131,0.366093974372348,3.49005611985788,0.000482919123544255,0.0027776108783976,"S000000173","S000000173",NA
"S000000176",249.839748734487,-1.27803888699076,0.20490168905375,-6.23732724162905,4.45110235690374e-10,1.42644856473599e-08,"S000000176","S000000176","PET112"
"S000000177",108.524120181963,1.43517774091241,0.417081170403817,3.44100343710762,0.000579561170780151,0.00323504883068295,"S000000177","S000000177",NA
"S000000180",846.298157060979,-1.01065348093798,0.195496630136271,-5.1696721331386,2.34505048690114e-07,3.8045183438454e-06,"S000000180","S000000180","CDC27"
"S000000197",1827.50183865539,1.59883714322737,0.248371930295663,6.4372698691197,1.21641548918058e-10,4.44660526518107e-09,"S000000197","S000000197","ECM21"
"S000000208",535.4409221813,2.30347439408087,0.542160030372774,4.24869829023926,2.15016274203722e-05,0.000189005387896297,"S000000208","S000000208","GPI18"
"S000000209",478.321279392919,1.51571908610484,0.413593957080264,3.66475152781472,0.000247578822805504,0.00156369602932349,"S000000209","S000000209","RCR1"
"S000000210",3128.13823108519,2.06177000452508,0.306380023790912,6.72945311190434,1.70301953150211e-11,7.18031214270197e-10,"S000000210","S000000210","UGA2"
"S000000222",70.1154024963135,-2.47984926665172,0.404139364247307,-6.13612403550527,8.45591451780092e-10,2.55986149324176e-08,"S000000222","S000000222","GAL7"
"S000000223",262.491368469554,-1.7002113958956,0.28671930373179,-5.92988115472705,3.03154018447402e-09,8.12941911007264e-08,"S000000223","S000000223","GAL10"
"S000000224",219.586672916342,-1.71255908219722,0.364986406043692,-4.69211744284035,2.70391824726314e-06,3.19133802709596e-05,"S000000224","S000000224","GAL1"
"S000000225",371.181978723357,-1.01332624126192,0.309949943324073,-3.26932223440485,0.00107805453155381,0.00540653804192934,"S000000225","S000000225","FUR4"
"S000000230",3683.91374121375,-1.7065282240253,0.415699527535631,-4.10519644836265,4.03971433297969e-05,0.000325733517521191,"S000000230","S000000230","ETR1"
"S000000244",18.4224897188328,-2.28823771716919,0.529060487261137,-4.32509660476637,1.52465032101218e-05,0.000141047424195644,"S000000244","S000000244","FIG1"
"S000000245",647.930953400004,1.21220090110649,0.237485131628253,5.10432334350939,3.31980226465725e-07,5.17342982326338e-06,"S000000245","S000000245","FAT1"
"S000000251",370.185058884605,1.15073709229875,0.249005924564142,4.62132414846348,3.81298462016513e-06,4.26106248444255e-05,"S000000251","S000000251","FMP23"
"S000000254",917.386200249053,-2.72940996841562,0.222227360446548,-12.2820608719426,1.13080495965423e-34,4.48960980231608e-32,"S000000254","S000000254","REG2"
"S000000255",72.9902188218211,-2.65594720977596,0.291163991637354,-9.12182579597258,7.38691965634406e-20,8.72572253290295e-18,"S000000255","S000000255",NA
"S000000258",21188.255840435,2.69073916489314,0.794836818206833,3.38527242731847,0.000711076441404297,0.00382226986724017,"S000000258","S000000258","YRO2"
"S000028736",19.0323943075171,5.22566111449767,1.36788946370329,3.82023639567355,0.000133323828953695,0.000917917864756823,"S000028736","S000028736",NA
"S000000271",6300.84460960389,-5.72153999883249,1.1380301415032,-5.02758212649362,4.96702784323075e-07,7.27394763968208e-06,"S000000271","S000000271","TIP1"
"S000000273",1260.60842414952,-3.2370883673874,0.509420393759883,-6.35445382053788,2.09168470051004e-10,7.30964533603668e-09,"S000000273","S000000273","TAT1"
"S000000274",178.458790013761,-1.48571948698675,0.217990556598464,-6.81552224174292,9.39219407787339e-12,4.18201339423814e-10,"S000000274","S000000274","ALG14"
"S000000277",826.646151191248,1.15047244339223,0.214453525977233,5.36467021537508,8.10972516909636e-08,1.52717130226475e-06,"S000000277","S000000277","RDH54"
"S000000286",835.614678115741,1.8486843585679,0.517702645500147,3.57093859696604,0.00035570428378351,0.00214518199498637,"S000000286","S000000286","UBC4"
"S000000292",501.85720144241,-1.04045981380822,0.308018728072202,-3.37791088327698,0.000730387465437916,0.00390697157316771,"S000000292","S000000292","POL30"
"S000000293",371.322132900237,-1.04875098705405,0.31017991502605,-3.38110540447461,0.000721948430764467,0.00386761953557591,"S000000293","S000000293",NA
"S000000300",250.22477744808,1.62774752782235,0.238982979401255,6.81114417395118,9.68255329078645e-12,4.28460477353594e-10,"S000000300","S000000300",NA
"S000000309",874.506648463595,1.59945698763731,0.317823344306789,5.03253463374731,4.84037124868689e-07,7.12496665885496e-06,"S000000309","S000000309","VID24"
"S000000312",1049.67972332242,1.55057630744863,0.2735085681545,5.66920560445749,1.43461125618494e-08,3.27554292087082e-07,"S000000312","S000000312","AIM3"
"S000000318",1166.44625288417,1.21289754974698,0.267969414867622,4.52625367841385,6.00385047711298e-06,6.2912782162299e-05,"S000000318","S000000318","RAD16"
"S000000332",365.18441093343,-1.09587951908154,0.283626942090312,-3.86380613564065,0.000111633831397846,0.000787552987250453,"S000000332","S000000332","ATG14"
"S000000333",345.321691520205,-1.37228422016141,0.282646531565587,-4.85512492426597,1.20310873143174e-06,1.59814433999571e-05,"S000000333","S000000333","OPY1"
"S000000349",916.407500119619,1.00224541590578,0.286838234228667,3.49411374184794,0.000475638328183248,0.00274567795828884,"S000000349","S000000349","ADH5"
"S000000355",1319.23398299407,1.05348226759535,0.169900376585402,6.20058818448712,5.62525298712778e-10,1.77096345693871e-08,"S000000355","S000000355","APD1"
"S000000361",1162.5055278145,-3.09823315206752,0.385736720921169,-8.03198913670626,9.59048645441227e-16,7.57330513220523e-14,"S000000361","S000000361","ICS2"
"S000000363",975.511829663771,1.36219211426744,0.187863545491743,7.25096564478129,4.13810646819869e-13,2.1987344144968e-11,"S000000363","S000000363","IFA38"
"S000000371",96.7273858193683,-1.08328855785069,0.329847868129725,-3.28420663742064,0.00102269908196356,0.00517065368889467,"S000000371","S000000371","POP7"
"S000000372",242.476733999593,-1.97197650744256,0.236103034346586,-8.35218620929628,6.70109069740032e-17,5.8401639840209e-15,"S000000372","S000000372","PEX32"
"S000000373",9942.91989228909,2.14475933653755,0.217989425586986,9.83882282712704,7.66018545606225e-23,1.17727990025266e-20,"S000000373","S000000373","SSE2"
"S000000381",1067.78282339522,3.04645976122642,0.276105124778845,11.0336950959044,2.62839104106714e-28,5.96311002380519e-26,"S000000381","S000000381","EHT1"
"S000000386",264.067263375857,1.57172802794999,0.27193398259189,5.77981469240933,7.47829489353222e-09,1.81781069580367e-07,"S000000386","S000000386","SMP1"
"S000000388",73.6857730804662,-1.40283366751911,0.326683708597843,-4.29416475507826,1.75352225956849e-05,0.000158526841594006,"S000000388","S000000388",NA
"S000000401",337.979656790074,-1.20015146365564,0.21787545041278,-5.50842906523831,3.62050076341528e-08,7.48883030557085e-07,"S000000401","S000000401",NA
"S000087085",20.7553352014251,-1.89743633876615,0.593979841587604,-3.19444567966252,0.00140099647844302,0.00673996723877012,"S000087085","S000087085",NA
"S000000414",134.444544706496,-1.18084378763373,0.318958568338333,-3.70218550260471,0.000213750238494246,0.00137371050305677,"S000000414","S000000414","ERV15"
"S000000415",184.608624305056,-1.05309484837578,0.295494627318748,-3.56383754903202,0.000365472189663907,0.00219483695814642,"S000000415","S000000415","AME1"
"S000000416",6374.81063982964,-2.13396841857397,0.364200675302366,-5.85932032334181,4.64765441248799e-09,1.18411630156312e-07,"S000000416","S000000416","NGR1"
"S000000417",123.649388667984,1.3838399945015,0.301230264710075,4.59396068928665,4.34911342561491e-06,4.77433780278909e-05,"S000000417","S000000417","MET8"
"S000000421",168.250954785124,-1.13547792365392,0.205110606375276,-5.53592982693649,3.09581507095666e-08,6.555331082842e-07,"S000000421","S000000421","ATG12"
"S000000422",2738.95686200187,1.85130893505274,0.137342463703135,13.4795087050014,2.06477119889287e-41,1.4053226069417e-38,"S000000422","S000000422","PYC2"
"S000000443",186.236672847454,1.21638957819385,0.34370568876884,3.53904406572664,0.000401578811644339,0.0023796707938775,"S000000443","S000000443","ERT1"
"S000000444",498.379363848321,1.8587522424023,0.236329403475725,7.86509090729045,3.68829506707482e-15,2.70342571249745e-13,"S000000444","S000000444","THI2"
"S000000452",622.72558347679,1.89765759617658,0.455652113228041,4.16470711116149,3.11752514764514e-05,0.000261802508432973,"S000000452","S000000452","HIS7"
"S000000453",2272.04917931468,1.87105460290572,0.417787735311626,4.47848140278725,7.51759182851513e-06,7.63131676171639e-05,"S000000453","S000000453","ARO4"
"S000007649",405.735840152233,-1.32141298758675,0.273924507453335,-4.82400424800203,1.407044182647e-06,1.82494396575078e-05,"S000007649","S000007649","RCF3"
"S000000460",1738.47838055105,1.34922323957614,0.253157788770761,5.32957427905916,9.84432521730264e-08,1.81190434524994e-06,"S000000460","S000000460","RIB5"
"S000000469",382.394312694012,-1.81376342786207,0.24091890591297,-7.52852259970532,5.13176368134006e-14,3.18905644771276e-12,"S000000469","S000000469","TSC10"
"S000000482",249.559323277787,-1.01715477457888,0.343407380685591,-2.96194791314094,0.00305699493698339,0.0130936855362012,"S000000482","S000000482","DPB3"
"S000000484",2230.20487274858,-1.11788125872533,0.35488643387201,-3.14996898170667,0.00163287798038027,0.0076370173342851,"S000000484","S000000484","SAF1"
"S000000489",266.761948058448,1.22017730640344,0.24369974924516,5.00688782070083,5.53171438083421e-07,8.02688260358004e-06,"S000000489","S000000489",NA
"S000000499",689.59858117571,1.18924202756987,0.15426706458896,7.70898202243344,1.26825275908338e-14,8.59106004055868e-13,"S000000499","S000000499","PCA1"
"S000000500",3812.18127887185,-4.97708530383721,0.724688189214008,-6.86789901907374,6.51543127179798e-12,2.94699554328508e-10,"S000000500","S000000500","PHO89"
"S000000501",402.254694258322,-1.05820147636508,0.210396021743757,-5.02956979697017,4.91581534885255e-07,7.20633320832302e-06,"S000000501","S000000501","MAL33"
"S000000506",666.65737943571,1.00433882739127,0.252458320566199,3.9782361901909,6.94283867516094e-05,0.000520235411333081,"S000000506","S000000506","COS2"
"S000000515",3018.76250637363,1.27539274654534,0.221464726960947,5.75889787979753,8.46649009003814e-09,2.0406668272667e-07,"S000000515","S000000515","ILV6"
"S000000530",2425.27720924924,2.14525288746982,0.436001754266952,4.92028499077171,8.64182869427393e-07,1.18652889075175e-05,"S000000530","S000000530","AGP1"
"S000007548",74.545205573672,3.16355883938953,0.480848254268373,6.57912098319457,4.73237599218976e-11,1.82317655138459e-09,"S000007548","S000007548","HBN1"
"S000000535",3419.54622221486,3.56281068812282,0.305248190277639,11.67184868445,1.77523086023065e-31,5.28611972609931e-29,"S000000535","S000000535","HIS4"
"S000000553",40.0872985465131,-1.21700974093094,0.358633735006925,-3.39346141240015,0.000690152811445608,0.00374074070790081,"S000000553","S000000553","SPS22"
"S000087203",147.485850783005,-1.58147955780356,0.322224827434651,-4.90800032509691,9.2009702178126e-07,1.25726068186611e-05,"S000087203","S000087203",NA
"S000000555",699.98487827761,1.12230259989205,0.38208313353812,2.93732567962223,0.0033105623328684,0.0139457316309131,"S000000555","S000000555","APA1"
"S000000597",1198.05705892978,-1.06807008818258,0.439268791141194,-2.43147273314773,0.0150375801309023,0.048331939017537,"S000000597","S000000597","YCP4"
"S000000598",22672.8974794328,-2.50239619079419,0.528066365348527,-4.73879109710499,2.14997007973149e-06,2.63095225595909e-05,"S000000598","S000000598","CIT2"
"S000000599",69.0250298243717,-2.0034039532777,0.38139907233096,-5.25277615656925,1.49823580624523e-07,2.62429955620871e-06,"S000000599","S000000599",NA
"S000000600",321.891973591263,-1.17578384365097,0.32340301517604,-3.63566135278902,0.000277268379984166,0.00172079763574194,"S000000600","S000000600",NA
"S000000603",19026.9626491417,-9.38562200032983,0.859050205439076,-10.9255802989217,8.69826111449302e-28,1.88370069862801e-25,"S000000603","S000000603","ADY2"
"S000000615",45666.4335913276,3.03405663751709,0.599764148579953,5.05874958465048,4.22014627412756e-07,6.30947183013653e-06,"S000000615","S000000615","HSP30"
"S000000649",2202.27282821978,1.4160289821461,0.279320451817267,5.06954994857475,3.98757482604623e-07,6.01206824775092e-06,"S000000649","S000000649","THR4"
"S000000655",305.928344135467,1.06765685958036,0.248820672642327,4.29086879414994,1.77975451107864e-05,0.000160391117445441,"S000000655","S000000655","YIH1"
"S000000671",119.569930429341,-1.18511647534786,0.268831551736369,-4.40839800125116,1.04138043890884e-05,0.000100730399556897,"S000000671","S000000671","ERS1"
"S000000672",1042.37696288095,-1.09527186705292,0.18889744250993,-5.79823555311156,6.70162769526793e-09,1.6629577195914e-07,"S000000672","S000000672","FUB1"
"S000000684",947.322538735041,1.26119329720428,0.199780969510723,6.31288005205417,2.73889782192032e-10,9.29859063389718e-09,"S000000684","S000000684","ABP1"
"S000000699",29.7281654079916,-2.3171374051958,0.568921396505804,-4.07286036248095,4.64392688139975e-05,0.000368476459496379,"S000000699","S000000699",NA
"S000000702",121.812930838608,-1.0687349654414,0.256801943193178,-4.16170902818069,3.15874675591472e-05,0.000264642247258436,"S000000702","S000000702","ADH7"
"S000002167",94.4480251134019,-1.09842773894627,0.266683903785548,-4.11883778268658,3.80788080780419e-05,0.000310296695472892,"S000002167","S000002167",NA
"S000002169",127.123369000177,-1.26312401236443,0.247624302075189,-5.10096950008119,3.37918020364287e-07,5.23846232653661e-06,"S000002169","S000002169",NA
"S000002172",751.015709051367,1.4789269490297,0.531301164740209,2.78359440403796,0.00537602149932308,0.0208749930315145,"S000002172","S000002172","NOP1"
"S000002176",185.411204075112,-1.42289420167251,0.278998040174099,-5.1000150423444,3.39626489172942e-07,5.25924313082216e-06,"S000002176","S000002176","ERP3"
"S000002182",341.762418113939,-1.14617780008685,0.247263575064524,-4.63544943806525,3.56162778056522e-06,4.02421706463389e-05,"S000002182","S000002182","DIA3"
"S000002195",94.577696219353,2.35672481721969,0.371055884136655,6.35140127936022,2.13362323357754e-10,7.41992138139265e-09,"S000002195","S000002195","BSC1"
"S000002197",290.167340308001,2.14612575788311,0.211996913011989,10.1233821162374,4.35114885644024e-24,7.87227476013928e-22,"S000002197","S000002197","PRM7"
"S000002199",25.3180302029781,-1.76369728843878,0.487567573493927,-3.61733918398236,0.000297647147000654,0.00183611164094965,"S000002199","S000002199",NA
"S000002200",322.300782552348,-2.03447572175913,0.20387320795921,-9.97912252484977,1.88123031593477e-23,3.20100296495901e-21,"S000002200","S000002200","SIR2"
"S000002201",159.112970347332,-1.99383005977061,0.358886005535463,-5.55560826841322,2.76646673152866e-08,5.91932769367351e-07,"S000002201","S000002201","PRP11"
"S000002204",1454.63364453887,-1.05964615078198,0.254814867681312,-4.15849420571189,3.20352357342415e-05,0.000267840827475184,"S000002204","S000002204","NPC2"
"S000002206",5399.83921144317,3.59314741102863,0.361443560723639,9.9411022950163,2.75758599931397e-23,4.42855917844882e-21,"S000002206","S000002206","STP4"
"S000002207",391.72121155553,-3.63205150853904,0.318300988526937,-11.4107452991201,3.69549232992798e-30,9.78142071697418e-28,"S000002207","S000002207","KNH1"
"S000002217",81.9445385054875,1.7930516689199,0.3450558763083,5.19640960213021,2.03174329236692e-07,3.36497182825033e-06,"S000002217","S000002217","RAD59"
"S000002236",4164.71835941768,-1.49722005995583,0.362810803498292,-4.1267240267361,3.67967531939867e-05,0.000301050940699286,"S000002236","S000002236","MDH3"
"S000002243",4959.52931427166,-2.4978548555541,0.223973762691297,-11.1524440431753,6.96661235790771e-29,1.71678949019957e-26,"S000002243","S000002243","NDE2"
"S000002248",254.848786325808,-1.75094113920618,0.20295750871253,-8.62713161150506,6.29097691977173e-18,6.28789742058023e-16,"S000002248","S000002248","RAM1"
"S000002272",24.8757783518612,-1.96100836168899,0.63376477088089,-3.09422115552955,0.00197330331677879,0.0089851622512645,"S000002272","S000002272",NA
"S000002286",2008.93303822839,1.50326855247255,0.232252142768731,6.47257129493721,9.63490334445881e-11,3.54926993562757e-09,"S000002286","S000002286","VCX1"
"S000002287",417.455536079883,1.40292728122083,0.173779577848243,8.07302732917194,6.85762502518454e-16,5.53762906694704e-14,"S000002287","S000002287",NA
"S000002291",498.185171940453,-1.31992475935195,0.264030862697778,-4.99913057839301,5.75893942733234e-07,8.33122684563372e-06,"S000002291","S000002291","SRF1"
"S000002328",1052.21890667994,-1.20822150243143,0.200366939297242,-6.0300442112311,1.63914830861873e-09,4.63927658912625e-08,"S000002328","S000002328","UGX2"
"S000002329",829.034374792365,1.67017367551815,0.178349501475465,9.36461084388232,7.63310563819787e-21,9.91817989879656e-19,"S000002329","S000002329","UGA3"
"S000002333",1880.37632041623,-1.25426464179742,0.40747864783732,-3.07811132792943,0.00208317075841063,0.00940453558116332,"S000002333","S000002333","DLD1"
"S000002357",344.427228972399,1.34944365954786,0.344999819664897,3.91143294178703,9.17501324038595e-05,0.000660980162524377,"S000002357","S000002357","GGC1"
"S000002358",1005.58137317275,-1.30766175362757,0.252984568921183,-5.16893879814055,2.35426972794499e-07,3.81514480969589e-06,"S000002358","S000002358",NA
"S000002359",462.499157364373,-1.52758259752633,0.231485279991541,-6.59904853380809,4.13804842391598e-11,1.61158381806624e-09,"S000002359","S000002359","MGT1"
"S000002363",11267.3595146049,-1.50922284302988,0.176857353339028,-8.53356003884533,1.419117552444e-17,1.36130517966994e-15,"S000002363","S000002363","RTN2"
"S000002370",96.5516324590823,-1.20621729186058,0.431202066833211,-2.79733652651331,0.00515258342137494,0.0201880139368728,"S000002370","S000002370",NA
"S000002373",2591.9010245544,-2.43269951995175,0.511429274615276,-4.75666849884913,1.96813968335235e-06,2.46112165303194e-05,"S000002373","S000002373","PRR2"
"S000002378",76.0178760628201,1.04132980646216,0.412596519265638,2.52384534972709,0.0116078981773103,0.0390748206896599,"S000002378","S000002378","DTD1"
"S000002395",490.696050273758,2.78300877659858,0.21739271208977,12.8017574731271,1.60282224542061e-37,8.48486605696178e-35,"S000002395","S000002395","PHO13"
"S000002403",87.1243300512308,-1.02276057422228,0.284780206462085,-3.59140330336986,0.000328902208128881,0.00200469051632669,"S000002403","S000002403","THI13"
"S000002409",1141.24942867613,1.21867542548059,0.300675875967295,4.05312006345714,5.05390481480888e-05,0.000395161168041922,"S000002409","S000002409","YRB1"
"S000002418",2115.77712368548,1.40959939782331,0.188207599675672,7.48959872105269,6.90845045923779e-14,4.23787478171183e-12,"S000002418","S000002418","SNQ2"
"S000113613",25.8399205119531,-1.72378584023958,0.581585968531785,-2.96393987047397,0.0030372762907142,0.0130170284927071,"S000113613","S000113613","HED1"
"S000002424",911.814144220252,-1.04987185468253,0.171675513386878,-6.11544322175174,9.62889621918459e-10,2.85530733736111e-08,"S000002424","S000002424","KCS1"
"S000002429",425.613376466013,-1.03831065814087,0.194706780283415,-5.33268875706078,9.67690943963192e-08,1.78928934826208e-06,"S000002429","S000002429","ATG31"
"S000002440",2448.09063418616,2.38584128715501,0.473537123988835,5.03834053612926,4.69585416565117e-07,6.94083180865069e-06,"S000002440","S000002440","MRH1"
"S000007344",47.5300611039586,-3.08711039808813,1.08374786818702,-2.84855037662265,0.00439188996717942,0.0176527793309605,"S000007344","S000007344",NA
"S000002442",2463.87755773816,2.6777458444171,0.221021933848382,12.1152946125881,8.76486205225542e-34,3.13190433282217e-31,"S000002442","S000002442","ARO3"
"S000002444",2096.10703230614,2.0669605474003,0.35517621853358,5.81953531667798,5.90114547400535e-09,1.47714662451766e-07,"S000002444","S000002444","KRS1"
"S000002447",4174.50826428708,-1.91536634526788,0.311016177102186,-6.1584138906015,7.34771178225815e-10,2.25851278502829e-08,"S000002447","S000002447","ENA1"
"S000002448",708.15968678092,-1.62749017085716,0.235385300588268,-6.91415380140468,4.70664321406665e-12,2.16308847133938e-10,"S000002448","S000002448","RSM10"
"S000002451",166.174844826926,1.83056797808011,0.289148804732475,6.33088550988055,2.43758173018227e-10,8.35500135959117e-09,"S000002451","S000002451","HEM13"
"S000002453",2275.7047648094,1.58149644070023,0.520815877603271,3.03657493695867,0.00239282622418673,0.0105884412452944,"S000002453","S000002453","BAP3"
"S000002462",7461.22389008362,2.4067296393431,0.713251327769663,3.37430796921044,0.000740015268859738,0.00394665605888516,"S000002462","S000002462","PST1"
"S000002484",77675.4927570671,1.27714272517052,0.303241608372622,4.21163418840985,2.53529876094857e-05,0.000218032642540541,"S000002484","S000002484","SED1"
"S000002500",420.548247864098,1.05623528522694,0.271904994482463,3.88457478406145,0.000102509137150538,0.000729299699996338,"S000002500","S000002500","DNF2"
"S000002518",2686.76897381753,-4.47801684602012,0.510243539775198,-8.77623428214894,1.6903949925683e-18,1.73818817473228e-16,"S000002518","S000002518","ALT2"
"S000002519",27.7322879910576,-3.43092977471729,0.69721887205934,-4.92087909867317,8.61563427229724e-07,1.18406981398024e-05,"S000002519","S000002519","IRC2"
"S000002534",3943.76073368025,2.13506769620749,0.364545783609768,5.85678889237407,4.71902359998147e-09,1.20016021911984e-07,"S000002534","S000002534","ARO1"
"S000002554",328.206613627151,-1.33583480908755,0.304962835859423,-4.38031999972391,1.18505149957309e-05,0.000112994937180775,"S000002554","S000002554","EKI1"
"S000002556",252.491465486912,-1.18285956163434,0.38755129759552,-3.05213675963193,0.00227218552048244,0.0101235497644188,"S000002556","S000002556",NA
"S000002557",3401.33526450553,-1.19982104157737,0.228443051231638,-5.25216694098859,1.5032012016931e-07,2.62655926354517e-06,"S000002557","S000002557","NUM1"
"S000002565",3337.83058026636,3.45168089352748,0.292012187832928,11.8203316071942,3.06472396067972e-32,9.52263034130332e-30,"S000002565","S000002565","HOM2"
"S000002578",9484.03532490494,1.02698253762835,0.313511279274823,3.2757435075505,0.0010538422182265,0.00530185386311556,"S000002578","S000002578","HSP42"
"S000002583",883.192996817294,-1.44180895863313,0.208630726420885,-6.91081789996966,4.81867292085847e-12,2.20747730954584e-10,"S000002583","S000002583","NGG1"
"S000002586",157.42554800425,-1.78306029273407,0.330462223982783,-5.39565542846122,6.8273860469152e-08,1.30885784556517e-06,"S000002586","S000002586","CSN9"
"S000002609",115.559104134941,-1.32268328397119,0.278606860174427,-4.74749000488754,2.05956564555884e-06,2.54428450924567e-05,"S000002609","S000002609","SPC19"
"S000007410",271.588645293688,1.07755710226637,0.330367520956753,3.26169200636228,0.00110749401430971,0.00552510015585645,"S000007410","S000007410",NA
"S000002622",1956.28262269698,1.55249319881593,0.180006361269148,8.62465741693777,6.42847993904191e-18,6.38071276171708e-16,"S000002622","S000002622","AHA1"
"S000002626",109.541656503389,-3.74702798236837,0.32619906723818,-11.4869365326309,1.53457795811732e-30,4.13843825573036e-28,"S000002626","S000002626","SPR28"
"S000002630",963.221608642456,3.73144751829304,0.1629762045938,22.8956584649474,5.1327688067392e-116,3.66813322773617e-112,"S000002630","S000002630",NA
"S000002631",648.317994743345,-1.27226731650589,0.218482725799107,-5.82319408480709,5.77334428405289e-09,1.44769140091172e-07,"S000002631","S000002631","CRF1"
"S000002650",835.46684100285,1.4750044826747,0.15423255971621,9.56350906312344,1.13830272517681e-21,1.53488309914642e-19,"S000002650","S000002650","AMD2"
"S000002655",1938.3782797264,2.7320825362355,0.319672330513868,8.54650927042613,1.26867245067462e-17,1.22521184712786e-15,"S000002655","S000002655","VHS1"
"S000002661",167.45742840588,2.4428677449591,0.298085194651426,8.19519985826781,2.50177131566567e-16,2.05504697786261e-14,"S000002661","S000002661","MET32"
"S000002664",10276.2169941291,-5.42973237554849,0.822782267749988,-6.59923358630083,4.13288707679108e-11,1.61158381806624e-09,"S000002664","S000002664","CTA1"
"S000002666",8381.52069251902,2.15162656382434,0.260939640371181,8.24568685985652,1.64214190621099e-16,1.38065495679257e-14,"S000002666","S000002666","HSP78"
"S000002669",304.074846468864,1.67727914807751,0.268577650592315,6.24504363776539,4.23681812501343e-10,1.36697159053763e-08,"S000002669","S000002669","EXG2"
"S000002671",491.679906136154,-1.74444290328555,0.287177698627313,-6.07443722692903,1.24423294576159e-09,3.61459786458749e-08,"S000002671","S000002671","DIN7"
"S000002685",1309.76907680176,1.13726754179581,0.189683084758127,5.99561918368205,2.02711557401977e-09,5.66997317014963e-08,"S000002685","S000002685","MTH1"
"S000002692",537.271115014043,-1.21597084818451,0.322454364134087,-3.77098586167334,0.000162603886498791,0.00108908029509241,"S000002692","S000002692","DPP1"
"S000002705",1098.80416683701,1.82797310233169,0.197677761935289,9.24723693973269,2.30370688255894e-20,2.88832302389604e-18,"S000002705","S000002705","SUR2"
"S000002717",310.210823110395,1.00766318169329,0.321220923984443,3.13697865380055,0.00170698554575434,0.00792913370343411,"S000002717","S000002717","GIC2"
"S000002735",779.99667604356,-1.09897695632981,0.253202801288685,-4.34030330919138,1.42286180424269e-05,0.000132574731212782,"S000002735","S000002735",NA
"S000002736",2247.02264347172,-1.32246675730649,0.250519372356697,-5.27890016993783,1.29961581909541e-07,2.31839883871319e-06,"S000002736","S000002736","SKP1"
"S000002751",15093.1445807672,1.41439475983689,0.404914730381062,3.49306817883807,0.000477504578133832,0.00275422636612868,"S000002751","S000002751","HXT6"
"S000002756",450.118172222009,1.13679672886032,0.306858616304153,3.7046270447024,0.000211701984095501,0.00136361264473952,"S000002756","S000002756","PAL1"
"S000002761",1246.71793339734,1.04858915915538,0.190041557489476,5.51768346359425,3.43497411491878e-08,7.15686370620031e-07,"S000002761","S000002761","TRR1"
"S000002762",458.279498144547,1.62340297443476,0.348170750033789,4.66266328885243,3.12143237646073e-06,3.59626506727073e-05,"S000002762","S000002762","TRP4"
"S000002778",162.56496247669,-1.45858232465227,0.336153871889449,-4.33903175487429,1.4311184481081e-05,0.000133257172500385,"S000002778","S000002778","DXO1"
"S000002782",135.018291130925,-2.23577292356532,0.300214811966803,-7.44724388819478,9.53103301814387e-14,5.69987677524394e-12,"S000002782","S000002782","PHO92"
"S000002790",1558.24869866455,1.54810245738582,0.475563836941391,3.25529894649371,0.0011327306548081,0.00562743109112694,"S000002790","S000002790","RPP2B"
"S000002792",1130.29963792683,-5.20834474675039,0.422636172959361,-12.3234712975011,6.7715443281123e-35,2.76530523090597e-32,"S000002792","S000002792","ATO3"
"S000002795",643.38219385058,1.28295987132344,0.248043077241602,5.17232686189342,2.31196692828207e-07,3.75510719385632e-06,"S000002795","S000002795","CIN10"
"S000002832",119.587114124899,-1.00049995658667,0.358744109525355,-2.78889584531549,0.00528880708477634,0.0205807023312573,"S000002832","S000002832","DYN2"
"S000002840",3036.44130777071,1.45445257152973,0.282131647862811,5.15522658499116,2.53324421517773e-07,4.06371038917343e-06,"S000002840","S000002840","NPL3"
"S000002841",69.7344931240032,1.98186473156693,0.607068423287777,3.26464802902034,0.0010960017651144,0.00547732630376926,"S000002841","S000002841",NA
"S000002870",228.189597689059,-1.02324413316547,0.245488694429438,-4.168192492708,3.07024606655312e-05,0.000258287386870181,"S000002870","S000002870","MRPL28"
"S000002883",1440.64905323996,2.03017566441312,0.220816825924733,9.19393554323221,3.78725594011443e-20,4.62660249162868e-18,"S000002883","S000002883","JIP4"
"S000002890",195.899650144646,1.11149092474641,0.258977307128318,4.29184679179512,1.77193195835914e-05,0.000159786898932664,"S000002890","S000002890","CWC21"
"S000002895",534.190876340526,1.28519783543667,0.205653038960688,6.24935007978336,4.12164151251846e-10,1.3358417718464e-08,"S000002895","S000002895","RIB3"
"S000002896",106.638049121906,-1.26253552218733,0.290760810030445,-4.34217913361549,1.41076432246643e-05,0.000131705123847242,"S000002896","S000002896","PAC11"
"S000002897",88.1963098152299,-1.16388558503204,0.429514053184307,-2.7097730013798,0.00673292704537292,0.0249568792166792,"S000002897","S000002897","SLD5"
"S000002906",321.887659195763,-1.28425000255231,0.325285840579981,-3.94806610783458,7.8785051279745e-05,0.000578661221963718,"S000002906","S000002906","SEC20"
"S000002910",1225.89091493531,2.62426124287379,0.263715836034346,9.95109464162786,2.49424355961297e-23,4.14537479041259e-21,"S000002910","S000002910","SAM2"
"S000002915",554.940611415636,1.39978242130734,0.303843908631093,4.60691289686792,4.08691094133877e-06,4.52444457024546e-05,"S000002915","S000002915","GIN4"
"S000002916",659.071361725856,-1.91289741627529,0.316604474379473,-6.04191529517852,1.5229541862341e-09,4.36224131940761e-08,"S000002916","S000002916","GNP1"
"S000002926",504.219143309762,-2.20992778543683,0.430229182330931,-5.13662921111882,2.79710057902333e-07,4.44704767252286e-06,"S000002926","S000002926","EUG1"
"S000002931",66.3578474657586,-1.58921592347459,0.332132080934319,-4.78489135708894,1.71079845659183e-06,2.1696931978764e-05,"S000002931","S000002931","SPS1"
"S000028739",161.172992358079,2.88579557992043,0.52872671158781,5.45800981239277,4.81501055084532e-08,9.63878792762354e-07,"S000028739","S000028739",NA
"S000002934",79.0753214017555,1.355720421663,0.389074721465193,3.48447315353096,0.000493106927692809,0.00282257802063008,"S000002934","S000002934",NA
"S000002935",487.383630921931,1.12631121507673,0.303368804626827,3.71267974128784,0.000205076321331663,0.00132550460973457,"S000002935","S000002935","RBA50"
"S000000752",233.342650974959,1.18443588950476,0.430298929954694,2.75258850778335,0.00591261616910448,0.0225477649159579,"S000000752","S000000752","SNU13"
"S000028619",29.8925291521292,-1.58280590419947,0.45705354442242,-3.46306449980531,0.000534060357007198,0.00302669495745594,"S000028619","S000028619",NA
"S000000756",974.709394191534,-1.02044151716687,0.189794114666762,-5.37657091716753,7.59178049393623e-08,1.43720951787855e-06,"S000000756","S000000756","ECM10"
"S000000761",23.1537088541482,-2.57000602532121,0.848296250596537,-3.02960908233879,0.00244870458704658,0.0107955998342556,"S000000761","S000000761","UTR5"
"S000000765",133.457787641789,1.12819870311266,0.277859975593199,4.06031383506777,4.90067990578267e-05,0.000385500373656311,"S000000765","S000000765","CYC7"
"S000000772",1999.18559672137,1.98246567246708,0.543394937890559,3.64829617324546,0.000263985215895621,0.00165271164730447,"S000000772","S000000772","GLY1"
"S000000783",280.190221587833,-4.7747084405593,0.538043843879345,-8.87419955617969,7.04381638560123e-19,7.45757537773321e-17,"S000000783","S000000783","SDD1"
"S000000790",200.983997587616,-1.24565371200575,0.294231636471281,-4.23358183689854,2.29998431906844e-05,0.000200215326619036,"S000000790","S000000790","AVT2"
"S000000791",479.889937112289,-2.81334271781002,0.355805117994216,-7.90697653161849,2.63715316008615e-15,2.00493777218678e-13,"S000000791","S000000791","SIT1"
"S000000792",271.749829926457,-1.26534591007466,0.199375620535836,-6.34654280535377,2.202072965813e-10,7.60247074888049e-09,"S000000792","S000000792","HPA3"
"S000000793",47.0083494868842,-2.40148843624178,0.591592851813686,-4.05936013066989,4.92073724282965e-05,0.000386440095669034,"S000000793","S000000793",NA
"S000000798",58.2553720820287,2.16387728341084,0.413751148910137,5.22990036187383,1.69601424101533e-07,2.90661049722208e-06,"S000000798","S000000798","RMD6"
"S000000826",13370.4904619359,-2.27562427183682,0.285207895819341,-7.97882634104304,1.47731248512418e-15,1.14136364053405e-13,"S000000826","S000000826","YAT2"
"S000000830",168.355989120459,-1.79195331454879,0.364138757270201,-4.92107274705481,8.60711278332396e-07,1.18403718009672e-05,"S000000830","S000000830","MIG3"
"S000000831",151.677387433643,-1.60376648338912,0.386642619957007,-4.14792989859073,3.35495086162522e-05,0.000278468714664398,"S000000831","S000000831","SMB1"
"S000000832",633.549713664999,-1.84037985818396,0.364513025580509,-5.0488726850105,4.44424780581821e-07,6.61683686339163e-06,"S000000832","S000000832","CHZ1"
"S000000839",2468.38740109014,2.72539972011241,0.369371124675875,7.37848612964523,1.60099466272667e-13,9.15320668574094e-12,"S000000839","S000000839","PHM8"
"S000000845",1531.23876475417,1.69695868217672,0.426037917937166,3.9831165507362,6.80173770118029e-05,0.000511939109862927,"S000000845","S000000845","SAH1"
"S000000848",149.339050118311,-1.22295694866799,0.303270665188466,-4.03255932421946,5.5172680982685e-05,0.000426953508005153,"S000000848","S000000848","SPO73"
"S000007237",139.753556757914,-1.13068593437927,0.387974323219356,-2.9143318686582,0.0035645075479949,0.0148535004033502,"S000007237","S000007237","ISD11"
"S000000851",530.960534954994,1.42672352106771,0.445058825840809,3.20569650174295,0.00134736016283583,0.00651793753043834,"S000000851","S000000851","TPA1"
"S000000854",2062.68837455191,3.80226891604873,0.805279805135696,4.72167424515014,2.33911113131681e-06,2.82850384094003e-05,"S000000854","S000000854","HOM3"
"S000000855",2060.59012054786,2.34689393310007,0.201252427399129,11.6614441049481,2.00610734834644e-31,5.85169231222769e-29,"S000000855","S000000855","PIC2"
"S000000862",456.636122032484,1.49594805845387,0.167062097397043,8.95444317868565,3.41454575148375e-19,3.8128205020279e-17,"S000000862","S000000862","FCY21"
"S000000864",774.741195022498,3.90240943390976,0.393326874701106,9.92154283094754,3.35529075013351e-23,5.27001875732509e-21,"S000000864","S000000864","GPP2"
"S000028749",177.088191978575,1.32479042479541,0.411251948682255,3.22135962890959,0.0012758394346576,0.00622586993498161,"S000028749","S000028749",NA
"S000000871",2407.31176230068,1.40513086133048,0.263199677451148,5.33864963262078,9.36414054647936e-08,1.74046372991976e-06,"S000000871","S000000871","ARG5,6"
"S000000875",2775.41564925083,5.3497573139097,0.422375278224804,12.6658864514849,9.13822200751111e-37,4.35375357177854e-34,"S000000875","S000000875","ALD5"
"S000000888",1410.85318406911,1.67140949188301,0.239041264673314,6.99213792299519,2.70728527581958e-12,1.29415479756821e-10,"S000000888","S000000888","ILV1"
"S000000890",3426.61622618525,2.01419904440779,0.261444453744692,7.70411846783606,1.31749583301343e-14,8.8825320477646e-13,"S000000890","S000000890","DOT6"
"S000000892",1332.5765591099,1.98221240301083,0.323322846115058,6.13075267284216,8.7464286454327e-10,2.63184641324567e-08,"S000000892","S000000892","TRP2"
"S000000893",3498.70658381295,1.93125334332644,0.244238226588435,7.90725256362424,2.63131441117787e-15,2.00493777218678e-13,"S000000893","S000000893","MET6"
"S000000898",746.293438274086,-2.05201372357854,0.165819220707375,-12.3750052305443,3.56871047937999e-35,1.50022290828759e-32,"S000000898","S000000898","SHC1"
"S000000900",656.460190635608,1.27284920973046,0.175229248063254,7.26390841596825,3.76062677501424e-13,2.02070069531122e-11,"S000000900","S000000900","UBP9"
"S000000905",9976.24675683373,3.41874851662968,0.309412714094986,11.04915331818,2.21292054273215e-28,5.10149569633396e-26,"S000000905","S000000905","SSA4"
"S000000908",26.2700898369031,-2.67166422117819,0.585194936821698,-4.56542607099182,4.98480850204102e-06,5.36101338748475e-05,"S000000908","S000000908","MAM1"
"S000000914",406.786742279694,-1.28698362518566,0.261320265303018,-4.92492851135491,8.4391201139643e-07,1.16446436281633e-05,"S000000914","S000000914","LSM4"
"S000000932",1651.4357481503,5.04004759127851,0.378967184509937,13.2994301282209,2.33239203495946e-40,1.51531269798525e-37,"S000000932","S000000932","COM2"
"S000000934",584.034003067812,1.2000579982225,0.231168574868705,5.19126788277379,2.08866859904779e-07,3.43141842370001e-06,"S000000934","S000000934","PMD1"
"S000028756",59.3587456929926,1.02942736946672,0.33057845575862,3.11401832616212,0.00184558026161204,0.00848468275304627,"S000028756","S000028756",NA
"S000000952",8419.37935225042,1.88719754794672,0.443746848990818,4.25286974372583,2.110483481696e-05,0.000185974971663877,"S000000952","S000000952","SPI1"
"S000028763",32.2327473556143,-1.15133792431124,0.4596195224583,-2.50498046330419,0.012245815728899,0.0408374811509923,"S000028763","S000028763",NA
"S000000977",1142.97953832304,1.64612273169902,0.291842726180644,5.64044460947127,1.69611626061394e-08,3.80574406796782e-07,"S000000977","S000000977","TMT1"
"S000000978",858.46758850272,1.3093345300411,0.146784022418313,8.9201434084542,4.65684800354516e-19,5.04244912989932e-17,"S000000978","S000000978","ECM32"
"S000000989",24.6568516360713,-1.76739318365599,0.512415585405464,-3.44914017839152,0.000562374677620062,0.00315463942983656,"S000000989","S000000989",NA
"S000001884",596.138309615517,1.09965154900707,0.19690505411212,5.58467914379138,2.34132065306082e-08,5.07807224494662e-07,"S000001884","S000001884","WWM1"
"S000001955",115.313496577173,1.21643694182054,0.312497247465843,3.89263250055828,9.91623086281102e-05,0.000708538162900215,"S000001955","S000001955","AUA1"
"S000001883",156.418155849992,-2.44815184695592,0.219919740340482,-11.1320240882681,8.76228972200802e-29,2.08732344994434e-26,"S000001883","S000001883","HXT10"
"S000001878",2740.83647935909,1.20158116728735,0.297364054515766,4.04077476426674,5.327490656351e-05,0.000415285291321248,"S000001878","S000001878","MDJ1"
"S000028766",279.362234605516,1.14398476658694,0.247120408395273,4.62926058602623,3.66973732267863e-06,4.12354996486208e-05,"S000028766","S000028766",NA
"S000001873",964.836947731253,1.01791260168031,0.222717450048087,4.5704214082037,4.86744439427697e-06,5.26649377194555e-05,"S000001873","S000001873","GAT1"
"S000001870",998.716616217819,-1.09214181462601,0.280572028992425,-3.89255414571457,9.91943513582404e-05,0.000708538162900215,"S000001870","S000001870","EPL1"
"S000001866",436.778236886263,1.82941255374155,0.279201311617677,6.55230644563251,5.66551272390507e-11,2.1366008802843e-09,"S000001866","S000001866","CAF16"
"S000001863",1193.75015523925,1.73236299153885,0.219391438706588,7.89621965994624,2.87489841917579e-15,2.15135723064291e-13,"S000001863","S000001863","HAC1"
"S000001855",8514.36444898053,1.00460181082403,0.302787385336,3.31784565499395,0.000907145965999449,0.00469436542072054,"S000001855","S000001855","ACT1"
"S000001854",126.817442677711,-1.15601470304642,0.273059051570702,-4.23357034457105,2.30010191218399e-05,0.000200215326619036,"S000001854","S000001854",NA
"S000001841",189.996274701027,2.81832160500498,0.42084373968327,6.69683623457502,2.12980066565328e-11,8.84919794016926e-10,"S000001841","S000001841","DAK2"
"S000001836",66.4643792157192,-2.44980381741025,0.390626670287607,-6.2714709561601,3.57653020251979e-10,1.1860637165804e-08,"S000001836","S000001836","THI5"
"S000001832",37.0939011726505,1.158757475955,0.38179903179059,3.03499322803564,0.00240541087830302,0.0106339958804795,"S000001832","S000001832","COS4"
"S000001901",143.300453179002,-1.0391831368496,0.405640037101502,-2.56183572084028,0.010412055569053,0.0356881319540706,"S000001901","S000001901","SAD1"
"S000001902",1219.31738305936,-1.80807816628888,0.177243521958373,-10.2010959064192,1.96047710355383e-24,3.63910379754479e-22,"S000001902","S000001902",NA
"S000001911",1441.52838512928,-1.63860877102966,0.41405317048063,-3.95748393648955,7.57433793455049e-05,0.000559194277368441,"S000001911","S000001911","GSY1"
"S000001918",1106.98917107773,2.72278928017447,0.27121715824941,10.0391483258246,1.0255577892503e-23,1.80966635577216e-21,"S000001918","S000001918","ROG3"
"S000001919",130.58478327188,-1.13378181298472,0.436947107857731,-2.59478044961423,0.00946513587983994,0.0329802991542058,"S000001919","S000001919","PES4"
"S000001921",329.468382491509,1.09214035639521,0.313335616789314,3.4855289276915,0.00049116511363652,0.00281484481523929,"S000001921","S000001921","HIS2"
"S000001926",1187.04719589174,2.65705257611981,0.209103369012854,12.7068855402156,5.41483710230544e-37,2.66876781735351e-34,"S000001926","S000001926","MET10"
"S000001938",106.305552626139,-1.1063386999429,0.264026855479711,-4.19025063921163,2.78646488821068e-05,0.000235801910285348,"S000001938","S000001938","KEG1"
"S000001952",63.3234213682734,2.70660472855342,0.374310759825164,7.23090281940503,4.79793606259388e-13,2.50280657454943e-11,"S000001952","S000001952","IRC7"
"S000002969",258.063318535926,1.30453582432115,0.423446390144979,3.08075792988696,0.00206474436387699,0.00933314079471659,"S000002969","S000002969","ERG26"
"S000002973",1237.53640052611,-1.7502915912342,0.190725901039374,-9.17699998634621,4.43268350308655e-20,5.36918180589966e-18,"S000002973","S000002973","COG7"
"S000002976",19844.155515898,5.84210216323932,0.278454386765369,20.9804637344858,9.89240963068193e-98,2.82784421702673e-94,"S000002976","S000002976","PMA1"
"S000002977",4927.72834873973,3.07662101927551,0.254005276681456,12.1124295505634,9.07652253235525e-34,3.16416430621838e-31,"S000002977","S000002977","LEU1"
"S000002978",403.760406270424,-1.50036293951926,0.324440639894201,-4.62446054849517,3.75574556903044e-06,4.20367043211841e-05,"S000002978","S000002978","MPO1"
"S000002980",816.557951319857,1.73752295852079,0.339668109079982,5.11535499528352,3.13151439207716e-07,4.92395326798227e-06,"S000002980","S000002980","ERG4"
"S000002994",2297.75532813509,2.04993968832875,0.222162208435494,9.22722051947894,2.77745390876779e-20,3.42225419982914e-18,"S000002994","S000002994","TRP5"
"S000003001",17.3658956091207,-3.86991371516317,0.774387908486297,-4.9973839631971,5.811328561964e-07,8.3819713004264e-06,"S000003001","S000003001","HOP2"
"S000003005",4741.80984733888,1.12425031448362,0.264211940721235,4.25510789336277,2.08948234181873e-05,0.000184351673528489,"S000003005","S000003005","PNC1"
"S000003013",1581.75812441389,1.50392119850374,0.308921330538744,4.86829833304479,1.12563311908869e-06,1.50925648884941e-05,"S000003013","S000003013","RIM8"
"S000003017",719.280141351307,1.46617038436454,0.254364926312378,5.76404304484959,8.21224556515866e-09,1.98273016660157e-07,"S000003017","S000003017","TIF4632"
"S000003023",6676.87071514752,-1.28720871644467,0.532867135853748,-2.4156278926497,0.0157081049875913,0.0499590441895066,"S000003023","S000003023","OLE1"
"S000003024",1215.42013926372,-1.17789598425293,0.189210875981157,-6.22530802283393,4.80610828451154e-10,1.53334164532418e-08,"S000003024","S000003024","SDS23"
"S000003031",102.195856974087,1.80268590797849,0.372790624540385,4.83565247972915,1.32709599271511e-06,1.73542388141602e-05,"S000003031","S000003031","PUS2"
"S000003048",524.246760987143,-2.86523227111974,0.833530206869327,-3.43746662989135,0.000587183066845294,0.00327197176390635,"S000003048","S000003048","MPC1"
"S000003054",564.937876397299,-1.47540248343163,0.185900458862464,-7.93651878246946,2.07934891613951e-15,1.59785666980549e-13,"S000003054","S000003054","MAD1"
"S000003084",280.314482773666,1.71953638271886,0.277027305919699,6.20710069359479,5.39710198081053e-10,1.70665439406471e-08,"S000003084","S000003084","CDC20"
"S000003085",1440.02717235632,1.39724379992966,0.532288392438456,2.62497514463686,0.00866552927496875,0.0307412285746161,"S000003085","S000003085",NA
"S000003093",689.552654474626,2.10001658136975,0.167997066689494,12.5003169564334,7.43542403369139e-36,3.32107861604847e-33,"S000003093","S000003093","MET13"
"S000003114",260.400752645365,-1.49155527382765,0.274910451957478,-5.42560409474121,5.77588563477801e-08,1.13088675860112e-06,"S000003114","S000003114","RRT6"
"S000003115",1545.84152559216,1.41213235271037,0.314845612779493,4.48515810731459,7.28598875174209e-06,7.43847408776069e-05,"S000003115","S000003115","RPL9A"
"S000003116",1136.20780046136,2.15637139130631,0.319545144666949,6.74825271888835,1.49636153308764e-11,6.40344173425798e-10,"S000003116","S000003116","ARO2"
"S000003125",132.182984297596,1.92839628504008,0.333391089532515,5.78418663721369,7.28640103202727e-09,1.77772230274209e-07,"S000003125","S000003125","ARI1"
"S000003138",30.3206568659331,-2.59569441618998,0.506661689190089,-5.12313141405908,3.00502755643327e-07,4.74595125570173e-06,"S000003138","S000003138","SPO74"
"S000003147",381.768140905494,3.88629557016486,0.255570971574869,15.2063262357884,3.21062069671787e-52,4.17176378347168e-49,"S000003147","S000003147","TOS3"
"S000003148",1723.33255517214,1.29935334040062,0.183552913556898,7.07890338116503,1.45299640402745e-12,7.2361246002663e-11,"S000003148","S000003148","ATG1"
"S000003152",918.695687111684,2.36213916851672,0.253212665080669,9.32867701449366,1.07200595461901e-20,1.36805188476514e-18,"S000003152","S000003152","STR3"
"S000003164",1097.09564987954,1.11902937783072,0.230594297349001,4.85280594834958,1.21726786227084e-06,1.61096384772566e-05,"S000003164","S000003164","DSD1"
"S000003170",1235.57165296611,1.01696565593879,0.270944335545313,3.75341176220572,0.000174443955312137,0.00115592371500991,"S000003170","S000003170","ARO8"
"S000003192",210.681624392431,1.29882661376911,0.245537912125411,5.28971922309792,1.22504271678172e-07,2.19693043299386e-06,"S000003192","S000003192","SDT1"
"S000003193",637.413469624068,1.87312447293628,0.387295103903394,4.83642693661189,1.32193831489398e-06,1.73026230171975e-05,"S000003193","S000003193","VRG4"
"S000003199",40.5812972021222,-1.04012269881712,0.382492786675553,-2.71932631163419,0.00654150398698348,0.0244103081495112,"S000003199","S000003199",NA
"S000003216",114.159118401822,-1.29954674561329,0.226628574270884,-5.73425813489862,9.79400739868412e-09,2.3369907804573e-07,"S000003216","S000003216","BRR6"
"S000003217",2791.87164053169,1.55742689489762,0.289448567935982,5.38066885596781,7.42095934313082e-08,1.40860254835815e-06,"S000003217","S000003217","PDE1"
"S000003220",379.944131315828,-1.2430164473694,0.386597021540064,-3.2152768337885,0.00130318779422362,0.00632907344303031,"S000003220","S000003220","HFM1"
"S000003222",2464.96274162526,1.23842095633153,0.437669559301719,2.82957982800397,0.00466091708059582,0.0185667360549853,"S000003222","S000003222","HXK2"
"S000003225",1412.18880865484,-4.20724689901994,0.388344037955417,-10.8338135462838,2.38030915560338e-27,5.00319981779987e-25,"S000003225","S000003225","ADH4"
"S000003226",503.626590608292,-1.84896042436562,0.320048697724535,-5.77712216144374,7.59891152957684e-09,1.84399393025877e-07,"S000003226","S000003226","MNT2"
"S000003249",567.814054917397,1.45211208030832,0.20825335418551,6.97281484846962,3.10661374280997e-12,1.4751770839197e-10,"S000003249","S000003249",NA
"S000003250",79.054783360657,1.35924059946007,0.282325361924514,4.81444738154093,1.47607789378343e-06,1.90239687428733e-05,"S000003250","S000003250",NA
"S000003251",2272.54815619091,1.76835110506982,0.193253033049304,9.15044425004529,5.66998930679298e-20,6.75342976349934e-18,"S000003251","S000003251","UGA1"
"S000003254",167.485034745484,1.27760892271984,0.336381983828355,3.79808962471594,0.000145815602152304,0.000991504472675012,"S000003254","S000003254",NA
"S000003255",1623.6744064905,1.18003896349151,0.28147478771311,4.1923433820803,2.76087678813322e-05,0.000234052265319028,"S000003255","S000003255","MTL1"
"S000003278",1391.07729771296,-1.03148447958599,0.157782565724053,-6.53737930329998,6.26061310613604e-11,2.32423228898708e-09,"S000003278","S000003278","TAM41"
"S000003297",877.533036120159,2.04728590420459,0.464429263507747,4.40817593779906,1.04244850009537e-05,0.00010074182834255,"S000003297","S000003297","VHT1"
"S000003298",348.916055316079,1.80367670938088,0.291461277393466,6.18839224720049,6.0780932973477e-10,1.89681632093866e-08,"S000003298","S000003298",NA
"S000003310",107.455758980202,1.08429806036197,0.335998730523435,3.22708975320472,0.00125056226574774,0.00611504839696628,"S000003310","S000003310","PAC10"
"S000003311",212.057176732342,1.55950178386657,0.363281732657589,4.29281641126856,1.76420876499853e-05,0.000159215564354805,"S000003311","S000003311",NA
"S000003319",2418.88516599168,-2.58088227071998,0.487145335450086,-5.29797184311625,1.17096017397885e-07,2.11053389239341e-06,"S000003319","S000003319","PDC6"
"S000003329",1544.9951965584,1.91862339486439,0.175904610487021,10.9071808268831,1.065082225095e-27,2.27212242437058e-25,"S000003329","S000003329","ASK10"
"S000003331",251.487984366743,-1.14138966295225,0.313262723225041,-3.64355404690872,0.000268899156169379,0.00167832997341875,"S000003331","S000003331","TEL2"
"S000003356",1984.801773245,2.65353232253376,0.358078077390688,7.41048528262335,1.25838086731073e-13,7.28179665444223e-12,"S000003356","S000003356","ASN2"
"S000003359",651.529052065843,-1.43570296099918,0.421729629672924,-3.40432082543655,0.000663287991500414,0.00362261186951296,"S000003359","S000003359",NA
"S000003363",47.0273390685785,-1.17998939243177,0.3933428157713,-2.99990071032046,0.00270067626796232,0.0117402428410625,"S000003363","S000003363","FHN1"
"S000003368",867.210980534176,3.13297489477046,0.244022864666273,12.8388579449517,9.93289434211287e-38,5.46041764737766e-35,"S000003368","S000003368","LSB1"
"S000003369",132.201964094447,3.15416628189418,0.299727678387517,10.5234401402735,6.73680034700407e-26,1.33734843555179e-23,"S000003369","S000003369",NA
"S000003370",5043.46472531125,7.05891011712948,0.278291196974101,25.3651937031498,6.10946910190042e-142,8.73226418734627e-138,"S000003370","S000003370","TPO2"
"S000003372",538.300450355446,2.00711288335435,0.25779353602489,7.78573782067431,6.93075404894338e-15,4.85594449125234e-13,"S000003372","S000003372","CBF2"
"S000003374",2501.59173946651,1.24331217191087,0.423318808104702,2.93705866147898,0.00331341420696236,0.0139536326635572,"S000003374","S000003374","BTN2"
"S000003376",2767.44701409694,1.71113511786957,0.285222055333585,5.99930855931984,1.9815949675923e-09,5.55351703368564e-08,"S000003376","S000003376","THI4"
"S000003378",1359.55453963747,-1.6237756379689,0.24347046760635,-6.6692919840868,2.57040417246112e-11,1.04075883390897e-09,"S000003378","S000003378","ECL1"
"S000003383",21.1713055728657,3.26546329557612,1.3314972179977,2.4524747415445,0.0141877339720584,0.0460943494702485,"S000003383","S000003383",NA
"S000003393",3344.22118194752,1.59957927859197,0.16272314865772,9.83006592354353,8.35640557820698e-23,1.25724320978224e-20,"S000003393","S000003393","RTS3"
"S000003398",419.837142689631,1.71175915195331,0.176820353618993,9.6807811822487,3.63924514822973e-22,5.05007096151917e-20,"S000003398","S000003398","TRS65"
"S000003400",294.287257520648,-1.03340432074345,0.234885388008387,-4.39961093155167,1.08445130944573e-05,0.000104377525696349,"S000003400","S000003400",NA
"S000003401",94.5807283269476,-1.17641820794863,0.361691171351674,-3.25254886247912,0.00114374929081375,0.00567553389643736,"S000003401","S000003401","PUS6"
"S000003417",792.165465137548,1.0724582747416,0.328765826346505,3.2620734541043,0.00110600480830684,0.00551959732022684,"S000003417","S000003417","TYS1"
"S000003421",3836.62772816959,1.546658389145,0.3385979664048,4.56783130025047,4.92796394689755e-06,5.30786651793569e-05,"S000003421","S000003421","CRH1"
"S000003433",2476.90571158271,-1.11374536524172,0.282510018313011,-3.9423216631126,8.06966497876357e-05,0.000588768359068237,"S000003433","S000003433",NA
"S000003435",84.6894554085464,1.28241382866491,0.344823323967852,3.71904607237205,0.000199976577447296,0.00130094849084891,"S000003435","S000003435","YCH1"
"S000003436",2681.77963463837,1.42489278617278,0.188179758288661,7.57197691787365,3.67586789950534e-14,2.31450131663568e-12,"S000003436","S000003436","ADE3"
"S000003437",145.819913527181,-1.07207243538449,0.287223943109557,-3.73253157023739,0.000189564928840061,0.00124229781197203,"S000003437","S000003437","TDA10"
"S000003454",390.019130602135,-1.09304074784972,0.276613941316257,-3.95150274295117,7.76619819199918e-05,0.000571656089151644,"S000003454","S000003454","PET54"
"S000003462",155.223382188664,-3.31563810720718,0.55727302628089,-5.94975523817289,2.68543766331085e-09,7.25575813264689e-08,"S000003462","S000003462","BNS1"
"S000003469",960.459842299264,1.02187493993306,0.130142221556729,7.85198629399162,4.09499254090251e-15,2.9862106319959e-13,"S000003469","S000003469",NA
"S000003471",270.24449918995,1.723104381933,0.316549286912041,5.44339997964297,5.22730903356599e-08,1.03481894760054e-06,"S000003471","S000003471","PEX21"
"S000003472",5306.75525788265,1.02720268026852,0.242160438326299,4.24182697788321,2.21707587790889e-05,0.000194051840312013,"S000003472","S000003472","PFK1"
"S000003475",1721.61008422806,-3.7527392525148,0.474694646419305,-7.90558579251377,2.66676530055746e-15,2.01672362120994e-13,"S000003475","S000003475","MPC3"
"S000003482",4659.24587297534,2.07895193726084,0.306502089785955,6.78283119933267,1.17843299647889e-11,5.13516549349782e-10,"S000003482","S000003482","RIE1"
"S000003491",267.650233398943,-2.80129911420271,0.314848673579195,-8.89728732967995,5.72282058810424e-19,6.15009583953187e-17,"S000003491","S000003491",NA
"S000003492",1806.43863299958,-2.65359047290339,0.32369694994702,-8.19776174393274,2.44904139506305e-16,2.02336119419862e-14,"S000003492","S000003492","TNA1"
"S000003498",248.230792723304,-1.45361374829082,0.41421856886162,-3.50929160970675,0.000449301994041705,0.00261674078217586,"S000003498","S000003498",NA
"S000003516",1040.29466122553,-1.26888918676379,0.287314357035526,-4.41637932700625,1.00367890413259e-05,9.77885656221344e-05,"S000003516","S000003516","ERV29"
"S000003518",1018.39732244942,1.10172427481448,0.301655696233542,3.65225748616903,0.000259945044828488,0.00162955900251473,"S000003518","S000003518","BIO2"
"S000003524",60.5397072308167,1.83308771092919,0.328929827321914,5.5728838149275,2.50556680105243e-08,5.42607064961249e-07,"S000003524","S000003524","MAL12"
"S000001005",155.263784982618,-1.16614668185788,0.345455153337709,-3.37568182321449,0.000736330199304206,0.00393140363789878,"S000001005","S000001005","OTU2"
"S000001012",892.285514227894,-1.0993691847378,0.173797261592225,-6.32558404353467,2.52276551184158e-10,8.60570106461853e-09,"S000001012","S000001012","OPI1"
"S000001018",169.939657322801,1.70530282000473,0.256051406595092,6.66000176558848,2.73824295497852e-11,1.09629430127473e-09,"S000001018","S000001018",NA
"S000001024",3582.39783211043,-1.5742696058423,0.485927564642488,-3.23972073286383,0.00119646819706116,0.00589897203883933,"S000001024","S000001024","GUT1"
"S000001028",483.018959025947,3.02813313365244,0.387867788282269,7.80712713232255,5.85062471826475e-15,4.13975144050287e-13,"S000001028","S000001028","MUP3"
"S000001041",44.0731902639109,-1.30031525164528,0.49698088779833,-2.61642908926698,0.00888548181740006,0.0313503311814611,"S000001041","S000001041",NA
"S000001043",620.615374157886,-1.16325336415318,0.178424956846971,-6.519566459253,7.05108930889344e-11,2.60416587834662e-09,"S000001043","S000001043","OSH7"
"S000001056",36.7980582123141,-1.79007095167767,0.393058910983765,-4.5542052391012,5.25839987955608e-06,5.60464649354922e-05,"S000001056","S000001056","SPO13"
"S000001057",55.3092760466788,-1.89608994434067,0.511777526299241,-3.70491052636025,0.000211465364087191,0.00136270263701453,"S000001057","S000001057","MIP6"
"S000001060",3890.40863451719,3.03858507131523,0.335804756295896,9.04866597135915,1.44725565459967e-19,1.65485000569545e-17,"S000001060","S000001060","ARG4"
"S000001061",2330.61490008588,1.18688844608653,0.440383038258861,2.69512752075811,0.0070361697070903,0.0258529495175942,"S000001061","S000001061","DED81"
"S000001062",1216.71839089643,1.87259486906946,0.489714822725471,3.82384763983185,0.000131385122289052,0.000907192054530156,"S000001062","S000001062",NA
"S000001066",366.130807383907,1.19261803371103,0.380051739287869,3.13804124655691,0.00170080941541429,0.00790558340634683,"S000001066","S000001066","MAS2"
"S000001067",685.877931197899,2.04928694400738,0.358401414287511,5.71785395457015,1.07877797491233e-08,2.54859067692926e-07,"S000001067","S000001067","THR1"
"S000001071",358.539486621532,2.65922715788425,0.228389172224378,11.6434029336195,2.47922457179389e-31,7.08711136093002e-29,"S000001071","S000001071","YHI9"
"S000001072",1968.09382941807,2.18261905314212,0.326418649436547,6.68656357995994,2.28471910876526e-11,9.36355286226524e-10,"S000001072","S000001072","SLT2"
"S000001085",240.096350944086,1.33455316611052,0.266181052152173,5.01370460188716,5.33919356212704e-07,7.78040385033628e-06,"S000001085","S000001085","DOG2"
"S000001087",353.778964174031,-1.09413501982923,0.331777836922319,-3.2977941805239,0.000974475356652408,0.00498146504743665,"S000001087","S000001087",NA
"S000001088",390.894388075342,3.7242321697264,0.357382710406595,10.4208515445231,1.99161946980047e-25,3.84678609214299e-23,"S000001088","S000001088","INM1"
"S000001091",420.986752602365,1.14609282602978,0.238595098851982,4.80350531735268,1.55911746704893e-06,1.99502828617103e-05,"S000001091","S000001091","FSH1"
"S000001096",1856.56097860115,-2.4091574457146,0.155494062418953,-15.4935655306472,3.83423202971459e-54,6.08918648896785e-51,"S000001096","S000001096",NA
"S000001105",314.554754378008,1.26866842132669,0.41826037877948,3.03320248747627,0.00241973176918659,0.0106909509047864,"S000001105","S000001105","PAN5"
"S000001110",554.005479924472,1.6356931844003,0.552484647445029,2.96061291832195,0.00307027549369073,0.0131426917134836,"S000001110","S000001110","DYS1"
"S000001113",2209.3035406694,3.23759624034762,0.295304144175819,10.9635990696426,5.71792085502397e-28,1.25732681201319e-25,"S000001113","S000001113","PCL5"
"S000001123",522.169476327414,-1.03854170692616,0.17337343507966,-5.99020090043772,2.09581980803927e-09,5.81661213908841e-08,"S000001123","S000001123","LRP1"
"S000001134",868.055213572688,3.65503267958622,0.404511888240126,9.03566195665557,1.63012792683713e-19,1.84916019510184e-17,"S000001134","S000001134","HXT4"
"S000001146",1678.47880135512,1.62529493712699,0.192800230718407,8.42994290551866,3.45833909807367e-17,3.10880759300421e-15,"S000001146","S000001146","GRE3"
"S000001148",1717.121730697,-1.0846627255646,0.316727351848145,-3.42459443188424,0.000615717822288788,0.00339917143065803,"S000001148","S000001148","TRR2"
"S000001168",12.4004289944927,-2.91875540370721,0.868228108942147,-3.36173797374913,0.000774535836692222,0.00410624655557935,"S000001168","S000001168","ANS1"
"S000001169",128.497372773451,-1.55858241920386,0.334331144172113,-4.66179249636853,3.13467159886855e-06,3.60449405974482e-05,"S000001169","S000001169",NA
"S000007496",456.719447666648,-2.02529296377767,0.386076562385894,-5.24583246199061,1.55578233250529e-07,2.69536931860583e-06,"S000007496","S000007496","IGO2"
"S000001178",136.512553150951,-3.91588952323936,0.497785013108544,-7.86662800228878,3.64327929928386e-15,2.68419541364248e-13,"S000001178","S000001178","SPL2"
"S000001181",30367.0686666173,-1.54534296343847,0.258511254341751,-5.97785565418954,2.26093929459294e-09,6.22651355252734e-08,"S000001181","S000001181","SPS100"
"S000003533",28.8524181767153,-2.06975000742304,0.477380102256608,-4.33564364672762,1.45334227870541e-05,0.000134974796553193,"S000003533","S000003533",NA
"S000001182",274.43935132026,-1.51160729030633,0.286454657546004,-5.27695134460701,1.31350743096318e-07,2.33506986452197e-06,"S000001182","S000001182",NA
"S000001193",722.393139333448,-1.18493126107594,0.240142974032984,-4.93427411669013,8.04493889486224e-07,1.11869590293054e-05,"S000001193","S000001193","PEX28"
"S000001197",560.389253225775,-1.17973307597306,0.188296492496973,-6.26529501600793,3.7212021756734e-10,1.21988859396559e-08,"S000001197","S000001197","RTT107"
"S000001200",48.6081616355512,-1.04951485501117,0.288520433276993,-3.63757548500419,0.000275216547273664,0.00170954807048348,"S000001200","S000001200","REC104"
"S000001203",751.673723025043,-1.69969838455998,0.259262756273429,-6.55589105427627,5.53106019062907e-11,2.10814515479097e-09,"S000001203","S000001203","PEX18"
"S000001205",709.371590513,1.42457919289788,0.208848818771826,6.82110246672872,9.03444701852289e-12,4.03529222611712e-10,"S000001205","S000001205","MPC2"
"S000001215",111.787379972109,-1.2708621244678,0.429315284993614,-2.96020702940195,0.00307432370292958,0.0131489362734074,"S000001215","S000001215","SPC97"
"S000001219",251.046051027238,1.09121099436214,0.345312321418725,3.16006967222853,0.00157731415853996,0.00741841107864813,"S000001219","S000001219","FMO1"
"S000001222",936.070961354541,2.69375574934418,0.250870097024567,10.7376518018422,6.77455622885556e-27,1.40331495911641e-24,"S000001222","S000001222","OYE2"
"S000028784",179.06606347955,1.43397277767452,0.292157201741163,4.90822327544385,9.19051901124863e-07,1.25703433710791e-05,"S000028784","S000028784",NA
"S000001226",1179.07111422554,1.71207292909034,0.222066913664528,7.70971641312013,1.26097622646318e-14,8.58682780842304e-13,"S000001226","S000001226","GND1"
"S000001227",62.4469799564077,-1.47878619601104,0.406155580880632,-3.64093531056429,0.000271649390643777,0.00169180162983508,"S000001227","S000001227","SSP1"
"S000001230",329.492494911696,-1.29233856494235,0.260671005270314,-4.9577380637413,7.13186262415815e-07,1.00330425676272e-05,"S000001230","S000001230","IKI1"
"S000001237",691.368754069234,-1.13160872634295,0.155246024247911,-7.28913176247202,3.11958846049878e-13,1.70829007229785e-11,"S000001237","S000001237","MDM31"
"S000001241",745.400448898231,-1.05782066559667,0.200758507698571,-5.26911998760685,1.37079341744614e-07,2.42484533608387e-06,"S000001241","S000001241","AIM18"
"S000001251",2997.04168018143,3.52064389182887,0.360336375165971,9.77043710951266,1.50800039093196e-22,2.22204634923613e-20,"S000001251","S000001251","BAT1"
"S000001259",30.5590544365003,2.87247426691839,1.02844065312499,2.79303842977247,0.00522154882333044,0.0203911468119842,"S000001259","S000001259","IMD2"
"S000001266",187.074896950194,-1.28030649846674,0.266981671581159,-4.79548461467155,1.62282025567462e-06,2.06913201733786e-05,"S000001266","S000001266","BET1"
"S000001269",326.916838523168,-1.03426621816587,0.168739708404991,-6.12935880915201,8.8233936143167e-10,2.64942783465186e-08,"S000001269","S000001269","NAS2"
"S000001285",1343.58102204697,1.22780260611807,0.218936548027775,5.60802943674032,2.04643226690012e-08,4.50688079981563e-07,"S000001285","S000001285","YKE4"
"S000001288",508.964076853048,-1.07168485563512,0.211794471102862,-5.06002281388468,4.19206317388755e-07,6.27404805700259e-06,"S000001288","S000001288","IRR1"
"S000001290",22.8045433693505,-1.2478556121221,0.479512098278628,-2.60234437588061,0.00925888263949246,0.0324038221269015,"S000001290","S000001290",NA
"S000001291",66.6304966821885,-1.31064891946203,0.329323892347476,-3.97981728601441,6.89682553865846e-05,0.000517732812101079,"S000001291","S000001291",NA
"S000001306",325.594469045019,1.00305867220715,0.232828239605181,4.30814867607162,1.64626713715188e-05,0.000150195211453049,"S000001306","S000001306","AGE2"
"S000001313",1043.56841130274,1.2031402910249,0.211662334762362,5.68424369113991,1.31392812899123e-08,3.03392160705519e-07,"S000001313","S000001313","MMF1"
"S000001317",924.955760211934,-1.33631305025137,0.215089521922166,-6.21282263454443,5.20411804317243e-10,1.64927847430296e-08,"S000001317","S000001317",NA
"S000001318",743.661002863789,2.03762878383964,0.222653837859078,9.1515547337176,5.61199675588525e-20,6.74052685982083e-18,"S000001318","S000001318","VHR1"
"S000001328",363.357213705226,-1.33474508811002,0.184177760722172,-7.2470480848307,4.25952779717148e-13,2.25486780759155e-11,"S000001328","S000001328","RNR3"
"S000001329",381.787427178182,1.1003096335157,0.281206231573288,3.9128209476714,9.12241752045438e-05,0.000658186338313248,"S000001329","S000001329",NA
"S000001336",690.465518426249,1.21396672087404,0.397294754181265,3.05558205362101,0.00224624130576172,0.010036113467725,"S000001336","S000001336","SER33"
"S000001345",802.390645577273,-2.24408582577356,0.328129688585971,-6.83902098418506,7.97362065714179e-12,3.58386666831848e-10,"S000001345","S000001345","CAB2"
"S000001357",290.104162724782,1.27777666351694,0.375609229167576,3.40187770771434,0.0006692457792395,0.00365008297553967,"S000001357","S000001357","PRK1"
"S000001375",97.503920923222,-1.26738949160432,0.342194914141619,-3.70370639430313,0.000212472160209869,0.00136611092482216,"S000001375","S000001375","SDP1"
"S000001378",1603.68786895216,2.05778179315231,0.222338010951776,9.25519565612482,2.13838407556709e-20,2.70477199929915e-18,"S000001378","S000001378","HIS5"
"S000001386",1493.92629193045,-1.42063517546997,0.245385057348406,-5.78941191782881,7.06332849286262e-09,1.73166645194658e-07,"S000001386","S000001386","AYR1"
"S000001398",14312.7415628001,-1.2811614577222,0.223294613593359,-5.73753856891201,9.60624082329977e-09,2.29602006835157e-07,"S000001398","S000001398","OM45"
"S000001399",1553.29565391525,-1.57952506349893,0.337324746509556,-4.68250574511048,2.8338924264294e-06,3.31401933524239e-05,"S000001399","S000001399","TMA108"
"S000001407",472.767457789115,-1.14852934278833,0.223954901777035,-5.12839564427924,2.92221807788509e-07,4.62538903512864e-06,"S000001407","S000001407","PAN6"
"S000001412",160.375969605391,1.06635318996814,0.276113085681455,3.86201612769039,0.000112455140817388,0.000791783905272376,"S000001412","S000001412","MCM10"
"S000001426",152.48643835085,1.44463524083145,0.196085481062721,7.36737484591914,1.74020673764e-13,9.79243106342066e-12,"S000001426","S000001426","NIT1"
"S000001427",65.6634652332476,1.11860627904296,0.278738451067685,4.01310359140705,5.99255986794639e-05,0.000458275324732786,"S000001427","S000001427",NA
"S000028798",18.4599205570492,-1.85143703684577,0.718536468694565,-2.57667789668276,0.009975485927215,0.034456167316985,"S000028798","S000028798",NA
"S000001434",169.987387784003,-1.49533302388922,0.423031881925737,-3.53479982899192,0.000408084169576109,0.00240894808453846,"S000001434","S000001434","IMA3"
"S000001440",374.414924533902,1.17522889685443,0.282583157649181,4.15887806842843,3.19814550801721e-05,0.000267629354485304,"S000001440","S000001440","SGN1"
"S000001455",983.568508062018,-1.04096446823239,0.310131330450487,-3.3565279158359,0.000789277525578401,0.00417047825252942,"S000001455","S000001455",NA
"S000001456",324.132697693733,1.22939992964027,0.270420985352999,4.54624454546473,5.46115806943068e-06,5.77767078359532e-05,"S000001456","S000001456","MET28"
"S000028799",360.624567878974,1.45597108833143,0.239046002638461,6.09075689307163,1.12378094771209e-09,3.29143464869854e-08,"S000028799","S000028799",NA
"S000001472",771.31513071914,-1.21022068576898,0.155893098491631,-7.7631447285266,8.28489774754339e-15,5.77639236612867e-13,"S000001472","S000001472","MGA2"
"S000001473",835.606472025079,2.01277523819448,0.395715901363617,5.08641485282385,3.64895427037417e-07,5.58997892673719e-06,"S000001473","S000001473","LYS1"
"S000001474",1262.11078916501,3.43753414246447,0.235139426983211,14.6191312387178,2.12089350256769e-48,2.02092872214666e-45,"S000001474","S000001474",NA
"S000001475",829.70902331783,-1.09471160089829,0.182005299810483,-6.0147237582542,1.80193711340558e-09,5.05993853868487e-08,"S000001475","S000001475","IRC24"
"S000001477",7822.34915554679,-1.59658008159734,0.255779085350403,-6.2420274879399,4.31935019440101e-10,1.39046108848139e-08,"S000001477","S000001477","GTT1"
"S000003548",49.0724144417736,-1.51904194605432,0.561418597343372,-2.70572074605724,0.006815633304875,0.025211305752397,"S000003548","S000003548","RPC17"
"S000003559",27.2524950239679,-1.22008622004326,0.44607922337543,-2.73513348326561,0.00623549843974645,0.0235069108044434,"S000003559","S000003559",NA
"S000003562",137.94695164791,1.44946883613841,0.433989132757504,3.33987357454943,0.000838165367245861,0.00439112923065095,"S000003562","S000003562","RRN7"
"S000003563",4515.50124329212,-1.42775334651437,0.324968710355822,-4.39351020887848,1.11534949150003e-05,0.000106894205554595,"S000003563","S000003563","RNR2"
"S000003571",3671.43342862585,1.33416213532336,0.2216932610713,6.01805453569594,1.76525727239242e-09,4.96669728234349e-08,"S000003571","S000003571","KAR2"
"S000003572",45.2133100514952,1.07186635633945,0.376461784872855,2.84721158802735,0.00441040377059291,0.0177222100346035,"S000003572","S000003572","TAD2"
"S000003574",42.290494071284,-4.02020576905784,0.630951725932232,-6.37165349396261,1.87001005650938e-10,6.63227139893015e-09,"S000003574","S000003574","IRC18"
"S000003581",1982.33193634328,-1.68426840645043,0.112073174299524,-15.0282921580244,4.79201732407257e-51,5.26863873945917e-48,"S000003581","S000003581",NA
"S000003592",1791.92668115694,-1.6608955533443,0.446223218465526,-3.7221181790042,0.000197558514401645,0.00128877400563337,"S000003592","S000003592","ZAP1"
"S000003596",517.109819839592,2.53807958315397,0.324116703797847,7.83075834541678,4.8493596892658e-15,3.50060091104425e-13,"S000003596","S000003596","BNA3"
"S000003597",394.492747433622,-1.04239766510404,0.352650138149908,-2.95589750956209,0.00311760669655445,0.0132895772483903,"S000003597","S000003597","NUP82"
"S000003604",1398.98013475798,-1.11175259871704,0.163365800186771,-6.80529582964123,1.00841800491172e-11,4.44855510623558e-10,"S000003604","S000003604",NA
"S000003618",1448.72553982304,2.46522317928683,0.16018666877672,15.3896900292186,1.91949594706161e-53,2.74353555713516e-50,"S000003618","S000003618","IML2"
"S000003624",593.122839538211,1.74801531495264,0.37069110024022,4.71555781571196,2.4104943088509e-06,2.90010060239106e-05,"S000003624","S000003624","ARG3"
"S000003626",473.388533319577,-1.14032509754625,0.218299108732671,-5.22368187468274,1.75400018683358e-07,2.99163778883203e-06,"S000003626","S000003626","DPB11"
"S000003637",1268.67386033423,1.53159922221436,0.220672865806274,6.94058699341373,3.90474033567172e-12,1.82387103326e-10,"S000003637","S000003637","GSH1"
"S000003641",147.478978434615,-1.00574147084157,0.302859651971149,-3.32081696685492,0.000897543777943069,0.00464804102106532,"S000003641","S000003641","SET4"
"S000003643",72.8237339426884,3.26844422005568,0.36765058393119,8.89008303783194,6.10632578222699e-19,6.51326226905749e-17,"S000003643","S000003643",NA
"S000003644",142.072120576547,2.12011843565346,0.28742808696576,7.37617001189596,1.62907963014303e-13,9.27666739188621e-12,"S000003644","S000003644","PRM10"
"S000003653",875.003735703573,-1.25494283783224,0.177309878226667,-7.07768146018329,1.46586185137207e-12,7.2748484172434e-11,"S000003653","S000003653","PHO86"
"S000003666",2080.44758341394,1.22677131038905,0.170864226990552,7.17980195150438,6.98124742126549e-13,3.58931544576071e-11,"S000003666","S000003666","URA2"
"S000003669",515.194634621153,1.03691956593734,0.282805922412851,3.66654119931622,0.000245853324228197,0.00155348433386102,"S000003669","S000003669","MRS3"
"S000003673",642.47037840954,-1.43911558177859,0.179330958540802,-8.02491434545678,1.01596806843649e-15,7.97869868250703e-14,"S000003673","S000003673","GLG2"
"S000003681",193.854157856467,-1.00156075861418,0.269654687784165,-3.71423455250977,0.000203819686523031,0.00131818768301976,"S000003681","S000003681","SFH5"
"S000003689",5498.06818871029,1.95443551731604,0.383428038888023,5.09726811576975,3.44590116382495e-07,5.30735617829203e-06,"S000003689","S000003689","INO1"
"S000003694",1239.60760680348,2.25436338513371,0.265453902134719,8.4924853882525,2.02264244889752e-17,1.9145449352379e-15,"S000003694","S000003694","CIS3"
"S000003695",19781.4545863695,2.4978556748018,0.515507693439954,4.84542850977402,1.26338699139946e-06,1.66053002655807e-05,"S000003695","S000003695","HSP150"
"S000003696",34.1044139179325,-1.76465263549671,0.469016377843587,-3.76245418893496,0.000168254134807316,0.00112062271612347,"S000003696","S000003696","PIR5"
"S000003701",2159.12639699832,1.99868311631651,0.32111528653558,6.22419174708163,4.84044804550026e-10,1.53743386476301e-08,"S000003701","S000003701","HAL5"
"S000003707",597.478304251469,3.6931581639527,0.41330672826832,8.93563523494127,4.0484550165921e-19,4.41714256123289e-17,"S000003707","S000003707","TOH1"
"S000003709",347.899143768954,-1.19185461624864,0.263305375038412,-4.52651077128513,5.99655442537706e-06,6.2882430228844e-05,"S000003709","S000003709","RFA3"
"S000003721",906.90545316179,-1.61895012007783,0.229157716222481,-7.0647855405665,1.60864237288149e-12,7.84721004627822e-11,"S000003721","S000003721","ATG36"
"S000003734",326.731076064872,-1.0723007465413,0.273091890003586,-3.92651992165427,8.61837571951751e-05,0.000624657424741702,"S000003734","S000003734","PHO90"
"S000003736",608.332764876782,1.3744511206527,0.323718265059495,4.24582505531498,2.177905162357e-05,0.000191208835906441,"S000003736","S000003736","ACO2"
"S000003753",573.783640321668,-1.39989109610306,0.521291359803352,-2.68542930892072,0.0072436696196436,0.026485998944376,"S000003753","S000003753","REE1"
"S000003755",163.860394077404,-1.4676159062643,0.308962223000368,-4.75014677202965,2.03269061767982e-06,2.52636930421718e-05,"S000003755","S000003755","HXT9"
"S000003756",18.4599205570492,-1.85143703684577,0.718536468694565,-2.57667789668276,0.009975485927215,0.034456167316985,"S000003756","S000003756",NA
"S000003757",169.987387784003,-1.49533302388922,0.423031881925737,-3.53479982899192,0.000408084169576109,0.00240894808453846,"S000003757","S000003757","IMA4"
"S000003768",5216.95439217683,-1.15114079342975,0.25709678662158,-4.47746083705089,7.55360787135968e-06,7.65700122732936e-05,"S000003768","S000003768","MHO1"
"S000003773",112.491934263023,-1.16361440720833,0.294158159568669,-3.95574411029278,7.62967948091425e-05,0.000562698703925218,"S000003773","S000003773",NA
"S000003777",5392.48784170918,3.01028450026538,0.391210689975071,7.69479101007492,1.41725630901871e-14,9.51025559849973e-13,"S000003777","S000003777","ILV3"
"S000003780",973.029218817514,-1.54292919777727,0.494488915748071,-3.12025032035976,0.0018069741261134,0.00832326174171409,"S000003780","S000003780","TES1"
"S000003781",144.445298099575,-1.30013809526934,0.506639575661998,-2.56619924247039,0.0102819748764611,0.0353439795356561,"S000003781","S000003781",NA
"S000003786",832.455198701852,1.36501051483241,0.231685603829044,5.89165011667979,3.82358087490566e-09,9.90044229076569e-08,"S000003786","S000003786","BNA1"
"S000003800",796.478306647963,-1.1936529996383,0.193710772672399,-6.16203726396257,7.18149453230513e-10,2.21695683261851e-08,"S000003800","S000003800",NA
"S000003806",7790.68259147226,1.04652236972148,0.21480448012052,4.87197645567871,1.10487338271305e-06,1.48420632134564e-05,"S000003806","S000003806","SSC1"
"S000003807",1040.16609433784,1.13379123864858,0.437004834729182,2.59445925661487,0.00947398417468412,0.0330030845256544,"S000003807","S000003807","TAH11"
"S000003808",18.7041866512736,-3.26155876656505,0.910543368910557,-3.58199167434213,0.000340984662298932,0.0020668760721962,"S000003808","S000003808","ANB1"
"S000003818",443.684631781711,-1.36981708285343,0.241175721361108,-5.67974701235545,1.34894112253547e-08,3.0947697374638e-07,"S000003818","S000003818","CDC8"
"S000003856",1214.36741608982,-1.39889756247533,0.448705878860455,-3.11762699884388,0.00182313379425004,0.00838958510019826,"S000003856","S000003856","SFC1"
"S000003857",4659.70096185504,1.94381904086993,0.254727958367278,7.63096070540966,2.33010700532552e-14,1.51382815577808e-12,"S000003857","S000003857",NA
"S000003860",246.358070593221,-1.45885975217376,0.259486013133324,-5.62211324825512,1.88635531994766e-08,4.18010489736619e-07,"S000003860","S000003860","YUH1"
"S000003870",2945.06447797669,1.96625686528435,0.387962710602882,5.06815941725133,4.01680929073033e-07,6.04976345546982e-06,"S000003870","S000003870","CPA2"
"S000003872",191.546510905516,1.68818526154466,0.360365245131987,4.68465059921732,2.80437908226575e-06,3.28549100187085e-05,"S000003872","S000003872","PXP2"
"S000003898",1320.34768484154,2.07247248513069,0.245269688265101,8.44977012769163,2.91876929333208e-17,2.67422881471766e-15,"S000003898","S000003898","MET5"
"S000003903",357.00193520526,1.31852170726053,0.223482516895726,5.8998874971313,3.63749515900278e-09,9.51089434190584e-08,"S000003903","S000003903",NA
"S000003907",81.0252182668551,-2.41129977374431,0.606829607346291,-3.97360271244691,7.0793608883984e-05,0.000528107020761369,"S000003907","S000003907",NA
"S000003908",549.024248684813,-2.39884076116917,0.464353041365416,-5.16598481645658,2.39176207606741e-07,3.8639914975294e-06,"S000003908","S000003908","HMS2"
"S000003909",2699.86113268894,-1.8441188980479,0.348331442886682,-5.29414997039994,1.19571277904031e-07,2.1493907788637e-06,"S000003909","S000003909","BAT2"
"S000003911",26.963071689097,-1.1166997126429,0.415477298894923,-2.68775145023103,0.00719349189840751,0.0263497128918346,"S000003911","S000003911","DAN1"
"S000003915",445.96568698575,2.6101418039739,0.360644398632846,7.23743891176071,4.57236580812481e-13,2.41154333931837e-11,"S000003915","S000003915",NA
"S000003916",2341.30314361261,1.05255208796015,0.225668269604011,4.66415632914235,3.09885744387365e-06,3.57501758139636e-05,"S000003916","S000003916","AAD10"
"S000003917",141.211584416799,-1.24197650268151,0.235542432289849,-5.27283551675809,1.34331948684866e-07,2.38214211234838e-06,"S000003917","S000003917","THI11"
"S000001484",304.522171554302,2.08781147290899,0.278509141789138,7.49638399478354,6.56024224275693e-14,4.04161820585021e-12,"S000001484","S000001484","MET14"
"S000001512",1509.42125616696,2.34216627949245,0.358057502796341,6.54131322818458,6.09809580995096e-11,2.27572019351512e-09,"S000001512","S000001512","MAE1"
"S000001513",296.95844266073,1.59775694047192,0.333160279879127,4.79576059022281,1.6205874069996e-06,2.06812998287905e-05,"S000001513","S000001513",NA
"S000001533",1976.30102051183,-1.18104981510636,0.178712392422662,-6.60866210281116,3.87808738781454e-11,1.51861652148036e-09,"S000001533","S000001533",NA
"S000001534",418.038869150573,2.63616858312518,0.168490567475093,15.6457932490189,3.54918951206305e-55,6.34107071198964e-52,"S000001534","S000001534","SFK1"
"S000001535",296.98429266753,1.51513219647742,0.184180630635935,8.22633841162343,1.93023178916641e-16,1.6040001722416e-14,"S000001535","S000001535","ASK1"
"S000001536",43.009402207713,2.21240406835618,0.358205886693485,6.17634759936072,6.56014724149943e-10,2.03450797726239e-08,"S000001536","S000001536",NA
"S000001540",610.918919049218,-1.06284916224097,0.24580980307568,-4.32386808395,1.53316994587364e-05,0.000141652217429683,"S000001540","S000001540","NUP120"
"S000001545",3177.4601131081,3.78448192747812,0.277265334733812,13.6493151266508,2.03784750480321e-42,1.45634771930761e-39,"S000001545","S000001545","MSN4"
"S000113563",246.326148693507,-2.88751353671395,0.488525029252567,-5.9106767592477,3.40705028979096e-09,8.98468077342846e-08,"S000113563","S000113563",NA
"S000001552",302.682049472968,-1.15899372404967,0.22344084022982,-5.1870272366394,2.13677490045873e-07,3.4943848572376e-06,"S000001552","S000001552",NA
"S000001579",730.282032245507,2.35368202480255,0.316140381295758,7.4450534131564,9.69052033532749e-14,5.77110863136816e-12,"S000001579","S000001579","CWP1"
"S000001956",3460.21667598744,1.4833325412746,0.262553844693388,5.64963176603581,1.60791896037742e-08,3.63064545034352e-07,"S000001956","S000001956","CWP2"
"S000001586",1535.17753981325,1.09105105762089,0.244443652717558,4.46340514671309,8.06673171655137e-06,8.10053739500278e-05,"S000001586","S000001586","APE1"
"S000001589",344.160860218654,-1.09260045121372,0.284246736595932,-3.84384518991643,0.000121121428786917,0.000842837673637493,"S000001589","S000001589","AAT1"
"S000001590",1615.96360872746,-1.51186715081151,0.155813992384764,-9.70302556061934,2.92688061383175e-22,4.1419707538116e-20,"S000001590","S000001590",NA
"S000001592",2773.67008785325,1.76369033073427,0.348165570947064,5.0656655278601,4.0697595615363e-07,6.12306035926719e-06,"S000001592","S000001592","HAP4"
"S000001596",395.71319289094,-1.8317490244525,0.247179980394442,-7.41058811287813,1.25740544801784e-13,7.28179665444223e-12,"S000001596","S000001596","RAD27"
"S000001603",783.649763747803,3.74569897079556,0.529333699685243,7.07625260402437,1.48104789748443e-12,7.32478117603631e-11,"S000001603","S000001603","OAC1"
"S000001610",374.935023077359,-1.17059092346695,0.207885115243989,-5.63095112458176,1.79218514136935e-08,4.00245347274877e-07,"S000001610","S000001610","PGM1"
"S000001611",225.343128855244,1.59772791718619,0.211152169665987,7.56671323677882,3.8278561315481e-14,2.39962928457092e-12,"S000001611","S000001611","PMU1"
"S000001612",1014.96195313012,1.40938876056104,0.133052304823982,10.5927421732795,3.22017855937538e-26,6.57514459273605e-24,"S000001612","S000001612","MYO3"
"S000001614",63.755466570889,3.75653509055613,0.385109413049295,9.75446188347331,1.76534404191927e-22,2.57470024399512e-20,"S000001614","S000001614",NA
"S000001615",209.719273290883,3.28644280561861,0.325061660044886,10.110213567373,4.97756511527286e-24,8.89304227407437e-22,"S000001615","S000001615","RMA1"
"S000001616",1351.58750090794,-1.57521241547563,0.16014163695455,-9.83637013728477,7.8491808864708e-23,1.19349300436518e-20,"S000001616","S000001616",NA
"S000001632",341.406406662842,-1.32013271014729,0.372134280385614,-3.54746332098009,0.000388959906983172,0.00231256403931385,"S000001632","S000001632","DBR1"
"S000001633",5073.30867352418,-1.22239713472044,0.176254861930528,-6.93539526417296,4.05086923104014e-12,1.88596331984549e-10,"S000001633","S000001633","MCR1"
"S000001634",3395.98258387782,-1.32741695891862,0.234589857568228,-5.65845843754157,1.5273869376028e-08,3.46787881256462e-07,"S000001634","S000001634","NNR2"
"S000001646",21441.1924314013,1.83769447723855,0.217435276211158,8.45168506812995,2.87128238592984e-17,2.64769284787711e-15,"S000001646","S000001646","PIR3"
"S000001647",2141.69810972755,1.93318063142714,0.214522798884032,9.01153929318342,2.03184267685321e-19,2.28670294332779e-17,"S000001647","S000001647","PIR1"
"S000001657",1012.73305095021,1.03299042264644,0.299389103303094,3.45032738750236,0.000559907096795257,0.00314203067706895,"S000001657","S000001657","TPO5"
"S000001669",480.156480530005,-1.92625025665963,0.417273612147889,-4.61627622878998,3.90686856734144e-06,4.3388401268851e-05,"S000001669","S000001669","MTR2"
"S000001670",2327.90582927208,-4.38693808353686,0.447382469739707,-9.80578896193504,1.06312918710568e-22,1.58284431992724e-20,"S000001670","S000001670","FAT3"
"S000001671",1187.68619067776,-1.36645098190371,0.390045422889836,-3.50331243930441,0.000459510136031501,0.00266657668465215,"S000001671","S000001671","PXA2"
"S000001681",1130.81680018732,-1.13979993435344,0.265685946426,-4.29002719069635,1.78651243888008e-05,0.000160898691171475,"S000001681","S000001681","PTK1"
"S000001694",642.790892357061,2.28549041457112,0.421526769937882,5.42193421050795,5.89575823873374e-08,1.1512031763145e-06,"S000001694","S000001694","TRP3"
"S000001695",930.692273675395,1.58658898729676,0.441232632533677,3.59581062304058,0.000323382997841283,0.00197441827772125,"S000001695","S000001695","SAC1"
"S000001699",859.3299387625,1.17237925895226,0.418571155727796,2.80090790516554,0.00509590595759314,0.0199870610447536,"S000001699","S000001699","URA1"
"S000001700",17415.5181697027,-3.8140024836901,0.392023665277232,-9.72901082640742,2.26787506980614e-22,3.27421599724637e-20,"S000001700","S000001700","JEN1"
"S000001704",310.323327946312,-1.28698900892515,0.270983428126404,-4.74932735858966,2.04094341491705e-06,2.52774212360942e-05,"S000001704","S000001704","MCH2"
"S000001741",36.5688642396809,-3.44559361160507,0.678932393435347,-5.07501725491493,3.87460839764276e-07,5.87272299337306e-06,"S000001741","S000001741",NA
"S000001742",111.761787427025,-3.63962558021058,0.482543660764422,-7.54258293321036,4.60752909414845e-14,2.87578224203772e-12,"S000001742","S000001742","DAL80"
"S000001745",178.410040736296,-1.00122697396634,0.246954372383328,-4.05429944124341,5.0284770767377e-05,0.0003936036301085,"S000001745","S000001745","SPC34"
"S000001747",1424.53388185338,-2.85786008559678,0.494414665908506,-5.78028987134786,7.45720257833663e-09,1.81577166017318e-07,"S000001747","S000001747","GAP1"
"S000001750",4814.63238190396,1.23530344504885,0.288265138297137,4.28530294140366,1.82490344004755e-05,0.000163840105958541,"S000001750","S000001750","UTH1"
"S000001751",718.981134214097,2.6473059656115,0.404479219795215,6.54497397159689,5.95057486314638e-11,2.23819911891977e-09,"S000001751","S000001751","SHB17"
"S000001758",813.514486621248,-1.3919950520596,0.341674054830399,-4.07404376299676,4.62037934377317e-05,0.000367291890770578,"S000001758","S000001758","TRK2"
"S000001769",449.278390386051,2.61830229911886,0.288685725384285,9.06973247684311,1.19309588163728e-19,1.38641621432859e-17,"S000001769","S000001769","KTR2"
"S000001777",510.638805329882,1.07607650830493,0.27205090299627,3.95542340221412,7.6399224217239e-05,0.000563163543959255,"S000001777","S000001777","MET1"
"S000001779",1271.08472791386,1.31930412588186,0.392523551473053,3.36108271957391,0.000776375701852377,0.00411348104725873,"S000001779","S000001779","DRE2"
"S000001784",2696.20276178844,-1.07636458951675,0.22359025981089,-4.81400482483954,1.47935233166776e-06,1.9048993582457e-05,"S000001784","S000001784","ECM4"
"S000001791",52.5651242341732,-1.01570302334766,0.372656805117066,-2.72557218706523,0.00641901382633727,0.0240742494410492,"S000001791","S000001791","DAD2"
"S000001806",192.131410570563,1.14692038552329,0.182107484665218,6.29804089399052,3.01430999169329e-10,1.01135053312845e-08,"S000001806","S000001806","UBP11"
"S000001813",650.084901622973,-2.49782023196678,0.448966402095686,-5.56349031978217,2.64431538381617e-08,5.70837714140095e-07,"S000001813","S000001813","VBA5"
"S000001814",456.559061897322,-1.12862743371562,0.240599378516798,-4.69089920627882,2.72006953361161e-06,3.20510748919297e-05,"S000001814","S000001814","GEX2"
"S000003939",1550.7993639446,-1.4892776084921,0.158152830882289,-9.41669902577047,4.65492144819702e-21,6.16044372769259e-19,"S000003939","S000003939","SDC25"
"S000003940",72.414497554247,-1.23798774748266,0.286350190253599,-4.32333481736564,1.53688218691426e-05,0.000141903469622516,"S000003940","S000003940",NA
"S000003947",4900.01273009001,2.53738653019847,0.173667908945597,14.6105664863698,2.40509809868696e-48,2.1485041952833e-45,"S000003947","S000003947","SSA2"
"S000003948",40.7545752986263,-1.26932452577956,0.47560939797785,-2.66883819196246,0.00761141085525715,0.0276120156970184,"S000003948","S000003948","PAU17"
"S000003949",33130.7426286868,1.57873498788054,0.257140802273662,6.13957401517465,8.27430647136112e-10,2.51626941266307e-08,"S000003949","S000003949","HSP104"
"S000003951",361.424374899367,1.81167170180248,0.318903613935158,5.68093813502798,1.33957928445754e-08,3.07823259047454e-07,"S000003951","S000003951","TPO1"
"S000003978",739.411846650753,1.86452323889514,0.423244502635018,4.40530999761856,1.05632705840352e-05,0.000101807704961305,"S000003978","S000003978","YCT1"
"S000003979",535.422190844639,1.61705959817069,0.199946883535797,8.08744587349961,6.0928892529772e-16,4.9763237767316e-14,"S000003979","S000003979",NA
"S000003981",265.120396778032,2.30317571350154,0.311049390321143,7.40453376591937,1.31612038264339e-13,7.58520509238789e-12,"S000003981","S000003981",NA
"S000003993",184.736905573849,-1.03685048578093,0.290717610795403,-3.56652107501886,0.000361751729825205,0.00217797703217845,"S000003993","S000003993","CMS1"
"S000004000",189.945749006245,-2.11895267125685,0.290604571684986,-7.29153247304651,3.06449004538004e-13,1.6846444699468e-11,"S000004000","S000004000","TEN1"
"S000004008",392.33483114368,-1.08978814740354,0.25570496921366,-4.2618966332756,2.02699202604797e-05,0.000178948715431153,"S000004008","S000004008","POM34"
"S000004010",414.960335953117,1.45299075203593,0.375376788009889,3.87075279678096,0.000108499775798356,0.000766957119429227,"S000004010","S000004010","YEH2"
"S000004013",968.550981111745,2.79399563963013,0.24271724488795,11.5113190285263,1.15695147227958e-30,3.18005911409463e-28,"S000004013","S000004013","IZH3"
"S000004032",69.5962801482586,1.28733454606555,0.53238388828066,2.41805692171304,0.015603635700894,0.0497229670758258,"S000004032","S000004032",NA
"S000004035",337.983433497142,-1.12661932707173,0.228565602685061,-4.92908518970847,8.26155469747997e-07,1.14420931483606e-05,"S000004035","S000004035","STU2"
"S000004043",307.867540511716,-3.78694644393278,0.546559005841574,-6.92870559895314,4.24708594614287e-12,1.95818062671678e-10,"S000004043","S000004043",NA
"S000004054",490.317587747401,1.25359985381514,0.257958137559024,4.85970268539524,1.17562169364378e-06,1.56745903612412e-05,"S000004054","S000004054","PER33"
"S000004060",482.715516892878,-1.15113050981113,0.210408814914053,-5.4709234034769,4.47696772580447e-08,9.02528909801457e-07,"S000004060","S000004060","XYL2"
"S000004071",115.486062770088,-2.78129936323353,0.513214927660136,-5.41936567572988,5.98108685718631e-08,1.16468221321204e-06,"S000004071","S000004071","GAL2"
"S000004073",530.431616531747,1.14295461175729,0.415563264844667,2.75037451201206,0.00595271867979049,0.0226463157014228,"S000004073","S000004073","EMP70"
"S000004079",826.701763163194,1.60850627573085,0.153729982413102,10.4631916980807,1.27487444663282e-25,2.49613431037299e-23,"S000004079","S000004079","ALT1"
"S000004081",156.125211195163,-1.56435677388409,0.281729330099179,-5.55269404620875,2.81300176204511e-08,6.00990047607037e-07,"S000004081","S000004081","GEP5"
"S000004082",1512.04808920724,2.00472113573819,0.166258382390647,12.0578650346051,1.76293751249129e-33,5.99944425381857e-31,"S000004082","S000004082","SUL2"
"S000004084",1275.68400677434,1.71843019865892,0.330372559204739,5.20149192413395,1.97695064363667e-07,3.29694230665959e-06,"S000004084","S000004084","GIS3"
"S000004097",753.061113748479,1.4469628738823,0.277460948262195,5.21501451986297,1.83802837218512e-07,3.10531200043048e-06,"S000004097","S000004097","REX3"
"S000004100",10102.0853286189,1.69289268206784,0.28705270866404,5.89749767541528,3.69055467251377e-09,9.62574779821885e-08,"S000004100","S000004100","CCW12"
"S000004103",782.672501587086,1.47000094550127,0.242960558911804,6.05036863631387,1.44514762388981e-09,4.16441431214859e-08,"S000004103","S000004103","HOG1"
"S000004110",1954.84650419556,1.79574521983166,0.249813003819502,7.18835766103332,6.5575300208027e-13,3.38363814394704e-11,"S000004110","S000004110","YPS1"
"S000004111",1743.45160133698,3.03865589890527,0.164529363796344,18.4687755959875,3.68344207427007e-76,7.52106250964887e-73,"S000004111","S000004111","YPS3"
"S000004126",222.651265195106,-1.37254994372574,0.374966580012002,-3.66045940329351,0.000251763442784724,0.00158522241749871,"S000004126","S000004126","TIS11"
"S000004129",171.407085046339,1.50794181357206,0.363313734650378,4.15052245416257,3.3171722233126e-05,0.000276456808092169,"S000004129","S000004129","SLS1"
"S000004136",134.768901470407,1.73434922333908,0.366815477112135,4.7281244428214,2.26603293546724e-06,2.74710846027424e-05,"S000004136","S000004136","SPE4"
"S000004139",4804.34878577371,-1.05779557094797,0.327759252267202,-3.22735533362034,0.00124940200625451,0.00611146573422169,"S000004139","S000004139",NA
"S000004142",1089.89694724549,-1.03619276432238,0.182013280960549,-5.69295140911708,1.24861930356807e-08,2.91609733756509e-07,"S000004142","S000004142",NA
"S000004153",823.04597435906,-1.06545859869277,0.276439978685286,-3.85421314152879,0.000116102419730454,0.000814654828280504,"S000004153","S000004153","MAS1"
"S000004154",1360.38374680259,-2.91713327401332,0.211844354584997,-13.770172350016,3.85292869650568e-43,2.89841630837661e-40,"S000004154","S000004154","SHH4"
"S000004158",401.550964259354,2.19653055843361,0.332301137481381,6.61006030578717,3.8416349547749e-11,1.50847495628015e-09,"S000004158","S000004158","UPS2"
"S000004167",1640.9682682582,1.64023008342332,0.336295831040054,4.87734289881211,1.07524424188458e-06,1.44848877938325e-05,"S000004167","S000004167",NA
"S000004169",440.997363967815,2.02045025979564,0.26055335477443,7.75445881917281,8.87210084041424e-15,6.15577365592431e-13,"S000004169","S000004169",NA
"S000004170",708.259560628097,3.52050764401889,0.29963901658689,11.7491629899206,7.13217860602819e-32,2.16894103863747e-29,"S000004170","S000004170","SAM1"
"S000004171",409.674476338636,-1.00888766459669,0.267560956243259,-3.7706834314026,0.000162801086362673,0.0010898903641132,"S000004171","S000004171","VTA1"
"S000004173",241.32751794501,-1.59617391881875,0.320130260377878,-4.98601387114935,6.16377211983071e-07,8.81869818906309e-06,"S000004173","S000004173","TOS4"
"S000004177",235.798853609745,1.71030023507826,0.255221751203603,6.70123226963467,2.06669231777343e-11,8.61202136966052e-10,"S000004177","S000004177","SKG3"
"S000004184",1624.55219180974,2.35650618066786,0.330588566193742,7.12821440801685,1.01679306512875e-12,5.09930641399482e-11,"S000004184","S000004184","NCW2"
"S000004195",148.01963638545,-1.22044346014429,0.379241209608346,-3.21811931093849,0.00129034131560124,0.00628162412257783,"S000004195","S000004195","HMX1"
"S000004201",266.807268728205,-1.16893935407463,0.205681509276143,-5.68324959394012,1.32159173354491e-08,3.04669526573507e-07,"S000004201","S000004201","ATG38"
"S000004203",180.189656478943,-2.13771952262891,0.254086109295981,-8.41336635265928,3.98408159455118e-17,3.5590298894325e-15,"S000004203","S000004203","CRR1"
"S000004206",3845.16950564145,2.06216693360153,0.270813720483114,7.61470626348899,2.64291813605198e-14,1.68639414815138e-12,"S000004206","S000004206","CPR6"
"S000004207",495.185687958773,2.13936560874573,0.316168221992612,6.76654217575265,1.31896603217313e-11,5.67830768007545e-10,"S000004207","S000004207",NA
"S000004215",700.572637502138,1.24542926527905,0.347094618542492,3.588154925907,0.000333026390289129,0.00202723432555474,"S000004215","S000004215",NA
"S000004218",609.635285462971,-1.08886913676745,0.236911556935794,-4.5960997042561,4.30472773146347e-06,4.74260357224201e-05,"S000004218","S000004218","ECM22"
"S000004227",2175.84831165255,1.99548424459913,0.225395750450632,8.85324696942853,8.50092724567973e-19,8.9340994943015e-17,"S000004227","S000004227","THI7"
"S000004234",1202.20609279064,1.03033478603125,0.204147028782924,5.04702317821554,4.48746928754025e-07,6.66729714415934e-06,"S000004234","S000004234","MAP1"
"S000004239",7257.76446629578,1.86519512569519,0.542002427315025,3.44130400842484,0.000578917698113794,0.00323347817864027,"S000004239","S000004239","YEF3"
"S000004244",308.42043085359,-1.3575199236521,0.237152992850159,-5.72423694652602,1.03899656646417e-08,2.46684018678943e-07,"S000004244","S000004244","NDL1"
"S000007377",24.0004214103276,1.54584369026663,0.471895669953923,3.27581664484773,0.00105356936477772,0.00530185386311556,"S000007377","S000007377",NA
"S000004249",5345.27461857469,1.40654225558729,0.27484016170707,5.11767365748538,3.09327214324892e-07,4.87454671923449e-06,"S000004249","S000004249","HSP60"
"S000004250",464.556882464271,1.28550180974294,0.342811963343871,3.74987441279425,0.000176923154272134,0.00117126569894007,"S000004250","S000004250","LCB5"
"S000004255",401.186227801546,-1.10011961454056,0.269435830575841,-4.08304868802851,4.44487058793544e-05,0.000354721023525189,"S000004255","S000004255","NEJ1"
"S000004256",652.379546792522,-1.19941544223489,0.259622268707267,-4.61984809010073,3.84021105244438e-06,4.28478817896858e-05,"S000004256","S000004256","PDR8"
"S000004257",2984.01706941319,-4.03875601950924,0.214418822252731,-18.8358278302119,3.84074433947178e-79,9.14929314067836e-76,"S000004257","S000004257","BOP2"
"S000004263",379.830980732109,-1.4019330378985,0.179123155915413,-7.82664324293465,5.0106834459067e-15,3.58088492461722e-13,"S000004263","S000004263","PIG1"
"S000004274",1563.05846890463,-5.04778368376139,0.726389362946898,-6.94914317478849,3.67511424319411e-12,1.72224288124503e-10,"S000004274","S000004274","ECI1"
"S000004288",464.067415941767,1.63477751271756,0.189192815339693,8.64080123646526,5.58201560067426e-18,5.65842191350618e-16,"S000004288","S000004288",NA
"S000004292",365.683571646112,1.04140117819953,0.213110004453337,4.88668366776538,1.02548660566737e-06,1.3893156450051e-05,"S000004292","S000004292","HRI1"
"S000004294",2107.7113891207,4.90255790032684,0.431566649366704,11.3599090836167,6.62135101210795e-30,1.72070854574653e-27,"S000004294","S000004294","MET17"
"S000004297",109.127191429088,-1.10384210044934,0.279658260212132,-3.94711066146245,7.91000019708486e-05,0.000580346705771468,"S000004297","S000004297","UBC12"
"S000004298",58.0151117150002,-2.79572800102362,0.395794409663049,-7.06358637910954,1.62259256921727e-12,7.8883386366743e-11,"S000004298","S000004298","CDA1"
"S000004299",26.3007722049754,-3.27657366313408,0.71316277170906,-4.59442611576867,4.33941841145914e-06,4.76735644542548e-05,"S000004299","S000004299","CDA2"
"S000004302",80.1827798340763,-1.37932999379276,0.392817654647221,-3.51137474977161,0.000445795478367295,0.00259965514985873,"S000004302","S000004302",NA
"S000004303",2572.20152676062,-1.36972432812646,0.303757951428135,-4.5092624627162,6.5053387257253e-06,6.7328607101225e-05,"S000004303","S000004303","ATG39"
"S000004306",541.727239616652,1.43210009650594,0.289190316969616,4.95210251682255,7.34159076451659e-07,1.02976797642037e-05,"S000004306","S000004306","CDC3"
"S000004320",459.997671511452,2.6443918287117,0.466304309490665,5.67095730168164,1.42001789529162e-08,3.24741052438449e-07,"S000004320","S000004320","NMA1"
"S000004323",99.9494493757491,2.64330802738447,0.314527986153517,8.40404715558223,4.31349360968166e-17,3.80572618291234e-15,"S000004323","S000004323","JIP3"
"S000004324",1011.70461882914,2.13257446122005,0.191560967207698,11.1326148134752,8.70440198182086e-29,2.08732344994434e-26,"S000004324","S000004324","MID2"
"S000004329",1402.19752883075,1.29468252200702,0.263921412314887,4.90556075254069,9.31607987730563e-07,1.26816519631391e-05,"S000004329","S000004329","VRP1"
"S000004330",339.66948867613,1.24046168037625,0.353833256204572,3.50578036016791,0.000455270743042837,0.00264304822514674,"S000004330","S000004330","OPI9"
"S000004338",155.201596610506,-2.04133584173445,0.486198399612215,-4.19856553078452,2.68611124369526e-05,0.000228813172016235,"S000004338","S000004338","CIS1"
"S000004345",260.990550764417,-1.06901680571299,0.297861053451121,-3.58897812697226,0.000331976690084533,0.00202170550974786,"S000004345","S000004345","BUD8"
"S000004347",8296.38983398533,2.12858932386187,0.349086052111915,6.097606337991,1.0766849529234e-09,3.16647284611814e-08,"S000004347","S000004347","ILV5"
"S000004356",30.8837154269313,1.60276448871044,0.531001135970434,3.01838241039032,0.00254128003185993,0.0111384592135461,"S000004356","S000004356","GRX8"
"S000004359",547.562911975586,-2.1424592420494,0.235040722161069,-9.11526829202477,7.84760609040979e-20,9.19392080739567e-18,"S000004359","S000004359","RPS22B"
"S000004367",1884.50522268189,2.24842707625337,0.179466219599061,12.5284138779794,5.21961210822755e-36,2.40657793106117e-33,"S000004367","S000004367","STP3"
"S000004369",1179.65079161627,-1.12524142225367,0.392895941329722,-2.86396804824552,0.00418370210884128,0.0169590624621862,"S000004369","S000004369","FBP1"
"S000004372",378.907999537192,1.21807715604137,0.280635158021559,4.34042963336687,1.42204402289813e-05,0.000132574731212782,"S000004372","S000004372","CSR1"
"S000004373",680.172642966096,-1.58899710479151,0.374738062498883,-4.24028745357632,2.23233726796778e-05,0.000195268032870645,"S000004373","S000004373","CTF3"
"S000006429",4410.62373705661,1.61101940785768,0.359621776133471,4.47976044492857,7.47268589883654e-06,7.59652201650574e-05,"S000006429","S000006429","CCW14"
"S000004406",1271.74625802983,1.58728402932891,0.274953043385922,5.77292765987321,7.79058942941068e-09,1.88410989364749e-07,"S000004406","S000004406","PUN1"
"S000004421",1132.87849783771,1.27384669985244,0.206838638230583,6.15864961570845,7.33678503094325e-10,2.25851278502829e-08,"S000004421","S000004421","CRN1"
"S000028684",41.3363186557495,-1.98281670734137,0.703203643113616,-2.81969060706502,0.0048069972646167,0.0190269764339979,"S000028684","S000028684",NA
"S000004430",1571.73369957325,-1.53817049909008,0.491825611581314,-3.12747132900333,0.00176317015957006,0.00815830077395108,"S000004430","S000004430","CAR2"
"S000004438",154.465197728117,-1.13273482032918,0.22192404624747,-5.10415540579162,3.32275140121443e-07,5.17342982326338e-06,"S000004438","S000004438",NA
"S000004450",33.4317768375276,-1.03140722184271,0.369529065181682,-2.79113963968059,0.00525228072470826,0.0204887686676461,"S000004450","S000004450",NA
"S000004452",49.2634014477874,-1.35173761758418,0.461828241822266,-2.92692714557807,0.0034232906154599,0.0143360951558067,"S000004452","S000004452",NA
"S000004465",530.587646862154,2.06300611893046,0.207620460825132,9.93642972726094,2.88999936445228e-23,4.58964010179072e-21,"S000004465","S000004465","GIS4"
"S000004476",154.784551627733,1.07750190173173,0.338705878780601,3.1812317684326,0.00146650255262617,0.0069752815256858,"S000004476","S000004476","TRM9"
"S000004489",661.137964122093,-1.38411796150976,0.263799980302788,-5.24684634138743,1.54724839522317e-07,2.68709857994226e-06,"S000004489","S000004489","YOX1"
"S000004492",322.00795812745,-1.07394736452374,0.220078203557745,-4.87984428790539,1.061696313622e-06,1.43429351706987e-05,"S000004492","S000004492","RCF1"
"S000004506",4857.25093756108,-2.4817532629433,0.192656883073002,-12.8817264317669,5.70450597903246e-38,3.26138015833244e-35,"S000004506","S000004506","CAT2"
"S000004520",410.570229986286,1.31988024025009,0.371796730841165,3.55000496444373,0.000385223886721165,0.00229512505748462,"S000004520","S000004520","IMD4"
"S000004531",256.488919930477,-1.02662518018771,0.290822055860536,-3.53008019680609,0.000415433720605152,0.0024455494928375,"S000004531","S000004531","SMA2"
"S000004535",2987.35253238663,1.27381876320241,0.149886451952489,8.49855838609208,1.91959692259309e-17,1.82911992097487e-15,"S000004535","S000004535","DAK1"
"S000004537",2718.28349469085,-1.27442074951098,0.211578881439998,-6.02338352881593,1.70808038945957e-09,4.81530434054154e-08,"S000004537","S000004537","TCB3"
"S000004540",951.391338863862,-1.83488555035499,0.344290371040598,-5.32947100672363,9.84992427243546e-08,1.81190434524994e-06,"S000004540","S000004540","HMG1"
"S000004548",57.147116568714,-1.6204044051979,0.344919791848507,-4.69791656928056,2.62828744476968e-06,3.11493469718848e-05,"S000004548","S000004548",NA
"S000004552",280.70128920182,1.22366041062939,0.36668345095427,3.33710290836658,0.000846565966917529,0.00443059954784044,"S000004552","S000004552","AIM33"
"S000004568",70.4449540744966,-1.01480772742539,0.29481555941045,-3.44217832143841,0.00057704972056621,0.00322510528499211,"S000004568","S000004568","CUE4"
"S000004572",249.990358737144,-1.33975478975799,0.25516035645606,-5.25063849402761,1.5157289217838e-07,2.64344445558488e-06,"S000004572","S000004572","MDM1"
"S000004593",475.38689584439,1.47470054466837,0.321297926758099,4.58982278394423,4.43622487952985e-06,4.85505070467996e-05,"S000004593","S000004593","TUB3"
"S000004594",758.209048154843,1.75930988538091,0.333090035649879,5.2817847941575,1.27931421518996e-07,2.28565475971376e-06,"S000004594","S000004594","PGA3"
"S000004597",18558.4014907404,-1.08024479357996,0.239345439034812,-4.51332934496757,6.38178033425088e-06,6.62898156376801e-05,"S000004597","S000004597","MSC1"
"S000004599",904.798727752275,1.78352651697489,0.367433850335707,4.85400709636678,1.20991403491725e-06,1.60271559787509e-05,"S000004599","S000004599","ERO1"
"S000004601",666.65737943571,1.00433882739127,0.252458320566199,3.9782361901909,6.94283867516094e-05,0.000520235411333081,"S000004601","S000004601","COS3"
"S000004609",15.150533574408,1.5705000409602,0.504790089473163,3.11119428394343,0.0018633230133161,0.00855799351842128,"S000004609","S000004609",NA
"S000004618",1270.18229700219,1.01985746385389,0.248701214346461,4.10073375208029,4.11842188229618e-05,0.000331258322811814,"S000004618","S000004618","SOK2"
"S000004619",232.196830089852,-3.73476209853314,0.372959805784931,-10.0138461051398,1.32499005743364e-23,2.28169673384326e-21,"S000004619","S000004619","SPO20"
"S000004620",555.502417588454,-5.99215598552333,0.607617660591619,-9.86172123385773,6.09946846564517e-23,9.476054649942e-21,"S000004620","S000004620","PEX9"
"S000004633",2493.7900795687,-1.43945346225821,0.323655646522084,-4.44748447223519,8.68817372912515e-06,8.6536632132673e-05,"S000004633","S000004633","EIS1"
"S000004639",996.588974479148,-1.707736431525,0.508913406010968,-3.35565228063218,0.000791780520970754,0.00418061285047469,"S000004639","S000004639","MIH1"
"S000004646",1025.52245375537,1.49049405074353,0.199822452846546,7.45909195643875,8.71207912369013e-14,5.2763452082586e-12,"S000004646","S000004646","MCM1"
"S000004651",172.762502569361,-1.41080166438005,0.311091877396268,-4.53500000124715,5.76034850846185e-06,6.05387214937097e-05,"S000004651","S000004651","CSM3"
"S000004660",1348.54710509069,-1.37293219238142,0.190421443539635,-7.20996630873481,5.59657224267637e-13,2.89825387915121e-11,"S000004660","S000004660","AAC1"
"S000004666",2331.68742290206,1.60242755505479,0.214609439331844,7.46671516427106,8.22214797718667e-14,5.00081536331613e-12,"S000004666","S000004666","ARG7"
"S000004673",39.8145632254071,1.74221366154757,0.353756216736093,4.9248990664305,8.44039095975456e-07,1.16446436281633e-05,"S000004673","S000004673","NAT4"
"S000004676",982.743737203262,-1.36318793475553,0.142243714005121,-9.58346696927821,9.38408452344402e-22,1.27739733422462e-19,"S000004676","S000004676","ABF2"
"S000004689",255.297166867684,-2.49269894935908,0.397740708176639,-6.26714565070884,3.67726173628751e-10,1.21103921651515e-08,"S000004689","S000004689",NA
"S000004690",633.037329858974,-2.17009231429561,0.337879708188902,-6.42267724785164,1.33898196463821e-10,4.86973771515876e-09,"S000004690","S000004690",NA
"S000004694",845.5934694129,-1.07245171284774,0.316957595602344,-3.38358104594295,0.000715470874708054,0.0038415571796402,"S000004694","S000004694","VBA1"
"S000004707",71.9890846151474,-2.33120840309417,0.349649329161477,-6.6672754919474,2.60595656541793e-11,1.05217336693555e-09,"S000004707","S000004707","SRT1"
"S000004708",542.881293909114,1.16481898317381,0.233841377597834,4.98123555009624,6.31795795357131e-07,9.03025730303947e-06,"S000004708","S000004708",NA
"S000004709",382.380305560361,2.13223154836428,0.286538615362528,7.44134100622556,9.9668291882406e-14,5.91076196002183e-12,"S000004709","S000004709",NA
"S000004710",3615.69601858534,2.15241499895033,0.309446747521708,6.95568790490948,3.50845796307754e-12,1.64955229165353e-10,"S000004710","S000004710","YPK2"
"S000004712",248.889184851695,-1.09568710323916,0.403581749899514,-2.71490745929906,0.00662942923897318,0.0246563705731573,"S000004712","S000004712","YKU80"
"S000004713",19471.5723134247,-3.65265233872548,0.513913618394153,-7.10752198032632,1.18144926032179e-12,5.90435464258017e-11,"S000004713","S000004713","SPG4"
"S000004714",5639.26309582281,2.97153727034737,0.43944967826757,6.76195117962535,1.36145584878345e-11,5.84363016416271e-10,"S000004714","S000004714","ILV2"
"S000004716",6425.69865789519,-1.11104787518385,0.254307851932907,-4.36890904759391,1.24868754131027e-05,0.000118352062519547,"S000004716","S000004716","HFD1"
"S000004718",73.8248685591353,-1.34427026039322,0.314919638347443,-4.26861362932889,1.9669162437528e-05,0.000174724262721931,"S000004718","S000004718","MED11"
"S000004720",1855.79143826048,-1.1599391065028,0.245287031993563,-4.72890514054262,2.25733812425458e-06,2.74354879336485e-05,"S000004720","S000004720",NA
"S000004724",2986.54369993066,-1.22040815621878,0.302252267340301,-4.03771381752695,5.39746419356554e-05,0.000419222701291847,"S000004724","S000004724","SHH3"
"S000007524",606.358127189398,2.14497749746572,0.390498953226663,5.49291484584513,3.9535344977459e-08,8.02668587731281e-07,"S000007524","S000007524",NA
"S000004732",787.199763949853,-1.08143444712479,0.194603967208479,-5.55710380747916,2.74287650051731e-08,5.87833188578877e-07,"S000004732","S000004732","STO1"
"S000004740",188.712975426075,-1.21699876661498,0.197719127453631,-6.15518985081698,7.49876105429377e-10,2.29999553109487e-08,"S000004740","S000004740","REC114"
"S000004752",100.988452571699,-1.84826565142215,0.390810416964781,-4.72931521574236,2.25278386409191e-06,2.74034381016729e-05,"S000004752","S000004752","FDO1"
"S000004753",4324.88354313354,2.32127921002501,0.190499422657873,12.1852296329208,3.72602340080875e-34,1.40147506494104e-31,"S000004753","S000004753","NDE1"
"S000004755",146.142854942435,-1.7361725536558,0.510988954839804,-3.39767139232999,0.000679620013669543,0.00369205961815993,"S000004755","S000004755",NA
"S000004760",1014.46937099973,-1.39636493293293,0.204264263558946,-6.83607063028904,8.13948249702612e-12,3.64694743981174e-10,"S000004760","S000004760","YIM1"
"S000004765",207.744553532278,-1.13086317569777,0.248025046875274,-4.5594716741106,5.12824731300783e-06,5.49460561055629e-05,"S000004765","S000004765","TPP1"
"S000004769",122.659275133504,-1.08218476358737,0.203065954592954,-5.32922796318376,9.8631133867614e-08,1.81199845291749e-06,"S000004769","S000004769","ATG16"
"S000004781",1703.44442023196,1.14442231779528,0.1801458636614,6.35275378815425,2.11494088199096e-10,7.37289025031628e-09,"S000004781","S000004781","EAR1"
"S000004784",3828.81914367334,1.24168857422227,0.322634853130476,3.84858784528193,0.000118800695318596,0.000831608964903412,"S000004784","S000004784","DDR48"
"S000004785",3418.27742137109,1.29537890397565,0.328549661426027,3.94271873041423,8.05631183333424e-05,0.000588094305586549,"S000004785","S000004785",NA
"S000004786",444.661249857888,-1.02855819177445,0.327669463574884,-3.13901143107097,0.00169518834855314,0.00788458414118779,"S000004786","S000004786","PAI3"
"S000004787",5132.31096814716,-2.88000338686935,0.322103083867493,-8.94124747981029,3.84801544786429e-19,4.23074498433264e-17,"S000004787","S000004787","SIP18"
"S000004803",19023.100763256,-2.23078127224573,0.331216900746691,-6.73510701663075,1.63809323785388e-11,6.92700196705488e-10,"S000004803","S000004803","SPG5"
"S000004818",4112.99242621495,1.17192080460688,0.218547529355984,5.36231550208003,8.21618704628915e-08,1.54315323853628e-06,"S000004818","S000004818","PFK2"
"S000004819",1777.04025232148,-1.92448009231405,0.336629864637072,-5.71690243344533,1.08483361745566e-08,2.55551024551282e-07,"S000004819","S000004819",NA
"S000004822",245.511637366272,-1.35493247472292,0.287206353931534,-4.7176270865021,2.38611348072525e-06,2.87318618197186e-05,"S000004822","S000004822",NA
"S000004846",136.795925520351,-1.3409575653315,0.289545939272502,-4.63124286495164,3.63477209102858e-06,4.09280024781248e-05,"S000004846","S000004846","TRI1"
"S000004858",111.339625108527,-3.31917981527711,0.458947538768947,-7.23215517002287,4.75388565138686e-13,2.49613145571578e-11,"S000004858","S000004858",NA
"S000004860",1802.84314579187,-2.42113114952822,0.351230609184159,-6.89328061455702,5.45201746635236e-12,2.47383129036744e-10,"S000004860","S000004860","FAA4"
"S000004864",51.2007248574033,1.91377052857711,0.527727813159302,3.62643484170392,0.000287361287812757,0.00177726304054857,"S000004864","S000004864","HOR7"
"S000004874",1105.5415884191,1.50214033196125,0.165879994683651,9.05558464012482,1.35838127156729e-19,1.56575350923478e-17,"S000004874","S000004874","TPS3"
"S000004884",1156.22257860519,-1.46315696178728,0.223251881650222,-6.55383932700583,5.60763017926617e-11,2.12036661778443e-09,"S000004884","S000004884","URA10"
"S000004894",270.02468629414,1.34329326088603,0.201057601001533,6.68113642157596,2.37096380241973e-11,9.68233875085292e-10,"S000004894","S000004894","GPI12"
"S000004909",571.912199468146,1.67101493784747,0.211790908181061,7.88992762814406,3.02361828244578e-15,2.25086333911446e-13,"S000004909","S000004909",NA
"S000004910",2045.89717031553,1.6389704896488,0.213944736712731,7.66071890728255,1.84895141743767e-14,1.21783698660998e-12,"S000004910","S000004910",NA
"S000004911",799.112179942077,1.43704374334206,0.267795417754145,5.36619989764489,8.04128188213485e-08,1.51628023669332e-06,"S000004911","S000004911","LCB1"
"S000004912",10050.3167018261,-1.29358278534202,0.235960722417898,-5.48219539288842,4.20079892126663e-08,8.49250622088598e-07,"S000004912","S000004912","PRC1"
"S000004914",309.051675761373,-1.01660241349674,0.228156216353469,-4.45572963009598,8.36083485771667e-06,8.34507071378103e-05,"S000004914","S000004914","DYN3"
"S000004916",387.086556082606,1.34949721859881,0.211608571859498,6.37732775539376,1.80204540111507e-10,6.42310097709169e-09,"S000004916","S000004916","ATM1"
"S000004918",18674.4465268019,-7.97014470692351,0.906563714159502,-8.7915990706873,1.47446123850786e-18,1.53828280890459e-16,"S000004918","S000004918","ADH2"
"S000004921",1681.91959172909,1.04101278145812,0.252631333037843,4.12067960430777,3.77756450491277e-05,0.000308177679615972,"S000004921","S000004921","SCW10"
"S000004924",3814.54419927256,2.10092082052784,0.252887466515835,8.30773011202706,9.75500857550821e-17,8.39929744396017e-15,"S000004924","S000004924","GAS1"
"S000004929",285.362168158027,-1.16915351049807,0.268653914657885,-4.35189456288743,1.349661681718e-05,0.000126662602867993,"S000004929","S000004929","ELP6"
"S000004932",1430.58544731581,1.06491490225919,0.184466045973349,5.77295890222015,7.78914450560289e-09,1.88410989364749e-07,"S000004932","S000004932",NA
"S000004933",55.5617556511561,3.77728206634952,0.700737962108828,5.39043447137076,7.02875425411328e-08,1.33770951470095e-06,"S000004933","S000004933",NA
"S000004935",1042.23849507163,3.40107749592207,0.440916436575581,7.71365549975153,1.22264225515005e-14,8.401550842721e-13,"S000004935","S000004935","DIA1"
"S000004948",231.728601459218,1.34101970800978,0.204029245671147,6.57268375226572,4.94163444344094e-11,1.89867691129305e-09,"S000004948","S000004948","PET8"
"S000004952",3864.8758590166,1.06068147841941,0.298108760192034,3.55803525443582,0.000373639174125649,0.00224105107670075,"S000004952","S000004952","SIS1"
"S000004953",866.713208632336,-1.18151111936042,0.370386410322725,-3.18994187268088,0.00142301412342043,0.00681606597387673,"S000004953","S000004953","ASI3"
"S000004957",500.775000944565,-1.60421548025397,0.282118460291256,-5.68631871376939,1.29807041776675e-08,3.01190267550976e-07,"S000004957","S000004957","SPO1"
"S000004958",165.339763387084,-1.82985629516353,0.279189518289569,-6.55417261498208,5.59512179249048e-11,2.12036661778443e-09,"S000004958","S000004958",NA
"S000004959",3578.46697580471,-1.94735916159236,0.255450391163939,-7.62323812744767,2.47389896086562e-14,1.58562501558979e-12,"S000004959","S000004959","HEF3"
"S000004969",19.6781921294879,3.58748359489536,0.706256508648994,5.07957597694625,3.78278220135499e-07,5.7518410642518e-06,"S000004969","S000004969","EFM6"
"S000004981",2979.41267919565,1.96677164296234,0.309074794642768,6.36341648381764,1.97314702379444e-10,6.98074020076584e-09,"S000004981","S000004981","NCE103"
"S000004982",1994.35092239126,1.30933276135272,0.277453285410852,4.71911067628508,2.3687792468161e-06,2.86029549312874e-05,"S000004982","S000004982","IDH1"
"S000004991",165.492132713675,-1.0156791120479,0.192427716737245,-5.27823709218969,1.30432633937891e-07,2.321635911425e-06,"S000004991","S000004991",NA
"S000005002",46.7611118987691,2.55251301505027,0.497000383253107,5.13583711614635,2.80890867536229e-07,4.45590806847427e-06,"S000005002","S000005002",NA
"S000005003",192.081830804376,1.96191078450076,0.360087084423643,5.448434196525,5.08151845957161e-08,1.01015498390344e-06,"S000005003","S000005003",NA
"S000005008",2580.79453209876,1.58979589728418,0.380830711191283,4.17454751039146,2.98578906459668e-05,0.000251775121535577,"S000005008","S000005008","YDJ1"
"S000005009",131.617688376739,1.90410817563389,0.325748607604257,5.8453302061298,5.05564385087438e-09,1.27668405584006e-07,"S000005009","S000005009","AQR1"
"S000005012",718.670351902462,1.43317985631896,0.226320167320204,6.33253268274259,2.41169179325253e-10,8.28613240407653e-09,"S000005012","S000005012","FKH2"
"S000005018",1746.32217222949,1.35552061970415,0.26988087699083,5.0226627200052,5.09599902201909e-07,7.43995035972613e-06,"S000005018","S000005018","MLF3"
"S000005022",365.089225340714,-1.37742799261352,0.283668018511426,-4.85577471807257,1.19916974699654e-06,1.59439378547178e-05,"S000005022","S000005022","NIS1"
"S000005040",696.216157845605,1.02226135973476,0.323688723292317,3.15816179611414,0.00158767413348822,0.00746222505424106,"S000005040","S000005040","RPS7B"
"S000005056",557.861133701964,1.30567463980436,0.332436710221592,3.92758861960234,8.58018096412023e-05,0.000622520439188682,"S000005056","S000005056","DBP2"
"S000005061",6578.96233611012,-1.1685508080978,0.244333668765562,-4.78260247145483,1.7304012443567e-06,2.188727874831e-05,"S000005061","S000005061","MLS1"
"S000005073",81.4714530531119,1.76610213112823,0.465685664428919,3.79247691314278,0.000149152120739013,0.00101178512658885,"S000005073","S000005073","NRK1"
"S000005097",115.749230540024,1.34996057908904,0.436886913030063,3.0899542623657,0.00200187320166093,0.0090911739000097,"S000005097","S000005097","GIM3"
"S000005098",861.211573263766,1.50848829727085,0.287013935627806,5.25580158319222,1.47381120686336e-07,2.58468510180344e-06,"S000005098","S000005098","YCK2"
"S000005099",505.964466766269,1.06381503445315,0.32326178461137,3.29087781202497,0.0009987528466762,0.00507755206986117,"S000005099","S000005099","CUZ1"
"S000005104",13204.5736496286,3.92654004411579,0.308453072323564,12.7297809502668,4.03970937441601e-37,2.06212736030457e-34,"S000005104","S000005104","YGP1"
"S000005117",1220.35316105106,-1.57143511474438,0.17011486011959,-9.23749467647722,2.52336117948094e-20,3.13620881202792e-18,"S000005117","S000005117","MDG1"
"S000005134",1341.18073783498,2.60882906188452,0.350795260844508,7.43689939141138,1.03075992545748e-13,6.0628195944707e-12,"S000005134","S000005134",NA
"S000005136",4469.09402014488,2.51942285217007,0.345067809102484,7.30123988882954,2.85127859280389e-13,1.57348744891683e-11,"S000005136","S000005136","CHS1"
"S000005139",7197.2756823309,-1.75181902982779,0.315620969584833,-5.55038859468726,2.85035303616663e-08,6.08061133521337e-07,"S000005139","S000005139",NA
"S000005140",108.005439856438,-1.55413813320468,0.585724728688537,-2.65335926090138,0.00796949973900288,0.0286777592571924,"S000005140","S000005140","SLZ1"
"S000005146",2644.44373532944,-2.929436329606,0.531440917623487,-5.51225212899664,3.54270922553889e-08,7.37058849499671e-07,"S000005146","S000005146","SPS19"
"S000005150",599.24197750765,-1.23389771552271,0.339161580782892,-3.63808221637158,0.000274675749342296,0.0017076731123747,"S000005150","S000005150","RTT106"
"S000005154",29.7708740607682,1.00899828998809,0.416298379533716,2.42373821180432,0.0153616747665624,0.0491254175811328,"S000005154","S000005154","MER1"
"S000005161",434.34199830928,2.43826050276925,0.326021370935367,7.47883642036656,7.49835366382025e-14,4.5800841417514e-12,"S000005161","S000005161",NA
"S000005162",271.049604636993,-1.3825220320905,0.266527383097357,-5.1871669470656,2.13517309273863e-07,3.4943848572376e-06,"S000005162","S000005162","MGS1"
"S000005164",1063.07030333575,1.50615076298236,0.16072009407633,9.37126606127451,7.1667626458341e-21,9.39766408228503e-19,"S000005164","S000005164","ADE12"
"S000005165",663.249724039235,1.24435082773441,0.268620309839627,4.6323780524165,3.61489269051452e-06,4.07795274076749e-05,"S000005165","S000005165","POP1"
"S000005169",252.96326507441,-1.39832001468891,0.318276272386472,-4.393415833999,1.11583400746838e-05,0.000106894205554595,"S000005169","S000005169","CNM67"
"S000005183",1852.3926335224,-2.17968572513018,0.368761468916524,-5.91082829649861,3.4039170956071e-09,8.98468077342846e-08,"S000005183","S000005183","LAP3"
"S000005185",5181.22399783763,1.17445231115101,0.337030706701928,3.48470417619753,0.000492681412480555,0.00282127220696498,"S000005185","S000005185","ZWF1"
"S000005188",1429.59477350139,-1.06855040884395,0.207565682891662,-5.14801095228092,2.63263124449754e-07,4.20426797515121e-06,"S000005188","S000005188","SUI1"
"S000005198",473.195780053035,-1.17330314931692,0.260346893899438,-4.50669155964703,6.58462407697132e-06,6.8099878387953e-05,"S000005198","S000005198","RTC4"
"S000005208",275.290504795925,1.15780804610129,0.329173024716742,3.51732359326103,0.000435921997698719,0.00254831620168008,"S000005208","S000005208","PDR17"
"S000005214",503.970216227112,-1.79447131668175,0.488594426297897,-3.67272162778963,0.000239980861957922,0.00152041066487792,"S000005214","S000005214","ALP1"
"S000005219",185.967077049952,-1.17211044956495,0.226075824157643,-5.18458996636294,2.16490623195977e-07,3.53230648098185e-06,"S000005219","S000005219","BOR1"
"S000005220",71.1353496431652,3.22890982723467,0.44512488142912,7.25394144867371,4.0481517071147e-13,2.1589638936489e-11,"S000005220","S000005220",NA
"S000005221",625.034151440829,1.18229210591528,0.263134298157928,4.4931128864307,7.01895532566181e-06,7.19669501217247e-05,"S000005221","S000005221","MET2"
"S000005224",773.738138280801,-1.15641107220102,0.222797055106224,-5.19042350739185,2.09816304922519e-07,3.44305906573773e-06,"S000005224","S000005224","ERG24"
"S000005245",497.392276383019,-1.10659758316772,0.334116822856875,-3.31200797884324,0.000926289040534292,0.00477785970998074,"S000005245","S000005245","RPL18B"
"S000005262",47.5959954497394,-5.37204150405235,0.704154183680001,-7.62906992326221,2.3645336976087e-14,1.5292434452453e-12,"S000005262","S000005262","HXT14"
"S000005263",20.2807944778685,-6.08008072827822,1.1056703913064,-5.4989993184988,3.81952611226973e-08,7.82127316943714e-07,"S000005263","S000005263",NA
"S000005264",113.844927816078,1.40475957812526,0.287914916365084,4.87907884683537,1.06582452453129e-06,1.43715376689866e-05,"S000005264","S000005264",NA
"S000005276",99.368884880265,-1.98908209241521,0.267521292213652,-7.43522908384674,1.0438689812696e-13,6.11476202839604e-12,"S000005276","S000005276","THI12"
"S000005277",397.31144446617,1.07449016290074,0.34137829723367,3.14750577763079,0.00164669851648137,0.00768656495626004,"S000005277","S000005277","SNZ2"
"S000005280",737.646468740235,1.10064224066688,0.223450076532121,4.92567403756814,8.40700446135888e-07,1.16210169019538e-05,"S000005280","S000005280","COS1"
"S000005285",2218.88817329302,-3.65467836381508,0.367606437495915,-9.94182362177944,2.73768714825222e-23,4.42855917844882e-21,"S000005285","S000005285","ATO2"
"S000005297",112.614911055513,2.73291757464424,0.318989472647286,8.56742246684137,1.05827067790515e-17,1.02897025845567e-15,"S000005297","S000005297",NA
"S000005299",4597.48486551999,-1.17563724673581,0.218039400596829,-5.39185690071515,6.97332918131499e-08,1.33248387685207e-06,"S000005299","S000005299","ACC1"
"S000005326",411.211278552323,1.421030614922,0.347839263404074,4.08530825708205,4.40183382677783e-05,0.00035207280854021,"S000005326","S000005326","MVD1"
"S000005327",471.873546986787,1.60518960338846,0.269434693291913,5.95762031895928,2.55937274574095e-09,6.96783136283341e-08,"S000005327","S000005327","AGA1"
"S000005333",713.940811311813,-1.05035721367191,0.309887831750019,-3.38947550066829,0.000700264659485912,0.003781475401349,"S000005333","S000005333","LYS9"
"S000005340",404.45583422407,2.81320004560983,0.226594018716791,12.4151557995267,2.16265450625811e-35,9.36691541149914e-33,"S000005340","S000005340","BIO4"
"S000005341",572.052682019937,3.81923706628119,0.288803006648588,13.2243674004696,6.34689742007423e-40,3.94418281848352e-37,"S000005341","S000005341","BIO3"
"S000005343",235.323377382528,-1.53437806442363,0.424447029488715,-3.615004836462,0.000300342014619457,0.00184954261738729,"S000005343","S000005343","FRE4"
"S000005345",167.359858135539,-3.878356964952,0.389174395828538,-9.96560155684221,2.15564897962703e-23,3.62478716068344e-21,"S000005345","S000005345",NA
"S000005346",171.109096710188,-1.26414902415628,0.201627328844774,-6.26973055388489,3.616734093374e-10,1.19661991658784e-08,"S000005346","S000005346",NA
"S000005347",442.565141781542,-2.3981647417826,0.285394857391791,-8.40297111061953,4.3532181030831e-17,3.81721143235379e-15,"S000005347","S000005347",NA
"S000005348",895.128250939693,3.22470111125643,0.265484625353431,12.1464702785085,5.98960996004789e-34,2.19511526048627e-31,"S000005348","S000005348",NA
"S000005349",183.142850129828,3.15041999659085,0.393831498955357,7.9994109281441,1.25015846330706e-15,9.76421580111901e-14,"S000005349","S000005349",NA
"S000005351",320.714619573986,1.25306881066663,0.202354395068968,6.1924467231836,5.92373756469372e-10,1.85269105059447e-08,"S000005351","S000005351",NA
"S000005352",353.501812114905,1.69448343883774,0.266321823376751,6.36254069363532,1.98443438750528e-10,7.0033384445958e-09,"S000005352","S000005352","BSC5"
"S000005356",128.874069921706,-2.56109190291028,0.302322752399234,-8.47138325708353,2.42495941707893e-17,2.26535587897445e-15,"S000005356","S000005356","MAN2"
"S000005358",77.2101623672761,1.75516666050009,0.340976478830089,5.14747136377901,2.64021293828265e-07,4.21167003648147e-06,"S000005358","S000005358","COS10"
"S000005362",392.577187166861,1.45722804350707,0.305711304042163,4.76668027723992,1.87286153676459e-06,2.35433684652386e-05,"S000005362","S000005362","IZH2"
"S000005363",219.403223092944,-1.05641156516277,0.293358647112918,-3.60109229967965,0.000316883044831644,0.00193887386976827,"S000005363","S000005363","PFA4"
"S000005371",1118.76186714883,1.4908837916524,0.223749450502353,6.66318414773814,2.67957564720225e-11,1.07581951476016e-09,"S000005371","S000005371","PLB3"
"S000005373",737.014662424451,-1.25431780154057,0.226259578957537,-5.54371137487164,2.9612680906333e-08,6.28906460912656e-07,"S000005373","S000005373","HRD1"
"S000005374",20.8442789047714,-2.74085081101003,0.609712543037715,-4.49531642789328,6.94665662056446e-06,7.12767861290221e-05,"S000005374","S000005374",NA
"S000005380",541.597781250873,-1.18772383083658,0.328428058625764,-3.61638964650693,0.000298740588433312,0.00184126745600575,"S000005380","S000005380","TAT2"
"S000005386",369.522393685819,-1.57474101964259,0.225418495339012,-6.98585542980535,2.83125508768515e-12,1.34890429894279e-10,"S000005386","S000005386","MIM1"
"S000005390",1952.39151400843,1.25206910901324,0.158532350139774,7.89787767549855,2.83692354718475e-15,2.13411306631114e-13,"S000005390","S000005390","GAS5"
"S000005407",98.3044865220111,-1.19790516925044,0.405684657990257,-2.95279879496753,0.00314907144727304,0.0133997255718587,"S000005407","S000005407","LDS2"
"S000005408",1192.24526275493,-1.14213989173134,0.223757070518706,-5.10437453030496,3.31890388131125e-07,5.17342982326338e-06,"S000005408","S000005408","RRT8"
"S000005425",565.216852314539,1.76931941600278,0.381828387083872,4.63380795104199,3.590000624519e-06,4.05307100523303e-05,"S000005425","S000005425","MET22"
"S000005441",5924.44601113794,-1.17728589182714,0.325693155039042,-3.61470873308963,0.000300685477075544,0.0018500635057429,"S000005441","S000005441","IRA2"
"S000005443",2076.83945370134,-1.56193547604772,0.185779708994429,-8.40746002080649,4.18985108691458e-17,3.71959885622796e-15,"S000005443","S000005443","ATG34"
"S000005446",23607.6944079212,1.15139557917479,0.1629596747408,7.06552452934246,1.60010417046238e-12,7.84721004627822e-11,"S000005446","S000005446","ADH1"
"S000005448",260.072045597923,-1.2911904207905,0.393119827358689,-3.28447035975217,0.0010217424478009,0.0051694742677587,"S000005448","S000005448","MPD2"
"S000005451",85.3244065685181,1.32233577174988,0.361047862399648,3.66249439329507,0.000249771221112262,0.00157475962212508,"S000005451","S000005451","SPO21"
"S000005461",66.4907954531153,-2.14352972562746,0.322806644093957,-6.6402899842531,3.13066612290145e-11,1.24642370180029e-09,"S000005461","S000005461","IZH4"
"S000005462",297.854113440715,-1.0863126740032,0.201070947099295,-5.40263369559178,6.56694770765399e-08,1.26157773636423e-06,"S000005462","S000005462","TPT1"
"S000005463",761.995392435091,1.50931133322162,0.2743423447381,5.5015616880525,3.76441854608458e-08,7.73057963781421e-07,"S000005463","S000005463","ITR2"
"S000005479",1202.38209142451,1.26761859405797,0.183880546095541,6.89370692536087,5.43569544294577e-12,2.47383129036744e-10,"S000005479","S000005479","MCH4"
"S000005491",30.0651137354164,-1.62524508105154,0.397535612389124,-4.08830059597448,4.34544843690943e-05,0.000347952350189056,"S000005491","S000005491",NA
"S000005496",154.333522888912,1.95041476963748,0.29467821603191,6.61879522654051,3.62138080412964e-11,1.42590622130647e-09,"S000005496","S000005496","PFK27"
"S000005510",84.6034782134047,1.15655719624042,0.362493732467398,3.19055777424907,0.00141998446771883,0.00680383439393403,"S000005510","S000005510",NA
"S000005514",1672.30038724406,-4.83923645205826,0.404845050606,-11.9533052085349,6.23934873779483e-33,2.07393050021631e-30,"S000005514","S000005514","ZPS1"
"S000005516",157.748601950271,-1.31571507997378,0.280749492296045,-4.68643796721949,2.7800102846551e-06,3.25961337149921e-05,"S000005516","S000005516","HXT11"
"S000005517",122.945140017422,-1.06277626241778,0.368048622107322,-2.88759744930623,0.00388196335580027,0.0159393571515235,"S000005517","S000005517","IMA2"
"S000005535",138.73588361508,-1.82057468191154,0.314452909079578,-5.78965762231447,7.05300427487593e-09,1.73166645194658e-07,"S000005535","S000005535","TIR4"
"S000005537",376.917763056318,-1.36064682503037,0.38288894095919,-3.55363312824278,0.000379948839094866,0.0022693726523957,"S000005537","S000005537","AUS1"
"S000005545",1078.6869714,-1.91072762343632,0.230980394105358,-8.2722502523949,1.31454020136706e-16,1.11837637488925e-14,"S000005545","S000005545",NA
"S000005551",127.7545387886,-1.10438205449584,0.335842081681271,-3.28839688274665,0.00100759687712205,0.00511056854673722,"S000005551","S000005551","HST3"
"S000005556",1601.19810268722,-1.30107967417346,0.2467723301849,-5.27238881765471,1.34659414974186e-07,2.38499010932595e-06,"S000005556","S000005556","DFG16"
"S000005566",1502.14967120372,-1.71931423791265,0.428009751317632,-4.01699781983873,5.89442692206056e-05,0.000452222458384389,"S000005566","S000005566","GLO4"
"S000005577",241.758610599722,1.04705634131248,0.415196951766537,2.52183051165856,0.0116745943820373,0.0392531116213735,"S000005577","S000005577","ETT1"
"S000005599",164.653694053274,-1.17801622151051,0.362362314445282,-3.25093469864233,0.0011502627438536,0.00569868471331004,"S000005599","S000005599","SGO1"
"S000005601",595.207641758306,-1.4783379634828,0.217652634337242,-6.79218961895124,1.10444249044226e-11,4.8274607082236e-10,"S000005601","S000005601","UFE1"
"S000005609",131.056429343682,-1.21998771989616,0.316499069436391,-3.85463288112872,0.000115903418666392,0.000813657938604489,"S000005609","S000005609","WHI5"
"S000005618",495.570608612518,2.40334969942955,0.384565913250775,6.24951306555952,4.11734299678922e-10,1.3358417718464e-08,"S000005618","S000005618","ECM3"
"S000005626",1823.03924858696,-3.01580466362673,0.394172980781685,-7.65096749565657,1.99472763582194e-14,1.30782761921115e-12,"S000005626","S000005626","CRC1"
"S000005627",172.663083635284,-2.51011146776801,0.516921562690515,-4.85588462339078,1.19850473999269e-06,1.59439378547178e-05,"S000005627","S000005627","RAS1"
"S000005634",474.019979675712,2.10668606210968,0.479128668350078,4.39691089528047,1.09802394073763e-05,0.000105541736280854,"S000005634","S000005634","LEU9"
"S000005640",126.910963410967,-1.70261223665838,0.389173328933666,-4.3749458405167,1.21462631337051e-05,0.000115655582804439,"S000005640","S000005640",NA
"S000005660",243.083232185004,1.02962773273621,0.320784436396149,3.20971847731629,0.00132865032007262,0.00643960631563173,"S000005660","S000005660","BAG7"
"S000005661",218.283799590833,1.56334273262889,0.41425366430574,3.77387786116253,0.000160729473411369,0.00107793830309207,"S000005661","S000005661","IRC14"
"S000005662",2028.13919044325,1.52364410849945,0.388425620106113,3.92261485759669,8.75931129193207e-05,0.000633587228216524,"S000005662","S000005662","IDH2"
"S000005670",195.540668539254,-1.16839709706909,0.370564825396824,-3.1530167382128,0.00161592540930315,0.00757011533109469,"S000005670","S000005670","ELG1"
"S000005674",304.923228491877,-1.14363226991142,0.20749937331417,-5.51149746452424,3.55793555552231e-08,7.39150768823843e-07,"S000005674","S000005674","SPP2"
"S000005679",2211.31822369294,1.29716808352431,0.181062847820082,7.16418690604756,7.82495847229472e-13,3.98014702649496e-11,"S000005679","S000005679","PDR5"
"S000005701",744.684149798143,-1.07550456296743,0.197680783002307,-5.44061262118166,5.30976601557875e-08,1.04679290566437e-06,"S000005701","S000005701","ALE1"
"S000005703",307.448586295976,-3.54292546820692,0.650525067936289,-5.44625509889482,5.1441346619765e-08,1.0197658352792e-06,"S000005703","S000005703","MPC54"
"S000005704",4198.33514483404,1.82637318290103,0.25096108421954,7.27751551034633,3.40023921534755e-13,1.84089466306677e-11,"S000005704","S000005704","GAC1"
"S000005705",260.943798149105,1.6680502961548,0.307971023955635,5.41625726579748,6.08595162129604e-08,1.1802782431911e-06,"S000005705","S000005705","SYC1"
"S000005716",273.912530019989,-1.1248102955594,0.214483412686124,-5.24427638236739,1.56896863529462e-07,2.71164071393785e-06,"S000005716","S000005716","SPR1"
"S000005726",102.15195927778,1.88900732399929,0.480420461789635,3.93198765298728,8.42463936854464e-05,0.000612167618172895,"S000005726","S000005726",NA
"S000005727",512.840730996249,1.6881931664163,0.385773675877105,4.37612328673795,1.20808700323758e-05,0.000115114583581832,"S000005727","S000005727","MRM1"
"S000005728",357.717858937067,3.94120584083166,0.405493176144665,9.71953678309395,2.48911236045696e-22,3.55768829680113e-20,"S000005728","S000005728","HIS3"
"S000005730",1793.75004093172,1.70162453529587,0.357520804096076,4.75951193832793,1.94061647374077e-06,2.43095804199622e-05,"S000005730","S000005730","DED1"
"S000005734",1120.95133928429,1.69131317170097,0.170095343624145,9.94332434777413,2.69674192172969e-23,4.42855917844882e-21,"S000005734","S000005734","PTP2"
"S000005735",1378.64889677633,1.22928479113814,0.256623288842299,4.79023083479212,1.66589555297005e-06,2.12216088579331e-05,"S000005735","S000005735","NPT1"
"S000005740",25.9952791254035,-3.10271720994473,0.465209161496584,-6.66951011876732,2.56658685875218e-11,1.04075883390897e-09,"S000005740","S000005740","SPR2"
"S000005748",503.205699757401,2.47226360886429,0.306210409508501,8.07374123182987,6.81762836447112e-16,5.53661148939692e-14,"S000005748","S000005748","ODC2"
"S000005752",224.538532601253,3.12553845966746,0.36411135542053,8.58401808440614,9.16155606954947e-18,8.96891239055278e-16,"S000005752","S000005752","ISU2"
"S000005759",362.810875692908,1.70173183722301,0.299052432236046,5.69041296370334,1.26732497226508e-08,2.95014264309199e-07,"S000005759","S000005759","KIN4"
"S000005763",159.282856151586,-2.58332541314678,0.395325784515423,-6.53467472736022,6.37479331091367e-11,2.36049017598158e-09,"S000005763","S000005763","HES1"
"S000005774",28.7473387764504,3.84248221062668,1.36061564136082,2.82407617097773,0.00474171144901667,0.0188206836269912,"S000005774","S000005774",NA
"S000005775",326.558116510477,-1.11931008786278,0.278231164925934,-4.0229500823919,5.74736810592144e-05,0.000442364740645854,"S000005775","S000005775","APC5"
"S000005781",14.102891964531,-3.26750969584527,0.727702948275549,-4.49016965451129,7.11664674659647e-06,7.28119054753782e-05,"S000005781","S000005781","OSW1"
"S000005789",49.7885700510593,-1.11241694025558,0.401456674600459,-2.77095141427823,0.00558927660400191,0.0215040458952892,"S000005789","S000005789",NA
"S000005790",455.803448303704,-1.19454523164081,0.201682169325132,-5.92290947503189,3.16294977065471e-09,8.4343360208895e-08,"S000005790","S000005790","DSE3"
"S000005793",2966.45183664767,2.93445144210805,0.223405488649797,13.1350910841228,2.07241921754691e-39,1.23421199484991e-36,"S000005793","S000005793","HRK1"
"S000005797",509.564024706894,1.40850157003706,0.268172619330453,5.25221990803411,1.50276886427028e-07,2.62655926354517e-06,"S000005797","S000005797","FSF1"
"S000005799",945.282415295125,-2.10909619941273,0.744549243014266,-2.83271552446171,0.00461544404513018,0.0184064011543096,"S000005799","S000005799","TPO4"
"S000005810",96.0060726718969,-1.55051196374836,0.319425534002872,-4.85406393257973,1.20956712591817e-06,1.60271559787509e-05,"S000005810","S000005810","HUA2"
"S000005833",1191.95085171205,2.85867545442724,0.369946391475013,7.72726946471735,1.09877900727511e-14,7.58688326134452e-13,"S000005833","S000005833","MCH5"
"S000005837",599.050134669949,1.77092040203263,0.552100483031336,3.20760523937473,0.0013384508017585,0.00647831944108846,"S000005837","S000005837","NOP58"
"S000005840",44.4784930896782,-3.74184950222298,0.616541288181617,-6.06909800519431,1.28630635763106e-09,3.72169570235238e-08,"S000005840","S000005840","SPS4"
"S000005850",1118.34478674731,1.34369864968417,0.337742225473511,3.97847396131863,6.93590054106119e-05,0.000520235411333081,"S000005850","S000005850","PRO2"
"S000005851",345.306316114131,-1.38667113927076,0.356872637442499,-3.88561910828534,0.000102069433619937,0.000726533075064623,"S000005851","S000005851","FRT1"
"S000005852",59.1593577187684,-1.26078200214608,0.454118873955877,-2.77632592356992,0.00549770662075178,0.0212088315061822,"S000005852","S000005852",NA
"S000005855",3089.53562467134,-2.20507195510406,0.18973371111342,-11.6219302419373,3.18849836013355e-31,8.9359229532135e-29,"S000005855","S000005855","PDR10"
"S000005862",1979.35485919548,1.21805992412321,0.284962963285556,4.27444994984355,1.91609740010885e-05,0.000170740524562069,"S000005862","S000005862","ALA1"
"S000005864",704.791318207609,3.62316081741459,0.263023680052083,13.7750365925119,3.6020053010917e-43,2.86019232047242e-40,"S000005864","S000005864","TEA1"
"S000005865",1417.96644551898,1.97778509462126,0.326819196272929,6.0516185009206,1.43397741348441e-09,4.14057356988539e-08,"S000005865","S000005865",NA
"S000005866",95.2922131167681,-1.39293791829635,0.3322396900539,-4.19256928054071,2.7581281118844e-05,0.000233958012481684,"S000005866","S000005866","UBC11"
"S000005871",730.081019026041,1.81374414126204,0.404618104976296,4.48260747345522,7.37364858964474e-06,7.51722962138318e-05,"S000005871","S000005871","TYE7"
"S000005874",834.708022511238,-1.30179861412018,0.296171021372811,-4.39542872252014,1.10554337111934e-05,0.000106121768995358,"S000005874","S000005874","PYK2"
"S000005875",1497.53653291026,-4.97488865396218,0.328046891446249,-15.1651754175434,6.01380210796896e-52,7.1629394607667e-49,"S000005875","S000005875","PUT4"
"S000005879",368.610734953966,-1.03363604200474,0.249503411380981,-4.14277318407653,3.43131261784994e-05,0.000283653853365698,"S000005879","S000005879","TFB6"
"S000005885",261.176557417297,1.30751240250624,0.250921353161157,5.21084549415162,1.87981958054303e-07,3.16097191349429e-06,"S000005885","S000005885","HAP5"
"S000005900",574.048847164016,-1.2571837663713,0.425842059089439,-2.95223015091436,0.00315487687077764,0.0134204330696502,"S000005900","S000005900","NUD1"
"S000005902",2015.99720698156,1.77158870610725,0.347951931179689,5.09147542334623,3.5528793042136e-07,5.46623292735468e-06,"S000005902","S000005902","GDH1"
"S000005912",493.683703618505,1.62401366131594,0.46910337139477,3.46195265339347,0.000536271487098344,0.00303681789425382,"S000005912","S000005912",NA
"S000005914",70.1767056159622,-1.47937885737149,0.434003017854349,-3.4086833420775,0.000652772040850102,0.00358022669987357,"S000005914","S000005914",NA
"S000005915",737.93681830759,-3.17313246931393,0.94987391701407,-3.34058279996641,0.00083602747566396,0.00438186311318848,"S000005915","S000005915","FDH1"
"S000005917",207.333597279693,1.90990061407388,0.349538915725597,5.4640571568667,4.65373583898242e-08,9.34211325092355e-07,"S000005917","S000005917","FEX1"
"S000005918",660.912013121156,-1.44505504980256,0.348408656017135,-4.14758653335953,3.35998490996083e-05,0.00027855960133066,"S000005918","S000005918","HSP33"
"S000005925",7747.4454179429,-1.4015489203028,0.41593051989818,-3.36967078214385,0.000752580392233755,0.00400470273499518,"S000005925","S000005925","LSP1"
"S000005935",1060.18138437514,4.20805283996542,0.294334892880009,14.2968195132777,2.2904029865779e-46,1.92568999336223e-43,"S000005935","S000005935","CIP1"
"S000005936",1057.96357310307,1.17548274372123,0.260507044655687,4.51228773976103,6.4132103264244e-06,6.65196046412075e-05,"S000005936","S000005936","HST2"
"S000005945",537.98664777324,-2.02729787634961,0.245786097999114,-8.24822027304785,1.60770826690704e-16,1.35970261886996e-14,"S000005945","S000005945","RMI1"
"S000005957",2889.99631856743,-2.22777999912416,0.229685706924143,-9.69925394556621,3.03711213948021e-22,4.25582782446968e-20,"S000005957","S000005957","PMA2"
"S000005979",1564.54240200824,2.050345888472,0.325986916249759,6.28965699623694,3.18168189804562e-10,1.06500654259405e-08,"S000005979","S000005979","PDR12"
"S000005982",5077.47672032713,-1.16093175437368,0.469346490300548,-2.47350684060784,0.0133794242698382,0.0439311075324599,"S000005982","S000005982","ALD6"
"S000005988",179.528528075522,2.98841733116863,0.319400244650625,9.3563401444401,8.2546521890525e-21,1.0629166102534e-18,"S000005988","S000005988",NA
"S000005993",156.261928394662,-1.07558506631858,0.324891646527457,-3.31059624897953,0.000930974292591492,0.00479683329632667,"S000005993","S000005993","UBP16"
"S000005997",380.209631795577,-1.99299003258544,0.279023925979449,-7.14272091753247,9.15012875336425e-13,4.63768759829203e-11,"S000005997","S000005997","GPI2"
"S000006009",612.68274793711,1.01262875864224,0.394446850429596,2.56721217963682,0.0102519859181451,0.0352578524369702,"S000006009","S000006009",NA
"S000006010",1562.72308807577,1.27231317156208,0.192956945643327,6.59376716044156,4.28804043098155e-11,1.65645842918971e-09,"S000006010","S000006010","RLM1"
"S000006013",2583.62401796138,-2.68111374100792,0.26476202091393,-10.1265042914879,4.21447675670688e-24,7.72275849789891e-22,"S000006013","S000006013","SSU1"
"S000006020",249.203783663664,-1.0933606951783,0.338179758644094,-3.23307550860537,0.00122465188589929,0.00600989161817274,"S000006020","S000006020","INA17"
"S000006027",6057.01982999139,1.87524923471171,0.369834820470541,5.0705048062425,3.96761895387585e-07,5.99462766466675e-06,"S000006027","S000006027","SSE1"
"S000006034",543.857924588134,-2.76162602171528,0.412789396073098,-6.69015737319531,2.22930725547759e-11,9.20910075217952e-10,"S000006034","S000006034",NA
"S000006035",106.366599849462,-2.37587528911853,0.478630420077632,-4.96390364977882,6.90902283060004e-07,9.7387241930736e-06,"S000006035","S000006035",NA
"S000006037",314.13488272637,-1.06304473268906,0.363158110000743,-2.92722289111727,0.00342003681393365,0.0143266665244882,"S000006037","S000006037","HOS3"
"S000006040",1874.83442328111,-1.33377207564735,0.213309130999368,-6.25276597114496,4.0324618207764e-10,1.31890107103792e-08,"S000006040","S000006040","DBP1"
"S000006045",63.6867362702878,-1.14456493508969,0.392341028336389,-2.91727056928738,0.00353109318717418,0.0147443514239791,"S000006045","S000006045","SPC29"
"S000006048",461.764921261753,-1.49500771471306,0.287580406864258,-5.19857291744748,2.00824345296298e-07,3.33377743010451e-06,"S000006048","S000006048","HHO1"
"S000006051",47.7349697368873,-2.43111544652765,0.625329572206304,-3.8877346515856,0.000101184152795514,0.0007205904812687,"S000006051","S000006051","SPO19"
"S000006054",556.719056305028,-1.0355823034782,0.16889763649903,-6.1314197459723,8.70982691190429e-10,2.62636194202211e-08,"S000006054","S000006054","RDS2"
"S000006055",961.891100908376,-1.08478411188853,0.277301877411476,-3.91192487412866,9.1563397623911e-05,0.000660300525851947,"S000006055","S000006055","ODC1"
"S000006056",2977.96191027523,-1.23462332364566,0.353873184585874,-3.48888635088444,0.000485037322297926,0.00278755064238209,"S000006056","S000006056","ISU1"
"S000006068",2922.0034498985,-3.01298293662717,0.393970198315891,-7.64774327983894,2.04537036651299e-14,1.33490770084795e-12,"S000006068","S000006068","PXA1"
"S000006079",305.895541402719,-1.56958282207683,0.235789279587336,-6.65671834115539,2.80009045932625e-11,1.11792438366341e-09,"S000006079","S000006079","AIM44"
"S000006083",348.915691293373,-1.3090434932242,0.188780108139165,-6.93422366438735,4.0845798016683e-12,1.89548373718328e-10,"S000006083","S000006083",NA
"S000006092",306.162773872465,1.56002768015706,0.23369226282035,6.67556410011028,2.46282986942945e-11,1.00288396933775e-09,"S000006092","S000006092","OYE3"
"S000006104",392.602718260354,1.65357335289475,0.359881176985205,4.594775883382,4.33214624804567e-06,4.76302817871667e-05,"S000006104","S000006104","RTT10"
"S000006108",1336.3505898509,1.40695254385156,0.487615665531144,2.8853719092864,0.00390951516296458,0.0160202695597055,"S000006108","S000006108","MF(ALPHA)1"
"S000006113",44.5968570293863,-1.89897276631746,0.579165858206475,-3.27880647557175,0.00104247098873876,0.00525389204585441,"S000006113","S000006113","PRM3"
"S000006114",445.594792026362,-1.91463375085466,0.313080872118793,-6.11546064087934,9.62784442544923e-10,2.85530733736111e-08,"S000006114","S000006114","RSA1"
"S000006122",1228.95509499855,-2.71264929615763,0.368185173520967,-7.36762230324614,1.73698061743284e-13,9.79243106342066e-12,"S000006122","S000006122","YIG1"
"S000006133",312.035055650925,1.61302377759086,0.412750308641732,3.9079892705567,9.30674382679061e-05,0.000668784763782394,"S000006133","S000006133","PUS1"
"S000006142",1753.38128837593,2.3839084090938,0.237772155778607,10.0260200833335,1.17143631003596e-23,2.04187063162732e-21,"S000006142","S000006142","FLC1"
"S000028722",93.1091470369388,-1.16899860858686,0.331564750896122,-3.52570231132049,0.000422361439246219,0.00248326287583143,"S000028722","S000028722",NA
"S000006143",8467.21958178801,-1.21829152820574,0.204323725408798,-5.96255538003855,2.48323447952087e-09,6.78639969709213e-08,"S000006143","S000006143","FMP40"
"S000006144",58454.8349045286,-1.40331559326644,0.2303065185013,-6.093251734247,1.10639867910622e-09,3.24717788921257e-08,"S000006144","S000006144","GRE1"
"S000006161",15298.3032605051,1.34102031961093,0.288560791351759,4.64727142356708,3.36354471279118e-06,3.83374358691581e-05,"S000006161","S000006161","HSP82"
"S000006165",198.460070401109,1.01550933581347,0.341497722214482,2.97369285284916,0.0029423944131944,0.0126559263761022,"S000006165","S000006165","HUT1"
"S000006167",324.42698286092,1.64382170926274,0.277960441943783,5.91386924616849,3.34163192105534e-09,8.84480463845258e-08,"S000006167","S000006167","RBD2"
"S000006171",420.262534158209,1.72473601877505,0.342845912159806,5.03064483957188,4.88832937199376e-07,7.18815758373527e-06,"S000006171","S000006171","ATG41"
"S000006172",30.1583867650205,1.4210474073598,0.475909679159195,2.98596029790865,0.00282689341951665,0.0122216538551577,"S000006172","S000006172",NA
"S000006173",151.6263691397,1.12874346368586,0.280245229180106,4.0276991226154,5.63253591414135e-05,0.000434462146901362,"S000006173","S000006173","YAH1"
"S000006178",142.556615722174,-2.14169456995598,0.497030526129324,-4.30897994663354,1.64009236826668e-05,0.000149883888872351,"S000006178","S000006178",NA
"S000006184",307.85189740392,1.69249840259057,0.291614246183243,5.80389478478032,6.47919431434688e-09,1.61055868408626e-07,"S000006184","S000006184","KEL3"
"S000006185",163.400198493322,1.18116684200577,0.292976748743415,4.03160608161508,5.53969818891487e-05,0.000427994087644109,"S000006185","S000006185",NA
"S000006186",3864.2837111955,-3.78001176190681,0.171941369851083,-21.9843064248042,4.06966945742166e-107,1.93892618516426e-103,"S000006186","S000006186","DIP5"
"S000006189",1017.39477555526,-1.29337727990358,0.214704591080623,-6.02398520401415,1.70173929851888e-09,4.80690905014434e-08,"S000006189","S000006189","PLC1"
"S000006194",491.713820038748,1.63474934916945,0.414187982481301,3.94687779055312,7.91769450958065e-05,0.000580346705771468,"S000006194","S000006194","SAM4"
"S000006196",2473.65803756121,-5.35248261316228,0.818430828577167,-6.53993279122624,6.15464853533245e-11,2.29084352904965e-09,"S000006196","S000006196","FDH2"
"S000006200",110.130849179549,1.0161177838383,0.309477195632753,3.28333653715827,0.00102586119183719,0.00518480693597206,"S000006200","S000006200","FEX2"
"S000006201",689.749055972465,-1.52639959663353,0.273024164255368,-5.59071245871789,2.26139797490723e-08,4.9121825616032e-07,"S000006201","S000006201","HSP32"
"S000006206",4436.58234800719,-3.06289272678225,0.324713816935616,-9.43259130666915,4.00080532520705e-21,5.34425331898919e-19,"S000006206","S000006206","PDH1"
"S000006213",88.6657759032309,-1.75352295001281,0.33288333984239,-5.26768011533124,1.38158580976105e-07,2.43790197270552e-06,"S000006213","S000006213","SUT2"
"S000006235",346.922899334055,-1.04226886534544,0.207212439056569,-5.02995317313405,4.90599638573275e-07,7.20633320832302e-06,"S000006235","S000006235","NTO1"
"S000006237",827.982087436305,1.20336824313493,0.446406533313331,2.69567793778299,0.00702455482740123,0.0258368404910051,"S000006237","S000006237","HTS1"
"S000006257",58.8746891269838,-1.14836635215422,0.391140537365076,-2.93594307532071,0.00332535338919439,0.0139997867427851,"S000006257","S000006257",NA
"S000006258",210.430406748732,-1.0416469299173,0.281600467409098,-3.69902415113552,0.000216430008002817,0.00138719018133824,"S000006258","S000006258","SMK1"
"S000006262",348.799097905738,1.67802901599441,0.246935172919333,6.79542325281697,1.07994996614252e-11,4.73488492824386e-10,"S000006262","S000006262","YMC1"
"S000006263",95.077042799538,1.91116217682777,0.35587115359206,5.37037677130347,7.85723089368238e-08,1.48549472438363e-06,"S000006263","S000006263",NA
"S000006269",688.131767649623,1.78614062719782,0.331039543927452,5.39555065236937,6.83137166998961e-08,1.30885784556517e-06,"S000006269","S000006269","ROX1"
"S000006272",134.364827809162,-1.08065136951307,0.35344556350229,-3.05747611825963,0.00223209426782585,0.00997914400063649,"S000006272","S000006272","HOS1"
"S000006278",1707.6380255756,3.67823613347993,0.420857122588112,8.7398690340802,2.33380817392653e-18,2.38265144499513e-16,"S000006278","S000006278","TKL1"
"S000006282",253.241636198151,1.20047166505616,0.190479917560147,6.30235292220288,2.9316068666215e-10,9.85916633991084e-09,"S000006282","S000006282",NA
"S000006305",392.638935671979,-1.35410658952924,0.241893588991939,-5.59794327403347,2.16909696786037e-08,4.7332676277295e-07,"S000006305","S000006305","SNT309"
"S000006317",463.273631958691,1.66310545191066,0.334385578856302,4.97361596035025,6.57154338288689e-07,9.32741505179764e-06,"S000006317","S000006317","PIS1"
"S000006318",391.69168456335,1.28710274781432,0.264549160101313,4.86526869834478,1.14301414311958e-06,1.53015711272629e-05,"S000006318","S000006318",NA
"S000006321",1387.57594989654,1.25274041501271,0.148103098814083,8.45856990869115,2.7067633974451e-17,2.51219280777161e-15,"S000006321","S000006321",NA
"S000006324",256.559026137887,-2.19250072415653,0.266305534482701,-8.23302725726474,1.82540639462862e-16,1.52576219873841e-14,"S000006324","S000006324","CLB5"
"S000006327",64.1569504313613,1.15521393623668,0.379146402754959,3.04688090891184,0.00231229301822032,0.0102702312335062,"S000006327","S000006327",NA
"S000006329",354.846788581601,1.19319032408888,0.36605118284667,3.25962701393232,0.0011155881675403,0.00555578455702213,"S000006329","S000006329","YLH47"
"S000113589",37.4762704101958,3.78086389779897,0.856062687040154,4.41657364003488,1.00277748324261e-05,9.7767384501955e-05,"S000113589","S000113589",NA
"S000006349",3071.13573034218,3.29781772146764,0.541844920810847,6.08627597086746,1.15567174123635e-09,3.37102371377369e-08,"S000006349","S000006349","ASN1"
"S000006358",1591.38439238214,1.5752983411726,0.441762565660304,3.56593895369561,0.000362555766367958,0.00218189876576725,"S000006358","S000006358","PIN3"
"S000006360",3345.65148644552,2.13859654374861,0.299709982204017,7.13555327060425,9.63986158904154e-13,4.85149794690742e-11,"S000006360","S000006360","TPO3"
"S000006361",375.106578285407,4.30101701408118,0.202125975334852,21.2788930613985,1.78097484888316e-100,6.36386837877175e-97,"S000006361","S000006361","TDA6"
"S000006362",335.983792534807,1.73873165565621,0.348720791890545,4.98602806626441,6.16331952394436e-07,8.81869818906309e-06,"S000006362","S000006362","CUR1"
"S000006363",1530.37939964777,1.25145399995462,0.424326760424979,2.94926956457151,0.00318526012829154,0.0135134826398549,"S000006363","S000006363","KRE6"
"S000028726",42.6155785763791,1.14553309880523,0.411213617777806,2.78573726472308,0.00534061395127354,0.0207709918926674,"S000028726","S000028726",NA
"S000006371",248.761615303604,3.25101689638881,0.264961528664613,12.26976955022,1.31627442853099e-34,5.08473254243066e-32,"S000006371","S000006371","MET16"
"S000006386",54.6714559126533,-1.2059590189669,0.448411241053897,-2.68940407500165,0.00715797160294247,0.0262532430384544,"S000006386","S000006386","SMX3"
"S000006395",3033.34794396706,1.13013733800602,0.195194713550039,5.7897948025949,7.04724650399719e-09,1.73166645194658e-07,"S000006395","S000006395","QCR2"
"S000006396",931.873115074837,-1.33764337977907,0.409342401741715,-3.26778602482302,0.0010839228017289,0.00543215589239523,"S000006396","S000006396","AQY1"
"S000006402",474.094050164698,-1.00512921173288,0.260365361798477,-3.86045672431209,0.000113175284350863,0.000796139246903511,"S000006402","S000006402","SGE1"
"S000006405",120.817873529591,-1.11801063725216,0.268050197585819,-4.17090025421161,3.03398651209376e-05,0.000255387333435549,"S000006405","S000006405","ARR3"
"WBGene00009005",11.7142435306497,-3.78742609758667,0.902751284485299,-4.19542587496406,2.72359349993521e-05,0.000231303160395567,"WBGene00009005","WBGene00009005",NA
"WBGene00009008",210.867928358235,-1.40399792483377,0.487535968106446,-2.87978327073342,0.00397948626747975,0.0162418038895169,"WBGene00009008","WBGene00009008",NA
"WBGene00009016",37.2925572852253,-4.97789245301236,0.859295928788185,-5.79298968637312,6.91443551660419e-09,1.70687438409022e-07,"WBGene00009016","WBGene00009016",NA
"WBGene00009020",17.6481660110696,5.42328630454556,1.1440656433306,4.74036287704375,2.13335791731698e-06,2.61759449106379e-05,"WBGene00009020","WBGene00009020",NA
"WBGene00009028",65.1849081271926,-3.25919901341294,0.752444064280189,-4.33148345256839,1.48108080146911e-05,0.000137283319684812,"WBGene00009028","WBGene00009028",NA
"WBGene00009031",331.909077394462,-5.09398585985749,1.16267904868987,-4.38124851875286,1.18001185782058e-05,0.000112664726010885,"WBGene00009031","WBGene00009031",NA
"WBGene00009043",34.906750222647,-4.31936734710301,0.837830584233405,-5.15541856359318,2.53065006869508e-07,4.06371038917343e-06,"WBGene00009043","WBGene00009043",NA
"WBGene00009057",172.69717323642,-1.33325319487658,0.339533078245507,-3.926725495395,8.61101615533661e-05,0.000624440659098053,"WBGene00009057","WBGene00009057",NA
"WBGene00009069",131.373182850219,1.42409256269585,0.422030315905619,3.37438451462888,0.000739809502382861,0.00394665605888516,"WBGene00009069","WBGene00009069",NA
"WBGene00009071",41.3627208535039,2.42682527753995,0.550705786373854,4.40675463666269,1.04930936339645e-05,0.000101267918507937,"WBGene00009071","WBGene00009071",NA
"WBGene00009075",17.3679133481293,-6.87758270665462,1.46718064900025,-4.68761819571509,2.76403069335756e-06,3.24887259047366e-05,"WBGene00009075","WBGene00009075",NA
"WBGene00009079",11.5567192925973,-5.36000517015599,1.57156477846805,-3.41061675827379,0.000648161259480585,0.00355630283368752,"WBGene00009079","WBGene00009079",NA
"WBGene00009081",318.86105130981,-2.00976690901667,0.533541387981826,-3.76684349946837,0.000165324563205355,0.00110470099807928,"WBGene00009081","WBGene00009081",NA
"WBGene00009086",110.18416889172,1.19770273617069,0.365085585837265,3.28060811665283,0.0010358355603345,0.00522229194492453,"WBGene00009086","WBGene00009086",NA
"WBGene00009089",96.7783994502911,4.92349839626023,0.815264151245142,6.03914496760423,1.54933004812444e-09,4.42891487556851e-08,"WBGene00009089","WBGene00009089",NA
"WBGene00009090",12.7014766367916,-4.33465775896005,1.34024581340696,-3.2342259275119,0.00121972926000146,0.00599092450625457,"WBGene00009090","WBGene00009090",NA
"WBGene00009096",42.2236349192495,-1.97198864522656,0.576646412002098,-3.4197536032174,0.00062677879344078,0.00345735627797491,"WBGene00009096","WBGene00009096",NA
"WBGene00009097",114.21864384266,-1.58069179872526,0.49147429341217,-3.21622477495406,0.00129889054622335,0.00631249322583147,"WBGene00009097","WBGene00009097",NA
"WBGene00009101",23.2411228513132,-2.49276151910153,0.710547453085648,-3.50822666139521,0.000451104531532721,0.00262419091135417,"WBGene00009101","WBGene00009101",NA
"WBGene00009115",42.1514349215839,-4.03423259045538,0.695874123425282,-5.79735968711954,6.73671027586473e-09,1.6658788922653e-07,"WBGene00009115","WBGene00009115",NA
"WBGene00009125",17.7354229771682,-2.45695871131138,0.697242529087591,-3.52382221223159,0.000425369560122381,0.0024988931865307,"WBGene00009125","WBGene00009125",NA
"WBGene00009129",32.2011030321495,-3.97361364520065,0.798187817747453,-4.97829402660453,6.41471584038086e-07,9.15025284496643e-06,"WBGene00009129","WBGene00009129",NA
"WBGene00009130",166.481096842356,-1.01265751674889,0.323008739653027,-3.13507776240569,0.00171808561921974,0.00797033357854846,"WBGene00009130","WBGene00009130",NA
"WBGene00009137",46.5003504067462,1.08176236496718,0.41989528959622,2.57626696886126,0.00998735007629959,0.0344888124282556,"WBGene00009137","WBGene00009137",NA
"WBGene00009143",40.333151061609,-4.94872002977856,1.12180986662202,-4.41137146054891,1.02717925606588e-05,9.96029383103773e-05,"WBGene00009143","WBGene00009143",NA
"WBGene00009149",26.2610127300463,-5.77045145385839,1.26020392273089,-4.57898229784405,4.67243735615081e-06,5.0785663217843e-05,"WBGene00009149","WBGene00009149",NA
"WBGene00009156",157.624214665945,5.32949624822201,1.06384143038189,5.0096716446819,5.45229800040818e-07,7.93581418735582e-06,"WBGene00009156","WBGene00009156",NA
"WBGene00009157",50.067622386394,-1.81891060333126,0.567483880615232,-3.2052198581558,0.00134959349938644,0.00652562242446899,"WBGene00009157","WBGene00009157",NA
"WBGene00009158",199.629252445874,-1.02780671674786,0.203182172277648,-5.05854773195044,4.22461509309531e-07,6.30955313747244e-06,"WBGene00009158","WBGene00009158",NA
"WBGene00009160",35.3164169757612,-4.75260832442894,0.793668593478244,-5.9881521878051,2.12238427132857e-09,5.87892216862388e-08,"WBGene00009160","WBGene00009160",NA
"WBGene00009178",11.3260052115718,-2.39075609190954,0.855226151109283,-2.79546654274846,0.00518248657351231,0.0202884909874586,"WBGene00009178","WBGene00009178",NA
"WBGene00009185",54.7788860953499,-5.33376946502866,1.54155466743589,-3.45999371783582,0.000540187990352881,0.00305341227039016,"WBGene00009185","WBGene00009185",NA
"WBGene00009193",10.2854851214116,-4.59975619446037,1.41657455027032,-3.24709786264521,0.00116588293622203,0.00576648827401961,"WBGene00009193","WBGene00009193",NA
"WBGene00009212",304.655073959598,4.29544279973592,1.16395115333425,3.69039782076012,0.000223903614748717,0.001429323075303,"WBGene00009212","WBGene00009212",NA
"WBGene00009213",63.4879234188128,-2.22425131417358,0.449897840676597,-4.94390306659074,7.6573788499606e-07,1.06986232553751e-05,"WBGene00009213","WBGene00009213",NA
"WBGene00009218",116.659672531424,-1.24541260193304,0.345840407260077,-3.60111940591279,0.000316850003939442,0.00193887386976827,"WBGene00009218","WBGene00009218",NA
"WBGene00009221",1906.56414225922,-1.16262370100755,0.407481442429401,-2.85319423156059,0.00432821581470802,0.0174522644987732,"WBGene00009221","WBGene00009221",NA
"WBGene00009226",101.815108337307,-2.14271190095933,0.745393505203514,-2.87460500527746,0.00404533229830115,0.0164964149899054,"WBGene00009226","WBGene00009226",NA
"WBGene00009239",18.9168697877044,-2.60708821968231,0.667539758667825,-3.90551751536889,9.40239473653698e-05,0.000674640702657244,"WBGene00009239","WBGene00009239",NA
"WBGene00009241",89.2446045722955,-1.32942959012737,0.331306395953521,-4.01268917945633,6.0030934745024e-05,0.000458835374497662,"WBGene00009241","WBGene00009241",NA
"WBGene00009260",53.8432398343981,1.1696530553692,0.462133075420899,2.53098753925784,0.0113741889271209,0.0383847067221161,"WBGene00009260","WBGene00009260",NA
"WBGene00009269",23.587284686238,-4.70239846671933,0.995878217370538,-4.72186095116658,2.33696438231198e-06,2.82830075498604e-05,"WBGene00009269","WBGene00009269",NA
"WBGene00009271",93.4192552371412,-2.48897018723536,0.41812772216197,-5.95265526611318,2.63826639713784e-09,7.16896228408576e-08,"WBGene00009271","WBGene00009271",NA
"WBGene00009295",14.6874611218255,-2.37089667412724,0.665265248871086,-3.56383664733804,0.000365473445769852,0.00219483695814642,"WBGene00009295","WBGene00009295",NA
"WBGene00009297",37.3219994515415,3.62149587485822,1.03580979371374,3.49629429730906,0.000471768073856844,0.00272781497023772,"WBGene00009297","WBGene00009297",NA
"WBGene00009308",165.219913222825,-4.51168728174357,1.03851750391592,-4.34435362401831,1.39686346463562e-05,0.00013065430994017,"WBGene00009308","WBGene00009308",NA
"WBGene00009313",35.068194202359,-4.58818596924179,1.04931392730256,-4.37255796369396,1.22799199275559e-05,0.000116622521943227,"WBGene00009313","WBGene00009313",NA
"WBGene00009321",71.6940646450712,-5.5266979359308,0.966107612135818,-5.72058212408934,1.06159700084193e-08,2.51215330017115e-07,"WBGene00009321","WBGene00009321",NA
"WBGene00009324",15.6011290243803,-4.68897546061338,1.04737949171383,-4.47686392344841,7.57474952293466e-06,7.66755629825107e-05,"WBGene00009324","WBGene00009324",NA
"WBGene00009333",26.3010539510306,-1.48813485278175,0.45791718340485,-3.24979036977101,0.00115490107424896,0.00571770039980616,"WBGene00009333","WBGene00009333",NA
"WBGene00009343",13.0825162941462,5.01612791725349,1.15768723978386,4.33288693601735,1.47166698341311e-05,0.000136583299062258,"WBGene00009343","WBGene00009343",NA
"WBGene00009344",171.273176609435,-5.17889880990897,1.4438673424049,-3.5868245356135,0.000334729397899562,0.00203586692943764,"WBGene00009344","WBGene00009344",NA
"WBGene00009349",25.1837758967694,-1.87445446548798,0.683579277231467,-2.74211715878752,0.00610445640231057,0.0231128464525099,"WBGene00009349","WBGene00009349",NA
"WBGene00009354",35.2536918290953,1.28981731207527,0.404055332403284,3.19217990368685,0.00141203355162444,0.00677254884341214,"WBGene00009354","WBGene00009354",NA
"WBGene00009361",176.145168820579,3.92095776184126,0.536316611061447,7.31090121203057,2.65356574168902e-13,1.48153965413911e-11,"WBGene00009361","WBGene00009361",NA
"WBGene00009367",676.186060033757,1.48842070893456,0.317582269294019,4.68672483587732,2.77611811850201e-06,3.25772218947038e-05,"WBGene00009367","WBGene00009367",NA
"WBGene00009370",99.7076766923987,1.36726616406597,0.287896449401215,4.74915952214658,2.04263776167976e-06,2.52774212360942e-05,"WBGene00009370","WBGene00009370",NA
"WBGene00009377",53.9971610721324,-4.32688774622677,1.55335557937452,-2.78551015857493,0.00534435653590852,0.0207798933535747,"WBGene00009377","WBGene00009377",NA
"WBGene00009401",18.4516642925537,-6.02877827627593,1.3806546920438,-4.36660832793135,1.26190716135218e-05,0.000119367564905405,"WBGene00009401","WBGene00009401",NA
"WBGene00009402",11.4044595134067,-7.2092571747627,1.90486503524422,-3.78465510226472,0.000153921889693372,0.00103773847612612,"WBGene00009402","WBGene00009402",NA
"WBGene00009410",10.2507513422321,3.87812692389031,1.03041282613534,3.76366328671936,0.00016744230645945,0.0011163872491686,"WBGene00009410","WBGene00009410",NA
"WBGene00009416",33.9942819379579,-3.85264607061626,0.865490256370097,-4.45140316977619,8.53109998337323e-06,8.50313891648212e-05,"WBGene00009416","WBGene00009416",NA
"WBGene00009429",39.4467271321068,3.358954332394,0.620478209107765,5.4134928239045,6.18070725503571e-08,1.19703047149357e-06,"WBGene00009429","WBGene00009429",NA
"WBGene00009431",20.5258136746707,-2.30296666168689,0.848295141105964,-2.71481769739291,0.00663122625929683,0.0246566381176196,"WBGene00009431","WBGene00009431",NA
"WBGene00009449",25.1603956927471,-6.38192671303048,1.29641117816096,-4.92276433629926,8.53301878977132e-07,1.17497531370136e-05,"WBGene00009449","WBGene00009449",NA
"WBGene00009457",123.183932787279,-4.32931377249672,1.05460685081204,-4.10514474580094,4.0406179707904e-05,0.000325733517521191,"WBGene00009457","WBGene00009457",NA
"WBGene00009458",25.7985169364678,-5.86543741759563,1.06219113308537,-5.52201692793102,3.35130192550569e-08,6.9927238571172e-07,"WBGene00009458","WBGene00009458",NA
"WBGene00009459",34.9860956757445,-4.93606950196771,0.771381618789085,-6.39899808568987,1.56399803462285e-10,5.61663917308149e-09,"WBGene00009459","WBGene00009459",NA
"WBGene00009461",60.0334696537062,1.00495383222899,0.315254194480569,3.1877572125085,0.00143380871615426,0.00685857696786909,"WBGene00009461","WBGene00009461",NA
"WBGene00009469",223.440530841665,1.11856169302919,0.328331536478331,3.40680552659313,0.00065727940954614,0.00359559273476069,"WBGene00009469","WBGene00009469",NA
"WBGene00009470",109.273529139441,-4.81873992662382,0.847989760035984,-5.68254494773538,1.32705021104063e-08,3.05435244225504e-07,"WBGene00009470","WBGene00009470",NA
"WBGene00009471",32.9219394399011,-6.77586871681774,1.37505808322841,-4.92769636385769,8.32047861181779e-07,1.15125460598946e-05,"WBGene00009471","WBGene00009471",NA
"WBGene00009485",55.7845842051324,-1.94339149809449,0.354323105055189,-5.48480037109572,4.13936590536391e-08,8.39205062203779e-07,"WBGene00009485","WBGene00009485",NA
"WBGene00009488",119.742431051988,3.47421206521943,0.329045736048316,10.5584473056636,4.64277715398793e-26,9.34636814957035e-24,"WBGene00009488","WBGene00009488",NA
"WBGene00009489",10.4373948326758,-7.11927915087309,1.7067403105025,-4.17127263419296,3.02903193084299e-05,0.00025512052673859,"WBGene00009489","WBGene00009489",NA
"WBGene00009492",27.2636129542662,-6.52686318614794,1.26839912204426,-5.14574874163324,2.66455869484035e-07,4.24576782891339e-06,"WBGene00009492","WBGene00009492",NA
"WBGene00009501",11.5060870022189,-6.18075650031555,1.49025226485175,-4.14745653879641,3.36189262083109e-05,0.00027855960133066,"WBGene00009501","WBGene00009501",NA
"WBGene00009502",16.1463584186584,-6.45699496312472,1.39850282722881,-4.61707680342666,3.89183262926575e-06,4.32900748859354e-05,"WBGene00009502","WBGene00009502",NA
"WBGene00009504",34.1665344910483,-1.64124299022155,0.554433675563093,-2.96021519355705,0.00307424222825286,0.0131489362734074,"WBGene00009504","WBGene00009504",NA
"WBGene00009513",12.7443952747377,-5.35964785860212,1.51614799156704,-3.53504267948312,0.000407709300884398,0.00240894808453846,"WBGene00009513","WBGene00009513",NA
"WBGene00009515",60.247399208052,-2.46664289150204,0.5305078738647,-4.64958771211589,3.32599216487543e-06,3.80003245504112e-05,"WBGene00009515","WBGene00009515",NA
"WBGene00009526",37.1737458515401,-1.71570120539927,0.504345136880995,-3.40183949429874,0.000669339360448435,0.00365008297553967,"WBGene00009526","WBGene00009526",NA
"WBGene00009528",12.5612869237549,-1.84812769245995,0.640180612697846,-2.8868848193818,0.00389076633636137,0.0159596232827027,"WBGene00009528","WBGene00009528",NA
"WBGene00009533",122.064265744405,3.45235966595545,0.481213555270244,7.17427767390434,7.26899433824438e-13,3.72386150811925e-11,"WBGene00009533","WBGene00009533",NA
"WBGene00009537",20.9491132744027,2.82574950556024,1.01823578264265,2.77514260815555,0.00551775070643984,0.0212574692310363,"WBGene00009537","WBGene00009537",NA
"WBGene00009539",21.2609427891418,2.45838260035645,0.958231656477885,2.56554099808451,0.0103015046525644,0.0353940879805536,"WBGene00009539","WBGene00009539",NA
"WBGene00009546",35.422771237258,3.80569316504573,0.998552537791573,3.81120974712308,0.000138288364933439,0.000947533844675762,"WBGene00009546","WBGene00009546",NA
"WBGene00009548",53.0316082276882,-5.07249503883316,0.915361411015007,-5.54152160861629,2.99854564356651e-08,6.35878529428725e-07,"WBGene00009548","WBGene00009548",NA
"WBGene00009549",13.2089887427271,-2.7837910140165,0.724927278012441,-3.84009692896219,0.000122985742788526,0.000854562577382789,"WBGene00009549","WBGene00009549",NA
"WBGene00009550",10.4177512731034,-4.90592636358296,1.28623600034464,-3.81417279742476,0.000136639840253608,0.000937136869839167,"WBGene00009550","WBGene00009550",NA
"WBGene00009581",86.3523450365939,-4.56710246010567,0.726522796111294,-6.28624798086315,3.25230296453584e-10,1.08610201570352e-08,"WBGene00009581","WBGene00009581",NA
"WBGene00009592",19.1915033142479,-4.4449331889313,1.06084863306093,-4.18997871176595,2.78980626747253e-05,0.000235944976218845,"WBGene00009592","WBGene00009592",NA
"WBGene00009605",39.8362073165228,-5.23543114360485,0.998922654463883,-5.24107759515644,1.59641562033723e-07,2.74910463391326e-06,"WBGene00009605","WBGene00009605",NA
"WBGene00009606",358.994856066042,1.04413060598617,0.42985993990409,2.4290018888923,0.0151404534558488,0.0485316217188713,"WBGene00009606","WBGene00009606",NA
"WBGene00009617",58.9485898792895,1.42498456919534,0.303048674636777,4.70216400353267,2.57418600453955e-06,3.05842398693964e-05,"WBGene00009617","WBGene00009617",NA
"WBGene00009626",146.985754967151,-1.87801020443535,0.45914826684652,-4.09020427613443,4.30993423456588e-05,0.000345495737603198,"WBGene00009626","WBGene00009626",NA
"WBGene00009641",33.7913983895018,-4.16007173798409,0.735551811949012,-5.65571543758561,1.55198419618544e-08,3.51545326720736e-07,"WBGene00009641","WBGene00009641",NA
"WBGene00009643",51.6068634209231,-3.53361889525943,0.74779223096564,-4.725401988593,2.29660584510739e-06,2.78181248678982e-05,"WBGene00009643","WBGene00009643",NA
"WBGene00009658",38.660978796477,2.8218610924174,0.836536609159095,3.37326670646727,0.0007428196364279,0.00395865811463981,"WBGene00009658","WBGene00009658",NA
"WBGene00009680",356.919770748636,-5.36426556023658,0.908267948500586,-5.90603859697149,3.50431905075935e-09,9.20721180009253e-08,"WBGene00009680","WBGene00009680",NA
"WBGene00009681",743.094841884491,-5.31308445579941,1.1142895852974,-4.76813615231033,1.85938112402189e-06,2.34150963926386e-05,"WBGene00009681","WBGene00009681",NA
"WBGene00009682",407.085978297134,-5.18932185195675,1.14826089037996,-4.51928816476508,6.20478949794897e-06,6.47809030636849e-05,"WBGene00009682","WBGene00009682",NA
"WBGene00009683",10.7559444443677,-7.0022045933262,1.63579411543196,-4.28061485688689,1.86377666112684e-05,0.000166806260597908,"WBGene00009683","WBGene00009683",NA
"WBGene00009685",21.8628917000404,-7.1787078186033,1.50991369446106,-4.75438287958943,1.99053492742792e-06,2.48261044657306e-05,"WBGene00009685","WBGene00009685",NA
"WBGene00009692",380.181394156184,2.00982543674485,0.636845812806771,3.15590586658166,0.00160000488936504,0.00750537245936808,"WBGene00009692","WBGene00009692",NA
"WBGene00009695",21.9958788391503,-3.96755957248096,1.0345486042269,-3.83506348205441,0.000125531867595407,0.000870701662787445,"WBGene00009695","WBGene00009695",NA
"WBGene00009696",37.478294699564,2.66240491365497,0.633219558312926,4.20455255796009,2.61599147416499e-05,0.00022389440802539,"WBGene00009696","WBGene00009696",NA
"WBGene00009697",40.1279077588822,3.37666950446838,0.820813654427374,4.11380766664274,3.8918573574318e-05,0.000315699870657053,"WBGene00009697","WBGene00009697",NA
"WBGene00009698",69.4364288699173,4.51134645734242,0.820734617082089,5.49671765202418,3.86925459464277e-08,7.90340806693685e-07,"WBGene00009698","WBGene00009698",NA
"WBGene00009705",13.1666860450459,-3.62861174102865,1.07082231722339,-3.38862170003848,0.000702448492224504,0.00379074135663927,"WBGene00009705","WBGene00009705",NA
"WBGene00009708",35.0106470682071,-5.87909403114526,1.12819423810653,-5.21106546423448,1.87759178596178e-07,3.16094456969985e-06,"WBGene00009708","WBGene00009708",NA
"WBGene00009714",24.8640023052702,-4.32869304317838,0.926262441676435,-4.67329004007105,2.96412708033656e-06,3.44161400156381e-05,"WBGene00009714","WBGene00009714",NA
"WBGene00009721",10.3724575871874,2.64049034629426,1.06402137534828,2.48161400463405,0.0130788865431299,0.0431923579854333,"WBGene00009721","WBGene00009721",NA
"WBGene00009723",441.815766909373,-1.33794894281469,0.283520404230942,-4.71905698090378,2.36940450840581e-06,2.86029549312874e-05,"WBGene00009723","WBGene00009723",NA
"WBGene00009738",35.6919702102121,-1.52315432398993,0.5256859222786,-2.89746074497824,0.00376196814191217,0.0155359175534096,"WBGene00009738","WBGene00009738",NA
"WBGene00009743",79.2549702938497,2.00200530047578,0.32722137343906,6.11819845212104,9.46391633082047e-10,2.81807825242535e-08,"WBGene00009743","WBGene00009743",NA
"WBGene00009753",20.1538540327801,-5.4422615461935,1.23781088285003,-4.39668258018772,1.09917904979019e-05,0.000105581761818893,"WBGene00009753","WBGene00009753",NA
"WBGene00009754",17.9788261875771,-4.37064743384591,0.944222302568021,-4.62883308513152,3.67732012749815e-06,4.12882455477856e-05,"WBGene00009754","WBGene00009754",NA
"WBGene00009755",16.4907506928318,-4.85428511073048,1.1935378233554,-4.06713973846559,4.7593705881319e-05,0.000376456468268784,"WBGene00009755","WBGene00009755",NA
"WBGene00009759",26.3367023927553,-5.45578147044106,1.07304232544884,-5.08440472574927,3.68780823272842e-07,5.62930840286295e-06,"WBGene00009759","WBGene00009759",NA
"WBGene00009773",78.4058822443669,-1.79398107629096,0.518614999723321,-3.45917699497322,0.000541828723785599,0.00305980163929971,"WBGene00009773","WBGene00009773",NA
"WBGene00009787",337.017443841921,2.59065391221873,0.420104454238569,6.16668994122959,6.97343038195039e-10,2.15738615690946e-08,"WBGene00009787","WBGene00009787",NA
"WBGene00009813",348.559234919116,-1.57297519907281,0.389470041673143,-4.03875787805242,5.3734995900359e-05,0.000418091614808836,"WBGene00009813","WBGene00009813",NA
"WBGene00009823",141.27462449392,1.48245520493354,0.331106635529569,4.4772742248506,7.56021128424156e-06,7.65826363470338e-05,"WBGene00009823","WBGene00009823",NA
"WBGene00009830",13.3485096200902,-2.49511357769754,0.785640238767699,-3.17589840053407,0.00149373256148127,0.00708358311255866,"WBGene00009830","WBGene00009830",NA
"WBGene00009834",258.770562920253,1.23970197065563,0.469275361414383,2.64173675540774,0.00824821365625556,0.0295234891685531,"WBGene00009834","WBGene00009834",NA
"WBGene00009835",18.5221035359854,-2.57294984219781,0.838549291783146,-3.0683346434251,0.00215255419805471,0.00965979816414315,"WBGene00009835","WBGene00009835",NA
"WBGene00009840",42.1082073502155,-1.14112730176985,0.374950166339154,-3.04341057616085,0.0023391295011212,0.0103742091990646,"WBGene00009840","WBGene00009840",NA
"WBGene00009846",19.0926844940431,-2.67428869317363,0.917041580399444,-2.91621312526392,0.00354308384068161,0.0147811288629786,"WBGene00009846","WBGene00009846",NA
"WBGene00009851",326.964017198368,1.28994038532206,0.20635849791598,6.25096808878334,4.07916225828687e-10,1.32809717899076e-08,"WBGene00009851","WBGene00009851",NA
"WBGene00009861",29.2039166774464,4.03377042984829,0.843912510369071,4.77984433254128,1.75430973540991e-06,2.21700698923199e-05,"WBGene00009861","WBGene00009861",NA
"WBGene00009862",27.6911743988921,1.58395913407489,0.530553393654726,2.98548487865427,0.00283129135881676,0.0122369662508521,"WBGene00009862","WBGene00009862",NA
"WBGene00009884",402.000536441107,-4.88757939598568,0.974850116583629,-5.01367267935941,5.34007988328545e-07,7.78040385033628e-06,"WBGene00009884","WBGene00009884",NA
"WBGene00009899",169.949872065131,2.96310953988877,0.375816858014227,7.88445083476429,3.15921759857954e-15,2.33962161329002e-13,"WBGene00009899","WBGene00009899",NA
"WBGene00009926",401.594464778667,3.09993272945717,0.459898190337686,6.74047603270848,1.57868544879021e-11,6.6955938040233e-10,"WBGene00009926","WBGene00009926",NA
"WBGene00009938",48.250612032116,-4.18597830812296,0.677143893673157,-6.18181504290939,6.33687450690307e-10,1.9732668262999e-08,"WBGene00009938","WBGene00009938",NA
"WBGene00009939",239.616440506032,3.34896045822607,0.531039192019673,6.30642805381116,2.85548620632192e-10,9.64857313166884e-09,"WBGene00009939","WBGene00009939",NA
"WBGene00009941",21.3445602026577,-5.27454556920387,1.15752801512696,-4.55673253716053,5.19555139403361e-06,5.55838443674569e-05,"WBGene00009941","WBGene00009941",NA
"WBGene00009943",67.0116902590288,-1.93753889786259,0.418762375740173,-4.62682182093829,3.71319699237064e-06,4.16583395698223e-05,"WBGene00009943","WBGene00009943",NA
"WBGene00009947",125.133846475476,1.91132506651444,0.352444224555099,5.42305685084543,5.8588348442193e-08,1.14555850107287e-06,"WBGene00009947","WBGene00009947",NA
"WBGene00009948",95.771959695019,-5.05586014828306,0.769783690442791,-6.56789720418064,5.10307482862397e-11,1.95544902213197e-09,"WBGene00009948","WBGene00009948",NA
"WBGene00009951",68.7573480408786,1.47535037556931,0.45218631792432,3.26270459119958,0.00110354485874732,0.00550924438214302,"WBGene00009951","WBGene00009951",NA
"WBGene00009956",27.0789053989585,-7.42467471191562,1.43401586165849,-5.1775401586763,2.24830558581161e-07,3.66419974207587e-06,"WBGene00009956","WBGene00009956",NA
"WBGene00009959",328.836607426527,-4.47650574010051,0.971783811571011,-4.60648313626842,4.0953625693117e-06,4.52707016265833e-05,"WBGene00009959","WBGene00009959",NA
"WBGene00009962",48.4967295734627,-3.196928534508,0.706836980206815,-4.52286541880223,6.10080338410515e-06,6.37884292384893e-05,"WBGene00009962","WBGene00009962",NA
"WBGene00009963",28.7235407824748,5.4294862512141,1.03841295310584,5.22863879439755,1.70762614597632e-07,2.91950962971765e-06,"WBGene00009963","WBGene00009963",NA
"WBGene00009964",34.8058008931938,4.66466452006159,0.653494054099975,7.13803666735117,9.46733803847813e-13,4.78150751180098e-11,"WBGene00009964","WBGene00009964",NA
"WBGene00009977",366.323741333708,1.51805561828602,0.32485813856539,4.67298010445398,2.96860533280799e-06,3.44401591086239e-05,"WBGene00009977","WBGene00009977",NA
"WBGene00010001",135.453656244415,-1.67417720325653,0.520569400974043,-3.21604996398936,0.00129968202204941,0.00631419277401504,"WBGene00010001","WBGene00010001",NA
"WBGene00010018",118.886059440273,-1.3854392138153,0.291880582986428,-4.74659602101632,2.06868540743702e-06,2.54894142487046e-05,"WBGene00010018","WBGene00010018",NA
"WBGene00010019",81.6220963968795,-1.6891992879779,0.439244259798227,-3.84569462274556,0.000120211403518658,0.000838955854732506,"WBGene00010019","WBGene00010019",NA
"WBGene00010034",34.2362667108827,-1.29537000508926,0.401426813485847,-3.2269144999078,0.00125132845171272,0.00611670231201432,"WBGene00010034","WBGene00010034",NA
"WBGene00010035",50.2877857414702,-2.89784032074909,0.705073540121124,-4.10998308098652,3.95688107970164e-05,0.000320247459072342,"WBGene00010035","WBGene00010035",NA
"WBGene00010045",61.1690442647446,-1.33703061260605,0.458420103595144,-2.91660553741083,0.00353862985352976,0.0147697625913813,"WBGene00010045","WBGene00010045",NA
"WBGene00010046",41.5500191989907,-5.18826632165913,0.896568955731351,-5.7868012142211,7.17393895414575e-09,1.75577242245899e-07,"WBGene00010046","WBGene00010046",NA
"WBGene00010051",703.201194786846,1.68006706520873,0.451990362532114,3.71704178778671,0.000201569113777632,0.00130777455434576,"WBGene00010051","WBGene00010051",NA
"WBGene00010058",11.2797511001625,3.62646773120779,1.0235333573279,3.5430869988207,0.000395472214565597,0.00234737722707063,"WBGene00010058","WBGene00010058",NA
"WBGene00010065",404.827659955251,-1.21783309844227,0.337077165438358,-3.61292078880074,0.0003027672158367,0.00186126959825977,"WBGene00010065","WBGene00010065",NA
"WBGene00010072",19.8468605925777,-4.29166537316409,1.28744713222089,-3.33346920875952,0.000857701645661308,0.00447903895558534,"WBGene00010072","WBGene00010072",NA
"WBGene00010082",52.5941975223753,-3.99106323695482,0.756066306886673,-5.27872119231077,1.30088565636884e-07,2.31839883871319e-06,"WBGene00010082","WBGene00010082",NA
"WBGene00010083",108.388512865611,-1.24000363505384,0.510093267765622,-2.43093511209325,0.0150599113665948,0.0483824635598148,"WBGene00010083","WBGene00010083",NA
"WBGene00010091",126.696006277382,-4.47157708960401,1.22408851478019,-3.65298508695425,0.000259209290998335,0.00162565967364598,"WBGene00010091","WBGene00010091",NA
"WBGene00010092",19.4904384177413,-4.56492971109613,1.26224852028882,-3.61650628835882,0.000298606066921179,0.00184123231859552,"WBGene00010092","WBGene00010092",NA
"WBGene00010098",11.2037753895856,2.90478390240515,1.13644924789403,2.55601726851246,0.0105877864348774,0.0361863298693692,"WBGene00010098","WBGene00010098",NA
"WBGene00010101",14.2273739162437,3.08960073421634,1.13797600673822,2.71499637595352,0.0066276495721724,0.0246561674479594,"WBGene00010101","WBGene00010101",NA
"WBGene00010104",11.0904809283138,3.46070307803806,1.12803455245336,3.0679052077894,0.00215564985655022,0.00967065392331209,"WBGene00010104","WBGene00010104",NA
"WBGene00010105",21.269519743909,3.58976733718689,0.84154628773384,4.26568020025803,1.99294081022303e-05,0.000176378346752432,"WBGene00010105","WBGene00010105",NA
"WBGene00010114",35.3354156723834,-4.94728233593075,1.02115251594273,-4.8448025722812,1.26737639802592e-06,1.66341697492971e-05,"WBGene00010114","WBGene00010114",NA
"WBGene00010120",31.4237441252003,3.06426730137765,0.862592706014642,3.5523918530858,0.000381745904487066,0.00227915380653034,"WBGene00010120","WBGene00010120",NA
"WBGene00010128",24.2698745740802,2.10993977917534,0.690735514316583,3.05462761859426,0.00225340120389915,0.0100586706456373,"WBGene00010128","WBGene00010128",NA
"WBGene00010136",67.546308707093,-3.75891046776385,0.679102148156808,-5.5351179170411,3.11019037914366e-08,6.56631478420979e-07,"WBGene00010136","WBGene00010136",NA
"WBGene00010137",26.4437784566236,-1.53588930691011,0.490282766152558,-3.13266019722218,0.00173229865554255,0.00802771545220191,"WBGene00010137","WBGene00010137",NA
"WBGene00010142",59.0151819569021,3.26436452393697,0.833050086349916,3.91856933625693,8.90761068317677e-05,0.000643337440599523,"WBGene00010142","WBGene00010142",NA
"WBGene00010148",32.1132426720661,2.7392068918205,0.506517787629123,5.40791845562228,6.37614409123649e-08,1.22657102955643e-06,"WBGene00010148","WBGene00010148",NA
"WBGene00010149",102.916534754105,2.11294409883176,0.745072531037081,2.83589048154911,0.00456981135992991,0.0182498781132937,"WBGene00010149","WBGene00010149",NA
"WBGene00010155",49.1579591096095,-4.12345987964312,0.61311796824686,-6.72539395874122,1.75117986444423e-11,7.34006269868076e-10,"WBGene00010155","WBGene00010155",NA
"WBGene00010183",140.391160250868,-1.3964603174834,0.302455945379973,-4.6170701512547,3.89195733774764e-06,4.32900748859354e-05,"WBGene00010183","WBGene00010183",NA
"WBGene00010199",713.312984097468,1.55842038464322,0.308190779073008,5.0566742760141,4.26630996638807e-07,6.35853684562927e-06,"WBGene00010199","WBGene00010199",NA
"WBGene00010219",19.1218163395633,5.03291292733391,1.28903846620282,3.90439312657564,9.44621237437246e-05,0.000677444623516837,"WBGene00010219","WBGene00010219",NA
"WBGene00010223",16.3611298083533,-1.83798454906918,0.648295576503942,-2.83510271500056,0.00458109540895479,0.0182745176333215,"WBGene00010223","WBGene00010223",NA
"WBGene00010225",140.71293370624,-1.61164873729778,0.473863672547346,-3.40108100845556,0.000671199343013884,0.00365850083610739,"WBGene00010225","WBGene00010225",NA
"WBGene00010234",1173.32209962339,3.10171812316347,0.730799917475954,4.24427815191362,2.19298199611819e-05,0.000192296267917284,"WBGene00010234","WBGene00010234",NA
"WBGene00010240",9.9173661188506,4.06574723292575,1.02239691974823,3.97668180957252,6.98835735130954e-05,0.000522408951999306,"WBGene00010240","WBGene00010240",NA
"WBGene00010241",98.3807436041132,-4.66336199139566,0.790429806946423,-5.89978003158951,3.63986511230847e-09,9.51089434190584e-08,"WBGene00010241","WBGene00010241",NA
"WBGene00010246",45.0868535276849,-5.51281430033117,0.871491762632608,-6.32572163812315,2.52051833656571e-10,8.60570106461853e-09,"WBGene00010246","WBGene00010246",NA
"WBGene00010254",109.403724615945,-5.29691173001883,1.44590291461746,-3.66339377040417,0.000248895465479335,0.00156993066553228,"WBGene00010254","WBGene00010254",NA
"WBGene00010265",67.4726703791753,-5.27926552789237,1.4192222942854,-3.71982990201726,0.000199356994558229,0.00129872813273508,"WBGene00010265","WBGene00010265",NA
"WBGene00010266",841.297226011819,-1.32021165060936,0.400561953916537,-3.29589876846976,0.00098107359913582,0.00500624239644708,"WBGene00010266","WBGene00010266",NA
"WBGene00010268",49.7373812482803,-1.86929244341678,0.428689921891593,-4.36047676411084,1.29779363421263e-05,0.000122357285051458,"WBGene00010268","WBGene00010268",NA
"WBGene00010288",46.5570590399252,1.13226315357292,0.304762148417406,3.71523550235039,0.000203014526561675,0.00131357475244274,"WBGene00010288","WBGene00010288",NA
"WBGene00010289",33.5013450852483,-4.49243150733468,0.784916875731113,-5.72344874500271,1.04383069209251e-08,2.4742076421357e-07,"WBGene00010289","WBGene00010289",NA
"WBGene00010300",14.7443487465326,-5.75339475591968,1.51425447216195,-3.79949002079246,0.000144994150278477,0.00098732796090056,"WBGene00010300","WBGene00010300",NA
"WBGene00010310",11.3234885314362,3.88052312845508,0.904653604185546,4.28951270464312,1.79065570490116e-05,0.000161170289610531,"WBGene00010310","WBGene00010310",NA
"WBGene00010324",11.5747136327745,-4.66665680303104,1.18330692491915,-3.94374164872726,8.02200782473812e-05,0.00058674674831628,"WBGene00010324","WBGene00010324",NA
"WBGene00010327",13.5765046157106,-1.83435893667946,0.612482676802958,-2.99495643902038,0.00274484038476612,0.0119101407466491,"WBGene00010327","WBGene00010327",NA
"WBGene00010336",539.086923991071,-1.64358415125797,0.390373234524387,-4.21028904110304,2.55044178613446e-05,0.00021920303336873,"WBGene00010336","WBGene00010336",NA
"WBGene00010357",29.8565593005687,-1.33307640904534,0.507172564328128,-2.6284474019436,0.00857756192376694,0.030466971316203,"WBGene00010357","WBGene00010357",NA
"WBGene00010365",21.5647206450116,2.25727597370777,0.660826823097554,3.41583588136909,0.00063586557362935,0.003499586693833,"WBGene00010365","WBGene00010365",NA
"WBGene00010366",70.9704088545469,-5.55568931836361,0.945814820890218,-5.87397151710363,4.25476507326766e-09,1.08789547749937e-07,"WBGene00010366","WBGene00010366",NA
"WBGene00010368",33.5631149261134,-1.71377800631955,0.706803002940656,-2.42468976389372,0.0153214735791966,0.0490239135588666,"WBGene00010368","WBGene00010368",NA
"WBGene00010373",17.5639527015113,-5.73485757454414,1.3817730530265,-4.15036142294357,3.31950694562793e-05,0.000276490167679837,"WBGene00010373","WBGene00010373",NA
"WBGene00010385",11.4072541997285,-1.74151171312999,0.714939079600335,-2.43588826351965,0.014855272507653,0.0478751769902783,"WBGene00010385","WBGene00010385",NA
"WBGene00010396",44.2567831069071,-1.96492196900435,0.625493383509669,-3.14139529019331,0.00168144921663185,0.00783087443900912,"WBGene00010396","WBGene00010396",NA
"WBGene00010424",695.660740558151,-1.20107882865979,0.250813085053184,-4.78874070068995,1.67831173212649e-06,2.13258331833972e-05,"WBGene00010424","WBGene00010424",NA
"WBGene00010454",22.7586846394815,-1.95628920610702,0.646712283482171,-3.02497610772682,0.00248652769082126,0.0109387320052041,"WBGene00010454","WBGene00010454",NA
"WBGene00010460",10.6498361998617,-2.83889276357159,0.803195488096528,-3.53449789701808,0.00040855068655569,0.00240999379403239,"WBGene00010460","WBGene00010460",NA
"WBGene00010466",75.7530864881909,-4.21110854533694,0.570090538637993,-7.38673642154758,1.50476472122656e-13,8.63759122911293e-12,"WBGene00010466","WBGene00010466",NA
"WBGene00010470",147.745377418032,-1.01934674447204,0.393731876642537,-2.58893629127591,0.00962729040581329,0.0334393345735819,"WBGene00010470","WBGene00010470",NA
"WBGene00010474",50.447947095023,-4.40847850582016,0.786824685363046,-5.6028726447316,2.10828133895722e-08,4.61693207562199e-07,"WBGene00010474","WBGene00010474",NA
"WBGene00010485",75.1760801351124,-3.67959625572677,0.729101095658293,-5.0467572708892,4.49371656943895e-07,6.66964599449542e-06,"WBGene00010485","WBGene00010485",NA
"WBGene00010486",76.405936058049,-5.00139000342208,0.821354828226084,-6.08919535327235,1.13479581515219e-09,3.31689909733542e-08,"WBGene00010486","WBGene00010486",NA
"WBGene00010495",100.311185498688,4.06868158797145,1.21424556756868,3.35078973861795,0.000805814616983527,0.00424217617699652,"WBGene00010495","WBGene00010495",NA
"WBGene00010503",148.435247215591,-1.15757762931854,0.380337658948575,-3.04355249101182,0.00233802648763353,0.0103742091990646,"WBGene00010503","WBGene00010503",NA
"WBGene00010510",44.681698716768,-4.66913212066604,0.889497404794119,-5.24918014993731,1.5277761464455e-07,2.6597447577522e-06,"WBGene00010510","WBGene00010510",NA
"WBGene00010516",27.2718827182999,-1.19684696570463,0.457514371766155,-2.61597676393073,0.00889726120878766,0.0313699877646734,"WBGene00010516","WBGene00010516",NA
"WBGene00010519",97.0607966661438,2.25437290321904,0.58634789151241,3.84477020528577,0.000120665460193284,0.000840915680137824,"WBGene00010519","WBGene00010519",NA
"WBGene00010524",57.297331020377,-1.41033710538433,0.427069061974295,-3.30236308587771,0.000958738796397887,0.00491156043617025,"WBGene00010524","WBGene00010524",NA
"WBGene00010547",22.769710080682,-5.2541871061905,1.12211983497358,-4.68237610853231,2.8356857531669e-06,3.31401933524239e-05,"WBGene00010547","WBGene00010547",NA
"WBGene00010550",140.44995367116,1.7106883237407,0.269135342761607,6.35623811494718,2.0675445448003e-10,7.24299367128204e-09,"WBGene00010550","WBGene00010550",NA
"WBGene00010552",157.944774501422,1.01545765789808,0.279705090197302,3.63045827010795,0.000282918445627414,0.00175205950751847,"WBGene00010552","WBGene00010552",NA
"WBGene00010553",73.2801512609484,1.20673527934491,0.362718286970325,3.32692153302883,0.000878110962062918,0.00456726345733817,"WBGene00010553","WBGene00010553",NA
"WBGene00010558",30.2323292313161,1.28006132452918,0.477413897140693,2.68124018214733,0.00733498489531894,0.0267651108268556,"WBGene00010558","WBGene00010558",NA
"WBGene00010563",69.9256505292367,-5.21496437227938,0.874374168918987,-5.96422510825861,2.45797686266358e-09,6.74315994204425e-08,"WBGene00010563","WBGene00010563",NA
"WBGene00010567",71.5159094202,-1.33805151805066,0.459368134324894,-2.91280874329063,0.00358193912048714,0.0149130952080171,"WBGene00010567","WBGene00010567",NA
"WBGene00010568",182.190970359443,1.74191762253662,0.606359073417764,2.8727493310494,0.00406916843623338,0.0165794254444366,"WBGene00010568","WBGene00010568",NA
"WBGene00010572",49.1128298990512,1.12579807325572,0.303907775730197,3.70440693908134,0.000211885876054773,0.00136407452052101,"WBGene00010572","WBGene00010572",NA
"WBGene00010574",109.502156527636,-5.39527519243644,0.742437728355836,-7.26697335867419,3.67631273842801e-13,1.98285048944723e-11,"WBGene00010574","WBGene00010574",NA
"WBGene00010585",52.2330915484874,3.50639903861,0.502908768602942,6.97223683005294,3.11940833489799e-12,1.47634779240718e-10,"WBGene00010585","WBGene00010585",NA
"WBGene00010595",172.601686924496,-1.07962545855489,0.256717161610856,-4.20550559136923,2.60499148084924e-05,0.000223220283188119,"WBGene00010595","WBGene00010595",NA
"WBGene00010611",39.8543573006924,-4.70687533205234,0.906483859056543,-5.19245355008439,2.07540660019214e-07,3.42537950768433e-06,"WBGene00010611","WBGene00010611",NA
"WBGene00010612",58.9215241807826,-5.57178156062209,1.4985620504308,-3.71808531987069,0.000200738477844258,0.00130356886134847,"WBGene00010612","WBGene00010612",NA
"WBGene00010613",175.235365279399,1.0611200193193,0.25045208463881,4.23681847507716,2.26709274503881e-05,0.000197823910896457,"WBGene00010613","WBGene00010613",NA
"WBGene00010623",54.7392722653483,-1.47057822795545,0.419112333469432,-3.50879253727023,0.0004501458882622,0.00261968044826206,"WBGene00010623","WBGene00010623",NA
"WBGene00010633",397.87126987149,-4.66396608955009,0.982032093866864,-4.74930108565514,2.04120855696683e-06,2.52774212360942e-05,"WBGene00010633","WBGene00010633",NA
"WBGene00010634",17.632547325037,-4.5573612014145,0.940465651398732,-4.84585608696761,1.26066877943651e-06,1.65918405750331e-05,"WBGene00010634","WBGene00010634",NA
"WBGene00010650",53.8039201012688,-5.23813080669814,1.02744869945544,-5.09819206494145,3.42912798801798e-07,5.29292940958326e-06,"WBGene00010650","WBGene00010650",NA
"WBGene00010651",131.487182108445,-5.14719980644045,1.57851759162592,-3.26078076908771,0.00111105907440533,0.00553708763963576,"WBGene00010651","WBGene00010651",NA
"WBGene00010658",63.2486784438863,3.60169911622259,0.586685694463309,6.13906074447132,8.30108228887959e-10,2.5190524236721e-08,"WBGene00010658","WBGene00010658",NA
"WBGene00010659",56.2561764558186,4.36853507069471,0.568364920595701,7.68614478549462,1.51634898855486e-14,1.01276523801003e-12,"WBGene00010659","WBGene00010659",NA
"WBGene00010679",37.1759574069723,-4.76113395041545,1.79392717449112,-2.65402855707676,0.00795370953489542,0.0286281466588416,"WBGene00010679","WBGene00010679",NA
"WBGene00010682",17.0335756204833,-4.77091358185282,1.08914728657623,-4.38041175941443,1.1845525502172e-05,0.000112994937180775,"WBGene00010682","WBGene00010682",NA
"WBGene00010686",13.5083054424354,-1.95559757482384,0.719297845393299,-2.71875911675303,0.00655273091346046,0.0244410707061822,"WBGene00010686","WBGene00010686",NA
"WBGene00010689",18.8916294536523,3.20529635186374,0.966821180832274,3.31529388827054,0.000915468236100467,0.00473400416012445,"WBGene00010689","WBGene00010689",NA
"WBGene00010691",14.0674949580637,3.60303421532667,0.834571316789241,4.31722747097067,1.58001307309787e-05,0.000145509837975437,"WBGene00010691","WBGene00010691",NA
"WBGene00010704",104.143395964369,1.58041508485268,0.35188313260163,4.49130673916638,7.07875159686791e-06,7.24760720444363e-05,"WBGene00010704","WBGene00010704",NA
"WBGene00010712",22.3913656849459,-3.58583032425009,1.01519964204738,-3.53214301476549,0.000412206360936262,0.00242955279045856,"WBGene00010712","WBGene00010712",NA
"WBGene00010719",77.8942560124359,-5.2345223823751,0.667785411098708,-7.83862943900307,4.55490541475993e-15,3.30473416716567e-13,"WBGene00010719","WBGene00010719",NA
"WBGene00010723",435.780478199049,-1.80192533121653,0.476480445913065,-3.78174035613057,0.000155735752713558,0.00104749699460465,"WBGene00010723","WBGene00010723",NA
"WBGene00010726",127.783006618567,1.52997398990511,0.451392089967918,3.38945680243057,0.000700312417782888,0.003781475401349,"WBGene00010726","WBGene00010726",NA
"WBGene00010727",709.975042684108,-1.04971712681643,0.398666938021948,-2.63306792387845,0.00846174231030408,0.0301391053598598,"WBGene00010727","WBGene00010727",NA
"WBGene00010728",20.0273243269082,-6.87144699066602,1.40820096281191,-4.87959259518262,1.06305205295889e-06,1.43476893228909e-05,"WBGene00010728","WBGene00010728",NA
"WBGene00010738",150.445964348013,1.24536287376145,0.377778385583437,3.29654347968617,0.000978824624356301,0.00499833524684695,"WBGene00010738","WBGene00010738",NA
"WBGene00010755",346.186833037073,-1.17675283495791,0.277137106219261,-4.2461034937231,2.17520187260704e-05,0.000191088877474938,"WBGene00010755","WBGene00010755",NA
"WBGene00010760",15.9880246553675,-5.40918777036894,1.75060882020379,-3.0898894761305,0.00200230990255584,0.0090911739000097,"WBGene00010760","WBGene00010760",NA
"WBGene00010765",9.92676180319387,-4.01743798664922,1.25323413944042,-3.20565635759257,0.00134754812862557,0.00651793753043834,"WBGene00010765","WBGene00010765",NA
"WBGene00010772",139.014483365495,-1.48392907478177,0.315378295273376,-4.70523525880395,2.53573369504846e-06,3.01775534582245e-05,"WBGene00010772","WBGene00010772",NA
"WBGene00010776",199.398397347941,1.14888644998843,0.273268827325432,4.20423529911164,2.61966309330534e-05,0.000224074473923478,"WBGene00010776","WBGene00010776",NA
"WBGene00010779",14.1830482952189,-2.51407302535596,0.958176475220088,-2.62381000825395,0.00869522740876658,0.0308312789266933,"WBGene00010779","WBGene00010779",NA
"WBGene00010796",260.58171243872,-1.04614815866732,0.233727627343596,-4.47592854365227,7.60799290283066e-06,7.69031418388675e-05,"WBGene00010796","WBGene00010796",NA
"WBGene00010808",270.68856152533,3.47818768055292,1.09226599988718,3.18437787215951,0.00145065509310537,0.00692228440315611,"WBGene00010808","WBGene00010808",NA
"WBGene00010829",35.3437347090124,-3.83757055440919,0.989096967408649,-3.87987293547497,0.00010451104687511,0.000742433594923434,"WBGene00010829","WBGene00010829",NA
"WBGene00010836",91.5360580204199,1.13298517416786,0.321811759854018,3.52064565534152,0.000430497482850972,0.00252279644214389,"WBGene00010836","WBGene00010836",NA
"WBGene00010851",23.9332920747363,-1.45384479403783,0.509575734848155,-2.85304949709006,0.00433018763533714,0.0174522644987732,"WBGene00010851","WBGene00010851",NA
"WBGene00010867",174.03883831195,-1.52676548227125,0.396731790520344,-3.84835679608328,0.000118912776677297,0.00083192379689114,"WBGene00010867","WBGene00010867",NA
"WBGene00010869",49.6547550817703,-6.02076073360652,1.10255539338517,-5.46073310214468,4.74172448045675e-08,9.50539523129991e-07,"WBGene00010869","WBGene00010869",NA
"WBGene00010871",18.7172450022362,-2.33439507591788,0.783131810061837,-2.98084568386203,0.002874536041298,0.0123938894836417,"WBGene00010871","WBGene00010871",NA
"WBGene00010872",273.657914336573,1.06779599425548,0.24785792572138,4.30809703239349,1.64665148217259e-05,0.000150195211453049,"WBGene00010872","WBGene00010872",NA
"WBGene00010874",35.6109390147326,-2.80366574509832,0.834164389695436,-3.36104703069616,0.0007764760278111,0.00411348104725873,"WBGene00010874","WBGene00010874",NA
"WBGene00010876",18.4483140190807,-4.26703357451317,1.10939141830466,-3.84628320005749,0.000119923145187484,0.000837352962464438,"WBGene00010876","WBGene00010876",NA
"WBGene00010883",21.9756429193518,-3.77946530391134,0.92674737128489,-4.07820450428825,4.53848379395202e-05,0.000361384673353517,"WBGene00010883","WBGene00010883",NA
"WBGene00010893",18.1541923147811,3.94383852831579,1.02561329865736,3.84534651947151,0.00012038219594956,0.000839737787558347,"WBGene00010893","WBGene00010893",NA
"WBGene00010900",111.327577973444,-5.26208561725503,1.2732121544397,-4.13292128802421,3.58181416512783e-05,0.000294223390012483,"WBGene00010900","WBGene00010900",NA
"WBGene00010906",26.2640718249288,-3.44544001122669,0.724956690874624,-4.75261495561884,2.00802532461512e-06,2.50224114775274e-05,"WBGene00010906","WBGene00010906",NA
"WBGene00010915",16.9715292977566,-7.81626026074314,1.58408351394875,-4.93424758979974,8.04603224104522e-07,1.11869590293054e-05,"WBGene00010915","WBGene00010915",NA
"WBGene00010918",235.350012565469,1.42767513713609,0.21071395749564,6.77541798419134,1.24047097364746e-11,5.3727429170737e-10,"WBGene00010918","WBGene00010918",NA
"WBGene00010920",34.2801753893863,-3.28507608117466,0.793374859048562,-4.1406354684773,3.46344992612711e-05,0.000285649681443363,"WBGene00010920","WBGene00010920",NA
"WBGene00010921",11.0210792729791,3.4299251881624,0.924108251108147,3.711605414246,0.000205948865276206,0.00133015234134334,"WBGene00010921","WBGene00010921",NA
"WBGene00010931",33.8680637900984,2.27382817676467,0.639655324498241,3.5547709675493,0.000378308472789173,0.0022624112977304,"WBGene00010931","WBGene00010931",NA
"WBGene00010933",47.8803629242073,-5.42381087624226,1.01140729506658,-5.36263768582489,8.20154087961093e-08,1.54242926042472e-06,"WBGene00010933","WBGene00010933",NA
"WBGene00010953",157.402952498423,1.49758425868545,0.541302507613762,2.76663092747766,0.00566388364740875,0.0217384234619799,"WBGene00010953","WBGene00010953",NA
"WBGene00010970",22.3976362354602,-1.86285512954584,0.49602813422972,-3.75554328675057,0.000172965861730262,0.0011466609748194,"WBGene00010970","WBGene00010970",NA
"WBGene00010976",69.1633528237465,1.08541649076649,0.292904315756055,3.70570330438722,0.000210804956065934,0.00135905964684276,"WBGene00010976","WBGene00010976",NA
"WBGene00010980",28.6960042480076,-3.26872874359129,0.823932750381015,-3.9672275948246,7.27135475168798e-05,0.000540173978512871,"WBGene00010980","WBGene00010980",NA
"WBGene00010981",47.0444171106598,1.27823880969889,0.452989885447273,2.82178223126722,0.00477575945787957,0.0189242944085037,"WBGene00010981","WBGene00010981",NA
"WBGene00010992",19.2976691617608,-4.21742364715031,1.22468499382376,-3.44368034916679,0.00057385372143256,0.00321146877072654,"WBGene00010992","WBGene00010992",NA
"WBGene00011006",218.689479719649,-1.13146068353707,0.361638488055792,-3.12870648702225,0.00175577597894367,0.00812671828595915,"WBGene00011006","WBGene00011006",NA
"WBGene00011026",33.9351482975186,-1.65269648431439,0.529615719120465,-3.12055783967106,0.0018050884512836,0.00831725636176545,"WBGene00011026","WBGene00011026",NA
"WBGene00011049",33.5008613544411,3.43385575572534,0.856077423898432,4.01115093082134,6.04234651301101e-05,0.000461138799945238,"WBGene00011049","WBGene00011049",NA
"WBGene00011055",73.2649204058181,-2.16551748984072,0.393692564538869,-5.5005293086426,3.78652801883818e-08,7.76482711237506e-07,"WBGene00011055","WBGene00011055",NA
"WBGene00011083",27.9646036147922,1.42225865335409,0.433250210334332,3.28276506145619,0.00102794296387297,0.00519257107405808,"WBGene00011083","WBGene00011083",NA
"WBGene00011088",30.2116218127537,-1.8277687563779,0.458024397136606,-3.99054890482781,6.59205541968985e-05,0.000497466991096236,"WBGene00011088","WBGene00011088",NA
"WBGene00011089",135.434107266175,-1.14232040570038,0.305493418182952,-3.73926355760724,0.000184560148673151,0.00121339383853972,"WBGene00011089","WBGene00011089",NA
"WBGene00011101",11.7420549996742,2.79099432037176,0.735700426436663,3.79365597746061,0.000148445308805285,0.00100746856541023,"WBGene00011101","WBGene00011101",NA
"WBGene00011114",37.9130456939414,-5.73609900301087,1.16019265522187,-4.94409180854014,7.64996481768641e-07,1.06986232553751e-05,"WBGene00011114","WBGene00011114",NA
"WBGene00011120",85.5024199838443,-4.61740623804161,1.50469819318079,-3.06865938895086,0.00215021592278563,0.00965536794985076,"WBGene00011120","WBGene00011120",NA
"WBGene00011132",28.7197187405943,-5.11676389685792,1.16137081924838,-4.40579684976881,1.05395706063235e-05,0.00010164782906625,"WBGene00011132","WBGene00011132",NA
"WBGene00011133",18.9497420590495,-6.8233850412277,1.52502930942644,-4.47426485448597,7.66746538330004e-06,7.73402136369142e-05,"WBGene00011133","WBGene00011133",NA
"WBGene00011134",39.3885421407735,-4.09160572273813,0.849512182855035,-4.81641794586994,1.46158226864751e-06,1.88541474420387e-05,"WBGene00011134","WBGene00011134",NA
"WBGene00011153",190.315180485225,1.30708164686075,0.367572719313106,3.5559811111753,0.000376571134370407,0.00225390754755286,"WBGene00011153","WBGene00011153",NA
"WBGene00011171",26.0437416785962,-5.88725161105792,1.11758530535803,-5.26783197920795,1.38044366629555e-07,2.43790197270552e-06,"WBGene00011171","WBGene00011171",NA
"WBGene00011172",11.9271098259254,-6.49010657426886,1.51467539101105,-4.28481680813254,1.82889823697345e-05,0.000163992738400637,"WBGene00011172","WBGene00011172",NA
"WBGene00011173",87.3296276318328,-6.27924410700947,1.54276312804019,-4.07012845516093,4.69872224656444e-05,0.000372071119502191,"WBGene00011173","WBGene00011173",NA
"WBGene00011175",34.2324099212177,5.05855086447371,1.06976966116184,4.72863556345372,2.26033683925487e-06,2.74485934099149e-05,"WBGene00011175","WBGene00011175",NA
"WBGene00011176",625.141675352509,-4.98546107168071,1.08474080575215,-4.59599292775186,4.30693306987346e-06,4.74260357224201e-05,"WBGene00011176","WBGene00011176",NA
"WBGene00011190",31.8656311514327,4.07874865732115,0.647060658043289,6.30350278079846,2.90992988517687e-10,9.80934619076251e-09,"WBGene00011190","WBGene00011190",NA
"WBGene00011191",18.1023815404348,-4.91049378666216,1.09371504967736,-4.4897377869224,7.13109019482876e-06,7.29074908116505e-05,"WBGene00011191","WBGene00011191",NA
"WBGene00011203",81.7121883911153,-3.81359306641408,0.651746833249729,-5.85134115251287,4.87624858415061e-09,1.23574859952597e-07,"WBGene00011203","WBGene00011203",NA
"WBGene00011207",54.8258832127661,-1.39070495627816,0.46439550624279,-2.99465635989829,0.00274754192528353,0.0119182448370493,"WBGene00011207","WBGene00011207",NA
"WBGene00011214",259.57009858357,-4.80349958329136,1.05470816548253,-4.55433999706805,5.25503044570812e-06,5.60464649354922e-05,"WBGene00011214","WBGene00011214",NA
"WBGene00011229",43.3088069845098,2.93559015623184,0.908188324379588,3.23235839685259,0.00122772967369785,0.00601574913478346,"WBGene00011229","WBGene00011229",NA
"WBGene00011231",105.077652418862,3.10511475262935,0.553810296465136,5.60682019176729,2.06077553769427e-08,4.53148688619449e-07,"WBGene00011231","WBGene00011231",NA
"WBGene00011241",25.0505249657271,-2.66696678013686,0.865218571751173,-3.08241971128637,0.00205325111011888,0.00929000256946158,"WBGene00011241","WBGene00011241",NA
"WBGene00011252",105.110822625159,-1.13322593157686,0.282294392736231,-4.01434091762397,5.96121330322435e-05,0.000456366479608921,"WBGene00011252","WBGene00011252",NA
"WBGene00011262",26.598395957973,-1.94924918967161,0.77102689236924,-2.52812088522863,0.011467486027106,0.0386498480248319,"WBGene00011262","WBGene00011262",NA
"WBGene00011267",12.5157206545827,4.09864737311622,1.11398402779123,3.67926942475369,0.000233903058383788,0.00148453659568361,"WBGene00011267","WBGene00011267",NA
"WBGene00011297",28.568419638279,-4.62116731155469,0.821380889856313,-5.62609547972694,1.84334341160656e-08,4.09113468666034e-07,"WBGene00011297","WBGene00011297",NA
"WBGene00011307",18.4876926080956,-1.4217803250445,0.514709119988119,-2.76229868450227,0.00573959451450859,0.0219758972397191,"WBGene00011307","WBGene00011307",NA
"WBGene00011322",15.6391591146886,-5.19008842604669,1.21120875136043,-4.28504865095895,1.82699203208966e-05,0.000163924652320511,"WBGene00011322","WBGene00011322",NA
"WBGene00011335",127.236987667536,-1.13842161064133,0.257636129720353,-4.41871880266564,9.92877293112572e-06,9.71334370325667e-05,"WBGene00011335","WBGene00011335",NA
"WBGene00011336",78.3452451114192,-5.05526696577847,0.964650576548315,-5.2405161917459,1.60128035934189e-07,2.75416367943125e-06,"WBGene00011336","WBGene00011336",NA
"WBGene00011339",99.7583771209931,-2.14521096925321,0.47438608544292,-4.52207818711692,6.12354306419256e-06,6.39793867079709e-05,"WBGene00011339","WBGene00011339",NA
"WBGene00011340",38.528065896487,-2.66273570671782,0.624152040156394,-4.26616518957563,1.98861561340023e-05,0.000176104603236242,"WBGene00011340","WBGene00011340",NA
"WBGene00011345",18.4760031540424,1.66219967424681,0.562293867562907,2.95610493041851,0.00311551078848183,0.013284604922366,"WBGene00011345","WBGene00011345",NA
"WBGene00011351",11.0879502801851,-2.6066800824544,0.76984331163432,-3.38598782773161,0.000709225294131036,0.00381662542508091,"WBGene00011351","WBGene00011351",NA
"WBGene00011365",29.5456230119623,1.66898130084871,0.460977283293745,3.62052830222698,0.000294002087095202,0.0018151930154867,"WBGene00011365","WBGene00011365",NA
"WBGene00011378",48.0404515868538,-5.55084777267724,1.00422024566723,-5.52752027916858,3.24788694725749e-08,6.82677178487518e-07,"WBGene00011378","WBGene00011378",NA
"WBGene00011379",20.2150096015526,-6.12419157681794,1.62901094911703,-3.75945390676314,0.000170284645883535,0.00113098440688353,"WBGene00011379","WBGene00011379",NA
"WBGene00011383",163.183634272467,3.31286187650601,0.453221646660024,7.30958439633201,2.6796990371535e-13,1.49030888474844e-11,"WBGene00011383","WBGene00011383",NA
"WBGene00011388",131.973630630807,1.51489104787365,0.445599168713986,3.39967206906081,0.00067466714762342,0.00367073374228456,"WBGene00011388","WBGene00011388",NA
"WBGene00011393",147.708130048318,1.12546264893114,0.308675902185437,3.64609819219066,0.000266252271716677,0.00166544582916694,"WBGene00011393","WBGene00011393",NA
"WBGene00011400",21.1523645387589,-3.44860688068746,1.04342318049,-3.30508938767102,0.000949461135009868,0.00487801869255789,"WBGene00011400","WBGene00011400",NA
"WBGene00011401",83.7831797707096,-5.2707505634626,0.903621624355515,-5.83291769629997,5.44664382551092e-09,1.37027891979801e-07,"WBGene00011401","WBGene00011401",NA
"WBGene00011404",92.6923580364458,-1.20319061499685,0.340139390885667,-3.53734570954556,0.000404170253988193,0.00239250056489668,"WBGene00011404","WBGene00011404",NA
"WBGene00011407",76.388445163548,-1.08678826316879,0.316978793997653,-3.42858350068944,0.000606739860378299,0.00336781857257749,"WBGene00011407","WBGene00011407",NA
"WBGene00011416",52.6773131429349,-1.79703558691159,0.412593738942616,-4.35546014710979,1.32787675522823e-05,0.000124946296658836,"WBGene00011416","WBGene00011416",NA
"WBGene00011418",295.81552250495,1.23006006899099,0.431121676495289,2.85316219539342,0.00432865219603156,0.0174522644987732,"WBGene00011418","WBGene00011418",NA
"WBGene00011419",52.6773131429349,-1.79703558691159,0.412593738942616,-4.35546014710979,1.32787675522823e-05,0.000124946296658836,"WBGene00011419","WBGene00011419",NA
"WBGene00011423",395.842464525083,-1.33220122229135,0.423001133464768,-3.14940343393267,0.00163604167945217,0.00764680958940805,"WBGene00011423","WBGene00011423",NA
"WBGene00011425",25.4867372851365,-4.29399133369463,0.935380043371279,-4.59063817335498,4.4189280648413e-06,4.83982673032771e-05,"WBGene00011425","WBGene00011425",NA
"WBGene00011432",162.99579354446,3.93018216106566,1.38041911936333,2.84709339789376,0.00441204158818934,0.0177238084373216,"WBGene00011432","WBGene00011432",NA
"WBGene00011434",409.353466160676,1.68947976073626,0.433496828928096,3.89732899526353,9.72594527341675e-05,0.00069610884222807,"WBGene00011434","WBGene00011434",NA
"WBGene00011436",869.0608566286,-1.10810655718776,0.371820258221368,-2.98022104144749,0.00288040453834775,0.0124117039694315,"WBGene00011436","WBGene00011436",NA
"WBGene00011438",42.1665932518489,-5.8293039602443,0.965553519770669,-6.03726654285185,1.56746695387908e-09,4.47181739955962e-08,"WBGene00011438","WBGene00011438",NA
"WBGene00011446",1779.02027144148,-1.09448099342135,0.261132177941352,-4.19129117694243,2.77371411280483e-05,0.000234861942027959,"WBGene00011446","WBGene00011446",NA
"WBGene00011460",421.763586985812,-2.71659996975805,0.583975293002395,-4.65190908298736,3.28876080503296e-06,3.76351146407815e-05,"WBGene00011460","WBGene00011460",NA
"WBGene00011462",240.684883722565,-3.08675628439234,0.72238069876324,-4.27303261241207,1.92832240397581e-05,0.00017150909844447,"WBGene00011462","WBGene00011462",NA
"WBGene00011466",58.9212407205116,-5.14220429324522,1.51769941130809,-3.38815726943796,0.000703639058709482,0.00379513700608854,"WBGene00011466","WBGene00011466",NA
"WBGene00011467",26.2855445185316,-5.32065909455709,1.16452938332243,-4.5689350314005,4.90208695490885e-06,5.29195837209306e-05,"WBGene00011467","WBGene00011467",NA
"WBGene00011475",162.513382484739,4.36576618700702,0.745467096391191,5.85641701443526,4.72959747141739e-09,1.20071290690886e-07,"WBGene00011475","WBGene00011475",NA
"WBGene00011478",44.0295492478011,-5.45777743168278,0.845262056975169,-6.45690574496368,1.0686540810391e-10,3.92654827256861e-09,"WBGene00011478","WBGene00011478",NA
"WBGene00011479",34.6976620370802,-1.02694872087791,0.352487065716792,-2.91343660735346,0.00357474408989516,0.0148874758965244,"WBGene00011479","WBGene00011479",NA
"WBGene00011491",63.7931859750672,-5.76524269820654,1.44719170925692,-3.98374497402753,6.78376717953889e-05,0.000510855554779501,"WBGene00011491","WBGene00011491",NA
"WBGene00011493",47.3131304292453,-4.29020178787035,0.926390788991176,-4.63109288094531,3.63740643629576e-06,4.09280024781248e-05,"WBGene00011493","WBGene00011493",NA
"WBGene00011494",26.1613545825039,-2.42037143316592,0.670560865393824,-3.60947314118073,0.000306819538763502,0.00188375071630014,"WBGene00011494","WBGene00011494",NA
"WBGene00011495",58.6862889015201,-2.09438595305622,0.697632832762608,-3.00213214559084,0.0026809576988881,0.0116790394362108,"WBGene00011495","WBGene00011495",NA
"WBGene00011509",685.452760836322,1.70481479560521,0.428555713279696,3.97804706080903,6.94836213695412e-05,0.000520235411333081,"WBGene00011509","WBGene00011509",NA
"WBGene00011530",39.872859459066,-4.36062815244742,1.02748811559571,-4.24396943016633,2.19600280881794e-05,0.000192443091026577,"WBGene00011530","WBGene00011530",NA
"WBGene00011554",42.7376488032682,-2.10891024911855,0.707325414197218,-2.98152760637347,0.00286814186306387,0.0123775216330833,"WBGene00011554","WBGene00011554",NA
"WBGene00011556",31.1320452506873,-2.39409525459892,0.53993041553027,-4.43408110700276,9.24658137916032e-06,9.11457845878196e-05,"WBGene00011556","WBGene00011556",NA
"WBGene00011615",209.566256083631,1.41059346127877,0.481271312509773,2.93097349584935,0.00337901609231847,0.0141839286365662,"WBGene00011615","WBGene00011615",NA
"WBGene00011616",12.8072033251102,-1.95325024524063,0.66298060934298,-2.94616496729267,0.00321740755735208,0.0136336810605494,"WBGene00011616","WBGene00011616",NA
"WBGene00011617",16.2323796435588,-5.04972798797104,1.37270809262454,-3.67866119177329,0.000234461488369793,0.00148742035209474,"WBGene00011617","WBGene00011617",NA
"WBGene00011642",237.726500518437,1.27395571607087,0.397485142445565,3.20503983679172,0.0013504378862869,0.00652749702695256,"WBGene00011642","WBGene00011642",NA
"WBGene00011669",18.7648402125346,-5.20026181162111,1.19104615729864,-4.36612954061799,1.26467494437614e-05,0.000119550257804023,"WBGene00011669","WBGene00011669",NA
"WBGene00011676",50.5040406633368,-1.04010226525765,0.329522021949947,-3.15639682927059,0.00159731384002495,0.00749520903331471,"WBGene00011676","WBGene00011676",NA
"WBGene00011705",38.2848352217203,-1.32898273859689,0.399732458756006,-3.32468056943079,0.000885198908570936,0.00459576752640915,"WBGene00011705","WBGene00011705",NA
"WBGene00011706",156.269810835253,3.1106943700666,0.608108114376233,5.11536402249359,3.13136462276317e-07,4.92395326798227e-06,"WBGene00011706","WBGene00011706",NA
"WBGene00011713",302.584412463409,-1.6053662951379,0.318657757452443,-5.03790118895032,4.70664296224827e-07,6.94959172101389e-06,"WBGene00011713","WBGene00011713",NA
"WBGene00011729",747.638877420074,1.10008980126437,0.255612473977683,4.30374067487966,1.6793822540428e-05,0.000152887965331425,"WBGene00011729","WBGene00011729",NA
"WBGene00011748",244.691810365917,-5.70710934044088,1.04855927335436,-5.44281042137346,5.24464547930691e-08,1.03681490782481e-06,"WBGene00011748","WBGene00011748",NA
"WBGene00011753",1602.41661294121,-1.13029579458647,0.204530898281281,-5.52628382354253,3.27084840480371e-08,6.86493924373853e-07,"WBGene00011753","WBGene00011753",NA
"WBGene00011777",89.6336795904386,-1.36969440479431,0.439402899973152,-3.11717197332563,0.00182595023078585,0.00839984121294564,"WBGene00011777","WBGene00011777",NA
"WBGene00011795",185.656995791164,-5.29283642219377,1.45746456483702,-3.63153695114752,0.000281738307217681,0.0017462643647278,"WBGene00011795","WBGene00011795",NA
"WBGene00011808",16.6075125094001,-5.94020852415465,1.38900502902322,-4.27659252488953,1.89775702554086e-05,0.000169529007287847,"WBGene00011808","WBGene00011808",NA
"WBGene00011809",148.939940657761,1.38103420808924,0.504039154617915,2.73993437897919,0.00614514521948709,0.0232361271487114,"WBGene00011809","WBGene00011809",NA
"WBGene00011820",290.364593978404,1.41177790251805,0.340382439291527,4.14762261371807,3.35945560174725e-05,0.00027855960133066,"WBGene00011820","WBGene00011820",NA
"WBGene00011823",74.2435436258433,-1.1207009421497,0.349195580579882,-3.2093789397009,0.00133022050275874,0.00644503106641718,"WBGene00011823","WBGene00011823",NA
"WBGene00011830",64.3152035834042,1.25097437621784,0.357908002255835,3.4952400290945,0.00047363560498655,0.00273522169780718,"WBGene00011830","WBGene00011830",NA
"WBGene00011831",316.809153019529,1.63773010647373,0.596044771493125,2.74766290185068,0.00600216841105846,0.0227919747872632,"WBGene00011831","WBGene00011831",NA
"WBGene00011888",20.4692612826732,-1.54541593970174,0.618370122501976,-2.49917627560798,0.0124482373793748,0.0414158884691349,"WBGene00011888","WBGene00011888",NA
"WBGene00011891",766.090048526517,-1.49315878624234,0.348870395035788,-4.2799813555093,1.86908970740793e-05,0.000167072540262548,"WBGene00011891","WBGene00011891",NA
"WBGene00011910",159.708739003819,-5.07323142749009,1.1137129279367,-4.55524157099346,5.23254097808646e-06,5.58958955155379e-05,"WBGene00011910","WBGene00011910",NA
"WBGene00011911",74.1411580321576,-4.86895004000265,0.90822451936097,-5.36095418721845,8.27835119664942e-08,1.55075325889528e-06,"WBGene00011911","WBGene00011911",NA
"WBGene00011918",62.5798833879372,-4.95384821532603,0.963098146936143,-5.14365875491035,2.69438761261365e-07,4.28851694288272e-06,"WBGene00011918","WBGene00011918",NA
"WBGene00011919",41.8963946769438,-4.8770463226787,0.929589403542214,-5.2464521476844,1.55056097562756e-07,2.68958349813649e-06,"WBGene00011919","WBGene00011919",NA
"WBGene00011924",41.0480319449434,1.14714992346472,0.397768178650814,2.88396605117013,0.00392701085780898,0.0160786155887783,"WBGene00011924","WBGene00011924",NA
"WBGene00011932",817.295548017824,1.03829564719277,0.23439063461249,4.42976592861462,9.43354224102887e-06,9.2796709739178e-05,"WBGene00011932","WBGene00011932",NA
"WBGene00011951",22.5978164616043,-5.79840577990369,1.29912824976061,-4.46330512862926,8.07049972048133e-06,8.10053739500278e-05,"WBGene00011951","WBGene00011951",NA
"WBGene00011954",67.8292114195729,-4.69100747299652,1.62356749594866,-2.88932088422695,0.00386074883262864,0.0158750526653513,"WBGene00011954","WBGene00011954",NA
"WBGene00011956",118.654471939971,1.32971359062327,0.348587837986308,3.8145725287051,0.000136418868002643,0.000936070513855873,"WBGene00011956","WBGene00011956",NA
"WBGene00011968",173.403130132459,-3.99839761261965,0.748277843376575,-5.34346653186608,9.11856719285846e-08,1.69923964651272e-06,"WBGene00011968","WBGene00011968",NA
"WBGene00011977",997.346403212461,2.76810244543884,0.269050339799589,10.2884183216448,7.94710366350185e-25,1.49457832450568e-22,"WBGene00011977","WBGene00011977",NA
"WBGene00012007",116.894777699657,-1.16621794644365,0.426054243050484,-2.73725227589265,0.0061954761791802,0.0233707946764377,"WBGene00012007","WBGene00012007",NA
"WBGene00012010",27.6611408537756,-6.02508459214239,1.15938875824533,-5.19677679233413,2.02773590813478e-07,3.36223078131908e-06,"WBGene00012010","WBGene00012010",NA
"WBGene00012011",10.210898794034,-3.84756187829474,1.15680604708606,-3.32602158156639,0.000880951073550288,0.00458036875018344,"WBGene00012011","WBGene00012011",NA
"WBGene00012012",49.0811392797796,-4.49683611230197,0.980905602206085,-4.58437193363812,4.55353071970173e-06,4.95686325793578e-05,"WBGene00012012","WBGene00012012",NA
"WBGene00012021",154.775885252536,2.88780391029111,0.646065291895535,4.46983292016568,7.82807236274945e-06,7.88489346587582e-05,"WBGene00012021","WBGene00012021",NA
"WBGene00012038",13.12790677623,3.50716392680434,1.22912958034949,2.85337199826166,0.00432579508648782,0.0174522644987732,"WBGene00012038","WBGene00012038",NA
"WBGene00012041",24.7692899394407,3.60684939426562,0.893312169505122,4.03761363316448,5.39976906932268e-05,0.000419222701291847,"WBGene00012041","WBGene00012041",NA
"WBGene00012063",12.8333705218027,4.97453949437951,1.29235385900475,3.84920852730725,0.000118500097133974,0.00083042141743194,"WBGene00012063","WBGene00012063",NA
"WBGene00012065",13.9648791393434,5.22363134085364,1.26284209238251,4.13640895592781,3.5278323234466e-05,0.000290624250138457,"WBGene00012065","WBGene00012065",NA
"WBGene00012066",9.5621761597041,4.79777536199855,1.26576160377313,3.79042573869897,0.000150389291614853,0.0010182445026296,"WBGene00012066","WBGene00012066",NA
"WBGene00012085",662.075424789717,-1.47662096395303,0.196680735433782,-7.50770511761773,6.01728577692999e-14,3.72316301340521e-12,"WBGene00012085","WBGene00012085",NA
"WBGene00012087",188.266751575871,-4.74471531210698,1.30627337772163,-3.63225293650446,0.000280957527185855,0.00174218044948695,"WBGene00012087","WBGene00012087",NA
"WBGene00012107",107.214482390587,1.75870594804284,0.538368871066689,3.26673038238309,0.00108797243295004,0.00544290863988623,"WBGene00012107","WBGene00012107",NA
"WBGene00012115",36.3916032707134,-5.25114135190535,1.03375509038757,-5.07967641536508,3.78078291024024e-07,5.7518410642518e-06,"WBGene00012115","WBGene00012115",NA
"WBGene00012118",372.65177099109,-1.4181191723701,0.349499855067706,-4.05756726879151,4.9586537112709e-05,0.000389203940116392,"WBGene00012118","WBGene00012118",NA
"WBGene00012119",21.3658204949953,2.33893768131633,0.737364133874716,3.17202529098566,0.0015137982312695,0.00716922402900429,"WBGene00012119","WBGene00012119",NA
"WBGene00012120",19.3068287020074,-3.70493721241982,0.993859997463807,-3.72782607396848,0.000193138588060449,0.00126340038404943,"WBGene00012120","WBGene00012120",NA
"WBGene00012138",23.0458152419325,-4.16957076377165,0.836184487271685,-4.98642444010912,6.15069450002482e-07,8.81764057059727e-06,"WBGene00012138","WBGene00012138",NA
"WBGene00012143",72.180025188027,-1.29698146990542,0.397015054456945,-3.26683196353722,0.00108758214205664,0.00544286118922115,"WBGene00012143","WBGene00012143",NA
"WBGene00012151",10.3803308852626,2.21799103727369,0.874999503890504,2.53484833695545,0.0112496019019832,0.0380029685618166,"WBGene00012151","WBGene00012151",NA
"WBGene00012162",25.9130727593096,-1.24463264889139,0.488911380610494,-2.54572239111563,0.0109051875215979,0.0370682204973294,"WBGene00012162","WBGene00012162",NA
"WBGene00012169",68.4488717585232,-4.81648781899822,0.930712041184565,-5.17505695195265,2.27841471187731e-07,3.70482155595703e-06,"WBGene00012169","WBGene00012169",NA
"WBGene00012172",15.1393012246939,-5.64497743296763,1.36531427306023,-4.13456267494729,3.55631192993902e-05,0.000292633082410009,"WBGene00012172","WBGene00012172",NA
"WBGene00012173",17.4109709089303,-5.31633457049702,1.12041953840442,-4.74494989445469,2.0855795360438e-06,2.56754421263342e-05,"WBGene00012173","WBGene00012173",NA
"WBGene00012177",44.1357854692162,-5.19378670315865,1.04555167730321,-4.96750836511015,6.78186337768667e-07,9.57837680407861e-06,"WBGene00012177","WBGene00012177",NA
"WBGene00012180",22.2137762991377,-4.90341414211274,1.11701855355415,-4.38973383791251,1.13489482312888e-05,0.000108574643286353,"WBGene00012180","WBGene00012180",NA
"WBGene00012186",182.72914396245,3.40724697248585,0.675328390779513,5.04531872050123,4.52765990768154e-07,6.71305425938716e-06,"WBGene00012186","WBGene00012186",NA
"WBGene00012191",25.3646584745266,-3.31232810473177,0.781864323227398,-4.23644871153484,2.27082760585994e-05,0.000198028913792288,"WBGene00012191","WBGene00012191",NA
"WBGene00012198",346.848253051854,2.29880365694354,0.400108610768965,5.74544909824734,9.1677333717986e-09,2.19856397790465e-07,"WBGene00012198","WBGene00012198",NA
"WBGene00012207",147.059358298105,-4.67829321897266,1.50095466698718,-3.11687842535794,0.00182776930316838,0.00840550407020131,"WBGene00012207","WBGene00012207",NA
"WBGene00012216",175.687953405239,-1.24586967701142,0.356160790971424,-3.49805399301064,0.000468666242269111,0.00271310109386489,"WBGene00012216","WBGene00012216",NA
"WBGene00012219",13.9979255119911,-2.85842672136912,1.07739151566404,-2.65309934207841,0.00797563937320464,0.0286854085458515,"WBGene00012219","WBGene00012219",NA
"WBGene00012223",10.6383573471127,-5.33302779324571,1.31488881757445,-4.05587736542124,4.99464616588556e-05,0.000391809572923399,"WBGene00012223","WBGene00012223",NA
"WBGene00012226",73.6332695127124,1.32061195349679,0.429729571816523,3.07312328521956,0.00211830953891242,0.00953305989914207,"WBGene00012226","WBGene00012226",NA
"WBGene00012231",201.083449100515,-1.17936537771673,0.297352690850528,-3.96621726994753,7.30223025976727e-05,0.000542185855079759,"WBGene00012231","WBGene00012231",NA
"WBGene00012238",23.1017916193598,4.98724544442202,1.08712548004828,4.58755271213083,4.48472214207881e-06,4.89313996768949e-05,"WBGene00012238","WBGene00012238",NA
"WBGene00012239",273.366777037189,2.76143339381476,0.430244258401156,6.41829226048619,1.37811497272787e-10,4.98668286207582e-09,"WBGene00012239","WBGene00012239",NA
"WBGene00012240",56.8243047341945,3.24866769581154,0.786555572454507,4.13024560448263,3.62375889921183e-05,0.00029698615794974,"WBGene00012240","WBGene00012240",NA
"WBGene00012247",32.6713501918812,1.48098581250731,0.529976136745003,2.794438673415,0.00519899006950675,0.0203252639670295,"WBGene00012247","WBGene00012247",NA
"WBGene00012250",12.2644831579384,-2.82589288636823,1.10612718712233,-2.55476306817844,0.0106260100307531,0.036290934616381,"WBGene00012250","WBGene00012250",NA
"WBGene00012255",17.5134727310109,2.13196486078497,0.875167091754262,2.43606607340716,0.0148479720926003,0.0478624413891602,"WBGene00012255","WBGene00012255",NA
"WBGene00012261",81.7827812488385,3.91663219134726,0.501661105448974,7.80732679652725,5.84136688155367e-15,4.13975144050287e-13,"WBGene00012261","WBGene00012261",NA
"WBGene00012272",24.1277337516457,-3.52940432476442,0.764255595058317,-4.61809419202893,3.87280463422565e-06,4.31441906757499e-05,"WBGene00012272","WBGene00012272",NA
"WBGene00012290",18.1930240979955,1.50020142423907,0.509863834588439,2.94235700292418,0.00325724180139047,0.0137535471395196,"WBGene00012290","WBGene00012290",NA
"WBGene00012294",13.6734614325471,-2.69076707936246,1.00265701170252,-2.68363662544335,0.0072826212168524,0.0266012024156584,"WBGene00012294","WBGene00012294",NA
"WBGene00012296",62.1132135827649,-4.52371615883635,0.714019229767242,-6.33556628483382,2.36471123468292e-10,8.1442934162224e-09,"WBGene00012296","WBGene00012296",NA
"WBGene00012297",11.7164564313121,-3.2053557042832,1.00722975772055,-3.18234809854824,0.00146086123628318,0.00695539295476201,"WBGene00012297","WBGene00012297",NA
"WBGene00012307",10.3209412854655,-3.84138158492307,1.08239856831471,-3.54895294337287,0.000386766190382279,0.00230292090488342,"WBGene00012307","WBGene00012307",NA
"WBGene00012317",391.122688769977,2.17108250277314,0.320805178089283,6.76760430023017,1.3093225930739e-11,5.65382109450309e-10,"WBGene00012317","WBGene00012317",NA
"WBGene00012322",19.1598367673323,-2.91843504863923,0.735255124522706,-3.96928215975883,7.20894775252056e-05,0.000536374233351256,"WBGene00012322","WBGene00012322",NA
"WBGene00012323",81.9588373492792,-1.39353970256615,0.526244048920118,-2.64808638772404,0.00809488368164361,0.0290557941892848,"WBGene00012323","WBGene00012323",NA
"WBGene00012345",14.7715569175851,-2.70151644934774,0.835652094715902,-3.23282436127463,0.00122572897892931,0.00601078410841838,"WBGene00012345","WBGene00012345",NA
"WBGene00012357",82.1096967040563,-4.45332133660413,0.774832947401181,-5.74745995448533,9.05940461065294e-09,2.17623647226996e-07,"WBGene00012357","WBGene00012357",NA
"WBGene00012381",15.6016950880742,-1.71201581210468,0.591800310059505,-2.8928944155716,0.00381709590288108,0.0157317623240713,"WBGene00012381","WBGene00012381",NA
"WBGene00012404",147.938182080952,-1.11543786553386,0.359156833473002,-3.10571249542355,0.00189821178169587,0.00869866655844152,"WBGene00012404","WBGene00012404",NA
"WBGene00012420",61.6654438928592,3.96236926741575,0.475774215765804,8.32825558030282,8.20422459096886e-17,7.10684739871018e-15,"WBGene00012420","WBGene00012420",NA
"WBGene00012428",359.892650889657,-1.15332286007595,0.2801124102339,-4.11735723923441,3.83241778450308e-05,0.000311869945160885,"WBGene00012428","WBGene00012428",NA
"WBGene00012435",1240.85538860004,1.03946195677341,0.292379413239884,3.55518175939623,0.000377717882712662,0.00225982490481879,"WBGene00012435","WBGene00012435",NA
"WBGene00012436",379.636661151341,1.52985761761032,0.476220068088161,3.21250136255724,0.0013158452432644,0.00638620579354094,"WBGene00012436","WBGene00012436",NA
"WBGene00012467",18.5069810121819,3.72636655714584,0.952049439717154,3.91404731906875,9.07618370913614e-05,0.000655181281589307,"WBGene00012467","WBGene00012467",NA
"WBGene00012486",13.9671376211267,-3.63768685597951,0.85851846417079,-4.23716787441842,2.26356894892303e-05,0.000197637086053493,"WBGene00012486","WBGene00012486",NA
"WBGene00012492",42.8107466227596,2.1210786789831,0.522996940374854,4.05562349459029,5.00007458904554e-05,0.000391809572923399,"WBGene00012492","WBGene00012492",NA
"WBGene00012498",28.6750747745042,1.63299633424513,0.491588186838238,3.32187871467808,0.000894135507034333,0.00463879448349972,"WBGene00012498","WBGene00012498",NA
"WBGene00012499",17.9988189456553,2.73742801890208,0.748743958483912,3.65602685388599,0.000256154533167456,0.00161074207767816,"WBGene00012499","WBGene00012499",NA
"WBGene00012529",252.313399471433,-1.329777027246,0.488185449034583,-2.72391778549671,0.00645125635645849,0.024144489945761,"WBGene00012529","WBGene00012529",NA
"WBGene00012535",45.210380857934,2.09479779788229,0.371954055251693,5.63187245388355,1.78263502491041e-08,3.98735561988176e-07,"WBGene00012535","WBGene00012535",NA
"WBGene00012547",24.0610159829936,-3.78692171909217,0.931890643675927,-4.06369754304466,4.83014070882543e-05,0.000381210387361909,"WBGene00012547","WBGene00012547",NA
"WBGene00012554",138.134848442905,-1.00696429378044,0.314959880261817,-3.19711924243616,0.00138807532388859,0.00668230400954515,"WBGene00012554","WBGene00012554",NA
"WBGene00012581",25.1036132776498,2.89049850483533,1.07958457441405,2.67741738196303,0.00741921475733131,0.0270241683299023,"WBGene00012581","WBGene00012581",NA
"WBGene00012583",104.273258164785,2.43566761655667,0.751811499913241,3.23973179026623,0.00119642180395353,0.00589897203883933,"WBGene00012583","WBGene00012583",NA
"WBGene00012592",64.7064997431415,-1.51354165931433,0.35890051835628,-4.21716208782914,2.47396149955554e-05,0.000213399708588699,"WBGene00012592","WBGene00012592",NA
"WBGene00012595",299.924921303004,-5.09442177752272,1.09503505585326,-4.65229103880431,3.28267321971862e-06,3.75955515460242e-05,"WBGene00012595","WBGene00012595",NA
"WBGene00012605",64.9558505383155,-3.17279131490883,0.608319823361877,-5.21566319732014,1.83160716983221e-07,3.09812559507832e-06,"WBGene00012605","WBGene00012605",NA
"WBGene00012627",13.6422240380724,-3.38546216418572,1.06927949140484,-3.16611530605328,0.00154489540972795,0.00729474400107091,"WBGene00012627","WBGene00012627",NA
"WBGene00012628",21.4353739504594,1.53227884346381,0.538258404995421,2.84673463385462,0.00441701653101571,0.0177388078892407,"WBGene00012628","WBGene00012628",NA
"WBGene00012637",92.5781795584341,-5.35285070022226,1.2653700007587,-4.23026521650801,2.33415950435165e-05,0.000202686159147619,"WBGene00012637","WBGene00012637",NA
"WBGene00012638",38.9812712697128,-8.00046262578949,1.39608596773106,-5.73063751854188,1.00053873263475e-08,2.38345001759142e-07,"WBGene00012638","WBGene00012638",NA
"WBGene00012683",105.690630967593,-1.57900789331112,0.537350107228885,-2.93850856651739,0.00329795543855337,0.013909022450057,"WBGene00012683","WBGene00012683",NA
"WBGene00012689",46.40244520374,-5.68983827404323,0.968238141155614,-5.87648640576406,4.19065803399019e-09,1.07535144128944e-07,"WBGene00012689","WBGene00012689",NA
"WBGene00012703",36.4530499444611,1.04740410301541,0.365941481815123,2.86221747209454,0.00420688141098662,0.0170433548773332,"WBGene00012703","WBGene00012703",NA
"WBGene00012720",10.7868579121101,-3.48921584050703,0.950404277237356,-3.67129644097301,0.000241323240018364,0.00152746870494411,"WBGene00012720","WBGene00012720",NA
"WBGene00012723",97.5077613934093,1.3731871751255,0.420270054307712,3.26739238508792,0.00108543124054106,0.00543780887523777,"WBGene00012723","WBGene00012723",NA
"WBGene00012741",33.2133479911995,-5.62207818246139,1.00996571403704,-5.56660300871879,2.59753255336388e-08,5.61672205525416e-07,"WBGene00012741","WBGene00012741",NA
"WBGene00012761",16.415453716832,-4.93807217942649,1.25112746000217,-3.94689776804828,7.91703415367596e-05,0.000580346705771468,"WBGene00012761","WBGene00012761",NA
"WBGene00012777",27.9415206892675,-1.28507724898724,0.451832882374818,-2.84414282163997,0.00445310821447651,0.0178486471423199,"WBGene00012777","WBGene00012777",NA
"WBGene00012781",216.798619836796,-4.65097566415927,1.16161247850471,-4.00389609290895,6.23077401631677e-05,0.000473201131855556,"WBGene00012781","WBGene00012781",NA
"WBGene00012783",234.323348964024,1.01924990968756,0.292623285842649,3.48314696403088,0.000495556242395572,0.00283319414902396,"WBGene00012783","WBGene00012783",NA
"WBGene00012784",19.0859593743765,-5.82092742293647,1.3161991319012,-4.4225279305027,9.7552733492965e-06,9.56324567774313e-05,"WBGene00012784","WBGene00012784",NA
"WBGene00012786",65.3228776974403,-4.42551673764536,0.719734632143791,-6.14881727236549,7.80628476174626e-10,2.38408607050511e-08,"WBGene00012786","WBGene00012786",NA
"WBGene00012809",134.085523898987,-6.33484337924565,1.22578235058491,-5.16800015616382,2.36612112458084e-07,3.83000784072864e-06,"WBGene00012809","WBGene00012809",NA
"WBGene00012819",95.4478009546292,-1.12431100578349,0.368768201387334,-3.04882850949118,0.00229735582614833,0.0102165858192713,"WBGene00012819","WBGene00012819",NA
"WBGene00012827",66.459078935435,-5.56771301170818,0.799518174061713,-6.96383546032865,3.31131334421697e-12,1.56200005375885e-10,"WBGene00012827","WBGene00012827",NA
"WBGene00012831",51.1359413345767,-3.61733085678494,0.714635648971352,-5.06178338848858,4.15352776181926e-07,6.22941996848717e-06,"WBGene00012831","WBGene00012831",NA
"WBGene00012840",29.5757217923988,1.89313198271019,0.598688246236599,3.16213320473646,0.00156617904281551,0.00737817965028415,"WBGene00012840","WBGene00012840",NA
"WBGene00012841",22.510144870425,2.51324210708811,0.909192039037666,2.76425881351563,0.00570522669797812,0.0218736065435089,"WBGene00012841","WBGene00012841",NA
"WBGene00012844",22.510144870425,2.51324210708811,0.909192039037666,2.76425881351563,0.00570522669797812,0.0218736065435089,"WBGene00012844","WBGene00012844",NA
"WBGene00012854",118.089853499625,-1.33655236594602,0.320954122936941,-4.16430969546579,3.12295980593017e-05,0.000261960932269725,"WBGene00012854","WBGene00012854",NA
"WBGene00012855",39.3716519524111,-6.38940332202528,1.31068300690818,-4.87486546201395,1.08882635231802e-06,1.46540443066681e-05,"WBGene00012855","WBGene00012855",NA
"WBGene00012859",29.7640016534429,-2.89057490558558,0.603468236287994,-4.78993711974943,1.6683358549779e-06,2.12337705923411e-05,"WBGene00012859","WBGene00012859",NA
"WBGene00012871",16.3126214010349,-3.75466139168874,1.18339845788997,-3.1727786753951,0.00150987577800165,0.00715301773118248,"WBGene00012871","WBGene00012871",NA
"WBGene00012877",11.7065840322313,-2.63191818629723,0.974320563810529,-2.70128567953436,0.00690719810331794,0.0254970512631,"WBGene00012877","WBGene00012877",NA
"WBGene00012878",124.011828221294,3.35658490469609,0.417221091796522,8.04509879939888,8.61758707610852e-16,6.88107106585582e-14,"WBGene00012878","WBGene00012878",NA
"WBGene00012886",58.9673265731455,4.76825300622254,0.460206544817682,10.3611151556125,3.72592427638029e-25,7.10061809097379e-23,"WBGene00012886","WBGene00012886",NA
"WBGene00012899",67.3415543417141,4.11437244414471,0.705402316170688,5.83266080905402,5.45503886773291e-09,1.37027891979801e-07,"WBGene00012899","WBGene00012899",NA
"WBGene00012901",157.12381232137,-2.74757870612322,0.67323654146467,-4.08114910124409,4.48135945328736e-05,0.000357234080679511,"WBGene00012901","WBGene00012901",NA
"WBGene00012905",14.8804540681113,-3.9484016897019,0.936666306429533,-4.21537709064476,2.49361171992339e-05,0.000214705977788343,"WBGene00012905","WBGene00012905",NA
"WBGene00012911",337.367860618397,-1.26613819538715,0.200494792607977,-6.3150677327705,2.70043176862449e-10,9.18982649260709e-09,"WBGene00012911","WBGene00012911",NA
"WBGene00012912",22.3447299654396,-8.15216641620145,1.63060405182959,-4.99947636402257,5.74862183372195e-07,8.32472663317e-06,"WBGene00012912","WBGene00012912",NA
"WBGene00012922",58.6631544576609,3.03129947248404,0.519223359699819,5.83814155479549,5.27863015208113e-09,1.33064304697876e-07,"WBGene00012922","WBGene00012922",NA
"WBGene00012925",33.2685612182429,-5.80831523364746,1.07021112739685,-5.4272611122774,5.72253816408451e-08,1.1219785731037e-06,"WBGene00012925","WBGene00012925",NA
"WBGene00012926",96.280956589682,-4.01752517724414,0.658052990702213,-6.10516969607115,1.02691515936635e-09,3.03258230843456e-08,"WBGene00012926","WBGene00012926",NA
"WBGene00012933",174.982537428245,-1.04425267860876,0.318128343563619,-3.28248865508562,0.00102895125936459,0.00519491358180788,"WBGene00012933","WBGene00012933",NA
"WBGene00012937",60.2862186660127,-4.92952387943278,0.7763543436578,-6.34957982743716,2.1590380879917e-10,7.49008043487024e-09,"WBGene00012937","WBGene00012937",NA
"WBGene00012946",15.478422496531,-2.35105002853304,0.742383032192225,-3.16689623359318,0.00154075285845107,0.00727758777456746,"WBGene00012946","WBGene00012946",NA
"WBGene00012958",29.1021019010371,1.74143211634977,0.635503825222151,2.74023860633888,0.00613945956074394,0.0232269178141115,"WBGene00012958","WBGene00012958",NA
"WBGene00012959",29.6918185085809,-1.61093974933697,0.65612225669339,-2.4552432613024,0.0140789279889742,0.0458278564669569,"WBGene00012959","WBGene00012959",NA
"WBGene00012968",78.0378451064804,-1.03750522029989,0.399284033627546,-2.59841399335211,0.00936555034432114,0.0326651564351835,"WBGene00012968","WBGene00012968",NA
"WBGene00012979",34.7022742347692,-5.02608459794885,1.09762138198472,-4.5790695046963,4.67048993163384e-06,5.0785663217843e-05,"WBGene00012979","WBGene00012979",NA
"WBGene00012982",537.350162577885,1.08259846814094,0.306082287582457,3.53695235582454,0.000404772678051483,0.00239363503822501,"WBGene00012982","WBGene00012982",NA
"WBGene00012990",530.636995723765,1.32332306565517,0.27948306935146,4.73489527908056,2.19168232529825e-06,2.67741157910153e-05,"WBGene00012990","WBGene00012990",NA
"WBGene00013033",45.970506626468,-4.30655304267622,0.99915449949489,-4.3101973166846,1.63108943046576e-05,0.000149156501789169,"WBGene00013033","WBGene00013033",NA
"WBGene00013073",42.5855743328348,-3.98255511737499,0.956823041718521,-4.1622692428289,3.15100504837674e-05,0.000264148475990902,"WBGene00013073","WBGene00013073",NA
"WBGene00013074",42.2911575066919,1.55400278672772,0.499798338013524,3.10925961239524,0.00187556837238879,0.008603176747931,"WBGene00013074","WBGene00013074",NA
"WBGene00013080",510.310778830482,-1.22157170760363,0.362879949165308,-3.36632462171987,0.000761770043956012,0.00404757592500494,"WBGene00013080","WBGene00013080",NA
"WBGene00013082",131.224676958783,1.71906151937741,0.352742691842365,4.87341498245873,1.09685482233758e-06,1.47482088200104e-05,"WBGene00013082","WBGene00013082",NA
"WBGene00013085",14.3538972657119,-4.32128054335158,1.18287844434524,-3.65319070950145,0.00025900171852558,0.00162507092312823,"WBGene00013085","WBGene00013085",NA
"WBGene00013086",90.0174708543528,3.0476311119584,0.814335293913559,3.74247700515595,0.000182215211406353,0.00120073859687921,"WBGene00013086","WBGene00013086",NA
"WBGene00013087",27.8680247768717,-4.19419925729724,0.845853253426987,-4.95854244256244,7.10240235348145e-07,1.00014420530355e-05,"WBGene00013087","WBGene00013087",NA
"WBGene00013100",62.9855269404021,4.07304986168051,0.652812903507206,6.23923001490664,4.39729998159245e-10,1.41237322779553e-08,"WBGene00013100","WBGene00013100",NA
"WBGene00013106",977.355164122484,1.31702313326563,0.272141875793878,4.83947253403643,1.30184180577109e-06,1.70552015855969e-05,"WBGene00013106","WBGene00013106",NA
"WBGene00013107",24.1879010879439,-2.32836201161003,0.708611385493955,-3.28580948496473,0.00101689763272016,0.00515084690287136,"WBGene00013107","WBGene00013107",NA
"WBGene00013118",94.5850821520175,-1.00911854611353,0.266202773991605,-3.79078899510401,0.000150169491002104,0.00101723816819577,"WBGene00013118","WBGene00013118",NA
"WBGene00013138",37.4655670552388,-4.09281400799485,0.861754040348975,-4.74939926749566,2.04021789146738e-06,2.52774212360942e-05,"WBGene00013138","WBGene00013138",NA
"WBGene00013142",11.9852120230991,-5.05078711588953,1.3157328510914,-3.83876340223619,0.000123655513432709,0.000858798956994025,"WBGene00013142","WBGene00013142",NA
"WBGene00013145",31.2295730939992,3.73042986871097,0.823569379213818,4.52958786820372,5.90988526007554e-06,6.20190822483551e-05,"WBGene00013145","WBGene00013145",NA
"WBGene00013148",21.7176622765879,-7.03223826777033,1.42435440979292,-4.9371407982601,7.92762380884363e-07,1.10545880097368e-05,"WBGene00013148","WBGene00013148",NA
"WBGene00013149",29.130218790155,-1.22441111244098,0.388262981933366,-3.15356129586187,0.00161291352240934,0.00755848294288414,"WBGene00013149","WBGene00013149",NA
"WBGene00013158",25.9702247608933,-3.96476360965709,0.892572074411548,-4.44195345487474,8.91458464260908e-06,8.83607200393977e-05,"WBGene00013158","WBGene00013158",NA
"WBGene00013165",55.2828027811064,-4.01062857607717,0.717230412856787,-5.59182726245881,2.24692301861788e-08,4.88816905709367e-07,"WBGene00013165","WBGene00013165",NA
"WBGene00013170",11.1829539384002,-6.34789814800323,1.55465089425475,-4.08316630535001,4.4426205844983e-05,0.000354721023525189,"WBGene00013170","WBGene00013170",NA
"WBGene00013190",14.4772507926137,-4.03495960244992,1.06965778903477,-3.77219671918713,0.000161816595151398,0.00108431532794137,"WBGene00013190","WBGene00013190",NA
"WBGene00013192",27.3714796442587,-5.88612461049838,1.13371645711137,-5.19188424369864,2.08176425263027e-07,3.4313854226285e-06,"WBGene00013192","WBGene00013192",NA
"WBGene00013194",18.6592358267931,-6.04323808007077,1.45947430829063,-4.14069507475521,3.46254997489846e-05,0.000285649681443363,"WBGene00013194","WBGene00013194",NA
"WBGene00013230",26.7999775112573,4.80959397610509,1.03521914686852,4.64596698259867,3.38487142173606e-06,3.84884385289368e-05,"WBGene00013230","WBGene00013230",NA
"WBGene00013233",51.6060849661081,3.06008358247558,0.693188429808737,4.41450470158584,1.01241515900479e-05,9.84384344738471e-05,"WBGene00013233","WBGene00013233",NA
"WBGene00013234",34.1445148697123,3.57147650522277,0.648625571487356,5.50622217535003,3.66615798702187e-08,7.55048935281031e-07,"WBGene00013234","WBGene00013234",NA
"WBGene00013254",62.0127081112033,1.75432922850758,0.683948701643013,2.56500118253497,0.0103175453380577,0.0354388561047053,"WBGene00013254","WBGene00013254",NA
"WBGene00013278",48.4294250534807,2.85050249786468,0.716536301625384,3.97816899352989,6.94480065574297e-05,0.000520235411333081,"WBGene00013278","WBGene00013278",NA
"WBGene00013279",10.1596382700764,-5.12758849819572,1.32253136619341,-3.87710161684426,0.000105708216220406,0.000749820116346531,"WBGene00013279","WBGene00013279",NA
"WBGene00013280",28.3022068740983,4.8865578313205,1.03277745149723,4.73147222979779,2.22897314534472e-06,2.71368936681534e-05,"WBGene00013280","WBGene00013280",NA
"WBGene00013290",353.5539785172,-5.35111343898691,1.30140697554517,-4.11179096127502,3.92601693097296e-05,0.00031792951838185,"WBGene00013290","WBGene00013290",NA
"WBGene00013292",63.4312290674089,-1.56172840999663,0.448790883403792,-3.47985769709027,0.000501680174716862,0.00286248093302519,"WBGene00013292","WBGene00013292",NA
"WBGene00013299",20.9455343175864,-8.03897854852481,1.5149568716515,-5.30640752813068,1.11806839707183e-07,2.02541845365623e-06,"WBGene00013299","WBGene00013299",NA
"WBGene00013303",48.4745965313755,-3.9829743446448,0.750301496546518,-5.30849846758617,1.10532014651944e-07,2.00741306914896e-06,"WBGene00013303","WBGene00013303",NA
"WBGene00013304",30.5512861232513,-5.67154607391151,1.16993850569466,-4.847730069833,1.24882163379526e-06,1.64662431843503e-05,"WBGene00013304","WBGene00013304",NA
"WBGene00013310",29.5073386837873,-2.14732103440574,0.558011367355232,-3.84816718803284,0.000119004829522481,0.000832160483544435,"WBGene00013310","WBGene00013310",NA
"WBGene00013318",26.6093968553072,-4.9702255621473,1.10830534282734,-4.48452729594177,7.3075751649409e-06,7.45518714007853e-05,"WBGene00013318","WBGene00013318",NA
"WBGene00013319",48.3634361623127,1.63278555219519,0.659666376806079,2.475168675567,0.0133173263038758,0.0437976403270355,"WBGene00013319","WBGene00013319",NA
"WBGene00013321",214.994379851754,-1.00739413017439,0.176215449390568,-5.71683205790641,1.08528280908577e-08,2.55551024551282e-07,"WBGene00013321","WBGene00013321",NA
"WBGene00013334",32.7056149151505,1.36720023619912,0.370036956482434,3.69476673139816,0.000220088747990135,0.00140874539857725,"WBGene00013334","WBGene00013334",NA
"WBGene00013366",115.692585590081,-1.13922574096011,0.33928397487007,-3.35773518745289,0.000785838592147642,0.00415624634390603,"WBGene00013366","WBGene00013366",NA
"WBGene00013383",278.240799630446,1.23766821582027,0.433253712996661,2.85668230575513,0.00428094084047064,0.0173041536857599,"WBGene00013383","WBGene00013383",NA
"WBGene00013403",25.446850041113,6.98020169662216,1.27566429894127,5.47181707790628,4.45444487340991e-08,8.99256787791636e-07,"WBGene00013403","WBGene00013403",NA
"WBGene00013404",18.5655481936278,5.58308017259944,1.13205896646701,4.93179272279731,8.14783516355071e-07,1.1295539087549e-05,"WBGene00013404","WBGene00013404",NA
"WBGene00013418",58.2347403773513,2.34097139361748,0.411239050005768,5.69248322498714,1.25204903113618e-08,2.91933716183188e-07,"WBGene00013418","WBGene00013418",NA
"WBGene00013429",18.4821858428704,-3.70349112876685,0.890491962591796,-4.15892706991735,3.19745959590186e-05,0.000267629354485304,"WBGene00013429","WBGene00013429",NA
"WBGene00013437",20.4811155096795,-3.98181789720477,1.00118813052237,-3.97709259210578,6.97630057330579e-05,0.000522053738713401,"WBGene00013437","WBGene00013437",NA
"WBGene00013438",191.685206187769,1.45100854028612,0.366175470066778,3.96260443120754,7.41365609757568e-05,0.000548180996392391,"WBGene00013438","WBGene00013438",NA
"WBGene00013449",22.1819131165293,-4.82215796709602,0.924106616666678,-5.21818357333043,1.8068633801932e-07,3.06716131747047e-06,"WBGene00013449","WBGene00013449",NA
"WBGene00013452",13.7575531557693,-4.79987044007562,1.30292787953839,-3.68391107094597,0.000229682400950604,0.00146164316864959,"WBGene00013452","WBGene00013452",NA
"WBGene00013453",57.3563161810786,1.85485643665747,0.602960386214287,3.07624925130366,0.00209622532774277,0.00944854891498817,"WBGene00013453","WBGene00013453",NA
"WBGene00013455",14.2481757035828,-2.82895180383151,0.792063975439151,-3.57162033819684,0.000354779466862184,0.00214050777537408,"WBGene00013455","WBGene00013455",NA
"WBGene00013473",276.878347076244,-5.51787152339612,1.39570763659726,-3.95345800131086,7.70297898055667e-05,0.000567518961696373,"WBGene00013473","WBGene00013473",NA
"WBGene00013474",537.001119187056,-5.12062065730937,1.24447833515218,-4.11467239940599,3.87729682922744e-05,0.000314876156705386,"WBGene00013474","WBGene00013474",NA
"WBGene00013475",11.1123493203189,-4.6873367924859,1.41800145959095,-3.30559377127724,0.000947753850032707,0.00487099812244426,"WBGene00013475","WBGene00013475",NA
"WBGene00013478",16.6526263688884,-4.23068526918717,1.29977313206781,-3.25494131614842,0.00113415798408812,0.00563256430388171,"WBGene00013478","WBGene00013478",NA
"WBGene00013500",32.6578620506031,2.79841699141565,0.948398709743975,2.95067566274009,0.00317079683471525,0.0134607415937594,"WBGene00013500","WBGene00013500",NA
"WBGene00013508",174.13226985064,4.46334908920337,1.24183159431587,3.59416615717709,0.000325432117232983,0.00198438619949276,"WBGene00013508","WBGene00013508",NA
"WBGene00013509",126.131143880011,1.90823696662512,0.423638812098133,4.50439599047664,6.65619879459224e-06,6.86414497627034e-05,"WBGene00013509","WBGene00013509",NA
"WBGene00013521",11.5972381266286,-3.85480698378979,1.25202958427641,-3.07884656417093,0.00207803676195421,0.00938728806530075,"WBGene00013521","WBGene00013521",NA
"WBGene00013523",15.4195707525842,-5.69219280989999,1.2038205059653,-4.72843981448514,2.26251670368788e-06,2.74517412952554e-05,"WBGene00013523","WBGene00013523",NA
"WBGene00013524",10.5874808741503,-7.14173595499891,1.47394216325304,-4.8453298460754,1.26401502056613e-06,1.66053002655807e-05,"WBGene00013524","WBGene00013524",NA
"WBGene00013526",27.982010581627,-5.1645661962881,0.958859122196762,-5.38615744141433,7.19799173403487e-08,1.36809701934256e-06,"WBGene00013526","WBGene00013526",NA
"WBGene00013543",90.5586470957592,1.50020484469529,0.452304801199793,3.31680061921921,0.000910545706490789,0.00471025326922651,"WBGene00013543","WBGene00013543",NA
"WBGene00013554",64.8136156188818,1.18335490321098,0.309550069807782,3.82282227862458,0.000131932872653865,0.000910094859479583,"WBGene00013554","WBGene00013554",NA
"WBGene00013556",32.9433453506573,-3.55008302281755,0.714795939433018,-4.96656853651618,6.814797587068e-07,9.61539011964096e-06,"WBGene00013556","WBGene00013556",NA
"WBGene00013583",25.7446013251008,3.58224597551363,1.11245473529673,3.22012740101116,0.00128133638774848,0.00624629638134004,"WBGene00013583","WBGene00013583",NA
"WBGene00013590",35.4396618199203,-1.82740715924063,0.735928870836033,-2.48313013887423,0.0130233499187599,0.0430444439937896,"WBGene00013590","WBGene00013590",NA
"WBGene00013602",13.500718398881,-2.37294374059,0.866512746282023,-2.73849836689844,0.00617204669668708,0.023319340057031,"WBGene00013602","WBGene00013602",NA
"WBGene00013632",153.702897434428,1.1657947888509,0.284643857905564,4.09562601290233,4.21029137229286e-05,0.000338457224882912,"WBGene00013632","WBGene00013632",NA
"WBGene00013639",140.986387608091,-1.06533162894469,0.244637375506528,-4.35473781035663,1.33226279673732e-05,0.000125276527327411,"WBGene00013639","WBGene00013639",NA
"WBGene00013644",12.2650002928431,-1.81800971267106,0.724241428070388,-2.51022606855676,0.0120653892183987,0.0403204601586561,"WBGene00013644","WBGene00013644",NA
"WBGene00013652",26.0204450906157,2.27794370031809,0.71533927917331,3.18442418393496,0.00145042299614163,0.00692228440315611,"WBGene00013652","WBGene00013652",NA
"WBGene00013654",190.704657394503,1.70592064086642,0.38685348634743,4.40973314464161,1.03498078083263e-05,0.000100223443769924,"WBGene00013654","WBGene00013654",NA
"WBGene00013656",13.4229317077744,-4.86398485834318,1.18274832741438,-4.11244281272958,3.9149446677276e-05,0.000317392536221388,"WBGene00013656","WBGene00013656",NA
"WBGene00013657",30.2044835033677,-4.99132531322776,0.946373867690728,-5.27415800840658,1.33366966195587e-07,2.36796776128389e-06,"WBGene00013657","WBGene00013657",NA
"WBGene00013683",176.543891897304,1.37629555514051,0.278120137012971,4.94856492565416,7.47626524539567e-07,1.04762999169059e-05,"WBGene00013683","WBGene00013683",NA
"WBGene00013684",38.6206715787243,-4.59508251876817,1.03386697392583,-4.44455876302885,8.80724338930533e-06,8.74180067800979e-05,"WBGene00013684","WBGene00013684",NA
"WBGene00013696",173.924501261191,-4.81955461145721,1.28633867919156,-3.74672291941513,0.000179159793312386,0.00118387929996021,"WBGene00013696","WBGene00013696",NA
"WBGene00013698",62.9993845821142,2.78014420175423,0.72210441742778,3.85005843290286,0.000118089648555263,0.000828192024926583,"WBGene00013698","WBGene00013698",NA
"WBGene00013699",82.4574657155543,3.29706646978219,0.901912257145298,3.65563994020654,0.000256541216736531,0.00161246420880178,"WBGene00013699","WBGene00013699",NA
"WBGene00013700",109.866149053092,-5.02429486493914,1.70005758916426,-2.9553674516456,0.00312296856944914,0.013308464449355,"WBGene00013700","WBGene00013700",NA
"WBGene00013710",35.1157437963846,-3.58644659126595,0.67746152707474,-5.29394873056795,1.19703005665396e-07,2.1493907788637e-06,"WBGene00013710","WBGene00013710",NA
"WBGene00013713",131.389001682357,-4.89169287759069,0.809002966612422,-6.04656976484761,1.47962178486025e-09,4.25517790161118e-08,"WBGene00013713","WBGene00013713",NA
"WBGene00013723",113.602548336528,-5.00722952514162,0.7638762367483,-6.55502722071393,5.56317279327082e-11,2.11474544505904e-09,"WBGene00013723","WBGene00013723",NA
"WBGene00013742",478.909078426698,1.00429718416791,0.288276632637243,3.48379670936314,0.000494354825851167,0.00282858828098108,"WBGene00013742","WBGene00013742",NA
"WBGene00013761",9.63964899165931,2.24979849943334,0.778158139644812,2.89118417557163,0.00383793129097558,0.0158085164097735,"WBGene00013761","WBGene00013761",NA
"WBGene00013771",123.551654340051,-4.7018642636647,1.45432181952948,-3.23302875644532,0.00122485232517576,0.00600989161817274,"WBGene00013771","WBGene00013771",NA
"WBGene00013796",27.8811263258972,4.12207191575979,1.07742870918397,3.82584191475815,0.000130325907425895,0.000900313288950372,"WBGene00013796","WBGene00013796",NA
"WBGene00013799",34.079772330897,2.17329031833189,0.574133295943069,3.78534102392033,0.000153497936763198,0.00103536857487324,"WBGene00013799","WBGene00013799",NA
"WBGene00013800",20.8245145973771,-4.55660362110332,1.0982218210226,-4.14907401572161,3.33822871431533e-05,0.000277714424512585,"WBGene00013800","WBGene00013800",NA
"WBGene00013801",19.4711999024094,-4.47388962064323,1.15417233701068,-3.87627521227087,0.000106067708336118,0.000751996902404826,"WBGene00013801","WBGene00013801",NA
"WBGene00013809",43.8262589206482,-2.34629022861931,0.622283025439743,-3.7704551348822,0.000162950096286649,0.00109037721265219,"WBGene00013809","WBGene00013809",NA
"WBGene00013811",15.4786799949558,-6.80259966307336,1.43686858060579,-4.73432278699097,2.19787707300521e-06,2.68268633684572e-05,"WBGene00013811","WBGene00013811",NA
"WBGene00013842",18.1988926945955,-1.98270501416304,0.564123045972728,-3.51466763912158,0.000440304669961819,0.00257078212735469,"WBGene00013842","WBGene00013842",NA
"WBGene00013844",14.1282320282344,-2.42592916288394,0.730437618354249,-3.32119965062835,0.000896313955742575,0.004645038205014,"WBGene00013844","WBGene00013844",NA
"WBGene00013845",49.6232265218795,-1.09447585635499,0.342613475631056,-3.19449156031907,0.00140077380804385,0.00673996723877012,"WBGene00013845","WBGene00013845",NA
"WBGene00013847",176.904809984409,2.0700331211114,0.306907595441479,6.74480903000691,1.53228427206291e-11,6.51813663708192e-10,"WBGene00013847","WBGene00013847",NA
"WBGene00013854",139.446040210166,-4.65898695439932,0.598236768949879,-7.78786459845576,6.81511568163744e-15,4.79844573584453e-13,"WBGene00013854","WBGene00013854",NA
"WBGene00013858",131.706695038182,-5.1568416023772,0.80189767767484,-6.43079752684885,1.269361532121e-10,4.62831234148099e-09,"WBGene00013858","WBGene00013858",NA
"WBGene00013859",302.591697186981,-1.00580592254597,0.29086359868849,-3.45799861887556,0.000544204174166785,0.00307078968076031,"WBGene00013859","WBGene00013859",NA
"WBGene00013866",260.144253770722,1.06281345812543,0.236332864562417,4.4971039474061,6.88853151676852e-06,7.07820136370758e-05,"WBGene00013866","WBGene00013866",NA
"WBGene00013879",24.7573936475459,-4.81089647577742,1.12806860014154,-4.26471978315309,2.00153238188914e-05,0.000177029098603598,"WBGene00013879","WBGene00013879",NA
"WBGene00013895",265.551892464054,-2.62116295978106,0.651278025890219,-4.02464516778106,5.70612865339214e-05,0.000439664133924172,"WBGene00013895","WBGene00013895",NA
"WBGene00013926",365.338355823848,1.15793132334473,0.29849018452636,3.87929447389406,0.000104759872262321,0.000743462191780216,"WBGene00013926","WBGene00013926",NA
"WBGene00013956",170.63900598149,-5.29121021036654,1.34911230111683,-3.92199389627264,8.78192173883185e-05,0.000634901403202446,"WBGene00013956","WBGene00013956",NA
"WBGene00013978",15.7694463988398,-3.04850929800314,0.927049605614346,-3.2883993257113,0.00100758813288202,0.00511056854673722,"WBGene00013978","WBGene00013978",NA
"WBGene00013979",16.3899389298172,-5.75741522704035,1.26868395478684,-4.53810045072077,5.67632218167367e-06,5.97875261183948e-05,"WBGene00013979","WBGene00013979",NA
"WBGene00013982",24.7768747107748,3.16612791121117,0.659976987621563,4.79733077151874,1.60793955599729e-06,2.05382306290163e-05,"WBGene00013982","WBGene00013982",NA
"WBGene00013986",141.641687499909,-1.34966802697285,0.374262557000697,-3.60620639635704,0.000310706040254279,0.00190515720006624,"WBGene00013986","WBGene00013986",NA
"WBGene00013987",73.1686519567244,-4.80315948286107,0.756509789073376,-6.34910420490963,2.1657230276223e-10,7.49507971762846e-09,"WBGene00013987","WBGene00013987",NA
"WBGene00013988",21.2139928044991,-5.31978440161614,1.02419150046354,-5.19413058906311,2.05678735362478e-07,3.39857360061954e-06,"WBGene00013988","WBGene00013988",NA
"WBGene00013999",118.437734584855,-4.70220836809873,1.0940324272246,-4.29805209707317,1.72305669754599e-05,0.000156167719581642,"WBGene00013999","WBGene00013999",NA
"WBGene00014007",33.0443281223562,-4.75028984013334,1.10952586874608,-4.28136916311994,1.85746921172592e-05,0.000166345911298237,"WBGene00014007","WBGene00014007",NA
"WBGene00014029",91.7609103215183,-1.95768451837305,0.379363617100382,-5.16044351679363,2.46365486240185e-07,3.96543006174658e-06,"WBGene00014029","WBGene00014029",NA
"WBGene00014039",10.0158303398648,-3.92228023363132,1.48985199134095,-2.63266435620966,0.00847180224637745,0.0301662853780451,"WBGene00014039","WBGene00014039",NA
"WBGene00014046",28.8726342681369,-3.26104876790418,0.883711106722414,-3.69017515237423,0.000224099698208111,0.00142993615468238,"WBGene00014046","WBGene00014046",NA
"WBGene00014047",22.1699702584832,-5.03799155810446,1.34431309593753,-3.74763258152367,0.000178511484561406,0.00118014091065503,"WBGene00014047","WBGene00014047",NA
"WBGene00014082",56.73861552355,-4.42555579068913,0.663928176830473,-6.6657146738617,2.6338051135264e-11,1.06042187289106e-09,"WBGene00014082","WBGene00014082",NA
"WBGene00014085",22.1087710800127,-3.63589871556492,0.833479887953718,-4.36231127842981,1.28695586150381e-05,0.000121495773635891,"WBGene00014085","WBGene00014085",NA
"WBGene00014104",11.1341601846729,-6.92607479322975,1.43920697147099,-4.81242443270737,1.49110261063321e-06,1.91830149538978e-05,"WBGene00014104","WBGene00014104",NA
"WBGene00014116",92.7870584998704,-4.5376924295917,1.67981931406963,-2.70129792626233,0.00690694374753143,0.0254970512631,"WBGene00014116","WBGene00014116",NA
"WBGene00014121",46.5143447893682,-3.65357916659808,0.880138127970773,-4.15114292914647,3.30819080003054e-05,0.000275869142968708,"WBGene00014121","WBGene00014121",NA
"WBGene00014127",18.8416364443671,-6.9939752786052,1.51211393061809,-4.62529650510285,3.740629013541e-06,4.19003217010514e-05,"WBGene00014127","WBGene00014127",NA
"WBGene00014129",27.0031424779271,-5.94556200691743,1.06972248616223,-5.55804153304087,2.72818475887632e-08,5.86375109152168e-07,"WBGene00014129","WBGene00014129",NA
"WBGene00014135",41.6184290587434,2.2077169713144,0.579993834960967,3.80644903141596,0.000140976328958678,0.000963567371925643,"WBGene00014135","WBGene00014135",NA
"WBGene00014143",27.6482547948922,2.74703194007931,0.993814830491736,2.76412854366451,0.00570750500670792,0.0218764733335683,"WBGene00014143","WBGene00014143",NA
"WBGene00014149",10.6700536324159,5.19936102610174,1.36676524749589,3.80413610576338,0.000142299927776959,0.000970368734597363,"WBGene00014149","WBGene00014149",NA
"WBGene00014152",175.259055515864,-1.04348915207177,0.308394467852338,-3.38361825793647,0.000715373922152546,0.0038415571796402,"WBGene00014152","WBGene00014152",NA
"WBGene00014153",56.3651940517522,1.23168225218374,0.334913432102685,3.67761377753911,0.000235426072053876,0.00149287703986959,"WBGene00014153","WBGene00014153",NA
"WBGene00014154",24.6350448967867,-5.15141033201946,1.07113938016101,-4.80928105849784,1.51474102377156e-06,1.94172138589838e-05,"WBGene00014154","WBGene00014154",NA
"WBGene00014158",229.749172655334,-5.51510488585357,0.685840145262757,-8.04138533439252,8.88284447290651e-16,7.05347200284738e-14,"WBGene00014158","WBGene00014158",NA
"WBGene00014159",50.5451197458242,3.19872339630325,0.452899474546284,7.06276685241851,1.63219456400458e-12,7.90812098417541e-11,"WBGene00014159","WBGene00014159",NA
"WBGene00014168",19.9570626483857,-3.76571780087633,1.00082659246858,-3.76260765772425,0.000168150885999625,0.00112045716251405,"WBGene00014168","WBGene00014168",NA
"WBGene00014169",112.489107018582,-5.59054682888698,0.820423810441131,-6.81421816107582,9.4777785079643e-12,4.20701516193583e-10,"WBGene00014169","WBGene00014169",NA
"WBGene00014173",206.051043715886,5.0936186492048,1.52132860191894,3.34813835931299,0.00081356383710578,0.00427824426922477,"WBGene00014173","WBGene00014173",NA
"WBGene00014174",14.0218147547189,-4.54927693191376,1.27186002408714,-3.5768691882418,0.000347734075868101,0.00210190363584563,"WBGene00014174","WBGene00014174",NA
"WBGene00014179",89.6801163358525,-4.52004451666221,0.888781326533944,-5.08566548567059,3.66339245423669e-07,5.60608868826606e-06,"WBGene00014179","WBGene00014179",NA
"WBGene00014197",61.6358079834544,-5.52942920958589,1.09063545675043,-5.06991513558611,3.97993125648035e-07,6.00688040642806e-06,"WBGene00014197","WBGene00014197",NA
"WBGene00014199",361.663693449065,3.56579551255772,0.634955923883401,5.61581580458256,1.9563698308796e-08,4.3218537855892e-07,"WBGene00014199","WBGene00014199",NA
"WBGene00014220",101.846821277797,1.7843653651392,0.384600978701362,4.63952372446962,3.49213046625794e-06,3.95507295992272e-05,"WBGene00014220","WBGene00014220",NA
"WBGene00014223",22.1026014022635,-2.99307985157848,0.65811112225706,-4.54798551544517,5.41618622754347e-06,5.74284493696431e-05,"WBGene00014223","WBGene00014223",NA
"WBGene00014229",23.9513477919899,-3.43321148488762,0.778170623079538,-4.41190065913951,1.02467127905728e-05,9.94947458666146e-05,"WBGene00014229","WBGene00014229",NA
"WBGene00014233",104.81645437465,-1.23992096478105,0.233641913256421,-5.30692865633334,1.11487788225628e-07,2.02220172221942e-06,"WBGene00014233","WBGene00014233",NA
"WBGene00014238",38.8108150975139,-5.5936264758961,1.69948364722902,-3.29136822529386,0.000997013148170848,0.0050712843155893,"WBGene00014238","WBGene00014238",NA
"WBGene00014239",13.9221668224579,-7.63958164535839,1.43027765854426,-5.34132767838518,9.22682994422058e-08,1.7171755259472e-06,"WBGene00014239","WBGene00014239",NA
"WBGene00014240",76.2773871460819,-5.29565162552789,0.718387482836126,-7.37158114813075,1.68616076071979e-13,9.56360942578092e-12,"WBGene00014240","WBGene00014240",NA
"WBGene00014245",16.1902716230784,-3.48351919582669,0.980190621030062,-3.55392014684443,0.000379534432833936,0.00226784517077569,"WBGene00014245","WBGene00014245",NA
"WBGene00014246",20.7556029299029,-6.91969334284531,1.33377105351235,-5.18806681598241,2.12488368960589e-07,3.48290855224048e-06,"WBGene00014246","WBGene00014246",NA
"WBGene00014247",82.3121144480608,-4.82362220292239,1.4715884768847,-3.2778336326293,0.00104607029275001,0.00526831666464971,"WBGene00014247","WBGene00014247",NA
"WBGene00014454",193.948687122459,-1.00855308053549,0.273914102550554,-3.68200494660309,0.00023140691969347,0.00147196221770305,"WBGene00014454","WBGene00014454",NA
"WBGene00014516",86.8530144806927,1.49480716734707,0.388346364990262,3.84915967318131,0.000118523731306315,0.00083042141743194,"WBGene00014516","WBGene00014516",NA
"WBGene00014665",62.2636286907853,-6.17732879784751,0.962205141094969,-6.41997068402465,1.36300590839877e-10,4.94452879409737e-09,"WBGene00014665","WBGene00014665",NA
"WBGene00014698",69.8347517512627,4.36963933217013,0.393946041951309,11.0919741965835,1.37225391711062e-28,3.21534839955116e-26,"WBGene00014698","WBGene00014698",NA
"WBGene00014793",257.986356868346,-1.15446806288968,0.273229290676331,-4.22527196857995,2.38652377973248e-05,0.000206480535010389,"WBGene00014793","WBGene00014793",NA
"WBGene00014813",27.0051467626899,-4.80083115988358,0.953786284055219,-5.03344537465128,4.81742133633371e-07,7.09849517115646e-06,"WBGene00014813","WBGene00014813",NA
"WBGene00014954",45.5032377900667,1.31527732328825,0.323556510215072,4.06506215070118,4.80196640071329e-05,0.000379196164449697,"WBGene00014954","WBGene00014954",NA
"WBGene00014955",38.6446708752856,1.71642948781897,0.389008276840999,4.41232125382396,1.02268216956262e-05,9.93691111458773e-05,"WBGene00014955","WBGene00014955",NA
"WBGene00014999",154.178706219569,1.11812660996329,0.27872404443227,4.011590073762,6.03111574375495e-05,0.000460730824828912,"WBGene00014999","WBGene00014999",NA
"WBGene00015024",127.634748141959,-4.682615334402,1.26962437405999,-3.68818953863337,0.0002258553863161,0.0014404957771602,"WBGene00015024","WBGene00015024",NA
"WBGene00015032",13.8649083429284,-3.29759627901483,1.00122794941004,-3.2935519638239,0.000989300531825017,0.00503563835519051,"WBGene00015032","WBGene00015032",NA
"WBGene00015034",16.1828087800709,-5.70572530831677,1.23595120269473,-4.61646487003422,3.90332060849841e-06,4.33827071984975e-05,"WBGene00015034","WBGene00015034",NA
"WBGene00015037",159.888674007169,1.69140666428866,0.39240756197057,4.31033147219399,1.6301001833196e-05,0.000149156501789169,"WBGene00015037","WBGene00015037",NA
"WBGene00015038",33.0347706875767,-1.02098584558361,0.394978176954817,-2.58491710467437,0.00974024121776707,0.0337988025553641,"WBGene00015038","WBGene00015038",NA
"WBGene00015049",13.2169572261794,-3.79232879914271,1.09680881739695,-3.45760239979018,0.000545005076590062,0.00307288266654902,"WBGene00015049","WBGene00015049",NA
"WBGene00015051",92.2620850048499,-4.48725845891644,1.15120645301186,-3.89787465764857,9.70406184947308e-05,0.000694890561194983,"WBGene00015051","WBGene00015051",NA
"WBGene00015052",136.929700146378,-2.086451807151,0.318961197942971,-6.54139694924285,6.09468238304895e-11,2.27572019351512e-09,"WBGene00015052","WBGene00015052",NA
"WBGene00015055",43.6671233699919,3.20929253856635,0.454245608193938,7.06510416540155,1.60495554605908e-12,7.84721004627822e-11,"WBGene00015055","WBGene00015055",NA
"WBGene00015063",67.9704645822544,1.82040966856027,0.364363041307434,4.99614247929247,5.84884547532877e-07,8.42717221561231e-06,"WBGene00015063","WBGene00015063",NA
"WBGene00015084",22.7696314749707,-6.31537165541527,1.41506426068806,-4.46295750013817,8.08360909795845e-06,8.1080017429558e-05,"WBGene00015084","WBGene00015084",NA
"WBGene00015087",30.4757978127088,-1.48051760406763,0.45066631846038,-3.28517473665559,0.00101919142889522,0.00515839344660036,"WBGene00015087","WBGene00015087",NA
"WBGene00015089",50.7718572731414,-5.32951518722812,1.06823779697277,-4.98907191107748,6.06700611716739e-07,8.71514758117322e-06,"WBGene00015089","WBGene00015089",NA
"WBGene00015094",110.134651201721,-5.35037476828833,0.853526366055778,-6.26855242095554,3.64419944364016e-10,1.20292246300113e-08,"WBGene00015094","WBGene00015094",NA
"WBGene00015096",91.4500523404594,1.08354992482291,0.323093334555634,3.35367464733734,0.000797460701088565,0.00420284137192436,"WBGene00015096","WBGene00015096",NA
"WBGene00015097",46.6079720218928,-5.96347422790656,0.988750366052954,-6.0313244198457,1.62621348360289e-09,4.61179946847939e-08,"WBGene00015097","WBGene00015097",NA
"WBGene00015106",28.2872931866403,-4.5542546936987,0.881595139860287,-5.16592536390394,2.39252254622089e-07,3.8639914975294e-06,"WBGene00015106","WBGene00015106",NA
"WBGene00015112",196.825977476911,3.0457969586011,0.655173992402605,4.64883678827327,3.3381221606629e-06,3.80780367456942e-05,"WBGene00015112","WBGene00015112",NA
"WBGene00015138",94.8750882429621,1.07770768855554,0.315940179863189,3.41111310698822,0.000646982470415923,0.00355119832936052,"WBGene00015138","WBGene00015138",NA
"WBGene00015163",140.194794902782,-1.79085614328224,0.396479203243754,-4.51689805828537,6.2752096209964e-06,6.53252520851432e-05,"WBGene00015163","WBGene00015163",NA
"WBGene00015165",14.3715032078703,-5.5483013012167,1.26531441399269,-4.38491906822516,1.16028908525067e-05,0.000110855694488555,"WBGene00015165","WBGene00015165",NA
"WBGene00015171",210.759349471262,2.08834399145105,0.511136551493726,4.08568705436571,4.39465788098998e-05,0.000351695661214948,"WBGene00015171","WBGene00015171",NA
"WBGene00015172",282.380382690037,-1.11884561879366,0.350448569885708,-3.1926100287941,0.00140993217635324,0.00676701161739988,"WBGene00015172","WBGene00015172",NA
"WBGene00015193",16.1040730937282,-5.69687545464201,1.44170896097148,-3.9514739859862,7.76713163879166e-05,0.000571656089151644,"WBGene00015193","WBGene00015193",NA
"WBGene00015217",199.85843826652,1.49035860424043,0.313953789579219,4.74706359250481,2.06391076175294e-06,2.54598926591013e-05,"WBGene00015217","WBGene00015217",NA
"WBGene00015230",18.7112955287672,-4.68404886819824,1.22694201433291,-3.81766115552328,0.000134722784048011,0.000925320880537348,"WBGene00015230","WBGene00015230",NA
"WBGene00015236",83.6520552610183,-3.6985200211193,0.552604073396801,-6.69289315655036,2.18800897143626e-11,9.06469919673578e-10,"WBGene00015236","WBGene00015236",NA
"WBGene00015246",13.6856198029274,-4.17970415789369,1.22383132031351,-3.41526163656521,0.000637207730499411,0.00350562359200465,"WBGene00015246","WBGene00015246",NA
"WBGene00015268",26.4765837448147,1.55140946578382,0.524572284279464,2.95747509404694,0.0031016980518164,0.0132412893004784,"WBGene00015268","WBGene00015268",NA
"WBGene00015278",201.841635504601,-1.14375367251255,0.338226911905399,-3.38161640086303,0.00072060695475636,0.00386332903388322,"WBGene00015278","WBGene00015278",NA
"WBGene00015279",51.7320099076085,-1.04365172545222,0.358387013459047,-2.91208019894247,0.0035903044097496,0.0149435704509467,"WBGene00015279","WBGene00015279",NA
"WBGene00015287",10.0315101081709,-3.05877515219103,1.00856458816289,-3.03280046522615,0.00242295752460297,0.0107018949008499,"WBGene00015287","WBGene00015287",NA
"WBGene00015294",69.5116628422121,-1.33602983048431,0.460545364501461,-2.90097335347313,0.00372005510564505,0.0153952736739194,"WBGene00015294","WBGene00015294",NA
"WBGene00015305",11.9328818839956,-6.60447206079132,1.58964462390984,-4.15468461406625,3.25736527008418e-05,0.000272107082439002,"WBGene00015305","WBGene00015305",NA
"WBGene00015306",22.5499699916237,-5.32921850483757,1.10395723863796,-4.82737765405902,1.38342625359989e-06,1.79594109379685e-05,"WBGene00015306","WBGene00015306",NA
"WBGene00015331",47.6498743017022,-8.4175198404915,1.42290518037149,-5.91572787604432,3.3041110268301e-09,8.77800351421611e-08,"WBGene00015331","WBGene00015331",NA
"WBGene00015345",12.2158180008751,-3.53845184501432,0.985777948575207,-3.58950192599522,0.000331310383337865,0.00201850780436833,"WBGene00015345","WBGene00015345",NA
"WBGene00015348",79.7038202937786,-5.27286336576253,0.88003270349652,-5.99166751964165,2.07700223540862e-09,5.79816268568269e-08,"WBGene00015348","WBGene00015348",NA
"WBGene00015351",25.138243937677,-1.67124205472885,0.51331608663545,-3.2557757261867,0.00113083037415245,0.00561994385874861,"WBGene00015351","WBGene00015351",NA
"WBGene00015355",132.46068575789,1.83233996055534,0.261111011197089,7.01747487459375,2.2591376772343e-12,1.0872004990138e-10,"WBGene00015355","WBGene00015355",NA
"WBGene00015371",38.7472286564844,-1.21960599038582,0.415492278643464,-2.93532768976525,0.00333195609944496,0.0140151996849226,"WBGene00015371","WBGene00015371",NA
"WBGene00015386",18.6831880851469,-3.51572088236028,0.917723362092958,-3.83091575040907,0.000127667217739442,0.000883227271611734,"WBGene00015386","WBGene00015386",NA
"WBGene00015393",36.064392888739,-1.93336552985966,0.51965149948693,-3.72050409123911,0.000198825520842162,0.00129644761377601,"WBGene00015393","WBGene00015393",NA
"WBGene00015403",182.71529926552,-1.14809859357658,0.352603320924855,-3.25606290537817,0.00112968719882391,0.00561816949644751,"WBGene00015403","WBGene00015403",NA
"WBGene00015422",14.7282767858368,-7.50235730108361,1.44506809729039,-5.19169810415932,2.08384702080847e-07,3.4313854226285e-06,"WBGene00015422","WBGene00015422",NA
"WBGene00015423",58.3293776210945,-1.27925505047449,0.3435843339741,-3.72326361821525,0.000196663988106614,0.00128359683808089,"WBGene00015423","WBGene00015423",NA
"WBGene00015429",148.675041165223,1.03218487085237,0.362190519745645,2.84983955841043,0.00437412876932783,0.0176011887668926,"WBGene00015429","WBGene00015429",NA
"WBGene00015434",90.0445172331073,-1.4313983996644,0.352575603530161,-4.05983393443147,4.91076297882901e-05,0.000386081052015418,"WBGene00015434","WBGene00015434",NA
"WBGene00015467",30.0749460739151,-5.39129710124903,1.13924602291856,-4.73233787328697,2.21948564637345e-06,2.70444231403373e-05,"WBGene00015467","WBGene00015467",NA
"WBGene00015471",37.5256021428791,-1.60371410492158,0.423391434015063,-3.78778117855008,0.000151998625029016,0.0010262240659139,"WBGene00015471","WBGene00015471",NA
"WBGene00015474",131.099455755075,1.74613448808131,0.311139674268253,5.61205989621194,1.99932205365757e-08,4.40992440014317e-07,"WBGene00015474","WBGene00015474",NA
"WBGene00015476",283.571989048079,-1.88969116643678,0.476837357923722,-3.9629679492081,7.4023722697415e-05,0.000547665270648986,"WBGene00015476","WBGene00015476",NA
"WBGene00015494",71.1235660834797,1.31096155513996,0.300923761628852,4.35645742311586,1.32184391040601e-05,0.000124542617082618,"WBGene00015494","WBGene00015494",NA
"WBGene00015497",112.318475875291,-1.42365660423015,0.381852208506367,-3.72829218350956,0.00019278178917298,0.00126164382447317,"WBGene00015497","WBGene00015497",NA
"WBGene00015511",12.1050381092253,-4.20075332965077,1.24053240344171,-3.38625038571848,0.000708547031473154,0.00381662542508091,"WBGene00015511","WBGene00015511",NA
"WBGene00015516",72.3165136858796,-5.5224977455585,0.890053141581497,-6.20468316728349,5.48072060044693e-10,1.72927018856927e-08,"WBGene00015516","WBGene00015516",NA
"WBGene00015518",139.351374974051,2.87463042104017,0.483346475254553,5.94734950643067,2.72519121664696e-09,7.34927510557265e-08,"WBGene00015518","WBGene00015518",NA
"WBGene00015529",85.3140138409824,1.76407036085329,0.412133785219147,4.28033426067039,1.86612818682314e-05,0.00016691220384395,"WBGene00015529","WBGene00015529",NA
"WBGene00015541",72.1679344339645,1.44000930762354,0.412321070549123,3.49244656768513,0.000478617341604562,0.00275841841272339,"WBGene00015541","WBGene00015541",NA
"WBGene00015545",26.2348794286374,-2.05105914919801,0.799446733370415,-2.56559826137618,0.0102998043696286,0.0353940879805536,"WBGene00015545","WBGene00015545",NA
"WBGene00015558",18.2014875006423,-4.51495969533124,0.921822839496829,-4.89786052360745,9.68857638292585e-07,1.31759107746108e-05,"WBGene00015558","WBGene00015558",NA
"WBGene00015569",318.743394806408,3.1065558102124,0.322768198595848,9.62472704475525,6.28736286274048e-22,8.64089205741825e-20,"WBGene00015569","WBGene00015569",NA
"WBGene00015572",32.7533504530102,-4.43893404875264,1.0108057594442,-4.39148076401291,1.1258129730033e-05,0.000107777929156974,"WBGene00015572","WBGene00015572",NA
"WBGene00015580",241.806046638357,-1.11831037720947,0.334738087480541,-3.34085190492247,0.000835217609327554,0.00438055722377547,"WBGene00015580","WBGene00015580",NA
"WBGene00015586",78.2853304070846,1.39016686579016,0.341429402144286,4.07160852890661,4.66895995201901e-05,0.000369919315932415,"WBGene00015586","WBGene00015586",NA
"WBGene00015587",31.2426004283876,4.91078555948194,0.997197249194933,4.92458795232996,8.45382994089449e-07,1.16519374489108e-05,"WBGene00015587","WBGene00015587",NA
"WBGene00015607",20.0163433230274,6.73671856472003,1.4153645563425,4.75970557163637,1.93875569995016e-06,2.43075747538488e-05,"WBGene00015607","WBGene00015607",NA
"WBGene00015610",112.234674512418,4.61137695489873,1.38206207932565,3.33659176666562,0.000848124243621616,0.00443713023941572,"WBGene00015610","WBGene00015610",NA
"WBGene00015613",163.711731657111,7.42869595711313,1.31255397546046,5.6597260729846,1.51614802382318e-08,3.45068530326508e-07,"WBGene00015613","WBGene00015613",NA
"WBGene00015623",240.821129532298,1.16758536121932,0.295519522642684,3.95095847062211,7.78388319665968e-05,0.000572594145804719,"WBGene00015623","WBGene00015623",NA
"WBGene00015624",90.1319841612942,2.25239814923916,0.580314950656417,3.88133744734886,0.000103883577960702,0.000738343102830589,"WBGene00015624","WBGene00015624",NA
"WBGene00015627",72.2770285270125,-4.1478309236509,1.40530072728379,-2.95156107381227,0.00316172013088069,0.0134367058290267,"WBGene00015627","WBGene00015627",NA
"WBGene00015629",54.3368161258893,-4.78039595643612,1.65008254247929,-2.8970647427452,0.00376672012889343,0.0155510487586002,"WBGene00015629","WBGene00015629",NA
"WBGene00015634",60.3627500750439,-4.22212183772668,0.784931659545503,-5.37896743796958,7.49142554117108e-08,1.42009211220104e-06,"WBGene00015634","WBGene00015634",NA
"WBGene00015660",2463.59893455114,2.81573724084444,0.761918254352374,3.69558968401118,0.000219377022769569,0.00140481890073721,"WBGene00015660","WBGene00015660",NA
"WBGene00015661",13.3542411892637,-5.55757978734306,1.36866590487604,-4.06058174426901,4.89505947183898e-05,0.000385270292020895,"WBGene00015661","WBGene00015661",NA
"WBGene00015665",22.6876694434353,-1.45724892928832,0.507717553775191,-2.87019607349162,0.00410217340675488,0.0166758715878122,"WBGene00015665","WBGene00015665",NA
"WBGene00015684",598.261176260558,-1.201806018997,0.231340235857456,-5.19497187569874,2.04750791583727e-07,3.38715632419701e-06,"WBGene00015684","WBGene00015684",NA
"WBGene00015688",377.976771701765,-4.8602883974036,1.12646320570945,-4.31464460869146,1.59859863907435e-05,0.000146937429892538,"WBGene00015688","WBGene00015688",NA
"WBGene00015689",120.236222601756,-5.25931192712213,0.837774756338353,-6.2777159222473,3.43582932127648e-10,1.14471581559452e-08,"WBGene00015689","WBGene00015689",NA
"WBGene00015696",19.8656227197324,-4.44231478542723,0.972470124709402,-4.56807327294985,4.9222797216613e-06,5.30786651793569e-05,"WBGene00015696","WBGene00015696",NA
"WBGene00015740",60.8218873264518,-1.16938051025718,0.363425996041724,-3.21765785330041,0.00129241887850279,0.00628959585646591,"WBGene00015740","WBGene00015740",NA
"WBGene00015741",13.6945942147652,-1.54920728086321,0.557211074257932,-2.78028803165187,0.00543107030451169,0.0210312348584084,"WBGene00015741","WBGene00015741",NA
"WBGene00015765",81.5818682421243,-4.20922740904489,0.710141074004581,-5.92731157671037,3.07934364987089e-09,8.22673996029994e-08,"WBGene00015765","WBGene00015765",NA
"WBGene00015780",525.258709461809,-1.83070061000815,0.468144746569842,-3.91054395765825,9.20884985062972e-05,0.000662749702492702,"WBGene00015780","WBGene00015780",NA
"WBGene00015781",30.637269487001,5.40884417049722,1.02047298088576,5.3003306033663,1.15593172661213e-07,2.08871455985678e-06,"WBGene00015781","WBGene00015781",NA
"WBGene00015789",50.2427417890192,1.07942643806683,0.402126110968767,2.68429830499285,0.00726822235078895,0.0265553941870722,"WBGene00015789","WBGene00015789",NA
"WBGene00015794",73.6967880389188,-1.51538395737363,0.458739025620745,-3.30336830471985,0.000955308287166515,0.00489841640423131,"WBGene00015794","WBGene00015794",NA
"WBGene00015796",54.3704128369565,-1.33648358320256,0.405591586732823,-3.2951462183138,0.000983704805079072,0.00501608732750452,"WBGene00015796","WBGene00015796",NA
"WBGene00015820",39.4502144518022,-4.36268959585878,0.951189190897595,-4.58656346982024,4.5060146034916e-06,4.91262141324984e-05,"WBGene00015820","WBGene00015820",NA
"WBGene00015855",24.2936529949961,-3.78696720199567,0.773389840354672,-4.89658255694048,9.75176895276812e-07,1.32492427416269e-05,"WBGene00015855","WBGene00015855",NA
"WBGene00015865",72.1433445754247,-2.87490687007944,0.815663025977507,-3.52462570757586,0.000424081544076438,0.00249235094962357,"WBGene00015865","WBGene00015865",NA
"WBGene00015868",182.358521952099,1.10323350066359,0.272018434116743,4.05573065018862,4.99778264003683e-05,0.000391809572923399,"WBGene00015868","WBGene00015868",NA
"WBGene00015907",82.3497270116943,-5.43775199950291,0.708331262331629,-7.67684879755744,1.63049691636746e-14,1.07892094563149e-12,"WBGene00015907","WBGene00015907",NA
"WBGene00015908",18.4571870886064,-6.00979775206612,1.25996907064941,-4.76979784032998,1.84410894870683e-06,2.32432532661963e-05,"WBGene00015908","WBGene00015908",NA
"WBGene00015914",10.0130772233309,2.27861074966518,0.847704305565635,2.68797826636585,0.00718860753176792,0.0263453249875792,"WBGene00015914","WBGene00015914",NA
"WBGene00015917",19.702403767154,-4.51279222578944,1.0149427319129,-4.44635158604862,8.73409593343989e-06,8.68829413662761e-05,"WBGene00015917","WBGene00015917",NA
"WBGene00015929",79.3465101562586,-5.24432611861371,0.889593203633536,-5.89519580094958,3.74237348645806e-09,9.7077575756706e-08,"WBGene00015929","WBGene00015929",NA
"WBGene00015931",52.3541360687382,-4.59107990863927,1.44368152851484,-3.18011958867567,0.00147214285312944,0.00699977970717868,"WBGene00015931","WBGene00015931",NA
"WBGene00015933",179.349441251275,6.5986350981565,0.556672133547922,11.8537190933206,2.05847883420201e-32,6.68678135846575e-30,"WBGene00015933","WBGene00015933",NA
"WBGene00015937",130.671772119333,-4.73073199515125,1.15530821445534,-4.09477915586492,4.22570988782389e-05,0.000339315008014982,"WBGene00015937","WBGene00015937",NA
"WBGene00015944",20.5176764063264,-4.09943445075763,1.07370657635661,-3.81802118104572,0.000134526378168646,0.000924806944102405,"WBGene00015944","WBGene00015944",NA
"WBGene00015954",171.098636143264,-1.09655138924335,0.394125684812143,-2.78223782793049,0.00539854630883042,0.0209336468779471,"WBGene00015954","WBGene00015954",NA
"WBGene00015970",10.6117285895648,-2.10287877826722,0.868685866237708,-2.42075859640128,0.0154881588267829,0.0494134495783945,"WBGene00015970","WBGene00015970",NA
"WBGene00015987",39.1636034138951,-4.83100905793658,0.901254450240459,-5.36031645297024,8.30762961655111e-08,1.55420091766184e-06,"WBGene00015987","WBGene00015987",NA
"WBGene00015988",19.6031232996361,-3.86686047196344,1.00208665001944,-3.85880848915455,0.000113941178491717,0.000800669254760131,"WBGene00015988","WBGene00015988",NA
"WBGene00015992",19.3776640895847,-7.88103051362082,1.45446447375127,-5.41851014985229,6.00977280177973e-08,1.16708807956301e-06,"WBGene00015992","WBGene00015992",NA
"WBGene00015993",27.6363526180645,-5.72565122679323,1.39807146735095,-4.09539237478477,4.2145398235351e-05,0.000338608306339445,"WBGene00015993","WBGene00015993",NA
"WBGene00015994",34.2966552335649,-6.37751850002569,1.07169132733658,-5.95089121032213,2.66686312191018e-09,7.21921867451936e-08,"WBGene00015994","WBGene00015994",NA
"WBGene00015997",17.1729709015314,-5.35310894065969,1.31996887230633,-4.05548119578487,5.00311975543862e-05,0.000391833373504023,"WBGene00015997","WBGene00015997",NA
"WBGene00016003",190.531827841045,-1.27445304410432,0.386410671592733,-3.29818283447296,0.000973127475330735,0.00497635456347127,"WBGene00016003","WBGene00016003",NA
"WBGene00016010",13.8382997848619,-3.8868009258997,0.971166603343301,-4.002197885017,6.27567756530115e-05,0.000476105411044848,"WBGene00016010","WBGene00016010",NA
"WBGene00016013",95.4390719964174,-1.34392328321997,0.396057968439078,-3.39324894412947,0.000690688378942161,0.00374081432369091,"WBGene00016013","WBGene00016013",NA
"WBGene00016033",219.599966422012,-1.00587306806451,0.304012432054551,-3.30865767977546,0.0009374438023914,0.0048249493221391,"WBGene00016033","WBGene00016033",NA
"WBGene00016040",44.6377000182288,-3.80952978038614,0.764966246566336,-4.97999721881296,6.35851870027144e-07,9.0791516266713e-06,"WBGene00016040","WBGene00016040",NA
"WBGene00016053",35.0088697010792,-5.31103399179579,1.06885212627068,-4.96891371711675,6.73290191158512e-07,9.5280561408204e-06,"WBGene00016053","WBGene00016053",NA
"WBGene00016054",68.6335022856411,-5.59849303443571,1.3133841014691,-4.26264717851651,2.02019355142632e-05,0.000178458754206035,"WBGene00016054","WBGene00016054",NA
"WBGene00016058",368.452115872591,-5.09016345526707,1.12230579664778,-4.53545145224316,5.74803995126873e-06,6.04983321233313e-05,"WBGene00016058","WBGene00016058",NA
"WBGene00016066",49.1109313245668,2.89947408099055,0.69576344362907,4.16732742649863,3.08191667812006e-05,0.000259116676943353,"WBGene00016066","WBGene00016066",NA
"WBGene00016071",30.9632209462157,7.18369814351142,1.37801218231445,5.21308754429585,1.85723193792411e-07,3.13035567084307e-06,"WBGene00016071","WBGene00016071",NA
"WBGene00016080",14.8897131390658,5.50148127227059,1.15995979592107,4.74282064914338,2.10762853351237e-06,2.59245564797696e-05,"WBGene00016080","WBGene00016080",NA
"WBGene00016083",12.695004665948,-4.76860983511226,1.33182024616292,-3.58052060617865,0.000342910297716419,0.00207590719409605,"WBGene00016083","WBGene00016083",NA
"WBGene00016085",26.7300838726182,-7.43509330004253,1.46927611062107,-5.06037854035459,4.18424933955332e-07,6.26891779981505e-06,"WBGene00016085","WBGene00016085",NA
"WBGene00016088",665.496223994619,5.5043710092263,1.4508177327365,3.79397830962824,0.000148252630436593,0.00100663888210462,"WBGene00016088","WBGene00016088",NA
"WBGene00016093",107.212728001448,1.59163782855567,0.254584206826022,6.25191110006039,4.05460185682748e-10,1.32311471095057e-08,"WBGene00016093","WBGene00016093",NA
"WBGene00016101",129.737458724478,-1.21493954922411,0.347171128554118,-3.49954085837735,0.00046606017218421,0.00270059466069105,"WBGene00016101","WBGene00016101",NA
"WBGene00016119",88.2785532289654,-1.38527638073438,0.328555853354855,-4.21625841265477,2.48389116426924e-05,0.000213997928938519,"WBGene00016119","WBGene00016119",NA
"WBGene00016125",18.5688904434332,-6.00222102462815,1.28780842293003,-4.66080273878925,3.1497849279683e-06,3.61896109127419e-05,"WBGene00016125","WBGene00016125",NA
"WBGene00016138",296.985641499304,1.2905780251035,0.376534386862267,3.42751703465422,0.000609128085656,0.00337976231687935,"WBGene00016138","WBGene00016138",NA
"WBGene00016147",94.0407362954251,-1.55744368310388,0.416869052600407,-3.7360501418578,0.000186933408848632,0.00122778176054671,"WBGene00016147","WBGene00016147",NA
"WBGene00016161",93.1870347949492,-6.12339772298792,0.766067489512882,-7.99328754556807,1.31387202688192e-15,1.02060722175127e-13,"WBGene00016161","WBGene00016161",NA
"WBGene00016177",19.0786522816919,-2.01088079223481,0.685754495803481,-2.93236253577706,0.00336393806305737,0.0141289352733703,"WBGene00016177","WBGene00016177",NA
"WBGene00016181",37.773915475588,-4.0421291570158,0.728763393411499,-5.54655899783018,2.91346348812288e-08,6.20598116777054e-07,"WBGene00016181","WBGene00016181",NA
"WBGene00016189",61.1506296219978,3.7873982546538,0.772062853270483,4.90555689683846,9.31626289882885e-07,1.26816519631391e-05,"WBGene00016189","WBGene00016189",NA
"WBGene00016192",455.422840709595,1.03302400089597,0.345700836607604,2.98820220116659,0.00280623829263619,0.0121414188734975,"WBGene00016192","WBGene00016192",NA
"WBGene00016260",176.122286696115,-1.10433143038999,0.334512768769425,-3.30131323372946,0.000962333804005674,0.00492468208401471,"WBGene00016260","WBGene00016260",NA
"WBGene00016264",334.971693556856,-1.35595697624075,0.335869720969622,-4.03715158462704,5.4104111897156e-05,0.000419820885638464,"WBGene00016264","WBGene00016264",NA
"WBGene00016274",494.547140095269,-1.52230336448818,0.302663566480261,-5.0296881854376,4.91278118327579e-07,7.20633320832302e-06,"WBGene00016274","WBGene00016274",NA
"WBGene00016281",22.4696876840359,-2.09027292191446,0.815294930610495,-2.56382425970594,0.0103525948330915,0.0355269238774013,"WBGene00016281","WBGene00016281",NA
"WBGene00016286",15.5516614781542,-5.23210482538952,1.41737698714803,-3.69139958728784,0.000223023442099352,0.0014256145160671,"WBGene00016286","WBGene00016286",NA
"WBGene00016288",56.9491245270665,-5.39891758094502,1.75692490601225,-3.07293587931377,0.00211964027220303,0.00953604608454449,"WBGene00016288","WBGene00016288",NA
"WBGene00016295",74.426690039935,4.44204479178778,0.754684297709582,5.88596424394823,3.9573987154904e-09,1.02099458195856e-07,"WBGene00016295","WBGene00016295",NA
"WBGene00016298",20.5850391895907,4.68980523408287,1.2100374538322,3.87575212587859,0.000106295850678125,0.000753240750492036,"WBGene00016298","WBGene00016298",NA
"WBGene00016305",13.5982442891425,1.62751012735812,0.582269362573236,2.79511551177212,0.00518811740539429,0.0202994147482345,"WBGene00016305","WBGene00016305",NA
"WBGene00016307",69.8498221656554,4.24633519343512,0.915286722194424,4.63934971464944,3.49507187652865e-06,3.95527017666065e-05,"WBGene00016307","WBGene00016307",NA
"WBGene00016308",16.5066438904366,6.61423919016063,1.33050298014372,4.97123214969888,6.65287295943193e-07,9.43348345328974e-06,"WBGene00016308","WBGene00016308",NA
"WBGene00016309",55.1324772285759,5.08348504741401,0.953464802228755,5.33159172266369,9.73556260443565e-08,1.79548898458321e-06,"WBGene00016309","WBGene00016309",NA
"WBGene00016312",24.2345850501592,-7.96669234588752,1.38589107348874,-5.74842604753401,9.00780282729394e-09,2.16748359950357e-07,"WBGene00016312","WBGene00016312",NA
"WBGene00016322",48.1700645894296,-4.86739381520016,0.735143983685934,-6.62100748046057,3.56758915110769e-11,1.40860640156857e-09,"WBGene00016322","WBGene00016322",NA
"WBGene00016327",39.5484999631244,-5.04775097159287,0.994812470520032,-5.07407287421135,3.89389817925368e-07,5.89570833432974e-06,"WBGene00016327","WBGene00016327",NA
"WBGene00016332",289.010521867496,-1.0168113872609,0.32445721479804,-3.13388434864615,0.00172508832498349,0.00799762809892605,"WBGene00016332","WBGene00016332",NA
"WBGene00016336",11.687062336495,-4.48659208491499,1.22100072960972,-3.67452039635479,0.000238296608791179,0.00151040950308307,"WBGene00016336","WBGene00016336",NA
"WBGene00016337",21.6149185276404,3.76755489824507,0.816986759829291,4.61152503748322,3.99725499770148e-06,4.4323324811596e-05,"WBGene00016337","WBGene00016337",NA
"WBGene00016344",15.7835214486706,-1.37506391177962,0.564803577067922,-2.43458782417425,0.0149087614139799,0.0480307822494558,"WBGene00016344","WBGene00016344",NA
"WBGene00016345",18.1069992285442,2.83750770308631,0.713696858493565,3.97578841677345,7.01464719878252e-05,0.000523826292644715,"WBGene00016345","WBGene00016345",NA
"WBGene00016351",278.363659381658,-5.1891156854367,1.10206598734511,-4.70853446619592,2.49504181762538e-06,2.9742812926872e-05,"WBGene00016351","WBGene00016351",NA
"WBGene00016354",197.496398899924,-1.20810599802707,0.425178804730145,-2.8414069200694,0.00449149612865613,0.0179873785841642,"WBGene00016354","WBGene00016354",NA
"WBGene00016355",59.8518599629197,1.6773970054252,0.320397837632134,5.23535682332258,1.64666430233575e-07,2.82881885496212e-06,"WBGene00016355","WBGene00016355",NA
"WBGene00016356",17.8492870473803,-4.10567940063669,1.10715967072746,-3.70829927172027,0.000208655967182938,0.00134641974670236,"WBGene00016356","WBGene00016356",NA
"WBGene00016357",88.7361976868675,-5.09474406495783,1.21215452142473,-4.20304835308424,2.63344306807573e-05,0.000224983871918747,"WBGene00016357","WBGene00016357",NA
"WBGene00016358",74.9683295085539,-4.43295546565394,1.28188726509818,-3.45814767518921,0.000543903161252066,0.00307030327163341,"WBGene00016358","WBGene00016358",NA
"WBGene00016359",44.4151919888707,6.67386596118304,1.10394688560215,6.04545929539241,1.48984962390347e-09,4.27598808723941e-08,"WBGene00016359","WBGene00016359",NA
"WBGene00016360",72.4797481595729,-1.41893010012642,0.321169581188959,-4.41800899971159,9.96142740708745e-06,9.72531980392766e-05,"WBGene00016360","WBGene00016360",NA
"WBGene00016364",33.6484082972226,1.10830478222023,0.457268415108143,2.42375100838338,0.0153611335211339,0.0491254175811328,"WBGene00016364","WBGene00016364",NA
"WBGene00016382",11.2373257574952,-6.11966394724216,1.54052541985271,-3.97245242978675,7.11364453930623e-05,0.000529870485903221,"WBGene00016382","WBGene00016382",NA
"WBGene00016388",29.2856203367053,-4.19839967012317,0.89430744078176,-4.69458206280061,2.67152350293783e-06,3.15831972104966e-05,"WBGene00016388","WBGene00016388",NA
"WBGene00016398",21.3060866921529,-4.11434296132793,1.00509151527844,-4.09350083926254,4.24908537890232e-05,0.000340809075873462,"WBGene00016398","WBGene00016398",NA
"WBGene00016399",133.055568094884,-4.3257009463045,1.20809633987353,-3.58059270898657,0.000342815678184039,0.00207590719409605,"WBGene00016399","WBGene00016399",NA
"WBGene00016403",16.881438722348,-2.01644460089879,0.718846812607421,-2.8051103037999,0.00502993633200963,0.0197725192501138,"WBGene00016403","WBGene00016403",NA
"WBGene00016414",31.8223913783705,-5.32149532126877,0.940122294308847,-5.66042881174411,1.50995216189167e-08,3.44206479265034e-07,"WBGene00016414","WBGene00016414",NA
"WBGene00016416",84.5836456839141,-5.60838118918958,0.878389591960656,-6.38484476651311,1.71571422770738e-10,6.14604096657184e-09,"WBGene00016416","WBGene00016416",NA
"WBGene00016420",34.8929004113126,-4.52977227250679,0.837159448495798,-5.41088353078478,6.27145524584095e-08,1.20805808394616e-06,"WBGene00016420","WBGene00016420",NA
"WBGene00016422",473.150742709308,3.95353349168361,0.459634861221902,8.60146569643014,7.87044272521969e-18,7.75808537045276e-16,"WBGene00016422","WBGene00016422",NA
"WBGene00016440",506.690102872439,-5.15177307698901,1.07093945509688,-4.81051758105499,1.50539960696711e-06,1.93147904689236e-05,"WBGene00016440","WBGene00016440",NA
"WBGene00016447",411.153224274617,-4.5453164556953,0.940235215585582,-4.83423337091714,1.33659715003963e-06,1.7446559877184e-05,"WBGene00016447","WBGene00016447",NA
"WBGene00016450",354.699010034925,-1.25209704850709,0.246096163415493,-5.08783652345336,3.62171348834425e-07,5.55420073915283e-06,"WBGene00016450","WBGene00016450",NA
"WBGene00016453",402.656071955287,2.89415335916767,0.95877322380652,3.01860052753383,0.00253945134972357,0.0111338583256438,"WBGene00016453","WBGene00016453",NA
"WBGene00016455",34.5437121558797,2.19442871332126,0.83210924416119,2.6371882402693,0.00835964278449947,0.0298487070494257,"WBGene00016455","WBGene00016455",NA
"WBGene00016457",1168.7019173958,4.04477923165426,0.925512385226707,4.37031345686798,1.24068306342825e-05,0.000117671420209555,"WBGene00016457","WBGene00016457",NA
"WBGene00016458",234.902755484486,1.563226965672,0.22332796724673,6.99969191026112,2.56525978872679e-12,1.23037779061316e-10,"WBGene00016458","WBGene00016458",NA
"WBGene00016461",55.9181963424512,-3.53112877440662,0.685885839649097,-5.1482747860973,2.62893180613562e-07,4.2030561862524e-06,"WBGene00016461","WBGene00016461",NA
"WBGene00016462",58.4037079504691,-4.38935570477935,0.746876470281255,-5.87695004386257,4.17894250475783e-09,1.07427383490114e-07,"WBGene00016462","WBGene00016462",NA
"WBGene00016485",365.111135814283,1.04584521625356,0.409862698964188,2.55169650445536,0.0107199853836073,0.0365594729391311,"WBGene00016485","WBGene00016485",NA
"WBGene00016491",42.7743244477696,-4.88845014062236,1.03148886258762,-4.73921756979429,2.14545044407712e-06,2.62767122512376e-05,"WBGene00016491","WBGene00016491",NA
"WBGene00016505",209.186129296868,-1.27742702661744,0.466556865379651,-2.73798784544293,0.00618163605264351,0.0233432296170234,"WBGene00016505","WBGene00016505",NA
"WBGene00016512",62.6356685125157,-5.53164677023936,0.916656666945329,-6.03458957940386,1.59367206295877e-09,4.52849995941744e-08,"WBGene00016512","WBGene00016512",NA
"WBGene00016520",167.35204952569,3.44636783760759,0.508401647524389,6.77882901125387,1.21153810022341e-11,5.26337813571223e-10,"WBGene00016520","WBGene00016520",NA
"WBGene00016535",213.295680000286,-1.35307425754523,0.402301246365575,-3.36333598210054,0.000770065804401312,0.00408406328100481,"WBGene00016535","WBGene00016535",NA
"WBGene00016539",125.299030689443,1.50182042166789,0.265589145012491,5.65467546347671,1.56141016776289e-08,3.53120815313844e-07,"WBGene00016539","WBGene00016539",NA
"WBGene00016541",255.695027277354,-5.01937618885217,1.31668269433708,-3.81213804240005,0.000137769893287881,0.000944434093411839,"WBGene00016541","WBGene00016541",NA
"WBGene00016542",68.9977327645807,-1.31433159195777,0.44703409944853,-2.94011484488354,0.00328090615767936,0.0138493773513618,"WBGene00016542","WBGene00016542",NA
"WBGene00016545",17.0369122619771,3.15309899978635,0.660420837874667,4.77437842502591,1.80263139859427e-06,2.2740521253405e-05,"WBGene00016545","WBGene00016545",NA
"WBGene00016546",11.4001283535764,4.92013611182291,1.32108737340217,3.72430787764792,0.000195851795429583,0.00127939200734691,"WBGene00016546","WBGene00016546",NA
"WBGene00016547",31.1512650007108,5.61631709040967,1.0324578762976,5.43975422082091,5.33541253262626e-08,1.05040015604445e-06,"WBGene00016547","WBGene00016547",NA
"WBGene00016549",24.5027819129383,5.96564993152006,1.19112715060712,5.00840731275359,5.48822939864535e-07,7.97187630028842e-06,"WBGene00016549","WBGene00016549",NA
"WBGene00016573",299.707506084474,1.09058046963263,0.376256903559278,2.8984995605823,0.00374952834206197,0.0155024612649962,"WBGene00016573","WBGene00016573",NA
"WBGene00016574",146.928158994583,1.23123766387724,0.359388876503023,3.42592034527501,0.000612720041742499,0.00338957688276279,"WBGene00016574","WBGene00016574",NA
"WBGene00016575",61.8276090835495,1.25458505320976,0.315470663714471,3.97686757442926,6.98290257265379e-05,0.000522274340507277,"WBGene00016575","WBGene00016575",NA
"WBGene00016576",525.131873112446,1.04404872115569,0.392638511433942,2.65905837240151,0.00783593854324422,0.0282611833455941,"WBGene00016576","WBGene00016576",NA
"WBGene00016578",39.7004658448347,4.90906006350622,1.04206113593535,4.71091368271771,2.46608675645105e-06,2.94960485438953e-05,"WBGene00016578","WBGene00016578",NA
"WBGene00016585",108.767345015427,-1.10839368567908,0.273943613126487,-4.04606507532375,5.20857592026582e-05,0.000406587523912394,"WBGene00016585","WBGene00016585",NA
"WBGene00016587",39.583184716245,-2.40117428548583,0.601186852681407,-3.99405654793703,6.49523619526093e-05,0.000490938185821599,"WBGene00016587","WBGene00016587",NA
"WBGene00016605",54.6725136983849,-4.27910368470313,0.822423402995691,-5.20304221538009,1.96052311685902e-07,3.27459736645936e-06,"WBGene00016605","WBGene00016605",NA
"WBGene00016612",51.5046392242222,-4.1898971209632,0.768004316439241,-5.45556454733112,4.88174937962718e-08,9.75871942419738e-07,"WBGene00016612","WBGene00016612",NA
"WBGene00016617",123.167716925549,1.43965573012062,0.308900762183277,4.6605768142017,3.15324451986865e-06,3.62002601787009e-05,"WBGene00016617","WBGene00016617",NA
"WBGene00016620",89.374493124558,1.0508192394571,0.263930904621365,3.98141794332348,6.85053712137765e-05,0.000515340668820267,"WBGene00016620","WBGene00016620",NA
"WBGene00016658",921.825632421331,-1.29030331690291,0.371084902429952,-3.47711078638256,0.000506848341340033,0.00288735884526628,"WBGene00016658","WBGene00016658",NA
"WBGene00016659",58.8510601859337,-2.19151853347989,0.836860798666615,-2.61873723440227,0.00882559007429328,0.0311697946458794,"WBGene00016659","WBGene00016659",NA
"WBGene00016670",20.1034085196618,-3.58684895520833,1.11960473443783,-3.20367433691619,0.00135685862417618,0.00655188524167235,"WBGene00016670","WBGene00016670",NA
"WBGene00016671",32.447574080366,2.66061983754628,0.582832497216435,4.56498196351989,4.99537286991144e-06,5.36833567140183e-05,"WBGene00016671","WBGene00016671",NA
"WBGene00016680",173.726730022682,-5.69841178262622,1.01717217215821,-5.60220967364404,2.11636328208223e-08,4.6252569404895e-07,"WBGene00016680","WBGene00016680",NA
"WBGene00016698",32.4245673140835,-4.36820649037758,0.737759884884644,-5.92090540550411,3.20173991478741e-09,8.52187497244998e-08,"WBGene00016698","WBGene00016698",NA
"WBGene00016707",44.241106529992,-5.03223825364,0.923704580691477,-5.44788708298157,5.09716991087151e-08,1.01185902133453e-06,"WBGene00016707","WBGene00016707",NA
"WBGene00016710",180.463109934668,1.11412090605339,0.358301183306125,3.10945360485039,0.00187433718548265,0.00860028937146183,"WBGene00016710","WBGene00016710",NA
"WBGene00016725",173.759537094984,1.42669560512054,0.346553069906105,4.11681710252079,3.84140675137186e-05,0.000312316420349022,"WBGene00016725","WBGene00016725",NA
"WBGene00016730",9.89057630482542,-7.09319582620612,1.50979313971129,-4.69812429241963,2.62561639354833e-06,3.11435146165862e-05,"WBGene00016730","WBGene00016730",NA
"WBGene00016734",11.5654966683061,-1.82981477329963,0.748918038138839,-2.44327774217718,0.0145545314071044,0.0470983958787073,"WBGene00016734","WBGene00016734",NA
"WBGene00016742",41.5056588450953,-5.57925032278734,0.990925138998148,-5.63034492033184,1.79849588160655e-08,4.01028106642783e-07,"WBGene00016742","WBGene00016742",NA
"WBGene00016745",66.8660726035073,1.29571389681556,0.406217880068559,3.18970178416784,0.00142419674621656,0.00681944525751197,"WBGene00016745","WBGene00016745",NA
"WBGene00016749",443.642031989301,-1.60725780933908,0.395053478279784,-4.06845629188661,4.73256361175509e-05,0.000374543364910385,"WBGene00016749","WBGene00016749",NA
"WBGene00016751",65.2254917968174,-1.28219170432939,0.3408281678153,-3.76198866586703,0.000168567688514874,0.00112166572250609,"WBGene00016751","WBGene00016751",NA
"WBGene00016752",282.266460700946,-4.93446379912043,1.36389079917199,-3.61793173039668,0.00029696669984836,0.0018327051126652,"WBGene00016752","WBGene00016752",NA
"WBGene00016753",36.9263015126946,-4.12907327272623,0.84945551843308,-4.8608469579935,1.16884591751418e-06,1.55987999057238e-05,"WBGene00016753","WBGene00016753",NA
"WBGene00016756",114.596786346378,-1.14123932347794,0.403330618265852,-2.82953803106935,0.00466152593858968,0.0185667360549853,"WBGene00016756","WBGene00016756",NA
"WBGene00016759",30.5404909468601,-1.40357154226853,0.469585211708122,-2.98896027232846,0.00279928526500377,0.012116954661629,"WBGene00016759","WBGene00016759",NA
"WBGene00016762",64.8806192245063,-1.26893647456289,0.454014625432301,-2.79492422376183,0.00519118815230908,0.0203058708979074,"WBGene00016762","WBGene00016762",NA
"WBGene00016765",14.1997195572305,-5.60642524939754,1.35291807923142,-4.14395027715388,3.41373792896079e-05,0.000282364329968962,"WBGene00016765","WBGene00016765",NA
"WBGene00016766",17.0820003391302,-1.45543073681166,0.531657816334291,-2.73753284931773,0.00619019375507348,0.0233632002485517,"WBGene00016766","WBGene00016766",NA
"WBGene00016783",242.276905418962,1.29310347677496,0.358748424565574,3.60448545060747,0.000312771968805821,0.00191679560946034,"WBGene00016783","WBGene00016783",NA
"WBGene00016785",29.1965129431113,3.24291230082168,0.76803039273732,4.22237496261533,2.41741510611202e-05,0.000209026703639801,"WBGene00016785","WBGene00016785",NA
"WBGene00016800",27.4491205483032,-3.89286877753004,0.92763872488197,-4.19653543250403,2.71029076745021e-05,0.000230584440114082,"WBGene00016800","WBGene00016800",NA
"WBGene00016807",12.3144960615505,-6.29998359354367,1.50131523680127,-4.19630963512136,2.71299288539033e-05,0.000230677021480571,"WBGene00016807","WBGene00016807",NA
"WBGene00016823",148.099539053351,1.81133963356241,0.603679702160355,3.00049782538699,0.00269538678353756,0.0117240302182296,"WBGene00016823","WBGene00016823",NA
"WBGene00016825",70.2857325929771,-5.84394083981163,1.02473909762681,-5.70285729640413,1.17815612460119e-08,2.75603690489769e-07,"WBGene00016825","WBGene00016825",NA
"WBGene00016826",12.5394691680027,-6.30183954897084,1.46516448145163,-4.30111405835282,1.69941553723128e-05,0.000154416695954524,"WBGene00016826","WBGene00016826",NA
"WBGene00016839",36.6249252276031,-5.34537307010448,1.14643758507027,-4.66259405633218,3.1224829976093e-06,3.59626506727073e-05,"WBGene00016839","WBGene00016839",NA
"WBGene00016843",16.6145550664657,-5.11591729863239,1.20286392221168,-4.25311392599243,2.10818252718229e-05,0.000185886815922371,"WBGene00016843","WBGene00016843",NA
"WBGene00016862",426.310039883029,-1.42312089635644,0.289460241841276,-4.91646413097657,8.81213348507156e-07,1.20875070923347e-05,"WBGene00016862","WBGene00016862",NA
"WBGene00016871",120.662413031829,1.0243541350997,0.220715869759874,4.64105338784264,3.4663754359841e-06,3.93525846755526e-05,"WBGene00016871","WBGene00016871",NA
"WBGene00016880",24.4879432791067,3.79475561337132,0.961339221215807,3.94736377089878,7.90164519842415e-05,0.00058006273662597,"WBGene00016880","WBGene00016880",NA
"WBGene00016884",30.1877623604732,-1.10211954482915,0.400636315225202,-2.75092272703646,0.00594276599437451,0.0226265195411814,"WBGene00016884","WBGene00016884",NA
"WBGene00016886",24.309251999354,3.66824257607796,1.01968626265891,3.59742276659954,0.000321385881939516,0.00196306342331688,"WBGene00016886","WBGene00016886",NA
"WBGene00016890",42.2534620087041,-1.16296740043398,0.370184922907186,-3.14158499838622,0.00168036026485369,0.00782835373714267,"WBGene00016890","WBGene00016890",NA
"WBGene00016912",48.5342146654096,-1.61070063457506,0.356526210852737,-4.51776218843096,6.24966179570181e-06,6.51542057228053e-05,"WBGene00016912","WBGene00016912",NA
"WBGene00016920",140.26846281429,-1.25626802173496,0.232155245283644,-5.41132732193955,6.25593015535159e-08,1.20669378826505e-06,"WBGene00016920","WBGene00016920",NA
"WBGene00016937",233.444675863703,1.05663008930443,0.310936944047035,3.39821339835577,0.000678274898503815,0.0036875553915234,"WBGene00016937","WBGene00016937",NA
"WBGene00016939",161.335557340092,1.1328936889965,0.405662197998734,2.7927021413024,0.00522697978269545,0.0204012075461677,"WBGene00016939","WBGene00016939",NA
"WBGene00016942",93.749336842379,-1.88019021963494,0.447031520383377,-4.20594551816498,2.59992866112079e-05,0.000222920098100777,"WBGene00016942","WBGene00016942",NA
"WBGene00016946",21.0999215964967,-5.55256087981614,1.14003063239985,-4.87053656455494,1.11295602372776e-06,1.49366013588177e-05,"WBGene00016946","WBGene00016946",NA
"WBGene00016953",44.0369993659562,-2.46768089612316,0.708736526421312,-3.48180290436483,0.000498050131959965,0.00284403936720087,"WBGene00016953","WBGene00016953",NA
"WBGene00016954",26.5598928003273,-5.56278653109777,1.13186656885907,-4.914701683172,8.89177482300964e-07,1.21850563322413e-05,"WBGene00016954","WBGene00016954",NA
"WBGene00016963",16.8118715906917,-4.87578357703247,1.07751346330089,-4.52503262659555,6.03861891705671e-06,6.32307547117155e-05,"WBGene00016963","WBGene00016963",NA
"WBGene00016979",14.1410863023998,1.55840512860874,0.629122436701933,2.47710944276351,0.013245128056683,0.0436103698028495,"WBGene00016979","WBGene00016979",NA
"WBGene00016983",87.0588073718311,1.22138743893269,0.334613914699865,3.65013941523689,0.000262098011858876,0.00164161563694081,"WBGene00016983","WBGene00016983",NA
"WBGene00016996",38.2671717445711,1.29814869526808,0.407244591746045,3.18763888232945,0.0014343955450896,0.00685908849982123,"WBGene00016996","WBGene00016996",NA
"WBGene00017026",31.1967100037419,-2.21102858298105,0.653925290958041,-3.38116389372516,0.000721794766341001,0.00386761953557591,"WBGene00017026","WBGene00017026",NA
"WBGene00017028",92.1177000338053,1.80451124656166,0.394210915052258,4.57752735314913,4.70504283156731e-06,5.11011984738538e-05,"WBGene00017028","WBGene00017028",NA
"WBGene00017041",46.0179120700585,1.21140975144079,0.349777862301337,3.46336884635984,0.000533456585310705,0.00302447242120028,"WBGene00017041","WBGene00017041",NA
"WBGene00017046",304.008275462667,1.62158645761684,0.374510822158934,4.32987876897366,1.49191451803751e-05,0.000138197888569735,"WBGene00017046","WBGene00017046",NA
"WBGene00017054",53.6516690358373,-1.22177774999685,0.353119771515181,-3.45995282211017,0.000540270036508551,0.00305341227039016,"WBGene00017054","WBGene00017054",NA
"WBGene00017056",9.89030934809264,-5.96483490706526,1.63744531435722,-3.64276892471782,0.000269720951026659,0.00168199020638047,"WBGene00017056","WBGene00017056",NA
"WBGene00017058",71.2635371198082,-4.7396831427253,0.818301416809903,-5.79209939682454,6.95119811176914e-09,1.71299094157787e-07,"WBGene00017058","WBGene00017058",NA
"WBGene00017059",86.4054177182224,-4.96164151336518,0.718358497697485,-6.90691559892235,4.95304409476265e-12,2.26178464046142e-10,"WBGene00017059","WBGene00017059",NA
"WBGene00017063",90.7677234377895,-1.27466951057799,0.399309376263804,-3.19218527374594,0.00141200729842151,0.00677254884341214,"WBGene00017063","WBGene00017063",NA
"WBGene00017083",55.3556037195153,2.45690160140834,0.594442254126743,4.13312072678551,3.57870624179521e-05,0.000294137138090735,"WBGene00017083","WBGene00017083",NA
"WBGene00017091",19.4297434968674,-1.68997614155834,0.4983938710883,-3.39084455005052,0.000696776100110983,0.00376664931879209,"WBGene00017091","WBGene00017091",NA
"WBGene00017105",53.4280463210096,1.85047781869532,0.351606311745497,5.26292548478126,1.41781052682402e-07,2.49259112667843e-06,"WBGene00017105","WBGene00017105",NA
"WBGene00017112",220.726047906793,-5.20735068749838,1.08822346482541,-4.78518507991724,1.70829842044488e-06,2.16844665394482e-05,"WBGene00017112","WBGene00017112",NA
"WBGene00017114",48.0177345451103,-4.69973468687439,1.56072948883638,-3.01124232001173,0.00260181128090115,0.0113658611512063,"WBGene00017114","WBGene00017114",NA
"WBGene00017116",16.72148465681,5.38137454374208,1.2325999932539,4.36587260522041,1.26616262887064e-05,0.000119611780928275,"WBGene00017116","WBGene00017116",NA
"WBGene00017133",82.1146482134012,3.64334977691301,0.451688759296183,8.06606253073476,7.260163508949e-16,5.82974814794428e-14,"WBGene00017133","WBGene00017133",NA
"WBGene00017140",65.8964423411589,2.57494776649679,0.637508924111233,4.03907720991763,5.36619003554545e-05,0.000417826624108607,"WBGene00017140","WBGene00017140",NA
"WBGene00017143",236.553455764956,3.22899132573415,0.54672462936052,5.90606523344479,3.50375280322307e-09,9.20721180009253e-08,"WBGene00017143","WBGene00017143",NA
"WBGene00017154",24.5254974334384,5.96599058115498,1.27877859693258,4.66538194763789,3.08044308823197e-06,3.56508283887445e-05,"WBGene00017154","WBGene00017154",NA
"WBGene00017175",30.1533109159089,-6.57359303760535,1.22602558568086,-5.36170950621295,8.24380369087557e-08,1.54630821723995e-06,"WBGene00017175","WBGene00017175",NA
"WBGene00017179",19.5413571970426,-4.09476408357081,1.05924121069081,-3.86575224060657,0.00011074732154504,0.000782070882827698,"WBGene00017179","WBGene00017179",NA
"WBGene00017184",202.531487811502,2.2667606386346,0.521812099583294,4.34401701387296,1.39900673162831e-05,0.000130692831471656,"WBGene00017184","WBGene00017184",NA
"WBGene00017208",41.8776988388763,4.70748878832663,0.884821764932297,5.32026784929598,1.03614589278807e-07,1.89139632766538e-06,"WBGene00017208","WBGene00017208",NA
"WBGene00017213",11.7017563891215,-6.19659980518581,1.62201855115383,-3.820301439079,0.000133288673089023,0.000917917864756823,"WBGene00017213","WBGene00017213",NA
"WBGene00017215",46.7873785549827,-4.35746431194859,0.89828230417111,-4.85088517464389,1.22911691671421e-06,1.6251404339127e-05,"WBGene00017215","WBGene00017215",NA
"WBGene00017249",23.479340344517,4.39045415981121,0.985834968306902,4.45353867630754,8.44664843382723e-06,8.42483922293737e-05,"WBGene00017249","WBGene00017249",NA
"WBGene00017251",30.6071425316513,3.297637372097,0.862559158552391,3.82308545379234,0.000131792078956229,0.000909562619276379,"WBGene00017251","WBGene00017251",NA
"WBGene00017252",22.1259138259094,4.9736658669244,0.922657333174446,5.39058834530938,7.02273802178022e-08,1.33770951470095e-06,"WBGene00017252","WBGene00017252",NA
"WBGene00017254",14.6413495143494,4.81235794560522,1.01675159566402,4.73307144648477,2.21147601217124e-06,2.69698179538939e-05,"WBGene00017254","WBGene00017254",NA
"WBGene00017262",350.460166099639,-1.57264945842187,0.410545728087164,-3.83063164668462,0.000127814726830182,0.000883819976092787,"WBGene00017262","WBGene00017262",NA
"WBGene00017267",45.517640976811,-1.44258941766604,0.435182162150762,-3.31490934861958,0.000916728481225412,0.00473538134519509,"WBGene00017267","WBGene00017267",NA
"WBGene00017270",45.517640976811,-1.44258941766604,0.435182162150762,-3.31490934861958,0.000916728481225412,0.00473538134519509,"WBGene00017270","WBGene00017270",NA
"WBGene00017279",36.6018935612203,-4.98122879159395,1.06463948690958,-4.67879395123075,2.88567247916023e-06,3.36418570510906e-05,"WBGene00017279","WBGene00017279",NA
"WBGene00017302",162.376031255562,-1.1107917720711,0.320801283775144,-3.4625540116282,0.000535074508478364,0.00303124056665924,"WBGene00017302","WBGene00017302",NA
"WBGene00017309",11.6030729557412,2.98168628498258,0.921159833284202,3.23688265298325,0.00120843092616087,0.00594779405032282,"WBGene00017309","WBGene00017309",NA
"WBGene00017326",12.5246968039934,6.02076017369384,1.32662598704719,4.53840059857026,5.66825035126843e-06,5.97465355978464e-05,"WBGene00017326","WBGene00017326",NA
"WBGene00017327",22.4547494738169,-1.88885839164826,0.636291708047836,-2.96854157889837,0.00299216617935921,0.0128429523127872,"WBGene00017327","WBGene00017327",NA
"WBGene00017340",97.9023928832346,1.40689732736393,0.371249196131274,3.78963063630836,0.000150871452742022,0.00101981810117436,"WBGene00017340","WBGene00017340",NA
"WBGene00017343",24.1308347522598,4.66909968500917,1.12559361277027,4.14812205047767,3.35213686642586e-05,0.0002783968171518,"WBGene00017343","WBGene00017343",NA
"WBGene00017354",19.956305601267,-2.85170401269348,0.694509314742534,-4.10607021700012,4.02447191145557e-05,0.000324981791132398,"WBGene00017354","WBGene00017354",NA
"WBGene00017381",52.7481668011244,1.29093450914692,0.518658339012211,2.48898824533606,0.0128107201236281,0.0424637343986587,"WBGene00017381","WBGene00017381",NA
"WBGene00017384",37.1990020563965,-5.6064785863747,0.969285029864679,-5.7841382190308,7.28849975097507e-09,1.77772230274209e-07,"WBGene00017384","WBGene00017384",NA
"WBGene00017386",277.594786924687,-4.56890366627848,0.943263610813615,-4.84371878009537,1.27431260950867e-06,1.67098625024839e-05,"WBGene00017386","WBGene00017386",NA
"WBGene00017387",25.0693982710477,-5.99054080001748,1.23392054822552,-4.85488373512573,1.20457396095343e-06,1.59860497900719e-05,"WBGene00017387","WBGene00017387",NA
"WBGene00017393",10.0272057537578,-6.83139342807046,1.48773831451082,-4.59179773851335,4.39444150859824e-06,4.81669880999959e-05,"WBGene00017393","WBGene00017393",NA
"WBGene00017405",26.8660927226003,2.75366116111146,0.955108555544955,2.88308710577962,0.00393798529731228,0.0161092226257826,"WBGene00017405","WBGene00017405",NA
"WBGene00017408",11.1183710445505,4.34572840292521,1.22453078114795,3.54889274310547,0.000386854620627236,0.00230292090488342,"WBGene00017408","WBGene00017408",NA
"WBGene00017421",18.4121383734232,2.73084174298569,0.676112532133233,4.03903435182526,5.36717051608062e-05,0.000417826624108607,"WBGene00017421","WBGene00017421",NA
"WBGene00017423",503.569462104278,2.15350901067833,0.316754036401223,6.79867898494765,1.05582783190574e-11,4.64336836967038e-10,"WBGene00017423","WBGene00017423",NA
"WBGene00017429",39.9394564545657,-1.04196667246886,0.372756726875967,-2.79529944691132,0.00518516624212338,0.0202934230828777,"WBGene00017429","WBGene00017429",NA
"WBGene00017430",219.797335484896,-1.53253404232075,0.467989101344314,-3.2747216503942,0.00105766130694806,0.00531919530619587,"WBGene00017430","WBGene00017430",NA
"WBGene00017434",23.1668002469884,-2.2116012053629,0.684904108809759,-3.22906692618076,0.00124194826725421,0.00607708544466428,"WBGene00017434","WBGene00017434",NA
"WBGene00017436",121.445225981324,1.70741336543815,0.353282758222768,4.83299375839202,1.34495005553654e-06,1.75258922969217e-05,"WBGene00017436","WBGene00017436",NA
"WBGene00017441",20.7987687578104,-1.64043272930473,0.675016520313803,-2.43021123178159,0.015090025416761,0.0484351523201807,"WBGene00017441","WBGene00017441",NA
"WBGene00017444",11.806331519757,-4.43148966806799,1.18711624114787,-3.73298714520408,0.000189222255335833,0.00124062096124544,"WBGene00017444","WBGene00017444",NA
"WBGene00017448",113.406312978078,-1.35738860742356,0.287938652571652,-4.7141590588842,2.42711020366409e-06,2.91518370932528e-05,"WBGene00017448","WBGene00017448",NA
"WBGene00017466",139.026823321719,-3.18490075776606,0.627435495440042,-5.07606085551851,3.85339922151834e-07,5.84677654704476e-06,"WBGene00017466","WBGene00017466",NA
"WBGene00017467",516.055329347804,-1.32384903093002,0.384603798154031,-3.44211117332707,0.000577192983908894,0.00322510528499211,"WBGene00017467","WBGene00017467",NA
"WBGene00017481",99.1320533783288,3.03573033495407,0.668439579547954,4.54151792897579,5.58506351778101e-06,5.89566564694564e-05,"WBGene00017481","WBGene00017481",NA
"WBGene00017484",473.400879720027,1.80890720641603,0.335557121422566,5.39075790955449,7.01611409975971e-08,1.33770951470095e-06,"WBGene00017484","WBGene00017484",NA
"WBGene00017485",182.89142622067,2.55258368596965,0.334786290734367,7.62451676372546,2.44950234838398e-14,1.57706022817352e-12,"WBGene00017485","WBGene00017485",NA
"WBGene00017487",92.5751986227903,-1.47979592304747,0.371422016860561,-3.98413625437561,6.77260075099717e-05,0.000510283513621521,"WBGene00017487","WBGene00017487",NA
"WBGene00017488",33.1940126253791,5.14146186567552,0.8769261778301,5.86304981611765,4.5444180807641e-09,1.15988156479217e-07,"WBGene00017488","WBGene00017488",NA
"WBGene00017501",33.1906370023099,2.43358606533078,0.650538281393624,3.74088064443709,0.000183376594457713,0.00120727851892404,"WBGene00017501","WBGene00017501",NA
"WBGene00017506",1230.55752495268,-1.31299740565719,0.298803041925378,-4.39419022375647,1.1118642616307e-05,0.000106656885177769,"WBGene00017506","WBGene00017506",NA
"WBGene00017515",63.3944812299284,-1.48531484585954,0.525736747097356,-2.82520644421397,0.00472501619572487,0.018770054609643,"WBGene00017515","WBGene00017515",NA
"WBGene00017529",19.7654749978419,-1.43464040741698,0.529141513724765,-2.71126035324308,0.00670279734380907,0.024864542547382,"WBGene00017529","WBGene00017529",NA
"WBGene00017538",193.551271062602,1.2624586945335,0.465297298084999,2.71323022877919,0.00666307959917866,0.0247300432903299,"WBGene00017538","WBGene00017538",NA
"WBGene00017542",366.683474224839,-5.41216183598487,1.27277347368148,-4.25225851095896,2.1162536780947e-05,0.000186329520936574,"WBGene00017542","WBGene00017542",NA
"WBGene00017550",16.0548144952698,-4.19171114801599,1.26894053507707,-3.30331566542746,0.00095548764674994,0.00489841640423131,"WBGene00017550","WBGene00017550",NA
"WBGene00017553",41.9263142309041,-4.14041790605376,0.916560240042474,-4.51734400551991,6.26201283235162e-06,6.5235385869389e-05,"WBGene00017553","WBGene00017553",NA
"WBGene00017554",10.7285739625542,-3.11807063091544,1.26280600281261,-2.4691604442572,0.0135430480938506,0.0443867889028677,"WBGene00017554","WBGene00017554",NA
"WBGene00017555",17.4731670667267,-3.75120498352604,0.920939322764121,-4.07323793305635,4.6364015733113e-05,0.000368156042707436,"WBGene00017555","WBGene00017555",NA
"WBGene00017559",28.9661024112297,-4.52356445066537,0.989213676148793,-4.57288911358011,4.81044748382211e-06,5.21112265131401e-05,"WBGene00017559","WBGene00017559",NA
"WBGene00017569",205.306533172135,-1.45878143185699,0.302508133208428,-4.82228830142525,1.41920618841765e-06,1.83738351911716e-05,"WBGene00017569","WBGene00017569",NA
"WBGene00017583",110.074961876965,1.18684631571342,0.315345845716338,3.76363390174805,0.000167461992738926,0.0011163872491686,"WBGene00017583","WBGene00017583",NA
"WBGene00017589",274.285585230098,1.03217015365435,0.318820454751156,3.23746528264622,0.00120596612068353,0.00593965326083034,"WBGene00017589","WBGene00017589",NA
"WBGene00017592",85.3934240459181,-1.90234869700835,0.481623706976388,-3.94986515292449,7.81952342220986e-05,0.000574624412717972,"WBGene00017592","WBGene00017592",NA
"WBGene00017598",14.2316649530826,2.6201391534556,1.07684425996623,2.43316443320947,0.0149675019390909,0.0481716967384431,"WBGene00017598","WBGene00017598",NA
"WBGene00017601",30.6484525687429,3.06071054314344,1.03700572895853,2.95148855755825,0.00316246263267655,0.0134367058290267,"WBGene00017601","WBGene00017601",NA
"WBGene00017635",205.949337984051,-2.32301706147483,0.42747718709548,-5.43424802913745,5.50279946186367e-08,1.08186399874027e-06,"WBGene00017635","WBGene00017635",NA
"WBGene00017636",54.603797006164,-4.84387621456105,0.85830902760794,-5.64351073885436,1.66617128924551e-08,3.7444317982997e-07,"WBGene00017636","WBGene00017636",NA
"WBGene00017637",22.3312412355064,-1.72579121240726,0.508757389139882,-3.39216933109301,0.000693415726286089,0.00375132133830699,"WBGene00017637","WBGene00017637",NA
"WBGene00017647",43.774953981365,-3.83089031171376,0.749004699658722,-5.11464122115558,3.14337844771925e-07,4.93175720672352e-06,"WBGene00017647","WBGene00017647",NA
"WBGene00017654",45.1215647009317,-1.25144497763788,0.473438450347842,-2.64331081837233,0.00820996307662242,0.0294097750010437,"WBGene00017654","WBGene00017654",NA
"WBGene00017672",21.3993107733113,-6.25195645552643,1.38947364530583,-4.49951424170433,6.81089170283535e-06,7.00345864090832e-05,"WBGene00017672","WBGene00017672",NA
"WBGene00017673",19.8141707794412,-4.05085968488004,1.21816776754777,-3.32537093230977,0.000883009726269013,0.00458773464833261,"WBGene00017673","WBGene00017673",NA
"WBGene00017690",70.7256130458323,-1.758595892013,0.449936723122404,-3.90854047166668,9.28553936553526e-05,0.000667596650661949,"WBGene00017690","WBGene00017690",NA
"WBGene00017698",232.606254640242,-1.10039653806227,0.319610494988306,-3.44292992663626,0.000575448396805635,0.00321787321421868,"WBGene00017698","WBGene00017698",NA
"WBGene00017713",34.1559725378566,2.88067472141661,0.86777661604817,3.31960399501789,0.000901452221134892,0.00466659058191996,"WBGene00017713","WBGene00017713",NA
"WBGene00017729",10.9043103001571,3.09775970989722,0.906491066943822,3.41730859007924,0.000632435487624963,0.00348204947019399,"WBGene00017729","WBGene00017729",NA
"WBGene00017736",31.7943585061888,-2.51928139946345,0.639715570955839,-3.93812737073014,8.21200017062958e-05,0.00059854216439984,"WBGene00017736","WBGene00017736",NA
"WBGene00017737",18.5214819007743,-1.81477816850493,0.641670918832576,-2.82820697532412,0.00468095319489752,0.0186260757279149,"WBGene00017737","WBGene00017737",NA
"WBGene00017747",170.709597031175,-1.52836677942048,0.417720090981654,-3.65882994956929,0.000253369384846292,0.00159463171184855,"WBGene00017747","WBGene00017747",NA
"WBGene00017752",17.0739339437856,2.07065173132092,0.843501157941693,2.45482974365289,0.0140951327771614,0.045859716090136,"WBGene00017752","WBGene00017752",NA
"WBGene00017755",188.504538425941,6.13896916680104,1.20303630203237,5.10289602768432,3.34494794555108e-07,5.19666749845234e-06,"WBGene00017755","WBGene00017755",NA
"WBGene00017766",234.843346976187,1.38295644368184,0.318857292482151,4.33722695478025,1.44291613180828e-05,0.0001341808735975,"WBGene00017766","WBGene00017766",NA
"WBGene00017772",986.299565619469,-1.03795540166473,0.228052478264004,-4.55138838904938,5.32930662506501e-06,5.67176318630337e-05,"WBGene00017772","WBGene00017772",NA
"WBGene00017785",47.0359113095881,-1.50478902761007,0.475084936215669,-3.16741052578218,0.00153803030544116,0.00726953278957357,"WBGene00017785","WBGene00017785",NA
"WBGene00017802",23.6134600147666,-4.49260461984806,0.983077322261265,-4.56994024591495,4.87863295994155e-06,5.27061987123542e-05,"WBGene00017802","WBGene00017802",NA
"WBGene00017806",48.7874583240043,-2.95892220640102,0.641434860681238,-4.61297379948836,3.96948356112273e-06,4.40495563191981e-05,"WBGene00017806","WBGene00017806",NA
"WBGene00017808",41.1462376113274,-4.33526938788445,0.730424782773349,-5.93527148876832,2.9335965325088e-09,7.89640211660042e-08,"WBGene00017808","WBGene00017808",NA
"WBGene00017843",335.256300684321,1.14553975434243,0.426703117623181,2.68462944616695,0.00726102595498177,0.0265358844220287,"WBGene00017843","WBGene00017843",NA
"WBGene00017851",413.453590683336,-5.28315065398016,1.00724156674587,-5.24516742398608,1.56140473392046e-07,2.70183509224276e-06,"WBGene00017851","WBGene00017851",NA
"WBGene00017853",18.4742754386124,-4.70611924176182,1.06958964616562,-4.39992969138476,1.0828595699207e-05,0.000104294554129896,"WBGene00017853","WBGene00017853",NA
"WBGene00017902",14.1915888642925,-6.28703541634953,1.40896732311531,-4.46215842852092,8.11382001082801e-06,8.13259673315321e-05,"WBGene00017902","WBGene00017902",NA
"WBGene00017910",10.0817979818727,-5.86553276259988,1.59875856229209,-3.66880459685586,0.000243687239292173,0.00154116004920488,"WBGene00017910","WBGene00017910",NA
"WBGene00017911",17.5944163852736,3.93141208446125,0.980126075158587,4.01112895994032,6.04290892253153e-05,0.000461138799945238,"WBGene00017911","WBGene00017911",NA
"WBGene00017912",13.2347040534488,3.73564671881115,0.834484158492734,4.47659393026533,7.58433078911805e-06,7.67182165384743e-05,"WBGene00017912","WBGene00017912",NA
"WBGene00017922",23.7273048678516,-5.74996765722206,1.26277586182067,-4.5534348818893,5.27770132837692e-06,5.62102720465659e-05,"WBGene00017922","WBGene00017922",NA
"WBGene00017955",59.6656679175065,-5.67015995661804,1.06986054371809,-5.29990566519307,1.15862529482574e-07,2.09093830037176e-06,"WBGene00017955","WBGene00017955",NA
"WBGene00017968",644.13292811617,-2.43687100512826,0.428594994749011,-5.68571970037894,1.3026289984512e-08,3.01361888899086e-07,"WBGene00017968","WBGene00017968",NA
"WBGene00017975",119.018034703547,-5.12865373183726,1.42410462077342,-3.60131808929314,0.000316607919106009,0.00193885046605921,"WBGene00017975","WBGene00017975",NA
"WBGene00017978",90.2058150679704,-4.7455759126297,0.684765177499483,-6.93022377387652,4.2017544185564e-12,1.94354938202028e-10,"WBGene00017978","WBGene00017978",NA
"WBGene00017990",514.689703765749,1.18350266694373,0.311781282631906,3.79593879707331,0.000147085784882053,0.000999665774283969,"WBGene00017990","WBGene00017990",NA
"WBGene00018001",14.3361570066646,-6.58000272086781,1.48289697894246,-4.4372622065495,9.11102841238978e-06,8.99336526921873e-05,"WBGene00018001","WBGene00018001",NA
"WBGene00018004",20.0659546732062,-6.03648993883226,1.30208372510917,-4.63602287811881,3.55176672964532e-06,4.0162501476915e-05,"WBGene00018004","WBGene00018004",NA
"WBGene00018021",33.0550755167333,3.46771101661043,1.00934820418534,3.43559437885886,0.000591255481150716,0.00328953467967582,"WBGene00018021","WBGene00018021",NA
"WBGene00018031",41.9114444945632,-4.87001934004466,1.64870836984931,-2.95383915621764,0.00313847534951282,0.0133586147023784,"WBGene00018031","WBGene00018031",NA
"WBGene00018041",51.5346665190155,1.72021720652164,0.656273273274709,2.6211904043235,0.00876233083308016,0.0310076738294664,"WBGene00018041","WBGene00018041",NA
"WBGene00018068",40.7583493602464,-2.34706660550187,0.513267466721832,-4.57279441553595,4.81262289213916e-06,5.21112265131401e-05,"WBGene00018068","WBGene00018068",NA
"WBGene00018081",19.3512069147242,-4.52115520230433,0.970582849990473,-4.65818575132325,3.1900830810871e-06,3.65937860978956e-05,"WBGene00018081","WBGene00018081",NA
"WBGene00018082",12.1346048825056,-3.8331101340739,1.12524207149858,-3.40647602072772,0.000658073309498453,0.00359825624049785,"WBGene00018082","WBGene00018082",NA
"WBGene00018083",36.0147564387971,-5.45135395193691,0.896411328853322,-6.08130863195383,1.1920558239914e-09,3.47007207582671e-08,"WBGene00018083","WBGene00018083",NA
"WBGene00018084",18.0169539780193,-2.06808783612997,0.592408447128099,-3.49098303063659,0.00048124681855359,0.00277022181940655,"WBGene00018084","WBGene00018084",NA
"WBGene00018101",266.747542184412,-1.11707316511154,0.317473909755088,-3.51862981740231,0.000433781527923962,0.00253995877862236,"WBGene00018101","WBGene00018101",NA
"WBGene00018103",40.8310202205285,5.17564945334981,0.825075137868085,6.27294317305839,3.54286241002784e-10,1.17763098666344e-08,"WBGene00018103","WBGene00018103",NA
"WBGene00018104",13.7584919196616,4.16652037014248,1.09077756043435,3.81977088755233,0.00013357569054125,0.000919209121283625,"WBGene00018104","WBGene00018104",NA
"WBGene00018106",9.81684025902485,6.71435688957421,1.35538192874193,4.95384861432119,7.27598214331065e-07,1.02257239699449e-05,"WBGene00018106","WBGene00018106",NA
"WBGene00018109",10.8468725922076,4.73682966830235,1.46037196473978,3.24357751495619,0.00118038687498427,0.00582974070634078,"WBGene00018109","WBGene00018109",NA
"WBGene00018119",57.2860247656804,-4.62115519803639,0.908088964148745,-5.08887937248342,3.60185625099639e-07,5.52968113807641e-06,"WBGene00018119","WBGene00018119",NA
"WBGene00018120",24.465352410346,-7.24421918304241,1.41633274906498,-5.11477206738659,3.14120033269838e-07,4.93175720672352e-06,"WBGene00018120","WBGene00018120",NA
"WBGene00018121",44.8468867315347,-6.65249812491599,1.14478453179192,-5.81113558068686,6.20504831450348e-09,1.54779678113784e-07,"WBGene00018121","WBGene00018121",NA
"WBGene00018122",51.3672150446041,-4.45169011901114,0.947763448889392,-4.69704769077951,2.63948839603222e-06,3.1256178661548e-05,"WBGene00018122","WBGene00018122",NA
"WBGene00018123",54.0263783329471,-4.33669854083928,0.951847895566396,-4.55608355183549,5.21162128257567e-06,5.57140635690756e-05,"WBGene00018123","WBGene00018123",NA
"WBGene00018124",55.9852317657999,-4.57915970005148,0.989957760593361,-4.62561119507444,3.73495361784084e-06,4.18695623998425e-05,"WBGene00018124","WBGene00018124",NA
"WBGene00018134",72.7772706208329,-3.98399548386505,0.787035779000733,-5.0620258826395,4.14824691007429e-07,6.22803498799284e-06,"WBGene00018134","WBGene00018134",NA
"WBGene00018135",40.8959948373439,-3.90555368595943,0.899021903929104,-4.34422528404539,1.39768026235583e-05,0.00013065430994017,"WBGene00018135","WBGene00018135",NA
"WBGene00018138",2556.69813714766,1.49266845588025,0.180006090090034,8.29232197162698,1.11058818465759e-16,9.5051718103658e-15,"WBGene00018138","WBGene00018138",NA
"WBGene00018140",113.392216170692,1.32753173859113,0.406316059881721,3.26723915116124,0.00108601896219477,0.00543884689090746,"WBGene00018140","WBGene00018140",NA
"WBGene00018158",46.133291328482,-5.14568326880052,1.57541034638314,-3.26624950801809,0.00108982178715555,0.00544834655607357,"WBGene00018158","WBGene00018158",NA
"WBGene00018163",13.4923171576579,-6.47980701288567,1.424763915704,-4.54798647092624,5.41616164367238e-06,5.74284493696431e-05,"WBGene00018163","WBGene00018163",NA
"WBGene00018178",16.7167631738487,-5.93124890123674,1.29367934341692,-4.58479060628027,4.5444162731032e-06,4.95071202678841e-05,"WBGene00018178","WBGene00018178",NA
"WBGene00018194",30.1621778267308,2.23784121577029,0.576379634815175,3.88258203551533,0.000103353131472984,0.000734938461762866,"WBGene00018194","WBGene00018194",NA
"WBGene00018196",21.200559019022,-5.21766843628635,1.33382711881829,-3.91180263369437,9.16097658665432e-05,0.000660301756697177,"WBGene00018196","WBGene00018196",NA
"WBGene00018204",37.4014699750411,3.83991720268003,0.701984631418119,5.47008727943629,4.49814010757079e-08,9.05519951514215e-07,"WBGene00018204","WBGene00018204",NA
"WBGene00018215",51.2051941008965,3.22288910135113,0.449560356894392,7.16897976417488,7.55587231175115e-13,3.8570029625664e-11,"WBGene00018215","WBGene00018215",NA
"WBGene00018232",24.4404038444194,-3.24191413314297,0.781520808149256,-4.14821217725507,3.35081776475386e-05,0.0002783968171518,"WBGene00018232","WBGene00018232",NA
"WBGene00018235",15.8667695400525,-4.25891293882869,1.1906964640102,-3.57682504950498,0.000347792772600218,0.00210190363584563,"WBGene00018235","WBGene00018235",NA
"WBGene00018236",15.0499208731204,4.81307269557596,1.0130157195783,4.75123199231256,2.02181004960412e-06,2.51503316266247e-05,"WBGene00018236","WBGene00018236",NA
"WBGene00018252",30.7459093101438,2.40086207931758,0.543024143645492,4.42128054049279,9.81176852510375e-06,9.61203615690938e-05,"WBGene00018252","WBGene00018252",NA
"WBGene00018253",47.7658368764813,-5.60677812023141,0.875828927712092,-6.40168181573754,1.5367466736475e-10,5.53267511497324e-09,"WBGene00018253","WBGene00018253",NA
"WBGene00018262",42.8250921218518,-1.23451930132846,0.475455981695332,-2.59649546720715,0.00941801483266256,0.0328241126562414,"WBGene00018262","WBGene00018262",NA
"WBGene00018275",43.3022617519529,-1.52272934267218,0.342721425185865,-4.44305266834828,8.86914439051e-06,8.7971326005246e-05,"WBGene00018275","WBGene00018275",NA
"WBGene00018282",33.2077117009683,-2.20163903458272,0.889577097898149,-2.47492773789326,0.0133263136278012,0.0438070378753825,"WBGene00018282","WBGene00018282",NA
"WBGene00018297",143.353701142882,-3.79292526213355,1.46861097374237,-2.58266166462605,0.00980414166974632,0.0339696313029534,"WBGene00018297","WBGene00018297",NA
"WBGene00018301",28.1774803025148,-4.13732179905968,0.994923937686058,-4.15843025013756,3.20442045044822e-05,0.000267840827475184,"WBGene00018301","WBGene00018301",NA
"WBGene00018314",180.190686042156,-4.0839961589012,1.04144620333653,-3.92146627047766,8.80117697220915e-05,0.000635971802142494,"WBGene00018314","WBGene00018314",NA
"WBGene00018318",10.7532436205257,-2.64469614634072,0.984603670112667,-2.68605148103713,0.00723019477238048,0.0264434938284632,"WBGene00018318","WBGene00018318",NA
"WBGene00018336",44.1601587958891,-4.90663308356455,1.59499819326683,-3.07626247119122,0.00209613238243859,0.00944854891498817,"WBGene00018336","WBGene00018336",NA
"WBGene00018347",29.7147617750964,-5.24517219393357,0.949855278661815,-5.52207511161398,3.35019205544271e-08,6.9927238571172e-07,"WBGene00018347","WBGene00018347",NA
"WBGene00018350",323.778803859728,-1.3992443112552,0.411287702593317,-3.40210587973445,0.000668687259654181,0.00364954162972949,"WBGene00018350","WBGene00018350",NA
"WBGene00018355",114.594343979934,2.73978076118016,0.56850611162369,4.81926351390518,1.44089135274957e-06,1.86208500043848e-05,"WBGene00018355","WBGene00018355",NA
"WBGene00018359",37.6502447949994,-3.46220758342038,0.780420965355821,-4.4363333855874,9.15040979789428e-06,9.0260046405316e-05,"WBGene00018359","WBGene00018359",NA
"WBGene00018360",24.691531586164,-4.35927663035132,0.939456032571272,-4.64021356956968,3.48049287036787e-06,3.94814957112444e-05,"WBGene00018360","WBGene00018360",NA
"WBGene00018373",117.589357334183,-1.33213496597261,0.457890287970936,-2.9092885369457,0.0036225235831979,0.0150645125326295,"WBGene00018373","WBGene00018373",NA
"WBGene00018380",75.0334592183938,-4.07277116975008,0.953121257042586,-4.27308817178978,1.92784179025375e-05,0.00017150909844447,"WBGene00018380","WBGene00018380",NA
"WBGene00018386",133.868121084554,1.19786233098318,0.350286455415402,3.41966499835869,0.000626982961765267,0.00345735627797491,"WBGene00018386","WBGene00018386",NA
"WBGene00018394",13.246120009718,-3.09656880284731,0.888278037872381,-3.48603553259548,0.000490235883358605,0.00281177427000182,"WBGene00018394","WBGene00018394",NA
"WBGene00018436",18.9486772326168,3.25868081350639,1.02031001030207,3.19381440993765,0.00140406350534349,0.00674790843371705,"WBGene00018436","WBGene00018436",NA
"WBGene00018437",65.5639521532229,4.33164024536554,0.786463707507983,5.50774333769441,3.6346280517268e-08,7.50718767967213e-07,"WBGene00018437","WBGene00018437",NA
"WBGene00018438",263.860252651591,2.28124869604827,0.554067184671844,4.11727811925801,3.83373325157543e-05,0.000311869945160885,"WBGene00018438","WBGene00018438",NA
"WBGene00018442",13.0081068993229,3.98316155305439,1.05722644422041,3.7675576266838,0.000164852494147088,0.00110216574036426,"WBGene00018442","WBGene00018442",NA
"WBGene00018444",18.8778980260727,4.88092634009456,1.09171148578835,4.47089400783388,7.78932976042154e-06,7.85140269856876e-05,"WBGene00018444","WBGene00018444",NA
"WBGene00018446",219.533511210599,1.1953143164225,0.492215815416368,2.42843541183532,0.0151641258165299,0.0485857095484561,"WBGene00018446","WBGene00018446",NA
"WBGene00018452",19.9050490073846,5.77790934247768,1.19175067664491,4.84825346081952,1.24553198478995e-06,1.64380320024033e-05,"WBGene00018452","WBGene00018452",NA
"WBGene00018456",32.8617612190497,4.46365349641119,0.782230979214018,5.70631132622265,1.15450748476429e-08,2.70958546465288e-07,"WBGene00018456","WBGene00018456",NA
"WBGene00018458",20.3677625453536,5.17038699354654,1.19124061723948,4.34033806329417,1.42263677285024e-05,0.000132574731212782,"WBGene00018458","WBGene00018458",NA
"WBGene00018459",165.458379862226,-1.58031003133602,0.46745706076749,-3.3806528213338,0.000723138496363914,0.00387254347265996,"WBGene00018459","WBGene00018459",NA
"WBGene00018462",63.6773820640712,-2.43700918154862,0.56301819252003,-4.3284732428285,1.50146569931565e-05,0.000138992546893255,"WBGene00018462","WBGene00018462",NA
"WBGene00018470",50.9639196314881,-1.92958359367275,0.73550029135566,-2.62349806839122,0.00870319385767636,0.0308472797603767,"WBGene00018470","WBGene00018470",NA
"WBGene00018471",19.4234792704044,-1.80206282784538,0.698415125355016,-2.58021735558686,0.00987381466816606,0.0341793250307817,"WBGene00018471","WBGene00018471",NA
"WBGene00018487",15.4428150426373,-2.17728495043389,0.853475835928042,-2.55107978313924,0.0107389739162288,0.0366067622667918,"WBGene00018487","WBGene00018487",NA
"WBGene00018489",112.919289539713,4.31792478455703,0.742883158010822,5.81238750400386,6.15880709790107e-09,1.53894807430594e-07,"WBGene00018489","WBGene00018489",NA
"WBGene00018497",34.6365754772253,-5.39173145288426,1.07329827356774,-5.02351637533306,5.07338968489347e-07,7.41451521126609e-06,"WBGene00018497","WBGene00018497",NA
"WBGene00018500",13.2111333578366,-4.84984836416528,1.38946852524189,-3.49043413079182,0.000482236474013015,0.00277480109624316,"WBGene00018500","WBGene00018500",NA
"WBGene00018520",356.487374426141,1.40321743135682,0.25410832346246,5.52212305459613,3.34927779755433e-08,6.9927238571172e-07,"WBGene00018520","WBGene00018520",NA
"WBGene00018522",1267.437645494,-1.10967416230607,0.334093056810035,-3.32145233098042,0.000895502778933661,0.00464420218407069,"WBGene00018522","WBGene00018522",NA
"WBGene00018525",21.2441131193001,-5.17105221514632,1.09596804733579,-4.71825089035826,2.3788101821361e-06,2.86680724563838e-05,"WBGene00018525","WBGene00018525",NA
"WBGene00018528",45.0491993976512,-6.7295125560626,1.127160525201,-5.97032313109311,2.36784150723871e-09,6.5083766659544e-08,"WBGene00018528","WBGene00018528",NA
"WBGene00018530",21.2441131193001,-5.17105221514632,1.09596804733579,-4.71825089035826,2.3788101821361e-06,2.86680724563838e-05,"WBGene00018530","WBGene00018530",NA
"WBGene00018531",85.404807699283,-5.09168492960123,0.923962067861934,-5.51070775165423,3.57393698916398e-08,7.40322918639431e-07,"WBGene00018531","WBGene00018531",NA
"WBGene00018547",49.3794528967411,4.31584166866105,0.765539145009333,5.63764987956094,1.72386548723365e-08,3.86194504843738e-07,"WBGene00018547","WBGene00018547",NA
"WBGene00018548",94.4798402971183,-5.36012965871197,1.40293508202179,-3.8206540897013,0.000133098217954788,0.000917248230100186,"WBGene00018548","WBGene00018548",NA
"WBGene00018561",55.6896036512982,3.04047501899021,0.595716685037162,5.10389434333292,3.3273409137382e-07,5.17493837650273e-06,"WBGene00018561","WBGene00018561",NA
"WBGene00018563",75.6327072116763,-5.26067799207151,0.766619978176165,-6.86217179545331,6.78214292250034e-12,3.05795485146048e-10,"WBGene00018563","WBGene00018563",NA
"WBGene00018575",29.9725038752819,-4.15478721860803,1.12294776569339,-3.69989357077757,0.000215689902827518,0.00138430883750055,"WBGene00018575","WBGene00018575",NA
"WBGene00018576",44.0404302607419,-1.45813513494869,0.384742283215202,-3.78990092475253,0.000150707383042951,0.00101943238326214,"WBGene00018576","WBGene00018576",NA
"WBGene00018594",38.9347443323728,-1.44948975195299,0.521409159575583,-2.77994685235842,0.00543677956960771,0.0210419416161395,"WBGene00018594","WBGene00018594",NA
"WBGene00018606",116.206055511964,5.28043949807259,0.712014876255363,7.41619265856289,1.20535127486953e-13,7.03187174355515e-12,"WBGene00018606","WBGene00018606",NA
"WBGene00018616",11.6582382749994,-3.94696280290739,1.47664634988163,-2.67292354951732,0.00751933846372191,0.0273400927657027,"WBGene00018616","WBGene00018616",NA
"WBGene00018621",10.7445389220986,-2.19604957754307,0.780068464874124,-2.81520107071298,0.00487467238806305,0.0192450204144546,"WBGene00018621","WBGene00018621",NA
"WBGene00018645",16.1784873012858,-4.35043938100952,1.18809572656867,-3.66169095951047,0.000250555996579547,0.00157901096080753,"WBGene00018645","WBGene00018645",NA
"WBGene00018702",248.508633224135,-1.41619151591256,0.318572006715446,-4.44543615276757,8.77137291116672e-06,8.71224690891633e-05,"WBGene00018702","WBGene00018702",NA
"WBGene00018707",45.242930436869,2.14379622020905,0.53457454961809,4.01028485501342,6.06455385022253e-05,0.000461540417876652,"WBGene00018707","WBGene00018707",NA
"WBGene00018725",30.398261714265,1.47408596354217,0.590542763644363,2.49615447735788,0.0125547913746067,0.0417121415893197,"WBGene00018725","WBGene00018725",NA
"WBGene00018735",216.272166461403,1.1408651754572,0.403325352700363,2.82864731368565,0.00467451819334136,0.0186056498294146,"WBGene00018735","WBGene00018735",NA
"WBGene00018740",281.990826755211,1.18191609796555,0.371409631285406,3.18224407341046,0.00146138607568809,0.00695557481845149,"WBGene00018740","WBGene00018740",NA
"WBGene00018743",333.545879917305,3.73648974656094,0.442783985180043,8.43862892882548,3.21081660629467e-17,2.92307017539934e-15,"WBGene00018743","WBGene00018743",NA
"WBGene00018744",31.0965186938976,-2.22483918892165,0.897897593770742,-2.47783177542373,0.0132183451404409,0.0435422463914085,"WBGene00018744","WBGene00018744",NA
"WBGene00018745",17.990648399828,-5.28412045563839,1.18546038389513,-4.45744162135227,8.2943615180928e-06,8.29610281162354e-05,"WBGene00018745","WBGene00018745",NA
"WBGene00018746",52.4365351210876,3.29865053923092,0.702681566405373,4.6943746597843,2.67423517179783e-06,3.15891267028978e-05,"WBGene00018746","WBGene00018746",NA
"WBGene00018754",14.3971790900336,3.16025123356904,0.944339266062902,3.34652105142744,0.000818324657133602,0.00430011556044506,"WBGene00018754","WBGene00018754",NA
"WBGene00018766",20.3109046998344,6.53332997518777,1.29413003163743,5.04843394053787,4.45446443041715e-07,6.62514673298151e-06,"WBGene00018766","WBGene00018766",NA
"WBGene00018773",33.4222327349117,-4.49702382365825,0.802640513810492,-5.60278698406198,2.10932389657956e-08,4.61693207562199e-07,"WBGene00018773","WBGene00018773",NA
"WBGene00018783",21.3715234169724,-3.4029505887611,0.913541049397668,-3.72501114318267,0.000195306594451167,0.00127641387951099,"WBGene00018783","WBGene00018783",NA
"WBGene00018786",119.298528625396,1.22228977191642,0.397322710508805,3.07631489363186,0.00209576385224133,0.00944854891498817,"WBGene00018786","WBGene00018786",NA
"WBGene00018789",56.4614662600236,-2.23878591007934,0.4825445540916,-4.6395423823483,3.49181521995887e-06,3.95507295992272e-05,"WBGene00018789","WBGene00018789",NA
"WBGene00018792",24.7826987771367,-6.3210292236497,1.26555984054094,-4.99465060533835,5.89423794519473e-07,8.48402245223245e-06,"WBGene00018792","WBGene00018792",NA
"WBGene00018828",34.858058042617,2.8264983648844,0.834654576534661,3.38642888249595,0.000708086267266819,0.00381624321947385,"WBGene00018828","WBGene00018828",NA
"WBGene00018839",10.49775699392,-4.052873040348,1.12998324577847,-3.5866664886309,0.00033493225151271,0.00203623422835864,"WBGene00018839","WBGene00018839",NA
"WBGene00018840",16.0667582709361,-3.33115996502901,0.907376632076899,-3.67119875834172,0.000241415504405566,0.00152746870494411,"WBGene00018840","WBGene00018840",NA
"WBGene00018841",19.4422392930656,-5.45287269075544,1.29875072402001,-4.19855218550118,2.68626952104696e-05,0.000228813172016235,"WBGene00018841","WBGene00018841",NA
"WBGene00018878",153.449566946621,2.11000396029532,0.289520478300749,7.28792647994826,3.14761644997074e-13,1.71060387526357e-11,"WBGene00018878","WBGene00018878",NA
"WBGene00018895",35.4774675731769,-3.95217632001147,1.00667604912049,-3.92596637564229,8.6382222908636e-05,0.000625778566666566,"WBGene00018895","WBGene00018895",NA
"WBGene00018910",296.968810207135,3.32443930579163,0.294506571788596,11.2881667991368,1.50135335890687e-29,3.7647093962905e-27,"WBGene00018910","WBGene00018910",NA
"WBGene00018918",10.7814150805596,6.26057748376315,1.84597248366585,3.39147930923137,0.00069516411744436,0.00375935706796528,"WBGene00018918","WBGene00018918",NA
"WBGene00018926",59.819185381432,-4.45316754114868,1.65221657263481,-2.69526865600141,0.00703318983347764,0.0258486454846737,"WBGene00018926","WBGene00018926",NA
"WBGene00018930",73.2313889861292,-6.59630943485654,1.38957287647196,-4.74700503049842,2.06450819225484e-06,2.54598926591013e-05,"WBGene00018930","WBGene00018930",NA
"WBGene00018946",51.8035250954212,1.40597397703026,0.479977153148322,2.92925187752798,0.00339778965083183,0.0142495153422898,"WBGene00018946","WBGene00018946",NA
"WBGene00018949",12.5336637995212,-3.65424191943068,0.888643399885478,-4.11215783507941,3.91978160955368e-05,0.000317604526901081,"WBGene00018949","WBGene00018949",NA
"WBGene00018965",10.8911871606385,2.55410301862461,0.701047676279731,3.64326579353139,0.000269200600669858,0.00167947803813806,"WBGene00018965","WBGene00018965",NA
"WBGene00018966",247.586948775065,-1.55594337295657,0.312558601668049,-4.97808527633821,6.42163643434566e-07,9.15099197967124e-06,"WBGene00018966","WBGene00018966",NA
"WBGene00018971",12.4859903521822,6.82400855323449,1.33617830148721,5.10710924256079,3.27124646655492e-07,5.11552798101416e-06,"WBGene00018971","WBGene00018971",NA
"WBGene00018980",13.0395499942145,-4.8498631459703,1.33896527874363,-3.62209776680766,0.00029222363095242,0.00180499237562789,"WBGene00018980","WBGene00018980",NA
"WBGene00018990",112.327070011994,-2.1573482025332,0.535879015033178,-4.02581206207456,5.67790252625799e-05,0.000437725247075542,"WBGene00018990","WBGene00018990",NA
"WBGene00018999",19.4093556147749,-2.45958954491432,0.864619293070248,-2.84470814452955,0.00444521323039642,0.01782200075794,"WBGene00018999","WBGene00018999",NA
"WBGene00019014",43.7828355247039,-1.13676859168249,0.467368673437503,-2.43227382640249,0.0150043591272001,0.0482585361552251,"WBGene00019014","WBGene00019014",NA
"WBGene00019015",48.9629790398247,-5.48191004633583,1.05360887950001,-5.20298390892193,1.96113856131617e-07,3.27459736645936e-06,"WBGene00019015","WBGene00019015",NA
"WBGene00019017",4631.29795510628,-1.0445372641127,0.376301570914528,-2.77579830871859,0.0055066357140741,0.0212359576766234,"WBGene00019017","WBGene00019017",NA
"WBGene00019020",23.6601441322602,-3.99728102500914,0.789636555436172,-5.06217828631446,4.14493129535131e-07,6.22803498799284e-06,"WBGene00019020","WBGene00019020",NA
"WBGene00019021",24.4616235415449,2.92966460653928,0.62180145644284,4.71157565840889,2.45808804887699e-06,2.94250020792285e-05,"WBGene00019021","WBGene00019021",NA
"WBGene00019024",31.9367014687906,-4.14351401566137,0.87905888398015,-4.71357959196159,2.43402588020192e-06,2.92103542449421e-05,"WBGene00019024","WBGene00019024",NA
"WBGene00019026",75.7432323867339,-5.60861086064947,1.3949021291455,-4.02079166950961,5.80028843520859e-05,0.000445802603107344,"WBGene00019026","WBGene00019026",NA
"WBGene00019035",38.8097398942556,3.84127289548104,1.02225819774655,3.75763471884958,0.00017152702509596,0.00113817816606154,"WBGene00019035","WBGene00019035",NA
"WBGene00019037",39.1115886463669,2.84393605934871,0.975764265880399,2.91457287256028,0.00356175643520749,0.0148463647501956,"WBGene00019037","WBGene00019037",NA
"WBGene00019039",23.5109877878111,7.06251293006866,1.5094213359122,4.6789539554246,2.8834217972546e-06,3.36418570510906e-05,"WBGene00019039","WBGene00019039",NA
"WBGene00019040",11.0078847069906,5.83171832465542,1.35220849177277,4.31273606114538,1.61246571147235e-05,0.000147926652208436,"WBGene00019040","WBGene00019040",NA
"WBGene00019041",13.3974605321943,4.09075801674186,1.01352176951895,4.03618169808377,5.43281474680871e-05,0.000421330554401177,"WBGene00019041","WBGene00019041",NA
"WBGene00019042",25.4988099481109,3.21294777607473,0.963935601455398,3.33315604405902,0.000858667687057809,0.00448244603766153,"WBGene00019042","WBGene00019042",NA
"WBGene00019043",23.7100301206864,5.36605495364513,1.11062225024508,4.83157522952651,1.3545701558131e-06,1.76211375879253e-05,"WBGene00019043","WBGene00019043",NA
"WBGene00019045",11.30795267561,3.74633903090098,1.21469303035173,3.08418582908653,0.00204110060369289,0.00924966738382452,"WBGene00019045","WBGene00019045",NA
"WBGene00019048",11.9022504008789,-1.85491674972314,0.697147599986735,-2.66072313776657,0.00779730428489006,0.0281607788583466,"WBGene00019048","WBGene00019048",NA
"WBGene00019058",14.7184122589298,-1.69641161826961,0.608200282402219,-2.78923188192098,0.00528332223250298,0.0205749741982824,"WBGene00019058","WBGene00019058",NA
"WBGene00019063",22.3306949828203,-4.25371462322306,1.12676517899977,-3.77515626370269,0.0001599073900004,0.00107454458169992,"WBGene00019063","WBGene00019063",NA
"WBGene00019081",22.0242142317134,-5.25332397271118,1.19167659268515,-4.40834703388282,1.0416254848184e-05,0.000100730399556897,"WBGene00019081","WBGene00019081",NA
"WBGene00019084",10.5550254175392,-4.20865507614231,1.29090207211276,-3.26024348946484,0.00111316605887207,0.00554565440204201,"WBGene00019084","WBGene00019084",NA
"WBGene00019086",45.7272967222166,-6.29052726727361,1.13726835979632,-5.53126024573496,3.17938206874395e-08,6.69262266694511e-07,"WBGene00019086","WBGene00019086",NA
"WBGene00019090",26.1853806306215,2.09588277089119,0.524592684143649,3.99525733820045,6.46240192294877e-05,0.000489214103555019,"WBGene00019090","WBGene00019090",NA
"WBGene00019100",113.584888370622,1.94946584778202,0.366559150936649,5.31828449187711,1.04750193956035e-07,1.90725416842498e-06,"WBGene00019100","WBGene00019100",NA
"WBGene00019111",78.2765886959052,-1.768322212187,0.533741942700977,-3.31306586707143,0.000922792449016912,0.00476154240931362,"WBGene00019111","WBGene00019111",NA
"WBGene00019116",42.8713923711712,-1.19337570631583,0.419334133999493,-2.8458825780142,0.00442885228071788,0.0177713603729087,"WBGene00019116","WBGene00019116",NA
"WBGene00019117",39.0701159639327,-1.22499774880838,0.431825214727476,-2.83679068991253,0.00455694750831412,0.0182086806643371,"WBGene00019117","WBGene00019117",NA
"WBGene00019143",54.6212200611649,1.50603773322859,0.338715028247883,4.44632687548314,8.73510017094653e-06,8.68829413662761e-05,"WBGene00019143","WBGene00019143",NA
"WBGene00019151",63.3721153811493,-5.14080677994455,0.968955752495145,-5.30551242067197,1.12356916704466e-07,2.03280684867966e-06,"WBGene00019151","WBGene00019151",NA
"WBGene00019157",559.465589223107,1.01688735577941,0.192307717435682,5.28781355911792,1.23787050668035e-07,2.21715327719075e-06,"WBGene00019157","WBGene00019157",NA
"WBGene00019164",388.984180584709,-1.16639719471204,0.334490789185933,-3.48708314973564,0.000488319509832316,0.0028041585994509,"WBGene00019164","WBGene00019164",NA
"WBGene00019165",29.9501167450321,-4.05015019019164,0.90508793046323,-4.47486929597961,7.64580697309395e-06,7.72307555239801e-05,"WBGene00019165","WBGene00019165",NA
"WBGene00019166",129.851983087629,-1.43868105946101,0.395293247200462,-3.63952855165125,0.00027313765279179,0.00170032947358582,"WBGene00019166","WBGene00019166",NA
"WBGene00019169",11.6246511898832,-4.79879520755853,1.7325657171064,-2.76976230118019,0.00560972150463304,0.0215652903350511,"WBGene00019169","WBGene00019169",NA
"WBGene00019176",29.7796858203777,-1.58180088430432,0.517162392245688,-3.05861545236424,0.00222362379493397,0.00995372843751683,"WBGene00019176","WBGene00019176",NA
"WBGene00019208",10.5295051690151,2.41479855744895,0.761884414408765,3.16950775180626,0.00152697385004218,0.00722683352273274,"WBGene00019208","WBGene00019208",NA
"WBGene00019213",127.743954568021,1.60349868032993,0.494988738544789,3.23946497256489,0.00119754174438509,0.00590222901810211,"WBGene00019213","WBGene00019213",NA
"WBGene00019216",16.7785111260761,-4.19372752758639,1.05555594359154,-3.97300356560658,7.09719863571594e-05,0.000529161502870568,"WBGene00019216","WBGene00019216",NA
"WBGene00019232",93.1272084420929,-1.08072541670149,0.399564589613795,-2.704757740785,0.00683542194606912,0.0252678067413168,"WBGene00019232","WBGene00019232",NA
"WBGene00019237",313.295089300906,-1.05340559321005,0.303212981349183,-3.47414410993485,0.000512485708807086,0.00291571827759066,"WBGene00019237","WBGene00019237",NA
"WBGene00019239",14.418582523652,3.19668012141932,0.830615147837466,3.84856949664593,0.000118809592551093,0.000831608964903412,"WBGene00019239","WBGene00019239",NA
"WBGene00019243",16.4881010534704,2.22066787487669,0.764708578153894,2.90394006071917,0.00368498700698514,0.015284248198154,"WBGene00019243","WBGene00019243",NA
"WBGene00019248",33.3872468580742,-4.46081240693787,0.896741069609963,-4.97447095723863,6.54260718286782e-07,9.29557499649401e-06,"WBGene00019248","WBGene00019248",NA
"WBGene00019250",334.323743799361,1.2354223415126,0.253111300462397,4.88094502005904,1.055786762238e-06,1.42765943166203e-05,"WBGene00019250","WBGene00019250",NA
"WBGene00019255",35.6238094658633,-4.54042388899501,0.854110091425951,-5.31597031176005,1.06090447557603e-07,1.92919944903411e-06,"WBGene00019255","WBGene00019255",NA
"WBGene00019257",10.0970248573628,-4.93765678133003,1.62196702948746,-3.04423992076481,0.00233269027369712,0.0103543919509171,"WBGene00019257","WBGene00019257",NA
"WBGene00019260",27.8983720400365,-5.44986054624974,1.13012628861291,-4.82234649451327,1.41879208603254e-06,1.83738351911716e-05,"WBGene00019260","WBGene00019260",NA
"WBGene00019278",17.2620737831931,2.07207312983878,0.593065948223756,3.49383257636808,0.00047613951711399,0.00274746149297951,"WBGene00019278","WBGene00019278",NA
"WBGene00019310",14.5738932041992,6.12313864774046,1.35763648022083,4.51014593151215,6.47830447641981e-06,6.71460521257929e-05,"WBGene00019310","WBGene00019310",NA
"WBGene00019311",29.8526709150181,2.64641685778065,0.536260251264183,4.93494875210678,8.01718081734967e-07,1.11685736279122e-05,"WBGene00019311","WBGene00019311",NA
"WBGene00019313",72.2344971900679,3.69496619808049,0.868960644345245,4.252167485519,2.11711426573145e-05,0.000186329520936574,"WBGene00019313","WBGene00019313",NA
"WBGene00019337",56.2400663161519,-3.70805990671213,0.786843721143409,-4.71257481895354,2.44606225597112e-06,2.93077959503802e-05,"WBGene00019337","WBGene00019337",NA
"WBGene00019343",34.5311997286449,-1.59734602862057,0.496996338594122,-3.2139995902969,0.00130899860074442,0.00635513485069295,"WBGene00019343","WBGene00019343",NA
"WBGene00019347",103.737809506487,-1.08195080413059,0.330054808787794,-3.27809435076652,0.00104510456701251,0.00526530827504754,"WBGene00019347","WBGene00019347",NA
"WBGene00019388",13.3956713932361,3.38824319339635,0.880522437149756,3.84799188577643,0.000119089996821549,0.000832348813970854,"WBGene00019388","WBGene00019388",NA
"WBGene00019404",16.289246679611,2.97130724830378,0.691609761202083,4.29621936384959,1.7373566645675e-05,0.000157363997507371,"WBGene00019404","WBGene00019404",NA
"WBGene00019406",174.248241160252,-5.08811730736801,1.18670945804277,-4.28758469302149,1.80626397734984e-05,0.00016237063539787,"WBGene00019406","WBGene00019406",NA
"WBGene00019407",103.779389793678,1.31563639904511,0.328030034939354,4.01071932113882,6.05340391785526e-05,0.000461540417876652,"WBGene00019407","WBGene00019407",NA
"WBGene00019410",80.6557569495547,-5.18184537142494,0.910851523508752,-5.68901213609833,1.27776388794099e-08,2.96960638216921e-07,"WBGene00019410","WBGene00019410",NA
"WBGene00019411",50.7481025932897,-1.75993975860169,0.611127678477807,-2.87982335047454,0.00397898043711239,0.0162418038895169,"WBGene00019411","WBGene00019411",NA
"WBGene00019412",15.2682818631106,3.09684216157936,0.990994646252432,3.12498374566447,0.00177814885030453,0.00820900565807579,"WBGene00019412","WBGene00019412",NA
"WBGene00019413",15.5418946568831,3.91977920822832,1.15216844984626,3.40208865183849,0.00066872941497667,0.00364954162972949,"WBGene00019413","WBGene00019413",NA
"WBGene00019414",18.6062997922232,3.61368123646712,0.760799417360495,4.74984753406405,2.03570069768513e-06,2.52774212360942e-05,"WBGene00019414","WBGene00019414",NA
"WBGene00019415",51.7064112994608,3.27808015570433,0.896337685936491,3.65719327340276,0.000254992112208965,0.00160413831857515,"WBGene00019415","WBGene00019415",NA
"WBGene00019416",16.994460652811,4.92151667468464,1.23648123698841,3.98025989191035,6.88399657861971e-05,0.000517313160348115,"WBGene00019416","WBGene00019416",NA
"WBGene00019417",12.1398895211747,4.12911372944912,1.00164013236736,4.12235252564215,3.75022698703801e-05,0.000306472237425582,"WBGene00019417","WBGene00019417",NA
"WBGene00019418",36.44613314523,4.28489678850064,0.996057044573362,4.30185882610366,1.69371215793903e-05,0.000153996360517955,"WBGene00019418","WBGene00019418",NA
"WBGene00019420",16.9687218449565,3.77462006876716,0.977309559439562,3.86225636729852,0.000112344581459166,0.000791783905272376,"WBGene00019420","WBGene00019420",NA
"WBGene00019425",12.5865340550039,-7.48307654672812,1.5997096745199,-4.6777716393907,2.90009255989857e-06,3.37549046894383e-05,"WBGene00019425","WBGene00019425",NA
"WBGene00019426",47.5992547798113,1.25788211681513,0.45304561476708,2.77650213535746,0.00549472741173567,0.0212030612570027,"WBGene00019426","WBGene00019426",NA
"WBGene00019430",280.198968773105,-4.71311952165519,1.09346989493604,-4.31024168427689,1.63076220568355e-05,0.000149156501789169,"WBGene00019430","WBGene00019430",NA
"WBGene00019431",17.5557147293915,-3.32347972835823,0.817321402022403,-4.06630698784409,4.77640088709304e-05,0.000377594567916044,"WBGene00019431","WBGene00019431",NA
"WBGene00019435",67.7601774157666,-1.92818202297272,0.508812619395679,-3.78957193566236,0.000150907107254164,0.00101981810117436,"WBGene00019435","WBGene00019435",NA
"WBGene00019439",15.4515418391116,1.49863697555973,0.605819415196122,2.47373546962766,0.0133708659102221,0.043921686169634,"WBGene00019439","WBGene00019439",NA
"WBGene00019459",14.9697259605887,-5.70126519878306,1.36284105346843,-4.18336766732507,2.87222309749155e-05,0.00024262816035725,"WBGene00019459","WBGene00019459",NA
"WBGene00019461",41.1145172676166,-5.02635570622655,1.03347012703311,-4.86357135513558,1.15286437541245e-06,1.54143035713472e-05,"WBGene00019461","WBGene00019461",NA
"WBGene00019489",367.421170327819,-1.63505377427232,0.500250833190587,-3.26846786809727,0.00108131454574112,0.00542098519897506,"WBGene00019489","WBGene00019489",NA
"WBGene00019491",95.2124358509085,2.04682934730636,0.330389890017227,6.19519364590615,5.82134149190526e-10,1.82866887788575e-08,"WBGene00019491","WBGene00019491",NA
"WBGene00019495",27.9384110224541,-3.29563400181167,1.10864364508072,-2.97267207225249,0.00295219679026377,0.0126904507438316,"WBGene00019495","WBGene00019495",NA
"WBGene00019501",11.2109276252038,-5.04837114237585,1.33442363248297,-3.78318475444137,0.000154834395437381,0.00104290669839137,"WBGene00019501","WBGene00019501",NA
"WBGene00019512",31.5004181682728,-3.73775525826847,0.757613405812996,-4.93359176275066,8.07310870498411e-07,1.12136970573701e-05,"WBGene00019512","WBGene00019512",NA
"WBGene00019514",15.265840251412,7.08361276659542,1.32931530373232,5.32876793542264,9.88812428401356e-08,1.81426136574334e-06,"WBGene00019514","WBGene00019514",NA
"WBGene00019516",24.7246940665864,1.56531207860743,0.436645834804,3.58485517057564,0.000337265309787834,0.00204885639407685,"WBGene00019516","WBGene00019516",NA
"WBGene00019518",18.1884162033618,-3.31056691833939,1.09930606959213,-3.01150608544143,0.00259955192096146,0.0113625063016215,"WBGene00019518","WBGene00019518",NA
"WBGene00019519",36.947467131983,-1.39111010228222,0.3908794494936,-3.55892361208668,0.000372377807805808,0.00223442317672898,"WBGene00019519","WBGene00019519",NA
"WBGene00019530",17.0712185701603,-6.77188690205284,1.50622251176187,-4.4959405726393,6.92630808924618e-06,7.11190528158015e-05,"WBGene00019530","WBGene00019530",NA
"WBGene00019531",33.386330327778,-4.14931149220454,0.804363288666496,-5.1585043110103,2.48930377758813e-07,4.00220684961385e-06,"WBGene00019531","WBGene00019531",NA
"WBGene00019540",10825.9966167657,-1.12600083206953,0.331703760477507,-3.39459772915624,0.000687295051035576,0.00372667229303926,"WBGene00019540","WBGene00019540",NA
"WBGene00019556",17.0260903246138,-4.63392332819094,1.17472725128301,-3.94468019970582,7.99065461537025e-05,0.000584815054676383,"WBGene00019556","WBGene00019556",NA
"WBGene00019561",81.6255788011418,-5.01469498052779,0.845353799237116,-5.93206653244271,2.99145348482287e-09,8.03700087567166e-08,"WBGene00019561","WBGene00019561",NA
"WBGene00019564",91.3366599661437,1.69179925290061,0.497581083666737,3.40004736601627,0.000673741810126336,0.00366849207319456,"WBGene00019564","WBGene00019564",NA
"WBGene00019565",21.3341344844997,1.56786935768302,0.645457040787511,2.42908398019812,0.0151370256650449,0.0485315181315584,"WBGene00019565","WBGene00019565",NA
"WBGene00019572",370.627342098214,-1.41339755970293,0.310713384863788,-4.54887889790311,5.39324669841483e-06,5.73127695616678e-05,"WBGene00019572","WBGene00019572",NA
"WBGene00019576",42.3760616613274,2.04508312903571,0.541918331115135,3.77378474137871,0.000160789509703511,0.00107793830309207,"WBGene00019576","WBGene00019576",NA
"WBGene00019578",95.7149968231271,1.15017614179824,0.332461202675034,3.45958004285536,0.000541018452184763,0.00305643349291574,"WBGene00019578","WBGene00019578",NA
"WBGene00019584",47.7169203502655,1.10069419619597,0.409747320971227,2.68627551630354,0.00722534818430235,0.0264325317630493,"WBGene00019584","WBGene00019584",NA
"WBGene00019586",69.5094056259631,-4.40121688970719,0.715987931858521,-6.14705457155229,7.89349776822721e-10,2.40558131345995e-08,"WBGene00019586","WBGene00019586",NA
"WBGene00019591",41.8298156300575,5.93405265614727,0.960777492309072,6.1763027377814,6.56201061721097e-10,2.03450797726239e-08,"WBGene00019591","WBGene00019591",NA
"WBGene00019624",272.613983266772,1.09092949306853,0.174651151797435,6.24633437478739,4.2019713698479e-10,1.35879585496009e-08,"WBGene00019624","WBGene00019624",NA
"WBGene00019626",19.2660844067731,-4.8691469718765,1.11473274316505,-4.36799493127973,1.25392402851476e-05,0.000118769623191262,"WBGene00019626","WBGene00019626",NA
"WBGene00019642",33.2822431635761,-6.00424364350083,1.28494767213963,-4.6727534308871,2.97188464272101e-06,3.445024103683e-05,"WBGene00019642","WBGene00019642",NA
"WBGene00019652",49.1279944763944,-2.08846362976343,0.684524717938544,-3.05096890591894,0.00228104195876356,0.0101566768587562,"WBGene00019652","WBGene00019652",NA
"WBGene00019660",129.922326673933,5.61125038942368,0.638905447904601,8.78259906505216,1.59739770824326e-18,1.65446416260297e-16,"WBGene00019660","WBGene00019660",NA
"WBGene00019661",15.0714883891473,1.91173334647337,0.597092001901035,3.20174000051374,0.0013660023056231,0.00658713594948414,"WBGene00019661","WBGene00019661",NA
"WBGene00019663",197.116021432817,-1.14507462619402,0.381190531110053,-3.0039429963265,0.00266505252512584,0.0116132913846413,"WBGene00019663","WBGene00019663",NA
"WBGene00019687",33.4495163500712,3.7639528737253,0.802546519672142,4.6900120821195,2.73188917283621e-06,3.21638319170906e-05,"WBGene00019687","WBGene00019687",NA
"WBGene00019700",67.5005670489844,4.18716666647666,0.729504792232703,5.73973839659302,9.48229133434008e-09,2.27019078796856e-07,"WBGene00019700","WBGene00019700",NA
"WBGene00019703",64.10277233484,4.27679042334313,1.32964040124595,3.21650155886925,0.00129763828639891,0.0063106988865259,"WBGene00019703","WBGene00019703",NA
"WBGene00019704",33.4923247075333,4.34083423309118,0.953975337614234,4.55025833681092,5.3580092182671e-06,5.69806739261099e-05,"WBGene00019704","WBGene00019704",NA
"WBGene00019705",43.4148239910135,4.82802265395066,0.685444078128236,7.04364193667658,1.8727903809205e-12,9.04317328192457e-11,"WBGene00019705","WBGene00019705",NA
"WBGene00019725",198.443906045208,1.02370691895371,0.304892342497775,3.35760127842889,0.000786219347327756,0.00415624634390603,"WBGene00019725","WBGene00019725",NA
"WBGene00019728",11.7988865007983,-2.16972694503818,0.836748749057365,-2.59304474309937,0.00951303934820865,0.0330907450484172,"WBGene00019728","WBGene00019728",NA
"WBGene00019729",191.333698532568,1.38446441550495,0.339959962404295,4.07243372341146,4.65244410456896e-05,0.00036881521678649,"WBGene00019729","WBGene00019729",NA
"WBGene00019738",49.1358463011301,3.24481946153336,0.718540633871878,4.51584685482372,6.3064229644153e-06,6.55546934039185e-05,"WBGene00019738","WBGene00019738",NA
"WBGene00019751",52.0997848639053,3.94734910544323,0.773173128898301,5.10538837668587,3.30115807116345e-07,5.15666145476932e-06,"WBGene00019751","WBGene00019751",NA
"WBGene00019780",879.225147070101,-1.79215156962027,0.418421782776317,-4.28312206340923,1.84289003425447e-05,0.000165143744574289,"WBGene00019780","WBGene00019780",NA
"WBGene00019783",39.8703963875828,-4.6192810129783,0.830541868868202,-5.56176778814666,2.67055491734739e-08,5.74853033639251e-07,"WBGene00019783","WBGene00019783",NA
"WBGene00019785",115.74570819371,-4.97307468522705,1.14989290335955,-4.32481552907896,1.52659555132831e-05,0.000141136029852106,"WBGene00019785","WBGene00019785",NA
"WBGene00019787",198.319333116038,1.1532875562642,0.259759135028079,4.43983444947774,9.00281049110706e-06,8.9169764748536e-05,"WBGene00019787","WBGene00019787",NA
"WBGene00019788",67.5172812977519,4.56446451897918,0.886203211481016,5.15058449331399,2.5967591168603e-07,4.15626853944953e-06,"WBGene00019788","WBGene00019788",NA
"WBGene00019791",67.5172812977519,4.56446451897918,0.886203211481016,5.15058449331399,2.5967591168603e-07,4.15626853944953e-06,"WBGene00019791","WBGene00019791",NA
"WBGene00019797",13.5215422112412,2.85292736605854,0.961980899207259,2.96567984708382,0.00302014703554706,0.012955270581955,"WBGene00019797","WBGene00019797",NA
"WBGene00019810",16.8297212279499,-5.38881901830727,1.21968578623026,-4.41820268723699,9.95250665283993e-06,9.72531980392766e-05,"WBGene00019810","WBGene00019810",NA
"WBGene00019814",33.6153598551848,3.34763294578912,1.02180324742439,3.27620112211165,0.00105213606938912,0.00529699923909076,"WBGene00019814","WBGene00019814",NA
"WBGene00019815",21.2751438504831,3.14618290239055,0.774489366478944,4.06226739650929,4.85983631428021e-05,0.00038311914450678,"WBGene00019815","WBGene00019815",NA
"WBGene00019817",21.4676427768865,2.66334357710049,0.650449116726735,4.09462248254448,4.22856826580962e-05,0.000339353881096109,"WBGene00019817","WBGene00019817",NA
"WBGene00019832",35.2157509572831,1.23447059559675,0.463371247795251,2.66410702319239,0.00771929995127008,0.0279284061896902,"WBGene00019832","WBGene00019832",NA
"WBGene00019843",45.9724263668547,1.75894375728308,0.455690395788555,3.85995354200805,0.000113408584256809,0.000797318689022415,"WBGene00019843","WBGene00019843",NA
"WBGene00019855",39.5808434380238,2.70829975168514,0.728441514780911,3.7179371256726,0.000200856241980022,0.00130374126549521,"WBGene00019855","WBGene00019855",NA
"WBGene00019859",11.1926228136243,-2.30560921507156,0.691512915906509,-3.3341520628709,0.000855598690861831,0.00447109104422641,"WBGene00019859","WBGene00019859",NA
"WBGene00019862",550.946562122567,1.65736824155064,0.3313259399002,5.00222904988925,5.6671200347102e-07,8.21502501583295e-06,"WBGene00019862","WBGene00019862",NA
"WBGene00019872",53.6786402109471,1.4542148649391,0.3104827716221,4.68372160342949,2.8171257408851e-06,3.29772139348655e-05,"WBGene00019872","WBGene00019872",NA
"WBGene00019907",120.992960294149,1.04366350804628,0.380348022943356,2.74396985153176,0.00607011124108024,0.0230071864144153,"WBGene00019907","WBGene00019907",NA
"WBGene00019911",40.9102586766524,-1.44125104446098,0.513714801963593,-2.8055470446871,0.00502312481879371,0.0197511755254521,"WBGene00019911","WBGene00019911",NA
"WBGene00019912",15.4997196713446,-5.17940253143591,1.54847486828281,-3.34484119666704,0.00082329695146919,0.0043230651459769,"WBGene00019912","WBGene00019912",NA
"WBGene00019918",120.09208308159,2.09195912719766,0.46436017765484,4.50503559061135,6.63618192755551e-06,6.84844391989537e-05,"WBGene00019918","WBGene00019918",NA
"WBGene00019920",34.1684982266612,-5.5826445256627,1.0733198808238,-5.20128679753687,1.97913419094237e-07,3.29694230665959e-06,"WBGene00019920","WBGene00019920",NA
"WBGene00019921",30.2127090397124,6.27925160225727,1.10686928974572,5.67298384771321,1.4033146587278e-08,3.21435519506354e-07,"WBGene00019921","WBGene00019921",NA
"WBGene00019922",91.31048591493,3.72811938507893,0.795445084652254,4.68683439876778,2.77463297548898e-06,3.25772218947038e-05,"WBGene00019922","WBGene00019922",NA
"WBGene00019923",52.2660519849423,4.93327274483313,0.773855929812126,6.37492400688951,1.83053696085117e-10,6.50842407498652e-09,"WBGene00019923","WBGene00019923",NA
"WBGene00019924",41.3155233885974,1.41592167855144,0.362771818088076,3.90306415204412,9.49825141048431e-05,0.000680835042176792,"WBGene00019924","WBGene00019924",NA
"WBGene00019927",39.4014662239333,5.79883842929636,0.88402232460188,6.55960632205512,5.39500159331162e-11,2.06178496719794e-09,"WBGene00019927","WBGene00019927",NA
"WBGene00019929",16.3960979558704,-2.99922471172156,1.13350865904133,-2.64596541702484,0.00814581437981139,0.0292239269404228,"WBGene00019929","WBGene00019929",NA
"WBGene00019931",45.1135575037044,-1.90933542685751,0.571114504108024,-3.34317446523188,0.0008282580907215,0.00434610400100421,"WBGene00019931","WBGene00019931",NA
"WBGene00019932",111.341478037489,-1.84860642638893,0.413124135195533,-4.47469965780135,7.65187955395362e-06,7.72375102151547e-05,"WBGene00019932","WBGene00019932",NA
"WBGene00019935",64.3223361967104,-1.24399192567823,0.412485031585683,-3.01584743789624,0.002562621619697,0.0112216761061058,"WBGene00019935","WBGene00019935",NA
"WBGene00019938",243.592347051928,1.15701066509637,0.424706733191211,2.72425788120354,0.00644461637955513,0.0241322771582346,"WBGene00019938","WBGene00019938",NA
"WBGene00019949",18.7490508877734,-6.19483798066195,1.37105930206823,-4.51828594964282,6.23422538142092e-06,6.50407177931746e-05,"WBGene00019949","WBGene00019949",NA
"WBGene00019950",17.8430881627529,-6.87690273770616,1.51190075256834,-4.54851466012172,5.40258803870003e-06,5.73693839800442e-05,"WBGene00019950","WBGene00019950",NA
"WBGene00019951",11.0992437498905,-4.83625475650263,1.26925516566399,-3.81030929582439,0.00013879304081198,0.000949626104512033,"WBGene00019951","WBGene00019951",NA
"WBGene00019952",27.7214721329383,3.96795805461106,0.949657381376501,4.17830486281233,2.9368982027686e-05,0.000247798618725925,"WBGene00019952","WBGene00019952",NA
"WBGene00019956",70.9747590323231,5.15011470583174,0.916937927247287,5.6166448707087,1.94701013028336e-08,4.30783526194119e-07,"WBGene00019956","WBGene00019956",NA
"WBGene00019968",38.0524540952282,-1.57710670244991,0.47973065025619,-3.28748371947403,0.00101087033857029,0.00512394124094471,"WBGene00019968","WBGene00019968",NA
"WBGene00019972",53.5293520748514,-1.64867878661401,0.544207118787215,-3.02950610107444,0.00244953956172689,0.0107959509576819,"WBGene00019972","WBGene00019972",NA
"WBGene00019987",156.058418736327,1.08463765119581,0.394308748806956,2.75073189341487,0.00594622882089572,0.0226336747102697,"WBGene00019987","WBGene00019987",NA
"WBGene00019997",75.4634341880522,-1.42385099114706,0.522856204168957,-2.72321716715626,0.00646495452537529,0.0241894227830338,"WBGene00019997","WBGene00019997",NA
"WBGene00019998",75.9313088226618,-1.06998316996331,0.341313656757102,-3.13489703321416,0.0017191444183804,0.00797265774559087,"WBGene00019998","WBGene00019998",NA
"WBGene00020003",54.4108426610611,-3.39144864499092,0.794943361419017,-4.26627708285657,1.98761900461796e-05,0.000176104603236242,"WBGene00020003","WBGene00020003",NA
"WBGene00020007",329.451815257126,1.16604362515741,0.319889998885052,3.64513935797165,0.000267246945136374,0.00167020576599659,"WBGene00020007","WBGene00020007",NA
"WBGene00020019",10.2424135008965,-2.66440396353644,0.895069755196138,-2.97675566409077,0.00291316076147257,0.0125377316361721,"WBGene00020019","WBGene00020019",NA
"WBGene00020033",27.3628904427139,-3.89972378103705,1.2765515492298,-3.05488938804697,0.00225143540627365,0.0100530353832769,"WBGene00020033","WBGene00020033",NA
"WBGene00020039",15.9484546725888,-4.24068130798725,1.43374286493258,-2.95776977288508,0.00309873467473178,0.0132328098912284,"WBGene00020039","WBGene00020039",NA
"WBGene00020042",17.405082910733,-5.13709719722324,1.15717339906917,-4.43934954031568,9.02311691223488e-06,8.91890802396771e-05,"WBGene00020042","WBGene00020042",NA
"WBGene00020052",40.011028936207,-1.86668981150702,0.441746251042578,-4.2257060633823,2.38192742655106e-05,0.00020620768448028,"WBGene00020052","WBGene00020052",NA
"WBGene00020053",24.3644637920177,-2.82784521324831,0.729893055228935,-3.8743281539531,0.000106919259453619,0.000756907862986912,"WBGene00020053","WBGene00020053",NA
"WBGene00020070",87.1160766294765,-5.16877343813666,0.844664983485836,-6.1193177640746,9.39768356740467e-10,2.80419814674144e-08,"WBGene00020070","WBGene00020070",NA
"WBGene00020071",50.943581364674,-6.34363467858757,1.53841809797879,-4.12347897292809,3.73192542331464e-05,0.000305151087388078,"WBGene00020071","WBGene00020071",NA
"WBGene00020072",45.5984199471007,-4.6263572247756,0.743201900652052,-6.22489961438022,4.81864439815173e-10,1.53391724683258e-08,"WBGene00020072","WBGene00020072",NA
"WBGene00020073",176.279139249111,4.08760400905257,1.03652115727199,3.94357990705243,8.02742269621929e-05,0.00058674674831628,"WBGene00020073","WBGene00020073",NA
"WBGene00020080",9.3581977043171,5.12660288705797,1.41199962246076,3.63073955935171,0.000282610253553925,0.00175090955962126,"WBGene00020080","WBGene00020080",NA
"WBGene00020081",28.2953370450114,3.43497586046249,0.975118493817671,3.52262405260541,0.00042729701559161,0.00250815451492849,"WBGene00020081","WBGene00020081",NA
"WBGene00020084",96.6332027697428,-5.2433328313669,0.888138611964562,-5.90373254887394,3.55368102882912e-09,9.31977301744122e-08,"WBGene00020084","WBGene00020084",NA
"WBGene00020104",368.866932593249,1.12211219397547,0.191934164032321,5.846339027931,5.02509375503761e-09,1.2712153104558e-07,"WBGene00020104","WBGene00020104",NA
"WBGene00020105",52.1205997626468,-5.68592697082961,0.936145085187493,-6.07376683464702,1.2494410981965e-09,3.62236543945692e-08,"WBGene00020105","WBGene00020105",NA
"WBGene00020116",47.7789206080661,-3.60935871027815,0.919746957596189,-3.92429535152953,8.69839664918097e-05,0.000629818557784922,"WBGene00020116","WBGene00020116",NA
"WBGene00020117",17.1897501296757,-7.76216982232419,1.83652769300455,-4.2265465704061,2.37305176551107e-05,0.000205563811420908,"WBGene00020117","WBGene00020117",NA
"WBGene00020120",24.4752376537895,-1.31610807776629,0.528485925915922,-2.49033704253398,0.0127622005395974,0.0423323583923104,"WBGene00020120","WBGene00020120",NA
"WBGene00020139",719.264319813544,-1.03430471696965,0.363050555647778,-2.84892751403226,0.00438668735155936,0.0176368276556506,"WBGene00020139","WBGene00020139",NA
"WBGene00020140",46.9257774776528,-4.16745262380793,0.826983380517047,-5.03934265426514,4.67133490631927e-07,6.91173807619269e-06,"WBGene00020140","WBGene00020140",NA
"WBGene00020143",167.164818562264,-1.29876721189096,0.337557527494462,-3.84754332552181,0.0001193081831222,0.00083346620790108,"WBGene00020143","WBGene00020143",NA
"WBGene00020160",604.320620718269,2.50703342373134,0.295670646563266,8.47914208891513,2.26860489866849e-17,2.13323485635978e-15,"WBGene00020160","WBGene00020160",NA
"WBGene00020163",39.0986995120282,1.33620787121634,0.517960051022599,2.57975082938982,0.00988716263285111,0.0342172434652157,"WBGene00020163","WBGene00020163",NA
"WBGene00020170",11.0717794192042,3.9752047022254,1.11210679303844,3.57448109040371,0.000350923172028309,0.0021190303750742,"WBGene00020170","WBGene00020170",NA
"WBGene00020187",210.202456386137,-5.27745655630559,1.14145717841951,-4.62343805451633,3.77431489804526e-06,4.22114889184358e-05,"WBGene00020187","WBGene00020187",NA
"WBGene00020204",15.496968617463,4.79742051565369,1.01903133638602,4.70782432723578,2.50374726029851e-06,2.98217163262055e-05,"WBGene00020204","WBGene00020204",NA
"WBGene00020205",234.417199524143,5.65145876072757,1.02884413120468,5.49301744483901,3.95123745228568e-08,8.02668587731281e-07,"WBGene00020205","WBGene00020205",NA
"WBGene00020219",220.304803381901,2.2659603686754,0.310218975765485,7.30438994933821,2.78527525700202e-13,1.54302090109806e-11,"WBGene00020219","WBGene00020219",NA
"WBGene00020223",117.754458752586,-4.73574366538347,1.15313044292993,-4.10685859038692,4.01076601534196e-05,0.000324058104337381,"WBGene00020223","WBGene00020223",NA
"WBGene00020235",196.750898352343,1.16768949480673,0.264687981382338,4.41156976115218,1.02623878418981e-05,9.95793003559056e-05,"WBGene00020235","WBGene00020235",NA
"WBGene00020237",98.0141994159704,-2.35241984012041,0.77312972900008,-3.04272329970146,0.0023444780069751,0.0103905811329287,"WBGene00020237","WBGene00020237",NA
"WBGene00020256",78.3148528802629,-1.12386588279493,0.395522991907205,-2.8414678938781,0.00449063733810374,0.0179873785841642,"WBGene00020256","WBGene00020256",NA
"WBGene00020258",24.9844920757347,-1.60956153124437,0.508188451285208,-3.16725326436245,0.00153886234316698,0.00727106098211097,"WBGene00020258","WBGene00020258",NA
"WBGene00020261",238.255077992741,3.22728970068144,1.19320781451783,2.70471720132472,0.00683625611618779,0.0252678067413168,"WBGene00020261","WBGene00020261",NA
"WBGene00020265",15.5088375059017,-3.84725094313286,0.996010427144115,-3.86266131185412,0.000112158456171661,0.000790863746453649,"WBGene00020265","WBGene00020265",NA
"WBGene00020282",17.6181349769621,-4.28522016308051,1.0397315324895,-4.12146792626373,3.76465890475762e-05,0.000307399396132588,"WBGene00020282","WBGene00020282",NA
"WBGene00020289",21.1693883154336,-5.24628769623597,1.1713477384786,-4.47884733448164,7.50471803856254e-06,7.62366275232228e-05,"WBGene00020289","WBGene00020289",NA
"WBGene00020293",16.987799090019,-3.24526920508195,0.921060738948316,-3.52340412293272,0.000426041207975767,0.0025018105939185,"WBGene00020293","WBGene00020293",NA
"WBGene00020313",11.6814017875183,-4.99523537436034,1.24369523663951,-4.01644649525039,5.90822700089558e-05,0.000452795112728153,"WBGene00020313","WBGene00020313",NA
"WBGene00020329",15.2689609965623,-2.71305649969124,0.977143336854501,-2.77651844654109,0.00549445171259159,0.0212030612570027,"WBGene00020329","WBGene00020329",NA
"WBGene00020330",16.0427636209442,-1.59523617424255,0.54626434490301,-2.92026413425497,0.00349734825389106,0.0146162568984985,"WBGene00020330","WBGene00020330",NA
"WBGene00020350",595.20609902281,-4.64082632398579,1.33671463567846,-3.47181530007734,0.000516951872279776,0.00293788990476932,"WBGene00020350","WBGene00020350",NA
"WBGene00020353",208.100536698635,-5.23387749702961,1.1226768779479,-4.66196249324778,3.13208280224781e-06,3.60441702838389e-05,"WBGene00020353","WBGene00020353",NA
"WBGene00020359",22.3729028028769,-1.24976345262765,0.494786176465871,-2.5258657417521,0.0115413578199317,0.0388783000990536,"WBGene00020359","WBGene00020359",NA
"WBGene00020361",10.3736993500415,4.9169773682642,1.33134212410587,3.69324854914094,0.0002214074298589,0.00141591785009989,"WBGene00020361","WBGene00020361",NA
"WBGene00020362",29.4256542968723,6.23808129614915,1.37210061583939,4.54637307507727,5.4578257740628e-06,5.77767078359532e-05,"WBGene00020362","WBGene00020362",NA
"WBGene00020368",24.8942865904117,2.03807711940872,0.468270813666669,4.3523471032715,1.34687798967584e-05,0.000126484409372121,"WBGene00020368","WBGene00020368",NA
"WBGene00020370",20.4194160914425,-5.15365621128096,1.09441731216536,-4.70904119844758,2.48884766644488e-06,2.96937393126016e-05,"WBGene00020370","WBGene00020370",NA
"WBGene00020372",18.1633126989241,-6.95446889694565,1.43383504929847,-4.85025728750893,1.2330142949952e-06,1.62878681315771e-05,"WBGene00020372","WBGene00020372",NA
"WBGene00020377",13.5461890738212,-3.90972128722782,1.07268480729435,-3.64479972182078,0.000267600110857631,0.00167168198622733,"WBGene00020377","WBGene00020377",NA
"WBGene00020379",867.632233708307,4.32112927470348,0.500433123306829,8.63477870159702,5.88408356432798e-18,5.92262016795351e-16,"WBGene00020379","WBGene00020379",NA
"WBGene00020414",341.943190547157,-5.20785206047914,1.16035347534957,-4.48816000564848,7.18409643777861e-06,7.33969195033378e-05,"WBGene00020414","WBGene00020414",NA
"WBGene00020419",62.9120636657447,-2.12587352610431,0.575435885922686,-3.69437078588793,0.000220431950765448,0.00141031059636999,"WBGene00020419","WBGene00020419",NA
"WBGene00020435",13.4388275154248,-5.07848198049641,1.32381083314402,-3.83625957224956,0.000124922374016436,0.000867176052363728,"WBGene00020435","WBGene00020435",NA
"WBGene00020438",30.1247115168627,2.32724869085654,0.852227257308996,2.73078415516196,0.00631838379953516,0.0237529352043019,"WBGene00020438","WBGene00020438",NA
"WBGene00020490",33.8273797897844,-1.03841635391348,0.4154591324069,-2.49944284025619,0.012438876386827,0.0413943795569077,"WBGene00020490","WBGene00020490",NA
"WBGene00020496",673.42190263573,1.46284572690767,0.31183649281174,4.69106650641692,2.71784600965532e-06,3.20510748919297e-05,"WBGene00020496","WBGene00020496",NA
"WBGene00020502",23.1895367889287,1.65251141407492,0.511305788616897,3.2319434883478,0.00122951368948384,0.00602242603282815,"WBGene00020502","WBGene00020502",NA
"WBGene00020508",114.020967004792,1.43190289864107,0.330483505498935,4.33275148325273,1.47257303473686e-05,0.000136583299062258,"WBGene00020508","WBGene00020508",NA
"WBGene00020531",19.8321623440946,-5.17415188955425,1.17645213675844,-4.39809808481539,1.09203627826474e-05,0.000105036840681278,"WBGene00020531","WBGene00020531",NA
"WBGene00020537",60.50721365561,3.22925260940465,0.915537948403294,3.52716412797142,0.00042003630154889,0.00247162571347809,"WBGene00020537","WBGene00020537",NA
"WBGene00020541",16.5027447747194,3.6074720951818,1.0532071147006,3.42522571755253,0.00061428883957982,0.00339390428454363,"WBGene00020541","WBGene00020541",NA
"WBGene00020542",13.2725666131686,3.91763632324667,1.05342869408736,3.71893830615722,0.000200061903231366,0.00130094849084891,"WBGene00020542","WBGene00020542",NA
"WBGene00020543",27.7183521379254,3.4867706907441,1.08802436672219,3.20468070145195,0.00135212386010985,0.0065312289058973,"WBGene00020543","WBGene00020543",NA
"WBGene00020544",56.2316537416187,3.68606410740402,1.02890466762304,3.58251276662932,0.000340304979827458,0.00206363134351882,"WBGene00020544","WBGene00020544",NA
"WBGene00020559",36.0222504656946,-2.04012817948388,0.644684662734072,-3.16453655160929,0.00155330150402805,0.00732959339619443,"WBGene00020559","WBGene00020559",NA
"WBGene00020567",103.089759777901,-4.03810630603816,0.780016609579325,-5.17694912703971,2.25543684551627e-07,3.6716354023877e-06,"WBGene00020567","WBGene00020567",NA
"WBGene00020576",142.487772067939,-1.62271007559773,0.465611699433402,-3.48511447966704,0.000491926528138633,0.00281807850368156,"WBGene00020576","WBGene00020576",NA
"WBGene00020577",191.938263872033,-1.0436505909968,0.275851762960506,-3.78337473647476,0.000154716205775678,0.0010426019467948,"WBGene00020577","WBGene00020577",NA
"WBGene00020580",13.8523546112758,-2.90609875251884,0.856407908698545,-3.39335814511001,0.000690413068456051,0.00374074070790081,"WBGene00020580","WBGene00020580",NA
"WBGene00020609",47.7769440560145,-3.31628205859153,0.622630124218899,-5.3262473651622,1.00262567229985e-07,1.83489484432546e-06,"WBGene00020609","WBGene00020609",NA
"WBGene00020612",33.7256858482581,-1.11768910842055,0.405357032204396,-2.75729546948373,0.00582816614278939,0.0222613518650157,"WBGene00020612","WBGene00020612",NA
"WBGene00020613",21.4475729326302,-2.66784592985032,0.983134422167691,-2.71361257392254,0.00665539510502133,0.0247178624465289,"WBGene00020613","WBGene00020613",NA
"WBGene00020616",11.7890033328636,-2.68457760502672,0.93549846298326,-2.86967612588665,0.00410892426853279,0.0166985654165878,"WBGene00020616","WBGene00020616",NA
"WBGene00020617",49.4001893296097,-1.45718323083291,0.479656569378106,-3.03797200718465,0.00238176078270867,0.010549273897507,"WBGene00020617","WBGene00020617",NA
"WBGene00020627",30.6848881854186,-2.29885193405559,0.686791493886574,-3.3472341380443,0.000816222388755633,0.00429064604725424,"WBGene00020627","WBGene00020627",NA
"WBGene00020632",28.4592233221346,-1.57362417700782,0.502625321843865,-3.13080958841275,0.00174325148843976,0.00807397716275746,"WBGene00020632","WBGene00020632",NA
"WBGene00020635",12.9262008659891,-3.4522260848935,0.998929320693041,-3.45592627364106,0.000548405298290257,0.00308961644795532,"WBGene00020635","WBGene00020635",NA
"WBGene00020649",285.624866731841,-1.15530570838879,0.24531585308155,-4.70946208276532,2.48371412073692e-06,2.96572480598938e-05,"WBGene00020649","WBGene00020649",NA
"WBGene00020651",91.5231971112835,-1.38895397413462,0.438950471992213,-3.16426126125514,0.00155477159580218,0.00733168934965379,"WBGene00020651","WBGene00020651",NA
"WBGene00020659",32.9569933873345,-4.6364812213439,1.07515104725987,-4.31239985596483,1.61492034959862e-05,0.000148056809216248,"WBGene00020659","WBGene00020659",NA
"WBGene00020661",166.542371929824,-4.98435859331729,0.649067570096097,-7.67925994604743,1.60010253691081e-14,1.06373328186355e-12,"WBGene00020661","WBGene00020661",NA
"WBGene00020673",85.3797121723158,1.58379358483985,0.364019049199224,4.35085358396467,1.35608585725186e-05,0.000127048705600263,"WBGene00020673","WBGene00020673",NA
"WBGene00020674",292.488320197613,-2.97270420335445,0.44066212467174,-6.74599435013592,1.51982533521708e-11,6.48443687052469e-10,"WBGene00020674","WBGene00020674",NA
"WBGene00020688",40.2167167959294,2.09406960011022,0.405761866774665,5.16083390673361,2.45852232934207e-07,3.96163017511682e-06,"WBGene00020688","WBGene00020688",NA
"WBGene00020707",19.5341855334568,-3.5325710713138,1.11310756769878,-3.17361158420383,0.00150555018428507,0.0071348901803669,"WBGene00020707","WBGene00020707",NA
"WBGene00020713",202.044463834514,-4.8413373628858,1.49420944632449,-3.24006609300636,0.00119501996753361,0.00589589934275383,"WBGene00020713","WBGene00020713",NA
"WBGene00020715",150.242220302856,-4.66614798189548,1.00042308735574,-4.66417462858518,3.09858172824288e-06,3.57501758139636e-05,"WBGene00020715","WBGene00020715",NA
"WBGene00020726",161.051649780328,2.02741939381187,0.272473303768042,7.44080012894701,1.0007726819599e-13,5.91076196002183e-12,"WBGene00020726","WBGene00020726",NA
"WBGene00020736",58.9938546559251,-1.42540119524569,0.347347525098068,-4.10367453991,4.06639409729177e-05,0.000327352369781707,"WBGene00020736","WBGene00020736",NA
"WBGene00020758",108.269444249269,2.96879369127891,0.589328902490406,5.03758373080512,4.71445347456459e-07,6.95394050690936e-06,"WBGene00020758","WBGene00020758",NA
"WBGene00020760",128.961476454058,1.94449938690364,0.486416404237121,3.99760240395947,6.39873118212264e-05,0.000484669129761944,"WBGene00020760","WBGene00020760",NA
"WBGene00020774",20.6614374154138,3.56946239758722,0.645213219233601,5.53222142879699,3.16200377765945e-08,6.66585840620744e-07,"WBGene00020774","WBGene00020774",NA
"WBGene00020786",191.890281258973,-1.63925346866153,0.380064706469561,-4.31309048369324,1.60988191887864e-05,0.000147784471846708,"WBGene00020786","WBGene00020786",NA
"WBGene00020802",19.813770104692,-4.97140518615623,1.08187012593886,-4.59519591766339,4.32342857202071e-06,4.75710273902171e-05,"WBGene00020802","WBGene00020802",NA
"WBGene00020811",73.0981810650635,-1.25511719253211,0.363981705677358,-3.44829746373209,0.00056413237849628,0.00316201728856758,"WBGene00020811","WBGene00020811",NA
"WBGene00020817",15.2577289620854,3.22252090929924,0.726811881916504,4.43377576712407,9.25969339197609e-06,9.12121279472875e-05,"WBGene00020817","WBGene00020817",NA
"WBGene00020830",126.767983854254,1.00743807217031,0.299307587039532,3.36589553955159,0.000762955951835362,0.00405086531188069,"WBGene00020830","WBGene00020830",NA
"WBGene00020833",38.1045055812475,4.38708324302836,0.601908439992301,7.28862224142342,3.13140697503699e-13,1.70829007229785e-11,"WBGene00020833","WBGene00020833",NA
"WBGene00020835",10.6400371384766,4.50876921395773,1.20685949134739,3.73595206922055,0.000187006289282179,0.00122778176054671,"WBGene00020835","WBGene00020835",NA
"WBGene00020837",56.2464451876697,-1.45542702431822,0.539855943406606,-2.69595443394429,0.00701872671513721,0.0258220491478652,"WBGene00020837","WBGene00020837",NA
"WBGene00020840",536.388319026941,-5.46655634710075,1.38941072556693,-3.93444231177227,8.33900938814452e-05,0.000606870983629071,"WBGene00020840","WBGene00020840",NA
"WBGene00020841",50.8741781149528,-4.27494474375675,0.913983741893374,-4.67726563155373,2.9072555393129e-06,3.38107432248977e-05,"WBGene00020841","WBGene00020841",NA
"WBGene00020847",169.992066806266,-1.33777199312984,0.313556529377415,-4.26644597637965,1.98611560797238e-05,0.000176101429185789,"WBGene00020847","WBGene00020847",NA
"WBGene00020860",114.679924265395,-4.59177915859695,1.14724197100932,-4.0024504634861,6.2689796157358e-05,0.000475849844119553,"WBGene00020860","WBGene00020860",NA
"WBGene00020878",15.8648461282605,-2.09646017847384,0.624846149865053,-3.355162193008,0.000793184645626124,0.00418648011075856,"WBGene00020878","WBGene00020878",NA
"WBGene00020881",17.007920619859,-3.39145582486506,1.18692947858169,-2.85733557558757,0.00427213910429453,0.0172832392351208,"WBGene00020881","WBGene00020881",NA
"WBGene00020890",18.1481633561668,-5.52912751445448,1.23400498167553,-4.48063629933407,7.44208358313913e-06,7.57079719955925e-05,"WBGene00020890","WBGene00020890",NA
"WBGene00020902",129.039773256257,2.95090764699922,0.388415849576227,7.59728947780774,3.02397592045744e-14,1.92096390360437e-12,"WBGene00020902","WBGene00020902",NA
"WBGene00020905",77.4870936349591,-4.65108192425995,0.890598635843405,-5.22242201713607,1.76597935167949e-07,3.00847948433313e-06,"WBGene00020905","WBGene00020905",NA
"WBGene00020911",268.139058943719,1.38397222671856,0.215726546081501,6.41540066281732,1.40452974723052e-10,5.06943022150652e-09,"WBGene00020911","WBGene00020911",NA
"WBGene00020914",23.5351615089149,-2.98306319882529,0.896959433947267,-3.32575040288909,0.000881808540872386,0.00458315980897782,"WBGene00020914","WBGene00020914",NA
"WBGene00020919",109.437451714701,1.18541145193245,0.400630131415132,2.95886744151087,0.00308771889986626,0.0131897089766254,"WBGene00020919","WBGene00020919",NA
"WBGene00020920",56.0060202645446,1.08795046136758,0.410599645847844,2.64966244459633,0.00805722276774571,0.0289424189543577,"WBGene00020920","WBGene00020920",NA
"WBGene00020924",36.5548727558254,-1.5282763705049,0.439700616429243,-3.47572032742609,0.000509483296419904,0.00290121305009151,"WBGene00020924","WBGene00020924",NA
"WBGene00020947",34.0658429672693,1.66806753427466,0.506336366677007,3.2943861907883,0.000986368785394691,0.00502259065431251,"WBGene00020947","WBGene00020947",NA
"WBGene00020978",22.7173054065261,-8.09917838139031,1.39389900529198,-5.81044849780475,6.23056985233759e-09,1.5514553118373e-07,"WBGene00020978","WBGene00020978",NA
"WBGene00020981",49.465587861221,-1.21724510283754,0.448591962031057,-2.71347952229529,0.00665806831449914,0.0247178624465289,"WBGene00020981","WBGene00020981",NA
"WBGene00020985",20.3760074541554,-2.01803339451655,0.65629128258767,-3.07490507349071,0.00210569561894697,0.00948525290942611,"WBGene00020985","WBGene00020985",NA
"WBGene00020986",9.98414248704858,-6.09224200944478,1.49968351278613,-4.062351794564,4.85807907573961e-05,0.00038311914450678,"WBGene00020986","WBGene00020986",NA
"WBGene00020987",20.903316538557,-4.51211143246283,0.94344243275396,-4.78260387259849,1.73038917872013e-06,2.188727874831e-05,"WBGene00020987","WBGene00020987",NA
"WBGene00020990",268.671900969472,-5.37961737515119,1.300932273898,-4.13520171886594,3.54642981157196e-05,0.000291988025903215,"WBGene00020990","WBGene00020990",NA
"WBGene00020991",14.1531109266573,-5.63986595721688,1.71291193692664,-3.29256036789381,0.000992795818129661,0.00505163069723291,"WBGene00020991","WBGene00020991",NA
"WBGene00021006",20.3782916676545,-6.16459500517829,1.33936717257107,-4.60261766259706,4.17213716657584e-06,4.60481517543386e-05,"WBGene00021006","WBGene00021006",NA
"WBGene00021007",99.2099361050048,-6.06468015699577,1.76972193145659,-3.42691134081396,0.000610488357971414,0.00338450805567367,"WBGene00021007","WBGene00021007",NA
"WBGene00021010",13.6743095232551,-5.57620158894305,1.40319955322581,-3.9739191593412,7.06995678294595e-05,0.000527680899731835,"WBGene00021010","WBGene00021010",NA
"WBGene00021049",251.077838134139,1.05301922983037,0.372910766064301,2.82378339714869,0.00474604470559524,0.0188326532418303,"WBGene00021049","WBGene00021049",NA
"WBGene00021053",25.5688925700084,4.70959539148832,0.855976222744231,5.50201660554252,3.75471580415528e-08,7.72174863148078e-07,"WBGene00021053","WBGene00021053",NA
"WBGene00021092",12.2687457569115,5.05255740820571,1.23123405741856,4.10365306073408,4.066771831095e-05,0.000327352369781707,"WBGene00021092","WBGene00021092",NA
"WBGene00021110",15.8416599246464,-7.55734088529628,1.51226222494741,-4.99737463557889,5.81160957022498e-07,8.3819713004264e-06,"WBGene00021110","WBGene00021110",NA
"WBGene00021113",233.838340445012,-4.83503352904851,1.29742140325119,-3.72664850212311,0.000194042765487265,0.00126873433079116,"WBGene00021113","WBGene00021113",NA
"WBGene00021114",274.565884301627,-1.14336566965638,0.390337078291842,-2.92917514948842,0.00339862854557237,0.0142495153422898,"WBGene00021114","WBGene00021114",NA
"WBGene00021115",10.5019697207649,-4.46161159648125,1.19164401925968,-3.74408088688522,0.000181055323394399,0.00119529964770261,"WBGene00021115","WBGene00021115",NA
"WBGene00021121",434.424656034766,-1.61530449824486,0.436635331589302,-3.69943607716154,0.00021607905367949,0.00138577256989714,"WBGene00021121","WBGene00021121",NA
"WBGene00021130",10.6921565787369,3.77866632727804,1.07546192303089,3.51352869530602,0.000442196648128423,0.00258077447599001,"WBGene00021130","WBGene00021130",NA
"WBGene00021134",13.7708470869771,2.51731479757778,0.661573356188159,3.80504259131897,0.000141779792238769,0.000967745258103501,"WBGene00021134","WBGene00021134",NA
"WBGene00021146",61.0799703654561,-1.00452286261567,0.36674381693038,-2.73903148803832,0.0061620471402267,0.0232938745769004,"WBGene00021146","WBGene00021146",NA
"WBGene00021154",14.2711647032434,-3.65338396012641,0.904762879544793,-4.03794634232177,5.39211824041407e-05,0.000419222701291847,"WBGene00021154","WBGene00021154",NA
"WBGene00021156",86.4888695470885,1.0018547378557,0.253920463494586,3.94554548328895,7.96185163356807e-05,0.0005832841896391,"WBGene00021156","WBGene00021156",NA
"WBGene00021157",63.1187568021007,1.16457903266189,0.444287442812702,2.6212287821802,0.00876134442049972,0.0310076738294664,"WBGene00021157","WBGene00021157",NA
"WBGene00021180",10.5833347051981,3.63269130348216,1.07380735757794,3.38300094318219,0.000716983860551956,0.00384679066023615,"WBGene00021180","WBGene00021180",NA
"WBGene00021186",37.444410921782,1.80710708379177,0.490817397379471,3.68183176358483,0.000231564203443572,0.00147230745543549,"WBGene00021186","WBGene00021186",NA
"WBGene00021187",134.56192361563,1.67044673151755,0.443613412671988,3.76554604482324,0.000166185493014882,0.00110933846899595,"WBGene00021187","WBGene00021187",NA
"WBGene00021198",11.1110919038889,3.43369934832762,0.851437227641273,4.03282736161298,5.51097661045636e-05,0.000426749344419983,"WBGene00021198","WBGene00021198",NA
"WBGene00021204",20.396521854265,3.84599405692429,0.730720636253132,5.26328923272941,1.41500704876775e-07,2.49072607734451e-06,"WBGene00021204","WBGene00021204",NA
"WBGene00021207",40.9392847439695,-4.8425159513153,0.923639773128599,-5.24286208996012,1.58104713127401e-07,2.72921577865935e-06,"WBGene00021207","WBGene00021207",NA
"WBGene00021214",29.9275359914547,-3.47600851130605,0.904463288916629,-3.843172579696,0.00012145399863477,0.000844740633813514,"WBGene00021214","WBGene00021214",NA
"WBGene00021215",28.5666123199902,-2.67642827024885,0.708235894983978,-3.77900681002534,0.000157455118607639,0.00105856350435512,"WBGene00021215","WBGene00021215",NA
"WBGene00021224",296.968810207135,3.32443930579163,0.294506571788596,11.2881667991368,1.50135335890687e-29,3.7647093962905e-27,"WBGene00021224","WBGene00021224",NA
"WBGene00021271",19.4354500315705,-2.42813696033958,0.78298663489751,-3.10112184821318,0.00192788940841017,0.00881206373981661,"WBGene00021271","WBGene00021271",NA
"WBGene00021287",34.1080713872492,-1.6761662295711,0.576714590013367,-2.90640510678298,0.00365607773325905,0.0151819636959534,"WBGene00021287","WBGene00021287",NA
"WBGene00021288",95.8236543506983,-5.39037054440486,0.900468439284778,-5.98618486694137,2.14820194454148e-09,5.93892657511245e-08,"WBGene00021288","WBGene00021288",NA
"WBGene00021293",52.0074781929757,3.04501673615905,0.914952599982928,3.32805954780157,0.000874531712573841,0.00455361813035261,"WBGene00021293","WBGene00021293",NA
"WBGene00021299",28.7253007990821,4.71084428800791,1.03877277093033,4.53500940709954,5.76009180605549e-06,6.05387214937097e-05,"WBGene00021299","WBGene00021299",NA
"WBGene00021320",43.4456192372555,-1.12240832457734,0.432190828887593,-2.59702022707489,0.0094036386361616,0.032782001713819,"WBGene00021320","WBGene00021320",NA
"WBGene00021358",28.0061841954656,-4.49418562259394,0.98895161597184,-4.54439383081195,5.50935670019826e-06,5.82004695609266e-05,"WBGene00021358","WBGene00021358",NA
"WBGene00021381",125.331193034319,-5.35848821962671,1.54083537921591,-3.47765133894673,0.000505827414237759,0.00288279616525467,"WBGene00021381","WBGene00021381",NA
"WBGene00021386",14.3967956927887,-6.51779800322991,1.51291081627383,-4.30811779063269,1.64649698394628e-05,0.000150195211453049,"WBGene00021386","WBGene00021386",NA
"WBGene00021397",25.0747455655629,1.52355469610337,0.492143327754282,3.09575404192831,0.00196313127310183,0.00895083928059595,"WBGene00021397","WBGene00021397",NA
"WBGene00021398",392.667138565836,-5.08517376010487,0.990076973596777,-5.13613981106066,2.80439060142977e-07,4.45368387402619e-06,"WBGene00021398","WBGene00021398",NA
"WBGene00021428",21.2220513667878,-4.48022413370622,0.915297732420404,-4.89482708742079,9.83922013744069e-07,1.33553630982374e-05,"WBGene00021428","WBGene00021428",NA
"WBGene00021439",25.5515611701446,-1.4648012226514,0.497426009559694,-2.94476202389979,0.00323203148996885,0.0136775962779644,"WBGene00021439","WBGene00021439",NA
"WBGene00021458",84.7876059742408,4.09546907161239,0.822840099668587,4.97723564184817,6.44987826277981e-07,9.18208267030994e-06,"WBGene00021458","WBGene00021458",NA
"WBGene00021463",66.8478252860216,4.32441640122293,0.788720645710535,5.48282389302386,4.18589663202443e-08,8.47436551862963e-07,"WBGene00021463","WBGene00021463",NA
"WBGene00021468",1145.6928005463,3.89010647721677,0.535846786969911,7.25973649896161,3.87845116739466e-13,2.0762060874746e-11,"WBGene00021468","WBGene00021468",NA
"WBGene00021471",24.0004024735236,-5.77948397115213,1.10128538510761,-5.24794394741503,1.53806075433523e-07,2.674392014807e-06,"WBGene00021471","WBGene00021471",NA
"WBGene00021472",80.8329556556953,-4.95378051614533,0.867727111812264,-5.70891522082244,1.13698505222725e-08,2.6728498933362e-07,"WBGene00021472","WBGene00021472",NA
"WBGene00021505",50.8889357471719,4.30405298312646,0.595289774234896,7.23018128214667,4.82349726146751e-13,2.50699077666018e-11,"WBGene00021505","WBGene00021505",NA
"WBGene00021516",28.3166952085052,2.10691207974135,0.638181943129174,3.3014285384049,0.000961938356897275,0.00492442153837133,"WBGene00021516","WBGene00021516",NA
"WBGene00021518",95.8172806890444,1.08252112252748,0.410245993555865,2.63871223493146,0.00832215898862016,0.0297445907537754,"WBGene00021518","WBGene00021518",NA
"WBGene00021525",33.5343059530151,8.30851095602492,1.29045888795106,6.43841584850244,1.20726862525103e-10,4.42448473351616e-09,"WBGene00021525","WBGene00021525",NA
"WBGene00021537",12.8575224254066,-4.12756791949828,1.12634085172685,-3.66458156353834,0.000247743281883264,0.0015638360004503,"WBGene00021537","WBGene00021537",NA
"WBGene00021542",50.5985188078842,3.97645740171626,0.899725358010056,4.41963468775748,9.88678870696622e-06,9.67889527319645e-05,"WBGene00021542","WBGene00021542",NA
"WBGene00021557",46.184283143928,4.3165962417357,0.919479460809638,4.69460866253039,2.67117591855856e-06,3.15831972104966e-05,"WBGene00021557","WBGene00021557",NA
"WBGene00021576",433.624739181421,5.48945976981893,1.0321637402935,5.31840012928375,1.04683654423517e-07,1.90725416842498e-06,"WBGene00021576","WBGene00021576",NA
"WBGene00021579",113.11077141019,-4.92634268472636,0.875289426121128,-5.62824425579731,1.82053171665523e-08,4.04679001961947e-07,"WBGene00021579","WBGene00021579",NA
"WBGene00021590",79.1790798476975,1.84960312122821,0.362824417491257,5.09779119613079,3.43639557318647e-07,5.29842523490337e-06,"WBGene00021590","WBGene00021590",NA
"WBGene00021603",23.7041329711042,-1.66621489944691,0.464459030668923,-3.58743137591101,0.000333951584788591,0.00203200085201504,"WBGene00021603","WBGene00021603",NA
"WBGene00021605",144.056142984801,1.63264489312779,0.432588981126202,3.77412501094541,0.000160570232996789,0.00107779060990431,"WBGene00021605","WBGene00021605",NA
"WBGene00021607",116.44444048609,1.60658357272339,0.468982748156421,3.4256773389616,0.000613268440413109,0.00338957688276279,"WBGene00021607","WBGene00021607",NA
"WBGene00021625",200.56086372073,-4.86931016451789,1.43203826399636,-3.40026540277575,0.00067320475760323,0.00366696478674656,"WBGene00021625","WBGene00021625",NA
"WBGene00021633",36.3238340198529,-2.89697805767514,0.722349434520626,-4.01049397871774,6.05918457362855e-05,0.000461540417876652,"WBGene00021633","WBGene00021633",NA
"WBGene00021639",19.7606439632552,-2.8666256989701,0.848755814680741,-3.37744454810996,0.000731627029784219,0.00391162179104462,"WBGene00021639","WBGene00021639",NA
"WBGene00021648",353.941163977932,1.06127245628195,0.39757184379158,2.66938535224416,0.00759902107850822,0.0275947175495727,"WBGene00021648","WBGene00021648",NA
"WBGene00021650",23.3376374827148,-5.60796708389633,1.26318653878702,-4.43953993468092,9.01513860156516e-06,8.91718865274539e-05,"WBGene00021650","WBGene00021650",NA
"WBGene00021678",31.7546854332642,-3.26497237913648,0.872505304234378,-3.74206593735437,0.000182513608253929,0.00120215069252231,"WBGene00021678","WBGene00021678",NA
"WBGene00021679",34.8470225179811,1.03003561303765,0.40055821530367,2.5715004053949,0.0101258896799596,0.0349081864919591,"WBGene00021679","WBGene00021679",NA
"WBGene00021703",36.3459362368471,-2.48538848877912,0.727037733675714,-3.41851374922955,0.000629641365906476,0.0034680015579581,"WBGene00021703","WBGene00021703",NA
"WBGene00021709",1013.71251275661,-1.1377756102633,0.287029316592116,-3.96397003543769,7.37135092344738e-05,0.000545900097144215,"WBGene00021709","WBGene00021709",NA
"WBGene00021719",33.4104447138043,4.31288564393483,0.976925012121907,4.41475608713009,1.01123943290252e-05,9.83910497922104e-05,"WBGene00021719","WBGene00021719",NA
"WBGene00021720",23.1301995711506,-5.02690676920164,1.19460925670922,-4.20799248036068,2.57649438397947e-05,0.000221043422750411,"WBGene00021720","WBGene00021720",NA
"WBGene00021725",88.0342847385803,2.90963970270918,0.625636728408382,4.65068556654482,3.30833409995993e-06,3.78288154325818e-05,"WBGene00021725","WBGene00021725",NA
"WBGene00021726",74.5020079259199,6.27583510137222,0.887745053634622,7.06941151142165,1.5559211081665e-12,7.66854496518063e-11,"WBGene00021726","WBGene00021726",NA
"WBGene00021731",13.873615659508,2.29460221728448,0.71716054240503,3.19956562248869,0.00137634850451746,0.00662808260615501,"WBGene00021731","WBGene00021731",NA
"WBGene00021745",11.8906958411179,-3.42302619859358,0.838053179067753,-4.08449760002265,4.41722829745949e-05,0.00035290913390491,"WBGene00021745","WBGene00021745",NA
"WBGene00021773",26.5660753736935,3.8084951610988,1.06760888834088,3.56731308880107,0.000360660463255083,0.00217323777458048,"WBGene00021773","WBGene00021773",NA
"WBGene00021774",25.0850677663553,3.93522898335311,1.06233711484916,3.70431281026257,0.000211964563777875,0.00136407452052101,"WBGene00021774","WBGene00021774",NA
"WBGene00021787",32.3155479691787,-5.13481279196859,0.948877051072548,-5.41146272445364,6.25120080421086e-08,1.20669378826505e-06,"WBGene00021787","WBGene00021787",NA
"WBGene00021791",101.263545339506,-2.63147802059397,0.652600528100298,-4.03229526683671,5.52347281874323e-05,0.000427202364709399,"WBGene00021791","WBGene00021791",NA
"WBGene00021814",45.6735376168361,-1.54982774556562,0.461298702327556,-3.35970540941415,0.000780256236899984,0.00413044533111536,"WBGene00021814","WBGene00021814",NA
"WBGene00021816",636.754160662642,1.02826597870531,0.231666114659272,4.4385687575313,9.05590555586687e-06,8.94513186662095e-05,"WBGene00021816","WBGene00021816",NA
"WBGene00021834",301.880067220363,-1.07996675533508,0.274017270462753,-3.94123608891974,8.10627908306075e-05,0.00059113799456218,"WBGene00021834","WBGene00021834",NA
"WBGene00021858",44.2269737706503,-3.01555696828543,0.764837760534391,-3.94274070121547,8.05557357806219e-05,0.000588094305586549,"WBGene00021858","WBGene00021858",NA
"WBGene00021863",99.6002142852981,1.09188823913425,0.417361506880137,2.61616900728662,0.00889225313166794,0.031366479272194,"WBGene00021863","WBGene00021863",NA
"WBGene00021871",17.0231790253993,-2.91839736742977,0.965993893883718,-3.02113438387953,0.0025182956626224,0.0110648631742582,"WBGene00021871","WBGene00021871",NA
"WBGene00021872",90.3019261647102,1.28931968412339,0.4230148981,3.04792972993258,0.00230423803114833,0.0102440044103275,"WBGene00021872","WBGene00021872",NA
"WBGene00021873",17.370612750485,-1.99444419196219,0.765593075501226,-2.60509695787994,0.00918482642387432,0.0322156378101683,"WBGene00021873","WBGene00021873",NA
"WBGene00021876",1047.90127432687,-1.00729303358525,0.231500122050174,-4.35115551847065,1.35421953697601e-05,0.000127006954343819,"WBGene00021876","WBGene00021876",NA
"WBGene00021878",40.0784025925846,-4.54428188824044,0.78378058964329,-5.79790051997666,6.71502632330951e-09,1.66339464885724e-07,"WBGene00021878","WBGene00021878",NA
"WBGene00021880",26.3680667551714,-5.35220788329605,1.12628635328545,-4.75208446562751,2.01330229100278e-06,2.50663150220407e-05,"WBGene00021880","WBGene00021880",NA
"WBGene00021908",25.3507487538873,-4.3398208414387,0.945773195846924,-4.58864858984766,4.46124700118605e-06,4.87869957061608e-05,"WBGene00021908","WBGene00021908",NA
"WBGene00021913",284.222167498993,4.43561650546798,0.566498979182568,7.82987554870509,4.8835312904914e-15,3.50755340376852e-13,"WBGene00021913","WBGene00021913",NA
"WBGene00021915",29.9085388397822,1.4354740370893,0.450894920659206,3.1836110173755,0.0014545032565715,0.00693667502374925,"WBGene00021915","WBGene00021915",NA
"WBGene00021919",25.8319587601657,3.2956950813174,0.582450423481543,5.65832721284276,1.52855499329442e-08,3.46787881256462e-07,"WBGene00021919","WBGene00021919",NA
"WBGene00021928",48.6367742468102,1.11459981222851,0.395602192909631,2.81747632395739,0.00484026831518856,0.0191427656416685,"WBGene00021928","WBGene00021928",NA
"WBGene00021948",58.0875269445885,-1.66311369889523,0.415342234665153,-4.00420077730845,6.22274988479741e-05,0.000472842977689576,"WBGene00021948","WBGene00021948",NA
"WBGene00021966",21.3268129762634,2.74971144120174,0.711978341857834,3.86207175070333,0.000112429533727768,0.000791783905272376,"WBGene00021966","WBGene00021966",NA
"WBGene00021968",30.4235434551248,-4.16552021168149,0.873763852808383,-4.76732952306623,1.86683840186699e-06,2.34883109840535e-05,"WBGene00021968","WBGene00021968",NA
"WBGene00021969",117.771169519413,-4.56342493097341,1.21913107675235,-3.7431782504716,0.000181707231118224,0.00119849628720479,"WBGene00021969","WBGene00021969",NA
"WBGene00021975",66.0694158417413,-1.51449835906963,0.394932956022785,-3.83482395169436,0.000125654261855757,0.000870987567751863,"WBGene00021975","WBGene00021975",NA
"WBGene00021978",442.019891457654,-1.97753187102358,0.319293387697336,-6.19346327615817,5.88564066754922e-10,1.84481276450177e-08,"WBGene00021978","WBGene00021978",NA
"WBGene00021993",380.41861753553,-5.36394000387055,1.21202188521218,-4.4256131587356,9.61687278568297e-06,9.44051941797848e-05,"WBGene00021993","WBGene00021993",NA
"WBGene00021994",58.6700394543211,-2.40682271058373,0.582724827389286,-4.13029031449841,3.6230541972612e-05,0.00029698615794974,"WBGene00021994","WBGene00021994",NA
"WBGene00021996",210.458597077775,-5.09485985097094,1.16801215759089,-4.36199214011561,1.28883501186308e-05,0.000121592863528443,"WBGene00021996","WBGene00021996",NA
"WBGene00022002",419.662625187175,-4.94887545180992,1.197866152912,-4.13140937305831,3.60545835753502e-05,0.000295825581539885,"WBGene00022002","WBGene00022002",NA
"WBGene00022003",13.3970583518089,-4.11312882730362,1.00990772955771,-4.07277685566875,4.64559280775537e-05,0.000368476459496379,"WBGene00022003","WBGene00022003",NA
"WBGene00022006",64.442696343116,-5.77794993224261,0.876170988732238,-6.59454604928533,4.26559003740631e-11,1.65225144728044e-09,"WBGene00022006","WBGene00022006",NA
"WBGene00022007",64.442696343116,-5.77794993224261,0.876170988732238,-6.59454604928533,4.26559003740631e-11,1.65225144728044e-09,"WBGene00022007","WBGene00022007",NA
"WBGene00022008",10.5449860005607,-5.02472856919121,1.41292458667566,-3.55626097569257,0.000376170411077804,0.00225245231903438,"WBGene00022008","WBGene00022008",NA
"WBGene00022032",23.1135112962875,-4.98719755459493,1.04803942155667,-4.75859729320807,1.94942923140245e-06,2.43985919478418e-05,"WBGene00022032","WBGene00022032",NA
"WBGene00022033",13.3661043315435,3.96645594219499,0.917799848379226,4.32170036767764,1.54831357688139e-05,0.000142774490028166,"WBGene00022033","WBGene00022033",NA
"WBGene00022064",19.0228542543707,-5.45548061507748,1.1459041434729,-4.76085250773554,1.92776899116438e-06,2.41910466994842e-05,"WBGene00022064","WBGene00022064",NA
"WBGene00022072",421.38489405998,-1.36807016883125,0.318688816719331,-4.29280883751912,1.76426896679806e-05,0.000159215564354805,"WBGene00022072","WBGene00022072",NA
"WBGene00022079",14.7756168766141,-7.6817613255606,1.87100049802234,-4.10569710359792,4.03097398420218e-05,0.000325323044360258,"WBGene00022079","WBGene00022079",NA
"WBGene00022090",142.620251640053,-5.79706064942231,1.33414673772323,-4.34514471722594,1.39183873113568e-05,0.000130278657394383,"WBGene00022090","WBGene00022090",NA
"WBGene00022102",10.8021641311297,-3.88807727230242,1.02585945138414,-3.79006818824589,0.000150605935398599,0.00101922852019516,"WBGene00022102","WBGene00022102",NA
"WBGene00022103",19.8862879943065,1.58518486245822,0.541206330713078,2.92898433092906,0.00340071564991257,0.0142518647428319,"WBGene00022103","WBGene00022103",NA
"WBGene00022104",28.7704647634209,1.94680861897733,0.464116741373942,4.19465286516948,2.73289795484271e-05,0.000231955525347784,"WBGene00022104","WBGene00022104",NA
"WBGene00022108",33.8117336138303,-3.83563002264488,0.756024490030624,-5.07342033654163,3.9072809219628e-07,5.90971071085866e-06,"WBGene00022108","WBGene00022108",NA
"WBGene00022111",20.0937878757332,2.764070981219,0.735051487277212,3.76037737364182,0.000169657225667965,0.00112786545417313,"WBGene00022111","WBGene00022111",NA
"WBGene00022112",65.1624569891823,4.82310820032026,0.78605590360115,6.13583356886476,8.47138099981355e-10,2.55986149324176e-08,"WBGene00022112","WBGene00022112",NA
"WBGene00022129",147.540044217124,1.56274818410326,0.260869953088729,5.99052579877504,2.09163690650054e-09,5.81629694642261e-08,"WBGene00022129","WBGene00022129",NA
"WBGene00022133",12.6082578392435,-6.34578901087481,1.44680269288781,-4.38607768845705,1.15412914572145e-05,0.000110340922272888,"WBGene00022133","WBGene00022133",NA
"WBGene00022140",19.6955722240936,-1.92470214151163,0.714224787526799,-2.69481285881501,0.00704281743665367,0.0258640774979679,"WBGene00022140","WBGene00022140",NA
"WBGene00022143",26.8647686896532,-5.05344399569861,0.947698168062072,-5.33233487834243,9.69579216237521e-08,1.7904645655921e-06,"WBGene00022143","WBGene00022143",NA
"WBGene00022155",26.7689472126673,-2.79791163975537,0.676886922976611,-4.13349932578333,3.57281344552114e-05,0.00029382176396337,"WBGene00022155","WBGene00022155",NA
"WBGene00022157",27.2792156086919,-4.48076363472008,0.860100027629203,-5.2095843399412,1.89264159575333e-07,3.17506177559886e-06,"WBGene00022157","WBGene00022157",NA
"WBGene00022162",44.4363408037404,-4.19150367939132,1.03544892669976,-4.04800620417921,5.16557775355598e-05,0.000403671967367828,"WBGene00022162","WBGene00022162",NA
"WBGene00022200",384.61668059103,-1.25229665562083,0.3118282388003,-4.01598219724679,5.91987246465065e-05,0.000453444464829859,"WBGene00022200","WBGene00022200",NA
"WBGene00022202",20.5644061375392,-1.34817913551522,0.53753126552925,-2.50809436021886,0.0121384247555631,0.040517166051206,"WBGene00022202","WBGene00022202",NA
"WBGene00022242",21.4918318261886,1.3684252218722,0.555309159453413,2.46425832993487,0.0137297116858884,0.0449058968252638,"WBGene00022242","WBGene00022242",NA
"WBGene00022258",31.9095653388031,1.76882203226521,0.43868959803725,4.0320582940173,5.52904674401991e-05,0.000427402190980403,"WBGene00022258","WBGene00022258",NA
"WBGene00022262",39.388406181999,2.81978032191756,0.889689290798489,3.16939897004586,0.00152754553627919,0.00722714609402135,"WBGene00022262","WBGene00022262",NA
"WBGene00022270",36.5075941081113,-1.19686350775481,0.483117348574251,-2.47737637923152,0.013235224904338,0.0435878040455536,"WBGene00022270","WBGene00022270",NA
"WBGene00022279",225.5459918084,-1.16768809766398,0.396537306473776,-2.94471183064133,0.00323255581242313,0.0136775962779644,"WBGene00022279","WBGene00022279",NA
"WBGene00022288",15.7372428276775,-3.84396225448644,0.911674896414411,-4.21637391750571,2.48261987651147e-05,0.000213997928938519,"WBGene00022288","WBGene00022288",NA
"WBGene00022298",35.2714127964925,-2.18755552194591,0.615486481044059,-3.554189392162,0.000379146072255314,0.00226647210821631,"WBGene00022298","WBGene00022298",NA
"WBGene00022326",17.8171853346502,1.63383351173699,0.564617826262592,2.89369806573753,0.00380734079205358,0.0156960836287343,"WBGene00022326","WBGene00022326",NA
"WBGene00022334",41.2145942965625,3.99770127749344,0.596142778703233,6.70594599198113,2.00105728212189e-11,8.36289816765151e-10,"WBGene00022334","WBGene00022334",NA
"WBGene00022338",15.2747325930441,-4.29021275638383,1.3570631989599,-3.16139495910876,0.00157015437930065,0.0073944700307559,"WBGene00022338","WBGene00022338",NA
"WBGene00022349",274.746032788331,6.32049112078625,1.04717906747502,6.03573096244785,1.58244713087917e-09,4.50556112383586e-08,"WBGene00022349","WBGene00022349",NA
"WBGene00022353",24.8888915083124,-1.40630523439112,0.536688210875607,-2.62033934394931,0.00878423085489095,0.0310621008433836,"WBGene00022353","WBGene00022353",NA
"WBGene00022365",56.680958730723,1.32032129783223,0.384734126386361,3.43177588698312,0.000599642869859246,0.00333230775229323,"WBGene00022365","WBGene00022365",NA
"WBGene00022370",12.3749892236352,2.74506590175441,0.840400815161735,3.26637700991059,0.00108933115533622,0.00544779923135779,"WBGene00022370","WBGene00022370",NA
"WBGene00022385",17.0432690529003,-3.72455935012651,0.964802899341822,-3.86043548653032,0.000113185122067301,0.000796139246903511,"WBGene00022385","WBGene00022385",NA
"WBGene00022396",56.6360703126354,-1.76240418291973,0.517066407090414,-3.40846776884417,0.000653288022379926,0.0035806755601931,"WBGene00022396","WBGene00022396",NA
"WBGene00022397",24.9857978912134,-1.52773422509618,0.515809288675683,-2.96181991801383,0.00305826596073797,0.0130952053255925,"WBGene00022397","WBGene00022397",NA
"WBGene00022410",206.104580047175,-1.48011880640654,0.436568968063294,-3.39034359902545,0.000698050726375673,0.00377211305560964,"WBGene00022410","WBGene00022410",NA
"WBGene00022413",154.739694756485,-1.63820701013764,0.533693733152834,-3.06956388725012,0.00214371550639256,0.00962920356155526,"WBGene00022413","WBGene00022413",NA
"WBGene00022416",19.4812343162775,2.08035371131457,0.60028281846981,3.46562261538258,0.000529005246726527,0.00300161651110054,"WBGene00022416","WBGene00022416",NA
"WBGene00022418",102.747274923055,2.92159690766685,0.391984937498668,7.45333972858785,9.10065369721997e-14,5.48842376769472e-12,"WBGene00022418","WBGene00022418",NA
"WBGene00022441",29.1142731741026,4.90707924243438,0.835291724256093,5.87468916539859,4.23637481551465e-09,1.08513450247582e-07,"WBGene00022441","WBGene00022441",NA
"WBGene00022455",594.818608670945,1.24368425934428,0.334469090250102,3.71838323958218,0.000200501928951811,0.00130262457750374,"WBGene00022455","WBGene00022455",NA
"WBGene00022467",26.1480825137097,-4.74062606820421,1.00560922841525,-4.71418313819076,2.42682323659836e-06,2.91518370932528e-05,"WBGene00022467","WBGene00022467",NA
"WBGene00022505",47.1730910728507,-2.15700194210887,0.78023478283764,-2.76455496416612,0.00570005032700037,0.0218654909618401,"WBGene00022505","WBGene00022505",NA
"WBGene00022508",99.8574418424136,1.45098352321612,0.526075432784058,2.75812826981356,0.00581333817113626,0.0222284757838551,"WBGene00022508","WBGene00022508",NA
"WBGene00022548",10.3874816012936,-2.51432699244676,0.781755399330161,-3.21625791724769,0.0012987405410251,0.00631249322583147,"WBGene00022548","WBGene00022548",NA
"WBGene00022554",246.418638694551,1.5171652767914,0.266840309745877,5.68566749992256,1.30302698761376e-08,3.01361888899086e-07,"WBGene00022554","WBGene00022554",NA
"WBGene00022557",36.6964896724975,4.13660607474887,0.77084897084295,5.36629901733584,8.03686627375425e-08,1.51628023669332e-06,"WBGene00022557","WBGene00022557",NA
"WBGene00022559",23.8559509948667,3.64048401981971,1.07513089906852,3.38608445071553,0.000708975619098102,0.00381662542508091,"WBGene00022559","WBGene00022559",NA
"WBGene00022589",52.675732668719,-4.1934677909502,0.859128402126995,-4.8810722361968,1.05510581548151e-06,1.42765943166203e-05,"WBGene00022589","WBGene00022589",NA
"WBGene00022597",193.501017990637,-1.16852891022146,0.39442202586826,-2.96263604358585,0.00305016988240177,0.0130683687437555,"WBGene00022597","WBGene00022597",NA
"WBGene00022609",17.4839992186762,-2.03154989067189,0.656026740677059,-3.09674859987446,0.00195655728120008,0.00893123723485236,"WBGene00022609","WBGene00022609",NA
"WBGene00022610",288.754140758617,-1.77625258830428,0.422675115213047,-4.2024063503454,2.64092516502026e-05,0.000225488311730194,"WBGene00022610","WBGene00022610",NA
"WBGene00022617",13.9918566370552,-4.08877106864768,1.33962628673788,-3.05217291503306,0.0022719118387974,0.0101235497644188,"WBGene00022617","WBGene00022617",NA
"WBGene00022621",71.0570512728991,-5.00092732900164,0.816994240699208,-6.12112923185565,9.29145063329038e-10,2.77829924480375e-08,"WBGene00022621","WBGene00022621",NA
"WBGene00022632",22.6385939979761,-4.48177186377958,1.0435258462231,-4.29483551365856,1.74822906082986e-05,0.000158232558457497,"WBGene00022632","WBGene00022632",NA
"WBGene00022634",29.8267237632779,-5.03898151828661,1.15396271349009,-4.36667620138827,1.26151526522388e-05,0.000119367564905405,"WBGene00022634","WBGene00022634",NA
"WBGene00022635",24.1114848474087,-1.99433354983319,0.534006028968711,-3.73466485703299,0.000187965330666055,0.0012329456040431,"WBGene00022635","WBGene00022635",NA
"WBGene00022641",13.2652601051767,-2.54902942568347,0.638032432443541,-3.99514083621294,6.46558064517897e-05,0.000489214103555019,"WBGene00022641","WBGene00022641",NA
"WBGene00022645",587.813588110403,1.09547187533034,0.292223465204062,3.74874712598925,0.000177720164858918,0.00117545317738478,"WBGene00022645","WBGene00022645",NA
"WBGene00022649",66.3719168001293,-2.73857649490142,0.973612972051162,-2.81279787093624,0.00491125123680075,0.0193592150931035,"WBGene00022649","WBGene00022649",NA
"WBGene00022650",44.7677294975354,-3.78965193241741,0.689521597383582,-5.49605979971824,3.88370858568582e-08,7.91866573683416e-07,"WBGene00022650","WBGene00022650",NA
"WBGene00022652",20.0962185952546,-5.83796044614464,1.25000941226979,-4.67033319016692,3.00711587052597e-06,3.48303947629074e-05,"WBGene00022652","WBGene00022652",NA
"WBGene00022667",351.794474533418,1.10259572548571,0.322913620077886,3.4145222032436,0.00063893985655727,0.00351109856584893,"WBGene00022667","WBGene00022667",NA
"WBGene00022669",211.982250533873,1.23176318386224,0.468403648786471,2.62970450177632,0.00854591150172476,0.0303696452248016,"WBGene00022669","WBGene00022669",NA
"WBGene00022683",27.1537489923488,1.41548704093631,0.488211385335845,2.89933230451516,0.00373958325903722,0.0154658169911513,"WBGene00022683","WBGene00022683",NA
"WBGene00022705",70.0891789764373,-4.74719393314603,0.913063721471966,-5.19919236906379,2.00156294743087e-07,3.32655107065458e-06,"WBGene00022705","WBGene00022705",NA
"WBGene00022706",33.3902433903448,-3.61263151729049,0.787394848858799,-4.58808121811619,4.47338611334259e-06,4.88823453501572e-05,"WBGene00022706","WBGene00022706",NA
"WBGene00022707",31.2112896376494,-5.09718133514232,0.962507464108572,-5.29573174776684,1.18540749376826e-07,2.13388278443699e-06,"WBGene00022707","WBGene00022707",NA
"WBGene00022708",24.8236047155919,-6.3544457149722,1.2830558370366,-4.95258704379436,7.32332802418022e-07,1.02821539734389e-05,"WBGene00022708","WBGene00022708",NA
"WBGene00022709",40.7505450632519,-4.08844674840832,0.876476092870822,-4.66464149069595,3.09155552283026e-06,3.57501758139636e-05,"WBGene00022709","WBGene00022709",NA
"WBGene00022732",31.9054250371496,-5.64705623249085,1.00887784770826,-5.59736369008255,2.17635844161282e-08,4.74187365944696e-07,"WBGene00022732","WBGene00022732",NA
"WBGene00022741",45.9553238246847,3.27734781080468,0.627193771728425,5.22541510859226,1.73764830325257e-07,2.96728879311696e-06,"WBGene00022741","WBGene00022741",NA
"WBGene00022743",277.172499158446,-2.38646862089534,0.5090121063115,-4.68843194750047,2.75306435582246e-06,3.23864599487823e-05,"WBGene00022743","WBGene00022743",NA
"WBGene00022751",458.511660278247,-5.31155095992027,0.959548701908289,-5.53546781873291,3.1039872557934e-08,6.5629126992685e-07,"WBGene00022751","WBGene00022751",NA
"WBGene00022753",27.4642447387427,-5.22635426792645,1.02496905612215,-5.09903614817381,3.4138735883563e-07,5.27508056198666e-06,"WBGene00022753","WBGene00022753",NA
"WBGene00022754",349.080687871454,-4.62297666116284,1.04384374894901,-4.42880140424988,9.4758226080938e-06,9.31485093105121e-05,"WBGene00022754","WBGene00022754",NA
"WBGene00022760",12.0731300985706,-2.4447818303061,0.927528530712183,-2.6358022954064,0.00839386218921429,0.0299484453995107,"WBGene00022760","WBGene00022760",NA
"WBGene00022761",21.135828400833,-4.32645973823058,0.787454777804107,-5.49423263427942,3.92412933722636e-08,7.98968384857212e-07,"WBGene00022761","WBGene00022761",NA
"WBGene00022780",26.881929014718,-4.60312057801146,0.993830417097023,-4.63169621177139,3.62682054405066e-06,4.08818186404701e-05,"WBGene00022780","WBGene00022780",NA
"WBGene00022788",175.814137748941,1.01508064803492,0.369327217336976,2.74845882021404,0.00598761557061103,0.0227488009970078,"WBGene00022788","WBGene00022788",NA
"WBGene00022816",231.75094737209,4.09281352475949,0.48533106572003,8.43303430141538,3.36815926355933e-17,3.04690508569959e-15,"WBGene00022816","WBGene00022816",NA
"WBGene00022834",21.4992020574717,-2.63039784486894,0.776932684392661,-3.38561872567525,0.000710179810939549,0.00381888639494318,"WBGene00022834","WBGene00022834",NA
"WBGene00022837",11.2676934872957,2.75895839877505,0.834601593419144,3.3057190646765,0.000947330186351002,0.00487057206960967,"WBGene00022837","WBGene00022837",NA
"WBGene00022847",160.188992915987,-1.58916003994621,0.34509341620562,-4.60501407827302,4.1243795814121e-06,4.55562267056593e-05,"WBGene00022847","WBGene00022847",NA
"WBGene00022848",407.913686487067,-1.07062359478629,0.253743094497116,-4.21932110865171,2.45039064247458e-05,0.000211621954398122,"WBGene00022848","WBGene00022848",NA
"WBGene00022849",59.0036400505059,-4.24437310419108,0.741433470539742,-5.72455017589278,1.03708154440118e-08,2.46639043496275e-07,"WBGene00022849","WBGene00022849",NA
"WBGene00022867",63.9361663261858,-1.03807585652326,0.299870661598403,-3.46174531042816,0.000536684772755912,0.00303795463643574,"WBGene00022867","WBGene00022867",NA
"WBGene00022876",50.1130804591571,-4.37340191783665,0.832943724998327,-5.25053708501787,1.516563670034e-07,2.64344445558488e-06,"WBGene00022876","WBGene00022876",NA
"WBGene00022887",44.8913915118939,-1.69277494729149,0.501962647657854,-3.37231257184162,0.000745398010110149,0.00397091828494385,"WBGene00022887","WBGene00022887",NA
"WBGene00022888",41.8357353899798,-6.01491328488256,1.12885300079441,-5.3283406082543,9.9114123008369e-08,1.81620276943413e-06,"WBGene00022888","WBGene00022888",NA
"WBGene00023021",48.8999451587039,-1.07921590101365,0.42669472835661,-2.52924592054414,0.0114307903572132,0.0385512710183219,"WBGene00023021","WBGene00023021",NA
"WBGene00023245",18.1287849343913,2.82279186217852,0.711765385210973,3.96590213689841,7.31188606233048e-05,0.000542339322723869,"WBGene00023245","WBGene00023245",NA
"WBGene00023423",42.7108115258492,-2.48193547173754,0.535942514740132,-4.63097329186692,3.63950823128081e-06,4.09280024781248e-05,"WBGene00023423","WBGene00023423",NA
"WBGene00023424",40.140425186139,-5.54311496301661,0.929709011532264,-5.96220418890093,2.48857895636794e-09,6.78802653117691e-08,"WBGene00023424","WBGene00023424",NA
"WBGene00023432",77.2374337365054,-1.01369110571809,0.326760286563269,-3.10224696024012,0.00192057662536006,0.00878706840789735,"WBGene00023432","WBGene00023432",NA
"WBGene00023451",303.577221347341,-1.02516018318649,0.35581081156246,-2.88119458395527,0.00396170977502921,0.0161923699784079,"WBGene00023451","WBGene00023451",NA
"WBGene00023486",78.662684518667,-2.19680535217615,0.466412430911373,-4.7100060088098,2.47709488387015e-06,2.96029407819031e-05,"WBGene00023486","WBGene00023486",NA
"WBGene00023490",53.6752084998266,-4.66444372324594,0.949157595234318,-4.91429847547543,8.91009211381672e-07,1.21984623163585e-05,"WBGene00023490","WBGene00023490",NA
"WBGene00023491",96.3624301171448,1.34807075863549,0.380126823657883,3.54637103917918,0.000390575856409997,0.00232120611878091,"WBGene00023491","WBGene00023491",NA
"WBGene00023498",215.600235951336,1.0836595002788,0.379790078499481,2.8533117678067,0.00432661513385005,0.0174522644987732,"WBGene00023498","WBGene00023498",NA
"WBGene00043062",85.9762533878064,-1.30791113812789,0.344296419479755,-3.79879390004749,0.0001454019383102,0.00098963328774652,"WBGene00043062","WBGene00043062",NA
"WBGene00043067",11.2852166377656,2.46838442017691,0.719008693870974,3.43303835018699,0.000596857668798997,0.00331812005450955,"WBGene00043067","WBGene00043067",NA
"WBGene00043147",131.458924269338,-4.66063207409208,1.44076346146665,-3.23483500153989,0.0012171304466239,0.00598227148335469,"WBGene00043147","WBGene00043147",NA
"WBGene00043302",51.756949984127,-1.05919299342943,0.371713363891286,-2.84948860148921,0.00437895747996875,0.0176156597976902,"WBGene00043302","WBGene00043302",NA
"WBGene00043743",411.981516301965,-4.89061924364377,1.49452324521884,-3.27236077410602,0.00106653386374793,0.00535627846611005,"WBGene00043743","WBGene00043743",NA
"WBGene00043952",10.7956710184286,-3.69778553556869,0.922102315383532,-4.01016836621938,6.06754666753116e-05,0.000461540417876652,"WBGene00043952","WBGene00043952",NA
"WBGene00043982",48.8529369539885,-1.16906035360623,0.332364825878241,-3.51740094794059,0.000435794964770328,0.00254831620168008,"WBGene00043982","WBGene00043982",NA
"WBGene00043983",50.6935419267981,-1.50616017165147,0.57947055602,-2.5992005219321,0.00934411720534567,0.0326204452773349,"WBGene00043983","WBGene00043983",NA
"WBGene00044003",10.005339099823,-4.59422403256806,1.33699741051784,-3.43622507899148,0.0005898806904282,0.00328444281585129,"WBGene00044003","WBGene00044003",NA
"WBGene00044005",30.4717301482353,-4.43771089976687,0.81433388551168,-5.44949802374793,5.05121845380581e-08,1.00693257127261e-06,"WBGene00044005","WBGene00044005",NA
"WBGene00044019",153.889458012619,-1.17229587548393,0.375279922752095,-3.12379054783151,0.00178537498217654,0.00823438677645993,"WBGene00044019","WBGene00044019",NA
"WBGene00044034",14.563290596276,2.0683207089846,0.712436697504402,2.90316419161132,0.00369412906192551,0.0153177216948365,"WBGene00044034","WBGene00044034",NA
"WBGene00044047",11.5369388656934,3.22526081069832,0.841350143993713,3.83343466893425,0.000126366373097122,0.000875499064797461,"WBGene00044047","WBGene00044047",NA
"WBGene00044062",18.5859024375835,-4.56464020112089,1.01621784485905,-4.49179299912216,7.06260519272705e-06,7.23625921287797e-05,"WBGene00044062","WBGene00044062",NA
"WBGene00044066",70.6611670456799,4.57831966636026,0.776367960225433,5.89710021654019,3.69945193344115e-09,9.63137823035962e-08,"WBGene00044066","WBGene00044066",NA
"WBGene00044068",99.4996263798914,1.65339083824028,0.416215806278637,3.97243644594653,7.11412203490017e-05,0.000529870485903221,"WBGene00044068","WBGene00044068",NA
"WBGene00044070",114.016371200937,-1.39541282267968,0.422311618007456,-3.30422551305477,0.000952391878559147,0.00488780507010624,"WBGene00044070","WBGene00044070",NA
"WBGene00044073",22.0712063602267,1.6859419911818,0.544205779789337,3.09798619161016,0.00194840506819115,0.00889730148231826,"WBGene00044073","WBGene00044073",NA
"WBGene00044122",21.029556643209,-6.03625783985075,1.3274707628837,-4.54718703313512,5.43676801954536e-06,5.76039475933001e-05,"WBGene00044122","WBGene00044122",NA
"WBGene00044174",36.4687749309184,-1.57171001349684,0.59069307272564,-2.66078964875021,0.00779576431408595,0.0281607788583466,"WBGene00044174","WBGene00044174",NA
"WBGene00044177",76.2566879408586,-4.5340146187281,0.886928675530844,-5.11203972068488,3.18698792023304e-07,4.99469499384768e-06,"WBGene00044177","WBGene00044177",NA
"WBGene00044191",204.886338897379,-1.70741732774036,0.39028376782837,-4.37480999335645,1.21538295230019e-05,0.000115655582804439,"WBGene00044191","WBGene00044191",NA
"WBGene00044197",21.9612302867297,6.60450140492257,1.46692134512978,4.50228734270566,6.7226007542825e-06,6.92762311326314e-05,"WBGene00044197","WBGene00044197",NA
"WBGene00044200",65.5044515353792,1.72334585271654,0.452261566732879,3.81050697092376,0.00013868210146287,0.000949321492437165,"WBGene00044200","WBGene00044200",NA
"WBGene00044205",20.5378868138927,-3.48326306923516,0.80695538138803,-4.3165497740949,1.58486956129353e-05,0.000145863107788593,"WBGene00044205","WBGene00044205",NA
"WBGene00044243",10.3591432495751,-4.57021828428983,1.41931028491091,-3.22002759571119,0.00128178257364359,0.00624634105867296,"WBGene00044243","WBGene00044243",NA
"WBGene00044281",64.3726389112337,5.57556529286824,0.914320008652778,6.0980458046452,1.07372983090971e-09,3.16429288107061e-08,"WBGene00044281","WBGene00044281",NA
"WBGene00044283",100.104089088383,-1.10951800980303,0.386309536690862,-2.87209583099396,0.00407759294908079,0.0165976385963408,"WBGene00044283","WBGene00044283",NA
"WBGene00044300",15.3820041544847,-5.60212315027651,1.3495021441024,-4.15125175959069,3.30661785408597e-05,0.000275869142968708,"WBGene00044300","WBGene00044300",NA
"WBGene00044303",15.8200043756108,1.91887010921041,0.54896151844364,3.49545468077725,0.000473254812711672,0.00273412733956666,"WBGene00044303","WBGene00044303",NA
"WBGene00044312",27.9125962900884,-3.70441742032288,0.772161036022639,-4.79746742907948,1.60684327546073e-06,2.05382306290163e-05,"WBGene00044312","WBGene00044312",NA
"WBGene00044314",11.3080875068876,3.4865504074674,0.993445962606365,3.50955214345048,0.000448862037747012,0.00261540363045986,"WBGene00044314","WBGene00044314",NA
"WBGene00044330",41.6829451559163,1.09819606889886,0.325431847206707,3.3745808172281,0.000739282052077033,0.003945690205503,"WBGene00044330","WBGene00044330",NA
"WBGene00044347",24.355211979064,-2.83231585800672,0.748917840985305,-3.78187793507551,0.0001556496860953,0.00104741099969874,"WBGene00044347","WBGene00044347",NA
"WBGene00044355",19.3255922207517,1.63851041670062,0.616059107422546,2.65966430324483,0.00782185688330318,0.0282246403516921,"WBGene00044355","WBGene00044355",NA
"WBGene00044371",19.3950837335844,2.57874750030692,1.06460525842063,2.42225696323589,0.0154244393575395,0.0492761537186662,"WBGene00044371","WBGene00044371",NA
"WBGene00044379",25.6200405898674,-2.65188978134976,1.06648183001531,-2.48657755501722,0.0128978453484443,0.0427327082905226,"WBGene00044379","WBGene00044379",NA
"WBGene00044388",27.2190540946538,-4.86832460886182,1.15517055819083,-4.2143773266576,2.50468244039487e-05,0.000215529356535605,"WBGene00044388","WBGene00044388",NA
"WBGene00044417",22.5193691720883,5.00557892768023,0.91603481585821,5.464398122238,4.64480041744809e-08,9.33729006562385e-07,"WBGene00044417","WBGene00044417",NA
"WBGene00044436",30.4291061971999,2.40629540508542,0.729050694867265,3.30058721845608,0.000964827195225242,0.00493567469626141,"WBGene00044436","WBGene00044436",NA
"WBGene00044447",34.9447554031807,-6.17574097578409,1.20581658415283,-5.12162550834628,3.02913017895574e-07,4.77873704722014e-06,"WBGene00044447","WBGene00044447",NA
"WBGene00044459",40.788962998808,1.54858225826982,0.493031187918277,3.14094178262513,0.00168405504546332,0.00784045562371571,"WBGene00044459","WBGene00044459",NA
"WBGene00044472",10.7233651710514,4.26817247200976,1.11076170199336,3.84256358888693,0.000121755854536893,0.000846428224171115,"WBGene00044472","WBGene00044472",NA
"WBGene00044475",26.0707530874329,-4.55478602819495,0.969405435708917,-4.69853568013478,2.62033416617029e-06,3.11066746155082e-05,"WBGene00044475","WBGene00044475",NA
"WBGene00044479",21.5730557037484,4.27110988058068,0.694003505027775,6.15430592156699,7.54070028796096e-10,2.30790640719114e-08,"WBGene00044479","WBGene00044479",NA
"WBGene00044508",110.085478501458,1.22331095630875,0.355514309636725,3.44096123038975,0.000579651581569932,0.00323504883068295,"WBGene00044508","WBGene00044508",NA
"WBGene00044526",21.5039184175887,2.02117683132137,0.771374814022497,2.62022663247392,0.00878713488196406,0.0310646843601069,"WBGene00044526","WBGene00044526",NA
"WBGene00044529",26.4898346039438,-4.04227799746772,0.928540800937137,-4.35336604852261,1.34063023137025e-05,0.000125980459546187,"WBGene00044529","WBGene00044529",NA
"WBGene00044530",12.7223049772497,1.57788654698617,0.631842103719902,2.49727983889731,0.0125150151138447,0.0416090046574045,"WBGene00044530","WBGene00044530",NA
"WBGene00044553",155.12257695142,-1.64903090895771,0.399399352828275,-4.12877711814101,3.64697708133207e-05,0.000298717727355182,"WBGene00044553","WBGene00044553",NA
"WBGene00044567",21.1761318636435,5.21820316487128,1.18329390216987,4.40989610045515,1.03420227170835e-05,0.000100215953013746,"WBGene00044567","WBGene00044567",NA
"WBGene00044633",48.2789144125424,-5.46379077997955,0.85881297172312,-6.36202637812633,1.99109236491263e-10,7.00952787480201e-09,"WBGene00044633","WBGene00044633",NA
"WBGene00044634",10.3715545261059,-6.99539781634956,1.54078926087948,-4.54013926106713,5.62170849397753e-06,5.92996896711593e-05,"WBGene00044634","WBGene00044634",NA
"WBGene00044674",123.187754949787,-5.34191897977514,0.729020992989474,-7.32752421555063,2.34443318673544e-13,1.3140777858043e-11,"WBGene00044674","WBGene00044674",NA
"WBGene00044676",32.4301775093886,-1.11486613626423,0.398048149884343,-2.80083235304113,0.00509709910502531,0.0199870610447536,"WBGene00044676","WBGene00044676",NA
"WBGene00044684",29.5241216290181,-4.93966399582188,1.08444081603107,-4.5550332694969,5.23772879012758e-06,5.59095277052229e-05,"WBGene00044684","WBGene00044684",NA
"WBGene00044692",50.8477795544054,4.64311181034808,1.03890193709169,4.4692493531642,7.84945810567231e-06,7.90086652847706e-05,"WBGene00044692","WBGene00044692",NA
"WBGene00044693",12.9022229622143,2.98340386968101,1.02781068847529,2.90267838536175,0.00369986380298004,0.0153326046204679,"WBGene00044693","WBGene00044693",NA
"WBGene00044694",24.9663452050538,3.2855839749631,0.994308903201563,3.30438957589929,0.000951834642298716,0.00488669990746248,"WBGene00044694","WBGene00044694",NA
"WBGene00044698",38.918772982005,1.92414570832134,0.478554298562814,4.02074689141839,5.80139118295431e-05,0.000445802603107344,"WBGene00044698","WBGene00044698",NA
"WBGene00044725",23.9179969600027,3.44751120134623,0.633530999250984,5.44174034959959,5.27625428666334e-08,1.04162296297347e-06,"WBGene00044725","WBGene00044725",NA
"WBGene00044733",14.3290986524531,4.45466146639557,0.970981896593031,4.58779044390635,4.47961958519354e-06,4.89130654936373e-05,"WBGene00044733","WBGene00044733",NA
"WBGene00044763",18.2246036606609,-6.6576823765112,1.38351272014214,-4.81215841356861,1.4930892766742e-06,1.91912994887629e-05,"WBGene00044763","WBGene00044763",NA
"WBGene00044777",17.2070809397398,-4.35917903229247,1.20282768203222,-3.62410933619977,0.000289958932745732,0.00179177822124286,"WBGene00044777","WBGene00044777",NA
"WBGene00044797",20.0632861021432,1.78456462809554,0.601799095633212,2.96538270171015,0.00302306603907066,0.012963901259057,"WBGene00044797","WBGene00044797",NA
"WBGene00044798",18.9772270658462,3.74718079369931,0.929572278307974,4.03108061755026,5.55209942575534e-05,0.00042872045971,"WBGene00044798","WBGene00044798",NA
"WBGene00044901",114.539213997272,2.17958820084134,0.427147552920335,5.10265875559832,3.34914586086648e-07,5.19753982512103e-06,"WBGene00044901","WBGene00044901",NA
"WBGene00044949",89.0762429607148,1.34350450253271,0.309678702843551,4.33838197524176,1.43535531389625e-05,0.000133564671233848,"WBGene00044949","WBGene00044949",NA
"WBGene00044976",13.6459627876588,4.66109151906179,0.999345387075747,4.66414472848164,3.09903224190169e-06,3.57501758139636e-05,"WBGene00044976","WBGene00044976",NA
"WBGene00045036",11.2242073531059,-2.99009027678685,0.820551152869883,-3.64400228593792,0.000268431033206072,0.00167614013001939,"WBGene00045036","WBGene00045036",NA
"WBGene00045058",55.6586045150591,3.41558184186458,0.571365310377869,5.97793002099779,2.25990767752382e-09,6.22651355252734e-08,"WBGene00045058","WBGene00045058",NA
"WBGene00045077",19.4404376162771,3.29796713235635,0.80661037720472,4.08867431607481,4.33845465673083e-05,0.000347587065070929,"WBGene00045077","WBGene00045077",NA
"WBGene00045183",13.7539460011629,3.54571453889456,0.838074724205149,4.23078567636961,2.32876479341414e-05,0.000202340639466676,"WBGene00045183","WBGene00045183",NA
"WBGene00045239",78.8986371118568,-1.26054308804054,0.388891354314433,-3.24137596286429,0.00118954188025988,0.00587089851331301,"WBGene00045239","WBGene00045239",NA
"WBGene00045245",224.158782886425,-1.18032318929411,0.345674727754719,-3.41454869136871,0.000638877732439093,0.00351109856584893,"WBGene00045245","WBGene00045245",NA
"WBGene00045247",12.6244488394766,-3.79356623259683,1.23699283480624,-3.06676492042173,0.00216388962705097,0.00970457309050503,"WBGene00045247","WBGene00045247",NA
"WBGene00045261",242.140486931158,2.39657373647516,0.321754258431974,7.44846003951755,9.44360243988099e-14,5.67131973416887e-12,"WBGene00045261","WBGene00045261",NA
"WBGene00045271",104.695756034804,-1.39974141238167,0.447978972410921,-3.1245694521075,0.00178065480332861,0.00821792027897183,"WBGene00045271","WBGene00045271",NA
"WBGene00045272",124.901479306381,2.11841973830787,0.453055257536588,4.67585289667849,2.92734399124149e-06,3.40166891600119e-05,"WBGene00045272","WBGene00045272",NA
"WBGene00045291",31.722877169948,1.29771759885845,0.50166728377225,2.58680930735679,0.00968691851916374,0.0336219345299678,"WBGene00045291","WBGene00045291",NA
"WBGene00045306",12.981049667653,-3.98455060746908,1.20947566227866,-3.29444463558876,0.000986163693079216,0.00502259065431251,"WBGene00045306","WBGene00045306",NA
"WBGene00045322",13.4587969116544,-2.81949318382456,1.03143742525037,-2.7335571841793,0.0062654242744383,0.0235786490664946,"WBGene00045322","WBGene00045322",NA
"WBGene00045355",115.018117001773,-5.12901304237565,1.44392493782279,-3.55213273766805,0.000382122041638786,0.00227949513403304,"WBGene00045355","WBGene00045355",NA
"WBGene00045379",15.1647627318312,2.42551422245251,0.709318449898054,3.41949969410935,0.000627364030566132,0.00345812344345612,"WBGene00045379","WBGene00045379",NA
"WBGene00045387",32.4498435247185,-2.57247121109883,0.658341034307316,-3.90750549797567,9.32539201669429e-05,0.000669788080877445,"WBGene00045387","WBGene00045387",NA
"WBGene00045416",63.30980621546,-2.10143630205315,0.374976774903721,-5.60417722562342,2.09246525283732e-08,4.59410228245835e-07,"WBGene00045416","WBGene00045416",NA
"WBGene00045457",48.7607617287119,1.6608286749396,0.457542381013011,3.62989035302584,0.000283541638931246,0.00175515835653716,"WBGene00045457","WBGene00045457",NA
"WBGene00045468",10.3665446313292,-2.77965004186227,0.962306082259135,-2.88853005619241,0.00387047037410599,0.0159058749445362,"WBGene00045468","WBGene00045468",NA
"WBGene00045474",20.4343157920718,2.35498255115188,0.864227299013699,2.72495737387549,0.0064309789152438,0.024100152500152,"WBGene00045474","WBGene00045474",NA
"WBGene00045484",25.8745187199396,-2.0837293898963,0.683104533692815,-3.0503814381553,0.00228550897482645,0.0101733976260338,"WBGene00045484","WBGene00045484",NA
"WBGene00050903",17.5668598027616,3.2475961333298,0.717909774204164,4.52368284988167,6.07727690367322e-06,6.35889595784783e-05,"WBGene00050903","WBGene00050903",NA
"WBGene00050904",53.5068531203801,-2.52940103726335,0.484905809717269,-5.21627290615088,1.82559148869103e-07,3.09160890377499e-06,"WBGene00050904","WBGene00050904",NA
"WBGene00050913",19.1167318510067,-2.98613903668702,0.931779828918622,-3.20476892073591,0.00135170953168754,0.0065312289058973,"WBGene00050913","WBGene00050913",NA
"WBGene00050915",15.6772378297627,-6.60116491439377,1.48685130940641,-4.43969405187471,9.00868539123249e-06,8.9169764748536e-05,"WBGene00050915","WBGene00050915",NA
"WBGene00050943",61.5486094459081,-2.00750909489664,0.409217839532965,-4.90572233406975,9.30841307661962e-07,1.26816519631391e-05,"WBGene00050943","WBGene00050943",NA
"WBGene00050945",13.4746333346085,-2.5415996412075,0.822146958652905,-3.09141767716557,0.00199203210241909,0.00905601617044404,"WBGene00050945","WBGene00050945",NA
"WBGene00050956",44.6814011191907,-5.55918385101338,0.874574361148176,-6.35644502968857,2.06476281738347e-10,7.24299367128204e-09,"WBGene00050956","WBGene00050956",NA
"WBGene00077490",27.7875243430202,5.35064815623335,0.694019481034811,7.70965124531564,1.26162026150482e-14,8.58682780842304e-13,"WBGene00077490","WBGene00077490",NA
"WBGene00077519",40.6424676052187,-5.75921857902502,0.967753759337319,-5.95111982098495,2.6631402091912e-09,7.21921867451936e-08,"WBGene00077519","WBGene00077519",NA
"WBGene00077563",11.1627467305457,-5.1579606150889,1.5109857893293,-3.4136393945693,0.000641013575617895,0.00352114029066356,"WBGene00077563","WBGene00077563",NA
"WBGene00077569",17.0330167729142,-4.71975573399001,0.995675751895925,-4.74025376735634,2.13450710591335e-06,2.61759449106379e-05,"WBGene00077569","WBGene00077569",NA
"WBGene00077663",9.79189588310738,3.02376744234762,1.03958423257314,2.90863149671221,0.00363014475278183,0.0150874262726114,"WBGene00077663","WBGene00077663",NA
"WBGene00077764",338.660477026304,-1.10982648823957,0.395939423549998,-2.80302092246549,0.00506263849437796,0.0198792010989407,"WBGene00077764","WBGene00077764",NA
"WBGene00086554",37.3217850074723,-5.30844758119028,1.04409190467936,-5.08427233024136,3.69038128698145e-07,5.62930840286295e-06,"WBGene00086554","WBGene00086554",NA
"WBGene00086555",10.4285677016006,4.11686343386766,1.07877083112549,3.81625393928432,0.000135493061917999,0.000930164425549454,"WBGene00086555","WBGene00086555",NA
"WBGene00164968",31.2401439317369,-1.54274584845348,0.427440101142155,-3.60926792860832,0.000307062337413453,0.00188443194016766,"WBGene00164968","WBGene00164968",NA
"WBGene00164985",33.8367050595804,1.1659384665361,0.475915963730419,2.44988307893059,0.014290260944384,0.046336365625699,"WBGene00164985","WBGene00164985",NA
"WBGene00175035",19.8610477836104,-3.85018661375866,0.945219839423132,-4.07332395404272,4.63468871875535e-05,0.000368156042707436,"WBGene00175035","WBGene00175035",NA
"WBGene00185092",25.4201581116114,-1.27847022019484,0.479201728433825,-2.66791654607188,0.00763232134752517,0.0276594241937569,"WBGene00185092","WBGene00185092",NA
"WBGene00189952",20.9570705795247,-2.1884834321726,0.792713359393999,-2.76075003182186,0.00576687963488903,0.022062636675982,"WBGene00189952","WBGene00189952",NA
"WBGene00194650",39.742877366178,1.2305842078891,0.340572889994104,3.61327705182407,0.000302351338075531,0.00185951276898174,"WBGene00194650","WBGene00194650",NA
"WBGene00194651",93.9079890689813,1.52787712536755,0.385249049154908,3.96594651880164,7.31052545284731e-05,0.000542339322723869,"WBGene00194651","WBGene00194651",NA
"WBGene00194658",15.5499303710575,8.23834846766478,1.31468814179407,6.26638988043388,3.69514479021161e-10,1.21413113762056e-08,"WBGene00194658","WBGene00194658",NA
"WBGene00194700",52.9007851774105,-5.65860453911935,0.845870211349417,-6.68968414207681,2.23652796933066e-11,9.21230382295191e-10,"WBGene00194700","WBGene00194700",NA
"WBGene00194703",294.041128654605,-4.94187090023412,1.50412210092191,-3.2855516830749,0.00101782867708073,0.00515332103489723,"WBGene00194703","WBGene00194703",NA
"WBGene00194708",20.149653075962,-2.2514826604221,0.838112322145676,-2.68637341431518,0.00722323125769641,0.0264315525771262,"WBGene00194708","WBGene00194708",NA
"WBGene00194713",24.919881780499,-1.74985937964428,0.606775461063378,-2.88386642495007,0.00392825338529447,0.0160786155887783,"WBGene00194713","WBGene00194713",NA
"WBGene00194717",28.6867633924354,-1.93560206638547,0.756082341401099,-2.56004136110175,0.0104659706284167,0.0358385525136463,"WBGene00194717","WBGene00194717",NA
"WBGene00194769",38.3223208108802,-1.35764476288503,0.553996668642946,-2.45063705204342,0.014260366331902,0.0462827128078911,"WBGene00194769","WBGene00194769",NA
"WBGene00194816",22.4730511445188,-5.24008779658776,1.20439751186857,-4.35079593319483,1.35644248755336e-05,0.000127048705600263,"WBGene00194816","WBGene00194816",NA
"WBGene00194894",14.6313203993607,-4.5811642770486,1.30635815676727,-3.50682104545142,0.000453494018456179,0.00263487398609519,"WBGene00194894","WBGene00194894",NA
"WBGene00194912",18.1003621463598,-6.61595363145884,1.44761581932848,-4.57024131894872,4.87162916599889e-06,5.26703446820137e-05,"WBGene00194912","WBGene00194912",NA
"WBGene00195183",36.1346898021842,-1.18213935882272,0.349473022848977,-3.38263408484487,0.00071794221010568,0.00385048705780131,"WBGene00195183","WBGene00195183",NA
"WBGene00206354",33.0054229075187,-1.82266708052688,0.634922682001935,-2.87069139628142,0.00409575163050132,0.0166566354751163,"WBGene00206354","WBGene00206354",NA
"WBGene00206361",14.3588173247513,-3.2335815261767,0.994715984657317,-3.2507585844121,0.00115097546825739,0.00570023990568362,"WBGene00206361","WBGene00206361",NA
"WBGene00206519",16.0947809543187,5.00385377476844,1.18216780382539,4.2327779174635,2.30822408890989e-05,0.000200800042013323,"WBGene00206519","WBGene00206519",NA
"WBGene00206522",15.2789858552344,-1.34378993270644,0.552807088213598,-2.43084786964095,0.0150635379209337,0.0483827297761584,"WBGene00206522","WBGene00206522",NA
"WBGene00219216",32.6582461310078,-1.63098112769049,0.587030606360887,-2.7783579084594,0.00546344026072985,0.0211222482138523,"WBGene00219216","WBGene00219216",NA
"WBGene00219217",21.3624563135717,4.57199199621946,0.940849876293541,4.85942774869751,1.17725534536579e-06,1.56817433842621e-05,"WBGene00219217","WBGene00219217",NA
"WBGene00219286",21.0761393294632,-1.96579187439593,0.785047325171236,-2.50404250975207,0.0122783280906093,0.0409271201929624,"WBGene00219286","WBGene00219286",NA
"WBGene00219308",22.6113766639256,-2.25919515349337,0.68315625024057,-3.30699624382827,0.000943021564956845,0.0048501645296611,"WBGene00219308","WBGene00219308",NA
"WBGene00219313",416.624212793078,2.83502371643697,0.511292228669838,5.54482066706252,2.94255599375672e-08,6.25862393136381e-07,"WBGene00219313","WBGene00219313",NA
"WBGene00219326",28.7265454708332,-6.46734148131991,1.29122039583524,-5.00870455747134,5.47976144740239e-07,7.96767348603482e-06,"WBGene00219326","WBGene00219326",NA
"WBGene00219451",191.750091707765,1.07539833643013,0.354165934634054,3.03642510830777,0.00239401572623783,0.0105904261142424,"WBGene00219451","WBGene00219451",NA
"WBGene00219758",24.6891414509695,1.16724031152493,0.444467380846825,2.62615517318962,0.00863554399175153,0.0306652994469825,"WBGene00219758","WBGene00219758",NA
"WBGene00219796",32.0139932202182,3.86230612963227,0.605199804730761,6.38186942467788,1.749391030924e-10,6.2510115012492e-09,"WBGene00219796","WBGene00219796",NA
"WBGene00220259",16.7119793392574,-2.71375598938592,0.824982796305296,-3.28946979444849,0.001003763296274,0.00509836133391765,"WBGene00220259","WBGene00220259",NA
"WBGene00235094",22.6952870109026,2.97426389080358,0.689208018928358,4.31548068089548,1.59255980167366e-05,0.000146476558850203,"WBGene00235094","WBGene00235094",NA
"WBGene00235158",21.4971488782048,1.59776075460177,0.636607737494318,2.50980417060361,0.0120798130845174,0.0403468386310283,"WBGene00235158","WBGene00235158",NA
"WBGene00235267",38.6948387904915,3.47884262165035,0.590636134798261,5.88999286817863,3.86212285775924e-09,9.98215587811082e-08,"WBGene00235267","WBGene00235267",NA
"WBGene00235272",19.106181158551,3.60400315712238,0.896066866873237,4.02202479564756,5.76999819644291e-05,0.000443867514648862,"WBGene00235272","WBGene00235272",NA
"WBGene00235293",12.1363319936454,-3.1227244090663,0.861569331324754,-3.6244609638841,0.000289564749668136,0.00179011633521049,"WBGene00235293","WBGene00235293",NA
"WBGene00235300",13.3887348193393,-7.02009984606369,1.45254438103289,-4.83296754146112,1.34512725458078e-06,1.75258922969217e-05,"WBGene00235300","WBGene00235300",NA
"WBGene00235352",26.741802165758,-1.83635218617545,0.645929927589015,-2.84295882222052,0.00446968447773581,0.0179100645473165,"WBGene00235352","WBGene00235352",NA
"WBGene00235355",10.4208339854028,3.95712822571783,1.35818875431121,2.91353334590423,0.00357363668064067,0.014887201712736,"WBGene00235355","WBGene00235355",NA
"WBGene00235383",15.3198321797697,-5.09033112011999,1.1905264853484,-4.2756975025468,1.90539796073284e-05,0.000169999082726308,"WBGene00235383","WBGene00235383",NA
"WBGene00255375",220.000559041249,-4.39082352715793,1.25588807774641,-3.4961901501899,0.000471952253866868,0.00272781497023772,"WBGene00255375","WBGene00255375",NA
"WBGene00255598",22.9367261811763,-2.22716380265906,0.835258225834523,-2.66643743667876,0.00766598733578365,0.0277710409530457,"WBGene00255598","WBGene00255598",NA
"WBGene00255600",21.6844222782288,-1.08291925222751,0.440137835649591,-2.46040936387404,0.0138778620336583,0.0453075107462489,"WBGene00255600","WBGene00255600",NA
"WBGene00269337",12.7904463380837,-4.0188947190685,1.20975296365711,-3.32207883741759,0.00089349444686226,0.004637151826072,"WBGene00269337","WBGene00269337",NA
"WBGene00269379",10.8805208873833,-4.29528435295078,1.21559176468366,-3.53349247481004,0.000410107764549587,0.00241818080804754,"WBGene00269379","WBGene00269379",NA
"WBGene00269388",20.2470082331401,4.41895701803448,1.14289393800683,3.8664629070839,0.000110425250047239,0.000780181956957581,"WBGene00269388","WBGene00269388",NA
"WBGene00269394",12.5074112354804,-6.1780479968926,1.3855907384737,-4.45878268766291,8.2426436320295e-06,8.25014743925753e-05,"WBGene00269394","WBGene00269394",NA
"WBGene00269419",10.9165928605832,3.3687940533647,1.16795587654215,2.88435044595893,0.00392222007218499,0.0160677247038521,"WBGene00269419","WBGene00269419",NA
"WBGene00270321",34.4616118335741,-1.5530908477208,0.555720376636428,-2.79473438984025,0.0051942371802243,0.0203122385819277,"WBGene00270321","WBGene00270321",NA
"WBGene00271819",22.5194392044327,-5.46614165415012,1.19007801257464,-4.5930952394663,4.36719628273762e-06,4.79050932226928e-05,"WBGene00271819","WBGene00271819",NA
"WBGene00271824",27.4198372552094,4.38875737813082,0.889774600430927,4.93243724422489,8.12098751106502e-07,1.12692499510342e-05,"WBGene00271824","WBGene00271824",NA
"WBGene00284850",10.3408682163867,-4.07966919335738,1.15683451773836,-3.52657975778009,0.000420964351826374,0.00247606727598945,"WBGene00284850","WBGene00284850",NA
"WBGene00302974",60.1811602669857,2.43536406777477,0.633570122718737,3.84387454592128,0.000121106933381893,0.000842837673637493,"WBGene00302974","WBGene00302974",NA
"WBGene00302993",13.7078919448493,3.18896649850289,0.884284777310498,3.6062664204194,0.000310634214799787,0.00190515720006624,"WBGene00302993","WBGene00302993",NA
"WBGene00303024",230.210068355886,-1.12322315636949,0.30797136108329,-3.64716755616027,0.000265147031277179,0.00165925854555373,"WBGene00303024","WBGene00303024",NA
"WBGene00303233",16.171561801135,-4.13425611668867,0.898305769906628,-4.60228160074981,4.1788766813306e-06,4.6086947844335e-05,"WBGene00303233","WBGene00303233",NA
"WBGene00304173",15.5473285341914,5.12476189828745,1.27786111509585,4.01042166300133,6.06104077913458e-05,0.000461540417876652,"WBGene00304173","WBGene00304173",NA
