"","baseMean","log2FoldChange","lfcSE","stat","pvalue","padj","sgd","systematic","genename"
"S000178119",3025.55250290627,3.60438461522179,0.334379293730185,10.7793295900978,4.31015573353965e-27,1.60046566548922e-24,"S000178119","S000178119","IRT1"
"S000007273",73.645069656284,1.97521325764604,0.65202235225644,3.02936433208227,0.00245068945450969,0.025411337672082,"S000007273","S000007273","BI4"
"S000000005",190.761599810697,-1.51821777718627,0.331676418128029,-4.57740645462539,4.70776196668229e-06,0.000120897087215417,"S000000005","S000000005","ERP2"
"S000000010",721.050383307748,-1.19610384618986,0.336093790174388,-3.55883947028369,0.000372497108664164,0.00527601832570819,"S000000010","S000000010","CYS3"
"S000000022",155.654353730212,-1.17572605969374,0.304383328839122,-3.8626493250396,0.000112163961509442,0.00190720379601266,"S000000022","S000000022","LTE1"
"S000000031",104.968612771411,-1.35329601268187,0.297347757762986,-4.55122319691603,5.33349319169981e-06,0.000135447066470913,"S000000031","S000000031","POP5"
"S000000032",49.8920799486859,-1.77349271435718,0.406197809127594,-4.36608143743112,1.26495334021268e-05,0.00027673875702519,"S000000032","S000000032","MTW1"
"S000000035",171.020723532758,2.24151130891612,0.376897101769327,5.94727658661593,2.72640508638302e-09,1.36211198115696e-07,"S000000035","S000000035",NA
"S000000038",381.988597851087,-2.43660269315741,0.383630294942794,-6.35143450681012,2.13316233348923e-10,1.27980424889994e-08,"S000000038","S000000038","CLN3"
"S000000044",106.210696821778,-1.06406556191411,0.348964841202016,-3.04920563988313,0.00229447364563448,0.0241114199542724,"S000000044","S000000044","BOL3"
"S000000057",7774.6496138456,2.97842202650238,0.345279151864275,8.62612761419536,6.34642036564205e-18,1.0453741342776e-15,"S000000057","S000000057","BDH2"
"S000000066",116.068032730536,-2.14225878245356,0.326085033224028,-6.56963234795809,5.04396454607658e-11,3.25347553514301e-09,"S000000066","S000000066","SEN34"
"S000000070",744.464359868919,-1.68095474612474,0.25583451879142,-6.57047670527686,5.01544304658601e-11,3.25033830269081e-09,"S000000070","S000000070","ADE1"
"S000000071",67.1075730299033,-2.21791338153351,0.285734311785405,-7.76215277638491,8.34997331869592e-15,9.88843037014395e-13,"S000000071","S000000071","KIN3"
"S000000076",240.786997665136,2.19062288039112,0.383671627211085,5.70962960257132,1.1322231056452e-08,5.16797782340842e-07,"S000000076","S000000076",NA
"S000001821",15.976648006452,1.86599950561617,0.498241285662113,3.74517238798557,0.000180269949871498,0.00286990595745598,"S000001821","S000001821",NA
"S000000094",182.590931748067,-1.08178425777567,0.296281229885972,-3.65120753073698,0.000261010217643794,0.00393414970086214,"S000000094","S000000094","PHO11"
"S000000098",448.690794026491,-1.95950316802424,0.456955238556093,-4.28817311344533,1.80148671315393e-05,0.000375317796869838,"S000000098","S000000098","HTB2"
"S000000099",362.75963214449,-1.44932347306273,0.446350164770795,-3.247054862872,0.00116605909862539,0.0136927230393284,"S000000099","S000000099","HTA2"
"S000000105",148.847437304234,-2.56893542396155,0.350119338012913,-7.33731372434733,2.17923385005526e-13,2.10848548351473e-11,"S000000105","S000000105","ALK2"
"S000000120",414.186720353681,-1.25804369004306,0.343995579487194,-3.65715074571154,0.000255034407078685,0.00386215725319318,"S000000120","S000000120","NCL1"
"S000000127",64.3732977956819,-3.62606859579835,0.591572006515063,-6.12954730085934,8.81294717705172e-10,4.71132611928068e-08,"S000000127","S000000127","SHE1"
"S000000128",254.777161354161,-1.21556609784688,0.219046739183341,-5.54934578062566,2.86740560281154e-08,1.22345607382074e-06,"S000000128","S000000128","HEK2"
"S000000135",354.347930117764,-2.28458479810125,0.478784864580982,-4.77163120037358,1.82739883565462e-06,5.12380257205281e-05,"S000000135","S000000135","URA7"
"S000000138",356.004309010949,-1.51207183074183,0.385448299560418,-3.92289142919104,8.74925847903728e-05,0.00153913011835459,"S000000138","S000000138","FUI1"
"S000000145",1257.76394894312,1.12998027287263,0.220366926260555,5.12772171417672,2.93269508428604e-07,1.00730744407515e-05,"S000000145","S000000145","MOH1"
"S000000159",178.925226821718,-1.33458261766739,0.251321528354187,-5.31025983490983,1.09469052355149e-07,4.08839888698798e-06,"S000000159","S000000159","KIP1"
"S000000164",296.298106086671,-1.40436895534714,0.483772885370375,-2.90295094623164,0.00369664533924996,0.0356909418945574,"S000000164","S000000164","PRS4"
"S000000165",462.992508403384,2.56269404291199,0.296813966175179,8.63400761067791,5.92390560589974e-18,9.92543159993372e-16,"S000000165","S000000165","AST1"
"S000000166",14.2941074367222,2.10947777937392,0.547904259836575,3.85008464800605,0.00011807700972053,0.00198904684597374,"S000000166","S000000166",NA
"S000000171",30395.2312477929,1.78013169214255,0.240946262125532,7.38808594264518,1.48957457835839e-13,1.47232123252272e-11,"S000000171","S000000171","SSA3"
"S000000177",108.524120181963,-1.94796893829874,0.362354998573263,-5.37585778026706,7.62189381849553e-08,2.9833959878151e-06,"S000000177","S000000177",NA
"S000000197",1827.50183865539,1.80339363778078,0.24837329154644,7.26081949694493,3.84752099422179e-13,3.50073449931213e-11,"S000000197","S000000197","ECM21"
"S000000205",1587.61894324813,1.32482434184544,0.191775448088915,6.90820621225296,4.90820180201312e-12,3.83146503169649e-10,"S000000205","S000000205","NTH2"
"S000000210",3128.13823108519,2.23288593434422,0.306366063551923,7.28829397243534,3.13904456711908e-13,2.93383219779925e-11,"S000000210","S000000210","UGA2"
"S000000233",424.84506435772,-2.9231837040262,0.280861472902815,-10.4079198681611,2.28152341003349e-25,6.53038544384378e-23,"S000000233","S000000233","CDS1"
"S000000234",167.369180835342,-2.01160550361444,0.473667723835799,-4.24687054318225,2.16777128801827e-05,0.000443199549495284,"S000000234","S000000234","RKM3"
"S000000242",276.412079865418,-1.52435185712124,0.242065455175712,-6.29727135586005,3.02930713028965e-10,1.77861754970297e-08,"S000000242","S000000242","CHS2"
"S000000251",370.185058884605,1.43050635595411,0.249241409523975,5.73944096483096,9.49895881073124e-09,4.37940252015559e-07,"S000000251","S000000251","FMP23"
"S000000255",72.9902188218211,-1.10131385440782,0.301664694129094,-3.65078803002555,0.000261436941391238,0.00393415349153803,"S000000255","S000000255",NA
"S000000256",661.395535165293,-1.19054089570717,0.329484161622964,-3.61334787639816,0.000302268725949055,0.00445586912640995,"S000000256","S000000256","RFS1"
"S000000258",21188.255840435,2.4630366209353,0.79482467787125,3.09884266242458,0.00194278163046903,0.0211504570689493,"S000000258","S000000258","YRO2"
"S000028736",19.0323943075171,-1.95899700125551,0.703657414094935,-2.78402097670673,0.00536895617580721,0.0474672386740124,"S000028736","S000028736",NA
"S000000270",161.018338358451,-3.13294706651613,0.447534403264381,-7.0004608442702,2.55121928641776e-12,2.12431525915719e-10,"S000000270","S000000270","NRG2"
"S000000273",1260.60842414952,-2.9057870637357,0.509450004194621,-5.70377277418889,1.17184268825596e-08,5.3135137603791e-07,"S000000273","S000000273","TAT1"
"S000000282",2938.11788530029,-3.53969198845652,0.376398318311848,-9.40411212338059,5.24713289689317e-21,1.14429141064151e-18,"S000000282","S000000282","ECM33"
"S000000288",450.445828304473,-2.12038238881103,0.444869182255326,-4.76630540704452,1.87634775262354e-06,5.23966296205179e-05,"S000000288","S000000288","MIS1"
"S000000292",501.85720144241,-2.23626099651787,0.304662729091021,-7.34012001792896,2.13402403793034e-13,2.07938696859042e-11,"S000000292","S000000292","POL30"
"S000000293",371.322132900237,-2.24032672669549,0.305588198367526,-7.33119517921004,2.28109161365279e-13,2.19160263496333e-11,"S000000293","S000000293",NA
"S000000296",240.497793857219,-2.55331004338228,0.367933868917122,-6.93958958140225,3.93240698401031e-12,3.10501951455849e-10,"S000000296","S000000296","PHO3"
"S000000297",2663.0428211795,-5.54143214129518,0.269119898798423,-20.5909416807779,3.3087539478153e-94,2.27294852445172e-90,"S000000297","S000000297","PHO5"
"S000000309",874.506648463595,1.54731513444775,0.317450869681174,4.87418773179536,1.09257055574418e-06,3.26322323160202e-05,"S000000309","S000000309","VID24"
"S000000312",1049.67972332242,1.48121970521762,0.273200920473668,5.42172296729281,5.90273114209707e-08,2.35748904538581e-06,"S000000312","S000000312","AIM3"
"S000000318",1166.44625288417,1.08783540495695,0.26749660673545,4.06672599788454,4.76782464668879e-05,0.000894879000284935,"S000000318","S000000318","RAD16"
"S000000342",118.174247017727,-1.09892182527603,0.266968783827791,-4.11629333407346,3.85014242688978e-05,0.000736384088960114,"S000000342","S000000342",NA
"S000000351",1124.55432160733,1.04275524936845,0.179734627567456,5.80163802312989,6.56702081947143e-09,3.12194806362346e-07,"S000000351","S000000351","RTC2"
"S000000362",566.575458409986,-1.66746976869616,0.265958324057039,-6.26966565009089,3.61824189579598e-10,2.07995922202264e-08,"S000000362","S000000362","AMN1"
"S000000364",274.221324792687,-2.06116774521229,0.306599186902491,-6.72267844554923,1.78414029563648e-11,1.27006753998703e-09,"S000000364","S000000364","CDC28"
"S000000366",1861.84962739883,-2.91847663571158,0.2438890511844,-11.9664110444424,5.32839924379992e-33,3.18290770480726e-30,"S000000366","S000000366","TOS1"
"S000002158",22.9700205824171,-1.6556211308842,0.54299170543996,-3.04907259963157,0.00229549001384295,0.0241114199542724,"S000002158","S000002158","YSY6"
"S000000373",9942.91989228909,2.49583381942176,0.218020628464812,11.4476957386837,2.414793528683e-30,1.14402925139916e-27,"S000000373","S000000373","SSE2"
"S000000387",884.260291736108,1.48738399721699,0.222644442823831,6.68053501965863,2.38071480925266e-11,1.66033709463565e-09,"S000000387","S000000387","YPC1"
"S000000388",73.6857730804662,-1.09045830486074,0.327566837777695,-3.32896428789528,0.000871695808139752,0.010750654136474,"S000000388","S000000388",NA
"S000000422",2738.95686200187,1.50886265272249,0.136852564808621,11.0254612679896,2.88038009127245e-28,1.09926505761089e-25,"S000000422","S000000422","PYC2"
"S000000424",348.64827803927,-1.16426517325495,0.240525573230317,-4.84050472313023,1.29509777948001e-06,3.77778097500548e-05,"S000000424","S000000424",NA
"S000000430",87.2904399404965,1.07466237564863,0.278752498489664,3.8552564783145,0.000115608361378605,0.00195849000768746,"S000000430","S000000430",NA
"S000000437",102.020869085571,-1.42303380929675,0.405158873123319,-3.51228592953366,0.000444269748230326,0.00609772434658986,"S000000437","S000000437","PBP2"
"S000000444",498.379363848321,2.73895181506295,0.238796947078323,11.4697941015327,1.87103936135356e-30,9.18078920915593e-28,"S000000444","S000000444","THI2"
"S000000456",121.507216710241,-1.65902311889836,0.350619421992232,-4.73169201372741,2.2265606196435e-06,6.13040407881404e-05,"S000000456","S000000456","DUT1"
"S000000460",1738.47838055105,1.14199672387198,0.252876000343958,4.51603442920108,6.30084245837965e-06,0.00015486095623556,"S000000460","S000000460","RIB5"
"S000000465",159.953036044581,-1.03039033248173,0.31110305942511,-3.31205464319699,0.000926134544443322,0.0113103666720949,"S000000465","S000000465","TAE1"
"S000000469",382.394312694012,-1.31929314597959,0.241531138827296,-5.4622072846803,4.70250524652747e-08,1.92858864424003e-06,"S000000469","S000000469","TSC10"
"S000000489",266.761948058448,1.0673862499032,0.242268242366813,4.40580341639287,1.05392512901798e-05,0.000236986535966908,"S000000489","S000000489",NA
"S000000500",3812.18127887185,-6.80249003548859,0.724542902288043,-9.38866423783453,6.07659723712949e-21,1.30447452251441e-18,"S000000500","S000000500","PHO89"
"S000000502",1090.14124203975,1.09383174115114,0.233036018660898,4.69383122590517,2.68135277477186e-06,7.28045568628271e-05,"S000000502","S000000502","MAL31"
"S000029705",574.880005812332,1.79494133900906,0.174727183026694,10.2728225105926,9.34304047485924e-25,2.61967414457329e-22,"S000029705","S000029705",NA
"S000007548",74.545205573672,-1.8284731375163,0.33674997290658,-5.42976476503995,5.64283803267161e-08,2.26026098340744e-06,"S000007548","S000007548","HBN1"
"S000000541",183.353274415634,-1.74107458377092,0.55294883798213,-3.1487082785536,0.00163993813700902,0.0184378969430171,"S000000541","S000000541","GFD2"
"S000000554",349.925182909152,1.02810689984233,0.292789882285402,3.51141539392459,0.000445727317456898,0.0061055310214759,"S000000554","S000000554",NA
"S000000568",77.940404113112,-1.64606664821913,0.364373219141831,-4.51752917543153,6.25654095851258e-06,0.000154047699335133,"S000000568","S000000568","VAC17"
"S000000595",391.92470565886,-1.14118479069075,0.2754378671541,-4.14316594330979,3.42543896154098e-05,0.000666602066467585,"S000000595","S000000595","CDC10"
"S000000598",22672.8974794328,-1.51833900886171,0.528075932741504,-2.87522856983703,0.00403735110608394,0.0380464417430768,"S000000598","S000000598","CIT2"
"S000000608",105.884225537766,-1.11577128440114,0.358546938887502,-3.11192528337614,0.00185871535679595,0.0203643463213872,"S000000608","S000000608","CTO1"
"S000000613",196.319563060329,1.71999084823799,0.256622313572989,6.702421252035,2.04994054472347e-11,1.44431452020286e-09,"S000000613","S000000613","PET18"
"S000000615",45666.4335913276,3.1943875907983,0.599762977972345,5.32608331644238,1.00353113779076e-07,3.82986508391869e-06,"S000000615","S000000615","HSP30"
"S000000617",943.846626261606,1.56283731239507,0.208185895777134,7.5069317571259,6.05292605069402e-14,6.54812212680985e-12,"S000000617","S000000617",NA
"S000007222",355.979928123193,-1.27157047998649,0.205388401684578,-6.19105299791605,5.97636089915309e-10,3.31085574167195e-08,"S000007222","S000007222","RIM1"
"S000000630",375.572201104742,-3.14902857337218,0.395365141415714,-7.9648614495861,1.65409003033419e-15,2.08491219511573e-13,"S000000630","S000000630","ELO2"
"S000000639",49.3739013532462,-1.46656901149547,0.494858534993183,-2.96361264440083,0.00304050756028897,0.0306033211507767,"S000000639","S000000639",NA
"S000000641",148.565147685853,-1.010615261422,0.263085821598751,-3.84139006534285,0.000122339525744799,0.00204978383439975,"S000000641","S000000641","RRT12"
"S000000657",867.634255617328,1.34125897227609,0.32181704986961,4.16776852817315,3.07596051621663e-05,0.000603723164747146,"S000000657","S000000657",NA
"S000000663",466.61722134852,-1.49882402949527,0.289426313280801,-5.17860319093071,2.23553406416715e-07,7.89563046467672e-06,"S000000663","S000000663","SED4"
"S000000668",120.023531524869,-1.81259117178518,0.654718383009245,-2.76850508374924,0.00563141070706337,0.0492532988823717,"S000000668","S000000668","RSA4"
"S000000671",119.569930429341,-1.1924505510715,0.267650312352572,-4.45525559297948,8.37933063628564e-06,0.000198147372826038,"S000000671","S000000671","ERS1"
"S000000682",67.4243323378204,-1.10819530243786,0.34196482981713,-3.24067040177926,0.00119248976112642,0.0139278135617549,"S000000682","S000000682","CSM1"
"S000007223",120.394073086649,-1.86917675071704,0.487304769669938,-3.83574482963315,0.000125184329515044,0.00209234489441263,"S000007223","S000007223",NA
"S000000683",158.490659011399,-1.89279164155231,0.416686643788456,-4.54248214999961,5.55957053947833e-06,0.000139895493849621,"S000000683","S000000683",NA
"S000000695",558.461679940919,-4.49342026264034,0.372438197238803,-12.0648749133516,1.61908190319271e-33,1.01111664854385e-30,"S000000695","S000000695","GIT1"
"S000002161",388.249179450888,-3.27327717350437,0.379496340651449,-8.62531946391213,6.39139873930554e-18,1.0453741342776e-15,"S000002161","S000002161","MCD1"
"S000002172",751.015709051367,-1.49610949832467,0.526611159011391,-2.84101366392107,0.00449703855242083,0.0413552962996719,"S000002172","S000002172","NOP1"
"S000002176",185.411204075112,-1.31293609818277,0.278652238471255,-4.71173712935456,2.45614076369955e-06,6.722095209655e-05,"S000002176","S000002176","ERP3"
"S000002182",341.762418113939,1.36410046441436,0.257268964503189,5.30223483057341,1.14393558061383e-07,4.23626170944835e-06,"S000002182","S000002182","DIA3"
"S000002195",94.577696219353,1.66019205819652,0.361243200165414,4.59577386490961,4.31146093480025e-06,0.000112187806407615,"S000002195","S000002195","BSC1"
"S000002197",290.167340308001,1.43508970477432,0.206792065822652,6.93977159648415,3.92734387480347e-12,3.10501951455849e-10,"S000002197","S000002197","PRM7"
"S000002198",626.789241876501,-1.01680366472633,0.27260116521424,-3.73000483665288,0.000191476094895745,0.0030065029345973,"S000002198","S000002198","NAT1"
"S000002199",25.3180302029781,-1.42948903732427,0.489293576931632,-2.92153648590407,0.00348309476082576,0.0340115415202453,"S000002199","S000002199",NA
"S000002200",322.300782552348,-1.55269462047506,0.204628163514308,-7.58788327964686,3.25173619834357e-14,3.60287126040664e-12,"S000002200","S000002200","SIR2"
"S000002201",159.112970347332,-1.61322744477398,0.359413517358826,-4.48849964416721,7.17265440590373e-06,0.000173189980461707,"S000002201","S000002201","PRP11"
"S000002206",5399.83921144317,1.961319332763,0.360869152602984,5.4349874978668,5.48002746348634e-08,2.20792074254659e-06,"S000002206","S000002206","STP4"
"S000002207",391.72121155553,-1.73129207090307,0.320627456281047,-5.39969998509892,6.67524345407202e-08,2.63537844297401e-06,"S000002207","S000002207","KNH1"
"S000002213",5518.42374805716,-1.17008165417301,0.296796339484472,-3.94237225501303,8.06796243995297e-05,0.00143768788537631,"S000002213","S000002213","PSA1"
"S000002228",3486.87259435522,1.67706096627702,0.323712173134127,5.18071640630624,2.21035326032841e-07,7.82681532052886e-06,"S000002228","S000002228","BDF2"
"S000002259",251.676539089095,-1.41772609449207,0.245958661182444,-5.76408282463551,8.21030909397062e-09,3.86306289870076e-07,"S000002259","S000002259","DUN1"
"S000002279",195.933380884161,-1.07178513786771,0.27784270933827,-3.8575247859494,0.000114541067281141,0.00194281447330321,"S000002279","S000002279",NA
"S000002282",6797.8084274673,1.36828147694896,0.313442846814528,4.36533004614588,1.26930959407123e-05,0.000276892128299781,"S000002282","S000002282",NA
"S000002286",2008.93303822839,1.47960557144659,0.23208038712353,6.37540116933293,1.82484637817103e-10,1.10447420218907e-08,"S000002286","S000002286","VCX1"
"S000002287",417.455536079883,2.46420898556393,0.178755506536909,13.7853598655722,3.12205837886789e-43,3.89945091520599e-40,"S000002287","S000002287",NA
"S000002329",829.034374792365,1.37582502850076,0.177272359059067,7.76108038389866,8.42089201038535e-15,9.88843037014395e-13,"S000002329","S000002329","UGA3"
"S000002330",3027.44132271925,1.15039216717671,0.148773194890343,7.73252310689861,1.05435674242594e-14,1.21729472976386e-12,"S000002330","S000002330","GLT1"
"S000002338",191.788790548838,-1.1672700848169,0.372573720486442,-3.13299092403212,0.00173034792609593,0.0192657189314389,"S000002338","S000002338","PCL9"
"S000002341",3428.98234329442,1.57883848806422,0.40624138095993,3.88645411832121,0.000101719141372122,0.00175347463401705,"S000002341","S000002341","LYS20"
"S000002351",1133.29922784856,-1.08778964206598,0.334591117856028,-3.25110137123858,0.00114958860494044,0.0135306194004277,"S000002351","S000002351","ARF1"
"S000002361",125.855351087462,-1.04634133216455,0.340966280719052,-3.06875310355606,0.00214954157973033,0.0229825305555758,"S000002361","S000002361","MRPL11"
"S000002377",4555.37452826442,2.51141909679762,0.485852817831494,5.16909443482663,2.35231019331718e-07,8.24448718009815e-06,"S000002377","S000002377",NA
"S000002378",76.0178760628201,-1.33043631406023,0.37911318665094,-3.5093380048666,0.000449223618347267,0.00614729411600907,"S000002378","S000002378","DTD1"
"S000002386",686.350329983198,-4.33183451057025,0.375286224739463,-11.5427485076959,8.03171369174679e-31,4.08695238558923e-28,"S000002386","S000002386","HO"
"S000002398",363.964150131237,1.05692154373974,0.22939423005622,4.60744606994128,4.07644884496485e-06,0.000106273872259909,"S000002398","S000002398","ADY3"
"S000002399",159.267587065228,-1.43057557409156,0.439224692335839,-3.25704724496163,0.00112577693635641,0.0132764371919319,"S000002399","S000002399","LRG1"
"S000002418",2115.77712368548,1.37349721658336,0.188002966978467,7.30572096099249,2.75783968511465e-13,2.61310065060622e-11,"S000002418","S000002418","SNQ2"
"S000002425",693.607345302147,1.00413264870504,0.362086504484719,2.77318440833361,0.00555106541519898,0.0486390865685069,"S000002425","S000002425",NA
"S000002442",2463.87755773816,1.54485878132363,0.219966579780687,7.02315225732883,2.16917600923955e-12,1.82836252705167e-10,"S000002442","S000002442","ARO3"
"S000002447",4174.50826428708,-1.1129869308177,0.311098059943461,-3.57760807322288,0.000346752864055133,0.00501474940386227,"S000002447","S000002447","ENA1"
"S000002449",17.0781874591037,-1.7639067467464,0.613141068543552,-2.87683673014494,0.00401683369867443,0.0379294008151808,"S000002449","S000002449",NA
"S000002452",60.8585684746577,-1.11268164328697,0.389694424931589,-2.8552670300128,0.00430006578070735,0.0399661213629459,"S000002452","S000002452","RPC11"
"S000002467",597.146180002406,-1.02448755702508,0.297710309281984,-3.44122297778649,0.000579091105567522,0.00764277876982919,"S000002467","S000002467","MAK21"
"S000002494",136.914053433424,-1.8658016806105,0.397077086293559,-4.69883996084105,2.61643375864361e-06,7.13237766071518e-05,"S000002494","S000002494","RRP1"
"S000002508",336.482413866325,-1.69881897091666,0.58956855444372,-2.88146129591249,0.00395835846077215,0.0374732367119138,"S000002508","S000002508","ARX1"
"S000002520",171.849697325685,-1.48372180411787,0.289770112781359,-5.12034105200278,3.04983583090925e-07,1.04493003692923e-05,"S000002520","S000002520","PDS1"
"S000002530",361.046680448485,-1.98179535639338,0.35879292493143,-5.52350734555908,3.32298392450411e-08,1.40044405333626e-06,"S000002530","S000002530","INO2"
"S000002534",3943.76073368025,1.11368041947716,0.36425562943988,3.05741443499357,0.00223255369975856,0.0236492330616676,"S000002534","S000002534","ARO1"
"S000002540",480.393866103122,-1.2275768519895,0.282245104569441,-4.34932911896609,1.36554642117628e-05,0.000294988086172027,"S000002540","S000002540",NA
"S000002551",184.3243117468,-1.55113512303142,0.318737874846481,-4.86649138819327,1.13596871054066e-06,3.34915753521847e-05,"S000002551","S000002551","MKC7"
"S000002553",225.574655055447,-1.34568085937646,0.261855907594309,-5.13901279424756,2.76185596039663e-07,9.55796953145827e-06,"S000002553","S000002553","SWI5"
"S000002554",328.206613627151,-1.47165339575688,0.303979774306357,-4.84128721759534,1.29000759308473e-06,3.77093921731726e-05,"S000002554","S000002554","EKI1"
"S000002580",431.078764753245,1.19213850870873,0.324524167742105,3.67349685233952,0.000239253625829191,0.00365233951696361,"S000002580","S000002580","ARG82"
"S000002609",115.559104134941,-1.19281971827931,0.278176854766911,-4.28799052774823,1.80296779921459e-05,0.000375317796869838,"S000002609","S000002609","SPC19"
"S000007392",65.8856724079345,3.41716457570047,0.933607912207361,3.66017096794001,0.000252047019113189,0.00382215672803102,"S000007392","S000007392",NA
"S000002626",109.541656503389,-1.93781166889036,0.337883518672824,-5.73514706044827,9.74277732177899e-09,4.47678988708768e-07,"S000002626","S000002626","SPR28"
"S000002630",963.221608642456,2.99349274409051,0.158139672623709,18.9294229235789,6.52734925518851e-80,2.98930838056783e-76,"S000002630","S000002630",NA
"S000002650",835.46684100285,2.15514578410463,0.155574275110013,13.8528415612455,1.22277491497936e-43,1.67997045569014e-40,"S000002650","S000002650","AMD2"
"S000002655",1938.3782797264,1.97201827067066,0.318852601227718,6.18473320611954,6.22075873587562e-10,3.41868017088781e-08,"S000002655","S000002655","VHS1"
"S000002666",8381.52069251902,1.80001494237347,0.260831069931506,6.90107563813682,5.16102419586958e-12,4.00606279248882e-10,"S000002666","S000002666","HSP78"
"S000002689",15.4125077884353,-3.78691998135628,1.06794277357061,-3.54599523033891,0.000391133286553532,0.0055059223606137,"S000002689","S000002689","PHM6"
"S000002701",8779.38598619235,1.24903479641392,0.178817646171377,6.98496386210595,2.84929313883842e-12,2.35821918280127e-10,"S000002701","S000002701","SSD1"
"S000002702",2226.93209613933,1.14060250165683,0.405523368868248,2.81266775041861,0.00491323885452845,0.0441559424258217,"S000002702","S000002702","DPL1"
"S000002705",1098.80416683701,1.74209166942934,0.197140276275723,8.8368125597675,9.84881759871591e-19,1.80417206651677e-16,"S000002705","S000002705","SUR2"
"S000002716",69.9168008162858,-1.20373709705275,0.346940413814503,-3.46957877814817,0.000521275173184441,0.00696673113266637,"S000002716","S000002716","SRB7"
"S000002717",310.210823110395,-2.85777393683998,0.281225951626837,-10.1618428893504,2.934759680822e-24,8.06413265096269e-22,"S000002717","S000002717","GIC2"
"S000002721",885.089940185351,1.31951805481991,0.196403752966424,6.71839532030475,1.83736663488414e-11,1.30121547405532e-09,"S000002721","S000002721","PIB1"
"S000002732",386.400969866222,-1.1188477693838,0.340816874880873,-3.28284146662303,0.00102766440884797,0.0123136769200677,"S000002732","S000002732","UTP4"
"S000002751",15093.1445807672,-2.39256058272512,0.404627206397154,-5.91299978078277,3.35932626303486e-09,1.64834941170843e-07,"S000002751","S000002751","HXT6"
"S000002759",964.634823376293,1.06019487008989,0.187682214550652,5.64888299420486,1.61493721576323e-08,7.08869725475114e-07,"S000002759","S000002759","SBE2"
"S000002761",1246.71793339734,-1.41086793922162,0.185508933296832,-7.60539082484019,2.84044199707099e-14,3.17275061770393e-12,"S000002761","S000002761","TRR1"
"S000002792",1130.29963792683,-1.1788840402418,0.425824235019686,-2.76847568384008,0.00563191881099104,0.0492532988823717,"S000002792","S000002792","ATO3"
"S000002807",507.479870750617,-1.56415387333004,0.349199879618517,-4.47925089504269,7.4905448771443e-06,0.00018023221728036,"S000002807","S000002807","HPT1"
"S000002823",209.176016115285,-1.13029086877359,0.345369151689744,-3.27270360784556,0.00106524117955057,0.0126603361296239,"S000002823","S000002823",NA
"S000002828",1163.04835346782,1.11543196770805,0.190618963305705,5.85163169689037,4.86773614128072e-09,2.3548530579245e-07,"S000002828","S000002828","HKR1"
"S000002855",1244.40705418084,-1.28373146918431,0.41256586600097,-3.1115794470047,0.00186089393627167,0.0203719695541327,"S000002855","S000002855","RPS17B"
"S000002859",165.765430443894,-1.24646385785596,0.431233651862715,-2.89046054841003,0.00384677811151288,0.0368042370989384,"S000002859","S000002859","YHP1"
"S000002862",528.008583507488,-1.13431915040695,0.255127731515358,-4.44608331548102,8.74500435623903e-06,0.000203640025170115,"S000002862","S000002862","GUK1"
"S000002883",1440.64905323996,1.43147975234185,0.219940658849613,6.50848169605895,7.59141571814912e-11,4.78433305282802e-09,"S000002883","S000002883","JIP4"
"S000002896",106.638049121906,-1.95280630646713,0.28529273569345,-6.8449212410562,7.65179571175083e-12,5.71347941759482e-10,"S000002896","S000002896","PAC11"
"S000002905",3966.78110059259,-2.64210264826498,0.153685321468113,-17.1916395334681,3.06734181493171e-66,8.42844183906935e-63,"S000002905","S000002905","ITR1"
"S000002909",104.928074315177,-1.05272927757828,0.33324685386665,-3.15900740056059,0.00158307470398274,0.01796025050208,"S000002909","S000002909","PLM2"
"S000002910",1225.89091493531,-2.18975191487609,0.250396499703657,-8.74513788119102,2.22743474776489e-18,3.97437999994049e-16,"S000002910","S000002910","SAM2"
"S000002922",171.634387973557,-1.08120874299869,0.299745810912556,-3.60708541582956,0.000309655747710531,0.00454525674978097,"S000002922","S000002922",NA
"S000002944",1146.2819541501,-2.66298403665519,0.24897246591534,-10.6958977446153,1.06384390268734e-26,3.56491497049302e-24,"S000002944","S000002944","STL1"
"S000002945",186.751721922087,1.1770286012388,0.194392136473152,6.05491879760968,1.40488514765304e-09,7.25628460285908e-08,"S000002945","S000002945",NA
"S000002946",239.448057981881,1.35670218171285,0.205038362305026,6.61682119609673,3.67004950939575e-11,2.44770923347516e-09,"S000002946","S000002946","PAD1"
"S000007256",52.9205185218973,-1.82602491172858,0.416255638948645,-4.3867872068728,1.1503723332188e-05,0.000256368947485633,"S000007256","S000007256","TIM9"
"S000000752",233.342650974959,-1.96855797032116,0.408457025453351,-4.81949837473412,1.4391962544117e-06,4.16276154512891e-05,"S000000752","S000000752","SNU13"
"S000028743",6810.69272357194,-1.0133380939724,0.153019709805441,-6.622271701213,3.5372011443963e-11,2.37061495233467e-09,"S000028743","S000028743",NA
"S000000765",133.457787641789,2.35834719646591,0.291626330633862,8.08688019130488,6.12124260288483e-16,8.00950020200331e-14,"S000000765","S000000765","CYC7"
"S000000766",573.003178642172,-1.88271629918931,0.321411359231909,-5.85765326928246,4.69453494967046e-09,2.27908889305733e-07,"S000000766","S000000766","UTR2"
"S000000768",535.249572659772,-1.07953540825662,0.270243679709092,-3.99467402685864,6.47833225106234e-05,0.00117888485824299,"S000000768","S000000768","GDA1"
"S000000773",813.708542903106,-1.18684208109121,0.366279394157195,-3.24026439931769,0.00119418912408089,0.0139278135617549,"S000000773","S000000773","FRD1"
"S000028744",840.689854808664,-1.16291911546083,0.40727983289685,-2.85533194017824,0.00429918694269315,0.0399661213629459,"S000028744","S000028744",NA
"S000000787",331.847184285148,-1.12472888859112,0.236222716164564,-4.76130707009388,1.92343122788882e-06,5.34939709311023e-05,"S000000787","S000000787","CIN8"
"S000000792",271.749829926457,-2.31954410608434,0.195152682857058,-11.8857915357655,1.40299644299995e-32,8.03157005432344e-30,"S000000792","S000000792","HPA3"
"S000000799",55.3126868338665,-1.91897604934878,0.437623032699529,-4.38499783137863,1.15986933952796e-05,0.000257855094753635,"S000000799","S000000799",NA
"S000000803",624.555889426182,-1.56314262554514,0.359121334255824,-4.35268661714098,1.34479314947684e-05,0.000291881723233212,"S000000803","S000000803","MNN1"
"S000000805",857.11465158995,-1.27640668533922,0.192133724957868,-6.64332451587621,3.06685570123015e-11,2.0859173504555e-09,"S000000805","S000000805","PMI40"
"S000000811",451.503618050632,-1.30684954816678,0.261348179131851,-5.00041573852893,5.72068254548229e-07,1.84932841158544e-05,"S000000811","S000000811","NTF2"
"S000000813",45.2643267632511,1.36089299435979,0.368770723740542,3.69034987527177,0.000223945822296592,0.00344545537797635,"S000000813","S000000813","TIR1"
"S000000825",686.698750197883,-1.46844393664307,0.201776548227,-7.27757486955849,3.39874390329553e-13,3.13391560317969e-11,"S000000825","S000000825","PRO3"
"S000000828",974.268720891062,-2.32945353874287,0.16263757743893,-14.3229724361676,1.57250830444536e-46,2.70058644934684e-43,"S000000828","S000000828","CHO1"
"S000000833",368.849468592347,-1.21423157436451,0.248415992290095,-4.88789615825763,1.01919261218801e-06,3.10480871371422e-05,"S000000833","S000000833","YPT31"
"S000000834",175.858152543887,-1.44235517095278,0.271970890730061,-5.303343924348,1.13700418375358e-07,4.22197310286227e-06,"S000000834","S000000834","FIR1"
"S000000839",2468.38740109014,1.39304811445557,0.368682135402717,3.77845298344581,0.000157805637947968,0.0025597304129482,"S000000839","S000000839","PHM8"
"S000000841",462.876546955492,1.01388726059077,0.232262456226958,4.36526538581009,1.26968513595503e-05,0.000276892128299781,"S000000841","S000000841","HVG1"
"S000000845",1531.23876475417,-3.25511557423605,0.418414806213699,-7.77963763685156,7.27325764891433e-15,8.6893292902986e-13,"S000000845","S000000845","SAH1"
"S000000848",149.339050118311,-1.12223727855332,0.302913406951039,-3.70481217668489,0.000211547427670941,0.00328412441669046,"S000000848","S000000848","SPO73"
"S000000855",2060.59012054786,1.42351345822505,0.200200717398607,7.11043135470282,1.15680828620243e-12,1.02537993833131e-10,"S000000855","S000000855","PIC2"
"S000000856",1435.46816218146,1.16454519003969,0.365289315448667,3.18800780857588,0.0014325666781648,0.0164325097173403,"S000000856","S000000856","GIP2"
"S000000862",456.636122032484,1.42806339098727,0.165889420401168,8.60852601409904,7.40059660162151e-18,1.19619760834915e-15,"S000000862","S000000862","FCY21"
"S000000864",774.741195022498,1.20333961083393,0.386659340317719,3.11214416764159,0.00185733771703027,0.0203643463213872,"S000000864","S000000864","GPP2"
"S000002959",63.6402220074098,-1.5621686521531,0.441346939244347,-3.53954794572219,0.000400812955710706,0.00561915224337693,"S000002959","S000002959",NA
"S000028748",785.382388157407,-1.19508332129044,0.342765682211491,-3.4865897705391,0.000489221161104735,0.00659608393760349,"S000028748","S000028748",NA
"S000000869",2163.47802073222,-1.1864342080647,0.311830119447005,-3.80474538562442,0.0001419501293222,0.00233283830951878,"S000000869","S000000869","RGI1"
"S000028749",177.088191978575,1.49986865308828,0.411142619248838,3.64804956447608,0.000264238670433253,0.00396762305254914,"S000028749","S000028749",NA
"S000000871",2407.31176230068,1.399551699678,0.263100588766508,5.31945483755665,1.04078644311227e-07,3.93921899226433e-06,"S000000871","S000000871","ARG5,6"
"S000000872",1656.12060340183,-3.91871727282256,0.37496746869923,-10.4508193375193,1.45264785170411e-25,4.43509529656951e-23,"S000000872","S000000872","RNR1"
"S000000874",687.953118893456,-1.60285651075354,0.246324679306041,-6.50708859245934,7.66212298386012e-11,4.80684509932668e-09,"S000000874","S000000874","VTC1"
"S000028753",63.503952684059,-1.13895023092158,0.323467741154202,-3.52106280168021,0.000429820805987723,0.00592307728532129,"S000028753","S000028753",NA
"S000000900",656.460190635608,1.00208298650357,0.173941789620554,5.76102493075166,8.36046886112531e-09,3.92028947723552e-07,"S000000900","S000000900","UBP9"
"S000000905",9976.24675683373,4.07725882922936,0.309557908611864,13.171231345737,1.2848489651684e-39,1.10328374577804e-36,"S000000905","S000000905","SSA4"
"S000000926",1277.75912145752,-2.6951318311255,0.258202102043626,-10.4380708359614,1.66152890325225e-25,4.85696714931545e-23,"S000000926","S000000926","DSE1"
"S000000932",1651.4357481503,2.05195630262219,0.37301233480523,5.50104141648191,3.77554500529332e-08,1.56241604902786e-06,"S000000932","S000000932","COM2"
"S000000952",8419.37935225042,1.76436032344315,0.443648171328345,3.9769358637508,6.98089834534883e-05,0.00125701916601242,"S000000952","S000000952","SPI1"
"S000000958",295.24825071143,-1.38507599996845,0.42484592439512,-3.26018427019271,0.00111339851783089,0.0131643564857819,"S000000958","S000000958",NA
"S000000960",1131.27736626305,-1.13287512233729,0.181461443121466,-6.24306245365287,4.29085470767284e-10,2.45633553452988e-08,"S000000960","S000000960",NA
"S000000961",371.490324691619,-1.17092217954426,0.252315058259817,-4.64071461933327,3.47206355074386e-06,9.15598486058923e-05,"S000000961","S000000961","BUR6"
"S000000969",1698.44730665218,1.00992623319416,0.165296445153583,6.10978797672148,9.97635871763335e-10,5.27173817006018e-08,"S000000969","S000000969","BCK2"
"S000000972",85.8710573730701,-1.04594446582288,0.308594686456262,-3.38937937601568,0.000700510209479016,0.00897020931583165,"S000000972","S000000972","ADK2"
"S000000977",1142.97953832304,1.80287726885063,0.291796824343899,6.17853629114839,6.46986177422979e-10,3.54141159028458e-08,"S000000977","S000000977","TMT1"
"S000000978",858.46758850272,1.02339012721098,0.145602481205363,7.0286585691322,2.08528550249411e-12,1.76850231597324e-10,"S000000978","S000000978","ECM32"
"S000001877",133.019641276073,-1.54695376810149,0.261345048160199,-5.91920060851213,3.23510169173074e-09,1.5988151849888e-07,"S000001877","S000001877","GNA1"
"S000001857",900.19841867328,-2.11159298821719,0.201540608900702,-10.4772581552414,1.09883301308012e-25,3.43110608334269e-23,"S000001857","S000001857","TUB2"
"S000001849",1504.21467162092,-1.5617179525279,0.227042393065402,-6.8785301786263,6.04732407578208e-12,4.615788082065e-10,"S000001849","S000001849","SEC53"
"S000001841",189.996274701027,2.5864795608996,0.418002826064633,6.18770831109086,6.1045150174438e-10,3.36827035440403e-08,"S000001841","S000001841","DAK2"
"S000001840",676.267111928856,1.23032485797646,0.310653702401369,3.96043841894041,7.48122844219573e-05,0.00134008601782695,"S000001840","S000001840","AQY3"
"S000001836",66.4643792157192,-1.91314722983495,0.392465939395229,-4.87468347643878,1.08983053938087e-06,3.26213110687446e-05,"S000001836","S000001836","THI5"
"S000001901",143.300453179002,-1.44335734817077,0.403556976601559,-3.57658876405904,0.000348107148183458,0.00502378582866863,"S000001901","S000001901","SAD1"
"S000001907",313.439285265302,-1.15132144379963,0.335352040213305,-3.43317262381142,0.000596562148661038,0.00783572405397132,"S000001907","S000001907","MIC19"
"S000001918",1106.98917107773,2.2039614508752,0.27004546372453,8.16144593016913,3.31037572452738e-16,4.54812520792817e-14,"S000001918","S000001918","ROG3"
"S000001923",90.9605169621093,-1.80943728855794,0.371811023393103,-4.86655094850399,1.13562657927114e-06,3.34915753521847e-05,"S000001923","S000001923","ECO1"
"S000001924",236.670949404123,-1.64392808789252,0.321464225607458,-5.11387568799002,3.15615104965443e-07,1.07598906380154e-05,"S000001924","S000001924","CDC14"
"S000028767",421.297371915243,-1.13241611676772,0.259098970207857,-4.37059288911595,1.2390962810849e-05,0.000272383100893207,"S000028767","S000028767",NA
"S000001933",1101.96911165661,-1.05793943387874,0.200844253441472,-5.26746180560765,1.38322928322105e-07,5.08133345512673e-06,"S000001933","S000001933","RSC8"
"S000001938",106.305552626139,-1.10714080892205,0.262674191403356,-4.21488233391744,2.49908449568999e-05,0.000505668952669879,"S000001938","S000001938","KEG1"
"S000002969",258.063318535926,-1.40331659358774,0.413062531330988,-3.39734661738966,0.000680427206595056,0.00875317358746206,"S000002969","S000002969","ERG26"
"S000002976",19844.155515898,1.00985723893333,0.276895022201507,3.64707617675561,0.000265241308073527,0.00397833005635609,"S000002976","S000002976","PMA1"
"S000002980",816.557951319857,-1.36594215345608,0.333044160018627,-4.10138449321459,4.10685497653921e-05,0.000777191191772344,"S000002980","S000002980","ERG4"
"S000002990",1636.71396422337,-1.01941756243731,0.2362195665354,-4.31555089778958,1.59205362549356e-05,0.000338594810536472,"S000002990","S000002990","STT3"
"S000002996",697.948091932674,-2.7329802322851,0.259379423222125,-10.5366115720932,5.85713356027836e-26,1.91597995201582e-23,"S000002996","S000002996","SCW11"
"S000002998",1653.32342557447,-1.21462270833397,0.43463526615535,-2.79457927811094,0.0051967297168966,0.0461823218502214,"S000002998","S000002998","RPL30"
"S000003023",6676.87071514752,-1.70659689770446,0.532840442101832,-3.20282914519899,0.00136084691011998,0.0157114921833096,"S000003023","S000003023","OLE1"
"S000003045",672.32784617494,-1.86925287373874,0.268748182369351,-6.9554065715308,3.51546697203935e-12,2.80808143772376e-10,"S000003045","S000003045","HNM1"
"S000003065",384.090930007891,-1.67382963343848,0.4343806344124,-3.85337075558795,0.000116502772633506,0.00196879654761591,"S000003065","S000003065","SRM1"
"S000003079",394.325553862701,-1.02513489188447,0.28707835677518,-3.57092364398368,0.000355724593515141,0.0051015659606519,"S000003079","S000003079","NSA1"
"S000003085",1440.02717235632,1.78308401110478,0.532362408373154,3.34938001455383,0.000809926267028457,0.0101159790751854,"S000003085","S000003085",NA
"S000003088",443.355366149356,-1.31388404817585,0.415005976149923,-3.16594006757437,0.00154582639742639,0.0175957820001998,"S000003088","S000003088","PRP43"
"S000003102",665.318627050054,1.01343880458776,0.15927088747907,6.36298836923941,1.97865679393377e-10,1.19231428473053e-08,"S000003102","S000003102","PCL10"
"S000003115",1545.84152559216,-1.50164117064921,0.311146351728579,-4.82615708751466,1.39192734108862e-06,4.04306336981322e-05,"S000003115","S000003115","RPL9A"
"S000003147",381.768140905494,2.19707151513699,0.241158830394257,9.11047508210717,8.20220033732155e-20,1.58718352724593e-17,"S000003147","S000003147","TOS3"
"S000003148",1723.33255517214,1.92177809238426,0.184038313837307,10.4422717874016,1.58960289631568e-25,4.7477291722785e-23,"S000003148","S000003148","ATG1"
"S000003152",918.695687111684,1.42740404946678,0.251240303990066,5.68142939965243,1.33573651676477e-08,5.99728235419318e-07,"S000003152","S000003152","STR3"
"S000003164",1097.09564987954,1.2772225498201,0.230544226582325,5.54003268159924,3.02415204014516e-08,1.28634132754038e-06,"S000003164","S000003164","DSD1"
"S000003168",1277.72768993488,-1.09538748200117,0.272414165073574,-4.02103716488212,5.79424616022449e-05,0.00106711994631802,"S000003168","S000003168","EMP24"
"S000003177",623.360934692834,1.10349303987817,0.207086456999676,5.32865864753242,9.89407509225756e-08,3.79705859476331e-06,"S000003177","S000003177","MIG2"
"S000003194",29.4941292385379,-1.4697423319684,0.480124823790125,-3.06116713642547,0.00220475985073416,0.0234451978244865,"S000003194","S000003194","OST5"
"S000003203",1868.36931374548,-1.56672817567916,0.252230727106632,-6.21148816264886,5.24851454364524e-10,2.95530087357139e-08,"S000003203","S000003203","ADE5,7"
"S000003205",238.332037545565,-1.06105584943085,0.382313053566685,-2.7753586740814,0.00551408586829023,0.0484696261960585,"S000003205","S000003205","MTO1"
"S000003217",2791.87164053169,1.53858991462893,0.289361345238628,5.31719229242625,1.05380684743879e-07,3.97754183433009e-06,"S000003217","S000003217","PDE1"
"S000003218",303.596088168513,1.05634929223733,0.200814413278816,5.26032606419871,1.43800173928514e-07,5.24050554271579e-06,"S000003218","S000003218","ZIP2"
"S000003246",791.917938654689,-1.29203876159204,0.313635969876032,-4.11954904950071,3.79614611565075e-05,0.000728425300040861,"S000003246","S000003246","MSB2"
"S000003249",567.814054917397,1.07720922945859,0.206805396277865,5.20880619580758,1.90059502969729e-07,6.7824091202626e-06,"S000003249","S000003249",NA
"S000003251",2272.54815619091,1.35546827984186,0.192789930717877,7.03080433088287,2.05346306762343e-12,1.7523309991353e-10,"S000003251","S000003251","UGA1"
"S000003254",167.485034745484,1.49777999090351,0.336484422339269,4.45126101378131,8.53675029250169e-06,0.000200547182198373,"S000003254","S000003254",NA
"S000003255",1623.6744064905,1.49558402434628,0.28155523351524,5.31186725131619,1.08507635961269e-07,4.07318691385759e-06,"S000003255","S000003255","MTL1"
"S000003269",136.2344388603,-1.2178796503945,0.275521848937452,-4.42026523519365,9.85798299237366e-06,0.000224981442412328,"S000003269","S000003269","ACB1"
"S000003284",1731.93118958718,1.93777997108682,0.518042730227867,3.74057941173012,0.000183596526034392,0.00290602842302594,"S000003284","S000003284","FMP48"
"S000003287",1106.24611310039,-2.38987232650073,0.360166099003209,-6.63547272526457,3.23464179592226e-11,2.18919919380177e-09,"S000003287","S000003287","MUP1"
"S000003298",348.916055316079,1.4934571631313,0.289349257521663,5.16143423322758,2.45064986909823e-07,8.56729734135893e-06,"S000003298","S000003298",NA
"S000003319",2418.88516599168,-2.24907024360061,0.487159607692105,-4.61670099098624,3.89888400467688e-06,0.000101837960722919,"S000003319","S000003319","PDC6"
"S000003324",266.078520782867,-1.5031294484741,0.306038774911891,-4.91156536914922,9.03521549171065e-07,2.7958294063201e-05,"S000003324","S000003324","DBF2"
"S000003329",1544.9951965584,1.95331186913019,0.175655627096477,11.1201212361808,1.00135827155697e-28,3.93076036940606e-26,"S000003329","S000003329","ASK10"
"S000003331",251.487984366743,-1.41698121850642,0.312124617371282,-4.53979320964896,5.6309426081334e-06,0.000140917159368205,"S000003331","S000003331","TEL2"
"S000003340",203.842296055247,-4.23386954316614,0.317411810040987,-13.3387271967588,1.37792059140647e-40,1.45625007733335e-37,"S000003340","S000003340","CLB1"
"S000003353",880.598488590802,-1.25400143115264,0.238932371551662,-5.24835300888268,1.53465017076221e-07,5.56320809923536e-06,"S000003353","S000003353","MEP1"
"S000003354",344.59582746071,-1.37524820423984,0.308777923040104,-4.4538423948827,8.43470256112279e-06,0.000199114052383619,"S000003354","S000003354",NA
"S000003358",82.2698272092677,1.58418722453927,0.252575000095798,6.27214579407467,3.56105889138892e-10,2.05568857599968e-08,"S000003358","S000003358",NA
"S000003370",5043.46472531125,3.58724190061345,0.269194478089688,13.325837610303,1.63784173952469e-40,1.60730768995212e-37,"S000003370","S000003370","TPO2"
"S000003372",538.300450355446,1.74784424123871,0.256492699648873,6.81440151564327,9.46569928257952e-12,6.99189475501935e-10,"S000003372","S000003372","CBF2"
"S000003376",2767.44701409694,2.66327515637902,0.28560994280005,9.32486849116289,1.11121310041393e-20,2.313175270695e-18,"S000003376","S000003376","THI4"
"S000003383",21.1713055728657,-3.10298642156826,0.636953881460795,-4.87160297139856,1.1069644455429e-06,3.29904219464509e-05,"S000003383","S000003383",NA
"S000003384",112.87797658335,-3.09467776936345,0.509216371198843,-6.07733361375968,1.2219736600308e-09,6.35935458907695e-08,"S000003384","S000003384","RSR1"
"S000003386",934.579418821908,1.59812023031879,0.210917506674392,7.57699185580607,3.53658972297141e-14,3.85628620665907e-12,"S000003386","S000003386","GTO1"
"S000003389",1436.28762630417,-1.74143556420851,0.215312717759801,-8.08793638539838,6.06840840402463e-16,8.00950020200331e-14,"S000003389","S000003389","CHO2"
"S000003393",3344.22118194752,2.20350309868039,0.162998137090343,13.518578420679,1.21500998488302e-41,1.39108518185898e-38,"S000003393","S000003393","RTS3"
"S000003401",94.5807283269476,-1.00840970709981,0.361497563327387,-2.78953389842506,0.00527839704727186,0.0467870303435278,"S000003401","S000003401","PUS6"
"S000003412",3831.90974274041,-1.26162167446271,0.320409875822693,-3.93752430764917,8.23265945214359e-05,0.0014632407272057,"S000003412","S000003412","RNR4"
"S000003421",3836.62772816959,-1.18417327129294,0.337571966720035,-3.50791353558997,0.000451635812552126,0.00616801633066965,"S000003421","S000003421","CRH1"
"S000003432",620.192744614704,-1.19732790368944,0.389138192644546,-3.07687070126043,0.00209186017348936,0.0224883152766591,"S000003432","S000003432","ELP2"
"S000003440",121.029433745455,-1.74946761099489,0.599261391565563,-2.91937314103355,0.00350736116406279,0.0342241726087065,"S000003440","S000003440","SER2"
"S000003457",241.432995643801,1.34090497940743,0.31622788084412,4.24031232106447,2.23208996261989e-05,0.000454995311519802,"S000003457","S000003457","AMA1"
"S000003460",54.6778937302498,-1.25913571584664,0.332406749571895,-3.78793666936148,0.000151903555076295,0.00248157305968278,"S000003460","S000003460",NA
"S000003461",496.941281256271,-1.19871338895498,0.281550589237675,-4.25754175191254,2.06687068147535e-05,0.000425738175304195,"S000003461","S000003461","SMI1"
"S000003466",1738.47309131627,-3.21177738707948,0.429327669757361,-7.48094663662057,7.37891392842606e-14,7.75620827895918e-12,"S000003466","S000003466","YHB1"
"S000003469",960.459842299264,1.25192492216425,0.130209020879898,9.61473263299479,6.92891257563936e-22,1.67011105046858e-19,"S000003469","S000003469",NA
"S000003472",5306.75525788265,1.05137870276656,0.242123453570188,4.34232490600828,1.40982833294806e-05,0.000303124123104435,"S000003472","S000003472","PFK1"
"S000003473",296.986276735641,-1.2957642538573,0.410851912883932,-3.15384744046052,0.00161133296064679,0.0182206613550011,"S000003473","S000003473","YAP1802"
"S000003475",1721.61008422806,-1.72686366609524,0.475158646287761,-3.63428863093745,0.000278748671163671,0.00414921776069088,"S000003475","S000003475","MPC3"
"S000003480",1931.70812395088,1.57172447729573,0.269085330056681,5.84098909057828,5.18918030762597e-09,2.50154906127976e-07,"S000003480","S000003480","SOL4"
"S000003482",4659.24587297534,1.39190538809672,0.306277203601983,4.54459349807029,5.50413718304274e-06,0.000138754753684081,"S000003482","S000003482","RIE1"
"S000003491",267.650233398943,-1.44314740249882,0.317065906504207,-4.55156916241852,5.32472877910664e-06,0.000135447066470913,"S000003491","S000003491",NA
"S000003492",1806.43863299958,-1.2177461716336,0.324062750394639,-3.75774806006136,0.000171449372538378,0.00274538802949275,"S000003492","S000003492","TNA1"
"S000003498",248.230792723304,-1.25879688451881,0.414203997789094,-3.03907468599512,0.00237306015841402,0.0247746759243542,"S000003498","S000003498",NA
"S000003511",2216.54784299124,-4.06924935576991,0.329422179247574,-12.3526878641395,4.71106965702973e-35,3.08216123894912e-32,"S000003511","S000003511","SCW4"
"S000003517",1679.8655160951,-1.45838218641244,0.46617910498745,-3.1283731312919,0.00175776877398848,0.0195072578237703,"S000003517","S000003517","ZUO1"
"S000003518",1018.39732244942,1.38520812869247,0.301730087033291,4.59088499364546,4.41370503051314e-06,0.00011419942262565,"S000003518","S000003518","BIO2"
"S000000995",499.885645471758,-1.17751248422837,0.336751491567735,-3.49668082759338,0.000471085096586905,0.00637031313189714,"S000000995","S000000995","LAG1"
"S000001005",155.263784982618,-1.67296682559509,0.342869714350053,-4.87930766578897,1.06458883189112e-06,3.20754078099828e-05,"S000001005","S000001005","OTU2"
"S000001012",892.285514227894,-1.28541532834602,0.173180304973211,-7.4224105826864,1.15007632833364e-13,1.1704369388871e-11,"S000001012","S000001012","OPI1"
"S000001013",1782.71701988762,-1.0850785393224,0.297110367050972,-3.65210595002983,0.000260098525160134,0.00392691608480777,"S000001013","S000001013","AIM17"
"S000001024",3582.39783211043,-1.39464375872496,0.485925184632528,-2.87007918673661,0.00410369015571729,0.0384850505456655,"S000001024","S000001024","GUT1"
"S000001036",143.843706602407,1.31750837448244,0.235100999520794,5.60401009424851,2.09448501841142e-08,9.07764342837683e-07,"S000001036","S000001036",NA
"S000003530",173.058390104792,-1.3078678053724,0.353340631519703,-3.70143620264479,0.000214382562426003,0.00332063362476985,"S000003530","S000003530","TIM10"
"S000001055",200.83486922282,-1.52909456100404,0.285024407353689,-5.36478463441404,8.10458620539127e-08,3.15436005314081e-06,"S000001055","S000001055","ARD1"
"S000001057",55.3092760466788,-1.50349816065373,0.51285878270041,-2.93160263871704,0.00337217913858771,0.0331404643669933,"S000001057","S000001057","MIP6"
"S000001071",358.539486621532,1.61115925048025,0.22147331979405,7.27473292032867,3.47106491824375e-13,3.17926406078339e-11,"S000001071","S000001071","YHI9"
"S000001072",1968.09382941807,1.4778404576072,0.325870061186912,4.53506054598719,5.75869632663341e-06,0.000143610656275213,"S000001072","S000001072","SLT2"
"S000001073",160.361958019131,-1.38912850510025,0.264279162944446,-5.25629220867577,1.46988679744061e-07,5.34253299207316e-06,"S000001073","S000001073","RRM3"
"S000001088",390.894388075342,2.06927204539181,0.348629331848874,5.93545022278506,2.93040224593764e-09,1.45872450930932e-07,"S000001088","S000001088","INM1"
"S000001096",1856.56097860115,-1.22215423742389,0.156094425386758,-7.82958285919395,4.89491305685523e-15,5.89922899018719e-13,"S000001096","S000001096",NA
"S000001104",123.888713881902,-1.1621061716662,0.271135607535358,-4.28606991988191,1.81861769795011e-05,0.000378002852528542,"S000001104","S000001104","RPP1"
"S000028778",172.183681587513,-1.44684533331686,0.321444244178128,-4.50107712152745,6.76099670701065e-06,0.000164989935626322,"S000028778","S000028778",NA
"S000001106",1922.89817686557,-1.20781752493305,0.324878108424159,-3.71775596328001,0.000201000292821839,0.00313100115995379,"S000001106","S000001106","SSZ1"
"S000001113",2209.3035406694,1.4914433635919,0.293561110360943,5.08052092376312,3.76401271545508e-07,1.26749437984405e-05,"S000001113","S000001113","PCL5"
"S000001134",868.055213572688,1.57173273186658,0.398895267706138,3.94021403388635,8.14089428953438e-05,0.00144880500834084,"S000001134","S000001134","HXT4"
"S000001159",563.742831290641,-1.21658876067816,0.237763653773044,-5.11679872584498,3.10764932659472e-07,1.062089405425e-05,"S000001159","S000001159","TOM71"
"S000001163",250.685198093498,-1.123466653385,0.337391794805028,-3.32985766305973,0.000868903895568121,0.010735495162959,"S000001163","S000001163","LSM12"
"S000001165",195.115542677809,-2.71786335513528,0.405976011941485,-6.69464026245723,2.16202825694312e-11,1.51551562357865e-09,"S000001165","S000001165","EPT1"
"S000001169",128.497372773451,-1.30467730702967,0.334564944444108,-3.89962346233684,9.63424004648265e-05,0.00167900516652813,"S000001169","S000001169",NA
"S000001171",107.96012230155,-1.38390569289231,0.274510121211888,-5.04136491136552,4.62223095075533e-07,1.53023689234765e-05,"S000001171","S000001171","ARP1"
"S000001178",136.512553150951,-4.53673346805808,0.495967391509159,-9.14724142297629,5.84058853490566e-20,1.14634065544384e-17,"S000001178","S000001178","SPL2"
"S000001181",30367.0686666173,1.24973640329044,0.25866080217401,4.8315647086322,1.35464175245965e-06,3.94309810106846e-05,"S000001181","S000001181","SPS100"
"S000001183",1720.987501688,-1.03103581582785,0.344464258225148,-2.99315760984975,0.00276107121054221,0.0281621064303188,"S000001183","S000001183","RPL42B"
"S000001186",1904.37690401221,-2.17483444485376,0.330337228309863,-6.58367952041338,4.58945836115919e-11,3.04611441661672e-09,"S000001186","S000001186","DSE2"
"S000001187",66.3298254301513,-1.85540073862636,0.517697388883193,-3.58394841942113,0.000338438948567512,0.00491004510493035,"S000001187","S000001187","DCD1"
"S000001191",86.143967795512,-1.43489323916973,0.485830646954243,-2.95348440483392,0.00314208484117126,0.0313957117329832,"S000001191","S000001191","IMP3"
"S000001192",172.861568037463,-2.08131234340318,0.431727434907637,-4.82089433081418,1.42916050044055e-06,4.14245487669888e-05,"S000001192","S000001192","SKG6"
"S000001196",29.3743820022682,-2.50461620365228,0.604692090475364,-4.14196951324985,3.44336122228718e-05,0.000669142006124521,"S000001196","S000001196","SPO16"
"S000001206",308.281381705605,-1.60559554221053,0.263822181900992,-6.08590047524162,1.15838386311584e-09,6.05134444690056e-08,"S000001206","S000001206","SOL3"
"S000001213",647.887373033228,-1.13386945741776,0.293183797287719,-3.86743560833626,0.000109985857502478,0.0018724853732671,"S000001213","S000001213","NMD3"
"S000001215",111.787379972109,-2.6503101889787,0.421876076137307,-6.28220071933187,3.33813467243941e-10,1.94333187562055e-08,"S000001215","S000001215","SPC97"
"S000028784",179.06606347955,-1.01335139476014,0.271833524595235,-3.72783819166174,0.000193129304321599,0.00302504210517076,"S000028784","S000028784",NA
"S000001226",1179.07111422554,-1.06362319543773,0.216267079876281,-4.91810032320313,8.73881253632611e-07,2.71021547260913e-05,"S000001226","S000001226","GND1"
"S000001236",2092.4210659015,-1.22610229225345,0.279960777449403,-4.37955024780228,1.1892449828573e-05,0.000263108483405417,"S000001236","S000001236","EGD2"
"S000001252",835.500116347908,1.09071143359141,0.232448282305698,4.69227573020734,2.70182645402983e-06,7.3215766571826e-05,"S000001252","S000001252","CRG1"
"S000028652",19.1967382843572,1.76953958971908,0.520070121465563,3.40250192557208,0.000667718847255156,0.00859886695619111,"S000028652","S000028652",NA
"S000001257",96.0058205031798,1.30389764664056,0.244953757631487,5.32303590378951,1.02049593222086e-07,3.87585370229641e-06,"S000001257","S000001257",NA
"S000003535",64.2791984895939,1.22143880715008,0.318955927015884,3.82949085968624,0.000128408652228039,0.00213843208843761,"S000003535","S000003535",NA
"S000001258",320.13677723969,-1.72203955730415,0.285938607693044,-6.02241009424219,1.71838826493367e-09,8.77655627209057e-08,"S000001258","S000001258","PHO12"
"S000001272",194.303621780305,-1.10678634314721,0.264002560013004,-4.19233185879976,2.76101707033691e-05,0.000552968127250129,"S000001272","S000001272","DOT5"
"S000003536",86.869113482875,-1.64219478135824,0.30150452667658,-5.44666708476917,5.1322392334863e-08,2.08614895943397e-06,"S000003536","S000003536",NA
"S000001285",1343.58102204697,1.66267438239196,0.219192327044094,7.58545887446817,3.31312399058424e-14,3.64152084053095e-12,"S000001285","S000001285","YKE4"
"S000001289",143.582962900666,-1.09655704749693,0.220443328402572,-4.97432630618971,6.5474940549816e-07,2.1017761874157e-05,"S000001289","S000001289","EMC5"
"S000001301",493.140182052798,-1.01099609964883,0.320267873501391,-3.15672030602356,0.00159554308691612,0.0180718602400169,"S000001301","S000001301","TED1"
"S000001311",86.047328461682,-1.18047104111947,0.263953412333647,-4.47227043091721,7.73934665293581e-06,0.000185245441924539,"S000001311","S000001311","DFG10"
"S000001334",208.873736242609,1.21784975732478,0.295144906035878,4.12627740617939,3.68682511845862e-05,0.00071042482892711,"S000001334","S000001334","HOP1"
"S000001358",71.0775459948995,-1.0290426419224,0.335799391891651,-3.06445653795119,0.00218065856543751,0.0232068691173865,"S000001358","S000001358","BMT5"
"S000001369",2954.03823139072,1.478385443983,0.175482100626575,8.42470792579008,3.61651240673401e-17,5.34271655442134e-15,"S000001369","S000001369","PFK26"
"S000001380",192.843613843448,-1.49857609585868,0.421410660453723,-3.55609441452003,0.000376408853218638,0.00532544996981004,"S000001380","S000001380","RHO3"
"S000001383",395.275360471572,-2.07270070805737,0.256250304824856,-8.08857850715156,6.0365073313046e-16,8.00950020200331e-14,"S000001383","S000001383","QDR2"
"S000001385",956.314902812405,-1.05712393942182,0.222484740066355,-4.75144470180982,2.01968396240414e-06,5.59444313699002e-05,"S000001385","S000001385","SIM1"
"S000001393",106.875302918187,-2.55596199157651,0.317047682018046,-8.06175896101027,7.52043782379905e-16,9.65638273468926e-14,"S000001393","S000001393","FKH1"
"S000001396",84.4420279374226,-1.01368136574986,0.366566575619183,-2.7653404133686,0.00568634209204419,0.0496660228878545,"S000001396","S000001396","FLX1"
"S000001400",327.618980651989,-1.31074148670715,0.23146843354161,-5.66272241381682,1.48990073079429e-08,6.58191194224527e-07,"S000001400","S000001400","TPM2"
"S000001420",31.8808724022811,-4.05551011693276,0.610035640391776,-6.64798881968312,2.97124869436592e-11,2.04109929059467e-09,"S000001420","S000001420","AIM20"
"S000001447",202.911577048489,-1.00669733919813,0.331905454172627,-3.03308465269912,0.00242067684714744,0.0251380795184873,"S000001447","S000001447","PRI1"
"S000001449",282.931640120383,-1.07732193493655,0.22096982293171,-4.8754256153316,1.08574104046191e-06,3.25698606002317e-05,"S000001449","S000001449","DSN1"
"S000001456",324.132697693733,1.034467522908,0.269207070185626,3.84264619125606,0.000121714869947736,0.0020418078122246,"S000001456","S000001456","MET28"
"S000028799",360.624567878974,1.06667487548524,0.237105318760964,4.49873870843276,6.83578119652596e-06,0.000166224420989505,"S000028799","S000028799",NA
"S000001458",269.936340947569,1.16477739976561,0.385814296783161,3.01901046559779,0.00253601770782506,0.026197253599856,"S000001458","S000001458","FLO11"
"S000028800",48.2053952082336,-1.94638758587082,0.637344052732319,-3.05390405311948,0.00225884311318118,0.023872496563074,"S000028800","S000028800",NA
"S000001465",166.301004643692,-1.37361562818944,0.353044472800993,-3.89077222280642,9.99257019668946e-05,0.00172906702685537,"S000001465","S000001465","YVH1"
"S000001471",25.0899601427684,-1.90228715220206,0.41091173255913,-4.62943012202339,3.66673432797795e-06,9.61398147558952e-05,"S000001471","S000001471","DAL3"
"S000001474",1262.11078916501,2.60065278236629,0.232846416673323,11.1689620116204,5.78529749753302e-29,2.33777065642959e-26,"S000001474","S000001474",NA
"S000003548",49.0724144417736,-2.56839048475839,0.551220464909296,-4.65946141020185,3.17037823019684e-06,8.45783038925716e-05,"S000003548","S000003548","RPC17"
"S000003549",1403.60577230923,-1.49824888358098,0.295634707215698,-5.06790592245261,4.02216099368231e-07,1.35111173330565e-05,"S000003549","S000003549","VTC4"
"S000003553",2072.00053496421,1.02214849214679,0.230822229502094,4.42829312563034,9.49817600840468e-06,0.000218662039361836,"S000003553","S000003553","TPH3"
"S000003562",137.94695164791,1.35451116766,0.432321554273267,3.13311042271981,0.00172964358266848,0.0192657189314389,"S000003562","S000003562","RRN7"
"S000003563",4515.50124329212,-1.17561590935957,0.324973949527178,-3.61756968849361,0.000297382275160268,0.00439537998774588,"S000003563","S000003563","RNR2"
"S000003574",42.290494071284,-1.9418333438898,0.64593801450438,-3.00622242426736,0.00264515432811083,0.027181582134566,"S000003574","S000003574","IRC18"
"S000003610",274.827623487486,-1.00885103636293,0.346561074679208,-2.91103389870534,0.00360234932260555,0.0350018934535203,"S000003610","S000003610","SMC3"
"S000003615",1693.78351930224,-2.17575354614982,0.266288618047715,-8.1706591971571,3.0670892364904e-16,4.25643828486279e-14,"S000003615","S000003615","PRY1"
"S000003618",1448.72553982304,1.97187646441421,0.158926036541041,12.4075104830605,2.37936398729218e-35,1.63450409107037e-32,"S000003618","S000003618","IML2"
"S000003624",593.122839538211,1.98321348175481,0.370744588207863,5.34927156008247,8.83089500102315e-08,3.41768074419879e-06,"S000003624","S000003624","ARG3"
"S000003632",157.265367268585,-1.06143555907485,0.290611498724057,-3.65242106294876,0.000259779464684259,0.00392641371319806,"S000003632","S000003632","MRPL49"
"S000003633",196.25847997545,-1.41275393994147,0.222775815155687,-6.341594750553,2.27398832168072e-10,1.3583619805031e-08,"S000003633","S000003633","PHS1"
"S000003651",415.919379847464,-1.39299869351542,0.335664343990899,-4.14997517148616,3.32511340329403e-05,0.000648916662611601,"S000003651","S000003651","ASF1"
"S000003652",4351.66892075481,-1.40161849320906,0.25942421217981,-5.40280524100651,6.56066818880703e-08,2.59760865262305e-06,"S000003652","S000003652","NCA3"
"S000003668",1027.19290764896,1.47842169677774,0.317389867362777,4.65806205176644,3.19200007922948e-06,8.49900951328174e-05,"S000003668","S000003668",NA
"S000003669",515.194634621153,2.24372635797132,0.28524514325062,7.8659581453415,3.66283001153335e-15,4.4931804936122e-13,"S000003669","S000003669","MRS3"
"S000003680",465.916432910157,1.25923625251063,0.320000346398799,3.93510902935496,8.31589359997196e-05,0.00147232038878885,"S000003680","S000003680",NA
"S000003681",193.854157856467,-1.48602314277192,0.267045537580564,-5.56468067669399,2.62632889900094e-08,1.12408513219233e-06,"S000003681","S000003681","SFH5"
"S000003689",5498.06818871029,-3.65796386322307,0.380935637620942,-9.60257718618336,7.79700279832127e-22,1.84694864562303e-19,"S000003689","S000003689","INO1"
"S000003694",1239.60760680348,-3.90431901282917,0.22262980199873,-17.5372702925525,7.4417172321985e-69,2.55604382632938e-65,"S000003694","S000003694","CIS3"
"S000003696",34.1044139179325,-1.56410006760222,0.468998872192265,-3.33497618084041,0.000853067060064829,0.01057787756158,"S000003696","S000003696","PIR5"
"S000003699",2193.05387548137,1.07065501949517,0.167416363605676,6.39516350992389,1.60375644802425e-10,9.83661153544876e-09,"S000003699","S000003699",NA
"S000003703",1742.69859944,-1.03208860376491,0.139361938238202,-7.40581407529527,1.30348349806983e-13,1.29772172318706e-11,"S000003703","S000003703","ERG20"
"S000003704",213.192298712236,-1.62197508561405,0.454381665060225,-3.56963145816868,0.000357483793343017,0.00512144925624578,"S000003704","S000003704","SET2"
"S000003705",22.3522737188284,-1.74926918064077,0.53505345584805,-3.26933535616215,0.00107800453369124,0.0127899000763246,"S000003705","S000003705",NA
"S000003708",821.34283934041,-1.46193244095499,0.217400558164337,-6.7246029784794,1.7607186040201e-11,1.25992254690793e-09,"S000003708","S000003708","CPS1"
"S000003723",368.502003559294,-1.13051962451929,0.249498630035979,-4.53116565953194,5.86591161870087e-06,0.000145735551047615,"S000003723","S000003723","SWE1"
"S000003724",54.8219579484584,-1.26504029911804,0.437974899297295,-2.88838538726243,0.00387225117381649,0.036917400798487,"S000003724","S000003724","BUD19"
"S000003726",1249.09716255547,-1.74251801074319,0.499880273467487,-3.48587072391552,0.000490538000436836,0.00660735449804087,"S000003726","S000003726","RPS22A"
"S000003728",300.374044935886,-1.19434097903091,0.397883690995083,-3.00173393899089,0.00268446686583071,0.0275649404107983,"S000003728","S000003728","SOP4"
"S000003732",401.620510230579,-1.24174264512153,0.26095568255779,-4.75844263267401,1.95092320653451e-06,5.41489574435912e-05,"S000003732","S000003732","ELO1"
"S000003734",326.731076064872,-1.3707454286524,0.272069215781038,-5.03822317683886,4.69873375324719e-07,1.55182459220825e-05,"S000003734","S000003734","PHO90"
"S000003744",138.92406279852,-1.85425597071012,0.656723811816583,-2.82349434777004,0.0047503263535194,0.0430790321920812,"S000003744","S000003744","NUC1"
"S000003776",563.760600629499,-1.29709974591829,0.210625034764278,-6.15833605615755,7.35132318839726e-10,3.97637123170827e-08,"S000003776","S000003776",NA
"S000003783",37.3062467556585,-1.19178625197856,0.384152401263718,-3.10237876441234,0.00191972161921006,0.0209492099494258,"S000003783","S000003783","LSM8"
"S000003784",30.6250218803733,-1.3421444501903,0.46530077231816,-2.88446641406514,0.00392077578216853,0.0372785733364799,"S000003784","S000003784",NA
"S000003809",157.780319939587,-1.71240897263959,0.389735706687544,-4.39376978618089,1.11401787020468e-05,0.000248869780792555,"S000003809","S000003809","CYC1"
"S000003813",667.645761352284,1.0267928855301,0.295733309042517,3.4720231172285,0.000516551853673127,0.00691032708628539,"S000003813","S000003813","RAD7"
"S000003814",68.5149519605133,-1.19150454259997,0.340468143688102,-3.49960654084422,0.000465945361113704,0.00630701804565633,"S000003814","S000003814","BFA1"
"S000003834",3598.3857592037,-1.69692415507615,0.200065630730207,-8.48183742946079,2.21665145642867e-17,3.34665652306302e-15,"S000003834","S000003834","OPI3"
"S000003835",433.954384650129,-1.15108555651289,0.233655970710461,-4.92641190812656,8.37533451153875e-07,2.62115537252918e-05,"S000003835","S000003835","MOG1"
"S000003837",490.720047844712,-1.16264015454487,0.224059169002917,-5.18898717565867,2.11440956086652e-07,7.50642712060599e-06,"S000003837","S000003837","CDC11"
"S000003855",572.571754149535,-1.09426014291243,0.360497115283887,-3.03541997014515,0.00240200960782485,0.0249630937987183,"S000003855","S000003855","RPL43B"
"S000003856",1214.36741608982,-1.47183260326146,0.448633403907989,-3.28070221798134,0.00103549006230805,0.0123602067472201,"S000003856","S000003856","SFC1"
"S000003857",4659.70096185504,2.37447340887777,0.254812330600743,9.31851846917977,1.17976070218331e-20,2.41921377422335e-18,"S000003857","S000003857",NA
"S000003866",1533.92545890569,-2.36882334286321,0.291658819539605,-8.1218985477706,4.58946907122749e-16,6.2430411455044e-14,"S000003866","S000003866","ADO1"
"S000003872",191.546510905516,1.2613953453912,0.357491500000172,3.52846248201872,0.000417981192898884,0.00579483132511895,"S000003872","S000003872","PXP2"
"S000003873",71.5694259047412,-1.23966228346061,0.346942361384843,-3.57310729803193,0.000352770125391533,0.00508573846039273,"S000003873","S000003873","NNF1"
"S000003876",317.498845915664,1.53977370497462,0.231191717955763,6.66015944943691,2.73530667150786e-11,1.88846122411289e-09,"S000003876","S000003876",NA
"S000003879",154.18080177799,-1.15425075518585,0.306754337905254,-3.76278543628079,0.000168031356882136,0.00270009685637856,"S000003879","S000003879","ILM1"
"S000003891",1349.15836525813,1.13581226459283,0.180987308166071,6.27564593397136,3.48185721689985e-10,2.01844878915557e-08,"S000003891","S000003891","STR2"
"S000007348",59.8150693852952,-1.39121857522314,0.357067966799898,-3.89622902242246,9.77020065559155e-05,0.00169700109743581,"S000007348","S000007348","TIM8"
"S000003904",777.630568402787,-1.41335813889344,0.329447643519505,-4.29008422641747,1.78605368086018e-05,0.000372926922816687,"S000003904","S000003904","PMT4"
"S000003915",445.96568698575,2.69505619347323,0.36027021834421,7.4806521778559,7.39546753434495e-14,7.75620827895918e-12,"S000003915","S000003915",NA
"S000003916",2341.30314361261,1.93187646288258,0.226214128775207,8.54003449449581,1.34181774117262e-17,2.07137460067085e-15,"S000003916","S000003916","AAD10"
"S000003920",87.7305659967956,-1.09823507643824,0.297043424112493,-3.69722063270564,0.000217972887496717,0.00336486460822178,"S000003920","S000003920","SOR1"
"S000001501",127.273107303971,-1.12948141376623,0.320130193763344,-3.52819395286781,0.000418405464336414,0.00579483132511895,"S000001501","S000001501","SWD2"
"S000001504",406.792952552996,-1.08912002424187,0.303887078359353,-3.58396293163198,0.000338420134869777,0.00491004510493035,"S000001504","S000001504","MAK11"
"S000001531",187.881885720815,-1.18124468076145,0.420774489089842,-2.80731059365445,0.0049957048456059,0.0447431478968575,"S000001531","S000001531","ELM1"
"S000001533",1976.30102051183,1.24715336598628,0.180369076927259,6.91445222891083,4.69674644241533e-12,3.68734853556252e-10,"S000001533","S000001533",NA
"S000001534",418.038869150573,2.04653972447785,0.163003621273944,12.5551795014323,3.72335922642139e-36,2.69238065325281e-33,"S000001534","S000001534","SFK1"
"S000001540",610.918919049218,-1.2350881377022,0.245389960795783,-5.03316490086594,4.82447783548718e-07,1.58953239764409e-05,"S000001540","S000001540","NUP120"
"S000001545",3177.4601131081,2.68851897083308,0.276174913910532,9.73484134661139,2.14151608083185e-22,5.34950716991795e-20,"S000001545","S000001545","MSN4"
"S000001554",245.491731405072,2.0245731809885,0.23326114826688,8.679427311539,3.9776658677351e-18,6.91761409579905e-16,"S000001554","S000001554",NA
"S000001564",1214.11242495002,-2.33635649011706,0.355259112054941,-6.57648575599588,4.81697120827497e-11,3.15144606811856e-09,"S000001564","S000001564","TEF4"
"S000001579",730.282032245507,-2.27022738154439,0.27167283303735,-8.35647553037543,6.46198294722682e-17,9.34538775915255e-15,"S000001579","S000001579","CWP1"
"S000001956",3460.21667598744,-2.93239200248377,0.258835626949143,-11.3291668424762,9.40955122129918e-30,4.17025239449773e-27,"S000001956","S000001956","CWP2"
"S000001584",817.5581891885,-1.09976815926535,0.207017750975033,-5.31243409845557,1.08170550381062e-07,4.07165805941207e-06,"S000001584","S000001584","HSL1"
"S000001596",395.71319289094,-1.51542315930855,0.247436446539655,-6.12449451364751,9.09719482641605e-10,4.8257281745224e-08,"S000001596","S000001596","RAD27"
"S000001605",176.834197976978,-1.23865333674237,0.332561653376325,-3.7245825673735,0.000195638674436062,0.00305788367244262,"S000001605","S000001605","SRP21"
"S000001610",374.935023077359,-1.53265969494412,0.206221008176557,-7.4321220155801,1.06869147369142e-13,1.09572777291391e-11,"S000001610","S000001610","PGM1"
"S000001614",63.755466570889,2.98119142392825,0.353080281475507,8.44338123746242,3.08287570401791e-17,4.60387274972848e-15,"S000001614","S000001614",NA
"S000001615",209.719273290883,2.53167727481042,0.316276499557219,8.00463290302858,1.1982358216212e-15,1.52431129196794e-13,"S000001615","S000001615","RMA1"
"S000001617",294.14635971603,-1.01336456316542,0.317148983115035,-3.19523194812786,0.00139718502859534,0.0161039640166706,"S000001617","S000001617","OCT1"
"S000001646",21441.1924314013,1.53366339534507,0.217399903359463,7.05457257176979,1.73132075907101e-12,1.52478307108183e-10,"S000001646","S000001646","PIR3"
"S000001647",2141.69810972755,-1.01472290011275,0.212063708020522,-4.78499083876509,1.70995131993238e-06,4.87407078517655e-05,"S000001647","S000001647","PIR1"
"S000001660",78.4925815165367,-1.63817126498631,0.446340180312629,-3.6702303248587,0.000242332013134026,0.00369113029761461,"S000001660","S000001660",NA
"S000001661",806.968678775172,-1.51090224462386,0.423459981835719,-3.56799298501367,0.000359726132769732,0.00514284842676727,"S000001661","S000001661","STE3"
"S000001665",5116.97415517674,-2.07254392031196,0.218268028138991,-9.49540772408584,2.19351275244496e-21,5.02277861764021e-19,"S000001665","S000001665","FAS1"
"S000001668",933.015094022391,-1.28969159268717,0.313929032188529,-4.10822657495612,3.98708861893353e-05,0.000757657130505224,"S000001668","S000001668","ASH1"
"S000001700",17415.5181697027,-2.13312633401599,0.392062068188586,-5.44078733214744,5.30456081095088e-08,2.14351061710748e-06,"S000001700","S000001700","JEN1"
"S000001718",283.705670212231,-1.06703109918095,0.262853323443733,-4.05941642738774,4.91955110978768e-05,0.000920840772443774,"S000001718","S000001718","TOF2"
"S000001721",1465.8028679739,-1.66731510261855,0.223343810957554,-7.46523978197639,8.31480569394267e-14,8.65432692644533e-12,"S000001721","S000001721","PRY2"
"S000001742",111.761787427025,-1.79703806056065,0.48879758112108,-3.67644630408984,0.000236505608406296,0.0036144055104495,"S000001742","S000001742","DAL80"
"S000001747",1424.53388185338,-2.06438727875372,0.494541764427848,-4.17434365961402,2.98846358248054e-05,0.00058907462209039,"S000001747","S000001747","GAP1"
"S000001750",4814.63238190396,-1.22135363600949,0.287278214842428,-4.25146625433955,2.12375513888222e-05,0.00043549659482243,"S000001750","S000001750","UTH1"
"S000001753",58.2843398614039,-1.08278268348628,0.381344890252265,-2.83937902713211,0.00452014305937611,0.0414950864899081,"S000001753","S000001753",NA
"S000001765",470.774398134206,-1.6737164324644,0.477381514435297,-3.5060352817479,0.000454834924879055,0.00618710597318152,"S000001765","S000001765","RPS21A"
"S000001766",1509.43670442932,1.48152989001094,0.335822117586826,4.41165072943086,1.02585501584729e-05,0.00023257792182716,"S000001766","S000001766","GLG1"
"S000001769",449.278390386051,1.2211067589504,0.283380922903856,4.30906479673189,1.63946333548748e-05,0.000347601647627507,"S000001769","S000001769","KTR2"
"S000001783",862.273804090204,1.47130626031347,0.264145691883002,5.5700558650987,2.54657669361337e-08,1.09335678729857e-06,"S000001783","S000001783",NA
"S000001791",52.5651242341732,-1.29913180394813,0.367829681568724,-3.53188410029223,0.000412610153730652,0.0057551785808177,"S000001791","S000001791","DAD2"
"S000001800",262.904697826981,-1.54852624826642,0.409258786859981,-3.78373366189012,0.00015449314652841,0.00251789008321925,"S000001800","S000001800","SRP40"
"S000001807",326.876905431035,1.33388961526692,0.242899643255807,5.49152562510004,3.98476493442771e-08,1.6440446076307e-06,"S000001807","S000001807","BAS1"
"S000003925",79.8865260236017,-1.68231233058344,0.37629665657951,-4.47070762168191,7.79612182256632e-06,0.000185956454375414,"S000003925","S000003925","RTT109"
"S000003932",14.4488658852511,-1.87181867513735,0.671865240403646,-2.78600314850756,0.00533623534016295,0.0472083305463611,"S000003932","S000003932","COX17"
"S000003949",33130.7426286868,1.72935273509774,0.257138614303241,6.7253716046643,1.75144874482722e-11,1.25985101074247e-09,"S000003949","S000003949","HSP104"
"S000003951",361.424374899367,1.22844548986408,0.316621789611244,3.87985138790477,0.000104520305557875,0.00179500559757455,"S000003951","S000003951","TPO1"
"S000003971",2490.64421659178,1.07059837311501,0.219030216383172,4.88790264098586,1.01915906072802e-06,3.10480871371422e-05,"S000003971","S000003971","YBT1"
"S000003979",535.422190844639,1.57827606021379,0.199155423015963,7.92484601379543,2.28429223072989e-15,2.85308099618164e-13,"S000003979","S000003979",NA
"S000003993",184.736905573849,-1.08124557745451,0.289912172906488,-3.72956253135073,0.000191812501728515,0.00300834698772611,"S000003993","S000003993","CMS1"
"S000003994",1219.10420665765,3.09780356903852,0.355136477053076,8.72285380185134,2.71276435959123e-18,4.77829096620819e-16,"S000003994","S000003994","THI73"
"S000004001",63.4858083475987,-1.25797977695814,0.277712352220901,-4.52979410853682,5.90411939101445e-06,0.000146420029446115,"S000004001","S000004001","LOT6"
"S000004013",968.550981111745,1.18683951696746,0.238992687324035,4.96600766431947,6.83452548253226e-07,2.18880059684174e-05,"S000004013","S000004013","IZH3"
"S000004035",337.983433497142,-2.07674289154698,0.225831650091434,-9.19597802480808,3.71598594400835e-20,7.39912041807691e-18,"S000004035","S000004035","STU2"
"S000004046",1940.77879952378,-1.67673761687222,0.347947668251952,-4.81893620755084,1.44325687515421e-06,4.16573659826548e-05,"S000004046","S000004046","ERG3"
"S000004050",988.120339134226,-1.52028774808082,0.491348510691924,-3.09411286489895,0.00197402374646748,0.0214488855074608,"S000004050","S000004050","FRS1"
"S000004063",63.9369895993257,-1.22766254589901,0.362938172521515,-3.38256661560238,0.000718118590534708,0.00914386590857864,"S000004063","S000004063","RFU1"
"S000004074",244.256201948146,-1.61503443420726,0.281364738746441,-5.74000296342283,9.46748943552369e-09,4.37940252015559e-07,"S000004074","S000004074","RAX2"
"S000004082",1512.04808920724,2.32980228736168,0.16645654112445,13.9964598064056,1.63830749521647e-44,2.50096740853101e-41,"S000004082","S000004082","SUL2"
"S000004084",1275.68400677434,1.17590594064965,0.32970334997896,3.56655745452599,0.000361701537185895,0.00516035038358984,"S000004084","S000004084","GIS3"
"S000004091",97.1751367502175,-1.2764859347705,0.259532148031289,-4.91841162820649,8.72492903276108e-07,2.71021547260913e-05,"S000004091","S000004091",NA
"S000004093",184.507822661738,-1.01734749656293,0.336923440497835,-3.01952127480267,0.00253174511149353,0.0261727961526032,"S000004093","S000004093","CDC45"
"S000004099",6243.38900519657,1.21584140570612,0.220321841917635,5.51847876326603,3.41946784752017e-08,1.43231916942316e-06,"S000004099","S000004099","AHP1"
"S000004100",10102.0853286189,-2.79456097206021,0.285730430836585,-9.78041073146484,1.36654845688839e-22,3.47685356466475e-20,"S000004100","S000004100","CCW12"
"S000004111",1743.45160133698,1.14783753277232,0.160735808879616,7.14114384823856,9.25574257031779e-13,8.31141484794746e-11,"S000004111","S000004111","YPS3"
"S000004122",74.8213025649845,-2.07244872269235,0.296954692002435,-6.97900648990369,2.97274747616657e-12,2.44566332784745e-10,"S000004122","S000004122","USB1"
"S000004123",358.431664568825,-1.45224147087183,0.222539710782328,-6.52576327059358,6.76561057698275e-11,4.28353565516894e-09,"S000004123","S000004123","CKI1"
"S000004124",153.196444321956,-1.28511664651939,0.337220484281475,-3.81090920160923,0.000138456619148665,0.00228682789049679,"S000004124","S000004124","PDC5"
"S000004143",2010.68006112024,-1.86067730007471,0.451193793543104,-4.12389825991026,3.72513488203828e-05,0.000716801514626385,"S000004143","S000004143","ACS2"
"S000004169",440.997363967815,-1.47279936579975,0.243489643766013,-6.04871461069232,1.4600603313916e-09,7.48498839290641e-08,"S000004169","S000004169",NA
"S000004173",241.32751794501,-2.99491987168769,0.312433429784069,-9.58578559841548,9.1756663171145e-22,2.13668609374299e-19,"S000004173","S000004173","TOS4"
"S000004183",475.70994200913,1.14582254587476,0.320736886394278,3.57246888175565,0.000353631515336562,0.00508747998870054,"S000004183","S000004183","UPS1"
"S000004184",1624.55219180974,-1.01203665406765,0.327693190732982,-3.08836644363568,0.00201260134156515,0.0218068847253656,"S000004184","S000004184","NCW2"
"S000004188",148.079426669326,-1.70928321245762,0.395074065053601,-4.3264880275695,1.51505550664101e-05,0.000323722357787572,"S000004188","S000004188",NA
"S000004199",201.350811610273,-2.05480009999713,0.183232320267571,-11.2141793379931,3.47393742517856e-29,1.49151332139151e-26,"S000004199","S000004199","PNP1"
"S000004200",76.0800751221101,-2.18447899541755,0.553312345317038,-3.94800335453546,7.88057006735179e-05,0.00140794736222817,"S000004200","S000004200","CLB4"
"S000004202",198.236674632959,-1.98734917639701,0.349875732044444,-5.68015725121673,1.34570962455617e-08,6.02237932631182e-07,"S000004202","S000004202","TUB4"
"S000004227",2175.84831165255,2.23483012855958,0.225424342414542,9.91388110362037,3.62292894153654e-23,9.57219629380203e-21,"S000004227","S000004227","THI7"
"S000004244",308.42043085359,-1.08044856490115,0.237321932822367,-4.55267050985065,5.29691985252304e-06,0.000135017406036761,"S000004244","S000004244","NDL1"
"S000004275",137.461648586889,-1.01563167231515,0.320789942854584,-3.16603339642583,0.00154533050588845,0.0175957820001998,"S000004275","S000004275","NNT1"
"S000004276",6677.69078020344,-2.66959268500505,0.208164734864534,-12.8244233430908,1.19673629417066e-37,9.13442219200598e-35,"S000004276","S000004276","CTS1"
"S000004288",464.067415941767,2.12847086907185,0.19052328599423,11.1717098409499,5.60906146385743e-29,2.33523925611931e-26,"S000004288","S000004288",NA
"S000004298",58.0151117150002,-2.15470134363136,0.39860723942746,-5.40557503854237,6.46007977303376e-08,2.5651744509165e-06,"S000004298","S000004298","CDA1"
"S000004306",541.727239616652,-1.37279790293579,0.28203121651489,-4.8675388487122,1.12996624179491e-06,3.34915753521847e-05,"S000004306","S000004306","CDC3"
"S000004317",338.790340696811,-1.04914152273213,0.359512450204794,-2.91823418670061,0.00352019862469122,0.0342764060273797,"S000004317","S000004317","RPL38"
"S000004318",401.557532402762,1.31620908398415,0.207714567796346,6.33662384852385,2.34854412500476e-10,1.39682457720521e-08,"S000004318","S000004318",NA
"S000004320",459.997671511452,1.34266636805788,0.463119774129862,2.89917736849083,0.00374143177223067,0.0359492789104503,"S000004320","S000004320","NMA1"
"S000004329",1402.19752883075,1.10132524415569,0.263584042755607,4.17826979449143,2.93735097527102e-05,0.000581502378231247,"S000004329","S000004329","VRP1"
"S000004330",339.66948867613,1.05269057601347,0.352780891692925,2.98397844328194,0.00284526816576913,0.0288282738418157,"S000004330","S000004330","OPI9"
"S000004333",21.3767064849077,-2.00940951056474,0.657890176224431,-3.05432362905395,0.00225568603317208,0.0238574829944197,"S000004333","S000004333","SPO77"
"S000004351",1733.26456760003,-1.40503874074847,0.233439736116049,-6.01884993585662,1.7566062127849e-09,8.93852324350064e-08,"S000004351","S000004351","ADE13"
"S000004359",547.562911975586,-2.7644468017087,0.233792570397169,-11.8243569374871,2.92131215817126e-32,1.6054363096446e-29,"S000004359","S000004359","RPS22B"
"S000004364",663.642964486406,-1.95869903705551,0.255222585086558,-7.67447377900047,1.66099093963236e-14,1.88597971236437e-12,"S000004364","S000004364","ELO3"
"S000004367",1884.50522268189,1.80447187181349,0.17864796285017,10.1007133975935,5.48417674262848e-24,1.47739420131319e-21,"S000004367","S000004367","STP3"
"S000004369",1179.65079161627,-2.50762682559632,0.392331982649766,-6.39159420208388,1.64165094263861e-10,1.00242854670719e-08,"S000004369","S000004369","FBP1"
"S000004373",680.172642966096,-1.29027916669347,0.374880375594749,-3.44184238677853,0.000577766783072859,0.0076326325313827,"S000004373","S000004373","CTF3"
"S000004396",69.0592139719294,-1.03955243204848,0.369423082145423,-2.81398884447416,0.00489309263613787,0.0440315445623139,"S000004396","S000004396","SEI1"
"S000004397",136.111429548661,-1.23439157556303,0.34438881257764,-3.58429638385754,0.000337988115302063,0.00491004510493035,"S000004397","S000004397","DUS4"
"S000007380",1418.12469632583,1.38582853676588,0.305992603821997,4.52896089466283,5.92744669631052e-06,0.000146733675965064,"S000007380","S000007380",NA
"S000004406",1271.74625802983,-1.29801593210422,0.271901815186759,-4.77384062777465,1.80745434455569e-06,5.07824442532733e-05,"S000004406","S000004406","PUN1"
"S000006434",60.8913390746904,-1.06493165902725,0.301717806062942,-3.5295618542483,0.000416248389812795,0.00578829618181983,"S000006434","S000006434","LSM3"
"S000004467",712.375258336779,-2.4699810006868,0.403198704292167,-6.12596462834115,9.01358302814496e-10,4.79990764432882e-08,"S000004467","S000004467","ERG6"
"S000004480",227.571870963044,-1.15471500445045,0.402473581183459,-2.86904546891016,0.00411712608106414,0.0385321493376977,"S000004480","S000004480",NA
"S000004493",469.391636579891,-1.09328935852498,0.280948991663642,-3.89141584759232,9.96609552189916e-05,0.00172666061002992,"S000004493","S000004493","NDC1"
"S000004500",53.3078448933187,-1.31723957662876,0.354286773603244,-3.71800381716733,0.000200803236826505,0.00313100115995379,"S000004500","S000004500","CGI121"
"S000004502",337.363613543581,-1.05173703357975,0.373935892293565,-2.81261321861572,0.00491407205539569,0.0441559424258217,"S000004502","S000004502","YMD8"
"S000004516",194.016657053961,-3.0876623412243,0.287874305822689,-10.7257309137068,7.70752762498931e-27,2.78667689578232e-24,"S000004516","S000004516","SUR7"
"S000004520",410.570229986286,-1.62711362410378,0.358394810914079,-4.54000329958422,5.62533479076197e-06,0.000140917159368205,"S000004520","S000004520","IMD4"
"S000004525",97.5872590645003,-2.0356518779734,0.492520383210819,-4.13313224663447,3.57852680224575e-05,0.000692388055809783,"S000004525","S000004525","OGG1"
"S000004529",89.2328352712364,-2.37241558486868,0.367803140746639,-6.4502319910936,1.11679063974866e-10,6.91152549527335e-09,"S000004529","S000004529","TEM1"
"S000004550",699.421211628213,-1.92809153648346,0.279923728034653,-6.88791746959293,5.66150378631107e-12,4.36522923570275e-10,"S000004550","S000004550","TUB1"
"S000004552",280.70128920182,1.29743776136056,0.366326408502529,3.54175328681389,0.000397477047204496,0.00558150486716682,"S000004552","S000004552","AIM33"
"S000004568",70.4449540744966,-1.11143376965477,0.291976623394374,-3.80658477632146,0.000140899008707987,0.00231833710256171,"S000004568","S000004568","CUE4"
"S000004572",249.990358737144,-1.70969831445103,0.253655216364222,-6.74024504190007,1.58119734347525e-11,1.14337212115823e-09,"S000004572","S000004572","MDM1"
"S000004592",4198.42107906881,-4.11427038351701,0.757256385545388,-5.43312735561001,5.53748558797871e-08,2.22454720740466e-06,"S000004592","S000004592","PHO84"
"S000004593",475.38689584439,-1.11996457643475,0.314356470149744,-3.56272156861048,0.000367029900368761,0.00521470920492906,"S000004593","S000004593","TUB3"
"S000004595",866.629233096479,-1.13521371071042,0.291453807379711,-3.8950038804312,9.81971577071968e-05,0.00170344791633734,"S000004595","S000004595","ERG13"
"S000004603",265.223661036164,-1.07148213508565,0.311637219971822,-3.43823544306593,0.000585518363338872,0.00771278695485404,"S000004603","S000004603","CDC5"
"S000004605",35.8319413931807,-3.34488977761572,0.596559459554755,-5.60696796277808,2.05901755422803e-08,8.95216524605663e-07,"S000004605","S000004605","AIM34"
"S000004617",1090.19093194608,-1.58134134538716,0.528786874139948,-2.99050793943998,0.00278513888990527,0.0282923793998233,"S000004617","S000004617","ERG5"
"S000004635",69.2445538183243,-2.97130796152383,0.396947991387926,-7.48538354139208,7.13384924341234e-14,7.59782595001877e-12,"S000004635","S000004635","HOF1"
"S000004651",172.762502569361,-1.09948653230641,0.311470573131254,-3.52998526073627,0.000415582818352493,0.00578489598920456,"S000004651","S000004651","CSM3"
"S000004662",840.439444910438,-1.41247183492978,0.396761432282702,-3.56000286318998,0.000370850750429003,0.0052581201859072,"S000004662","S000004662","FET3"
"S000004666",2331.68742290206,1.33265197585825,0.214296969102731,6.21871593162569,5.01239808289559e-10,2.83396449633344e-08,"S000004666","S000004666","ARG7"
"S000004676",982.743737203262,-1.03948699872223,0.142400952412805,-7.29971942679752,2.88368423449222e-13,2.7136258697047e-11,"S000004676","S000004676","ABF2"
"S000004684",532.254969098973,-1.13865435660943,0.260931371150907,-4.36380781500934,1.27817877093255e-05,0.000278302664561684,"S000004684","S000004684","SEC14"
"S000004708",542.881293909114,1.06956111013203,0.233220215371512,4.58605660932203,4.5169617635316e-06,0.000116432528459964,"S000004708","S000004708",NA
"S000004709",382.380305560361,1.93597563607315,0.285119849879351,6.79004158038228,1.12101230985286e-11,8.23614338238953e-10,"S000004709","S000004709",NA
"S000004710",3615.69601858534,2.1548025114787,0.309374965265291,6.96501900091024,3.28359430123172e-12,2.6537236532131e-10,"S000004710","S000004710","YPK2"
"S000004718",73.8248685591353,-1.19012599724685,0.314566290428038,-3.78338694723905,0.000154708612246119,0.00251841424603014,"S000004718","S000004718","MED11"
"S000004722",4638.63330313362,-1.72636945890331,0.510340328736673,-3.38278078704238,0.000717558835036912,0.00914386590857864,"S000004722","S000004722","ASC1"
"S000004723",36.1333693650483,-1.94723151833164,0.441619652303189,-4.40929543822654,1.03707466174051e-05,0.000234301195653079,"S000004723","S000004723","SPC24"
"S000004727",2029.35316565056,-1.12248388759729,0.253280542268874,-4.4317809711798,9.34579275591561e-06,0.000215801422980714,"S000004727","S000004727","ADE17"
"S000007524",606.358127189398,-2.23297679517047,0.377332507568445,-5.91779597671009,3.26284352409737e-09,1.60674577697397e-07,"S000007524","S000007524",NA
"S000004744",3255.43773701371,1.42964500095713,0.484027202956313,2.95364597738562,0.0031404404186609,0.0313957117329832,"S000004744","S000004744","GAT2"
"S000004752",100.988452571699,-3.30406358897686,0.381148701999069,-8.66869956961031,4.37083547510228e-18,7.50636357405377e-16,"S000004752","S000004752","FDO1"
"S000004781",1703.44442023196,1.25326945606735,0.180045551160951,6.96084656347323,3.38234002741667e-12,2.71754208401624e-10,"S000004781","S000004781","EAR1"
"S000004789",102.755217198788,-1.30723473836632,0.367629564395597,-3.55584769281405,0.000376762309531651,0.00532544996981004,"S000004789","S000004789","MMT1"
"S000004793",937.677388967687,1.67651183052165,0.184391465485207,9.0921335546094,9.71143039495915e-20,1.853129752727e-17,"S000004793","S000004793",NA
"S000004794",352.92892362276,1.28792057600203,0.312421109951086,4.122386532087,3.74967323394453e-05,0.000720514133722572,"S000004794","S000004794","RGM1"
"S000004808",1284.08663437292,2.11529282024718,0.487682980987692,4.33743415848371,1.44155697696134e-05,0.000308978959539342,"S000004808","S000004808","ICY1"
"S000004811",90.510007245709,-1.61284321109746,0.344521444391981,-4.68140151317386,2.84920272006467e-06,7.69060828506256e-05,"S000004811","S000004811","CIK1"
"S000004812",612.690964234202,-3.61049020085394,0.272477795459029,-13.2505850422474,4.47699522226057e-40,4.10062915724253e-37,"S000004812","S000004812","CLN1"
"S000004815",544.741797173553,-1.24996416827634,0.37758406799341,-3.31042613879078,0.00093154033451888,0.0113461282410948,"S000004815","S000004815","ERG2"
"S000004818",4112.99242621495,1.13598505255699,0.218474324084208,5.19962726658509,1.99688561283095e-07,7.10756772919286e-06,"S000004818","S000004818","PFK2"
"S000004827",300.513034800499,-1.22324297773077,0.414886727700032,-2.94837818628699,0.00319446006566777,0.0318264589138575,"S000004827","S000004827","SCJ1"
"S000004828",285.830142752977,-2.72675118293865,0.233206973591602,-11.6924084256323,1.39377222224072e-31,7.36501406206355e-29,"S000004828","S000004828","GAS3"
"S000004830",1219.24389794927,-1.59513117037588,0.523552185034338,-3.04674723164656,0.00231332151581453,0.0242431154124911,"S000004830","S000004830","GUA1"
"S000004854",628.156573279542,-1.4969372452807,0.515429726384473,-2.90425089717099,0.00368133020022262,0.0355931003665437,"S000004854","S000004854","YHM2"
"S000004858",111.339625108527,-2.5741382244447,0.460887729901174,-5.58517412688913,2.33466174660331e-08,1.00867665838311e-06,"S000004858","S000004858",NA
"S000004863",337.488035902436,1.62974562507318,0.232191190574932,7.01898130173559,2.23491686451633e-12,1.8722879757067e-10,"S000004863","S000004863","GTO3"
"S000004865",124.940604915032,1.5076718557749,0.229061702508209,6.58194643306149,4.64328890521384e-11,3.06702626291986e-09,"S000004865","S000004865",NA
"S000004866",591.822424577868,1.52254378076869,0.216343939861427,7.03760771734079,1.95568340945827e-12,1.68988266431115e-10,"S000004866","S000004866",NA
"S000004885",2814.21227043904,1.48407297142649,0.225537581018637,6.5801582367058,4.69947857225959e-11,3.08928880881696e-09,"S000004885","S000004885","SCS7"
"S000004903",269.532865937755,-1.6415263949833,0.581326865831703,-2.82375801200031,0.00474642059227879,0.0430720426138165,"S000004903","S000004903","HAS1"
"S000004918",18674.4465268019,-3.671384197813,0.906661409774737,-4.04934428468194,5.13613388265829e-05,0.000957467346185104,"S000004918","S000004918","ADH2"
"S000004919",87.4739741864741,-2.57135769328453,0.429463466075006,-5.98737237601357,2.13258158289616e-09,1.0732431636414e-07,"S000004919","S000004919",NA
"S000004921",1681.91959172909,-3.68333435529176,0.238540692532272,-15.4411153761258,8.65897897269268e-54,1.69951017294035e-50,"S000004921","S000004921","SCW10"
"S000004924",3814.54419927256,-2.12268312631274,0.248106158816547,-8.55554387056662,1.17314301211112e-17,1.83156952765848e-15,"S000004924","S000004924","GAS1"
"S000004937",656.836463236095,-1.1084436355066,0.209749592336955,-5.28460448078453,1.25976634813248e-07,4.64019567211585e-06,"S000004937","S000004937","ADH6"
"S000004939",16.9413498044985,2.04593195502718,0.631335321810956,3.24064230900074,0.0011926072742093,0.0139278135617549,"S000004939","S000004939",NA
"S000004942",749.185608956276,1.0267522716009,0.272419037971012,3.76901805119125,0.000163891036118731,0.00264697470070447,"S000004942","S000004942","ERR3"
"S000004952",3864.8758590166,1.15803772259326,0.298080581585544,3.88498209589317,0.000102337429843627,0.00175971708212966,"S000004952","S000004952","SIS1"
"S000004960",248.144166593865,-1.15690904512801,0.285822339708028,-4.04765088099766,5.17342332091821e-05,0.000963111964852241,"S000004960","S000004960","PBI2"
"S000004975",1195.21058761847,-2.47828707337976,0.299458908346761,-8.27588361642597,1.27506493240061e-16,1.80599145425279e-14,"S000004975","S000004975","HHF2"
"S000004988",92.6954498718257,-1.74205683865306,0.348422976839443,-4.9998334049474,5.73798710356318e-07,1.8505681881656e-05,"S000004988","S000004988",NA
"S000004989",347.973137766411,-1.96069602852654,0.34953141386025,-5.60949874825976,2.02913464991634e-08,8.8502479222859e-07,"S000004989","S000004989","YIP3"
"S000005001",319.860667590296,1.05750950883387,0.317423350348855,3.33154289900741,0.000863659874822239,0.0106899306488133,"S000005001","S000005001","OCA2"
"S000005003",192.081830804376,1.1314311731843,0.355043133922164,3.18674286328362,0.00143884631810813,0.016487330746028,"S000005003","S000005003",NA
"S000005006",212.847598306922,-1.60109142319175,0.33885479482897,-4.72500742980448,2.30106943094411e-06,6.32287858234822e-05,"S000005006","S000005006","GCD10"
"S000005010",829.335171844091,-1.97468924856268,0.276812140308026,-7.13368007040919,9.77203211301282e-13,8.71804864939501e-11,"S000005010","S000005010","SUN4"
"S000005011",2121.09678833734,-1.28981279201964,0.338173770412028,-3.81405332071775,0.000136705952642291,0.00226289528114751,"S000005011","S000005011","RPL9B"
"S000005012",718.670351902462,1.48251718497082,0.226030554681317,6.55892380152337,5.41974858024004e-11,3.46334538343804e-09,"S000005012","S000005012","FKH2"
"S000005022",365.089225340714,-1.630988110791,0.28264164158355,-5.77051598502294,7.9029167800511e-09,3.73120871618976e-07,"S000005022","S000005022","NIS1"
"S000005033",100.807697434259,-1.77174946769133,0.285610917825085,-6.20336743841281,5.52675956477908e-10,3.08667275042682e-08,"S000005033","S000005033",NA
"S000005034",130.491496086913,-1.79195778626913,0.285038071988574,-6.28673136106872,3.24219693731055e-10,1.89551249879616e-08,"S000005034","S000005034","RHO2"
"S000005046",383.00371041387,-1.13778665818592,0.302265778538733,-3.76419276997352,0.000167087955257352,0.00268808128487208,"S000005046","S000005046","POL1"
"S000005055",29.9117944363994,-1.67061489997713,0.561178814623647,-2.97697428420837,0.00291108426574486,0.0294083725934329,"S000005055","S000005055","CYB5"
"S000005066",63.8634710749082,-1.1849864534278,0.30634142371346,-3.8681887648867,0.000109646772164776,0.00187135031400231,"S000005066","S000005066",NA
"S000005074",774.849793954875,-1.60215148745915,0.243777047736232,-6.57219989468689,4.95772422920789e-11,3.22815986659181e-09,"S000005074","S000005074","CPT1"
"S000005079",1256.79849027027,-1.08919508629022,0.158146107099507,-6.88727093108206,5.68728461453376e-12,4.36522923570275e-10,"S000005079","S000005079","FPR1"
"S000005085",186.275038823778,-1.50276380921749,0.384518592885174,-3.90816942801581,9.29980822383524e-05,0.00162764414251302,"S000005085","S000005085","AAH1"
"S000005088",2670.25324782897,1.60600459503667,0.264769144500976,6.06567883151034,1.31397472335061e-09,6.81233914117509e-08,"S000005088","S000005088",NA
"S000005104",13204.5736496286,1.41477655277135,0.307959713794766,4.59403126252481,4.34764202399862e-06,0.000112702365599466,"S000005104","S000005104","YGP1"
"S000005112",292.454946619144,-1.06633652220128,0.218267687184914,-4.88545297727872,1.03191332506691e-06,3.13660556926863e-05,"S000005112","S000005112","FMP41"
"S000005113",426.610956530509,-2.33440983617251,0.205916537594953,-11.3366797219775,8.63591259356267e-30,3.95496010409859e-27,"S000005113","S000005113","PSD1"
"S000005114",38.7673411580477,-1.95210232272143,0.409211246227122,-4.77040242837795,1.8385822872109e-06,5.14466029409175e-05,"S000005114","S000005114",NA
"S000005126",173.10872839161,-1.83311841379873,0.65957713404112,-2.77923281325343,0.00544874577788609,0.048018164363295,"S000005126","S000005126","IPI3"
"S000005132",135.418943851896,-1.49031312613433,0.377641832675846,-3.94636662886221,7.9346086759865e-05,0.00141576089090102,"S000005132","S000005132","KAR1"
"S000005134",1341.18073783498,1.85495912978584,0.349534980703287,5.30693416164969,1.11484422401141e-07,4.15090644815522e-06,"S000005134","S000005134",NA
"S000005144",2721.88479839435,1.04390856524569,0.195971073324412,5.32685027201742,9.99304721951974e-08,3.82435865596049e-06,"S000005144","S000005144","NNR1"
"S000005166",58.6350796830656,-1.33728962381587,0.446565043667596,-2.99461331060049,0.00274792968697287,0.0280906294414585,"S000005166","S000005166","SSU72"
"S000005169",252.96326507441,-1.50523857950951,0.317560139650048,-4.74001107685709,2.13706535546412e-06,5.89581142946216e-05,"S000005169","S000005169","CNM67"
"S000005183",1852.3926335224,-1.12837789995114,0.368966764202293,-3.05821014093422,0.00222663373456307,0.0236229504858394,"S000005183","S000005183","LAP3"
"S000005185",5181.22399783763,1.0069551700059,0.336956805350674,2.98838056990111,0.00280460087742907,0.0284582063921699,"S000005185","S000005185","ZWF1"
"S000005200",408.902984577059,-1.18367117656307,0.410658764778451,-2.88237163816936,0.00394693912232352,0.0374495832883998,"S000005200","S000005200","FOL1"
"S000005208",275.290504795925,1.28497619420261,0.3288908108991,3.90699937979364,9.34493934032457e-05,0.00163346210682849,"S000005208","S000005208","PDR17"
"S000005213",25.933257968597,2.31125762981012,0.55111040770427,4.19381960039187,2.74296152488908e-05,0.000550153991101475,"S000005213","S000005213","BSC4"
"S000005218",927.756948416194,-1.04855794458335,0.203817928275086,-5.14458150692292,2.68117826825663e-07,9.30219904736814e-06,"S000005218","S000005218","GOR1"
"S000005233",352.344420067591,-4.9508134199323,0.385147669447414,-12.8543252696698,8.13324246665119e-38,6.57309519113651e-35,"S000005233","S000005233","PCL1"
"S000005236",152.028897555782,-1.18060688626897,0.362341632232621,-3.25827004474889,0.00112093682494641,0.0132307139501192,"S000005236","S000005236","PUS4"
"S000005244",116.856351952342,-3.81510916636311,0.388002470751385,-9.83269296964777,8.14121104129827e-23,2.11041695276221e-20,"S000005244","S000005244","TOS6"
"S000005245",497.392276383019,-1.49977327167419,0.333294489756456,-4.49984418515319,6.80032900445119e-06,0.000165655532255594,"S000005245","S000005245","RPL18B"
"S000005271",1114.50511342228,-3.18220430291524,0.374789073182068,-8.49065389206095,2.05477664986113e-17,3.13673071027134e-15,"S000005271","S000005271","EGT2"
"S000005276",99.368884880265,-1.93582571247224,0.266719348070595,-7.25791258292916,3.93109457498543e-13,3.55324397142927e-11,"S000005276","S000005276","THI12"
"S000005285",2218.88817329302,-1.56509869782565,0.368058349653357,-4.25231135035974,2.11575426795181e-05,0.000434504452726306,"S000005285","S000005285","ATO2"
"S000005292",68.4600326411441,-2.14875474464538,0.462143284872431,-4.64954228478841,3.32672476917588e-06,8.82352733662306e-05,"S000005292","S000005292","NRM1"
"S000005299",4597.48486551999,-1.71652121984567,0.217907732678092,-7.87728456787457,3.34572348427221e-15,4.14116170724468e-13,"S000005299","S000005299","ACC1"
"S000005313",361.396813160021,-1.05958420777521,0.27272112729419,-3.88522964204462,0.00010223320638957,0.00175971708212966,"S000005313","S000005313","ALG12"
"S000007525",4025.38917816358,1.13518785744698,0.380688717199002,2.98193197266093,0.00286435637982209,0.0290002890953395,"S000007525","S000007525","EGO4"
"S000005326",411.211278552323,-1.2462897298424,0.339618287712013,-3.66967791469234,0.00024285626555597,0.00369501908358081,"S000005326","S000005326","MVD1"
"S000005327",471.873546986787,1.50718462421358,0.268636892155113,5.61049010105181,2.01754413475909e-08,8.82771938453987e-07,"S000005327","S000005327","AGA1"
"S000005333",713.940811311813,-1.1628582247641,0.309642896927123,-3.75548167358024,0.000173008421208513,0.0027639101150974,"S000005333","S000005333","LYS9"
"S000005340",404.45583422407,2.39234244219819,0.223174345947012,10.7196122029465,8.2347870460204e-27,2.90096767244293e-24,"S000005340","S000005340","BIO4"
"S000005341",572.052682019937,2.30246242031754,0.281587333950287,8.17672580658058,2.91660680201003e-16,4.08890416865467e-14,"S000005341","S000005341","BIO3"
"S000005348",895.128250939693,1.56877639312351,0.26142331309711,6.00090471862684,1.96221114810908e-09,9.91133050142305e-08,"S000005348","S000005348",NA
"S000005349",183.142850129828,1.6985335281414,0.382530353090313,4.44025817669006,8.98510192796062e-06,0.000208172538597388,"S000005349","S000005349",NA
"S000005350",692.063627470472,-1.68786520441921,0.33468159597764,-5.04319695108655,4.5781759369291e-07,1.51931302409345e-05,"S000005350","S000005350","DSE4"
"S000005351",320.714619573986,1.91754211920885,0.204599145050048,9.37219028329659,7.10426985081521e-21,1.50162405354385e-18,"S000005351","S000005351",NA
"S000005352",353.501812114905,1.76125635279464,0.265846543017659,6.62508653602333,3.47044810241615e-11,2.33727874897527e-09,"S000005352","S000005352","BSC5"
"S000005367",295.334736511616,-1.24116182992534,0.374010371282005,-3.31852249356343,0.000904950336358634,0.0110910906969057,"S000005367","S000005367","CSI2"
"S000005372",183.383085718603,-1.39589891202117,0.236182818838101,-5.91024748916236,3.41594115612717e-09,1.67016425423598e-07,"S000005372","S000005372","HTZ1"
"S000005379",389.272814095446,-1.52631725844358,0.344679836350826,-4.42821742810058,9.50150938925802e-06,0.000218662039361836,"S000005379","S000005379",NA
"S000005380",541.597781250873,-1.23685741863894,0.328172825422731,-3.76892089418341,0.000163954834434784,0.00264697470070447,"S000005380","S000005380","TAT2"
"S000005405",1001.17990415562,1.47423052742139,0.165227604884659,8.92242266932642,4.56197415423596e-19,8.4698598520335e-17,"S000005405","S000005405","PSK2"
"S000005406",105.896329246577,1.85967490910894,0.255376063660156,7.28210342995857,3.28654935985188e-13,3.05093930101385e-11,"S000005406","S000005406",NA
"S000005412",289.004708674817,-1.25975030550824,0.316519426976315,-3.98000943431034,6.89125333209164e-05,0.00124250563687148,"S000005412","S000005412","SPE2"
"S000005416",1011.8583969496,1.57881573616733,0.276340631686686,5.71329567617615,1.10808901029664e-08,5.07467830415516e-07,"S000005416","S000005416","THI20"
"S000005430",107.586395164203,-1.55607072394273,0.317348627719763,-4.90334788942851,9.42169062163209e-07,2.89585251567345e-05,"S000005430","S000005430","NUF2"
"S000005436",155.47405550241,-1.63209685799761,0.488438561475281,-3.34145783467223,0.000833396738386423,0.0103526562284729,"S000005436","S000005436","MDM20"
"S000005437",329.903563229942,-1.77137465924284,0.638631605526829,-2.77370340570848,0.00554221811814384,0.0486222351863222,"S000005437","S000005437","BRX1"
"S000005441",5924.44601113794,1.02037168224822,0.326045751469575,3.12953528039894,0.00175083046433282,0.0194616988264309,"S000005441","S000005441","IRA2"
"S000005450",445.04365348335,-1.00179438571773,0.296985478980424,-3.37320999382521,0.000742972660094677,0.00941669868730698,"S000005450","S000005450","MSH2"
"S000005461",66.4907954531153,-1.54796691340035,0.326040229353628,-4.74777887523016,2.05662706824024e-06,5.68531172848143e-05,"S000005461","S000005461","IZH4"
"S000005467",84.9782083050987,-1.87687579522229,0.393054763623024,-4.77509998332545,1.79617991355177e-06,5.05690898202619e-05,"S000005467","S000005467",NA
"S000005479",1202.38209142451,1.11743830348884,0.183434511038893,6.09175611045141,1.11678738457265e-09,5.85631369337544e-08,"S000005479","S000005479","MCH4"
"S000005484",103.679887549677,-2.04203228571423,0.572655217126321,-3.5659018282615,0.000362607101333012,0.0051625481504811,"S000005484","S000005484","TRM11"
"S000005496",154.333522888912,1.04111994748986,0.285494469108006,3.64672545406124,0.000265603443076016,0.00397894312001986,"S000005496","S000005496","PFK27"
"S000005499",1227.5225673728,-1.11175067882621,0.339256688575558,-3.27701919008327,0.00104909238945081,0.0125117016828686,"S000005499","S000005499","CDC33"
"S000005512",189.358953961314,1.07048759115044,0.290376796402554,3.68654659880744,0.000227317833110901,0.00348562467534672,"S000005512","S000005512","FRE7"
"S000005517",122.945140017422,-1.02573501133353,0.367361993732789,-2.79216421086725,0.00523567781177124,0.0464683316898741,"S000005517","S000005517","IMA2"
"S000005519",272.625589253514,1.31581079416756,0.169706184020059,7.75346403412168,8.94191242630729e-15,1.04112656631386e-12,"S000005519","S000005519","CSS3"
"S000005551",127.7545387886,-3.03276421148028,0.32578666704896,-9.30904950454744,1.28981394977689e-20,2.60599321411539e-18,"S000005551","S000005551","HST3"
"S000005552",143.599425341332,-1.33613868823654,0.294626084351279,-4.53503189026358,5.75947824496995e-06,0.000143610656275213,"S000005552","S000005552","BUB3"
"S000005553",9039.129870098,1.18964487458646,0.213089961333007,5.58282927616349,2.36637011228794e-08,1.0191711276716e-06,"S000005553","S000005553","STI1"
"S000005600",232.623265109249,-1.93481378964815,0.274784482997193,-7.04120468719447,1.90584789452063e-12,1.66779899508401e-10,"S000005600","S000005600","CDC21"
"S000005613",246.394910358715,-1.1964420062319,0.273404660661716,-4.37608489678329,1.2082996827573e-05,0.000266465960536157,"S000005613","S000005613","YVC1"
"S000005617",377.612472723495,-1.14630625976128,0.280627271455046,-4.08479993344091,4.41148098951479e-05,0.000832545842238238,"S000005617","S000005617","TMA46"
"S000005621",206.777697426649,-1.98355001105056,0.551257783791379,-3.59822585616536,0.000320395331680147,0.00468787163147342,"S000005621","S000005621","RKI1"
"S000005633",460.717093906985,1.23587263765766,0.366712339683073,3.37014194484359,0.000751294725088443,0.00951339928847015,"S000005633","S000005633","RGS2"
"S000005640",126.910963410967,-1.31579554095985,0.389857970957708,-3.37506384114073,0.00073798568987916,0.00937078132463011,"S000005640","S000005640",NA
"S000005654",977.143368827077,-1.15894191061596,0.231076355949557,-5.01540672931917,5.29213928110366e-07,1.72295501381714e-05,"S000005654","S000005654","ADE2"
"S000005660",243.083232185004,1.85814115367351,0.323346802946531,5.74658891549571,9.10617554877242e-09,4.22668060353325e-07,"S000005660","S000005660","BAG7"
"S000005668",1263.46378560905,-1.20809834470304,0.228045922198512,-5.29760994213876,1.17328263086411e-07,4.33326077028011e-06,"S000005668","S000005668","LSC1"
"S000005693",161.146543634696,-1.4447764826722,0.360317664221926,-4.00972981935832,6.07882631241489e-05,0.00111355992941691,"S000005693","S000005693","RPS28A"
"S000005704",4198.33514483404,1.86934902595549,0.250906070784573,7.45039376731745,9.30620503566028e-14,9.6133797733035e-12,"S000005704","S000005704","GAC1"
"S000005705",260.943798149105,1.7402899621936,0.307426179459491,5.66083853123159,1.50635113051932e-08,6.63325582762977e-07,"S000005705","S000005705","SYC1"
"S000005712",220.042326643993,1.05519859878147,0.342385469784777,3.08190239336022,0.00205682268983563,0.0222203549825837,"S000005712","S000005712",NA
"S000005724",688.987762417732,-1.19693108052229,0.337696251858493,-3.54440143749019,0.000393505601270611,0.00553364734478702,"S000005724","S000005724","BFR1"
"S000005728",357.717858937067,2.04397134632049,0.394849138868884,5.17658808165522,2.25980388902364e-07,7.96088349520405e-06,"S000005728","S000005728","HIS3"
"S000005750",274.977220841781,-1.16942878645813,0.393388142234511,-2.97270980211954,0.00295183394726414,0.0297981238805746,"S000005750","S000005750","RPB8"
"S000005773",1188.216993064,-3.98792006605924,0.23704422165227,-16.8235278559512,1.64089835403842e-63,3.75738374768897e-60,"S000005773","S000005773","SRL1"
"S000005774",28.7473387764504,-2.96855575892947,0.691889869209878,-4.29050328821766,1.78268646212597e-05,0.000372926922816687,"S000005774","S000005774",NA
"S000005789",49.7885700510593,-1.5978297701173,0.39282521264631,-4.06753364773444,4.7513349561719e-05,0.000893003980339888,"S000005789","S000005789",NA
"S000005790",455.803448303704,-1.72962447535672,0.199598779515528,-8.66550626990261,4.49510963291997e-18,7.62448286996142e-16,"S000005790","S000005790","DSE3"
"S000005793",2966.45183664767,2.33454766333045,0.222727518354865,10.4816310107262,1.04918494335032e-25,3.35226789225351e-23,"S000005793","S000005793","HRK1"
"S000005798",332.528216287417,-1.51013157617629,0.483462543180432,-3.12357513002345,0.00178668244810866,0.0197325001242483,"S000005798","S000005798","YTM1"
"S000005802",402.911252768236,-1.50341380899133,0.344550818665151,-4.36340222558697,1.2805518681467e-05,0.000278378198045372,"S000005802","S000005802","CAF20"
"S000005803",114.542311084016,-1.59912055627972,0.362201576684666,-4.41500164333057,1.01009222965001e-05,0.000229762535482807,"S000005803","S000005803",NA
"S000005810",96.0060726718969,-1.33709102468915,0.319490988799561,-4.18506646999049,2.85082667901841e-05,0.000568468907736341,"S000005810","S000005810","HUA2"
"S000005812",216.678720655202,-1.04049762265425,0.286474341395262,-3.63207963961639,0.000281146320758362,0.00417585870367473,"S000005812","S000005812","RDL2"
"S000005827",193.232385785514,-1.43729973334812,0.360398741747014,-3.98808199601608,6.66096428826464e-05,0.00120573107189022,"S000005827","S000005827","RAX1"
"S000005829",6406.18899674445,1.08725915940747,0.323515437546721,3.36076438160838,0.000777271015424181,0.00979718025771818,"S000005829","S000005829","CPA1"
"S000005832",133.218352143972,-1.68400820696573,0.398954462640379,-4.22105369074091,2.43163005602977e-05,0.000492745801471873,"S000005832","S000005832","RRG7"
"S000005833",1191.95085171205,2.09241611963267,0.368850172171351,5.67280776179392,1.40475839270981e-08,6.26622583033769e-07,"S000005833","S000005833","MCH5"
"S000005836",50.6825087293457,-1.84975136203058,0.557690649638151,-3.31680540678019,0.000910530104572014,0.0111296913760809,"S000005836","S000005836",NA
"S000005840",44.4784930896782,-4.01413424809799,0.613407063704048,-6.54399742946993,5.98958269338534e-11,3.80976280668617e-09,"S000005840","S000005840","SPS4"
"S000005842",82.0104295881842,-2.32107641529032,0.52143915287506,-4.45128909575085,8.53563382817886e-06,0.000200547182198373,"S000005842","S000005842","SFG1"
"S000005864",704.791318207609,1.46796024442887,0.255422592096089,5.74718247271025,9.07427874861432e-09,4.22615307549872e-07,"S000005864","S000005864","TEA1"
"S000005865",1417.96644551898,1.34548876730649,0.325548571693373,4.13298931187994,3.58075383792346e-05,0.000692388055809783,"S000005865","S000005865",NA
"S000005867",189.256216165706,-1.5040944421306,0.358879181612338,-4.19108858689755,2.77619229920477e-05,0.000555198049472698,"S000005867","S000005867","RPA43"
"S000005869",223.569943781753,-1.22394976580504,0.283981963878399,-4.30995598836386,1.63287039810429e-05,0.00034673889334706,"S000005869","S000005869",NA
"S000005874",834.708022511238,-1.94075570599168,0.29555512596311,-6.56647621883547,5.15198708950274e-11,3.30762386087281e-09,"S000005874","S000005874","PYK2"
"S000005875",1497.53653291026,-3.51632528532915,0.328442502123458,-10.7060604598835,9.53328126909791e-27,3.27444378390341e-24,"S000005875","S000005875","PUT4"
"S000005885",261.176557417297,1.23063037949926,0.249627621545103,4.92986461947646,8.22866199653937e-07,2.58113212717933e-05,"S000005885","S000005885","HAP5"
"S000005902",2015.99720698156,-2.2429158890778,0.344971555577409,-6.50174152858382,7.93954332728142e-11,4.95824480788725e-09,"S000005902","S000005902","GDH1"
"S000005910",841.007454204164,1.98706021942205,0.592440087505994,3.3540272870241,0.000796445083017999,0.00997480309533663,"S000005910","S000005910","FIT3"
"S000005911",991.229916841904,1.06777339977306,0.329321721068657,3.24234124705807,0.00118551976491839,0.0138800552244264,"S000005911","S000005911","FRE5"
"S000005912",493.683703618505,-1.58042142754342,0.463993210933567,-3.40613049997772,0.000658906752843578,0.00852421834022403,"S000005912","S000005912",NA
"S000005917",207.333597279693,1.28408333272544,0.345538340214894,3.71618192044002,0.000202255980733113,0.00314699311358125,"S000005917","S000005917","FEX1"
"S000005928",212.784735156637,-1.23495227966879,0.361076867725527,-3.42019218081714,0.000625769108639181,0.00815696563908321,"S000005928","S000005928","TFC8"
"S000005935",1060.18138437514,1.48072789252055,0.287137059608534,5.15686792411709,2.51114796379481e-07,8.75651316613628e-06,"S000005935","S000005935","CIP1"
"S000005940",1085.27644884944,-1.54459653468024,0.267207839077653,-5.78050606603409,7.44762525399104e-09,3.52837666774424e-07,"S000005940","S000005940","VTC3"
"S000005945",537.98664777324,-1.22510540004325,0.246801602359634,-4.96392806339261,6.90815394201858e-07,2.20723551184636e-05,"S000005945","S000005945","RMI1"
"S000005949",1585.09152605805,-1.23337082768313,0.175385033772499,-7.03236075025076,2.03067935216332e-12,1.74371897621074e-10,"S000005949","S000005949","ERG10"
"S000005957",2889.99631856743,-2.16540888369544,0.229656752110608,-9.42889274447515,4.1444068527429e-21,9.18387189513463e-19,"S000005957","S000005957","PMA2"
"S000005958",1515.66004238986,-1.00014609778997,0.289723781996806,-3.45206765870878,0.00055630821171252,0.00736331264038374,"S000005958","S000005958","EGD1"
"S000005979",1564.54240200824,2.87705137365566,0.326575335183957,8.80976321140434,1.25410485052743e-18,2.26712454492058e-16,"S000005979","S000005979","PDR12"
"S000005982",5077.47672032713,-3.90188772727471,0.469046434811289,-8.3187664113566,8.8883524178897e-17,1.27205285280611e-14,"S000005982","S000005982","ALD6"
"S000005991",996.412646687042,1.24413482937399,0.284882245093539,4.36718978034413,1.25855366145232e-05,0.00027577781107964,"S000005991","S000005991","MUK1"
"S000006002",518.297526383669,-2.149182272033,0.491833254129114,-4.36973761735274,1.24395913983326e-05,0.000273015249555417,"S000006002","S000006002","RPS9A"
"S000006024",128.768018359476,-1.12221663845046,0.2224611508636,-5.04455107821739,4.54587388709151e-07,1.51321629277002e-05,"S000006024","S000006024","FMP30"
"S000006032",454.945346175604,-1.72769768247046,0.206624563419151,-8.36153095198907,6.19095492185395e-17,9.0486733692927e-15,"S000006032","S000006032","CAR1"
"S000006045",63.6867362702878,-2.10786275302217,0.381691409968549,-5.52242648896882,3.34349700814057e-08,1.40477998149368e-06,"S000006045","S000006045","SPC29"
"S000006048",461.764921261753,-1.34709006024477,0.28749404310979,-4.68562772874685,2.79103171056699e-06,7.54842217942518e-05,"S000006048","S000006048","HHO1"
"S000006055",961.891100908376,-1.19628773802431,0.277114638943699,-4.31694169093448,1.58205928793289e-05,0.000336990892355194,"S000006055","S000006055","ODC1"
"S000006076",107.851820840041,-2.49591845497757,0.374723641492356,-6.66069118307414,2.72542778417295e-11,1.88846122411289e-09,"S000006076","S000006076","KIP2"
"S000006078",137.293259200545,-1.52288483081572,0.360123156915949,-4.22878896169167,2.3495260732398e-05,0.000477516844973988,"S000006078","S000006078","TGS1"
"S000006079",305.895541402719,-1.59505620215875,0.235301558220836,-6.77877449779466,1.21199525210998e-11,8.85723551528668e-10,"S000006079","S000006079","AIM44"
"S000006084",886.198544472652,-2.43428739027813,0.34892898928824,-6.9764549951659,3.0272125092263e-12,2.47564718239644e-10,"S000006084","S000006084","SVS1"
"S000006108",1336.3505898509,-2.94682273414468,0.482633718428437,-6.1057125137054,1.0234307884258e-09,5.38732398551034e-08,"S000006108","S000006108","MF(ALPHA)1"
"S000006130",46.3390399384427,-1.91941696156735,0.402898185760798,-4.76402483159085,1.8976913627906e-06,5.28851554429616e-05,"S000006130","S000006130","IPL1"
"S000006132",157.934686521598,-1.96817941192312,0.520312824881233,-3.7826847961558,0.000155145830538677,0.00252254268138566,"S000006132","S000006132","NIP7"
"S000006141",1976.69372496107,-1.20004529178697,0.394809195046242,-3.03955760616571,0.00236925887492034,0.024772639027801,"S000006141","S000006141","RPL1A"
"S000006148",121.159930459692,-3.02569616290176,0.492477001303234,-6.14383241226477,8.05538327663596e-10,4.32316057959771e-08,"S000006148","S000006148","ALG5"
"S000006151",2912.33514039659,1.54300006915221,0.443764672452121,3.47706828627439,0.000506928691551691,0.00679917326262384,"S000006151","S000006151","USV1"
"S000006152",5215.88297898393,-1.69370231725968,0.187762420240171,-9.02045422664038,1.87311019624834e-19,3.52529602551451e-17,"S000006152","S000006152","FAS2"
"S000006161",15298.3032605051,1.50952430245715,0.288557992796127,5.23126837634911,1.68350884374153e-07,6.06593177485276e-06,"S000006161","S000006161","HSP82"
"S000006166",139.93346136614,-2.43573118620424,0.360080935921279,-6.76439917590289,1.33863541294467e-11,9.73095869759092e-10,"S000006166","S000006166",NA
"S000006171",420.262534158209,1.69212359014148,0.342303562028568,4.94334204445192,7.6794574255697e-07,2.42204442273358e-05,"S000006171","S000006171","ATG41"
"S000006174",113.756686341604,-1.30107175971478,0.280723850357745,-4.63470331450903,3.57449765295103e-06,9.40805043178049e-05,"S000006174","S000006174","VIK1"
"S000006176",114.927835333091,-1.50249441396335,0.334876183886922,-4.48671624396765,7.23293022289584e-06,0.000174338997074326,"S000006176","S000006176","BBP1"
"S000006177",621.571818016138,-2.30056323722553,0.284240466100657,-8.09372173070826,5.78688075667551e-16,7.79470144274165e-14,"S000006177","S000006177","CLN2"
"S000006184",307.85189740392,-1.07419841702233,0.275303617379313,-3.9018681528703,9.54531482275485e-05,0.0016663669675963,"S000006184","S000006184","KEL3"
"S000006185",163.400198493322,1.40213770565142,0.293096350065354,4.78387979017404,1.71943539362249e-06,4.89019025989508e-05,"S000006185","S000006185",NA
"S000006186",3864.2837111955,-1.67567780393417,0.172534796070933,-9.71211513325847,2.67722847281529e-22,6.56829321214452e-20,"S000006186","S000006186","DIP5"
"S000006188",112.564918055322,-1.99245625169313,0.408219410785625,-4.88084642486406,1.05631480127556e-06,3.19663195037995e-05,"S000006188","S000006188","ACM1"
"S000006190",147.315033409171,-1.06657842185841,0.303733358620124,-3.5115616760172,0.000445482080486417,0.0061055310214759,"S000006190","S000006190","KAR9"
"S000006206",4436.58234800719,-1.25663423798008,0.324909623246423,-3.86764240906155,0.000109892653505281,0.0018724853732671,"S000006206","S000006206","PDH1"
"S000006211",231.318777243653,1.03856031824582,0.2323729003362,4.46936934876318,7.84505611894734e-06,0.00018679935185133,"S000006211","S000006211","REC8"
"S000006213",88.6657759032309,-1.49978035360141,0.333168283188843,-4.50157001514852,6.74533371771189e-06,0.000164900604889046,"S000006213","S000006213","SUT2"
"S000006229",662.18306383113,1.08390251014115,0.23402325234278,4.63160177157748,3.6284756160439e-06,9.53185974929774e-05,"S000006229","S000006229","CCL1"
"S000006230",4115.20212064809,1.62665094097586,0.237531544420181,6.84814703220388,7.48126540236626e-12,5.61667242421366e-10,"S000006230","S000006230","ATH1"
"S000006238",283.361400526617,-1.24329614742335,0.326379312497019,-3.80935953909366,0.00013932723059191,0.00229797937707354,"S000006238","S000006238","ARP7"
"S000006250",46.4685406731161,-1.8174168029473,0.589812082340227,-3.08134888613378,0.00206065043259663,0.0222203549825837,"S000006250","S000006250","MCM16"
"S000006251",112.033904189731,-1.07155142342529,0.376329128819096,-2.84737837538054,0.00440809345539157,0.0407830275984006,"S000006251","S000006251","MSF1"
"S000006256",137.265408131114,-1.8518018209847,0.240137505978484,-7.71142272607186,1.24422786600134e-14,1.42453722091603e-12,"S000006256","S000006256","NHP6A"
"S000006257",58.8746891269838,-1.10585227680551,0.389824673523638,-2.83679395357323,0.00455690093079189,0.0417381745920999,"S000006257","S000006257",NA
"S000006264",90.6719113560204,-1.82691351747676,0.361203409317902,-5.05785236337251,4.24004484652834e-07,1.42082868649885e-05,"S000006264","S000006264","ARO7"
"S000006273",1037.51797395751,-1.09314688691107,0.245254799246404,-4.4571885658099,8.30415526444473e-06,0.000196708257203804,"S000006273","S000006273","SPE3"
"S000006275",90.0489672686964,-1.03645035558036,0.308805806674384,-3.3563175729828,0.000789878117652546,0.00991062598943226,"S000006275","S000006275",NA
"S000006277",138.711827168702,-1.22604432151131,0.320415771827257,-3.82641689115197,0.000130022019187832,0.0021600635086114,"S000006277","S000006277","LTP1"
"S000006278",1707.6380255756,-1.21898192422408,0.413373546560531,-2.94886292160348,0.00318945410097556,0.0317996443347629,"S000006278","S000006278","TKL1"
"S000006282",253.241636198151,1.1951026933178,0.188837198374408,6.32874615597859,2.47161323324892e-10,1.46368509532789e-08,"S000006282","S000006282",NA
"S000006309",447.939343521696,-1.11629043728716,0.179189089154019,-6.22967861803054,4.67392991154689e-10,2.66452792758268e-08,"S000006309","S000006309","COG4"
"S000006321",1387.57594989654,1.39786834059108,0.148019112834384,9.44383677096572,3.59373644255694e-21,8.09415491545735e-19,"S000006321","S000006321",NA
"S000006322",333.512848460388,-1.19750491027526,0.223200724830392,-5.3651479455778,8.0882895110471e-08,3.15436005314081e-06,"S000006322","S000006322","MRI1"
"S000006323",71.6837073939468,-4.06382004850796,0.473733756474437,-8.57827839576226,9.63036366068006e-18,1.53850658528004e-15,"S000006323","S000006323","CLB2"
"S000006324",256.559026137887,-1.60688047789645,0.267473138889365,-6.00763308259189,1.882512700886e-09,9.54385313559879e-08,"S000006324","S000006324","CLB5"
"S000006331",3316.45961997747,1.07426356635099,0.146594341077044,7.32813803355753,2.33372290287769e-13,2.22659853907199e-11,"S000006331","S000006331",NA
"S000006343",254.440415643151,-1.03353248398703,0.211776784605221,-4.88029169917593,1.05929044612108e-06,3.19859152511154e-05,"S000006343","S000006343","LOA1"
"S000006345",204.858259331196,-1.34867372844945,0.257826660074035,-5.23093200703985,1.68657539704036e-07,6.06593177485276e-06,"S000006345","S000006345","KAR3"
"S000006353",10408.7442264822,1.07087599929034,0.314349012913106,3.40664661029605,0.000657662185681359,0.00852417053686434,"S000006353","S000006353","NCE102"
"S000006360",3345.65148644552,2.20756471114438,0.299653935286514,7.36704728751057,1.74448619728587e-13,1.71196399032218e-11,"S000006360","S000006360","TPO3"
"S000006361",375.106578285407,4.1905303906069,0.196868791990861,21.2859049330756,1.53357774714614e-100,2.10698246680409e-96,"S000006361","S000006361","TDA6"
"S000006362",335.983792534807,1.24401813483941,0.346697630815458,3.58819335428796,0.0003329773195275,0.00485017578348372,"S000006362","S000006362","CUR1"
"S000006371",248.761615303604,1.03146176273125,0.245563984317442,4.20037883649043,2.66468739734122e-05,0.000538384414001044,"S000006371","S000006371","MET16"
"S000006379",214.435130697774,-1.6932672042619,0.279873211439696,-6.05012246635381,1.44735765340657e-09,7.44765797758532e-08,"S000006379","S000006379","DPB2"
"S000006391",397.58765990516,-1.46650076666219,0.375090274939897,-3.90972750998989,9.24002936596672e-05,0.00161924443187521,"S000006391","S000006391","RPO26"
"S000006398",374.121277906314,-1.2385074679113,0.250525007921307,-4.94364805409098,7.66740707127758e-07,2.42204442273358e-05,"S000006398","S000006398","OPT2"
"S000006401",70.88117903559,-1.03910191725103,0.320664427053466,-3.24046520157903,0.00119334836716898,0.0139278135617549,"S000006401","S000006401",NA
"WBGene00009221",1906.56414225922,-1.28053465492003,0.407393163604353,-3.14324041078816,0.00167088545862506,0.018724547566109,"WBGene00009221","WBGene00009221",NA
"WBGene00009241",89.2446045722955,1.40002581799016,0.357293741115444,3.91841685672797,8.91324634801538e-05,0.00156597303804838,"WBGene00009241","WBGene00009241",NA
"WBGene00009293",27.4105996086858,1.45338405600699,0.437395829944028,3.32281187086985,0.000891149931657556,0.0109610643787316,"WBGene00009293","WBGene00009293",NA
"WBGene00009405",46.2925823896268,1.27187985812946,0.447522436729192,2.8420471327097,0.00448248641857568,0.0412935447046386,"WBGene00009405","WBGene00009405",NA
"WBGene00009533",122.064265744405,3.05266685824337,0.473814822081027,6.44274243012461,1.17333728451546e-10,7.22891522509324e-09,"WBGene00009533","WBGene00009533",NA
"WBGene00009617",58.9485898792895,1.46321402475207,0.300031030874793,4.87687563678267,1.07779338410849e-06,3.24021954141501e-05,"WBGene00009617","WBGene00009617",NA
"WBGene00009787",337.017443841921,1.5383861050888,0.416657561977531,3.69220733157308,0.000222316107791734,0.00342805948928242,"WBGene00009787","WBGene00009787",NA
"WBGene00009842",26.0536768816472,2.45216738808232,0.481572962064495,5.09199556713052,3.54314389760962e-07,1.20267687678919e-05,"WBGene00009842","WBGene00009842",NA
"WBGene00009935",25.6741289553383,1.47425043717796,0.439783036051481,3.35222215575725,0.000801656625801782,0.0100309293095544,"WBGene00009935","WBGene00009935",NA
"WBGene00009943",67.0116902590288,-1.208305081838,0.423282493844028,-2.85460679194364,0.00430901419976637,0.0400010446558042,"WBGene00009943","WBGene00009943",NA
"WBGene00009947",125.133846475476,1.66784875706,0.348544123379292,4.7851868535021,1.70828333516115e-06,4.87407078517655e-05,"WBGene00009947","WBGene00009947",NA
"WBGene00009963",28.7235407824748,4.78622546852717,0.975345453499814,4.90721051844026,9.23808600124304e-07,2.85218120384445e-05,"WBGene00009963","WBGene00009963",NA
"WBGene00009964",34.8058008931938,3.32222482897884,0.57222641264952,5.80578728198911,6.40642554405939e-09,3.06682510626592e-07,"WBGene00009964","WBGene00009964",NA
"WBGene00010019",81.6220963968795,2.39406621569292,0.486677852272537,4.91920107831876,8.6898164940862e-07,2.70724237669502e-05,"WBGene00010019","WBGene00010019",NA
"WBGene00010117",711.948951671766,1.04853440277817,0.37425147485773,2.80168409002734,0.00508366276712907,0.045353534258173,"WBGene00010117","WBGene00010117",NA
"WBGene00010148",32.1132426720661,1.49626263779102,0.467645060004884,3.19956900170269,0.00137633236950545,0.0158769357049835,"WBGene00010148","WBGene00010148",NA
"WBGene00010236",24.6606795397461,1.70129191608846,0.448230744518143,3.795571671277,0.000147303631158758,0.00241216279915397,"WBGene00010236","WBGene00010236",NA
"WBGene00010251",122.639959125905,1.42144684952407,0.279310317640538,5.08913119118434,3.59707706091249e-07,1.2172473334945e-05,"WBGene00010251","WBGene00010251",NA
"WBGene00010321",43.8187052598612,1.18574745722016,0.361205804582714,3.2827475145091,0.00102800694572513,0.0123136769200677,"WBGene00010321","WBGene00010321",NA
"WBGene00010422",479.717279231163,1.21132555751683,0.328419326276416,3.68835041241548,0.000225712661797459,0.00346487850327965,"WBGene00010422","WBGene00010422",NA
"WBGene00010918",235.350012565469,1.65769139134132,0.210909684140115,7.85972155854188,3.84988289764746e-15,4.6808443478565e-13,"WBGene00010918","WBGene00010918",NA
"WBGene00010985",104.165237090396,1.03319403096699,0.20746248566378,4.98014871296498,6.35354316631376e-07,2.04429343236498e-05,"WBGene00010985","WBGene00010985",NA
"WBGene00011042",17.1583876717633,2.34015385967168,0.757626623270159,3.08879570463196,0.00200969583630182,0.0217925896566304,"WBGene00011042","WBGene00011042",NA
"WBGene00011185",121.993779085812,1.2283532261725,0.417519154481811,2.94202843866416,0.00326069980736127,0.0324158861456849,"WBGene00011185","WBGene00011185",NA
"WBGene00011278",22.6292605798059,2.03410725938931,0.537916474886768,3.78145558716619,0.000155914040774461,0.00253203665035499,"WBGene00011278","WBGene00011278",NA
"WBGene00011393",147.708130048318,1.3536047289251,0.308841198509446,4.38285026563159,1.17136624111544e-05,0.000259570980430403,"WBGene00011393","WBGene00011393",NA
"WBGene00011556",31.1320452506873,-2.46529594063374,0.536595761362028,-4.59432615415399,4.3414989029492e-06,0.000112702365599466,"WBGene00011556","WBGene00011556",NA
"WBGene00011573",164.216178427435,1.12044156924551,0.381465680415079,2.93720150139415,0.00331188833408482,0.0326882426882122,"WBGene00011573","WBGene00011573",NA
"WBGene00011879",40.6994332149548,1.1779608249083,0.385253571753645,3.05762466924399,0.00223098817959107,0.0236492330616676,"WBGene00011879","WBGene00011879",NA
"WBGene00011984",105.569199106212,1.18965046075455,0.347242986205002,3.42598845193728,0.000612566425555892,0.00800765948688144,"WBGene00011984","WBGene00011984",NA
"WBGene00012107",107.214482390587,2.33830896313981,0.540915683394505,4.32287144729433,1.54011481246205e-05,0.00032856579826733,"WBGene00012107","WBGene00012107",NA
"WBGene00012185",1684.40195684609,1.39991298494895,0.298072025275397,4.69655944282436,2.64580262494694e-06,7.19815490379128e-05,"WBGene00012185","WBGene00012185",NA
"WBGene00012607",16.2868872090429,1.80052785769576,0.581944673345396,3.09398460053798,0.00197487736858126,0.0214488855074608,"WBGene00012607","WBGene00012607",NA
"WBGene00012778",125.612852753704,1.94732811530326,0.424913405103857,4.58288228121986,4.58610246297844e-06,0.000117993374042811,"WBGene00012778","WBGene00012778",NA
"WBGene00012886",58.9673265731455,2.35826846466293,0.345598507777225,6.82372293743549,8.87108981813381e-12,6.58810286547786e-10,"WBGene00012886","WBGene00012886",NA
"WBGene00013079",132.11902353621,2.30244180499523,0.405989398213394,5.67118701898969,1.41811485280441e-08,6.30533332125558e-07,"WBGene00013079","WBGene00013079",NA
"WBGene00013257",71.2449184861911,1.12868816397141,0.302146859828182,3.73556145714456,0.000187296828813224,0.0029543870620722,"WBGene00013257","WBGene00013257",NA
"WBGene00013672",209.459643785174,1.45320471739272,0.278655749115512,5.21505377874087,1.83763913405426e-07,6.57482397468007e-06,"WBGene00013672","WBGene00013672",NA
"WBGene00013923",39.999906076046,2.90449480444509,0.625066263939285,4.64669903337995,3.37288698271101e-06,8.92872721685289e-05,"WBGene00013923","WBGene00013923",NA
"WBGene00013969",1499.57241406095,1.85052061235477,0.215839810507778,8.57358338112554,1.00313842938539e-17,1.5841515955547e-15,"WBGene00013969","WBGene00013969",NA
"WBGene00014081",145.208654580616,1.33740040540518,0.236033572967101,5.66614481403284,1.46046107501902e-08,6.47266926118913e-07,"WBGene00014081","WBGene00014081",NA
"WBGene00014136",107.008443513099,-1.44925524963083,0.428569899776077,-3.38160764530606,0.000720629920474087,0.0091673467383273,"WBGene00014136","WBGene00014136",NA
"WBGene00014148",260.016245475066,1.91266579082834,0.400088398658546,4.78060797873997,1.74765859720332e-06,4.93040687206909e-05,"WBGene00014148","WBGene00014148",NA
"WBGene00014173",206.051043715886,5.33643693067189,1.52162503324698,3.50706436478935,0.000453079542438618,0.00617575043758022,"WBGene00014173","WBGene00014173",NA
"WBGene00014698",69.8347517512627,2.6396047824458,0.327410700523601,8.06206021435614,7.50192296497021e-16,9.65638273468926e-14,"WBGene00014698","WBGene00014698",NA
"WBGene00015131",473.996460028193,1.08212667065727,0.195586184531381,5.53273572594104,3.15274311105313e-08,1.33689930872713e-06,"WBGene00015131","WBGene00015131",NA
"WBGene00015182",49.6861322490663,1.96151903735144,0.521625388830401,3.7603979395052,0.000169643277630058,0.00271963709610194,"WBGene00015182","WBGene00015182",NA
"WBGene00015217",199.85843826652,1.1605140559819,0.311108309776128,3.73025733969304,0.000191284295831806,0.0030065029345973,"WBGene00015217","WBGene00015217",NA
"WBGene00015278",201.841635504601,1.06313808799924,0.346421041457364,3.06891891880097,0.00214834889646771,0.0229825305555758,"WBGene00015278","WBGene00015278",NA
"WBGene00015369",146.585420083139,1.25117828687626,0.299503107979781,4.1775135333845,2.94713133772166e-05,0.000582599099985005,"WBGene00015369","WBGene00015369",NA
"WBGene00015449",72.8346392106761,1.61522033746783,0.529569870786672,3.05006086367495,0.00228794995284318,0.0240690232787997,"WBGene00015449","WBGene00015449",NA
"WBGene00015527",19.687735717453,1.43531718423591,0.488299853953279,2.93941759886999,0.00328829694591415,0.0325723949098158,"WBGene00015527","WBGene00015527",NA
"WBGene00015660",2463.59893455114,2.75593266726256,0.761845080090802,3.61744498886058,0.000297525539602858,0.00439537998774588,"WBGene00015660","WBGene00015660",NA
"WBGene00015692",382.535036372655,2.7198900294601,0.366950328761559,7.41214768396476,1.24270255765593e-13,1.24624017807554e-11,"WBGene00015692","WBGene00015692",NA
"WBGene00015993",27.6363526180645,-4.14709810173529,1.40985477852303,-2.94150728494166,0.00326619159988141,0.0324235595309037,"WBGene00015993","WBGene00015993",NA
"WBGene00016013",95.4390719964174,2.05724768052944,0.426990018648572,4.81802288269091,1.44987746037782e-06,4.17607262644253e-05,"WBGene00016013","WBGene00016013",NA
"WBGene00016052",705.883120176698,2.25139055273176,0.303503093860535,7.41801516450542,1.18888491407935e-13,1.20103601724531e-11,"WBGene00016052","WBGene00016052",NA
"WBGene00016093",107.212728001448,1.43946091042409,0.250391986620879,5.74882978425183,8.98632285580687e-09,4.19942482026975e-07,"WBGene00016093","WBGene00016093",NA
"WBGene00016180",47.7608260004769,2.35394363242461,0.682395682256325,3.44952890768792,0.000561565601660926,0.00742574571820929,"WBGene00016180","WBGene00016180",NA
"WBGene00016265",45.6464980445137,1.5598884377337,0.444673376518603,3.50794205388737,0.000451587401355831,0.00616801633066965,"WBGene00016265","WBGene00016265",NA
"WBGene00016659",58.8510601859337,2.57563020521595,0.907771850976523,2.83731006028139,0.00454954070784889,0.0416985588960212,"WBGene00016659","WBGene00016659",NA
"WBGene00016670",20.1034085196618,4.99657258801951,1.62165597693115,3.08115448596878,0.0020619963440245,0.0222203549825837,"WBGene00016670","WBGene00016670",NA
"WBGene00016862",426.310039883029,1.05484499399262,0.294868993977762,3.57733439437913,0.000347115997021109,0.00501474940386227,"WBGene00016862","WBGene00016862",NA
"WBGene00016997",254.699312196033,1.14067705267296,0.284958097221082,4.00296416840534,6.25537791167516e-05,0.00114285421713438,"WBGene00016997","WBGene00016997",NA
"WBGene00017267",45.517640976811,1.58948734871733,0.47882851510916,3.31953360871788,0.000901679503707221,0.0110608702691371,"WBGene00017267","WBGene00017267",NA
"WBGene00017270",45.517640976811,1.58948734871733,0.47882851510916,3.31953360871788,0.000901679503707221,0.0110608702691371,"WBGene00017270","WBGene00017270",NA
"WBGene00017312",112.863379034919,2.88617049209912,0.434326322965092,6.6451659489473,3.02875633972949e-11,2.07025290306186e-09,"WBGene00017312","WBGene00017312",NA
"WBGene00017340",97.9023928832346,1.1890374663202,0.367347616148146,3.23681824531203,0.00120870368724363,0.0140851399143684,"WBGene00017340","WBGene00017340",NA
"WBGene00017464",200.399751354191,1.57392877090201,0.40881653677676,3.84996356387971,0.000118135397504518,0.00198904684597374,"WBGene00017464","WBGene00017464",NA
"WBGene00017466",139.026823321719,2.8936225421492,0.692108977214287,4.18087705464525,2.90386851620362e-05,0.000576535398036438,"WBGene00017466","WBGene00017466",NA
"WBGene00017471",47.4276995048883,1.97274537907848,0.58305459280625,3.38346597971835,0.000715770746816879,0.00913089534866954,"WBGene00017471","WBGene00017471",NA
"WBGene00017484",473.400879720027,1.28922139145377,0.334090169870784,3.85890249914389,0.000113897363233615,0.00193428414519979,"WBGene00017484","WBGene00017484",NA
"WBGene00017667",179.471320261752,1.30647655080467,0.315012036929593,4.14738612384095,3.3629264118673e-05,0.000655365191101345,"WBGene00017667","WBGene00017667",NA
"WBGene00017772",986.299565619469,-1.2498542328661,0.227679470498035,-5.48953416894428,4.02995155510054e-08,1.65770971303971e-06,"WBGene00017772","WBGene00017772",NA
"WBGene00017841",40.7351069637629,2.3635552385229,0.837495612993924,2.82217029182223,0.0047699841297271,0.043200271561187,"WBGene00017841","WBGene00017841",NA
"WBGene00017865",46.8295488026452,2.18696014044558,0.488466964715685,4.4771914958845,7.56314047643944e-06,0.000181660816443709,"WBGene00017865","WBGene00017865",NA
"WBGene00018301",28.1774803025148,4.35277300284979,1.53797658721395,2.83019458100781,0.0046519702573027,0.0423927878042574,"WBGene00018301","WBGene00018301",NA
"WBGene00018465",263.200035948452,1.23135273290526,0.327874662971068,3.75555927910758,0.000172954816572412,0.0027639101150974,"WBGene00018465","WBGene00018465",NA
"WBGene00018566",67.6829006895786,1.3622518754838,0.420161122385291,3.24221305329293,0.00118605319408084,0.0138800552244264,"WBGene00018566","WBGene00018566",NA
"WBGene00018921",95.7833836978564,-1.47614205903111,0.435393940687171,-3.39035967450845,0.000698009790078438,0.00895420775526392,"WBGene00018921","WBGene00018921",NA
"WBGene00018986",137.434707782011,1.14172740496587,0.234572998310156,4.8672584363536,1.13157014547382e-06,3.34915753521847e-05,"WBGene00018986","WBGene00018986",NA
"WBGene00019021",24.4616235415449,3.0285656152013,0.617544460255711,4.90420659582509,9.38057199705591e-07,2.88967889389128e-05,"WBGene00019021","WBGene00019021",NA
"WBGene00019232",93.1272084420929,1.78263359495981,0.422251514140075,4.22173405011982,2.424300483399e-05,0.00049198617934149,"WBGene00019232","WBGene00019232",NA
"WBGene00019234",89.5806442440207,2.77275404561235,0.51719043970168,5.3611858084842,8.26774220430424e-08,3.20877147302079e-06,"WBGene00019234","WBGene00019234",NA
"WBGene00019478",229.699426718341,1.28917929530493,0.288663728224562,4.46602454431694,7.96864718620571e-06,0.0001894139164209,"WBGene00019478","WBGene00019478",NA
"WBGene00019660",129.922326673933,-1.68646963997959,0.335232013547837,-5.03075354328872,4.885558373171e-07,1.60197342455839e-05,"WBGene00019660","WBGene00019660",NA
"WBGene00019717",62.9057534968473,1.58773786182852,0.515191918212308,3.08183767194544,0.00205726992949933,0.0222203549825837,"WBGene00019717","WBGene00019717",NA
"WBGene00019782",112.872262989525,1.60489828779193,0.477064710212792,3.36411026310471,0.00076790856975652,0.00969696308812943,"WBGene00019782","WBGene00019782",NA
"WBGene00019875",821.022915014907,1.07264844160079,0.304468047125898,3.523024671148,0.000426651642897956,0.00588530815439259,"WBGene00019875","WBGene00019875",NA
"WBGene00019968",38.0524540952282,1.83772494175358,0.542604876997599,3.38685666063727,0.000706983151384424,0.0090439865147771,"WBGene00019968","WBGene00019968",NA
"WBGene00020007",329.451815257126,1.25757577909864,0.319550682522207,3.93545014259591,8.30409028170836e-05,0.00147232038878885,"WBGene00020007","WBGene00020007",NA
"WBGene00020029",292.175596417163,1.17990539323702,0.243012607282479,4.85532584680061,1.20188943179443e-06,3.53592267739265e-05,"WBGene00020029","WBGene00020029",NA
"WBGene00020047",152.742829507095,1.21850374786592,0.376956245878262,3.23248058943009,0.00122720472825084,0.0142886150520663,"WBGene00020047","WBGene00020047",NA
"WBGene00020219",220.304803381901,1.29171105280037,0.3034851262224,4.25625818595728,2.07876640207469e-05,0.000427547479013535,"WBGene00020219","WBGene00020219",NA
"WBGene00020335",81.0532302766341,2.30210687588414,0.460294940515554,5.00137340920077,5.69233386118359e-07,1.84450412544343e-05,"WBGene00020335","WBGene00020335",NA
"WBGene00020339",399.105737433437,1.34311513874518,0.376735188992547,3.56514384105422,0.000363656690579776,0.00517213175142395,"WBGene00020339","WBGene00020339",NA
"WBGene00020551",73.7767444971517,1.05682617395712,0.371698084451233,2.84323814990167,0.00446576879483269,0.0412163172209173,"WBGene00020551","WBGene00020551",NA
"WBGene00020672",420.494210898604,2.2120973324597,0.359482627112449,6.15355837979824,7.57634692753573e-10,4.08201687989857e-08,"WBGene00020672","WBGene00020672",NA
"WBGene00020947",34.0658429672693,1.7774740776583,0.504296223795537,3.52466267599688,0.000424022370822409,0.00586671032500411,"WBGene00020947","WBGene00020947",NA
"WBGene00021066",99.5793265095098,3.84189859601531,0.504088064420373,7.62148296534837,2.507777384671e-14,2.82412733508155e-12,"WBGene00021066","WBGene00021066",NA
"WBGene00021156",86.4888695470885,1.83491724634028,0.263192757163346,6.97176193644821,3.1299588852069e-12,2.54452693040578e-10,"WBGene00021156","WBGene00021156",NA
"WBGene00021235",47.2453988637468,1.07366566180529,0.348070097817887,3.08462481705925,0.00203809071640282,0.0220482900414633,"WBGene00021235","WBGene00021235",NA
"WBGene00021335",52.416594334443,1.19174988170527,0.412560342214139,2.88866805594876,0.00386877236182682,0.0369118496382908,"WBGene00021335","WBGene00021335",NA
"WBGene00021379",53.9268568735098,2.65457202939545,0.496608301597462,5.34540405558338,9.02155757550437e-08,3.47190979075223e-06,"WBGene00021379","WBGene00021379",NA
"WBGene00021529",34.3554601302782,2.22619980468632,0.572626659191218,3.88769850120254,0.000101199219410722,0.00174670361241698,"WBGene00021529","WBGene00021529",NA
"WBGene00021540",20.0858734100311,2.35164575004246,0.646736493965766,3.63617295758624,0.00027671857165422,0.00412346687197107,"WBGene00021540","WBGene00021540",NA
"WBGene00021601",45.91850463067,5.46022484592912,0.884106326662316,6.17598209769926,6.57534380340515e-10,3.58486700456283e-08,"WBGene00021601","WBGene00021601",NA
"WBGene00021675",165.051765320622,1.00858997428295,0.300231446208587,3.35937486569023,0.000781190210294302,0.00981955379618794,"WBGene00021675","WBGene00021675",NA
"WBGene00021709",1013.71251275661,1.20756965195325,0.288867386997913,4.18035993783534,2.91048035829997e-05,0.0005770142805582,"WBGene00021709","WBGene00021709",NA
"WBGene00021978",442.019891457654,2.27608176117349,0.332286111703619,6.84976494956139,7.39714278808863e-12,5.58402993217306e-10,"WBGene00021978","WBGene00021978",NA
"WBGene00021979",526.737318493418,1.19460320286776,0.277670332563737,4.30223564699173,1.69083344384078e-05,0.000357940842602905,"WBGene00021979","WBGene00021979",NA
"WBGene00022181",130.084530773274,1.22913031083595,0.32938320433072,3.73161197861757,0.000190258403151471,0.0029942270342475,"WBGene00022181","WBGene00022181",NA
"WBGene00022231",160.507458767844,1.20539448448575,0.386636386439481,3.11764367442542,0.00182303065455353,0.0200694055792555,"WBGene00022231","WBGene00022231",NA
"WBGene00022485",23.9094366200783,1.3871012813343,0.42263163296853,3.28205740680462,0.00103052622677539,0.0123331008969225,"WBGene00022485","WBGene00022485",NA
"WBGene00023492",25.7908059277311,-1.60427326566236,0.426471093065734,-3.76173975621622,0.000168735567395647,0.00270824528089812,"WBGene00023492","WBGene00023492",NA
"WBGene00044479",21.5730557037484,1.54231327467765,0.530629862930116,2.90657081785985,0.00365414174429309,0.0354049742065182,"WBGene00044479","WBGene00044479",NA
"WBGene00044644",167.193905008065,1.15152555835655,0.40358356976546,2.85325182842739,0.00432743135809271,0.0401290410635647,"WBGene00044644","WBGene00044644",NA
"WBGene00044901",114.539213997272,2.02904028984549,0.424237997565101,4.78278773115821,1.72880662288807e-06,4.89733488491941e-05,"WBGene00044901","WBGene00044901",NA
"WBGene00045474",20.4343157920718,3.32318901691272,0.888658102261577,3.73955856414905,0.000184343697722904,0.0029144971956444,"WBGene00045474","WBGene00045474",NA
"WBGene00050899",43.8907189359562,2.53694533783504,0.617480148983751,4.10854558160346,3.98158628278015e-05,0.000757657130505224,"WBGene00050899","WBGene00050899",NA
"WBGene00077490",27.7875243430202,3.6136849907569,0.513406371198362,7.03864461658717,1.94118764163873e-12,1.68797322838446e-10,"WBGene00077490","WBGene00077490",NA
"WBGene00194658",15.5499303710575,3.77562764740985,0.699787777068496,5.39538953256151,6.83750497415233e-08,2.69170432205957e-06,"WBGene00194658","WBGene00194658",NA
"WBGene00206354",33.0054229075187,-2.34583963106508,0.626868323548516,-3.74215691388899,0.000182447528224019,0.00289451107421454,"WBGene00206354","WBGene00206354",NA
"WBGene00219308",22.6113766639256,-1.90874895484817,0.685755881788442,-2.78342338073744,0.00537885651533802,0.047524186279247,"WBGene00219308","WBGene00219308",NA
