"","baseMean","log2FoldChange","lfcSE","stat","pvalue","padj","sgd","systematic","genename"
"S000029715",151.562849866501,-1.51852797635594,0.601061312232904,-2.5264111089012,0.0115234546054268,0.0320919149765378,"S000029715","S000029715","ITS1-1"
"S000029709",151.562849866501,-1.51852797635594,0.601061312232904,-2.5264111089012,0.0115234546054268,0.0320919149765378,"S000029709","S000029709","ITS1-2"
"S000007261",43.3817846497885,1.86653008658447,0.615972685630699,3.03021567372475,0.00244379161207857,0.00871170473435468,"S000007261","S000007261","AI1"
"S000007268",18.8757165230237,-2.49713712773291,0.925422904710299,-2.69837402448412,0.00696791045703799,0.0210400144743359,"S000007268","S000007268","ATP6"
"S000007497",45.2160874879465,1.76146720499772,0.636677776325714,2.76665413886943,0.00566348043977244,0.017778840316929,"S000007497","S000007497","SNR30"
"S000119075",556.447093282269,-1.56033302622991,0.421778357289103,-3.69941463155824,0.000216097311793786,0.00102209105601758,"S000119075","S000119075","SNR86"
"S000002136",2783.07517104988,2.28121347039568,0.236092846567515,9.66235743082257,4.3571976161932e-22,1.97253284564656e-20,"S000002136","S000002136",NA
"S000000004",22569.2702888114,2.28743298826764,0.209146398893487,10.9369943750864,7.67006591318612e-28,5.36993800735972e-26,"S000000004","S000000004","SSA1"
"S000000010",730.509993036141,1.53913942869314,0.297109470843225,5.18037820983933,2.21436466281141e-07,1.95207754535689e-06,"S000000010","S000000010","CYS3"
"S000000016",29.2910297515288,-4.28830122168496,0.778127107779979,-5.51105491481927,3.56689407089593e-08,3.57937820014406e-07,"S000000016","S000000016","LDS1"
"S000000017",529.11722361173,1.05618194957353,0.337423576123248,3.13013679040537,0.00174724920271061,0.00645410272976722,"S000000017","S000000017","FUN30"
"S000028730",44.0927485171115,1.04565747038812,0.343356780953262,3.04539630027128,0.00232373896510272,0.00835297451276624,"S000028730","S000028730",NA
"S000000027",452.57694736129,1.14746756800082,0.232604352403196,4.93313025377874,8.09221514213812e-07,6.35244163895875e-06,"S000000027","S000000027","MYO4"
"S000000035",173.457912245501,2.11785810622489,0.290538499047301,7.28942330592854,3.11284572737787e-13,5.83876764004429e-12,"S000000035","S000000035",NA
"S000000049",3276.28530690301,1.30005333544014,0.299274719372134,4.34401321357047,1.3990309468426e-05,8.63955418557875e-05,"S000000049","S000000049","FLC2"
"S000000050",16934.0316008188,-3.99367216526148,0.65068032557512,-6.1376869843599,8.37316377271552e-10,1.0681105736339e-08,"S000000050","S000000050","ACS1"
"S000000057",8105.76077857224,1.90742138778479,0.429286874066068,4.4432324932703,8.86173172808042e-06,5.67018987617133e-05,"S000000057","S000000057","BDH2"
"S000000058",9529.49367003914,-1.91789458720357,0.334680842865665,-5.73051797880579,1.00124414149559e-08,1.10008959415053e-07,"S000000058","S000000058","GDH3"
"S000000066",118.602476888505,-1.56078119121402,0.255660740220823,-6.10489193556241,1.02870258779329e-09,1.28769610833751e-08,"S000000066","S000000066","SEN34"
"S000000071",63.685897933386,1.04961559052334,0.296187715602809,3.54375126053804,0.000394477226444055,0.00173115698281316,"S000000071","S000000071","KIN3"
"S000000076",245.074087147375,3.66846890189281,0.321428831143975,11.4130051396965,3.60070505274756e-30,2.89064601634574e-28,"S000000076","S000000076",NA
"S000001821",16.4711797997401,2.80386584813207,0.465826591155752,6.01911934905961,1.75368535445862e-09,2.15049684708663e-08,"S000001821","S000001821",NA
"S000000080",7854.09531447885,-1.41233432226684,0.529577436176386,-2.66690803985923,0.00765526153430636,0.0227841471567269,"S000000080","S000000080","YAT1"
"S000002144",18.6774698955724,-1.86358722269528,0.537608403819713,-3.46643990208203,0.000527399622573731,0.0022346749665844,"S000002144","S000002144",NA
"S000000111",6286.17433137421,-1.91153286086261,0.516670615700184,-3.69971274304448,0.000215843638862142,0.0010216938282932,"S000000111","S000000111","ACH1"
"S000000126",3276.18232774955,1.09041593263374,0.173867326955785,6.27154021244623,3.57493941836406e-10,4.78326894177112e-09,"S000000126","S000000126","PET9"
"S000000138",347.196982587216,-1.21152039786133,0.31650044844928,-3.82786313193953,0.000129260597223902,0.000651824167407969,"S000000138","S000000138","FUI1"
"S000000139",698.997898500555,1.65375048369607,0.525179987067411,3.14892136871125,0.00163874282575033,0.00612735708838822,"S000000139","S000000139","ECM13"
"S000000159",174.465709217514,-1.09645159015249,0.16703655498256,-6.56414154534598,5.2333472660726e-11,7.87749597225578e-10,"S000000159","S000000159","KIP1"
"S000000163",1437.05178977855,-1.50032628846736,0.408653679726444,-3.67138817756808,0.000241236621976606,0.00112074513959965,"S000000163","S000000163","UBP13"
"S000000165",474.829590908761,4.76527383522355,0.258988127709678,18.3995840943155,1.32376880118085e-75,6.64200995992492e-73,"S000000165","S000000165","AST1"
"S000000166",14.6887346439607,3.77457020665541,0.59443472536977,6.34984809191189,2.15527648922365e-10,2.99697915510752e-09,"S000000166","S000000166",NA
"S000000172",2435.49485229994,1.65978567575738,0.293019064619115,5.66442896101275,1.47514958848815e-08,1.58322204497097e-07,"S000000172","S000000172","ILS1"
"S000000173",294.667881200426,1.43193564329658,0.275116884790698,5.20482646634344,1.94177974583196e-07,1.73206753328211e-06,"S000000173","S000000173",NA
"S000000176",249.149873417793,-1.23703941220801,0.254182012788001,-4.86674646502133,1.13450417393e-06,8.54924859979041e-06,"S000000176","S000000176","PET112"
"S000000177",112.837752977946,1.5228734182572,0.394118245599291,3.86400131245265,0.000111544621336369,0.000569643905908633,"S000000177","S000000177",NA
"S000000197",1895.52214811053,1.62759918746939,0.322938969772706,5.03995906289955,4.65631435834663e-07,3.83524880322914e-06,"S000000197","S000000197","ECM21"
"S000000208",541.943175429265,2.49991153062308,0.509353910295294,4.90800498453772,9.20075168094898e-07,7.16658808162921e-06,"S000000208","S000000208","GPI18"
"S000000209",479.338581072278,1.67406377508506,0.374877432132812,4.46562964743094,7.9833609432139e-06,5.17414598913788e-05,"S000000209","S000000209","RCR1"
"S000000210",3183.58598428171,2.2055230881781,0.250442426356967,8.80650742871525,1.29105548955552e-18,4.22469842533357e-17,"S000000210","S000000210","UGA2"
"S000000216",13.2821306268077,1.70165173817518,0.71006148193264,2.39648506710101,0.016553167966059,0.0435415571531852,"S000000216","S000000216",NA
"S000000222",68.0878373082196,-2.33312410590706,0.346219140897259,-6.73886515881401,1.59628452525423e-11,2.5359443605688e-10,"S000000222","S000000222","GAL7"
"S000000223",270.595528696602,-1.6939456672202,0.362660734254917,-4.67088247284449,2.99908503450665e-06,2.08998738342182e-05,"S000000223","S000000223","GAL10"
"S000000224",229.130448804834,-1.71777922963855,0.436623140088168,-3.93423772567729,8.34611476681447e-05,0.000435836574249696,"S000000224","S000000224","GAL1"
"S000000225",374.829865486421,-1.00196325554795,0.341178035264174,-2.93677538406637,0.00331644218338046,0.0112826870816067,"S000000225","S000000225","FUR4"
"S000000230",3892.97160954385,-1.76895136216633,0.509679783561943,-3.47071125678922,0.000519081845209886,0.00220563993649169,"S000000230","S000000230","ETR1"
"S000000235",6568.2460247234,1.08060833170208,0.313856016673872,3.44300658357281,0.000575285308986439,0.0024256252418819,"S000000235","S000000235","RPL4A"
"S000000237",733.040799430149,1.1009912673992,0.17297376259101,6.36507670820833,1.95192160389792e-10,2.74281396818331e-09,"S000000237","S000000237","EDS1"
"S000000238",392.204540650397,1.61501045102095,0.585304410818099,2.75926581308963,0.00579313922330469,0.0181087916396845,"S000000238","S000000238","HMT1"
"S000000244",18.4991697951633,-2.18932025788324,0.425538806356148,-5.14481928600167,2.6777845708865e-07,2.32319033160052e-06,"S000000244","S000000244","FIG1"
"S000000245",655.434118263305,1.31866127130804,0.133205428395231,9.89945595456863,4.18545662612162e-23,2.04883206064051e-21,"S000000245","S000000245","FAT1"
"S000000251",373.210822378746,1.21041627826518,0.236688639212233,5.11396018961363,3.15473871879276e-07,2.69810821389932e-06,"S000000251","S000000251","FMP23"
"S000000252",1320.13975838649,1.17622341305939,0.375472611956344,3.13264769680763,0.00173237242651734,0.00641094921945968,"S000000252","S000000252","RPS11B"
"S000000254",887.536851821822,-2.62161240485602,0.187172062814963,-14.0064300485256,1.42384491245492e-44,2.25604479418187e-42,"S000000254","S000000254","REG2"
"S000000255",71.8309482499422,-2.58112552346069,0.262347315604168,-9.83858179572577,7.67855706303327e-23,3.61192125597838e-21,"S000000255","S000000255",NA
"S000000258",21273.2108649648,2.90540834209866,0.63912641272211,4.54590560531556,5.46995487160032e-06,3.61918662438522e-05,"S000000258","S000000258","YRO2"
"S000028736",18.0803138732557,5.29442658536203,1.32861353255335,3.98492598158857,6.75011632951985e-05,0.000357139283128638,"S000028736","S000028736",NA
"S000000273",1196.63858498324,-3.07037654510668,0.469033077638852,-6.5461833961971,5.90260889432863e-11,8.77521188956856e-10,"S000000273","S000000273","TAT1"
"S000000274",182.937869036672,-1.4001835423148,0.169113377473558,-8.27955519091759,1.23636223165829e-16,3.47856869010027e-15,"S000000274","S000000274","ALG14"
"S000000277",858.158596246003,1.26558975083282,0.120416229061759,10.5101260909252,7.75897405161218e-26,4.58007674164284e-24,"S000000277","S000000277","RDH54"
"S000000286",845.46054466087,2.04993322420689,0.487161519269679,4.20791286487492,2.5774020803127e-05,0.000151105529947057,"S000000286","S000000286","UBC4"
"S000000300",253.012621218785,1.71365661343754,0.220758141168807,7.76259758468958,8.32073034166286e-15,1.91950641330085e-13,"S000000300","S000000300",NA
"S000000308",230.019402840097,1.3197034244149,0.404069111644846,3.2660339194025,0.00109065184478571,0.00429765363707771,"S000000308","S000000308","YMC2"
"S000000309",908.256502290502,1.72843023759761,0.29221651796291,5.9148957411675,3.32085867480087e-09,3.9360019844441e-08,"S000000309","S000000309","VID24"
"S000000312",1078.07727843979,1.59087823509327,0.345964147818789,4.5983904549744,4.25767485337021e-06,2.87715603727745e-05,"S000000312","S000000312","AIM3"
"S000000315",1929.92376617989,1.00728623543937,0.215042447290422,4.684127474047,2.81155000692622e-06,1.9753025194519e-05,"S000000315","S000000315","YSA1"
"S000000318",1252.35314268272,1.32333179447599,0.282681224913017,4.68135722449622,2.84981843979094e-06,1.99520428209085e-05,"S000000318","S000000318","RAD16"
"S000000333",339.706944529703,-1.25983614632574,0.188114340917031,-6.69718289517009,2.12475632352802e-11,3.3489941947545e-10,"S000000333","S000000333","OPY1"
"S000000349",913.882284736701,1.13904422052108,0.218628392666775,5.20995560836035,1.88885819649404e-07,1.6898685291368e-06,"S000000349","S000000349","ADH5"
"S000000355",1342.92037580259,1.13537445496318,0.182166165104089,6.23263081985854,4.58666224498435e-10,6.04946427502797e-09,"S000000355","S000000355","APD1"
"S000000361",1113.91153862433,-2.93095380809655,0.329904614330729,-8.88424617534531,6.43556419410076e-19,2.17688382093712e-17,"S000000361","S000000361","ICS2"
"S000000363",986.288500390643,1.45635181267377,0.147445796087182,9.87720132632774,5.22724117799519e-23,2.47820623092197e-21,"S000000363","S000000363","IFA38"
"S000000371",98.9095465476847,-1.02711606054581,0.321218923755886,-3.19755775449386,0.00138596654449551,0.00529163257096227,"S000000371","S000000371","POP7"
"S000000372",244.535862124391,-1.92304800552967,0.25876135352198,-7.43174349397704,1.07175485960517e-13,2.11574951137139e-12,"S000000372","S000000372","PEX32"
"S000000373",10226.6023588712,2.2431667781522,0.246278118411284,9.10826667274645,8.3708596510923e-20,3.05460278540768e-18,"S000000373","S000000373","SSE2"
"S000000381",1104.14317567655,3.04309419063105,0.358653327289793,8.48477891903738,2.16129251803476e-17,6.63935829137108e-16,"S000000381","S000000381","EHT1"
"S000000386",261.268787011816,1.64484026337293,0.288134691050274,5.70858114091489,1.1392186453877e-08,1.24261512026799e-07,"S000000386","S000000386","SMP1"
"S000000388",73.9835257552018,-1.29918092715975,0.25543060957941,-5.0862382127928,3.65235266853459e-07,3.07134293536966e-06,"S000000388","S000000388",NA
"S000000401",339.79563265492,-1.09511899421144,0.141778668290619,-7.72414501712388,1.1260658635628e-14,2.48353207491268e-13,"S000000401","S000000401",NA
"S000087085",20.6558230579037,-1.76478389373015,0.473752904193009,-3.72511467077186,0.000195226456043067,0.000932903564948656,"S000087085","S000087085",NA
"S000000414",142.970290926114,-1.11356414887928,0.367109360093218,-3.03333085431686,0.00241870260457997,0.00863760876760142,"S000000414","S000000414","ERV15"
"S000000416",7163.98449022644,-2.15433736910802,0.461052206348984,-4.67265385446901,2.97332632349811e-06,2.07443775130731e-05,"S000000416","S000000416","NGR1"
"S000000417",126.077296998119,1.49385154571764,0.216333932503004,6.90530389030347,5.00960702258162e-12,8.28649557224283e-11,"S000000417","S000000417","MET8"
"S000000421",171.12709822761,-1.04907749393704,0.162816892032867,-6.44329639780415,1.16906067050757e-10,1.67993181315659e-09,"S000000421","S000000421","ATG12"
"S000000422",2778.8076121544,1.92805213081401,0.162333029410017,11.8771400855471,1.55600300040345e-32,1.39831254707898e-30,"S000000422","S000000422","PYC2"
"S000000443",190.947578284908,1.223803758799,0.381435523508919,3.20841579604577,0.00133468385640992,0.00511855509518736,"S000000443","S000000443","ERT1"
"S000000444",503.919156384761,1.96371417892061,0.155264258611073,12.6475609807895,1.15402001467641e-36,1.21900956287134e-34,"S000000444","S000000444","THI2"
"S000000452",616.019692532752,2.06206938335081,0.402102904134642,5.12821310701188,2.92505225185673e-07,2.5159628012042e-06,"S000000452","S000000452","HIS7"
"S000000453",2252.50366859941,2.04651556125772,0.367693365119204,5.56582129404008,2.60920540568922e-08,2.70396312352062e-07,"S000000453","S000000453","ARO4"
"S000007649",422.999900253914,-1.31162865894849,0.357926789699522,-3.66451659024907,0.000247806177734989,0.00114332643382557,"S000007649","S000007649","RCF3"
"S000000460",1786.47973793084,1.36619462733605,0.335671590573848,4.07003352592476,4.70063727205968e-05,0.000258234826779848,"S000000460","S000000460","RIB5"
"S000000469",384.251531704307,-1.71905671269881,0.163291726148769,-10.5275187741762,6.45125513917708e-26,3.84584229633517e-24,"S000000469","S000000469","TSC10"
"S000000484",2358.71798026578,-1.14594978946312,0.446126471656316,-2.56866575347703,0.0102090875240202,0.0291321876692538,"S000000484","S000000484","SAF1"
"S000000489",266.806853722446,1.30036584602879,0.236931313222385,5.48836634695161,4.05668041959513e-08,4.03057307036012e-07,"S000000489","S000000489",NA
"S000000499",696.794509422479,1.26357427132318,0.156077185033219,8.09582945165401,5.68754621258811e-16,1.4697302895276e-14,"S000000499","S000000499","PCA1"
"S000000500",3673.36618895526,-4.80252206950798,0.594986588005253,-8.07164760740048,6.93558074630174e-16,1.78457827664456e-14,"S000000500","S000000500","PHO89"
"S000000503",37.8540936116557,1.04357222361561,0.386612283843647,2.69927332168693,0.00694910780694299,0.021030032286712,"S000000503","S000000503","MAL32"
"S000000506",668.029115351483,1.07826409007506,0.246883969489128,4.36749333019187,1.25680633196959e-05,7.83357238590983e-05,"S000000506","S000000506","COS2"
"S000000515",3092.89712671076,1.31468161335321,0.29282682804342,4.48962146719108,7.13498520022314e-06,4.64429685303173e-05,"S000000515","S000000515","ILV6"
"S000000530",2366.89770501126,2.31435532607899,0.396116165037916,5.84261772265078,5.13868476498793e-09,5.95000403269083e-08,"S000000530","S000000530","AGP1"
"S000007548",71.8940987274608,3.25523714602603,0.438508043551177,7.42343770860869,1.14118852136796e-13,2.23087535297289e-12,"S000007548","S000007548","HBN1"
"S000000535",3407.81766094245,3.69954219712721,0.241142944491201,15.3416978669355,4.02527375445774e-53,9.32160510599617e-51,"S000000535","S000000535","HIS4"
"S000000552",132.270823292984,1.06934562689341,0.263981102971428,4.05084157485753,5.10337526356069e-05,0.00027757382531074,"S000000552","S000000552","POF1"
"S000000553",41.0461866427621,-1.13615619762043,0.324161382734519,-3.50490915369433,0.000456763115451175,0.00198139100729937,"S000000553","S000000553","SPS22"
"S000087203",165.793485513014,-1.48633686088624,0.304702842273328,-4.87798817299166,1.07173349398096e-06,8.15791070449985e-06,"S000087203","S000087203",NA
"S000000555",710.586390693107,1.29708074790174,0.316336532518931,4.10031916823935,4.12580721189283e-05,0.00022888976095448,"S000000555","S000000555","APA1"
"S000000595",383.60668786948,1.10784783209021,0.193420092290518,5.72767709378517,1.01815128851113e-08,1.11639326761155e-07,"S000000595","S000000595","CDC10"
"S000000598",20995.8620395735,-2.30234020800826,0.502635180607752,-4.58053931924229,4.63778411270319e-06,3.10958776643496e-05,"S000000598","S000000598","CIT2"
"S000000599",73.1620728788581,-1.98015141314724,0.407689052751817,-4.85701394183048,1.19169206471665e-06,8.92435064882952e-06,"S000000599","S000000599",NA
"S000000600",324.745168080444,-1.05263528872724,0.292452693834951,-3.59933524606651,0.000319031682895135,0.00142710977913195,"S000000600","S000000600",NA
"S000000602",1849.01011828655,1.03000502016115,0.299764275826077,3.436049933978,0.00059026217016611,0.0024835559235291,"S000000602","S000000602","RVS161"
"S000000603",21816.2599230973,-9.52890947346541,0.919791870992527,-10.3598539778167,3.77537955673389e-25,2.12444488888736e-23,"S000000603","S000000603","ADY2"
"S000000615",47397.5700564487,3.24437450838839,0.601352245046156,5.39513161398337,6.84733419639253e-08,6.59644787143671e-07,"S000000615","S000000615","HSP30"
"S000000617",958.652439343111,1.0771137987485,0.123644101871063,8.71140460765143,3.00132302880879e-18,9.61221593428604e-17,"S000000617","S000000617",NA
"S000000627",2695.35376083331,1.10624089849321,0.305719160134081,3.61848730059326,0.000296330037786023,0.0013384869898797,"S000000627","S000000627","RPS14A"
"S000000637",34.6980241098905,1.41032054118195,0.51200772726547,2.75449073535313,0.00587835542200166,0.0183014828704106,"S000000637","S000000637",NA
"S000000649",2206.99898763885,1.54598796636479,0.199889083751435,7.73422909020512,1.04031554329224e-14,2.31297091592284e-13,"S000000649","S000000649","THR4"
"S000000655",310.190146620441,1.18610212730159,0.195380788827927,6.07072033241811,1.27337776382392e-09,1.58409246198013e-08,"S000000655","S000000655","YIH1"
"S000000669",427.818387806729,1.05590483613049,0.17064649150438,6.18767386790011,6.10584858151719e-10,7.99202484985109e-09,"S000000669","S000000669","SSK22"
"S000000671",118.581536624005,-1.09360733957819,0.197432757598441,-5.53913825081896,3.03963622311637e-08,3.10724103554901e-07,"S000000671","S000000671","ERS1"
"S000000672",1076.19542861309,-1.01514580638387,0.20836978969674,-4.87184734342396,1.10559582581153e-06,8.38386960605946e-06,"S000000672","S000000672","FUB1"
"S000000684",953.676360855401,1.31932688002124,0.227956107919295,5.78763557626775,7.13840675912366e-09,8.03370973769786e-08,"S000000684","S000000684","ABP1"
"S000000699",29.2283335369764,-2.20075583262345,0.453377576745163,-4.85413471134339,1.20913525009365e-06,9.02131764660951e-06,"S000000699","S000000699",NA
"S000002167",95.2291762469816,-1.00070779062602,0.257260752047012,-3.88985798518987,0.000100302903315631,0.000513540629985896,"S000002167","S000002167",NA
"S000002169",127.468605678592,-1.17774029135485,0.22441449020314,-5.24805813692669,1.53710795311896e-07,1.40074663718455e-06,"S000002169","S000002169",NA
"S000002172",778.056480380408,1.64030160383148,0.501410573015015,3.2713741833728,0.00107026199065508,0.0042256048824487,"S000002172","S000002172","NOP1"
"S000002176",188.348329115401,-1.38244205982707,0.28493741016313,-4.85173940142016,1.22383364336558e-06,9.1196811469111e-06,"S000002176","S000002176","ERP3"
"S000002182",351.878765842348,-1.02573478993821,0.172531571875338,-5.945200514833,2.76118645106286e-09,3.31838395645699e-08,"S000002182","S000002182","DIA3"
"S000002194",125.33540721409,1.02542826701014,0.253137851241154,4.05086897112538,5.10277772029908e-05,0.00027757382531074,"S000002194","S000002194","PUS9"
"S000002195",95.3811098895637,2.43662980177158,0.345495220246921,7.05257166808314,1.75640894342467e-12,3.03889030125285e-11,"S000002195","S000002195","BSC1"
"S000002197",291.680502861709,2.25052846040046,0.170322930591686,13.2133028276483,7.35260428943997e-40,9.83778453927068e-38,"S000002197","S000002197","PRM7"
"S000002199",25.0441693769093,-1.68081375922906,0.414492480244844,-4.05511279296596,5.01101167203928e-05,0.000273979888327916,"S000002199","S000002199",NA
"S000002200",324.49494207329,-1.9601528767338,0.209238274050004,-9.36804170094307,7.38906998926312e-21,3.08955488926064e-19,"S000002200","S000002200","SIR2"
"S000002201",155.244622607798,-1.85314950438084,0.26185836266057,-7.07691549566036,1.47398351217356e-12,2.57989962988285e-11,"S000002201","S000002201","PRP11"
"S000002204",1525.48312675554,-1.05786705773175,0.335413581833615,-3.15391837130948,0.0016109413842323,0.00605082849311459,"S000002204","S000002204","NPC2"
"S000002206",5493.4399795167,3.7476225131057,0.342887264064134,10.9296054589089,8.32094143574911e-28,5.69322595280061e-26,"S000002206","S000002206","STP4"
"S000002207",391.802080710258,-3.60346358061908,0.33429554802833,-10.7792748119807,4.31272305651891e-27,2.88521172481115e-25,"S000002207","S000002207","KNH1"
"S000002217",80.171324544507,1.90068897564134,0.245189859162049,7.75190695951722,9.05227086632803e-15,2.07238490061449e-13,"S000002217","S000002217","RAD59"
"S000002224",1273.74842808528,1.08243484194735,0.332930680195226,3.25123188200206,0.00114906098436502,0.00450716363964936,"S000002224","S000002224","IDP1"
"S000002236",4350.8128366925,-1.53666661363158,0.441727132967631,-3.47876890266594,0.000503722777782382,0.00215253005324892,"S000002236","S000002236","MDH3"
"S000002243",5102.17088237949,-2.47555203532572,0.307030748717046,-8.06287984402221,7.45177601103229e-16,1.90924014308193e-14,"S000002243","S000002243","NDE2"
"S000002248",256.052429025169,-1.65576786287794,0.126394786096812,-13.0999696586353,3.29389312178769e-39,4.21968733750717e-37,"S000002248","S000002248","RAM1"
"S000002272",25.4366621241982,-1.81574431388379,0.563680431507459,-3.22122999556312,0.00127641670105452,0.00491702172555936,"S000002272","S000002272",NA
"S000002275",282.366586049054,1.01228872286606,0.208141767066008,4.86345790724949,1.15352565419633e-06,8.68172245489511e-06,"S000002275","S000002275","CYK3"
"S000002286",2087.84187918781,1.52563663477459,0.315808686816207,4.8308887578589,1.3592493599074e-06,1.00664703517865e-05,"S000002286","S000002286","VCX1"
"S000002287",432.739131121519,1.4824878115744,0.214137205528306,6.92307442752365,4.41945417794358e-12,7.37106194055355e-11,"S000002287","S000002287",NA
"S000002289",1649.7191627909,1.13019914011846,0.205903312118538,5.48897989298882,4.04261634616841e-08,4.02323851574876e-07,"S000002289","S000002289","LYS21"
"S000002291",491.897606417762,-1.21786806082944,0.172860368642106,-7.04538622933835,1.84947774059156e-12,3.18163013602909e-11,"S000002291","S000002291","SRF1"
"S000002328",1116.81966285697,-1.14545126395309,0.254963581582054,-4.49260736315966,7.03564286265924e-06,4.59453423818561e-05,"S000002328","S000002328","UGX2"
"S000002329",842.828073607301,1.72695784816167,0.220351234229343,7.83729600699326,4.60351961980155e-15,1.09991236630259e-13,"S000002329","S000002329","UGA3"
"S000002333",1964.15759662984,-1.31530583621946,0.497405816009942,-2.64433143699544,0.00818524640339352,0.0241348523970776,"S000002333","S000002333","DLD1"
"S000002357",341.610139142272,1.49597056534996,0.254879656852708,5.86932116836012,4.37583054366545e-09,5.11589819483683e-08,"S000002357","S000002357","GGC1"
"S000002358",1036.38922753031,-1.29121116955821,0.322524355918874,-4.00345321481085,6.24245506955436e-05,0.000333307491280933,"S000002358","S000002358",NA
"S000002359",468.483047667303,-1.44161534401305,0.238129775752497,-6.05390627634662,1.41374884463152e-09,1.74073247311378e-08,"S000002359","S000002359","MGT1"
"S000002363",11641.7220091273,-1.44819203782295,0.217755087394012,-6.65055432299752,2.91991204089706e-11,4.51649975078198e-10,"S000002363","S000002363","RTN2"
"S000002370",99.9056770494988,-1.21292300491089,0.43860028909133,-2.76544050489289,0.00568459735916747,0.0178265420310142,"S000002370","S000002370",NA
"S000002378",78.0709728395172,1.19689614570387,0.371296008836227,3.22356318737539,0.00126606362824843,0.00488965305047068,"S000002378","S000002378","DTD1"
"S000002387",1889.24245452837,1.38373128195402,0.565734782426705,2.44590102100235,0.0144490661348091,0.0388730237701901,"S000002387","S000002387",NA
"S000002388",4466.60979443882,1.40109779155146,0.588934428797915,2.37903868926676,0.0173578540223195,0.0452431337958381,"S000002388","S000002388","SSB1"
"S000002389",304.935820000798,1.01847371679314,0.155523859285076,6.54866540397684,5.80535353390378e-11,8.65198852169176e-10,"S000002389","S000002389","PTP1"
"S000002395",500.622005193378,2.88700085040187,0.162578260054749,17.7576070098773,1.50516317322184e-70,6.47327676140619e-68,"S000002395","S000002395","PHO13"
"S000002409",1145.03322075019,1.35688150869677,0.211704509472074,6.40931793130158,1.46172091090086e-10,2.07724133721624e-09,"S000002409","S000002409","YRB1"
"S000002418",2194.07991633162,1.44965475302718,0.275024088815946,5.2710101113991,1.35674994355381e-07,1.24717426108969e-06,"S000002418","S000002418","SNQ2"
"S000113613",27.359148613618,-1.77535485269949,0.588019095604147,-3.01921292347732,0.00253432348722555,0.00898311997615058,"S000113613","S000113613","HED1"
"S000002440",2372.96326676587,2.56783594199759,0.440210243745732,5.8332035169104,5.43731801690686e-09,6.23835745779366e-08,"S000002440","S000002440","MRH1"
"S000007344",49.6880979725895,-3.17579946318171,1.34032007924831,-2.36943362436441,0.0178153525379657,0.0462155267691046,"S000007344","S000007344",NA
"S000002442",2492.93751308306,2.79234519641383,0.145053167435711,19.2504944619801,1.39822072239184e-82,1.05233587119016e-79,"S000002442","S000002442","ARO3"
"S000002444",2116.45036498547,2.21203606030216,0.291796804964544,7.58074119615853,3.43586371719255e-14,7.13356394524702e-13,"S000002444","S000002444","KRS1"
"S000002447",4097.01277251395,-1.76719059795094,0.258893679847277,-6.82593178401813,8.73564351863993e-12,1.41602263190716e-10,"S000002447","S000002447","ENA1"
"S000002448",733.712924492632,-1.53393664378987,0.227964077965931,-6.72885244673996,1.71006355228965e-11,2.70955069693053e-10,"S000002448","S000002448","RSM10"
"S000002449",16.7221677199147,-1.31847161834401,0.492834594336408,-2.67528220115982,0.00746663704499483,0.0222999115317033,"S000002449","S000002449",NA
"S000002451",167.824997571278,1.93697571315549,0.213427067897707,9.07558601743924,1.130674036271e-19,4.10107733276365e-18,"S000002451","S000002451","HEM13"
"S000002453",2250.39608485271,1.78178081823068,0.492127536274064,3.62056720442973,0.000293957882365732,0.00133076722535645,"S000002453","S000002453","BAP3"
"S000002454",475.113042734088,1.04050121953081,0.128425768239847,8.10196609131884,5.4078018390863e-16,1.40346443418701e-14,"S000002454","S000002454","HEM12"
"S000002462",7325.3295731652,2.6111630445924,0.56253110015983,4.64181099293976,3.45368713611794e-06,2.38470759708327e-05,"S000002462","S000002462","PST1"
"S000002484",82869.6972085304,1.32545994631924,0.367801973831688,3.6037325534468,0.000313679830461978,0.00140735190701309,"S000002484","S000002484","SED1"
"S000002500",424.620516304796,1.164991569471,0.216149135019876,5.38975818415316,7.05525527614722e-08,6.77507049723802e-07,"S000002500","S000002500","DNF2"
"S000002501",21.6062697094727,1.30106726805893,0.522578837544124,2.48970523600484,0.0127849079045552,0.0352140578651999,"S000002501","S000002501",NA
"S000007391",142.650170111269,1.03797638996771,0.348942881927686,2.97463121824855,0.00293340966537418,0.0101516306013106,"S000007391","S000007391",NA
"S000002518",3045.43774184687,-4.57322597215621,0.605422037351774,-7.55378180840647,4.22798255300939e-14,8.71804210673613e-13,"S000002518","S000002518","ALT2"
"S000002519",30.7079622496592,-3.47767714251375,0.712130743679643,-4.88348126152268,1.04229059149947e-06,7.94383753344087e-06,"S000002519","S000002519","IRC2"
"S000002534",3937.60949459291,2.30281609862262,0.301944746952239,7.62661421292048,2.40999416384532e-14,5.10935734525093e-13,"S000002534","S000002534","ARO1"
"S000002554",344.574988519847,-1.2027443488788,0.235578753561858,-5.10548736120631,3.2994304168652e-07,2.8098826789173e-06,"S000002554","S000002554","EKI1"
"S000002556",277.540613439621,-1.20693279943232,0.462744011340452,-2.60820836111124,0.00910175331546701,0.0264359173721307,"S000002556","S000002556",NA
"S000002557",3539.23851547413,-1.1651142370248,0.296035220696506,-3.93572843894567,8.29447230520816e-05,0.000433515779076895,"S000002557","S000002557","NUM1"
"S000002565",3349.41664021063,3.59103385644842,0.222456886172489,16.1426059594487,1.2802008127008e-58,3.85404454663577e-56,"S000002565","S000002565","HOM2"
"S000002578",9949.54823484411,1.06818385303735,0.385933828901745,2.76779015738808,0.00564377815322158,0.0177354844783649,"S000002578","S000002578","HSP42"
"S000002583",887.019380813226,-1.41896575158224,0.277043777066382,-5.12181059111913,3.02615782472016e-07,2.59551228812536e-06,"S000002583","S000002583","NGG1"
"S000002586",166.696921867381,-1.76090895521257,0.384606169845315,-4.57847297644963,4.68382660691397e-06,3.12306976746722e-05,"S000002586","S000002586","CSN9"
"S000002609",116.346391660563,-1.24963909090265,0.244574472280644,-5.10944204131293,3.23111588406132e-07,2.75951045928131e-06,"S000002609","S000002609","SPC19"
"S000002617",236.667845926226,1.06616114839857,0.181640200378798,5.86963208681319,4.36763269248989e-09,5.11589819483683e-08,"S000002617","S000002617",NA
"S000007410",266.245549680118,1.21751049688611,0.291042739238206,4.18327047110984,2.87345188927312e-05,0.00016556032368721,"S000007410","S000007410",NA
"S000002621",330.485827452466,1.16972952510597,0.406870214921459,2.87494508619111,0.00404097772567599,0.0133027484342784,"S000002621","S000002621","UPC2"
"S000002622",1985.72630471356,1.6621246865637,0.15478166730674,10.7385113203993,6.71178925718754e-27,4.44084429862925e-25,"S000002622","S000002622","AHA1"
"S000002626",114.798348769395,-3.68175228527111,0.320330773226017,-11.4935953489344,1.42073276885794e-30,1.20482140863291e-28,"S000002626","S000002626","SPR28"
"S000002630",990.48027111763,3.81565798975382,0.128970338666922,29.5855467946635,2.29293294434442e-192,1.38057492578977e-188,"S000002630","S000002630",NA
"S000002631",657.509771873,-1.2489452409283,0.272699481530351,-4.57993258336758,4.65125831763781e-06,3.11515309571716e-05,"S000002631","S000002631","CRF1"
"S000002650",852.172138397239,1.56763920760033,0.130422505027096,12.0196986499733,2.79990703356537e-33,2.67591115065033e-31,"S000002650","S000002650","AMD2"
"S000002655",2025.93903060598,2.74615080345506,0.402007379317162,6.83109550904162,8.42686033220862e-12,1.37501696640185e-10,"S000002655","S000002655","VHS1"
"S000002661",168.076352978865,2.54529729768856,0.227809145701728,11.1729372841823,5.53206876811265e-29,4.1121711176304e-27,"S000002661","S000002661","MET32"
"S000002666",8657.09339671553,2.2695694547472,0.267482819634832,8.48491674286078,2.15873239613161e-17,6.63935829137108e-16,"S000002666","S000002666","HSP78"
"S000002667",184.45874450162,1.0752775425129,0.356791954341115,3.01373820073551,0.00258050378565523,0.00910739348970114,"S000002667","S000002667","YAP6"
"S000002669",312.072144492251,1.73636842908678,0.260425631511264,6.66742524155759,2.60329989501813e-11,4.07129056309199e-10,"S000002669","S000002669","EXG2"
"S000002671",530.217185266859,-1.73204404409296,0.331155849136073,-5.23029881130457,1.69236266469847e-07,1.52540652756729e-06,"S000002671","S000002671","DIN7"
"S000002685",1373.29492156995,1.18131421773211,0.263921080006201,4.47601312371241,7.60498120186777e-06,4.93954604276654e-05,"S000002685","S000002685","MTH1"
"S000002692",524.140998412568,-1.07115011325745,0.245626043493189,-4.36089796515063,1.29529762767588e-05,8.06513652144415e-05,"S000002692","S000002692","DPP1"
"S000002705",1131.05881382697,1.93671907398077,0.117546329895369,16.4762189998164,5.43812648033021e-61,1.92605644341578e-58,"S000002705","S000002705","SUR2"
"S000002717",325.840392923792,1.0834073052847,0.286521113819901,3.78124770925505,0.000156044310191972,0.000768227957208394,"S000002717","S000002717","GIC2"
"S000002735",826.462938353429,-1.08584051029894,0.338113199832527,-3.21147033252998,0.00132057605179978,0.00507414703757912,"S000002735","S000002735",NA
"S000002736",2386.81377845808,-1.31105934703584,0.336518831490526,-3.89594645039276,9.78160007638e-05,0.000501784594665566,"S000002736","S000002736","SKP1"
"S000002751",14547.3285420721,1.56917477199027,0.383602698129439,4.09062496077853,4.30212336292779e-05,0.000238079823237024,"S000002751","S000002751","HXT6"
"S000002756",445.223784493539,1.26753725144496,0.211748335473432,5.98605532653171,2.14991263180722e-09,2.61507554668915e-08,"S000002756","S000002756","PAL1"
"S000002757",930.134694353895,1.10383150091868,0.1424425543749,7.74930992892382,9.23932624729292e-15,2.09206375342562e-13,"S000002757","S000002757","YPS7"
"S000002761",1270.49264419092,1.14798725552512,0.100313398607976,11.4440071960022,2.5197251248166e-30,2.07825547623572e-28,"S000002761","S000002761","TRR1"
"S000002762",457.041003342361,1.75550963133228,0.276297002846902,6.35370493796135,2.10189835026617e-10,2.93631785776162e-09,"S000002762","S000002762","TRP4"
"S000002778",161.28080467028,-1.34635298100057,0.25274551610714,-5.32691143936987,9.98968393550618e-08,9.41281486317413e-07,"S000002778","S000002778","DXO1"
"S000002782",149.471545982955,-2.16918263903442,0.303751006229416,-7.14131836454259,9.2439968734037e-13,1.66177175833242e-11,"S000002782","S000002782","PHO92"
"S000002790",1561.69040274846,1.72895807802624,0.431209949815174,4.00955051887673,6.08344372627215e-05,0.000326165758467361,"S000002790","S000002790","RPP2B"
"S000002792",1216.38748373212,-5.26328199024234,0.493919609370429,-10.656151103114,1.63212874054509e-26,1.03442601545495e-24,"S000002792","S000002792","ATO3"
"S000002795",645.936463644923,1.4143360175441,0.202948923777744,6.96892593080704,3.19369778394984e-12,5.41669136821465e-11,"S000002795","S000002795","CIN10"
"S000002803",787.173063319096,1.0785117706781,0.241988685806896,4.45686858078456,8.31655513897591e-06,5.34978402689892e-05,"S000002803","S000002803","SXM1"
"S000002832",122.168800006977,-1.01299143451815,0.414567926380804,-2.44348723105912,0.0145460843311811,0.0390990954276971,"S000002832","S000002832","DYN2"
"S000002840",3340.8847079333,1.54608830092371,0.31612395638669,4.8907660102561,1.00444312522516e-06,7.74360058512256e-06,"S000002840","S000002840","NPL3"
"S000002841",74.4403637491133,2.13399145922267,0.488298229632022,4.37026253572706,1.24097243272291e-05,7.75897717281892e-05,"S000002841","S000002841",NA
"S000002883",1455.50944411441,2.13842826199788,0.212896994746361,10.0444267169931,9.72112702028304e-24,4.96024625331561e-22,"S000002883","S000002883","JIP4"
"S000002890",207.769480320821,1.18821357213567,0.291750116124206,4.07270985156973,4.64692992156931e-05,0.000255517489112044,"S000002890","S000002890","CWC21"
"S000002895",536.99475553966,1.39297472602604,0.133681032684041,10.4201373826785,2.00663132381068e-25,1.16172376929463e-23,"S000002895","S000002895","RIB3"
"S000002896",106.301307221209,-1.18780296156556,0.273737693658358,-4.33920131966922,1.43001477057302e-05,8.8218431696928e-05,"S000002896","S000002896","PAC11"
"S000002897",88.6895145071927,-1.12393989515309,0.394485379288596,-2.84912940798964,0.00438390451801345,0.014206398871345,"S000002897","S000002897","SLD5"
"S000002906",331.535155515069,-1.30621339115761,0.391503294266582,-3.33640459808796,0.000848695514549163,0.00347146446542154,"S000002906","S000002906","SEC20"
"S000002910",1203.761545247,2.73840514397877,0.193230824593539,14.1716786115207,1.37181725389156e-45,2.29436435713364e-43,"S000002910","S000002910","SAM2"
"S000002915",569.898178367565,1.53137787843392,0.234027827170006,6.5435717493607,6.00666459431196e-11,8.9079131828454e-10,"S000002915","S000002915","GIN4"
"S000002916",689.050482440407,-1.89369025476433,0.345947895089031,-5.47391755130345,4.40193930974286e-08,4.33781940817705e-07,"S000002916","S000002916","GNP1"
"S000002926",484.832566123517,-2.03006514981241,0.361361898817837,-5.61781736384935,1.93384751283872e-08,2.03561116692341e-07,"S000002926","S000002926","EUG1"
"S000002931",65.8865730837956,-1.46968781629277,0.237850147587278,-6.17904941914522,6.44887086493426e-10,8.36824385296749e-09,"S000002931","S000002931","SPS1"
"S000028739",159.520156223441,3.03118610049596,0.437744953954165,6.92454835427605,4.37368632136747e-12,7.31499037248709e-11,"S000028739","S000028739",NA
"S000002934",80.0406923080843,1.4884667003458,0.327889956386209,4.53953124014751,5.63794271569308e-06,3.72215494420921e-05,"S000002934","S000002934",NA
"S000002935",496.747248973893,1.26346112295742,0.246079914394133,5.13435290347917,2.8311642091706e-07,2.44568718843848e-06,"S000002935","S000002935","RBA50"
"S000000752",242.153494668153,1.30158877242487,0.362671631224657,3.58889050138747,0.000332088277936822,0.00147782965370111,"S000000752","S000000752","SNU13"
"S000028619",30.4848971219841,-1.49464593152507,0.355249116050489,-4.20731780600024,2.58419598624527e-05,0.000151356459466758,"S000028619","S000028619",NA
"S000000761",25.4281243636499,-2.71312937610966,0.84840521576729,-3.19791689830187,0.0013842416436287,0.00528840034028451,"S000000761","S000000761","UTR5"
"S000000765",141.909011866154,1.2140745268773,0.28078290436407,4.3238904791123,1.53301423310883e-05,9.40905066009e-05,"S000000765","S000000765","CYC7"
"S000000772",2011.65943829217,2.17821309592619,0.521335139037963,4.17814364085589,2.93898031303143e-05,0.000168529528235831,"S000000772","S000000772","GLY1"
"S000000783",307.333671826862,-4.85533992444849,0.621872217987054,-7.80761671612345,5.82794983552248e-15,1.37608180234042e-13,"S000000783","S000000783","SDD1"
"S000000790",200.468947053045,-1.14126204138096,0.218850067560199,-5.2148123786484,1.84003379407498e-07,1.64863742174486e-06,"S000000790","S000000790","AVT2"
"S000000791",464.130639886466,-2.71671999927568,0.295266779048502,-9.2008996339863,3.54965291326406e-20,1.3717585163904e-18,"S000000791","S000000791","SIT1"
"S000000792",267.62449957961,-1.20439390963057,0.237522736556939,-5.07064682349621,3.96465913508213e-07,3.30168916353105e-06,"S000000792","S000000792","HPA3"
"S000000793",50.7566973973514,-2.46868921144507,0.630667165320135,-3.91440897385538,9.06259175447246e-05,0.000468778908536758,"S000000793","S000000793",NA
"S000000798",57.6515884897995,2.27159526773737,0.313056591832101,7.2561809174607,3.98172441814366e-13,7.39937121038364e-12,"S000000798","S000000798","RMD6"
"S000000826",12792.5588223077,-2.12783630440233,0.235478118874577,-9.0362379085238,1.62156536219571e-19,5.81157443201211e-18,"S000000826","S000000826","YAT2"
"S000000830",182.286197597555,-1.75274290560892,0.413773066590046,-4.23600047256214,2.27536297323656e-05,0.000134974979919777,"S000000830","S000000830","MIG3"
"S000000831",157.818219109745,-1.63370423878951,0.447903022209024,-3.6474508047126,0.000264855001250636,0.00121177200800158,"S000000831","S000000831","SMB1"
"S000000832",669.145299148443,-1.86822598653629,0.44704801794794,-4.17902755751363,2.92758213701574e-05,0.000168035958503068,"S000000832","S000000832","CHZ1"
"S000000836",102.190874352787,1.13858048215122,0.322554029587083,3.52989073988247,0.000415731313647292,0.00181912662752205,"S000000836","S000000836",NA
"S000000839",2468.02454638317,2.87810531743244,0.301442998169675,9.54775972541391,1.32531097857703e-21,5.78238942174806e-20,"S000000839","S000000839","PHM8"
"S000000845",1520.77941720264,1.8395027015943,0.377725783447038,4.86994211728791,1.11630944350014e-06,8.45446435133882e-06,"S000000845","S000000845","SAH1"
"S000000848",145.361075585522,-1.13510919769161,0.243424860437835,-4.66307835465101,3.11514075398003e-06,2.16335207378475e-05,"S000000848","S000000848","SPO73"
"S000007237",145.540912393482,-1.15265414188213,0.440036331000589,-2.61945221491402,0.00880711106472785,0.0256916742832977,"S000007237","S000007237","ISD11"
"S000000851",531.770553043447,1.59105917978711,0.382185792536086,4.16305161222569,3.14022350920346e-05,0.000179046266561686,"S000000851","S000000851","TPA1"
"S000000854",2039.35898844132,4.00236864958875,0.634824917086655,6.30468108901028,2.88787897348576e-10,3.93391839351985e-09,"S000000854","S000000854","HOM3"
"S000000855",2096.70771980378,2.40376702221418,0.263011558624287,9.13939689490211,6.28015805909032e-20,2.31980562415845e-18,"S000000855","S000000855","PIC2"
"S000000862",467.113142437347,1.55021523313649,0.201681003346341,7.68647124624997,1.51248658676914e-14,3.27578479817878e-13,"S000000862","S000000862","FCY21"
"S000000864",783.447376587061,4.0383811661661,0.342586596435635,11.7879135032792,4.50565393633794e-32,3.93167280444793e-30,"S000000864","S000000864","GPP2"
"S000028749",176.517712293286,1.45468709121509,0.354738096684064,4.10073545754704,4.11839152731009e-05,0.000228753093966181,"S000028749","S000028749",NA
"S000000871",2418.76866418656,1.53608466355957,0.189544838660073,8.10407012091932,5.31504464976887e-16,1.38536293663456e-14,"S000000871","S000000871","ARG5,6"
"S000000875",2755.09586616153,5.51189995399585,0.38659897085107,14.2574097956386,4.03142026477105e-46,7.35550951945045e-44,"S000000875","S000000875","ALD5"
"S000000888",1418.22399806297,1.78051128326778,0.17307831756762,10.287315640055,8.03861682449262e-25,4.44041393580459e-23,"S000000888","S000000888","ILV1"
"S000000890",3598.34100798154,2.06479387542713,0.334977209247167,6.16398315595134,7.09374921770525e-10,9.10692197010732e-09,"S000000890","S000000890","DOT6"
"S000028754",16.6359066149052,1.59181208951377,0.599601755528171,2.65478223643891,0.00793596208542658,0.023491852367922,"S000028754","S000028754",NA
"S000000892",1332.17189150689,2.12595880018056,0.254524713480592,8.35266159858645,6.67416605106307e-17,1.97956422627836e-15,"S000000892","S000000892","TRP2"
"S000000893",3426.94966513507,2.03047779758968,0.195966779020069,10.3613367926088,3.71729966452692e-25,2.11149634718081e-23,"S000000893","S000000893","MET6"
"S000000898",755.516859103448,-1.95611046616113,0.145183063933182,-13.4734066988791,2.24274549749555e-41,3.21513586676683e-39,"S000000898","S000000898","SHC1"
"S000000900",673.472900899233,1.356023948925,0.197838675815785,6.85419038180202,7.17175188352072e-12,1.17981196969066e-10,"S000000900","S000000900","UBP9"
"S000000904",2278.50971488228,1.05698898294756,0.395698265663399,2.67119943317287,0.0075580726677686,0.0225394529631673,"S000000904","S000000904","RPS8B"
"S000000905",10354.0291142096,3.53972026119111,0.323814005999165,10.931337729722,8.16359742118824e-28,5.64977242218096e-26,"S000000905","S000000905","SSA4"
"S000000908",25.5500130082657,-2.50924613903258,0.504973073044412,-4.96906918997619,6.72750632031032e-07,5.32977836244585e-06,"S000000908","S000000908","MAM1"
"S000000914",407.202412139001,-1.19600117525022,0.200412483032585,-5.96769800539699,2.40624197438495e-09,2.90340339233904e-08,"S000000914","S000000914","LSM4"
"S000000932",1694.92901523125,5.2065641413181,0.363842543614509,14.3099377263437,1.8968310470996e-46,3.56900616705835e-44,"S000000932","S000000932","COM2"
"S000000934",589.775722030831,1.30464298988383,0.169017964015042,7.71896051101246,1.17282228685178e-14,2.57721276975713e-13,"S000000934","S000000934","PMD1"
"S000028756",59.4776016224768,1.13646683922453,0.276044325526701,4.11697229079465,3.83882205788401e-05,0.000214610469921259,"S000028756","S000028756",NA
"S000000952",9612.04979837611,1.85734625979054,0.538663585740383,3.44806352045804,0.000564621234641927,0.00238232968029365,"S000000952","S000000952","SPI1"
"S000000959",400.246526886064,1.05409427574229,0.251177336691989,4.19661379336503,2.70935362110363e-05,0.000157309721819334,"S000000959","S000000959","COG3"
"S000000965",333.392516599439,1.04822738613444,0.143070246230442,7.32666234771184,2.35955313832131e-13,4.48166228575161e-12,"S000000965","S000000965","GCG1"
"S000028763",32.2344452769935,-1.07551417059804,0.384405607655432,-2.79786285418107,0.00514419501403798,0.0163288919141527,"S000028763","S000028763",NA
"S000000977",1148.42922242805,1.79492534900022,0.229348083783878,7.8262059982661,5.02813209086747e-15,1.19661594146692e-13,"S000000977","S000000977","TMT1"
"S000000978",874.740436307041,1.39387362674674,0.139884760270048,9.964442331358,2.18094361197834e-23,1.08524475105137e-21,"S000000978","S000000978","ECM32"
"S000000989",24.2822729588712,-1.65153405061904,0.407483340340174,-4.05300999358726,5.05628416191124e-05,0.000275510289039526,"S000000989","S000000989",NA
"S000001884",601.072040466726,1.20798584231227,0.122249606694383,9.88130657411576,5.0174378799783e-23,2.41679947802795e-21,"S000001884","S000001884","WWM1"
"S000001955",115.561446764744,1.32962626921317,0.238863055474125,5.56647936439548,2.5993754762277e-08,2.7005759858458e-07,"S000001955","S000001955","AUA1"
"S000001883",157.384281638288,-2.36608797806036,0.220903526726162,-10.7109561043515,9.04230745991944e-27,5.91779708871467e-25,"S000001883","S000001883","HXT10"
"S000001878",2898.17596736638,1.32570061920264,0.3007770301815,4.40758597291377,1.04529114482308e-05,6.5971676970438e-05,"S000001878","S000001878","MDJ1"
"S000028766",279.720980356368,1.19504224493395,0.293380741487258,4.07334932373485,4.6341836706594e-05,0.000255282890036965,"S000028766","S000028766",NA
"S000001873",962.007156071928,1.11219672644415,0.201225571851015,5.52711425398563,3.25540969465964e-08,3.29578798520923e-07,"S000001873","S000001873","GAT1"
"S000001870",1044.09715040673,-1.09840065789351,0.35925509247865,-3.05743935406785,0.00223236808601546,0.00805337821803419,"S000001870","S000001870","EPL1"
"S000001866",435.868148659615,1.95675018960758,0.218416893553662,8.95878591518765,3.28272800311385e-19,1.13593708659474e-17,"S000001866","S000001866","CAF16"
"S000001863",1233.78421065492,1.84182803608952,0.222416400560312,8.28099021227564,1.22155230525688e-16,3.45303588260641e-15,"S000001863","S000001863","HAC1"
"S000001855",8527.15929775101,1.15423763054102,0.228310827595836,5.05555361826418,4.29144034079207e-07,3.55416262612229e-06,"S000001855","S000001855","ACT1"
"S000001854",126.859612846635,-1.03699443290146,0.195739213354216,-5.29783692869391,1.17182545085741e-07,1.09050402466962e-06,"S000001854","S000001854",NA
"S000001841",195.811973257634,2.80076873237295,0.487924591892784,5.74016718753211,9.4583127790538e-09,1.04492662830611e-07,"S000001841","S000001841","DAK2"
"S000001836",64.8390737632468,-2.39362885584,0.3597315467288,-6.65393090377072,2.8536668471088e-11,4.42833198104177e-10,"S000001836","S000001836","THI5"
"S000001835",380.992319163393,1.24519715834661,0.430643412868203,2.89148079626542,0.00383431025161948,0.0127338014478769,"S000001835","S000001835","SNZ3"
"S000001832",37.1998307162844,1.22904020987602,0.373504555336449,3.29056283870197,0.000999871668853414,0.00399403640129118,"S000001832","S000001832","COS4"
"S000001902",1220.23760848511,-1.73771531900966,0.167846804532976,-10.3529842218012,4.05641062011797e-25,2.26144892071577e-23,"S000001902","S000001902",NA
"S000001911",1531.52393216177,-1.6846789029451,0.507992630975263,-3.31634515979255,0.000912031111556405,0.00369394094006342,"S000001911","S000001911","GSY1"
"S000001918",1132.9839309211,2.83343529794019,0.286049245193608,9.90541085337396,3.94345855924095e-23,1.94619376927785e-21,"S000001918","S000001918","ROG3"
"S000001921",327.973395760473,1.22771153853034,0.220639659572348,5.56432846619661,2.63163845228888e-08,2.72252493491947e-07,"S000001921","S000001921","HIS2"
"S000001926",1183.90612864875,2.75116226222387,0.187897756835317,14.641804716355,1.51979929571105e-48,3.05023718649207e-46,"S000001926","S000001926","MET10"
"S000001938",106.709308782887,-1.04360733547608,0.241045077010588,-4.32951109567874,1.49440741279415e-05,9.19083455815484e-05,"S000001938","S000001938","KEG1"
"S000001952",64.3964946939207,2.80671349372219,0.317692595368334,8.834683384635,1.00382161441705e-18,3.35778330022502e-17,"S000001952","S000001952","IRC7"
"S000002969",256.918643431447,1.46476453193962,0.35385042563385,4.13950196418669,3.48060620916901e-05,0.000196592213746779,"S000002969","S000002969","ERG26"
"S000002973",1312.74323806884,-1.67624798682669,0.234787195992036,-7.13943526496029,9.37151402100619e-13,1.67934184287138e-11,"S000002973","S000002973","COG7"
"S000002976",20028.8819419005,5.95654365634258,0.23582502205585,25.2583190893624,9.17652170587733e-141,1.84172790636958e-137,"S000002976","S000002976","PMA1"
"S000002977",4869.14666990987,3.19972614251271,0.236685508475568,13.5188933328506,1.20982053934434e-41,1.77666572375421e-39,"S000002977","S000002977","LEU1"
"S000002978",423.556537619386,-1.52026292951508,0.387477333563989,-3.92348867360011,8.72758703648143e-05,0.000453006909884954,"S000002978","S000002978","MPO1"
"S000002980",832.755145740937,1.86609703474142,0.260443533917562,7.16507339104104,7.77448929293843e-13,1.41420543905687e-11,"S000002980","S000002980","ERG4"
"S000002994",2305.84778430028,2.16364892184804,0.142971762926817,15.1334003131482,9.75233706815205e-52,2.02478694783943e-49,"S000002994","S000002994","TRP5"
"S000003001",17.4026591423359,-3.8271145803651,0.671748621262983,-5.69724218141242,1.21760909403752e-08,1.3138394901792e-07,"S000003001","S000003001","HOP2"
"S000003005",4738.30384764367,1.26169106330227,0.20017167598321,6.30304490935123,2.91854279754558e-10,3.96671471422617e-09,"S000003005","S000003005","PNC1"
"S000003013",1632.97787590752,1.54742511131223,0.371362215158218,4.16688895140545,3.08784823454814e-05,0.000176394062810383,"S000003013","S000003013","RIM8"
"S000003017",719.242561918476,1.59568184051796,0.167988315193504,9.49876685577748,2.12390426161905e-21,9.13430539943451e-20,"S000003017","S000003017","TIF4632"
"S000003024",1218.55596762484,-1.11299456503314,0.205163205294054,-5.42492287268531,5.79795699950257e-08,5.64878626116586e-07,"S000003024","S000003024","SDS23"
"S000003031",103.718402609138,1.83740056981362,0.355979505812688,5.16153469458559,2.44933483676851e-07,2.14664411239931e-06,"S000003031","S000003031","PUS2"
"S000003038",71.8272375936102,1.04271689150308,0.37234546806929,2.80040172614385,0.00510390454879752,0.0162252424964677,"S000003038","S000003038","RPB9"
"S000003046",790.556450955019,1.21467635110579,0.404739670041555,3.00112996331958,0.00268979736991285,0.00942133214906646,"S000003046","S000003046","DBP3"
"S000003054",563.662529805402,-1.41117760526802,0.215416614187123,-6.55092278092436,5.71826234340735e-11,8.56459143523773e-10,"S000003054","S000003054","MAD1"
"S000003084",278.268483209038,1.84509975969029,0.220271438015212,8.37648210914599,5.45331800062863e-17,1.64172138408925e-15,"S000003084","S000003084","CDC20"
"S000003085",1429.54341134896,1.60772940225474,0.498802520027466,3.22317818716355,0.00126776663147464,0.00489309159494155,"S000003085","S000003085",NA
"S000003093",693.994362187252,2.17606205816387,0.177578649759268,12.2540748063679,1.59762243085646e-34,1.57693191085029e-32,"S000003093","S000003093","MET13"
"S000003114",256.45685578431,-1.3800859662757,0.214700646409842,-6.42795440699909,1.29332516750067e-10,1.84967003171533e-09,"S000003114","S000003114","RRT6"
"S000003115",1605.28787924432,1.55860173531136,0.245378354258355,6.35183058433237,2.12767580065562e-10,2.96544814716377e-09,"S000003115","S000003115","RPL9A"
"S000003116",1153.94719905867,2.30031513869474,0.250943037967883,9.16668243647049,4.87800205862033e-20,1.85888926550336e-18,"S000003116","S000003116","ARO2"
"S000003125",139.388088923983,2.01842863891604,0.311267608571941,6.48454443485576,8.90002925037691e-11,1.30382180332164e-09,"S000003125","S000003125","ARI1"
"S000003126",26.888718903893,-1.1280437997102,0.441215382409264,-2.55667378038929,0.0105678270727808,0.0299712137565772,"S000003126","S000003126","RCK1"
"S000003138",30.8009457883956,-2.49608049927049,0.427817102023399,-5.83445703190699,5.39660123195751e-09,6.21279847373158e-08,"S000003138","S000003138","SPO74"
"S000003147",389.749513773343,3.99080447923213,0.219065346453342,18.217415688255,3.75474166560833e-74,1.7390230437406e-71,"S000003147","S000003147","TOS3"
"S000003148",1789.82562635059,1.34373712109667,0.261047136497303,5.14748845410358,2.63997248108991e-07,2.29700495789629e-06,"S000003148","S000003148","ATG1"
"S000003152",939.362366578584,2.4213111696832,0.296156992297471,8.17576904364002,2.93984650238773e-16,7.97334044634077e-15,"S000003152","S000003152","STR3"
"S000003164",1117.2496119065,1.151801550691,0.275291021634431,4.18394157518338,2.86497771098284e-05,0.000165388598253382,"S000003164","S000003164","DSD1"
"S000003170",1237.23468318415,1.14899954246897,0.189214538250613,6.07246965847375,1.25957903097313e-09,1.57017087898327e-08,"S000003170","S000003170","ARO8"
"S000003192",211.60626272223,1.38947843575272,0.214605308690495,6.47457625457268,9.50783860170604e-11,1.37943846315354e-09,"S000003192","S000003192","SDT1"
"S000003193",664.214825999631,2.03122467527158,0.329196221229596,6.17025513745165,6.81798855497677e-10,8.80925087757835e-09,"S000003193","S000003193","VRG4"
"S000003216",116.839521190914,-1.24050602979058,0.26891205495233,-4.61305474018441,3.96793746929722e-06,2.70840000105115e-05,"S000003216","S000003216","BRR6"
"S000003217",2805.27202868645,1.70434279783101,0.223547763479817,7.62406552989242,2.45808482988813e-14,5.19302763535312e-13,"S000003217","S000003217","PDE1"
"S000003220",401.431685254811,-1.28802379585205,0.460129284593527,-2.79926498699137,0.0051219085613635,0.0162738846691132,"S000003220","S000003220","HFM1"
"S000003222",2457.87944556353,1.41526886976923,0.391292977345972,3.6169033223356,0.000298148597958159,0.00134569168538686,"S000003222","S000003222","HXK2"
"S000003225",1318.51551085231,-4.03926158839254,0.322604575200212,-12.5207820933281,5.74660896919728e-36,5.76672210058947e-34,"S000003225","S000003225","ADH4"
"S000003226",511.044265277568,-1.84900224901934,0.362226057445005,-5.10455338873589,3.3157665658048e-07,2.81980656676704e-06,"S000003226","S000003226","MNT2"
"S000003249",572.78632337213,1.54948354661642,0.16089286102975,9.63053013477028,5.94221125856338e-22,2.67000402894105e-20,"S000003249","S000003249",NA
"S000003250",79.4254900310723,1.45660434563701,0.217059405861277,6.71062532331784,1.93792123952743e-11,3.06252592734768e-10,"S000003250","S000003250",NA
"S000003251",2295.52724112516,1.88109101861266,0.118184455614646,15.916568797729,4.86325554399625e-57,1.3309846195637e-54,"S000003251","S000003251","UGA1"
"S000003252",337.219796671551,1.17613147406364,0.33591575212126,3.50126919216064,0.000463047867475291,0.00200432150256558,"S000003252","S000003252","VMA7"
"S000003254",173.819796261001,1.28962937505853,0.399134402094528,3.23106544635334,0.00123329697498233,0.00478458832884575,"S000003254","S000003254",NA
"S000003255",1685.15761584542,1.20652938194273,0.356298448776429,3.38628861867374,0.000708448315062265,0.00293974314609917,"S000003255","S000003255","MTL1"
"S000003281",244.268191204016,1.02317789899869,0.193793459557491,5.2797339050297,1.2937162971423e-07,1.19653852920027e-06,"S000003281","S000003281","SCM4"
"S000003297",867.513491001823,2.23818033149706,0.417301597164506,5.36345977754488,8.16428383607294e-08,7.79035704865217e-07,"S000003297","S000003297","VHT1"
"S000003298",360.161737789338,1.93444512465136,0.192605263288198,10.0435735328625,9.80560617053899e-24,4.96130712208532e-22,"S000003298","S000003298",NA
"S000003310",108.539029347713,1.1964906336612,0.244822262057243,4.88718069838534,1.02290202645379e-06,7.8456846818052e-06,"S000003310","S000003310","PAC10"
"S000003311",217.393055062559,1.70170502401125,0.262587145529067,6.48053437872068,9.13983250539557e-11,1.33570222123754e-09,"S000003311","S000003311",NA
"S000003319",2226.98413809546,-2.40037191876017,0.441790400660468,-5.43328219710448,5.53268048224435e-08,5.40783590642747e-07,"S000003319","S000003319","PDC6"
"S000003329",1586.22157853986,2.00832316567791,0.141057215542732,14.2376492967813,5.34964728351516e-46,9.4735959688367e-44,"S000003329","S000003329","ASK10"
"S000003331",248.280454499152,-1.02052320989432,0.221259749120912,-4.6123310450679,3.98178167385915e-06,2.71202573057759e-05,"S000003331","S000003331","TEL2"
"S000003356",2033.99422533339,2.81786278062484,0.298712163382826,9.43337140581551,3.97115138696884e-21,1.67204912593982e-19,"S000003356","S000003356","ASN2"
"S000003359",687.241997573903,-1.49352404466689,0.501199460796638,-2.97989954397196,0.00288342925887252,0.0100064135836723,"S000003359","S000003359",NA
"S000003363",48.9467660536479,-1.08090800298235,0.34069313913617,-3.1726732323492,0.00151042419716941,0.00569459241775643,"S000003363","S000003363","FHN1"
"S000003368",879.577277631511,3.25302551241603,0.191939728505692,16.9481614762186,1.98566706788876e-64,7.47231338484887e-62,"S000003368","S000003368","LSB1"
"S000003369",134.928815450741,3.25976913323539,0.290390193371082,11.2254793985754,3.05723879255294e-29,2.39060191817678e-27,"S000003369","S000003369",NA
"S000003370",5202.48372590435,7.17872015572004,0.245912877085894,29.1921278819921,2.44094871245481e-187,7.34847609884519e-184,"S000003370","S000003370","TPO2"
"S000003372",549.006715920891,2.12246423490563,0.194035992293744,10.9385079016295,7.54310935338248e-28,5.36993800735972e-26,"S000003372","S000003372","CBF2"
"S000003374",2738.304057415,1.37210981972208,0.443583265667009,3.09324071921166,0.00197983471556224,0.00720712504377283,"S000003374","S000003374","BTN2"
"S000003376",2804.35809752832,1.77803201757654,0.275310634288135,6.45827583875924,1.05902582084273e-10,1.52545322184069e-09,"S000003376","S000003376","THI4"
"S000003378",1309.41948167619,-1.50632124271382,0.163072612584639,-9.23711970292989,2.53221712591504e-20,1.0030578496799e-18,"S000003378","S000003378","ECL1"
"S000003383",22.4701856010949,3.35880299002377,1.28808966693387,2.60758476389223,0.00911834914081369,0.0264713501334808,"S000003383","S000003383",NA
"S000003393",3428.84246348646,1.659606197116,0.232650056833845,7.13348717684287,9.78574300515625e-13,1.74836672504587e-11,"S000003393","S000003393","RTS3"
"S000003398",430.209742472396,1.78308401414596,0.191503527104892,9.3109721847019,1.26667556616503e-20,5.15314431343219e-19,"S000003398","S000003398","TRS65"
"S000003401",93.7655603166905,-1.06256275050468,0.262070185838122,-4.05449687879039,5.02423213134854e-05,0.000274260214531728,"S000003401","S000003401","PUS6"
"S000003417",797.399640796692,1.2111939244948,0.258937144531051,4.67755959342307,2.90309219076203e-06,2.03014147277331e-05,"S000003417","S000003417","TYS1"
"S000003421",3886.13517731505,1.68557324950483,0.264226825667239,6.37926616742389,1.779385456243e-10,2.51494831738007e-09,"S000003421","S000003421","CRH1"
"S000003435",84.8537276614119,1.35596677154237,0.32694438463219,4.14739275325931,3.36282906976453e-05,0.000190296934483574,"S000003435","S000003435","YCH1"
"S000003436",2659.78604323832,1.51895585649613,0.143600023184911,10.5776853151353,3.7818563598222e-26,2.32352623902954e-24,"S000003436","S000003436","ADE3"
"S000003437",147.72335972588,-1.04028577452247,0.32122947653923,-3.23845054859227,0.00120180853350837,0.00467145847660032,"S000003437","S000003437","TDA10"
"S000003439",395.493979144209,1.16313092133223,0.359350097243459,3.23676250613122,0.00120893978390063,0.00469311827135118,"S000003439","S000003439","CIR1"
"S000003443",917.469455748642,1.0344012673934,0.359650598702033,2.87612830654673,0.00402586029329274,0.0132674903261716,"S000003443","S000003443","ZPR1"
"S000003462",165.829977849192,-3.4043383643289,0.615921677190344,-5.52722609124347,3.25333591300098e-08,3.29578798520923e-07,"S000003462","S000003462","BNS1"
"S000003468",3731.74803790874,-3.6377258596637,0.688027871132317,-5.28717805236136,1.24217718212348e-07,1.15418963172307e-06,"S000003468","S000003468","SPG1"
"S000003469",984.682669531987,1.09808035560464,0.15625979241955,7.02727386618014,2.10607742754781e-12,3.61273281802432e-11,"S000003469","S000003469",NA
"S000003471",268.984181728998,1.8382160190999,0.252136820004471,7.29054970657321,3.08692887933021e-13,5.80824961951476e-12,"S000003471","S000003471","PEX21"
"S000003472",5312.55053597548,1.14989631178332,0.16365988761928,7.02613406687844,2.12334448099899e-12,3.63200486366333e-11,"S000003472","S000003472","PFK1"
"S000003482",4716.50948463004,2.2132862065614,0.294405429319923,7.51781722121803,5.56982940497529e-14,1.13681162194428e-12,"S000003482","S000003482","RIE1"
"S000003491",256.123461036383,-2.66420326460555,0.229845458170217,-11.5912808798359,4.56257879572442e-31,3.92446956129382e-29,"S000003491","S000003491",NA
"S000003492",1736.05459182049,-2.50119430581545,0.246449566431469,-10.1489093368357,3.35087212471335e-24,1.76978956692097e-22,"S000003492","S000003492","TNA1"
"S000003498",255.953780340718,-1.50176858709526,0.465322489098821,-3.22737160201241,0.001249330965726,0.00483744163642203,"S000003498","S000003498",NA
"S000003516",1018.00361113236,-1.13564495983624,0.205405456815788,-5.52879644699369,3.2243520183475e-08,3.27936207811999e-07,"S000003516","S000003516","ERV29"
"S000003518",1016.66161986455,1.24739856163883,0.216283825373233,5.76741492104756,8.04966986646704e-09,9.02552369944098e-08,"S000003518","S000003518","BIO2"
"S000003524",60.2819536681854,1.91021330743524,0.332630791435752,5.74274347600257,9.3154794461153e-09,1.03103863501949e-07,"S000003524","S000003524","MAL12"
"S000001005",153.431333700342,-1.04177988195415,0.243056225776599,-4.28616826672723,1.81781319378268e-05,0.00011000053507302,"S000001005","S000001005","OTU2"
"S000001012",933.254779524976,-1.04603140901077,0.231182525307631,-4.52469929385377,6.04814372019722e-06,3.97553202394187e-05,"S000001012","S000001012","OPI1"
"S000001018",171.046940350728,1.80320614873436,0.204461534280742,8.81929285661337,1.15184820646812e-18,3.81059233579372e-17,"S000001018","S000001018",NA
"S000001028",512.665271636586,3.1233535267351,0.408621979366963,7.64362585579414,2.11188500265948e-14,4.50909914929529e-13,"S000001028","S000001028","MUP3"
"S000001041",43.957784720543,-1.30008217101713,0.524771021834362,-2.47742751966873,0.0132333283780235,0.036299713058806,"S000001041","S000001041",NA
"S000001043",614.321958828222,-1.06191276521651,0.111199048431755,-9.54965694574476,1.30126462138432e-21,5.71891553675546e-20,"S000001043","S000001043","OSH7"
"S000001056",36.9170152851154,-1.69463289481141,0.319632733980998,-5.30181272019578,1.14658433106631e-07,1.06866629370747e-06,"S000001056","S000001056","SPO13"
"S000001057",52.9597848381657,-1.73385923355438,0.408358063947741,-4.24592872439582,2.1768982913893e-05,0.000130030799726736,"S000001057","S000001057","MIP6"
"S000001060",3883.75694499725,3.1949360224831,0.267140791907571,11.9597460188279,5.77382454923874e-33,5.26730266832825e-31,"S000001060","S000001060","ARG4"
"S000001061",2317.33205124734,1.36986056844657,0.393103096213922,3.48473614591199,0.000492622555193052,0.00211560656549028,"S000001061","S000001061","DED81"
"S000001062",1218.51525022894,2.06556777346182,0.447711446866347,4.61361394246068,3.95727160296783e-06,2.70450991163102e-05,"S000001062","S000001062",NA
"S000001066",361.86307823097,1.3407827531133,0.306828273881307,4.36981486794781,1.243519165439e-05,7.76683495343178e-05,"S000001066","S000001066","MAS2"
"S000001067",692.515304340794,2.19793509132765,0.297822662184465,7.38001290837394,1.5827418639482e-13,3.07409314930067e-12,"S000001067","S000001067","THR1"
"S000001071",364.578723144836,2.76645400731363,0.161001047718232,17.1828323263784,3.57045089690584e-66,1.433178990018e-63,"S000001071","S000001071","YHI9"
"S000001072",1989.13055357798,2.31516275339003,0.252250961596337,9.17801358908139,4.39116622420269e-20,1.68402623158754e-18,"S000001072","S000001072","SLT2"
"S000001075",2355.44672705251,1.01315336881764,0.339979511146842,2.98004243079238,0.00288208458976976,0.0100064135836723,"S000001075","S000001075",NA
"S000001085",238.467418734501,1.44711445985594,0.186245831176851,7.76991597992771,7.85382045529336e-15,1.83999427865063e-13,"S000001085","S000001085","DOG2"
"S000001088",397.231347569021,3.85887374618924,0.301268744783681,12.8087424035972,1.46489443708709e-37,1.63335729735211e-35,"S000001088","S000001088","INM1"
"S000001091",411.390164298897,1.22680624425106,0.200856661695102,6.10786933277495,1.00969962005893e-09,1.26654196091142e-08,"S000001091","S000001091","FSH1"
"S000001096",1851.67777175612,-2.31561940164824,0.174697714581431,-13.2550068396509,4.2207843627879e-40,5.77575969280589e-38,"S000001096","S000001096",NA
"S000001105",312.198787749515,1.42192657479061,0.348355197025261,4.08182965815636,4.46825420465616e-05,0.000247046451480576,"S000001105","S000001105","PAN5"
"S000001110",561.609503611265,1.82750229742436,0.511690191588053,3.57150152077886,0.000354940486802283,0.00156793592886027,"S000001110","S000001110","DYS1"
"S000001113",2274.80117139832,3.38420540353668,0.262061320529677,12.9137920723918,3.76302953369125e-38,4.4425883965402e-36,"S000001113","S000001113","PCL5"
"S000001134",917.583533927746,3.64755069997398,0.473456433420096,7.70408942091091,1.31779550958233e-14,2.87479955188233e-13,"S000001134","S000001134","HXT4"
"S000001146",1685.15262572178,1.72462938040022,0.208763672751618,8.26115653968275,1.44267738314578e-16,4.0101420161744e-15,"S000001146","S000001146","GRE3"
"S000001148",1793.3027739991,-1.10201451811094,0.406824904420928,-2.70881773985675,0.00675234218849556,0.0204918610468406,"S000001148","S000001148","TRR2"
"S000001154",898.189427219513,1.05419288511139,0.171832290812192,6.13501036463274,8.51536422446948e-10,1.08075889781055e-08,"S000001154","S000001154",NA
"S000001168",12.2490215714156,-2.80668032439511,0.772519103500039,-3.63315329249326,0.00027997856931626,0.00127226487988921,"S000001168","S000001168","ANS1"
"S000001169",128.353360853066,-1.43948685406445,0.24229705944237,-5.94100009871078,2.83288443890179e-09,3.39776836785411e-08,"S000001169","S000001169",NA
"S000007496",491.579778526757,-2.06438214667962,0.464950042721545,-4.44000851058306,8.99553203335064e-06,5.74969197163527e-05,"S000007496","S000007496","IGO2"
"S000001178",135.285665381334,-3.9214948540043,0.540031019524285,-7.26161037463876,3.8250868725878e-13,7.15243728566806e-12,"S000001178","S000001178","SPL2"
"S000001181",32318.8955802901,-1.45379573544675,0.288056631497754,-5.04690944932503,4.49014023164993e-07,3.70852322836272e-06,"S000001181","S000001181","SPS100"
"S000003533",31.0681116512761,-2.00701990722554,0.440470221906049,-4.55653936954139,5.20032955939076e-06,3.45217026208288e-05,"S000003533","S000003533",NA
"S000001182",273.526356773647,-1.44204426014705,0.243569413879109,-5.92046528823515,3.21032050931717e-09,3.83518646559497e-08,"S000001182","S000001182",NA
"S000001193",745.655863002112,-1.16704870860257,0.309235342455567,-3.77398229883848,0.000160662165330685,0.000787100811599721,"S000001193","S000001193","PEX28"
"S000001197",577.883104712313,-1.12154636362983,0.202392203444014,-5.54145043408291,2.99976489310049e-08,3.07693090653459e-07,"S000001197","S000001197","RTT107"
"S000001203",800.513973710158,-1.68825959912118,0.340186218989623,-4.96275129585033,6.95015549456357e-07,5.49171735338153e-06,"S000001203","S000001203","PEX18"
"S000001205",720.887436226389,1.50968519483296,0.197711779693172,7.63578779765089,2.24443735857593e-14,4.77517927066632e-13,"S000001205","S000001205","MPC2"
"S000001215",110.057023382902,-1.16065505825255,0.343434186091249,-3.37955598265389,0.000726030193804889,0.00300029361489309,"S000001215","S000001215","SPC97"
"S000001219",253.018498412699,1.2205244842645,0.317756741390417,3.84106558659878,0.000122501375490881,0.000619295366776316,"S000001219","S000001219","FMO1"
"S000001222",951.673046560037,2.7997193224459,0.180457292072603,15.5145812634686,2.76432159484333e-54,6.65759212902067e-52,"S000001222","S000001222","OYE2"
"S000028784",180.607835892612,1.52687290066225,0.243789690341502,6.26307412148313,3.77461085859984e-10,5.0392310376119e-09,"S000028784","S000028784",NA
"S000001226",1211.02996924189,1.78232541520194,0.201939941068659,8.82601730875991,1.08469248040671e-18,3.60825051078938e-17,"S000001226","S000001226","GND1"
"S000001227",60.5095061361773,-1.34477282000592,0.332395519663768,-4.04570080055898,5.2166827183207e-05,0.000282969789612693,"S000001227","S000001227","SSP1"
"S000001230",337.233408476816,-1.27767360209246,0.315070852408803,-4.05519454536746,5.00925935596685e-05,0.000273979888327916,"S000001230","S000001230","IKI1"
"S000001237",693.459167734555,-1.05192240850013,0.136155811623867,-7.72587226321333,1.1108998605019e-14,2.45909119855954e-13,"S000001237","S000001237","MDM31"
"S000001241",760.977577334024,-1.00081605449729,0.241196737688727,-4.14937641399147,3.33382217839026e-05,0.000189010765876533,"S000001241","S000001241","AIM18"
"S000001251",2962.30203869431,3.67859571552546,0.305345889253767,12.0473071522775,2.00390056605816e-33,1.94604601745745e-31,"S000001251","S000001251","BAT1"
"S000001252",841.731685942416,1.0796484710555,0.142341188409811,7.58493365916766,3.32657228638507e-14,6.93055077381471e-13,"S000001252","S000001252","CRG1"
"S000001259",33.5341624089642,2.95112525553041,0.978075547868881,3.01727740966492,0.0025505628172107,0.00903349336613274,"S000001259","S000001259","IMD2"
"S000001266",188.6971440025,-1.20018613738716,0.23211905381166,-5.17056276802242,2.33390062397336e-07,2.04845709284892e-06,"S000001266","S000001266","BET1"
"S000001285",1364.2409897031,1.33955526226744,0.138559350725077,9.66773628237707,4.13421326157744e-22,1.90016015633265e-20,"S000001285","S000001285","YKE4"
"S000001290",22.375849623822,-1.13600107055365,0.336514219365658,-3.37578920942794,0.000736042878148168,0.00303750114416047,"S000001290","S000001290",NA
"S000001291",66.0584273388451,-1.19466153891125,0.235148205752981,-5.08046206470407,3.76517920385471e-07,3.15740166941632e-06,"S000001291","S000001291",NA
"S000001306",330.454854408,1.11080659584323,0.156219145910519,7.11056630971144,1.15567760627907e-12,2.04056740979657e-11,"S000001306","S000001306","AGE2"
"S000001313",1071.48245681129,1.2749451674723,0.216208122670545,5.89684213397959,3.70524038205986e-09,4.38295723779616e-08,"S000001313","S000001313","MMF1"
"S000001317",963.308486355109,-1.30388675904131,0.29017737286836,-4.49341292931488,7.00906869278422e-06,4.58483534648616e-05,"S000001317","S000001317",NA
"S000001318",760.188190587952,2.11972395502561,0.255176868807989,8.3068812817067,9.82501572192863e-17,2.84405863758328e-15,"S000001318","S000001318","VHR1"
"S000001328",370.242265775803,-1.2879556112538,0.241622200798851,-5.33045228044264,9.79684741029847e-08,9.24558279896663e-07,"S000001328","S000001328","RNR3"
"S000028791",38.1188419357847,1.3641734055574,0.420212759252991,3.24638739666659,0.00116879674492804,0.00456672628242164,"S000028791","S000028791",NA
"S000001329",385.117092650807,1.22940593476806,0.202697392945831,6.06522815563103,1.31766464371681e-09,1.63244008638249e-08,"S000001329","S000001329",NA
"S000001336",675.777114689481,1.36345894112306,0.326097780754776,4.18113529619011,2.90057199435612e-05,0.000166803667411826,"S000001336","S000001336","SER33"
"S000001345",773.509751173862,-2.08905065552533,0.256330466945063,-8.1498336129238,3.64425334782473e-16,9.66610106046375e-15,"S000001345","S000001345","CAB2"
"S000001357",287.9041680135,1.43589488935786,0.300386650292743,4.7801554694874,1.7515968911034e-06,1.27834725834346e-05,"S000001357","S000001357","PRK1"
"S000001375",96.937684326301,-1.1538490491428,0.246139293242287,-4.68778890986335,2.76172663478984e-06,1.94483696702569e-05,"S000001375","S000001375","SDP1"
"S000001378",1601.18655562038,2.17166083150725,0.13531448915494,16.0489896172214,5.81022223750298e-58,1.66587371866693e-55,"S000001378","S000001378","HIS5"
"S000001386",1506.82078898691,-1.39187307745236,0.274579923672462,-5.06909995033973,3.99701302493913e-07,3.32403527944178e-06,"S000001386","S000001386","AYR1"
"S000001398",14665.8502678777,-1.25140568080238,0.303998973815202,-4.11647995089317,3.84702777689903e-05,0.000214869705424017,"S000001398","S000001398","OM45"
"S000001399",1619.15454119236,-1.6057333131011,0.417640006095816,-3.84477849263489,0.000120661382427735,0.00061153382457693,"S000001399","S000001399","TMA108"
"S000001407",495.245765599134,-1.12229297946882,0.29120273506253,-3.85399189065935,0.000116207445743825,0.000591950110679842,"S000001407","S000001407","PAN6"
"S000001412",159.07452369328,1.18262472372412,0.187300791512948,6.31404018195178,2.71843306132603e-10,3.71992851414638e-09,"S000001412","S000001412","MCM10"
"S000001426",153.994444881703,1.52187151262295,0.195894968934171,7.76881367042338,7.92246081410572e-15,1.84575133313493e-13,"S000001426","S000001426","NIT1"
"S000001427",66.0875350416457,1.20986205255299,0.223066044038473,5.42378405358874,5.83503699154321e-08,5.67572822715374e-07,"S000001427","S000001427",NA
"S000028798",20.2378749513536,-1.88732019497564,0.708261782665615,-2.66472121066948,0.00770521710234354,0.0228537498390199,"S000028798","S000028798",NA
"S000001434",183.384600608127,-1.53581411206965,0.494896006820954,-3.10330673697531,0.00191371180066607,0.00700027870705371,"S000001434","S000001434","IMA3"
"S000001440",373.925176925129,1.30223039270332,0.218008620836421,5.97329769670175,2.32505060703557e-09,2.81107022187976e-08,"S000001440","S000001440","SGN1"
"S000001455",1016.24169772586,-1.05613301823944,0.379583458505577,-2.7823473193417,0.00539672513951135,0.0170302316902504,"S000001455","S000001455",NA
"S000001456",325.779222584796,1.28188392422788,0.272338221197004,4.70695563257203,2.51443605617648e-06,1.78110817579277e-05,"S000001456","S000001456","MET28"
"S000028799",362.044939505733,1.51276529759393,0.239402215805627,6.31892771962545,2.63384423540316e-10,3.61238636477504e-09,"S000028799","S000028799",NA
"S000001472",762.816387369999,-1.12052557326694,0.118688928534745,-9.44086012992282,3.6973171938869e-21,1.5677145650981e-19,"S000001472","S000001472","MGA2"
"S000001473",842.240627954331,2.18614915597536,0.34594954957455,6.319271577789,2.62799083029289e-10,3.61238636477504e-09,"S000001473","S000001473","LYS1"
"S000001474",1292.94904541179,3.55749560030382,0.19309531908868,18.4235206585719,8.50850356508991e-76,4.65724545140058e-73,"S000001474","S000001474",NA
"S000001475",844.457580663794,-1.05539054069712,0.264113182567055,-3.99597827885464,6.44276414524488e-05,0.000342382020463543,"S000001475","S000001475","IRC24"
"S000001477",8694.10069845874,-1.54152016974996,0.326826256595517,-4.71663502745361,2.39777255429034e-06,1.70247506478563e-05,"S000001477","S000001477","GTT1"
"S000003548",48.9171129225566,-1.39085884177115,0.486947199102931,-2.85628266130996,0.00428633349562092,0.0139502778254776,"S000003548","S000003548","RPC17"
"S000003559",27.9182478165903,-1.18250978650922,0.408808009713909,-2.89257978907204,0.00382092118004496,0.0126963390866726,"S000003559","S000003559",NA
"S000003562",139.534884368759,1.59299574426235,0.354630116980025,4.49199227022243,7.05599851808179e-06,4.60283500296538e-05,"S000003562","S000003562","RRN7"
"S000028660",35.9590320607379,-1.09577100858054,0.415074670823867,-2.63993706579489,0.00829214241275087,0.0243784128257681,"S000028660","S000028660",NA
"S000003563",4335.56177638194,-1.28357131911769,0.257152964432699,-4.9914700456569,5.99214766814736e-07,4.81691870626371e-06,"S000003563","S000003563","RNR2"
"S000003571",3818.57456759391,1.44419090513264,0.216046054582893,6.68464373450768,2.31487100876669e-11,3.62964540202715e-10,"S000003571","S000003571","KAR2"
"S000003572",46.5283820969043,1.17520055986056,0.28977494098115,4.05556310660074,5.00136666547885e-05,0.000273979888327916,"S000003572","S000003572","TAD2"
"S000003574",41.280592961404,-3.85198076951149,0.555617119130034,-6.93279713113014,4.12599706332071e-12,6.91995217778662e-11,"S000003574","S000003574","IRC18"
"S000003579",37.6152000199122,-1.08017679419598,0.446556392067575,-2.41890344284338,0.0155673718733022,0.041345895919344,"S000003579","S000003579",NA
"S000003581",2003.55154762717,-1.6142239822849,0.168798630957943,-9.56301584393235,1.14374229805367e-21,5.06358262983907e-20,"S000003581","S000003581",NA
"S000003592",1872.64588921217,-1.67210387058992,0.521858099030753,-3.20413513500225,0.00135468875710828,0.00518536618343862,"S000003592","S000003592","ZAP1"
"S000003596",510.587218963067,2.66415238890455,0.250555792206709,10.6329706666953,2.09336232317586e-26,1.31293068206686e-24,"S000003596","S000003596","BNA3"
"S000003604",1417.46952455497,-1.02116510572568,0.158963928760198,-6.42387939006046,1.32844473190791e-10,1.89539472294255e-09,"S000003604","S000003604",NA
"S000003612",795.727461370373,1.08089545198757,0.118132782351337,9.14983487625729,5.70206380764444e-20,2.13243019787747e-18,"S000003612","S000003612","NET1"
"S000003618",1473.98607178261,2.52197944911088,0.199636098957994,12.6328828417026,1.39087573111726e-36,1.44387289259604e-34,"S000003618","S000003618","IML2"
"S000003624",599.885549188084,1.90147102906128,0.30994788656024,6.13480882274614,8.52616635874457e-10,1.08075889781055e-08,"S000003624","S000003624","ARG3"
"S000003626",473.338076919765,-1.04381712218025,0.129789111087356,-8.04240905446753,8.80892614566849e-16,2.23791326257679e-14,"S000003626","S000003626","DPB11"
"S000003637",1265.76106322528,1.65381714572925,0.174866484268321,9.45759933728398,3.15094054355687e-21,1.34551865338694e-19,"S000003637","S000003637","GSH1"
"S000003643",72.4085978708754,3.36776588456787,0.322466415352181,10.4437725115956,1.564663765405e-25,9.14644711796455e-24,"S000003643","S000003643",NA
"S000003644",143.546620946521,2.2113106472635,0.27060306466249,8.1717871526014,3.03854268365463e-16,8.20406524586749e-15,"S000003644","S000003644","PRM10"
"S000003653",885.555537375164,-1.17646034851399,0.141266859862464,-8.32792878428375,8.22689763511761e-17,2.40457042043899e-15,"S000003653","S000003653","PHO86"
"S000003666",2112.61938890263,1.30118557745334,0.179239434770793,7.25948270879819,3.88573459599556e-13,7.24334613080162e-12,"S000003666","S000003666","URA2"
"S000003669",524.702730749169,1.13059012290244,0.24959848131596,4.52963542462926,5.90855524535968e-06,3.88802307456947e-05,"S000003669","S000003669","MRS3"
"S000003673",653.395551238862,-1.37972056611268,0.218639448843068,-6.3104831877938,2.78165631153458e-10,3.79781239268701e-09,"S000003673","S000003673","GLG2"
"S000003689",5144.8988048776,1.89982308723013,0.470989328757373,4.03368605450679,5.49086673907577e-05,0.000296506803910092,"S000003689","S000003689","INO1"
"S000003693",283.545031409737,1.20831428242404,0.400896425034099,3.01403107378986,0.00257801399750551,0.00910394268561918,"S000003693","S000003693","FAR1"
"S000003694",1261.3341770832,2.35119931350989,0.222788400018344,10.5535086805071,4.8934840657328e-26,2.97612803634113e-24,"S000003694","S000003694","CIS3"
"S000003695",19385.1487973018,2.68587757737189,0.487849293214072,5.50554774749526,3.6802219368364e-08,3.68083326938404e-07,"S000003695","S000003695","HSP150"
"S000003696",34.6505842988589,-1.75266282636995,0.465384226924266,-3.76605549774072,0.000165846942340631,0.000809865725736365,"S000003696","S000003696","PIR5"
"S000003701",2179.71069751934,2.11068586449058,0.327866097652189,6.43764597683309,1.21340606771616e-10,1.7395042699331e-09,"S000003701","S000003701","HAL5"
"S000003707",592.520904071023,3.85390088001693,0.35087740062494,10.9836110081551,4.58232999709455e-28,3.32412155572365e-26,"S000003707","S000003707","TOH1"
"S000003709",348.895349359696,-1.08969347034356,0.209945029201993,-5.1903751876647,2.09870763285155e-07,1.86101894807057e-06,"S000003709","S000003709","RFA3"
"S000003710",1080.36552574444,1.08233294581638,0.139743862032486,7.7451197503385,9.5491807023913e-15,2.14535884362306e-13,"S000003710","S000003710","KRE9"
"S000003721",956.135636381165,-1.57624192537941,0.300370368941943,-5.24766118219894,1.54042261601715e-07,1.40103996541379e-06,"S000003721","S000003721","ATG36"
"S000003736",605.968134638889,1.50695782068176,0.257873755484644,5.84378126362495,5.10290243789051e-09,5.91995675887067e-08,"S000003736","S000003736","ACO2"
"S000003755",170.435972121279,-1.44404265027752,0.383006004130223,-3.77028724016176,0.000163059763628082,0.00079754901446359,"S000003755","S000003755","HXT9"
"S000003756",20.2378749513536,-1.88732019497564,0.708261782665615,-2.66472121066948,0.00770521710234354,0.0228537498390199,"S000003756","S000003756",NA
"S000003757",183.384600608127,-1.53581411206965,0.494896006820954,-3.10330673697531,0.00191371180066607,0.00700027870705371,"S000003757","S000003757","IMA4"
"S000003768",5451.9271751127,-1.13626374148534,0.336014430405123,-3.38159209446863,0.000720670711804845,0.00298466537341335,"S000003768","S000003768","MHO1"
"S000003773",113.08191698879,-1.10580169946407,0.290131232634228,-3.81138455665049,0.000138190590031282,0.000687073115258752,"S000003773","S000003773",NA
"S000003777",5412.92500328925,3.17827621371027,0.342017019277373,9.29274285947948,1.50362559926305e-20,6.07606022359922e-19,"S000003777","S000003777","ILV3"
"S000003786",835.11616365949,1.49026044569897,0.161971378260754,9.20076412080557,3.55413267824119e-20,1.3717585163904e-18,"S000003786","S000003786","BNA1"
"S000003800",806.470689981409,-1.15954393125136,0.252662968210842,-4.58929117892633,4.44753670053656e-06,2.99537119395197e-05,"S000003800","S000003800",NA
"S000003806",8121.1446742426,1.13474311254377,0.245914532918977,4.6143800412058,3.94270412695102e-06,2.69761608504228e-05,"S000003806","S000003806","SSC1"
"S000003807",1125.17843112151,1.27533387303081,0.450257242768197,2.83245609818515,0.00461919087472876,0.0148692962376835,"S000003807","S000003807","TAH11"
"S000003808",17.3463608730175,-3.06540108202461,0.818728756488855,-3.74409846695831,0.000181042648461927,0.000872744424651133,"S000003808","S000003808","ANB1"
"S000003818",462.272610892603,-1.25814923703647,0.206443637661304,-6.09439579388063,1.09851562472879e-09,1.37223289968714e-08,"S000003818","S000003818","CDC8"
"S000003856",1133.42026839552,-1.22345743665625,0.410798098290752,-2.97824513245511,0.0028990402338785,0.0100547933457272,"S000003856","S000003856","SFC1"
"S000003857",4813.22531893166,2.0075489002573,0.303689818556582,6.61052421776616,3.82961458472416e-11,5.82275490268287e-10,"S000003857","S000003857",NA
"S000003860",247.690131195734,-1.42240307564452,0.299252962659133,-4.7531795942977,2.00242326689589e-06,1.44563435131656e-05,"S000003860","S000003860","YUH1"
"S000003870",2931.59490951321,2.1386668306027,0.340137696582804,6.28765012548987,3.2230727921897e-10,4.34980157681262e-09,"S000003870","S000003870","CPA2"
"S000003872",192.076326125052,1.84523693963182,0.295374941396575,6.24710048492019,4.18142073486631e-10,5.53326027354507e-09,"S000003872","S000003872","PXP2"
"S000003882",8301.72381468521,1.09190079040503,0.219054237006994,4.9846138806718,6.20856702730363e-07,4.95140998435015e-06,"S000003882","S000003882","ATP2"
"S000003885",127.196523677949,1.03827930446338,0.368234486306931,2.81961452029224,0.00480813707599977,0.0153906397313103,"S000003885","S000003885",NA
"S000003889",40.3538237270383,-1.12071561372314,0.45654083930232,-2.45479816315186,0.0140963710193063,0.0381956365755423,"S000003889","S000003889",NA
"S000003891",1365.51966956166,1.03307174155001,0.138902881495921,7.4373672484278,1.02711714667468e-13,2.0343001118843e-12,"S000003891","S000003891","STR2"
"S000003898",1322.14024662624,2.1529079265888,0.217858781737617,9.88212597820223,4.97657049620863e-23,2.41644604497356e-21,"S000003898","S000003898","MET5"
"S000003903",357.078746858019,1.42278298274889,0.136863820256861,10.3956106155641,2.59618690053012e-25,1.48872774553256e-23,"S000003903","S000003903",NA
"S000003908",597.394385963606,-2.47159182436595,0.547901062042002,-4.51101849511742,6.45170945217158e-06,4.23156237598312e-05,"S000003908","S000003908","HMS2"
"S000003909",2841.74474854662,-1.88232446629974,0.439676283245967,-4.2811598851847,1.85921713626124e-05,0.000112055519293583,"S000003909","S000003909","BAT2"
"S000003911",27.8099765565242,-1.07489060566135,0.398225584742629,-2.69920026950566,0.00695063349120693,0.021030032286712,"S000003911","S000003911","DAN1"
"S000003915",451.970353177468,2.74815076456084,0.283086984484175,9.70779624350572,2.79310576720488e-22,1.30366587785586e-20,"S000003915","S000003915",NA
"S000003916",2465.6955769042,1.15998535260192,0.228548718871703,5.07544018766993,3.86599956169227e-07,3.22845816379323e-06,"S000003916","S000003916","AAD10"
"S000003917",138.211814303732,-1.13082411195713,0.193730711097586,-5.83709266099536,5.31195573429001e-09,6.12706618317244e-08,"S000003917","S000003917","THI11"
"S000001484",299.418281432583,2.20868334785695,0.217451880309263,10.1571131264339,3.08063095286486e-24,1.64145831568136e-22,"S000001484","S000001484","MET14"
"S000001510",427.741377558592,1.00276342249778,0.223841331842803,4.47979564025287,7.47145385861355e-06,4.85805871303587e-05,"S000001510","S000001510","TCD2"
"S000001512",1486.22627006189,2.475696708966,0.303034284952827,8.16969178702468,3.09178313449319e-16,8.31054743427833e-15,"S000001512","S000001512","MAE1"
"S000001513",294.361571878222,1.7123658029251,0.276765996590412,6.18705268718123,6.12994817050525e-10,8.00616441097876e-09,"S000001513","S000001513",NA
"S000001526",764.977187256816,1.0715896069295,0.182097893903249,5.88468973451633,3.98801405642649e-09,4.70820247720468e-08,"S000001526","S000001526","PHD1"
"S000001533",1981.91909847473,-1.10739030494119,0.155068651907457,-7.14129059174424,9.2458651227597e-13,1.66177175833242e-11,"S000001533","S000001533",NA
"S000001534",428.912826050882,2.70646325533012,0.178714028022936,15.1441008032273,8.28804500341113e-52,1.78222567734066e-49,"S000001534","S000001534","SFK1"
"S000001535",302.917874779995,1.59038552116306,0.191515252399009,8.30422382155552,1.00474083633102e-16,2.89451893566942e-15,"S000001535","S000001535","ASK1"
"S000001536",43.7675403460959,2.30635429651596,0.296883947516113,7.76853823122513,7.93970428968523e-15,1.84575133313493e-13,"S000001536","S000001536",NA
"S000001538",26.1147031152762,1.04712711872264,0.381567924139128,2.74427448555878,0.00606448063786533,0.0187869962284182,"S000001538","S000001538","OAR1"
"S000001540",601.543170376088,-1.00816503651859,0.226813562279577,-4.44490632035441,8.79301740811345e-06,5.63220827811182e-05,"S000001540","S000001540","NUP120"
"S000001545",3258.90230113448,3.91859134176255,0.242466058393019,16.1614015905303,9.43909419878349e-59,2.99119927215134e-56,"S000001545","S000001545","MSN4"
"S000113563",275.052972781211,-2.93683540118378,0.561235696869547,-5.23280222117877,1.6695935605857e-07,1.50713985431582e-06,"S000113563","S000113563",NA
"S000028524",11.0856197338541,1.41774153161525,0.515044246673999,2.75265968073733,0.00591133104944669,0.018387939926216,"S000028524","S000028524",NA
"S000001552",298.16476618934,-1.05079086853526,0.153629234440609,-6.83978457851055,7.93123554998409e-12,1.30119807211047e-10,"S000001552","S000001552",NA
"S000001568",4943.27325299803,1.01793178524093,0.194906118575641,5.22267742377662,1.76354448198079e-07,1.58482109343378e-06,"S000001568","S000001568","MDH1"
"S000001579",786.915478768953,2.44242222320707,0.274819930973245,8.88735476556415,6.25809427584473e-19,2.12881274773227e-17,"S000001579","S000001579","CWP1"
"S000001956",3453.92280616332,1.60968711418845,0.190884566780034,8.43277767994404,3.37555608625701e-17,1.03168645661693e-15,"S000001956","S000001956","CWP2"
"S000001586",1506.26383938141,1.21452687044402,0.16561190836485,7.33357209898436,2.24097831972674e-13,4.28346998827768e-12,"S000001586","S000001586","APE1"
"S000001589",353.125488749601,-1.04384486849488,0.307910585254944,-3.39009088508796,0.000698694556975182,0.00290339489068903,"S000001589","S000001589","AAT1"
"S000001590",1657.15039560559,-1.44139251595984,0.186367534886906,-7.7341395154179,1.04104819500928e-14,2.31297091592284e-13,"S000001590","S000001590",NA
"S000001592",2796.16864422169,1.92117269152266,0.32400735698252,5.92941070664118,3.0402378503836e-09,3.63921910480311e-08,"S000001592","S000001592","HAP4"
"S000001596",406.965922893871,-1.74943489326184,0.224495613054611,-7.79273532100724,6.55738901122151e-15,1.54226715767831e-13,"S000001596","S000001596","RAD27"
"S000001603",772.823018302396,3.93675943820524,0.488819926142987,8.05359852915177,8.03946239007181e-16,2.05108487502637e-14,"S000001603","S000001603","OAC1"
"S000001610",383.613637521056,-1.06968064432122,0.142424642079263,-7.51050259775913,5.89007864737116e-14,1.19811363296695e-12,"S000001610","S000001610","PGM1"
"S000001611",229.511190879721,1.65999556161053,0.22654945569669,7.32729882976624,2.34837796761481e-13,4.47455181740783e-12,"S000001611","S000001611","PMU1"
"S000001612",1011.55679345694,1.49351419085642,0.133553958481778,11.1828522930691,4.94738701159165e-29,3.77066040465739e-27,"S000001612","S000001612","MYO3"
"S000001614",65.4906888196438,3.8059299732963,0.375759380295839,10.1286359645895,4.12361502444444e-24,2.1589813967113e-22,"S000001614","S000001614",NA
"S000001615",216.126291472507,3.3096761554261,0.361647520597542,9.15166278468494,5.60638543096194e-20,2.10975291748886e-18,"S000001615","S000001615","RMA1"
"S000001616",1407.02678031914,-1.48809922280193,0.180190579302299,-8.25847404766592,1.47546536913111e-16,4.07512705850386e-15,"S000001616","S000001616",NA
"S000001632",358.924737421625,-1.36118382987545,0.438074137455222,-3.10719970318856,0.0018886876347864,0.00692135620757695,"S000001632","S000001632","DBR1"
"S000001633",5028.69474727985,-1.12374698936205,0.136697846829196,-8.22066342249097,2.02380503622347e-16,5.53878641959158e-15,"S000001633","S000001633","MCR1"
"S000001634",3382.42598300184,-1.21364396646072,0.214668403922135,-5.65357520849197,1.5714430332532e-08,1.67462982357832e-07,"S000001634","S000001634","NNR2"
"S000001644",364.704803655383,1.0896504543829,0.218409796594673,4.98901821883515,6.06869240947853e-07,4.86545898767912e-06,"S000001644","S000001644","KDX1"
"S000001646",21523.2842208279,1.96192028854882,0.175505561310918,11.1786787489496,5.18562571118819e-29,3.90283155088301e-27,"S000001646","S000001646","PIR3"
"S000001647",2078.95549546361,1.96279054329394,0.278398524979606,7.05029074215722,1.78544332714755e-12,3.08027343058894e-11,"S000001647","S000001647","PIR1"
"S000001657",1025.18078777785,1.16944142935387,0.255302722923182,4.5806069593145,4.63628430128414e-06,3.10958776643496e-05,"S000001657","S000001657","TPO5"
"S000001663",3348.25064020235,1.00039011968711,0.331055920127417,3.02181613094877,0.00251263120492073,0.00892063762820433,"S000001663","S000001663","RPL17A"
"S000001669",507.967780370762,-1.98505215952654,0.494231494716266,-4.01644205346756,5.90833830628082e-05,0.000317342595380168,"S000001669","S000001669","MTR2"
"S000001670",2539.27247119656,-4.46320982221646,0.538042250837228,-8.29527758325935,1.08331938862235e-16,3.07672926362979e-15,"S000001670","S000001670","FAT3"
"S000001671",1245.17370664927,-1.41614352513964,0.466686118836316,-3.03446678180786,0.00240961289609108,0.00861025474621033,"S000001671","S000001671","PXA2"
"S000001681",1140.6743099623,-1.11240684717842,0.331420688183191,-3.35647980600276,0.000789414856215868,0.00324220112501756,"S000001681","S000001681","PTK1"
"S000001694",642.468972733157,2.45774152551154,0.370049199162536,6.64166151710013,3.1016660724725e-11,4.76406413835636e-10,"S000001694","S000001694","TRP3"
"S000001695",922.25196633502,1.76310559175403,0.390019676910787,4.52055549022294,6.16775749129451e-06,4.04973477154681e-05,"S000001695","S000001695","SAC1"
"S000001699",884.421117349136,1.34166206860754,0.364828070876284,3.67751874296566,0.000235513775210151,0.00109839538384223,"S000001699","S000001699","URA1"
"S000001700",18245.5288891674,-3.86198514217385,0.474761198683535,-8.13458461408123,4.13353187514665e-16,1.0868120270855e-14,"S000001700","S000001700","JEN1"
"S000001704",322.109356496698,-1.16555792233724,0.218372857125187,-5.33746701710762,9.42540416548873e-08,8.92301233968673e-07,"S000001704","S000001704","MCH2"
"S000001741",35.4507282489782,-3.27236867868866,0.598757246346008,-5.46526776696016,4.62208553716922e-08,4.53989837182641e-07,"S000001741","S000001741",NA
"S000001742",110.510862222667,-3.49586922990727,0.441767830989534,-7.91336304881395,2.50527404564017e-15,6.15683878726509e-14,"S000001742","S000001742","DAL80"
"S000001747",1481.52333224983,-2.95501745682503,0.572866604852634,-5.15829938731581,2.49202922317605e-07,2.17862927087195e-06,"S000001747","S000001747","GAP1"
"S000001750",5120.28367648029,1.30108555076203,0.328841374256071,3.95657497085166,7.60320339039608e-05,0.000399466733102747,"S000001750","S000001750","UTH1"
"S000001751",735.50203294419,2.81042966142626,0.350577214879037,8.01657820915705,1.08731703249967e-15,2.72780660528354e-14,"S000001751","S000001751","SHB17"
"S000001758",859.071908749828,-1.39024568977989,0.418426471237967,-3.32255673420152,0.00089196530640653,0.00362873183099575,"S000001758","S000001758","TRK2"
"S000001769",452.102565502243,2.72989498872304,0.197268211620866,13.8384941308724,1.49301602549411e-43,2.30498704858975e-41,"S000001769","S000001769","KTR2"
"S000001777",512.335270257422,1.1822308123471,0.201102479705691,5.87874805958271,4.13380976387003e-09,4.85178724917377e-08,"S000001777","S000001777","MET1"
"S000001779",1307.64917266862,1.48672398010284,0.37429299816063,3.97208600590707,7.12459857944866e-05,0.000375632294631001,"S000001779","S000001779","DRE2"
"S000001784",2795.54618533561,-1.05807736125551,0.302861528554864,-3.49360107341542,0.000476552550304025,0.00205244843017206,"S000001784","S000001784","ECM4"
"S000001806",195.477994172834,1.22184742741244,0.190660116337005,6.40851086680728,1.46947807706432e-10,2.08181823576572e-09,"S000001806","S000001806","UBP11"
"S000001813",621.689003665085,-2.30825159611308,0.408398440237334,-5.65195987225534,1.5862862867932e-08,1.68694519600871e-07,"S000001813","S000001813","VBA5"
"S000001814",468.361179156147,-1.00107784781169,0.19284573623729,-5.19108105444393,2.09076577792203e-07,1.85671102490686e-06,"S000001814","S000001814","GEX2"
"S000003939",1610.89672697908,-1.38911775785932,0.13131922269343,-10.5781752996077,3.76213433932525e-26,2.32352623902954e-24,"S000003939","S000003939","SDC25"
"S000003940",76.4106111599775,-1.1437035022268,0.26705192475743,-4.28270083904341,1.84638344775713e-05,0.000111393534458374,"S000003940","S000003940",NA
"S000003947",5080.75327072655,2.6299965122053,0.11136630414309,23.6157294833645,2.65684007205693e-123,3.99920851846369e-120,"S000003947","S000003947","SSA2"
"S000003948",40.1281745675661,-1.15224592779939,0.348499305890671,-3.30630766926366,0.000945342241775101,0.00381239493484788,"S000003948","S000003948","PAU17"
"S000003949",33997.2031181437,1.68039185556433,0.277468783559199,6.05614741236583,1.39420247067857e-09,1.72371521066852e-08,"S000003949","S000003949","HSP104"
"S000003951",363.939608620363,1.95637315246092,0.239578893241611,8.16588275365292,3.19093085479463e-16,8.52786444673284e-15,"S000003951","S000003951","TPO1"
"S000003961",95.6252459704948,1.07076755427823,0.284888705798987,3.75854687280495,0.000170903025355156,0.000831185069194987,"S000003961","S000003961","ENT4"
"S000003962",5416.15214827659,1.06350246178255,0.182880331336193,5.81529163914019,6.05282646600727e-09,6.88923783588464e-08,"S000003962","S000003962","UBI4"
"S000003978",721.067372059265,2.04289639749948,0.376975138899227,5.41918070105304,5.98727782943057e-08,5.7957234422832e-07,"S000003978","S000003978","YCT1"
"S000003979",551.211968366935,1.67891285814087,0.253138044883239,6.63240035260316,3.30271302898191e-11,5.059958052799e-10,"S000003979","S000003979",NA
"S000003981",262.604106400065,2.4156483796339,0.249958989589515,9.66417884630154,4.28038784674141e-22,1.95244054736591e-20,"S000003981","S000003981",NA
"S000003987",10.8048878900685,1.59796594212538,0.599592470642149,2.66508673868769,0.00769684675805202,0.0228537498390199,"S000003987","S000003987","PAU18"
"S000003996",490.588732165345,1.06668624935111,0.209402782643967,5.09394496043885,3.50688613884245e-07,2.96513189613544e-06,"S000003996","S000003996","SSK1"
"S000004000",198.694381621351,-2.09388388832624,0.339532303322502,-6.16696516895885,6.96130837896991e-10,8.95599097217474e-09,"S000004000","S000004000","TEN1"
"S000004010",420.933932223259,1.61099918341783,0.300698411596263,5.35752475334276,8.43698117703542e-08,8.03782652957758e-07,"S000004010","S000004010","YEH2"
"S000004013",991.378031802984,2.87262447112483,0.250856223396144,11.4512784743174,2.31702720646368e-30,1.93761400140525e-28,"S000004013","S000004013","IZH3"
"S000004016",179.888542818451,1.17484081505466,0.400599380025553,2.93270752186316,0.00336020274891232,0.0114110438529053,"S000004016","S000004016","SED5"
"S000004032",72.0308808865913,1.43916977222438,0.409097286278541,3.51791571466082,0.000434950487507845,0.0018922231830092,"S000004032","S000004032",NA
"S000004035",332.337782606544,-1.05822506435719,0.219587334739799,-4.81915346170189,1.44168631038195e-06,1.06638738019776e-05,"S000004035","S000004035","STU2"
"S000004043",339.860458155406,-3.87398461778587,0.627999041685166,-6.16877472836656,6.88211931770136e-10,8.87307075200854e-09,"S000004043","S000004043",NA
"S000004050",986.930184998969,1.35944767740624,0.452512788794722,3.00421935262242,0.00266263281492349,0.00934248961460044,"S000004050","S000004050","FRS1"
"S000004054",495.330934625111,1.37211365669664,0.184303534932708,7.44485805547693,9.70487096679481e-14,1.92848277528289e-12,"S000004054","S000004054","PER33"
"S000004057",222.070496937947,1.01300368715693,0.393498939814798,2.57434921586752,0.0100428850561086,0.0288218355208913,"S000004057","S000004057","PET309"
"S000004060",491.215183868478,-1.11837431805778,0.261556295472124,-4.27584553466416,1.90413216992825e-05,0.000114533264686693,"S000004060","S000004060","XYL2"
"S000004071",123.232436239491,-2.84150523917137,0.570056041875976,-4.9846068288661,6.208793453221e-07,4.95140998435015e-06,"S000004071","S000004071","GAL2"
"S000004073",533.77265250706,1.31241907984506,0.351089347267592,3.73813415319823,0.000185391020672958,0.000891564964434409,"S000004073","S000004073","EMP70"
"S000004079",837.31835984527,1.71207805730287,0.152545616190249,11.2233841919628,3.13056490695022e-29,2.41655529548042e-27,"S000004079","S000004079","ALT1"
"S000004081",159.926926214912,-1.53976347734593,0.328487876180057,-4.6874286358804,2.76659126567745e-06,1.94598668348644e-05,"S000004081","S000004081","GEP5"
"S000004082",1539.45238104288,2.07616085037894,0.159509421919469,13.015913576736,9.93469718188139e-39,1.22075125983894e-36,"S000004082","S000004082","SUL2"
"S000004084",1326.9537656405,1.83307935342276,0.347242677438213,5.27895754907295,1.29920897091782e-07,1.1997756463031e-06,"S000004084","S000004084","GIS3"
"S000004086",622.286013436395,1.07496422411257,0.143485138458938,7.49181577728487,6.79272230021009e-14,1.37244902582433e-12,"S000004086","S000004086","KIN2"
"S000004097",758.920310151145,1.58083559019382,0.222579050956877,7.10235569519117,1.22648069225163e-12,2.15925153451669e-11,"S000004097","S000004097","REX3"
"S000004100",10130.185222241,1.81466096041797,0.196428129036082,9.23829478661191,2.50456681000705e-20,1.00134448060229e-18,"S000004100","S000004100","CCW12"
"S000004103",801.586286329503,1.5836188182867,0.170017830777438,9.31442785174537,1.22611574899784e-20,5.0220700168136e-19,"S000004103","S000004103","HOG1"
"S000004110",1954.85818956492,1.80668595464391,0.314019512309741,5.75341940172763,8.74561541045595e-09,9.73333648546308e-08,"S000004110","S000004110","YPS1"
"S000004111",1783.79399354104,3.08886156327747,0.226915228493694,13.6124031153921,3.37946060463018e-42,5.08693307511958e-40,"S000004111","S000004111","YPS3"
"S000004115",38.8443148078209,-1.24919308193298,0.520853972212544,-2.39835567851487,0.01646886494231,0.0433766560882102,"S000004115","S000004115",NA
"S000004126",214.227037871135,-1.2712206476045,0.350419759126509,-3.62770823989285,0.000285948125691026,0.00129678882480711,"S000004126","S000004126","TIS11"
"S000004129",172.468809963613,1.60899549371861,0.304387714324493,5.28600668817843,1.25015324911821e-07,1.15981089567654e-06,"S000004129","S000004129","SLS1"
"S000004136",136.063923991126,1.86175384871536,0.284169424371424,6.55156286723498,5.69380080888001e-11,8.54922061602657e-10,"S000004136","S000004136","SPE4"
"S000004139",5186.9951553064,-1.07709599581256,0.416389344419994,-2.5867520632952,0.0096885278450713,0.0279246654644204,"S000004139","S000004139",NA
"S000004154",1370.17440529879,-2.86847658821889,0.21958582703722,-13.0631226382962,5.34879287149663e-39,6.70939205818358e-37,"S000004154","S000004154","SHH4"
"S000004158",398.486166057173,2.32470784009404,0.278763514797598,8.33935474583877,7.4697009025841e-17,2.20466025168916e-15,"S000004158","S000004158","UPS2"
"S000004167",1803.61679194904,1.68884523373756,0.394271154929704,4.28346129972068,1.84008116486387e-05,0.000111124660919211,"S000004167","S000004167",NA
"S000004169",439.158343040173,2.06925357662201,0.267023817236804,7.74932213176678,9.23843848454863e-15,2.09206375342562e-13,"S000004169","S000004169",NA
"S000004170",706.654034377277,3.57286626587769,0.28443151071786,12.5614291358237,3.44061398073081e-36,3.51117572508139e-34,"S000004170","S000004170","SAM1"
"S000004173",253.095093940491,-1.50740682486742,0.259127256983163,-5.81724532732335,5.98253087127803e-09,6.82212469241762e-08,"S000004173","S000004173","TOS4"
"S000004175",392.503637633965,1.25524449737392,0.416650639862756,3.01270267528546,0.00258932469144853,0.00913134444189616,"S000004175","S000004175","RPL37A"
"S000004177",239.063230801499,1.81940719027495,0.198935697315164,9.14570494300253,5.92422058853008e-20,2.20183531873701e-18,"S000004177","S000004177","SKG3"
"S000004184",1582.3836807252,2.41972309372078,0.341957957869099,7.07608358875229,1.4828543882444e-12,2.58042377792471e-11,"S000004184","S000004184","NCW2"
"S000004195",149.935513488414,-1.23638713961676,0.428221029395611,-2.88726394722322,0.00388608078823631,0.0128773210929944,"S000004195","S000004195","HMX1"
"S000004201",265.744225520447,-1.07526747691772,0.185185786582713,-5.80642551871795,6.38206430618865e-09,7.23661189972916e-08,"S000004201","S000004201","ATG38"
"S000004203",178.560027720261,-2.04839921504091,0.202839935081327,-10.0985992438798,5.60368618549049e-24,2.90860297610675e-22,"S000004203","S000004203","CRR1"
"S000004206",4106.19929135149,2.1654808922925,0.296627755026611,7.30033132637311,2.87059953826256e-13,5.41814414416267e-12,"S000004206","S000004206","CPR6"
"S000004207",524.655552297947,2.26297181947744,0.323969699217012,6.9851341805938,2.84583859724565e-12,4.84033734294238e-11,"S000004207","S000004207",NA
"S000004213",613.709262613485,1.07595400784334,0.181787663587865,5.91874050531097,3.24416345836157e-09,3.86029805984091e-08,"S000004213","S000004213","IFH1"
"S000004215",694.848677387083,1.38652036882062,0.259769097121971,5.33751082858637,9.42312767278946e-08,8.92301233968673e-07,"S000004215","S000004215",NA
"S000004218",624.799893116121,-1.07583974201932,0.305073137931206,-3.52649777464812,0.000421094703973625,0.00183592412210369,"S000004218","S000004218","ECM22"
"S000004227",2194.19408226484,2.09974684516447,0.16193889502857,12.9662910494358,1.90004085295865e-38,2.28802919513281e-36,"S000004227","S000004227","THI7"
"S000004234",1227.09578052693,1.12437987793224,0.125659548326233,8.9478268297858,3.62549223951626e-19,1.24737650137871e-17,"S000004234","S000004234","MAP1"
"S000004235",80.4856068445623,1.02694830065299,0.224291899848368,4.57862411146928,4.68044421147653e-06,3.12306976746722e-05,"S000004235","S000004235","CDD1"
"S000004239",7298.49456206654,2.05449367596988,0.515260200724236,3.98729355203864,6.68313148745005e-05,0.000353906197765495,"S000004239","S000004239","YEF3"
"S000004244",301.7537572779,-1.24624555171185,0.163486274556169,-7.62293688014572,2.47968151148832e-14,5.22033649673817e-13,"S000004244","S000004244","NDL1"
"S000007377",23.8558816935425,1.67182035757128,0.35589464963213,4.69751472605545,2.63346203389629e-06,1.86104165564431e-05,"S000007377","S000007377",NA
"S000004249",5580.93563614018,1.50910015699583,0.290287106474831,5.19864686834333,2.00744479466001e-07,1.78535082845612e-06,"S000004249","S000004249","HSP60"
"S000004250",462.04271233976,1.44175385666882,0.27627729005202,5.21850296272036,1.80375094040699e-07,1.61853717022213e-06,"S000004250","S000004250","LCB5"
"S000004256",644.746433307579,-1.07485906386428,0.169604876311459,-6.33743019210385,2.33629003743312e-10,3.23374765870915e-09,"S000004256","S000004256","PDR8"
"S000004257",2939.04908694554,-3.93610046835765,0.21118646959984,-18.6380333731411,1.57941449785778e-77,9.5096546916017e-75,"S000004257","S000004257","BOP2"
"S000004263",374.378167285346,-1.34159618882137,0.188915183906867,-7.10157945526899,1.23339066473867e-12,2.16508606192173e-11,"S000004263","S000004263","PIG1"
"S000004288",477.480697714834,1.73120012782788,0.152752096109439,11.3333968693141,8.96587702308817e-30,7.10309809947551e-28,"S000004288","S000004288",NA
"S000004291",5482.87890396375,1.36646224173122,0.496445654948556,2.75249108962958,0.00591437558795368,0.018387939926216,"S000004291","S000004291","EXG1"
"S000004292",365.776206452469,1.14626673231949,0.124081576037392,9.23800913017148,2.51126086316137e-20,1.00134448060229e-18,"S000004292","S000004292","HRI1"
"S000004294",2086.10203438072,4.84841129110048,0.499581872658367,9.70493838237403,2.87249817122216e-22,1.33040857607143e-20,"S000004294","S000004294","MET17"
"S000004297",107.925967167449,-1.00114438709113,0.186173651198762,-5.37747624674498,7.55371748880484e-08,7.21919571430062e-07,"S000004297","S000004297","UBC12"
"S000028525",986.804972414573,1.11630839710454,0.236000175157955,4.7301168160464,2.24390682724757e-06,1.60077760744759e-05,"S000028525","S000028525",NA
"S000004298",55.7318831454074,-2.68322162361916,0.300365527118057,-8.9331876709158,4.13906680673583e-19,1.41598416155434e-17,"S000004298","S000004298","CDA1"
"S000004299",24.4574462635656,-3.09717183364229,0.595024041084283,-5.2051204989944,1.93870763327409e-07,1.73189297625272e-06,"S000004299","S000004299","CDA2"
"S000004302",83.5593285413866,-1.3705294808293,0.442138960448701,-3.09977089428724,0.00193670385193384,0.00707149417373782,"S000004302","S000004302",NA
"S000004303",2699.35349494423,-1.37830960164222,0.388824575629079,-3.54481091996886,0.000392894818331306,0.00172547024155565,"S000004303","S000004303","ATG39"
"S000004306",534.564202971441,1.55219082444258,0.224240613537795,6.92198794836498,4.45349142360038e-12,7.40731266892207e-11,"S000004306","S000004306","CDC3"
"S000004320",474.310326635305,2.56573533739211,0.545716811594892,4.70158749534138,2.58146604183595e-06,1.82644030997582e-05,"S000004320","S000004320","NMA1"
"S000004323",101.19154295541,2.73903952925849,0.256786481224893,10.6666033047886,1.45861365162096e-26,9.34288595362744e-25,"S000004323","S000004323","JIP3"
"S000004324",1032.49697900865,2.23594182880521,0.143307170768285,15.6024420607712,7.0062015370767e-55,1.83410171542343e-52,"S000004324","S000004324","MID2"
"S000004329",1446.34394706036,1.34170627985941,0.318424046572958,4.21358340960597,2.51350703785991e-05,0.000147791268310103,"S000004329","S000004329","VRP1"
"S000004330",353.548511354473,1.29124458858443,0.401951798326967,3.21243640147634,0.00131614285034774,0.00506034233840598,"S000004330","S000004330","OPI9"
"S000004331",2178.81343133619,1.13573340105117,0.308372127040506,3.68299629396137,0.000230508511954724,0.00108007140115128,"S000004331","S000004331",NA
"S000004332",4819.24924970505,1.0248147018523,0.31099136070476,3.2953156625634,0.000983111793203831,0.00394358168346454,"S000004332","S000004332","RPP0"
"S000004334",3506.86356129884,1.00009153648633,0.187027371057917,5.3473004022317,8.92757760638236e-08,8.49177642464901e-07,"S000004334","S000004334","FKS1"
"S000004338",149.388607284841,-1.86699504097969,0.451726214104282,-4.13302346130546,3.58022164344636e-05,0.000201274645333245,"S000004338","S000004338","CIS1"
"S000004345",260.061746868553,-1.04709942314198,0.324398548764289,-3.22781784052557,0.00124738379292467,0.004833010178378,"S000004345","S000004345","BUD8"
"S000004347",8241.70635380031,2.28738561224363,0.280977560129301,8.14081242356514,3.92634283627093e-16,1.03686448320997e-14,"S000004347","S000004347","ILV5"
"S000004356",30.7606273749671,1.72135326725256,0.422024468038826,4.07879968488983,4.52688206322173e-05,0.000250058320207872,"S000004356","S000004356","GRX8"
"S000004359",548.204889729651,-2.04278841884992,0.17056377895045,-11.9766836277904,4.70782321866282e-33,4.42903181243263e-31,"S000004359","S000004359","RPS22B"
"S000004367",1942.05682240162,2.31789177616964,0.227701761390653,10.17950744875,2.44797297288091e-24,1.31600404193893e-22,"S000004367","S000004367","STP3"
"S000004372",382.118194297117,1.33802323459497,0.185171305095771,7.2258670634899,4.97914636036515e-13,9.16802453692923e-12,"S000004372","S000004372","CSR1"
"S000004373",755.783679435176,-1.61971304407742,0.457765597498277,-3.53830225104131,0.000402708796818423,0.00176599392982063,"S000004373","S000004373","CTF3"
"S000006429",4513.42766801712,1.7767850530575,0.327743447745736,5.42126796211631,5.91777750984103e-08,5.74692554625046e-07,"S000006429","S000006429","CCW14"
"S000004406",1238.70543393609,1.68687517914813,0.258895165860143,6.51566889456481,7.23664457215435e-11,1.06532608726018e-09,"S000004406","S000004406","PUN1"
"S000004421",1147.27781289995,1.37182921541102,0.14277423945082,9.60838048017452,7.36990089380419e-22,3.28697579863667e-20,"S000004421","S000004421","CRN1"
"S000028684",43.5165674585165,-2.08738168996973,0.720993541348734,-2.89514617019307,0.00378982014001461,0.0126280747183892,"S000028684","S000028684",NA
"S000004438",155.426964898276,-1.0416257306449,0.17764905582455,-5.86339018696297,4.53510815871958e-09,5.29183841543616e-08,"S000004438","S000004438",NA
"S000004440",972.215567152015,1.11307032662774,0.384569675258258,2.89432682356002,0.00379972441414485,0.0126468439455866,"S000004440","S000004440","RPL6B"
"S000004444",372.566795226082,1.04281112290196,0.207747097970722,5.01961824298949,5.17742683651573e-07,4.2069213201972e-06,"S000004444","S000004444","SST2"
"S000004452",49.4343144454987,-1.19546140517789,0.360008180593745,-3.32065066745502,0.00089807869792719,0.00364447038157135,"S000004452","S000004452",NA
"S000004465",536.239273404771,2.17536092621068,0.15115665227525,14.3914336118627,5.8569139712779e-47,1.13756383938917e-44,"S000004465","S000004465","GIS4"
"S000004476",156.123252302597,1.19472258115733,0.253045958217261,4.72136599048766,2.34265959294976e-06,1.66669796142853e-05,"S000004476","S000004476","TRM9"
"S000004489",673.600913155769,-1.31367799216466,0.249716035855662,-5.2606873549922,1.43517883314695e-07,1.31325406601486e-06,"S000004489","S000004489","YOX1"
"S000004492",324.837385506845,-1.02320175209241,0.243462606872754,-4.20270597294305,2.63743075894865e-05,0.00015387568410494,"S000004492","S000004492","RCF1"
"S000004506",4913.46046557479,-2.44779841641382,0.268068716097093,-9.1312349014543,6.77223226129399e-20,2.48631771007629e-18,"S000004506","S000004506","CAT2"
"S000004520",429.362568426361,1.40921359140939,0.332401643927825,4.23949043920906,2.24027734398454e-05,0.000133156069971677,"S000004520","S000004520","IMD4"
"S000004535",3011.45979657,1.35004934935635,0.155517485036028,8.68101325740696,3.92258419675304e-18,1.24304628677105e-16,"S000004535","S000004535","DAK1"
"S000004537",2718.13996650103,-1.21086424088,0.221080020763917,-5.47704056068022,4.32498108005431e-08,4.27597883136404e-07,"S000004537","S000004537","TCB3"
"S000004540",979.511991094293,-1.87058830526494,0.408452333959273,-4.57969792247889,4.65647964441688e-06,3.11518488211489e-05,"S000004540","S000004540","HMG1"
"S000004548",56.7908767903031,-1.51042328985044,0.252463851190162,-5.98273092456609,2.19427092886077e-09,2.65829079731805e-08,"S000004548","S000004548",NA
"S000004552",279.594856650908,1.37495679202187,0.276238949517552,4.97741826206341,6.44379789047271e-07,5.13202474848362e-06,"S000004552","S000004552","AIM33"
"S000004554",36.6598155223123,-3.25399173245248,0.998182314889671,-3.2599172354723,0.00111444729187961,0.00438854620301317,"S000004554","S000004554",NA
"S000004572",243.769047458661,-1.22667897702283,0.177638936096935,-6.905462304466,5.00401953600449e-12,8.28649557224283e-11,"S000004572","S000004572","MDM1"
"S000004593",473.754875771371,1.61498382618339,0.242647613224605,6.65567571311113,2.82001419346082e-11,4.3874174312216e-10,"S000004593","S000004593","TUB3"
"S000004594",771.725242194766,1.89955005895304,0.264103839262509,7.19243636994222,6.36452313330296e-13,1.16831688370784e-11,"S000004594","S000004594","PGA3"
"S000004597",19503.6999006426,-1.06383536515035,0.318431370314279,-3.34086231548225,0.000835186293568184,0.0034185293498124,"S000004597","S000004597","MSC1"
"S000004599",969.496128070044,1.93048849842632,0.361220834213178,5.34434427801309,9.07449496043333e-08,8.6179075957049e-07,"S000004599","S000004599","ERO1"
"S000004601",668.029115351483,1.07826409007506,0.246883969489128,4.36749333019187,1.25680633196959e-05,7.83357238590983e-05,"S000004601","S000004601","COS3"
"S000004609",15.2665419019584,1.65585758653882,0.425027129746005,3.89588680498669,9.78400787472803e-05,0.000501784594665566,"S000004609","S000004609",NA
"S000004618",1338.98888903412,1.08207343038143,0.284223328525366,3.80712391201506,0.00014059231137331,0.000697861753321271,"S000004618","S000004618","SOK2"
"S000004619",248.305338161426,-3.73929810065915,0.404876309433749,-9.23565546694704,2.56709399464526e-20,1.01022698965746e-18,"S000004619","S000004619","SPO20"
"S000004633",2595.96389974713,-1.45310269746748,0.415633488908641,-3.49611553506673,0.000472084248965401,0.00203611695058788,"S000004633","S000004633","EIS1"
"S000004646",1039.66134636468,1.59514816982322,0.183089982250914,8.71237273723234,2.97579309114385e-18,9.58141722020168e-17,"S000004646","S000004646","MCM1"
"S000004651",171.540611379147,-1.29068199690972,0.228182625724692,-5.65635526723651,1.54621248468219e-08,1.65066407274317e-07,"S000004651","S000004651","CSM3"
"S000004660",1370.34562012129,-1.31708277427065,0.255336610439811,-5.15822142387654,2.49306687864271e-07,2.17862927087195e-06,"S000004660","S000004660","AAC1"
"S000004666",2375.19612512161,1.70929684013396,0.21317545918254,8.01826273384644,1.07251209920214e-15,2.70192274029125e-14,"S000004666","S000004666","ARG7"
"S000004673",39.7929156327663,1.83900409791441,0.295068634196187,6.2324621623174,4.5916046731237e-10,6.04946427502797e-09,"S000004673","S000004673","NAT4"
"S000004676",989.202715093757,-1.29681691818165,0.1813981018945,-7.14901040660212,8.74057048718344e-13,1.58514984648589e-11,"S000004676","S000004676","ABF2"
"S000004689",256.61436687753,-2.40684136493045,0.406837347918688,-5.91597938892152,3.29906525120029e-09,3.91788399950235e-08,"S000004689","S000004689",NA
"S000004690",639.95376639037,-2.09286501716905,0.348117427361899,-6.01195129192235,1.8330340386144e-09,2.23868112505016e-08,"S000004690","S000004690",NA
"S000004707",71.5768019948234,-2.27279093528771,0.289337725396624,-7.85514896881204,3.99297281432517e-15,9.61667572602074e-14,"S000004707","S000004707","SRT1"
"S000004708",542.509039860764,1.27453309565123,0.17748719637614,7.18098613124843,6.92103739718774e-13,1.26661295344886e-11,"S000004708","S000004708",NA
"S000004709",391.239586333754,2.12578692517603,0.351844518796686,6.04183612820303,1.52370181209847e-09,1.87228747156018e-08,"S000004709","S000004709",NA
"S000004710",3712.92422707492,2.13560498354694,0.386782822834232,5.52145766944314,3.3619881435318e-08,3.39070864526047e-07,"S000004710","S000004710","YPK2"
"S000004713",21634.3860818906,-3.7425886490421,0.608243945829141,-6.15310464609772,7.59806339242807e-10,9.7129383621676e-09,"S000004713","S000004713","SPG4"
"S000004714",5623.39929980852,3.16212916360594,0.399735199449714,7.91055971042582,2.56234240091659e-15,6.27148926663364e-14,"S000004714","S000004714","ILV2"
"S000004716",6710.83039090788,-1.1000669481059,0.335249273811763,-3.28134028628373,0.00103315017230929,0.00410329629780623,"S000004716","S000004716","HFD1"
"S000004718",74.6224945801143,-1.30097444257336,0.363314901147629,-3.58084526250885,0.000342484448207928,0.00152184417908482,"S000004718","S000004718","MED11"
"S000004720",1983.21872436072,-1.1179431855347,0.323586722515123,-3.45484875536714,0.000550601596959172,0.00232807037590673,"S000004720","S000004720",NA
"S000004724",2934.29446097824,-1.08431372113066,0.225956011334942,-4.79878235911744,1.59633142744665e-06,1.17070785927604e-05,"S000004724","S000004724","SHH3"
"S000007524",591.139703090354,2.28375960058787,0.310150315121293,7.36339603490244,1.7928944187085e-13,3.43790359714772e-12,"S000007524","S000007524",NA
"S000004732",793.307055733651,-1.02739128065278,0.205978748886155,-4.98785086426865,6.10546696578334e-07,4.88843305864116e-06,"S000004732","S000004732","STO1"
"S000004740",188.444536367734,-1.11878486454263,0.150767560623748,-7.420594058258,1.16596170478222e-13,2.27192732184265e-12,"S000004740","S000004740","REC114"
"S000004752",101.732974674643,-1.81280524288073,0.399568829695733,-4.53690355241464,5.70861973998033e-06,3.76468778252153e-05,"S000004752","S000004752","FDO1"
"S000004753",4339.59596778657,2.36117768646121,0.236238849125158,9.99487465844481,1.60490142191596e-23,8.05259288446331e-22,"S000004753","S000004753","NDE1"
"S000004755",153.274905583909,-1.81379825272734,0.567888422597141,-3.19393419649627,0.00140348104629475,0.00535171588330634,"S000004755","S000004755",NA
"S000004760",1024.61870581796,-1.35375913961829,0.246075243824824,-5.50140322356851,3.76780407460294e-08,3.76218048643189e-07,"S000004760","S000004760","YIM1"
"S000004765",218.448974834063,-1.09127224487639,0.300046919487614,-3.63700532816648,0.000275826227632499,0.00125624033023848,"S000004765","S000004765","TPP1"
"S000004769",128.578801179891,-1.00080200721555,0.214916033513692,-4.65671169736988,3.21299880171088e-06,2.22874029782272e-05,"S000004769","S000004769","ATG16"
"S000004781",1754.59235271277,1.24692140276519,0.158653853012065,7.8593830473841,3.86030059372619e-15,9.37212494952637e-14,"S000004781","S000004781","EAR1"
"S000004784",3750.66331735658,1.40237112863139,0.258334216411855,5.4285148444898,5.68249202865882e-08,5.5452649115972e-07,"S000004784","S000004784","DDR48"
"S000004785",3367.42238276812,1.44450136331078,0.259506483511838,5.56634016908824,2.60145170534889e-08,2.7005759858458e-07,"S000004785","S000004785",NA
"S000004786",482.760603323389,-1.03317447455261,0.381014169967351,-2.71164317757825,0.00669506200274141,0.020374544722879,"S000004786","S000004786","PAI3"
"S000004787",5516.22963912526,-2.86608447454788,0.378146325380018,-7.57930008090813,3.47424099987315e-14,7.18845534716022e-13,"S000004787","S000004787","SIP18"
"S000004796",187.959991529986,1.13150536616635,0.283696235277073,3.98843983622575,6.65092653922e-05,0.00035251081595637,"S000004796","S000004796","ADD37"
"S000004803",21717.550703295,-2.23683207602826,0.4262273829138,-5.24797834605722,1.5377736707839e-07,1.40074663718455e-06,"S000004803","S000004803","SPG5"
"S000004808",1271.16200357994,1.37957847208229,0.450612451170214,3.06156314256209,0.00220184546185445,0.00795756994347278,"S000004808","S000004808","ICY1"
"S000004818",4131.76182651778,1.27615343663093,0.154480382168044,8.26094173720213,1.44527622904807e-16,4.0101420161744e-15,"S000004818","S000004818","PFK2"
"S000004819",1868.78157889593,-1.95077589298873,0.417848627681056,-4.66861864262902,3.03231648318599e-06,2.11070260638877e-05,"S000004819","S000004819",NA
"S000004822",243.31404574709,-1.24856383692572,0.219370656627056,-5.69157177228291,1.25875224023375e-08,1.35580451492798e-07,"S000004822","S000004822",NA
"S000004835",229.403301370966,1.00662869207979,0.218676524177299,4.60327735620874,4.1589376935339e-06,2.81359144413119e-05,"S000004835","S000004835","FSH2"
"S000004846",137.302404275995,-1.22391285622514,0.2017099582587,-6.06768682513646,1.29765627518085e-09,1.61096668718843e-08,"S000004846","S000004846","TRI1"
"S000004851",1218.37502270114,1.07437358324616,0.158738617206294,6.76819290828223,1.30400816821464e-11,2.08260827077462e-10,"S000004851","S000004851","DFG5"
"S000004858",112.045496529797,-3.1793116359525,0.431333912033029,-7.37088262076888,1.69502039303845e-13,3.27106339310401e-12,"S000004858","S000004858",NA
"S000004860",1883.59351313379,-2.45493031060305,0.42774642209704,-5.73921880764701,9.51142662751192e-09,1.04886995831958e-07,"S000004860","S000004860","FAA4"
"S000004864",54.1578128398347,2.01399624653931,0.501328397991179,4.01731929531497,5.88639423803619e-05,0.000316446247385856,"S000004864","S000004864","HOR7"
"S000004874",1105.57100119785,1.60188265761217,0.124903845270128,12.8249266797816,1.18898997122769e-37,1.35073747486074e-35,"S000004874","S000004874","TPS3"
"S000004884",1167.78997251646,-1.38412681074364,0.248823025804244,-5.56269584082852,2.65638654319953e-08,2.73871633161034e-07,"S000004884","S000004884","URA10"
"S000004894",277.230446970679,1.43188260286736,0.163644403623086,8.74996377001285,2.1342125553429e-18,6.94599664633492e-17,"S000004894","S000004894","GPI12"
"S000004909",581.425721211567,1.770658519706,0.196856826055245,8.99465136763453,2.3698314546328e-19,8.34430127973339e-18,"S000004909","S000004909",NA
"S000004910",2081.9602809583,1.7470617062593,0.210540292621264,8.29799220143597,1.05885626063605e-16,3.03589216442366e-15,"S000004910","S000004910",NA
"S000004911",800.685747179005,1.54935934161605,0.186002211178569,8.32978990840389,8.09859436479971e-17,2.37861642294922e-15,"S000004911","S000004911","LCB1"
"S000004912",10351.3897669204,-1.28290641326055,0.317838648688766,-4.03634491448144,5.42903844556032e-05,0.000293431243094423,"S000004912","S000004912","PRC1"
"S000004915",743.299228362072,1.07737270247067,0.438329180367783,2.45790777964335,0.0139749055039422,0.0380101627592312,"S000004915","S000004915","ADE4"
"S000004916",387.311143019338,1.44318893881348,0.168981659957027,8.54050634359072,1.33634953610322e-17,4.16899510719039e-16,"S000004916","S000004916","ATM1"
"S000004918",21415.1481364445,-8.13165540642487,1.0473741262161,-7.76384980580194,8.23894592601206e-15,1.90794974694302e-13,"S000004918","S000004918","ADH2"
"S000004921",1744.98868804091,1.13264773388381,0.195400984274264,5.79653034036938,6.77009414210095e-09,7.63682998196467e-08,"S000004921","S000004921","SCW10"
"S000004924",3973.23768647502,2.16850999033013,0.232690545331158,9.31928706963135,1.17124634180661e-20,4.83018782466958e-19,"S000004924","S000004924","GAS1"
"S000004929",286.363944048916,-1.07179225590863,0.18105851830702,-5.91959033979939,3.22744518740201e-09,3.84800940066287e-08,"S000004929","S000004929","ELP6"
"S000004932",1435.35041033804,1.17137799278339,0.111127031640038,10.5408915859258,5.59657727794202e-26,3.36969917904889e-24,"S000004932","S000004932",NA
"S000004933",56.481054453344,3.87948856951734,0.68884972194747,5.63183586479429,1.783013348106e-08,1.88673521422605e-07,"S000004933","S000004933",NA
"S000004935",1082.24593141112,3.54064942095613,0.4453845022387,7.94964666071508,1.87044228809563e-15,4.6730012517111e-14,"S000004935","S000004935","DIA1"
"S000004948",231.04512249793,1.42363370891952,0.185167699527418,7.68834798160205,1.49046971756429e-14,3.23975385178866e-13,"S000004948","S000004948","PET8"
"S000004952",3951.16260895211,1.20392945091139,0.277085493539146,4.3449746702142,1.39291735057052e-05,8.61063179444054e-05,"S000004952","S000004952","SIS1"
"S000004953",905.079691489844,-1.22620738992009,0.454695199124655,-2.69676783982036,0.00700160654433369,0.0211205776570306,"S000004953","S000004953","ASI3"
"S000004957",535.162438040487,-1.59824945874261,0.367655176063846,-4.34714254768188,1.379225874393e-05,8.53475744061691e-05,"S000004957","S000004957","SPO1"
"S000004958",170.684134285605,-1.78620427049578,0.355751901872854,-5.02092683438181,5.14227456887126e-07,4.18400475394241e-06,"S000004958","S000004958",NA
"S000004959",3710.72884756083,-1.94263046523545,0.337636532295094,-5.75361455121686,8.73552075285701e-09,9.73333648546308e-08,"S000004959","S000004959","HEF3"
"S000004963",26.2530882278808,1.00968021330111,0.381235410954091,2.64844288932725,0.00808635107740581,0.0239017770432304,"S000004963","S000004963",NA
"S000004969",20.1012833174764,3.67486784523205,0.630468449565163,5.82878944658789,5.58308925483594e-09,6.37870595889321e-08,"S000004969","S000004969","EFM6"
"S000004981",2895.89715166492,2.11676631599485,0.25791049196553,8.20736798981314,2.26089821343401e-16,6.15966884302543e-15,"S000004981","S000004981","NCE103"
"S000004982",1963.19358006322,1.44593934349677,0.194092869580893,7.44972933121656,9.35319226465563e-14,1.87094919021567e-12,"S000004982","S000004982","IDH1"
"S000005002",46.3718298260686,2.68862681635633,0.386409505665016,6.95797276448768,3.45203927293069e-12,5.82205279056461e-11,"S000005002","S000005002",NA
"S000005003",192.550514543725,2.10428266861599,0.288031806492976,7.30573020472065,2.75765007934958e-13,5.22132425401378e-12,"S000005003","S000005003",NA
"S000005008",2620.65611723108,1.7601863839423,0.317858543926851,5.53764061898984,3.06573526170709e-08,3.12860881537938e-07,"S000005008","S000005008","YDJ1"
"S000005009",134.572938273149,2.02763674347391,0.283858722094292,7.14311939585342,9.12363102993659e-13,1.64965112406151e-11,"S000005009","S000005009","AQR1"
"S000005012",723.745896312419,1.54478764205173,0.151208038623808,10.2163063294209,1.67606128042099e-24,9.17414997219528e-23,"S000005012","S000005012","FKH2"
"S000005018",1851.4096325682,1.41719446428167,0.338345250811404,4.18860457146368,2.80674972014279e-05,0.000162338521277423,"S000005018","S000005018","MLF3"
"S000005022",373.086780680279,-1.26888575241722,0.190463114360448,-6.66210755125994,2.69928368502427e-11,4.21046297086299e-10,"S000005022","S000005022","NIS1"
"S000005040",705.870759633331,1.15706020623835,0.254489007150628,4.54660191099532,5.45189772633751e-06,3.61120750388098e-05,"S000005040","S000005040","RPS7B"
"S000005056",582.762170431647,1.38019191807392,0.308989858210561,4.46678711743798,7.94030724207858e-06,5.15178770523223e-05,"S000005056","S000005056","DBP2"
"S000005061",6278.09327953425,-1.04369262891874,0.165971269958174,-6.2883933417016,3.20768332194982e-10,4.34010365875502e-09,"S000005061","S000005061","MLS1"
"S000005073",81.0113740283553,1.90587136167244,0.382152519050692,4.98720083386296,6.12603753821849e-07,4.89838937816912e-06,"S000005073","S000005073","NRK1"
"S000005097",114.453187006638,1.50236366047496,0.341878648314653,4.39443547551481,1.1106098439857e-05,6.99475091070913e-05,"S000005097","S000005097","GIM3"
"S000005098",861.742181051719,1.63994878119298,0.196968522253063,8.32594346768768,8.36597247766053e-17,2.43340677719778e-15,"S000005098","S000005098","YCK2"
"S000005099",508.209700587625,1.20476842058378,0.243128132229029,4.95528184886839,7.22255163989971e-07,5.69947358110566e-06,"S000005099","S000005099","CUZ1"
"S000005104",13592.4100406898,4.06593975474663,0.3080525846327,13.1988496691062,8.9085039131812e-40,1.166045696984e-37,"S000005104","S000005104","YGP1"
"S000005117",1217.32850467242,-1.52553924975781,0.214345440060613,-7.11719945769041,1.10142042466131e-12,1.95048599320169e-11,"S000005117","S000005117","MDG1"
"S000005134",1429.78424992965,2.75228299622551,0.350356055446689,7.85567411619721,3.97627689785705e-15,9.61492498072181e-14,"S000005134","S000005134",NA
"S000005136",4589.08836930721,2.59464738670817,0.387483692861337,6.69614601726394,2.13987912142273e-11,3.36402407051861e-10,"S000005136","S000005136","CHS1"
"S000005139",7744.73709894402,-1.7686789220864,0.403989330809324,-4.3780337429782,1.19754812831298e-05,7.51870415075333e-05,"S000005139","S000005139",NA
"S000005146",2992.27289168252,-3.02940087775327,0.630481568088592,-4.80489998611284,1.5482888064905e-06,1.13963898580431e-05,"S000005146","S000005146","SPS19"
"S000005147",1548.10339692402,-2.74282815614293,0.637629952033355,-4.30159867395854,1.69570230870305e-05,0.000103129531320213,"S000005147","S000005147",NA
"S000005150",597.077482763084,-1.08374212109306,0.255125406140324,-4.24788004255828,2.15802885447079e-05,0.00012903169545947,"S000005150","S000005150","RTT106"
"S000005154",29.884670747532,1.1154341170188,0.365556337201315,3.05133300535431,0.00227827741775507,0.00820425139491822,"S000005154","S000005154","MER1"
"S000005155",18.5004944759807,-1.11749378055196,0.417525011417912,-2.67647146875575,0.0074401900240181,0.0222651014585552,"S000005155","S000005155","MRX7"
"S000005161",431.929694596831,2.57480783260056,0.240458489061827,10.7079098876751,9.34477469403203e-27,6.04998800352332e-25,"S000005161","S000005161",NA
"S000005162",265.911409143919,-1.27917917560552,0.1704893694256,-7.5029849656623,6.23807096059113e-14,1.26462711291984e-12,"S000005162","S000005162","MGS1"
"S000005164",1050.0874075583,1.59640847454005,0.112290007967471,14.2168346359234,7.20384384251298e-46,1.23926696502202e-43,"S000005164","S000005164","ADE12"
"S000005165",658.996374579826,1.35660187337171,0.214233046238405,6.33236513783238,2.41431291186846e-10,3.33407753265137e-09,"S000005165","S000005165","POP1"
"S000005169",250.412935508335,-1.25666639392324,0.235996228444375,-5.32494270017302,1.00984867900566e-07,9.50046702545794e-07,"S000005169","S000005169","CNM67"
"S000005175",725.172882483712,1.02668691884952,0.17458247008252,5.8808133391871,4.0825536178446e-09,4.80098736973484e-08,"S000005175","S000005175","PDR16"
"S000005183",1911.10793181355,-2.21514955607519,0.455043225564285,-4.86799809694617,1.12734415614188e-06,8.51177095718174e-06,"S000005183","S000005183","LAP3"
"S000005185",5468.18332673749,1.14912695627366,0.426840099316688,2.69217198223236,0.00709883279644892,0.0213710361337095,"S000005185","S000005185","ZWF1"
"S000005191",692.350143683591,1.07073205774316,0.358692426970621,2.98509803172079,0.00283487455522864,0.00986064684981608,"S000005191","S000005191",NA
"S000005198",477.559203286298,-1.14776728855989,0.305688975054461,-3.75468983909351,0.00017355626058668,0.000842727616929353,"S000005198","S000005198","RTC4"
"S000005208",281.430714321345,1.29321455387071,0.243528255284326,5.31032652601583,1.09429000140074e-07,1.02309318298662e-06,"S000005208","S000005208","PDR17"
"S000005214",536.058391836614,-1.87123983199043,0.576750428167675,-3.24445330354642,0.00117676310219375,0.00458965732429726,"S000005214","S000005214","ALP1"
"S000005219",191.175266875835,-1.10824697730525,0.218353959313538,-5.07546087457885,3.86557895156853e-07,3.22845816379323e-06,"S000005219","S000005219","BOR1"
"S000005220",71.3011182790694,3.33337405777188,0.383432404512719,8.69351160345474,3.51405760220731e-18,1.11947835041747e-16,"S000005220","S000005220",NA
"S000005221",631.237324491737,1.23699611752736,0.288449555627691,4.28843135097071,1.7993939387186e-05,0.000108995481941898,"S000005221","S000005221","MET2"
"S000005224",766.737639909777,-1.07323161184952,0.162618216779802,-6.59970102428785,4.11987767756339e-11,6.23260891874602e-10,"S000005224","S000005224","ERG24"
"S000005244",122.369731274182,1.38002704517985,0.50705630187702,2.72164459858062,0.00649579598723384,0.019903912284547,"S000005244","S000005244","TOS6"
"S000005262",44.3120055680937,-5.20336331051951,0.627244022227644,-8.29559649215927,1.08041685853034e-16,3.07672926362979e-15,"S000005262","S000005262","HXT14"
"S000005263",18.8750258685588,-5.9089856366717,1.02871448279766,-5.74404826167295,9.24394225354696e-09,1.0268962418562e-07,"S000005263","S000005263",NA
"S000005264",112.811410958367,1.50804785716214,0.204656897982612,7.36866370998286,1.72346799812963e-13,3.31533572419761e-12,"S000005264","S000005264",NA
"S000005272",12.851100615168,-1.29170172551188,0.472484812329445,-2.73384814031066,0.00625989079919986,0.0192791828654641,"S000005272","S000005272","MDJ2"
"S000005276",95.5070323626113,-1.88348621657117,0.208481191924064,-9.03432198937736,1.65022223631984e-19,5.8792828904626e-18,"S000005276","S000005276","THI12"
"S000005277",392.20383435322,1.22303786703368,0.256411389382033,4.76982660552356,1.84384563898595e-06,1.33917908230813e-05,"S000005277","S000005277","SNZ2"
"S000005280",736.77953053844,1.17556375016043,0.243004880578795,4.83761374405503,1.31407188350799e-06,9.75589002540274e-06,"S000005280","S000005280","COS1"
"S000005285",2306.02775438173,-3.66874949465375,0.444684470463709,-8.25023075536695,1.58088967731527e-16,4.34636381146815e-15,"S000005285","S000005285","ATO2"
"S000005292",70.0353856943542,1.26234075455839,0.457342802965058,2.76016315633337,0.005777250092201,0.0180700378208531,"S000005292","S000005292","NRM1"
"S000005297",117.323965898313,2.81949663684527,0.318864267987713,8.84230978478253,9.3759832547667e-19,3.15378744005309e-17,"S000005297","S000005297",NA
"S000005299",4514.37597685831,-1.06295644700433,0.137321946540082,-7.74061593056483,9.8936343545687e-15,2.21448224716945e-13,"S000005299","S000005299","ACC1"
"S000005310",169.28336796997,1.05107527539963,0.384179669737572,2.73589509855533,0.00622108543155814,0.0191891164874035,"S000005310","S000005310","BUD17"
"S000005325",43.0602028665827,1.00945618611216,0.370179944729211,2.72693375339549,0.00639258718759104,0.0196276223643476,"S000005325","S000005325",NA
"S000005326",412.601789936617,1.54948158657018,0.2824110148273,5.48661881165547,4.09699898668858e-08,4.06392601299044e-07,"S000005326","S000005326","MVD1"
"S000005327",478.003824349875,1.72264589400869,0.192249746426178,8.9604586015419,3.23330825621863e-19,1.12530341102268e-17,"S000005327","S000005327","AGA1"
"S000005340",412.000421991187,2.90404583697415,0.205542081208628,14.128716708023,2.52707445162625e-45,4.11230142520044e-43,"S000005340","S000005340","BIO4"
"S000005341",582.108648990816,3.92947650391843,0.242677083864855,16.1922025818752,5.72423398948937e-59,1.9147562694842e-56,"S000005341","S000005341","BIO3"
"S000005343",247.993132033975,-1.5881057600791,0.490041207422478,-3.24075962597559,0.00119211660410838,0.00463677911714248,"S000005343","S000005343","FRE4"
"S000005345",171.566196472298,-3.86966403879344,0.431122936078301,-8.97577863519333,2.8135463706121e-19,9.84904807991596e-18,"S000005345","S000005345",NA
"S000005346",172.514954395263,-1.18170945373293,0.20356274245329,-5.80513624198247,6.43136865681931e-09,7.27881027870471e-08,"S000005346","S000005346",NA
"S000005347",482.33355194331,-2.3128504272841,0.298460550956137,-7.74926676197152,9.24246733783782e-15,2.09206375342562e-13,"S000005347","S000005347",NA
"S000005348",903.842505643085,3.34921978551685,0.173489576669889,19.3050202196853,4.87362431790887e-83,4.19201314544704e-80,"S000005348","S000005348",NA
"S000005349",183.690048567724,3.28647936387251,0.322002145325144,10.2063896517024,1.85644350412945e-24,1.00699516561833e-22,"S000005349","S000005349",NA
"S000005351",323.227569163079,1.36021427682138,0.142742293738969,9.52916084779181,1.5855969964514e-21,6.86825864434094e-20,"S000005351","S000005351",NA
"S000005352",356.506331645244,1.80818763772454,0.241778265566402,7.47870216327588,7.50601668411457e-14,1.511495868062e-12,"S000005352","S000005352","BSC5"
"S000005356",130.418474108782,-2.51823164897649,0.304646569158565,-8.26607585285419,1.38440486570952e-16,3.87697753322651e-15,"S000005356","S000005356","MAN2"
"S000005358",78.089644189313,1.83376832333414,0.361817289953896,5.06821640162028,4.01560720076301e-07,3.33489254562677e-06,"S000005358","S000005358","COS10"
"S000005359",10.8048878900685,1.59796594212538,0.599592470642149,2.66508673868769,0.00769684675805202,0.0228537498390199,"S000005359","S000005359","PAU6"
"S000005362",394.971078145893,1.58374945573363,0.213325687161188,7.42409166382743,1.13556499823438e-13,2.22711298187923e-12,"S000005362","S000005362","IZH2"
"S000005371",1129.14107948397,1.52180884311502,0.264299650420526,5.7578920013465,8.51708145630549e-09,9.51416464720137e-08,"S000005371","S000005371","PLB3"
"S000005373",731.884139896801,-1.14105542083361,0.147280005054133,-7.74752431882535,9.370139279853e-15,2.11301904883876e-13,"S000005373","S000005373","HRD1"
"S000005374",21.7470039425433,-2.60639590070809,0.531275654172423,-4.90592008167232,9.29903851623783e-07,7.20585725949395e-06,"S000005374","S000005374",NA
"S000005380",531.943516702089,-1.04838965037589,0.258914849155987,-4.04916772364906,5.1400099007887e-05,0.000279314075926433,"S000005380","S000005380","TAT2"
"S000005386",374.040645879873,-1.4721246758481,0.159440945487248,-9.23304030435423,2.63057053266868e-20,1.02848475176611e-18,"S000005386","S000005386","MIM1"
"S000005389",72.1163310532147,1.24718459712981,0.483728553483223,2.57827367880004,0.0099295320704769,0.0285413195849399,"S000005389","S000005389",NA
"S000005390",2051.93747178698,1.31226580175185,0.218435157486747,6.00757596373408,1.88317581875602e-09,2.29526348273887e-08,"S000005390","S000005390","GAS5"
"S000005407",106.927579073424,-1.20944840629109,0.45020894496723,-2.68641576275018,0.00722231569627667,0.0216993826383642,"S000005407","S000005407","LDS2"
"S000005408",1279.43215258108,-1.07220268174836,0.261366356779987,-4.10229799641319,4.09066948168076e-05,0.000227843857069379,"S000005408","S000005408","RRT8"
"S000005416",1005.65759119828,1.01934176815724,0.176311518850137,5.78148140748348,7.40456657503515e-09,8.31770435602362e-08,"S000005416","S000005416","THI20"
"S000005425",566.811972988096,1.92904767362587,0.314346331400771,6.13669536090899,8.42557346310139e-10,1.07252384400282e-08,"S000005425","S000005425","MET22"
"S000005439",12.248956072176,2.14101579440576,0.744477135590146,2.87586507637818,0.0040292190101011,0.0132712952187192,"S000005439","S000005439",NA
"S000005440",53.674172905838,1.25947894461598,0.404653051936795,3.11249090693304,0.00185515728804317,0.00681507140409271,"S000005440","S000005440","REX4"
"S000005441",6361.23201999022,-1.17762265677058,0.416041416578017,-2.83054188800876,0.00464692259296503,0.0149301605828401,"S000005441","S000005441","IRA2"
"S000005443",2173.31972778177,-1.51623783657686,0.261580127111576,-5.79645653253357,6.77307292869811e-09,7.63682998196467e-08,"S000005443","S000005443","ATG34"
"S000005446",23830.7904275729,1.23732015738613,0.135105062510132,9.15820720850737,5.27666198734157e-20,1.9981623789801e-18,"S000005446","S000005446","ADH1"
"S000005448",266.782889240213,-1.33238640932418,0.461351629291127,-2.88800629439937,0.0038769211421002,0.012861125177182,"S000005448","S000005448","MPD2"
"S000005451",85.126025380292,1.4371817065337,0.260422184624163,5.51866081842382,3.41592780906276e-08,3.43934804989413e-07,"S000005451","S000005451","SPO21"
"S000005461",67.6203074546106,-2.08608163398508,0.338832959327567,-6.15666680751785,7.42919200172962e-10,9.51726915796043e-09,"S000005461","S000005461","IZH4"
"S000005463",767.697480719294,1.63734720655971,0.187663697629732,8.72490112493823,2.66413304927473e-18,8.62405649982964e-17,"S000005463","S000005463","ITR2"
"S000005469",4255.4840601625,1.04851353741901,0.200046890356524,5.24133884585934,1.59415667557912e-07,1.44540893893839e-06,"S000005469","S000005469","ZEO1"
"S000005479",1206.83390006864,1.37336102291057,0.120317175703014,11.4145051600988,3.53912432529383e-30,2.87960372467488e-28,"S000005479","S000005479","MCH4"
"S000005491",29.7915059778627,-1.54395095446345,0.303314439177675,-5.09026526613538,3.57562954348478e-07,3.01103013724781e-06,"S000005491","S000005491",NA
"S000005496",157.233765947946,2.02779046982316,0.249717881518646,8.12032545483429,4.64935194006228e-16,1.2171194796137e-14,"S000005496","S000005496","PFK27"
"S000005500",312.473513897744,1.08617919819651,0.28594154481049,3.79860575669892,0.000145512338065543,0.000718728291626446,"S000005500","S000005500","ARG8"
"S000005510",85.5774705586119,1.18302849439599,0.389582115642527,3.03666017225882,0.00239214977555563,0.00855801176388618,"S000005510","S000005510",NA
"S000005514",1602.21774230802,-4.70777774778698,0.393443100743765,-11.9655872447309,5.38154961694323e-33,4.98497080671003e-31,"S000005514","S000005514","ZPS1"
"S000005516",161.039565114858,-1.27412840845832,0.325618673035105,-3.91294638167435,9.11767850547719e-05,0.000471223538896808,"S000005516","S000005516","HXT11"
"S000005517",126.816939547731,-1.07284112488883,0.439285412202633,-2.44224163854991,0.0145963731243153,0.0391992696616871,"S000005517","S000005517","IMA2"
"S000005535",139.321242136129,-1.73757362926977,0.276805530164126,-6.27723596504562,3.44644837057815e-10,4.62161818246125e-09,"S000005535","S000005535","TIR4"
"S000005537",367.340718153359,-1.20667218641873,0.320856853686906,-3.76078046191966,0.000169384042447706,0.000825798639334118,"S000005537","S000005537","AUS1"
"S000005545",1128.31132254688,-1.86951761714132,0.298625546861663,-6.2604075129827,3.83972744547112e-10,5.10170399200277e-09,"S000005545","S000005545",NA
"S000005546",768.766856824079,1.12097143029939,0.267429383406758,4.19165394624719,2.76928178497715e-05,0.000160325438724495,"S000005546","S000005546","HSP10"
"S000005556",1700.9264969893,-1.17311236206552,0.171074490104792,-6.85731906228056,7.01648065265146e-12,1.15743095916752e-10,"S000005556","S000005556","DFG16"
"S000005566",1626.64620758379,-1.78173464561957,0.520355684530712,-3.4240706858549,0.000616905724522966,0.00258842464623887,"S000005566","S000005566","GLO4"
"S000005577",252.505362834684,1.20877382372301,0.361312100379111,3.345511601894,0.000821309230754186,0.00336717623871772,"S000005577","S000005577","ETT1"
"S000005578",1074.91475865742,1.07785325022658,0.242858105629416,4.43820167102559,9.07136051462115e-06,5.78587517569215e-05,"S000005578","S000005578","TMC1"
"S000005599",167.761168262009,-1.17581059844834,0.392272688954084,-2.99743171410532,0.00272264846993163,0.00951978306472609,"S000005599","S000005599","SGO1"
"S000005601",618.731488386131,-1.42719524759979,0.284652612023482,-5.01381398700131,5.33615758686069e-07,4.32422676049639e-06,"S000005601","S000005601","UFE1"
"S000005609",134.407672871957,-1.20625331395551,0.354216002434046,-3.40541733198548,0.000660630116326265,0.00275842852316258,"S000005609","S000005609","WHI5"
"S000005618",495.988689796863,2.56628273314704,0.31428344514295,8.16550401494989,3.20095891872052e-16,8.52786444673284e-15,"S000005618","S000005618","ECM3"
"S000005626",1726.60360387886,-2.84459542466478,0.368557343028071,-7.71818952593254,1.17993664477633e-14,2.58341765025391e-13,"S000005626","S000005626","CRC1"
"S000005627",168.660404619193,-2.33212817986458,0.457853228435846,-5.09361523523987,3.5129935981837e-07,2.96513189613544e-06,"S000005627","S000005627","RAS1"
"S000005634",477.396968045149,2.29028372860832,0.425477882901386,5.38285025061842,7.33155301974203e-08,7.01800965530473e-07,"S000005634","S000005634","LEU9"
"S000005640",129.765048418786,-1.70314233443203,0.411909360757366,-4.13475025500879,3.55340850061418e-05,0.000199953949366336,"S000005640","S000005640",NA
"S000005656",205.725536492511,1.05106009484131,0.220762040509988,4.76105444764519,1.92584077534205e-06,1.39536550040126e-05,"S000005656","S000005656","ORT1"
"S000005660",251.506871772412,1.01662568238734,0.384245406043365,2.64577185933255,0.00815047651645789,0.0240558917184279,"S000005660","S000005660","BAG7"
"S000005661",214.54026036218,1.7272894802337,0.337143773466846,5.12330233025513,3.00230370500439e-07,2.57872619227267e-06,"S000005661","S000005661","IRC14"
"S000005662",2006.85945569182,1.69986639322629,0.333695013376072,5.09407190724349,3.50453745239881e-07,2.96513189613544e-06,"S000005662","S000005662","IDH2"
"S000005670",192.766480777645,-1.05112591976504,0.291414420705067,-3.60697976861225,0.000309781803839555,0.00139089950851451,"S000005670","S000005670","ELG1"
"S000005674",307.981761246423,-1.07052135526367,0.225974576956166,-4.73735306724936,2.16527740587201e-06,1.55388978078133e-05,"S000005674","S000005674","SPP2"
"S000005679",2235.54457687054,1.36870243299488,0.18913062869961,7.23681004185071,4.59360821466965e-13,8.48408437439447e-12,"S000005679","S000005679","PDR5"
"S000005704",4319.72233181425,1.84759212671208,0.335155161377764,5.51264709490659,3.53476549188346e-08,3.55305893599839e-07,"S000005704","S000005704","GAC1"
"S000005705",263.673702260162,1.80610251689019,0.265757927874472,6.79604379570302,1.07531101744184e-11,1.73113573155544e-10,"S000005705","S000005705","SYC1"
"S000005716",277.314436143351,-1.07315013404105,0.214939076605214,-4.9928107582417,5.95068578835542e-07,4.78998384113476e-06,"S000005716","S000005716","SPR1"
"S000005726",102.437667825348,2.05194952241248,0.38683257066726,5.30449005075506,1.12988405368758e-07,1.05473362593069e-06,"S000005726","S000005726",NA
"S000005727",513.401854085337,1.85355046152804,0.318854028503144,5.81316306470866,6.1303292069054e-09,6.96428531222216e-08,"S000005727","S000005727","MRM1"
"S000005728",363.13537847132,4.09987938304155,0.324055813270193,12.6517692790875,1.09383437734294e-36,1.17606728321104e-34,"S000005728","S000005728","HIS3"
"S000005730",1950.99349893513,1.80171579733093,0.392046703580646,4.59566623281224,4.31368728031415e-06,2.91173891421205e-05,"S000005730","S000005730","DED1"
"S000005734",1160.07985278895,1.77394385862587,0.189503825484043,9.36099233930894,7.89912707553011e-21,3.28004442219081e-19,"S000005734","S000005734","PTP2"
"S000005735",1377.55780768086,1.35382432916297,0.188790684227128,7.17103354281099,7.44336622285626e-13,1.35807600084296e-11,"S000005735","S000005735","NPT1"
"S000005740",26.4475079415346,-3.0148154372523,0.388692223675879,-7.75630499818355,8.7439590650769e-15,2.00944189048962e-13,"S000005740","S000005740","SPR2"
"S000005748",507.481609247493,2.61042142235829,0.234201493859358,11.146049409599,7.48565927384975e-29,5.49648225461577e-27,"S000005748","S000005748","ODC2"
"S000005752",220.037135179614,3.24766070314298,0.29693468301997,10.9372898784093,7.64511332541522e-28,5.36993800735972e-26,"S000005752","S000005752","ISU2"
"S000005759",364.238125543156,1.81481970309606,0.23716251594382,7.65221981169216,1.97539188697086e-14,4.23268133503613e-13,"S000005759","S000005759","KIN4"
"S000005763",151.878484818051,-2.41992037795925,0.315631510088428,-7.66691632683085,1.76180626815701e-14,3.78851269306192e-13,"S000005763","S000005763","HES1"
"S000005774",30.1920769664795,3.93221032329325,1.29926310713032,3.02649271091699,0.00247408786058272,0.00880406797196724,"S000005774","S000005774",NA
"S000005775",320.936980362135,-1.00072246726192,0.179007196871575,-5.59040354103679,2.26542504744614e-08,2.37632825969916e-07,"S000005775","S000005775","APC5"
"S000005781",13.6966805933162,-3.09512117407013,0.615719478622557,-5.02683654087785,4.98637030382611e-07,4.06814845519472e-06,"S000005781","S000005781","OSW1"
"S000005789",51.8158487741549,-1.02589805677529,0.374630947487887,-2.73842314324141,0.00617345881477176,0.019061741294226,"S000005789","S000005789",NA
"S000005790",475.0004954666,-1.09309106194232,0.1908527957058,-5.72740398116738,1.01979122601952e-08,1.11639326761155e-07,"S000005790","S000005790","DSE3"
"S000005793",3066.0914299,3.02602715351217,0.256487803433214,11.7979378083766,3.99993828885841e-32,3.54171006429654e-30,"S000005793","S000005793","HRK1"
"S000005797",509.512448086179,1.50675330795382,0.20277276443515,7.4307479712627,1.07985290875839e-13,2.12476939988049e-12,"S000005797","S000005797","FSF1"
"S000005799",997.580938791522,-2.23824034113675,0.698175449535962,-3.20584223152559,0.00134667801976201,0.00516126566326356,"S000005799","S000005799","TPO4"
"S000005810",95.3019614804693,-1.44807213599436,0.228777946182746,-6.32959671225322,2.45802790329575e-10,3.38667871984981e-09,"S000005810","S000005810","HUA2"
"S000005833",1206.7604017971,2.99720476863242,0.303397397775107,9.87880842291896,5.14409375448852e-23,2.45814194410916e-21,"S000005833","S000005833","MCH5"
"S000005836",51.30087234156,1.15303350836465,0.483881930214826,2.38288193124456,0.017177702718289,0.0448788358045985,"S000005836","S000005836",NA
"S000005837",612.48420059058,1.95634687373929,0.515367980332377,3.79601944319006,0.000147037971486415,0.000725668546163695,"S000005837","S000005837","NOP58"
"S000005840",44.9886936068631,-3.63690597720943,0.587885964224023,-6.18641403015965,6.15482253348871e-10,8.02125248357911e-09,"S000005840","S000005840","SPS4"
"S000005850",1119.43334256294,1.49600265450218,0.268458143938556,5.57257318610003,2.51003990016234e-08,2.61469727316219e-07,"S000005850","S000005850","PRO2"
"S000005851",358.616021393092,-1.41678011782316,0.431765183722655,-3.28136721355753,0.00103305153373754,0.00410329629780623,"S000005851","S000005851","FRT1"
"S000005852",60.6092366353705,-1.29798523753078,0.483720366286341,-2.68333799441975,0.00728912813131956,0.021878285383188,"S000005852","S000005852",NA
"S000005855",3163.6566280756,-2.16766133465286,0.258712892610144,-8.37863669175282,5.3544273327565e-17,1.62005060153401e-15,"S000005855","S000005855","PDR10"
"S000005862",2001.74671029887,1.35969285780555,0.20759617649613,6.54970087000084,5.76524463405752e-11,8.61353298800504e-10,"S000005862","S000005862","ALA1"
"S000005864",709.958540225122,3.74014427104533,0.171907373067005,21.7567414609234,5.9638647466847e-105,7.18168592795771e-102,"S000005864","S000005864","TEA1"
"S000005865",1562.03915994913,2.0633772110985,0.366605136907231,5.62833687630688,1.81955463262463e-08,1.92202428825139e-07,"S000005865","S000005865",NA
"S000005866",99.510444610828,-1.35577671777421,0.33867183875155,-4.00321657322329,6.24870506315126e-05,0.000333307491280933,"S000005866","S000005866","UBC11"
"S000005871",716.115536883517,1.98464902891485,0.356709342283188,5.56377081747203,2.64006628402107e-08,2.72655902162793e-07,"S000005871","S000005871","TYE7"
"S000005874",821.256448862097,-1.1723188061691,0.247691174298615,-4.73298578154326,2.21240992484746e-06,1.58393818757509e-05,"S000005874","S000005874","PYK2"
"S000005875",1513.99263110856,-4.96722071614559,0.38557098074302,-12.8827659866244,5.62817273756842e-38,6.51677462555759e-36,"S000005875","S000005875","PUT4"
"S000005885",264.191286762041,1.41903036260542,0.200864137743064,7.06462775560556,1.610471186796e-12,2.79442277109474e-11,"S000005885","S000005885","HAP5"
"S000005900",609.683252251749,-1.31619938098261,0.504161521238457,-2.61067004429336,0.00903650343246227,0.0262590671654707,"S000005900","S000005900","NUD1"
"S000005902",1930.92436698072,1.920822459459,0.273655957912406,7.01911434383543,2.23279005289062e-12,3.80839345848567e-11,"S000005902","S000005902","GDH1"
"S000005912",471.706709084355,1.77400551199706,0.454291717180459,3.90499197961906,9.42285101588709e-05,0.000485329221271652,"S000005912","S000005912",NA
"S000005914",70.2149908947383,-1.41048355061843,0.42163756398505,-3.34525116141797,0.000822080895352109,0.00336717623871772,"S000005914","S000005914",NA
"S000005915",872.22409098414,-3.32367484607614,1.03512421255137,-3.21089469821595,0.00132322413164332,0.00507784097936546,"S000005915","S000005915","FDH1"
"S000005917",208.827449868166,2.04524189008434,0.261489591444292,7.82150401776149,5.21959052286893e-15,1.23728954874779e-13,"S000005917","S000005917","FEX1"
"S000005918",685.070259962737,-1.46416691351216,0.417852753504654,-3.5040260025374,0.000458280607315269,0.00198654250298433,"S000005918","S000005918","HSP33"
"S000005925",8241.20341135081,-1.46374379552814,0.507450202524583,-2.88450726444874,0.00392026713836471,0.0129691914506011,"S000005925","S000005925","LSP1"
"S000005935",1077.28123692332,4.26700173314894,0.333800857679868,12.7830760016837,2.03845094023798e-37,2.23154783839507e-35,"S000005935","S000005935","CIP1"
"S000005936",1094.79853062448,1.2259215576305,0.328370966929587,3.73334332536584,0.000188954750048217,0.00090653111556997,"S000005936","S000005936","HST2"
"S000005945",565.258045421969,-1.99818769183365,0.314753575373572,-6.34841936096216,2.17538413209772e-10,3.01796955284801e-09,"S000005945","S000005945","RMI1"
"S000005957",2784.72765531677,-2.15625871156953,0.271623070438701,-7.93842256508971,2.047686929014e-15,5.09467892545177e-14,"S000005957","S000005957","PMA2"
"S000005979",1613.33855475231,2.06306833295118,0.376727268057104,5.47629149222739,4.34332007711008e-08,4.28707052201308e-07,"S000005979","S000005979","PDR12"
"S000005988",179.799430567415,3.10964452582359,0.232110951550231,13.3972331122456,6.27595590031774e-41,8.78779778507282e-39,"S000005988","S000005988",NA
"S000005997",378.979015677528,-1.91711805037291,0.252586518846438,-7.58994604751032,3.20038718093826e-14,6.71412237506246e-13,"S000005997","S000005997","GPI2"
"S000006009",595.605343594121,1.17746335675009,0.324219737328901,3.63168314936861,0.000281578713465391,0.00127857121702498,"S000006009","S000006009",NA
"S000006010",1597.99570111768,1.37608251816144,0.186549061959879,7.37651802536209,1.62482896497398e-13,3.14568977431136e-12,"S000006010","S000006010","RLM1"
"S000006013",2727.79433180164,-2.67188905394878,0.347929110293346,-7.6794064506303,1.59827380597808e-14,3.44917798773979e-13,"S000006013","S000006013","SSU1"
"S000006020",260.710750129563,-1.11031303419293,0.409081913569414,-2.71415820979464,0.00664444254064361,0.0202358060380451,"S000006020","S000006020","INA17"
"S000006027",6298.48177508256,2.04231370309754,0.347193316446609,5.88235316278506,4.04474130080963e-09,4.76582923134536e-08,"S000006027","S000006027","SSE1"
"S000006031",950.667519180172,1.07745659619046,0.162016880997646,6.65027366010161,2.92548563827433e-11,4.51649975078198e-10,"S000006031","S000006031","GDE1"
"S000006034",574.38864873659,-2.81122933287248,0.481941344219189,-5.83313585064394,5.43952444002935e-09,6.23835745779366e-08,"S000006034","S000006034",NA
"S000006035",112.921984156102,-2.43440420918475,0.527883605350869,-4.61163064074829,3.99522440414499e-06,2.71234486790135e-05,"S000006035","S000006035",NA
"S000006037",315.045837230186,-1.05543028356677,0.38309398927838,-2.75501655756815,0.00586891653511865,0.018290241437862,"S000006037","S000006037","HOS3"
"S000006040",1969.71838213006,-1.29681750278619,0.298082867811145,-4.35052679246163,1.35810858853475e-05,8.43007403254406e-05,"S000006040","S000006040","DBP1"
"S000028859",17.211307571933,-1.41686066006738,0.533442253048731,-2.65607130288187,0.00790568966898126,0.0234137518430576,"S000028859","S000028859",NA
"S000006045",64.0808844027997,-1.06494758222892,0.32112849254669,-3.31626625150393,0.000912288685911694,0.00369394094006342,"S000006045","S000006045","SPC29"
"S000006048",480.745204284502,-1.49922224748889,0.358300344481424,-4.1842612505962,2.86094945818499e-05,0.000165314555544451,"S000006048","S000006048","HHO1"
"S000006051",45.6027805819715,-2.23536053138776,0.531172540282057,-4.20835107590608,2.5724098027673e-05,0.000150959838425555,"S000006051","S000006051","SPO19"
"S000006056",3187.30610049055,-1.27227110257318,0.439641193767085,-2.89388510587843,0.0038050736567854,0.0126506617821673,"S000006056","S000006056","ISU1"
"S000006068",3184.67671334976,-3.06737589833941,0.478589087538516,-6.40920568021216,1.4627974206605e-10,2.07724133721624e-09,"S000006068","S000006068","PXA1"
"S000006079",296.481607240119,-1.45901593345749,0.193733824998571,-7.53103353773277,5.03402551819759e-14,1.03094787908393e-12,"S000006079","S000006079","AIM44"
"S000006083",354.079805112968,-1.23469451630653,0.218211756176333,-5.6582401330788,1.5293305854932e-08,1.63666939949101e-07,"S000006083","S000006083",NA
"S000006092",305.909894472713,1.65020768327902,0.241902952287242,6.82177570664585,8.99219882936656e-12,1.45152893167871e-10,"S000006092","S000006092","OYE3"
"S000006104",392.071825291654,1.78556003854786,0.280982913797117,6.35469258403777,2.08843852472484e-10,2.92429961799261e-09,"S000006104","S000006104","RTT10"
"S000006108",1325.32571330076,1.59337882223091,0.432368466944389,3.68523364687427,0.000228492929077257,0.00107397027788772,"S000006108","S000006108","MF(ALPHA)1"
"S000006113",47.0113011951452,-1.97250540837928,0.593965075172693,-3.32091143204974,0.000897240051975507,0.00364447038157135,"S000006113","S000006113","PRM3"
"S000006114",463.040095879268,-1.92084689644108,0.381975100845226,-5.02872279421007,4.93757587209088e-07,4.03380520025227e-06,"S000006114","S000006114","RSA1"
"S000006122",1306.41134964271,-2.75707047387213,0.450468676377881,-6.12044880909616,9.33121575524415e-10,1.17538180046705e-08,"S000006122","S000006122","YIG1"
"S000006133",313.89666567898,1.766545066049,0.346375222249678,5.10009074718289,3.39490674464111e-07,2.88303716635883e-06,"S000006133","S000006133","PUS1"
"S000006142",1747.93117081823,2.49423910888199,0.160595023004367,15.5312354157711,2.13231921458513e-54,5.34945582959045e-52,"S000006142","S000006142","FLC1"
"S000028722",101.429056707567,-1.08114559465452,0.322662613093838,-3.35069992859725,0.000806075981230847,0.00330837319903949,"S000028722","S000028722",NA
"S000006143",9194.20638333996,-1.13719367292837,0.232666783223583,-4.88764944085541,1.02047029236951e-06,7.8370556509653e-06,"S000006143","S000006143","FMP40"
"S000006144",65644.6764867313,-1.31564442385452,0.269402050819997,-4.88357241472367,1.04180863992448e-06,7.94383753344087e-06,"S000006144","S000006144","GRE1"
"S000006161",15871.3465943006,1.45508077511608,0.307014063969357,4.73945967263999,2.14288876914838e-06,1.5396579091936e-05,"S000006161","S000006161","HSP82"
"S000006165",200.49147552914,1.1542790763341,0.261950769199197,4.40647332268889,1.05067241621165e-05,6.62418703456579e-05,"S000006165","S000006165","HUT1"
"S000006167",325.232749220726,1.74852087783864,0.20332147842844,8.59978439736772,7.98659941612058e-18,2.50454766064906e-16,"S000006167","S000006167","RBD2"
"S000006171",428.750302951609,1.73492782334236,0.400471051314591,4.33221781611246,1.47614794379001e-05,9.08781878278083e-05,"S000006171","S000006171","ATG41"
"S000006172",30.6589668383247,1.50445939848817,0.403093427924803,3.73228461261052,0.000189750928649556,0.000908902419569592,"S000006172","S000006172",NA
"S000006173",153.237692338394,1.22827576346994,0.202827063067709,6.05577847892964,1.39740196267518e-09,1.72413057730887e-08,"S000006173","S000006173","YAH1"
"S000006178",154.357472793777,-2.20841686338036,0.565913458116102,-3.90239325767596,9.52462452570591e-05,0.000489733255928909,"S000006178","S000006178",NA
"S000006184",314.326781160884,1.79788133878594,0.258253585631194,6.96168974533987,3.36215317739164e-12,5.68638322502109e-11,"S000006184","S000006184","KEL3"
"S000006185",167.695828519902,1.19660056515986,0.325436356796518,3.67691113844432,0.000236075231244576,0.00109931087960061,"S000006185","S000006185",NA
"S000006186",3886.760717724,-3.70692198532149,0.184383743103306,-20.1043862269603,6.75509636497137e-90,6.77873920224877e-87,"S000006186","S000006186","DIP5"
"S000006189",1036.84500263997,-1.25807031197446,0.256636012944344,-4.90215810922568,9.4789493881378e-07,7.33582959716937e-06,"S000006189","S000006189","PLC1"
"S000006194",496.534188975261,1.81216683095039,0.351927673857838,5.1492592528612,2.61517203393513e-07,2.27871936560397e-06,"S000006194","S000006194","SAM4"
"S000006196",2879.96460244192,-5.45443363984246,0.891449162811334,-6.11861434996583,9.43925353708609e-10,1.18650825776191e-08,"S000006196","S000006196","FDH2"
"S000006197",1033.48063913561,-5.9042084715731,0.939061465219122,-6.28735039212306,3.22929962603428e-10,4.34980157681262e-09,"S000006197","S000006197",NA
"S000006200",111.212007578249,1.13112784970426,0.216401677185387,5.22698282386807,1.72298499264661e-07,1.55068649338195e-06,"S000006200","S000006200","FEX2"
"S000006201",707.494945742194,-1.51589020217403,0.327977718018905,-4.62193045103951,3.8018548451466e-06,2.61014458638856e-05,"S000006201","S000006201","HSP32"
"S000006206",4564.17802470445,-3.07869104044955,0.413034507328676,-7.45383493587776,9.06654202530787e-14,1.81965498447929e-12,"S000006206","S000006206","PDH1"
"S000006213",88.4897947866538,-1.72419703833484,0.324448857214977,-5.31423366115419,1.07107111259201e-07,1.00607163321631e-06,"S000006213","S000006213","SUT2"
"S000006237",829.010145137128,1.37684294603979,0.395423714838197,3.48194327849855,0.000497789122914169,0.00213323011321438,"S000006237","S000006237","HTS1"
"S000006247",1817.65662464464,1.03082107312105,0.356052195282497,2.89514033835176,0.00378989055242139,0.0126280747183892,"S000006247","S000006247","RPL43A"
"S000006257",58.9379728130231,-1.08528508035723,0.32941782668089,-3.29455479471837,0.000985777234111743,0.00394688925646205,"S000006257","S000006257",NA
"S000006258",216.631778810734,-1.00578051594839,0.305064938571002,-3.29693907356153,0.000977447020978059,0.00392608973536284,"S000006258","S000006258","SMK1"
"S000006262",349.886334187359,1.80551350396245,0.200134205974816,9.02151381453323,1.85507846817936e-19,6.57025144523997e-18,"S000006262","S000006262","YMC1"
"S000006263",94.274458577715,2.02354605514245,0.266649975752172,7.58877269511982,3.22949713865593e-14,6.75166745550255e-13,"S000006263","S000006263",NA
"S000006269",680.469763675658,1.9011297865666,0.293608894241423,6.47504153945478,9.47858611745586e-11,1.37851611142999e-09,"S000006269","S000006269","ROX1"
"S000006278",1700.84746117032,3.83428827709509,0.381533580115811,10.0496744635983,9.21713948262732e-24,4.74328177990591e-22,"S000006278","S000006278","TKL1"
"S000006282",265.112687770085,1.29100392413858,0.164699805282775,7.8385273250447,4.5586103422676e-15,1.09352162831845e-13,"S000006282","S000006282",NA
"S000006305",409.303109749061,-1.31075287979666,0.260579831052201,-5.03013941832698,4.90123313561513e-07,4.01501016456309e-06,"S000006305","S000006305","SNT309"
"S000006317",487.898340913896,1.81339760525296,0.275868563928921,6.57341155304741,4.91752894513449e-11,7.42066209991348e-10,"S000006317","S000006317","PIS1"
"S000006318",397.661666631535,1.39687505544518,0.192618753614084,7.25202000966039,4.10601206340771e-13,7.60686111808548e-12,"S000006318","S000006318",NA
"S000006321",1408.2981187067,1.33261065871865,0.1512866754535,8.80851307442636,1.26816776322033e-18,4.17247983734951e-17,"S000006321","S000006321",NA
"S000006324",261.087560339092,-2.09300498797069,0.194132249201956,-10.7813359015551,4.21716160407938e-27,2.85298090091707e-25,"S000006324","S000006324","CLB5"
"S000006327",64.8863028753925,1.27891657362197,0.348510156028316,3.66966801827737,0.000242865667219572,0.00112484167871465,"S000006327","S000006327",NA
"S000006329",352.197676680219,1.34367520365464,0.2891767290991,4.64655371073847,3.37526282496494e-06,2.33591465162229e-05,"S000006329","S000006329","YLH47"
"S000006330",46.8674756872827,1.15291696359618,0.314146816050765,3.66999410686332,0.00024255606043726,0.00112427254803136,"S000006330","S000006330",NA
"S000113589",37.405648437882,3.93541203625798,0.835467682686705,4.71042999964097,2.47194693122108e-06,1.75307331836067e-05,"S000113589","S000113589",NA
"S000006349",3070.98161966159,3.49441453307564,0.51617155154914,6.76987044828056,1.28897763877805e-11,2.06902005106201e-10,"S000006349","S000006349","ASN1"
"S000006358",1769.60378655331,1.58025461985739,0.523940892990525,3.01609330555913,0.00256054453886539,0.00905818958196741,"S000006358","S000006358","PIN3"
"S000006360",3408.81741051494,2.27656375992474,0.283368746238887,8.03392678318004,9.44015427740626e-16,2.3882003741287e-14,"S000006360","S000006360","TPO3"
"S000006361",389.240751551536,4.39069568610509,0.234249346573058,18.743683815296,2.17999198108997e-78,1.45841463534919e-75,"S000006361","S000006361","TDA6"
"S000006362",339.110237636757,1.89127070790391,0.265416253791603,7.12567780189106,1.03569737133908e-12,1.83950851705976e-11,"S000006362","S000006362","CUR1"
"S000006363",1511.87471249067,1.41727811368459,0.368486297147229,3.84621660196584,0.000119955729165694,0.000608469625363643,"S000006363","S000006363","KRE6"
"S000028726",42.026024718013,1.20240146827549,0.396471647721838,3.0327552428644,0.00242332062699436,0.00864897065508777,"S000028726","S000028726",NA
"S000006371",249.871310092723,3.35185681040021,0.219556177232618,15.2665110708725,1.2783193261341e-52,2.85065209727904e-50,"S000006371","S000006371","MET16"
"S000006386",57.574456355739,-1.21681047896168,0.481252067161085,-2.5284264982791,0.0114575074101523,0.0319674013514952,"S000006386","S000006386","SMX3"
"S000006395",2996.3145458746,1.24180995071228,0.146024171113894,8.50413969988377,1.82947133135797e-17,5.67796231242594e-16,"S000006395","S000006395","QCR2"
"S000006396",886.458044644772,-1.16613625189319,0.361927218459281,-3.22201866125852,0.00127290844256313,0.00490664643576993,"S000006396","S000006396","AQY1"
"S000006405",121.683902876998,-1.06831800114594,0.279827464367761,-3.81777393995149,0.000134661227355597,0.000673417981651204,"S000006405","S000006405","ARR3"
